0,1,2,3,4,5,6,7,8,time
71615,831534592,0,0.023,0.0,0.2643,0.0,0.009,-0.0134,1739336894881.0
71616,999306752,0,0.023,0.0,0.2643,-0.0092,0.009,-0.0134,1739336894891.0015
71617,1167078912,0,0.023,-0.0231,0.2643,-0.0092,-0.009,-0.0067,1739336894901.003
71618,1334851072,0,0.023,0.0,0.2643,-0.0092,0.0,-0.0067,1739336894911.0044
1,1502623232,0,0.046,-0.0231,0.3965,-0.0092,0.0,0.0,1739336894921.006
2,1670395392,0,0.023,0.0,0.3965,-0.0092,0.009,-0.0134,1739336894931.0076
3,1838167552,0,0.046,0.0,0.3965,-0.0092,0.0,0.0,1739336894941.009
4,2005939712,0,0.046,0.0231,0.2643,0.0,0.0,-0.0067,1739336894951.0105
5,2173711872,0,0.023,0.0231,0.2643,0.0,0.009,-0.0067,1739336894961.012
6,2341484032,0,0.023,-0.0231,0.2643,0.0,0.0,-0.0067,1739336894971.0134
7,2509256192,0,0.023,0.0,0.3965,0.0,0.0,-0.0067,1739336894981.015
8,2677028352,0,0.023,0.0,0.3965,-0.0092,0.009,-0.0134,1739336894991.0166
9,2844800512,0,0.023,0.0,0.3965,0.0092,0.0,-0.0067,1739336895001.018
10,3012572672,0,0.023,0.0,0.3965,0.0,0.0,-0.0067,1739336895011.0195
11,3180344832,0,0.023,0.0231,0.2643,0.0,0.009,-0.0067,1739336895021.021
12,3348116992,0,0.0,0.0,0.3965,-0.0092,0.0,0.0067,1739336895031.0225
13,3515889152,0,0.023,0.0231,0.2643,0.0,0.009,-0.0134,1739336895041.024
14,3683661312,0,0.023,0.0,0.3965,0.0,0.009,-0.0134,1739336895051.0254
15,3851433472,0,0.023,0.0231,0.3965,0.0,0.009,-0.0134,1739336895061.027
16,4019205632,0,0.046,-0.0231,0.3965,0.0,0.0,-0.0067,1739336895071.0286
17,4186977792,0,0.046,0.0,0.2643,0.0,0.0,-0.0067,1739336895081.03
18,59848192,0,0.023,0.0,0.2643,-0.0092,0.0,-0.0134,1739336895091.0315
19,227620352,0,0.023,0.0,0.2643,0.0,0.0,-0.0067,1739336895101.033
20,395392512,0,0.023,0.0,0.2643,0.0,0.009,-0.0134,1739336895111.0344
21,563164672,0,0.046,-0.0231,0.2643,0.0,0.0,-0.0134,1739336895121.036
22,730936832,0,0.046,0.0,0.2643,0.0,0.009,-0.0201,1739336895131.0376
23,898708992,0,0.023,0.0,0.2643,0.0,0.009,-0.0067,1739336895141.039
24,1066481152,0,0.023,0.0,0.2643,0.0,0.0,-0.0067,1739336895151.0405
25,1234253312,0,0.046,0.0,0.2643,0.0,0.009,-0.0134,1739336895161.042
26,1402025472,0,0.0,0.0,0.2643,0.0,0.009,-0.0067,1739336895171.0435
27,1569797632,0,0.046,0.0,0.2643,0.0,0.0,-0.0067,1739336895181.045
28,1737569792,0,0.046,0.0,0.3965,0.0,0.0,-0.0067,1739336895191.0464
29,1905341952,0,0.046,0.0,0.3965,-0.0092,0.0,-0.0067,1739336895201.048
30,2073114112,0,0.023,0.0,0.3965,-0.0092,0.009,-0.0067,1739336895211.0496
31,2240886272,0,0.023,0.0,0.2643,-0.0092,-0.009,0.0,1739336895221.051
32,2408658432,0,0.023,0.0,0.2643,-0.0092,-0.009,0.0,1739336895231.0525
33,2576430592,0,0.023,0.0231,0.2643,0.0,0.009,-0.0134,1739336895241.054
34,2744202752,0,0.023,0.0,0.2643,0.0,0.0,-0.0067,1739336895251.0554
35,2911974912,0,0.023,0.0,0.2643,-0.0092,0.0,-0.0067,1739336895261.0571
36,3079747072,0,0.046,0.0,0.2643,-0.0092,0.0,-0.0067,1739336895271.0586
37,3247519232,0,0.023,0.0,0.2643,-0.0092,0.0,-0.0134,1739336895281.06
38,3415291392,0,0.0,0.0,0.2643,0.0,0.009,-0.0134,1739336895291.0615
39,3583063552,0,0.023,0.0,0.3965,-0.0092,0.009,-0.0067,1739336895301.063
40,3750835712,0,0.023,0.0,0.2643,0.0,0.009,-0.0134,1739336895311.0645
41,3918607872,0,0.023,0.0,0.2643,0.0,0.0,-0.0067,1739336895321.066
42,4086380032,0,0.046,-0.0231,0.2643,-0.0092,0.0,-0.0134,1739336895331.0676
43,4254152192,0,0.046,0.0,0.2643,0.0,0.009,-0.0134,1739336895341.069
44,127022592,0,0.046,-0.0231,0.2643,-0.0092,-0.009,-0.0067,1739336895351.0706
45,294794752,0,0.023,0.0,0.2643,0.0,0.009,-0.0134,1739336895361.072
46,462566912,0,0.023,0.0,0.2643,-0.0092,0.0,-0.0134,1739336895371.0735
47,630339072,0,0.023,0.0,0.2643,-0.0092,0.0,-0.0067,1739336895381.075
48,798111232,0,0.046,-0.0231,0.2643,-0.0092,0.0,-0.0201,1739336895391.0764
49,965883392,0,0.046,0.0,0.2643,-0.0092,0.0,-0.0134,1739336895401.0781
50,1133655552,0,0.046,-0.0231,0.2643,-0.0092,0.0,-0.0134,1739336895411.0796
51,1301427712,0,0.046,-0.0462,0.2643,-0.0092,-0.009,-0.0134,1739336895421.081
52,1469199872,0,0.023,0.0,0.2643,-0.0092,0.009,-0.0134,1739336895431.0825
53,1636972032,0,0.023,0.0,0.2643,0.0,0.0,0.0,1739336895441.084
54,1804744192,0,0.0,0.0,0.2643,-0.0092,0.0,-0.0067,1739336895451.0854
55,1972516352,0,0.0,0.0,0.2643,-0.0092,-0.009,0.0067,1739336895461.087
56,2140288512,0,0.046,0.0,0.2643,-0.0092,0.0,0.0,1739336895471.0886
57,2308060672,0,0.046,0.0,0.3965,-0.0092,0.0,-0.0067,1739336895481.09
58,2475832832,0,0.046,0.0,0.3965,-0.0092,0.0,-0.0067,1739336895491.0916
59,2643604992,0,0.023,0.0,0.3965,-0.0092,0.009,-0.0067,1739336895501.093
60,2811377152,0,0.023,0.0,0.2643,0.0,0.009,-0.0134,1739336895511.0945
61,2979149312,0,0.046,-0.0231,0.2643,0.0,0.0,0.0,1739336895521.096
62,3146921472,0,0.023,0.0,0.2643,-0.0092,0.0,-0.0134,1739336895531.0974
63,3314693632,0,0.023,0.0,0.2643,0.0,0.018,-0.0134,1739336895541.099
64,3482465792,0,0.023,0.0,0.3965,-0.0092,0.009,-0.0201,1739336895551.1006
65,3650237952,0,0.046,0.0,0.2643,0.0,0.009,-0.0134,1739336895561.102
66,3818010112,0,0.023,0.0,0.2643,-0.0092,0.009,-0.0067,1739336895571.1035
67,3985782272,0,0.046,-0.0231,0.2643,0.0,0.009,-0.0067,1739336895581.105
68,4153554432,0,0.046,0.0231,0.2643,-0.0092,0.009,-0.0134,1739336895591.1064
69,26424832,0,0.046,0.0,0.2643,0.0,0.009,-0.0134,1739336895601.108
70,194196992,0,0.023,0.0,0.2643,0.0,0.018,-0.0134,1739336895611.1096
71,361969152,0,0.023,0.0,0.2643,0.0,0.009,-0.0134,1739336895621.111
72,529741312,0,0.023,0.0,0.3965,-0.0092,0.009,-0.0067,1739336895631.1125
73,697513472,0,0.046,-0.0231,0.2643,-0.0092,0.0,-0.0067,1739336895641.114
74,865285632,0,0.046,0.0,0.2643,-0.0092,0.009,-0.0134,1739336895651.1155
75,1033057792,0,0.023,-0.0231,0.3965,-0.0092,0.0,-0.0067,1739336895661.117
76,1200829952,0,0.023,0.0,0.3965,-0.0092,0.009,-0.0067,1739336895671.1184
77,1368602112,0,0.023,0.0,0.2643,-0.0092,0.0,-0.0067,1739336895681.12
78,1536374272,0,0.046,0.0,0.2643,-0.0092,-0.009,-0.0067,1739336895691.1216
79,1704146432,0,0.046,0.0,0.2643,0.0,0.0,-0.0067,1739336895701.123
80,1871918592,0,0.046,0.0,0.2643,0.0,0.018,-0.0134,1739336895711.1245
81,2039690752,0,0.023,0.0,0.2643,-0.0092,-0.009,0.0,1739336895721.126
82,2207462912,0,0.023,0.0,0.2643,-0.0092,0.009,-0.0134,1739336895731.1274
83,2375235072,0,0.046,0.0231,0.2643,-0.0092,0.009,-0.0134,1739336895741.129
84,2543007232,0,0.023,0.0,0.2643,-0.0092,0.009,-0.0134,1739336895751.1306
85,2710779392,0,0.023,0.0,0.2643,-0.0092,0.009,-0.0134,1739336895761.132
86,2878551552,0,0.046,0.0,0.3965,-0.0092,0.0,-0.0067,1739336895771.1335
87,3046323712,0,0.0,0.0,0.3965,-0.0092,0.009,-0.0134,1739336895781.135
88,3214095872,0,0.0,0.0,0.3965,-0.0092,0.0,0.0,1739336895791.1365
89,3381868032,0,0.023,0.0,0.3965,-0.0092,0.009,-0.0134,1739336895801.138
90,3549640192,0,0.023,-0.0231,0.3965,-0.0092,0.0,0.0,1739336895811.1394
91,3717412352,0,0.046,-0.0231,0.3965,-0.0092,0.0,0.0,1739336895821.141
92,3885184512,0,0.023,0.0,0.3965,-0.0092,0.0,0.0,1739336895831.1426
93,4052956672,0,0.023,-0.0231,0.2643,0.0,0.009,-0.0067,1739336895841.144
94,4220728832,0,0.046,0.0,0.3965,-0.0092,0.0,0.0,1739336895851.1455
95,93599232,0,0.046,-0.0231,0.3965,-0.0092,0.009,-0.0201,1739336895861.147
96,261371392,0,0.023,0.0231,0.2643,-0.0092,0.0,-0.0067,1739336895871.1484
97,429143552,0,0.023,0.0,0.2643,-0.0092,0.0,-0.0067,1739336895881.1501
98,596915712,0,0.023,0.0,0.2643,0.0,0.009,-0.0134,1739336895891.1516
99,764687872,0,0.023,-0.0231,0.3965,-0.0092,0.0,0.0,1739336895901.153
100,932460032,0,0.046,-0.0231,0.2643,-0.0092,0.009,-0.0134,1739336895911.1545
101,1100232192,0,0.023,-0.0231,0.3965,-0.0092,0.009,-0.0134,1739336895921.156
102,1268004352,0,0.046,-0.0231,0.3965,-0.0092,0.009,-0.0134,1739336895931.1575
103,1435776512,0,0.023,0.0,0.3965,-0.0092,0.018,-0.0201,1739336895941.159
104,1603548672,0,0.023,0.0231,0.3965,-0.0092,0.009,-0.0201,1739336895951.1606
105,1771320832,0,0.0,0.0,0.3965,0.0,0.009,-0.0067,1739336895961.162
106,1939092992,0,0.023,0.0,0.3965,-0.0092,0.009,-0.0067,1739336895971.1636
107,2106865152,0,0.023,0.0,0.2643,0.0,0.009,-0.0134,1739336895981.165
108,2274637312,0,0.0,0.0,0.2643,-0.0092,0.009,-0.0067,1739336895991.1665
109,2442409472,0,0.023,-0.0231,0.2643,-0.0092,0.009,-0.0134,1739336896001.168
110,2610181632,0,0.023,0.0,0.2643,-0.0092,0.0,-0.0067,1739336896011.1694
111,2777953792,0,0.023,-0.0231,0.2643,-0.0185,0.0,-0.0067,1739336896021.1711
112,2945725952,0,0.046,0.0,0.2643,-0.0092,0.0,-0.0134,1739336896031.1726
113,3113498112,0,0.023,-0.0231,0.2643,0.0,0.018,-0.0134,1739336896041.174
114,3281270272,0,0.023,0.0,0.2643,-0.0092,0.009,-0.0067,1739336896051.1755
115,3449042432,0,0.046,-0.0231,0.2643,-0.0092,0.009,-0.0134,1739336896061.177
116,3616814592,0,0.046,-0.0231,0.2643,0.0,0.009,-0.0067,1739336896071.1785
117,3784586752,0,0.023,0.0,0.2643,0.0,0.0,-0.0067,1739336896081.18
118,3952358912,0,0.046,0.0,0.2643,0.0,0.009,-0.0134,1739336896091.1816
119,4120131072,0,0.023,0.0,0.2643,-0.0092,0.0,-0.0134,1739336896101.183
120,4287903232,0,0.023,0.0,0.2643,-0.0092,0.009,-0.0134,1739336896111.1846
121,160773632,0,0.023,0.0,0.2643,-0.0092,0.009,-0.0134,1739336896121.186
122,328545792,0,0.023,0.0,0.2643,-0.0092,0.009,-0.0134,1739336896131.1875
123,496317952,0,0.046,-0.0231,0.2643,-0.0092,0.0,0.0,1739336896141.189
124,664090112,0,0.0691,0.0,0.2643,-0.0092,0.0,-0.0067,1739336896151.1904
125,831862272,0,0.046,0.0,0.2643,-0.0092,0.009,-0.0134,1739336896161.1921
126,999634432,0,0.046,0.0,0.2643,-0.0092,0.0,-0.0067,1739336896171.1936
127,1167406592,0,0.046,-0.0231,0.2643,-0.0092,0.009,-0.0134,1739336896181.195
128,1335178752,0,0.046,0.0,0.2643,-0.0092,0.0,-0.0067,1739336896191.1965
129,1502950912,0,0.023,0.0,0.2643,-0.0092,0.009,-0.0067,1739336896201.198
130,1670723072,0,0.023,-0.0231,0.1321,0.0,0.0,-0.0067,1739336896211.1995
131,1838495232,0,0.046,-0.0231,0.1321,-0.0092,0.018,-0.0134,1739336896221.201
132,2006267392,0,0.023,0.0,0.2643,-0.0092,0.009,-0.0067,1739336896231.2026
133,2174039552,0,0.023,0.0231,0.2643,0.0092,0.018,-0.0134,1739336896241.204
134,2341811712,0,0.023,0.0,0.1321,0.0,0.009,-0.0134,1739336896251.2056
135,2509583872,0,0.023,0.0,0.1321,0.0,0.009,-0.0134,1739336896261.207
136,2677356032,0,0.023,0.0,0.1321,0.0,0.0,-0.0067,1739336896271.2085
137,2845128192,0,0.023,-0.0231,0.1321,0.0,0.009,-0.0134,1739336896281.21
138,3012900352,0,0.0,0.0231,0.1321,0.0,0.0,0.0,1739336896291.2114
139,3180672512,0,0.023,0.0231,0.1321,0.0,0.0,0.0,1739336896301.2131
140,3348444672,0,0.023,0.0231,0.1321,0.0,0.0,-0.0134,1739336896311.2146
141,3516216832,0,0.023,0.0,0.1321,0.0,0.0,-0.0067,1739336896321.216
142,3683988992,0,0.023,0.0231,0.1321,0.0,0.009,-0.0067,1739336896331.2175
143,3851761152,0,0.046,-0.0231,0.2643,-0.0092,0.009,-0.0134,1739336896341.219
144,4019533312,0,0.023,0.0,0.1321,0.0,0.0,-0.0067,1739336896351.2205
145,4187305472,0,0.023,0.0,0.1321,0.0,0.0,-0.0067,1739336896361.222
146,60175872,0,0.023,0.0,0.1321,-0.0092,0.018,-0.0134,1739336896371.2236
147,227948032,0,0.023,0.0,0.2643,-0.0092,0.009,-0.0067,1739336896381.225
148,395720192,0,0.046,0.0,0.2643,-0.0092,0.0,-0.0067,1739336896391.2266
149,563492352,0,0.046,0.0,0.2643,-0.0092,0.009,-0.0134,1739336896401.228
150,731264512,0,0.023,-0.0231,0.1321,0.0,0.009,-0.0134,1739336896411.2295
151,899036672,0,0.046,0.0,0.1321,-0.0092,0.018,-0.0134,1739336896421.231
152,1066808832,0,0.023,0.0,0.1321,0.0,0.009,-0.0201,1739336896431.2324
153,1234580992,0,0.023,0.0,0.1321,-0.0092,0.018,-0.0134,1739336896441.2341
154,1402353152,0,0.023,0.0231,0.1321,0.0,0.009,-0.0067,1739336896451.2356
155,1570125312,0,0.023,0.0,0.1321,0.0,0.0,-0.0067,1739336896461.237
156,1737897472,0,0.023,-0.0231,0.2643,0.0,-0.009,-0.0067,1739336896471.2385
157,1905669632,0,0.023,0.0,0.1321,0.0,0.0,-0.0067,1739336896481.24
158,2073441792,0,0.023,0.0,0.1321,0.0,0.0,-0.0067,1739336896491.2415
159,2241213952,0,0.023,0.0,0.1321,0.0,0.0,-0.0067,1739336896501.243
160,2408986112,0,0.023,0.0,0.1321,-0.0092,0.009,-0.0067,1739336896511.2446
161,2576758272,0,0.046,0.0,0.1321,-0.0092,0.018,-0.0134,1739336896521.246
162,2744530432,0,0.023,0.0,0.1321,-0.0092,0.009,-0.0067,1739336896531.2476
163,2912302592,0,0.023,0.0,0.1321,0.0,0.0,-0.0067,1739336896541.249
164,3080074752,0,0.023,0.0,0.1321,0.0,0.0,-0.0067,1739336896551.2505
165,3247846912,0,0.046,0.0,0.1321,0.0,0.0,-0.0067,1739336896561.252
166,3415619072,0,0.023,0.0,0.1321,0.0,0.0,-0.0067,1739336896571.2537
167,3583391232,0,0.023,0.0,0.1321,0.0092,0.009,-0.0134,1739336896581.2551
168,3751163392,0,0.046,0.0,0.0,0.0,0.009,-0.0134,1739336896591.2566
169,3918935552,0,0.023,0.0,0.0,0.0,0.009,-0.0134,1739336896601.258
170,4086707712,0,0.023,-0.0231,0.1321,0.0092,-0.009,-0.0067,1739336896611.2595
171,4254479872,0,0.046,-0.0231,0.1321,0.0092,-0.009,-0.0134,1739336896621.261
172,127350272,0,0.0,0.0,0.1321,0.0,0.009,-0.0067,1739336896631.2625
173,295122432,0,0.023,-0.0231,0.1321,0.0,0.009,-0.0067,1739336896641.2642
174,462894592,0,0.023,0.0,0.0,0.0,0.0,-0.0067,1739336896651.2656
175,630666752,0,0.0,0.0,0.0,0.0,0.009,-0.0067,1739336896661.267
176,798438912,0,0.023,0.0,0.1321,0.0,-0.009,-0.0067,1739336896671.2686
177,966211072,0,0.046,0.0,0.1321,0.0092,-0.009,-0.0067,1739336896681.27
178,1133983232,0,0.023,0.0,0.1321,0.0,-0.009,-0.0067,1739336896691.2715
179,1301755392,0,0.023,0.0,0.0,0.0,0.0,-0.0067,1739336896701.273
180,1469527552,0,0.023,0.0,0.0,0.0,0.009,-0.0134,1739336896711.2747
181,1637299712,0,0.023,0.0,0.0,0.0,0.009,-0.0134,1739336896721.2761
182,1805071872,0,0.0,0.0,0.1321,0.0092,-0.009,-0.0067,1739336896731.2776
183,1972844032,0,0.023,0.0,0.0,0.0,0.009,-0.0134,1739336896741.279
184,2140616192,0,0.023,0.0,0.1321,0.0,0.0,0.0,1739336896751.2805
185,2308388352,0,0.023,0.0,0.0,0.0,0.0,0.0,1739336896761.282
186,2476160512,0,0.023,0.0,0.0,0.0,0.0,0.0,1739336896771.2834
187,2643932672,0,0.0,0.0,0.0,0.0,0.009,-0.0067,1739336896781.2852
188,2811704832,0,0.023,0.0,0.0,0.0,0.009,-0.0134,1739336896791.2866
189,2979476992,0,0.046,-0.0231,0.0,0.0,0.0,-0.0134,1739336896801.288
190,3147249152,0,0.023,0.0,0.1321,0.0,-0.009,0.0,1739336896811.2896
191,3315021312,0,0.046,0.0,0.0,0.0,0.0,-0.0067,1739336896821.291
192,3482793472,0,0.023,0.0,0.0,-0.0092,-0.009,0.0,1739336896831.2925
193,3650565632,0,0.023,-0.0231,0.0,-0.0092,0.0,-0.0067,1739336896841.294
194,3818337792,0,0.023,0.0,0.0,-0.0092,0.0,-0.0067,1739336896851.2957
195,3986109952,0,0.046,-0.0231,0.0,0.0,0.0,-0.0067,1739336896861.297
196,4153882112,0,0.046,0.0,0.0,-0.0092,-0.009,-0.0067,1739336896871.2986
197,26752512,0,0.023,0.0,0.0,-0.0092,0.0,-0.0067,1739336896881.3
198,194524672,0,0.023,0.0231,0.0,0.0,0.009,-0.0067,1739336896891.3015
199,362296832,0,0.023,-0.0231,0.1321,0.0,-0.009,-0.0067,1739336896901.303
200,530068992,0,0.023,0.0,0.1321,0.0,-0.009,-0.0067,1739336896911.3044
201,697841152,0,0.023,-0.0231,0.1321,-0.0092,0.009,-0.0134,1739336896921.3062
202,865613312,0,0.046,-0.0231,0.0,0.0,0.0,-0.0134,1739336896931.3076
203,1033385472,0,0.046,0.0,0.0,0.0,0.0,-0.0067,1739336896941.309
204,1201157632,0,0.046,0.0231,0.0,-0.0092,-0.009,0.0,1739336896951.3105
205,1368929792,0,0.023,0.0,0.1321,-0.0092,-0.009,-0.0067,1739336896961.312
206,1536701952,0,0.023,0.0,0.1321,0.0,-0.009,0.0,1739336896971.3135
207,1704474112,0,0.023,0.0,0.1321,0.0,-0.009,0.0,1739336896981.315
208,1872246272,0,0.023,0.0,0.1321,-0.0092,-0.009,-0.0067,1739336896991.3167
209,2040018432,0,0.023,-0.0231,0.1321,0.0,-0.009,0.0,1739336897001.318
210,2207790592,0,0.023,-0.0231,0.0,0.0,-0.018,0.0,1739336897011.3196
211,2375562752,0,0.023,0.0,0.0,-0.0185,-0.009,0.0,1739336897021.321
212,2543334912,0,0.046,0.0,0.0,-0.0092,-0.009,-0.0067,1739336897031.3225
213,2711107072,0,0.046,0.0231,0.1321,-0.0092,0.009,-0.0067,1739336897041.324
214,2878879232,0,0.046,0.0,0.1321,0.0,0.0,-0.0134,1739336897051.3254
215,3046651392,0,0.023,0.0231,0.1321,0.0,0.0,-0.0067,1739336897061.3271
216,3214423552,0,0.023,0.0231,0.1321,0.0,0.0,-0.0067,1739336897071.3286
217,3382195712,0,0.046,0.0,0.0,0.0,-0.018,0.0,1739336897081.33
218,3549967872,0,0.046,0.0,0.0,-0.0092,-0.009,-0.0067,1739336897091.3315
219,3717740032,0,0.023,0.0,0.1321,0.0,0.0,-0.0134,1739336897101.333
220,3885512192,0,0.046,-0.0231,0.1321,0.0,-0.009,-0.0134,1739336897111.3345
221,4053284352,0,0.046,0.0,0.1321,-0.0092,-0.018,-0.0067,1739336897121.336
222,4221056512,0,0.046,-0.0231,0.1321,0.0,-0.009,-0.0134,1739336897131.3376
223,93926912,0,0.023,0.0,0.1321,0.0,-0.009,0.0,1739336897141.339
224,261699072,0,0.023,0.0231,0.1321,0.0,0.0,-0.0067,1739336897151.3406
225,429471232,0,0.046,0.0,0.1321,0.0,-0.009,-0.0067,1739336897161.342
226,597243392,0,0.023,0.0,0.0,-0.0185,0.0,-0.0067,1739336897171.3435
227,765015552,0,0.023,0.0,0.0,0.0,-0.018,-0.0067,1739336897181.345
228,932787712,0,0.046,0.0,0.1321,0.0,0.0,-0.0134,1739336897191.3467
229,1100559872,0,0.046,0.0,0.1321,0.0,-0.009,-0.0067,1739336897201.3481
230,1268332032,0,0.046,0.0,0.0,0.0,-0.018,-0.0067,1739336897211.3496
231,1436104192,0,0.0,0.0,0.1321,-0.0092,-0.018,0.0,1739336897221.351
232,1603876352,0,0.023,0.0,0.1321,0.0,-0.009,0.0,1739336897231.3525
233,1771648512,0,0.046,0.0,0.1321,0.0,-0.009,-0.0067,1739336897241.354
234,1939420672,0,0.023,0.0,0.1321,-0.0092,-0.018,0.0,1739336897251.3555
235,2107192832,0,0.023,-0.0231,0.1321,0.0,-0.009,-0.0067,1739336897261.3572
236,2274964992,0,0.023,-0.0231,0.1321,0.0,-0.009,-0.0067,1739336897271.3586
237,2442737152,0,0.046,0.0,0.0,0.0,-0.009,-0.0134,1739336897281.36
238,2610509312,0,0.023,0.0,0.0,0.0,-0.009,-0.0134,1739336897291.3616
239,2778281472,0,0.046,0.0,0.0,0.0,-0.009,-0.0134,1739336897301.363
240,2946053632,0,0.023,0.0231,0.0,0.0,0.0,-0.0067,1739336897311.3645
241,3113825792,0,0.046,0.0,0.0,0.0,0.0,-0.0134,1739336897321.366
242,3281597952,0,0.046,0.0,0.0,-0.0092,0.0,-0.0134,1739336897331.3677
243,3449370112,0,0.023,0.0,0.1321,0.0092,-0.009,-0.0067,1739336897341.3691
244,3617142272,0,0.023,0.0,0.0,0.0,-0.009,-0.0134,1739336897351.3706
245,3784914432,0,0.0,0.0,0.1321,0.0,0.0,-0.0067,1739336897361.372
246,3952686592,0,0.0,0.0,0.1321,0.0,0.0,-0.0134,1739336897371.3735
247,4120458752,0,0.023,0.0,0.1321,-0.0092,-0.009,-0.0067,1739336897381.375
248,4288230912,0,0.023,0.0231,0.1321,0.0092,-0.009,-0.0067,1739336897391.3765
249,161101312,0,0.0,0.0,0.0,0.0,-0.018,0.0,1739336897401.3782
250,328873472,0,0.023,0.0,0.1321,-0.0092,-0.018,0.0,1739336897411.3796
251,496645632,0,0.046,0.0,0.0,0.0,-0.018,-0.0067,1739336897421.381
252,664417792,0,0.023,-0.0231,0.1321,-0.0092,-0.018,-0.0067,1739336897431.3826
253,832189952,0,0.023,0.0,0.0,0.0,0.0,0.0,1739336897441.384
254,999962112,0,0.023,0.0,0.1321,0.0,-0.009,0.0,1739336897451.3855
255,1167734272,0,0.023,0.0231,0.1321,0.0,-0.009,0.0,1739336897461.387
256,1335506432,0,0.023,0.0,0.1321,0.0,-0.009,-0.0067,1739336897471.3887
257,1503278592,0,0.023,0.0,0.1321,0.0092,-0.009,-0.0067,1739336897481.3901
258,1671050752,0,0.023,0.0,0.0,0.0,0.0,-0.0067,1739336897491.3916
259,1838822912,0,0.046,0.0,0.1321,0.0092,-0.009,-0.0134,1739336897501.393
260,2006595072,0,0.046,0.0,0.1321,0.0185,-0.009,0.0,1739336897511.3945
261,2174367232,0,0.023,0.0,0.1321,0.0092,0.0,-0.0134,1739336897521.396
262,2342139392,0,0.046,0.0,0.1321,0.0,-0.009,0.0,1739336897531.3975
263,2509911552,0,0.0691,0.0,0.0,0.0,-0.018,-0.0134,1739336897541.3992
264,2677683712,0,0.046,0.0,0.1321,-0.0092,0.009,-0.0134,1739336897551.4006
265,2845455872,0,0.023,0.0,0.1321,0.0,-0.009,-0.0067,1739336897561.402
266,3013228032,0,0.046,0.0231,0.1321,-0.0092,-0.009,-0.0067,1739336897571.4036
267,3181000192,0,0.023,0.0,0.1321,-0.0092,-0.009,-0.0067,1739336897581.405
268,3348772352,0,0.023,0.0,0.1321,-0.0092,0.009,-0.0067,1739336897591.4065
269,3516544512,0,0.023,0.0,0.1321,0.0092,0.0,-0.0134,1739336897601.408
270,3684316672,0,0.023,0.0,0.0,0.0,0.009,-0.0201,1739336897611.4097
271,3852088832,0,0.023,0.0,0.0,-0.0092,0.0,-0.0134,1739336897621.4111
272,4019860992,0,0.023,0.0,0.1321,0.0092,-0.009,-0.0067,1739336897631.4126
273,4187633152,0,0.046,-0.0231,0.0,0.0,0.0,-0.0067,1739336897641.414
274,60503552,0,0.046,0.0,0.0,-0.0092,-0.009,-0.0067,1739336897651.4155
275,228275712,0,0.046,-0.0231,0.0,0.0,0.0,-0.0134,1739336897661.417
276,396047872,0,0.046,0.0,0.1321,0.0092,-0.009,-0.0134,1739336897671.4185
277,563820032,0,0.023,0.0,0.0,0.0,-0.018,-0.0067,1739336897681.4202
278,731592192,0,0.023,0.0,0.1321,0.0092,0.0,-0.0134,1739336897691.4216
279,899364352,0,0.023,0.0,0.1321,-0.0092,-0.009,-0.0067,1739336897701.423
280,1067136512,0,0.023,-0.0231,0.0,-0.0092,-0.009,-0.0067,1739336897711.4246
281,1234908672,0,0.023,0.0,0.0,-0.0092,0.0,-0.0067,1739336897721.426
282,1402680832,0,0.046,-0.0231,0.1321,-0.0092,-0.009,-0.0134,1739336897731.4275
283,1570452992,0,0.046,0.0,0.1321,0.0,0.0,-0.0134,1739336897741.429
284,1738225152,0,0.046,0.0,0.1321,0.0,-0.009,-0.0067,1739336897751.4307
285,1905997312,0,0.046,0.0,0.1321,0.0,-0.009,-0.0067,1739336897761.4321
286,2073769472,0,0.046,0.0,0.1321,0.0,-0.009,0.0,1739336897771.4336
287,2241541632,0,0.046,0.0,0.1321,0.0,-0.009,-0.0067,1739336897781.435
288,2409313792,0,0.023,-0.0231,0.1321,0.0,-0.009,0.0,1739336897791.4365
289,2577085952,0,0.046,0.0,0.1321,0.0,-0.009,-0.0067,1739336897801.438
290,2744858112,0,0.046,0.0,0.1321,0.0,0.0,-0.0134,1739336897811.4395
291,2912630272,0,0.046,0.0,0.0,0.0,-0.009,-0.0134,1739336897821.4412
292,3080402432,0,0.046,0.0,0.1321,-0.0092,-0.009,-0.0134,1739336897831.4426
293,3248174592,0,0.046,0.0,0.1321,-0.0092,0.0,-0.0067,1739336897841.444
294,3415946752,0,0.046,0.0,0.0,-0.0092,-0.009,-0.0067,1739336897851.4456
295,3583718912,0,0.023,0.0,0.0,0.0,-0.018,-0.0067,1739336897861.447
296,3751491072,0,0.023,0.0,0.1321,0.0,-0.009,-0.0067,1739336897871.4485
297,3919263232,0,0.046,-0.0231,0.1321,0.0,-0.009,-0.0067,1739336897881.4502
298,4087035392,0,0.023,0.0,0.0,0.0,-0.009,-0.0134,1739336897891.4517
299,4254807552,0,0.023,0.0,0.0,0.0,-0.009,-0.0134,1739336897901.4531
300,127677952,0,0.023,0.0,0.0,0.0,-0.018,-0.0067,1739336897911.4546
301,295450112,0,0.023,0.0231,0.1321,0.0,0.0,-0.0067,1739336897921.456
302,463222272,0,0.023,0.0,0.0,0.0,-0.018,-0.0067,1739336897931.4575
303,630994432,0,0.046,0.0,0.0,0.0,0.0,-0.0067,1739336897941.459
304,798766592,0,0.023,0.0,0.0,0.0,0.009,-0.0134,1739336897951.4607
305,966538752,0,0.023,0.0,0.0,0.0,0.0,-0.0067,1739336897961.4622
306,1134310912,0,0.023,0.0,0.1321,0.0,-0.009,-0.0067,1739336897971.4636
307,1302083072,0,0.023,0.0,0.1321,0.0,-0.009,-0.0067,1739336897981.465
308,1469855232,0,0.046,-0.0231,0.1321,0.0092,-0.009,-0.0067,1739336897991.4666
309,1637627392,0,0.023,-0.0231,0.0,-0.0092,-0.009,-0.0067,1739336898001.468
310,1805399552,0,0.023,-0.0231,0.1321,0.0,-0.009,-0.0067,1739336898011.4695
311,1973171712,0,0.046,-0.0231,0.1321,-0.0092,0.0,-0.0067,1739336898021.4712
312,2140943872,0,0.023,0.0,0.1321,0.0,-0.009,0.0,1739336898031.4727
313,2308716032,0,0.046,-0.0231,0.1321,0.0,0.0,-0.0067,1739336898041.474
314,2476488192,0,0.023,-0.0231,0.1321,0.0,-0.009,-0.0067,1739336898051.4756
315,2644260352,0,0.046,-0.0231,0.0,0.0,-0.018,-0.0067,1739336898061.477
316,2812032512,0,0.046,0.0,0.0,0.0,-0.009,-0.0134,1739336898071.4785
317,2979804672,0,0.023,0.0,0.1321,0.0,-0.009,-0.0067,1739336898081.48
318,3147576832,0,0.023,0.0,0.1321,0.0,-0.009,-0.0067,1739336898091.4817
319,3315348992,0,0.023,-0.0231,0.1321,0.0,-0.009,0.0,1739336898101.4832
320,3483121152,0,0.023,-0.0231,0.1321,0.0,-0.009,-0.0067,1739336898111.4846
321,3650893312,0,0.023,-0.0231,0.1321,0.0,-0.009,-0.0067,1739336898121.486
322,3818665472,0,0.023,0.0,0.1321,-0.0092,-0.009,-0.0067,1739336898131.4875
323,3986437632,0,0.046,0.0,0.1321,0.0,0.0,-0.0134,1739336898141.489
324,4154209792,0,0.046,0.0,0.1321,0.0,-0.009,-0.0067,1739336898151.4905
325,27080192,0,0.046,0.0,0.0,0.0,-0.018,-0.0067,1739336898161.4922
326,194852352,0,0.0,0.0,0.1321,-0.0092,-0.009,-0.0067,1739336898171.4937
327,362624512,0,0.023,0.0,0.0,0.0,-0.018,-0.0067,1739336898181.495
328,530396672,0,0.023,0.0231,0.0,0.0,-0.018,-0.0067,1739336898191.4966
329,698168832,0,0.023,0.0,0.1321,0.0,-0.009,-0.0067,1739336898201.498
330,865940992,0,0.023,0.0,0.1321,0.0,0.0,-0.0134,1739336898211.4995
331,1033713152,0,0.023,-0.0231,0.1321,0.0,-0.018,-0.0067,1739336898221.501
332,1201485312,0,0.023,0.0,0.1321,0.0,0.0,-0.0134,1739336898231.5027
333,1369257472,0,0.046,0.0,0.1321,0.0,-0.009,-0.0067,1739336898241.5042
334,1537029632,0,0.046,-0.0231,0.1321,0.0,-0.009,-0.0067,1739336898251.5056
335,1704801792,0,0.023,0.0,0.1321,0.0,-0.009,-0.0067,1739336898261.507
336,1872573952,0,0.023,-0.0231,0.0,0.0,-0.018,-0.0067,1739336898271.5085
337,2040346112,0,0.023,0.0,0.1321,0.0,-0.009,-0.0134,1739336898281.51
338,2208118272,0,0.023,0.0,0.1321,-0.0092,-0.009,-0.0067,1739336898291.5115
339,2375890432,0,0.023,0.0,0.1321,0.0,-0.018,-0.0067,1739336898301.5132
340,2543662592,0,0.023,0.0,0.1321,0.0,-0.009,-0.0067,1739336898311.5146
341,2711434752,0,0.046,0.0,0.1321,0.0,0.0,-0.0134,1739336898321.516
342,2879206912,0,0.046,0.0,0.1321,0.0,-0.009,-0.0067,1739336898331.5176
343,3046979072,0,0.046,-0.0231,0.1321,0.0,-0.009,-0.0067,1739336898341.519
344,3214751232,0,0.046,0.0,0.1321,0.0,-0.018,-0.0067,1739336898351.5205
345,3382523392,0,0.023,0.0,0.1321,0.0,-0.018,-0.0067,1739336898361.522
346,3550295552,0,0.023,0.0,0.1321,0.0,-0.018,-0.0067,1739336898371.5237
347,3718067712,0,0.046,0.0,0.1321,0.0,-0.009,-0.0067,1739336898381.5251
348,3885839872,0,0.046,-0.0231,0.1321,-0.0092,-0.027,-0.0067,1739336898391.5266
349,4053612032,0,0.0,0.0,0.1321,0.0,-0.027,0.0,1739336898401.528
350,4221384192,0,0.023,0.0,0.1321,-0.0092,-0.027,0.0,1739336898411.5295
351,94254592,0,0.0,-0.0231,0.1321,0.0,-0.027,-0.0067,1739336898421.531
352,262026752,0,0.046,0.0,0.1321,0.0,-0.009,-0.0067,1739336898431.5325
353,429798912,0,0.023,0.0,0.1321,0.0,-0.009,-0.0067,1739336898441.5342
354,597571072,0,0.023,0.0,0.1321,-0.0092,-0.027,-0.0067,1739336898451.5356
355,765343232,0,0.046,0.0,0.1321,0.0092,0.0,-0.0201,1739336898461.537
356,933115392,0,0.023,0.0,0.1321,0.0,-0.009,-0.0134,1739336898471.5386
357,1100887552,0,0.023,0.0,0.1321,0.0,-0.009,-0.0134,1739336898481.54
358,1268659712,0,0.046,0.0,0.1321,0.0,-0.009,-0.0067,1739336898491.5415
359,1436431872,0,0.023,0.0,0.1321,0.0,-0.009,-0.0134,1739336898501.543
360,1604204032,0,0.046,0.0,0.1321,0.0,-0.009,-0.0067,1739336898511.5447
361,1771976192,0,0.046,-0.0231,0.1321,-0.0092,0.009,-0.0067,1739336898521.5461
362,1939748352,0,0.0,-0.0231,0.1321,-0.0092,-0.018,-0.0134,1739336898531.5476
363,2107520512,0,0.0921,-0.0231,0.1321,0.0,0.0,-0.0134,1739336898541.549
364,2275292672,0,0.046,0.0,0.0,0.0,0.009,-0.0134,1739336898551.5505
365,2443064832,0,0.023,-0.0231,0.0,0.0,-0.018,-0.0067,1739336898561.552
366,2610836992,0,0.023,-0.0231,0.1321,-0.0092,-0.018,-0.0067,1739336898571.5537
367,2778609152,0,0.023,0.0,0.0,-0.0185,0.0,-0.0067,1739336898581.5552
368,2946381312,0,0.046,0.0,0.1321,-0.0092,0.009,-0.0067,1739336898591.5566
369,3114153472,0,0.023,0.0,0.1321,0.0092,-0.009,0.0,1739336898601.558
370,3281925632,0,0.0,0.0231,0.1321,-0.0092,-0.027,-0.0134,1739336898611.5596
371,3449697792,0,-0.046,-0.0231,0.1321,-0.0092,-0.0451,0.0,1739336898621.561
372,3617469952,0,0.023,0.0,0.1321,0.0,-0.0361,-0.0067,1739336898631.5625
373,3785242112,0,0.0691,0.0,0.2643,0.0092,0.027,-0.0067,1739336898641.5642
374,3953014272,0,0.0921,0.0,0.2643,0.0,0.027,-0.0134,1739336898651.5657
375,4120786432,0,0.046,0.0,0.1321,0.0,-0.009,-0.0067,1739336898661.5671
376,4288558592,0,0.046,0.0,0.1321,0.0,-0.009,-0.0067,1739336898671.5686
377,161428992,0,0.046,-0.0231,0.1321,-0.0092,0.0,-0.0067,1739336898681.57
378,329201152,0,0.0691,0.0,0.1321,-0.0092,0.009,-0.0067,1739336898691.5715
379,496973312,0,0.046,0.0,0.1321,0.0,0.018,0.0,1739336898701.573
380,664745472,0,0.023,0.0,0.1321,-0.0092,0.0,-0.0067,1739336898711.5747
381,832517632,0,0.0,0.0,0.1321,-0.0092,-0.027,-0.0067,1739336898721.5762
382,1000289792,0,0.023,0.0,0.1321,-0.0092,-0.027,-0.0067,1739336898731.5776
383,1168061952,0,0.046,0.0,0.1321,0.0092,-0.009,-0.0067,1739336898741.579
384,1335834112,0,0.046,-0.0231,0.1321,-0.0092,0.009,0.0,1739336898751.5806
385,1503606272,0,0.046,-0.0231,0.1321,0.0185,0.018,-0.0067,1739336898761.582
386,1671378432,0,0.046,-0.0462,0.1321,0.0185,0.018,-0.0067,1739336898771.5835
387,1839150592,0,0.023,-0.0231,0.1321,0.0,-0.009,-0.0067,1739336898781.5852
388,2006922752,0,0.0,0.0,0.1321,-0.0092,-0.009,-0.0067,1739336898791.5867
389,2174694912,0,0.023,0.0231,0.1321,-0.0092,0.0,-0.0067,1739336898801.5881
390,2342467072,0,0.046,-0.0231,0.1321,0.0,-0.009,-0.0134,1739336898811.5896
391,2510239232,0,0.0,-0.0231,0.1321,0.0,-0.009,-0.0134,1739336898821.591
392,2678011392,0,0.023,-0.0231,0.1321,0.0,-0.009,-0.0067,1739336898831.5925
393,2845783552,0,0.023,0.0,0.1321,0.0,0.009,-0.0067,1739336898841.594
394,3013555712,0,0.0691,-0.0231,0.1321,0.0,0.009,-0.0134,1739336898851.5957
395,3181327872,0,0.023,0.0,0.1321,0.0,0.0,-0.0134,1739336898861.5972
396,3349100032,0,0.0921,0.0,0.2643,-0.0092,0.027,-0.0134,1739336898871.5986
397,3516872192,0,0.046,0.0,0.1321,-0.0092,0.009,-0.0134,1739336898881.6
398,3684644352,0,0.023,-0.0231,0.1321,-0.0092,-0.027,0.0,1739336898891.6016
399,3852416512,0,0.023,-0.0231,0.1321,-0.0092,-0.018,-0.0134,1739336898901.603
400,4020188672,0,0.046,-0.0231,0.1321,0.0,-0.009,-0.0067,1739336898911.6045
401,4187960832,0,0.046,-0.0231,0.1321,0.0092,0.009,0.0,1739336898921.6062
402,60831232,0,0.0691,-0.0231,0.1321,-0.0092,0.018,-0.0067,1739336898931.6077
403,228603392,0,0.0691,0.0231,0.1321,-0.0092,0.009,-0.0134,1739336898941.6091
404,396375552,0,0.046,0.0462,0.1321,-0.0092,0.0,-0.0134,1739336898951.6106
405,564147712,0,0.046,0.0,0.2643,-0.0092,-0.009,-0.0134,1739336898961.612
406,731919872,0,-0.023,-0.0231,0.1321,0.0,-0.027,-0.0067,1739336898971.6135
407,899692032,0,-0.046,0.0,0.1321,0.0,-0.0361,-0.0067,1739336898981.615
408,1067464192,0,0.023,-0.0231,0.1321,0.0,-0.018,0.0,1739336898991.6167
409,1235236352,0,0.0691,0.0,0.1321,-0.0092,0.018,-0.0134,1739336899001.6182
410,1403008512,0,0.0921,0.0,0.1321,0.0,0.0361,-0.0067,1739336899011.6196
411,1570780672,0,0.0921,0.0231,0.1321,0.0092,0.027,-0.0067,1739336899021.621
412,1738552832,0,0.046,0.0,0.1321,-0.0092,0.0,-0.0067,1739336899031.6226
413,1906324992,0,0.0,0.0,0.1321,-0.0092,-0.009,-0.0067,1739336899041.624
414,2074097152,0,0.0,-0.0231,0.0,0.0,-0.0361,-0.0067,1739336899051.6255
415,2241869312,0,-0.023,0.0,0.1321,0.0,-0.0361,0.0,1739336899061.6272
416,2409641472,0,0.023,0.0,0.1321,-0.0092,-0.027,-0.0134,1739336899071.6287
417,2577413632,0,0.0691,0.0231,0.1321,-0.0092,0.0,-0.0067,1739336899081.6301
418,2745185792,0,0.0921,0.0231,0.1321,0.0,0.0361,0.0,1739336899091.6316
419,2912957952,0,0.023,0.0231,0.0,0.0,0.009,-0.0067,1739336899101.633
420,3080730112,0,0.023,0.0,0.0,0.0,-0.018,-0.0067,1739336899111.6345
421,3248502272,0,0.0,0.0,0.0,0.0,-0.0361,-0.0067,1739336899121.636
422,3416274432,0,0.023,0.0,0.1321,0.0,-0.009,-0.0067,1739336899131.6377
423,3584046592,0,0.046,0.0231,0.1321,0.0,-0.009,0.0,1739336899141.6392
424,3751818752,0,0.023,0.0,0.1321,0.0,-0.009,-0.0067,1739336899151.6406
425,3919590912,0,0.046,0.0,0.1321,0.0,0.0,-0.0134,1739336899161.642
426,4087363072,0,0.023,0.0231,0.1321,-0.0092,-0.009,-0.0134,1739336899171.6436
427,4255135232,0,0.046,0.0231,0.0,-0.0185,0.0,-0.0067,1739336899181.645
428,128005632,0,0.0921,0.0,0.1321,-0.0092,0.018,-0.0067,1739336899191.6467
429,295777792,0,0.0921,0.0,0.0,0.0092,0.0361,-0.0067,1739336899201.6482
430,463549952,0,0.0691,0.0,0.1321,-0.0092,0.018,-0.0067,1739336899211.6497
431,631322112,0,0.023,0.0,0.1321,-0.0092,-0.0361,-0.0067,1739336899221.6511
432,799094272,0,0.023,0.0,0.1321,-0.0092,-0.009,-0.0067,1739336899231.6526
433,966866432,0,0.023,0.0,0.0,0.0,-0.0361,-0.0067,1739336899241.654
434,1134638592,0,0.0,0.0,0.0,0.0,-0.027,-0.0134,1739336899251.6555
435,1302410752,0,0.0,0.0,0.0,0.0,-0.018,-0.0067,1739336899261.6572
436,1470182912,0,0.0,0.0231,0.0,0.0,-0.027,-0.0134,1739336899271.6587
437,1637955072,0,0.0,0.0,0.0,0.0,-0.027,-0.0134,1739336899281.6602
438,1805727232,0,-0.023,0.0231,0.1321,-0.0092,-0.027,-0.0067,1739336899291.6616
439,1973499392,0,0.0,0.0231,0.1321,-0.0092,-0.027,-0.0067,1739336899301.663
440,2141271552,0,0.0691,-0.0231,0.1321,-0.0092,0.0,-0.0067,1739336899311.6646
441,2309043712,0,0.0921,0.0231,0.1321,-0.0092,0.027,-0.0134,1739336899321.666
442,2476815872,0,0.046,0.0,0.1321,-0.0092,0.009,0.0,1739336899331.6677
443,2644588032,0,0.046,0.0231,0.0,-0.0185,-0.009,0.0,1739336899341.6692
444,2812360192,0,0.046,-0.0231,0.1321,-0.0092,0.009,-0.0134,1739336899351.6707
445,2980132352,0,0.0,0.0,0.0,0.0,-0.018,-0.0134,1739336899361.672
446,3147904512,0,-0.023,0.0,0.0,-0.0092,-0.027,-0.0067,1739336899371.6736
447,3315676672,0,0.046,0.0,0.0,-0.0092,-0.009,0.0,1739336899381.675
448,3483448832,0,0.023,0.0231,0.0,-0.0185,0.0,-0.0067,1739336899391.6765
449,3651220992,0,-0.023,0.0231,0.0,-0.0092,-0.027,0.0,1739336899401.6782
450,3818993152,0,0.046,0.0231,0.0,-0.0092,-0.009,0.0,1739336899411.6797
451,3986765312,0,0.023,0.0231,0.0,-0.0092,-0.009,-0.0067,1739336899421.6812
452,4154537472,0,0.023,0.0,0.0,-0.0092,-0.018,0.0,1739336899431.6826
453,27407872,0,0.046,-0.0231,0.0,-0.0092,-0.009,0.0,1739336899441.684
454,195180032,0,0.046,-0.0231,0.0,-0.0092,-0.009,0.0,1739336899451.6855
455,362952192,0,0.023,0.0,0.0,0.0,-0.018,-0.0067,1739336899461.687
456,530724352,0,0.046,-0.0231,0.0,-0.0092,-0.009,-0.0067,1739336899471.6887
457,698496512,0,0.023,-0.0231,0.0,0.0,-0.0361,-0.0067,1739336899481.6902
458,866268672,0,0.023,0.0,0.0,0.0,-0.018,-0.0067,1739336899491.6917
459,1034040832,0,0.023,0.0,0.0,0.0,-0.018,0.0,1739336899501.693
460,1201812992,0,0.046,0.0,0.1321,-0.0092,-0.018,-0.0067,1739336899511.6946
461,1369585152,0,0.046,0.0,0.0,-0.0185,0.0,-0.0134,1739336899521.696
462,1537357312,0,0.023,0.0,0.1321,-0.0092,-0.009,-0.0067,1739336899531.6975
463,1705129472,0,0.046,0.0231,0.1321,-0.0092,-0.009,-0.0134,1739336899541.6992
464,1872901632,0,0.046,0.0,0.0,-0.0185,0.0,-0.0067,1739336899551.7007
465,2040673792,0,0.0,0.0,0.1321,-0.0092,-0.018,0.0,1739336899561.7021
466,2208445952,0,0.023,-0.0231,0.0,-0.0092,-0.009,-0.0067,1739336899571.7036
467,2376218112,0,0.046,0.0,0.0,-0.0092,0.0,-0.0067,1739336899581.705
468,2543990272,0,0.046,0.0,0.1321,-0.0092,0.009,-0.0134,1739336899591.7065
469,2711762432,0,0.0,-0.0231,0.1321,-0.0092,-0.027,-0.0067,1739336899601.708
470,2879534592,0,0.046,0.0,0.1321,-0.0092,-0.009,-0.0134,1739336899611.7097
471,3047306752,0,0.046,0.0,0.0,-0.0185,0.0,-0.0067,1739336899621.7112
472,3215078912,0,0.023,0.0,0.1321,-0.0092,0.009,-0.0134,1739336899631.7126
473,3382851072,0,0.0,0.0,0.1321,-0.0092,-0.018,0.0,1739336899641.714
474,3550623232,0,0.046,0.0,0.1321,-0.0092,-0.009,-0.0134,1739336899651.7156
475,3718395392,0,0.023,-0.0231,0.1321,-0.0092,-0.018,-0.0067,1739336899661.717
476,3886167552,0,0.023,0.0231,0.0,0.0,-0.018,-0.0067,1739336899671.7185
477,4053939712,0,0.023,0.0,0.1321,-0.0092,-0.009,-0.0067,1739336899681.7202
478,4221711872,0,0.046,0.0,0.1321,0.0,-0.009,-0.0067,1739336899691.7217
479,94582272,0,0.023,0.0231,0.1321,-0.0092,-0.018,0.0,1739336899701.7231
480,262354432,0,0.046,0.0,0.1321,0.0,-0.009,-0.0067,1739336899711.7246
481,430126592,0,0.023,-0.0231,0.1321,0.0092,-0.009,-0.0067,1739336899721.726
482,597898752,0,0.046,0.0,0.1321,0.0,-0.018,-0.0067,1739336899731.7275
483,765670912,0,0.0,0.0,0.1321,-0.0092,-0.018,0.0,1739336899741.729
484,933443072,0,0.023,0.0,0.1321,0.0,-0.009,-0.0067,1739336899751.7307
485,1101215232,0,0.023,-0.0231,0.1321,0.0,-0.009,-0.0067,1739336899761.7322
486,1268987392,0,0.023,0.0231,0.1321,0.0,-0.009,-0.0067,1739336899771.7336
487,1436759552,0,0.023,0.0,0.1321,0.0,-0.009,0.0,1739336899781.735
488,1604531712,0,0.023,0.0,0.1321,0.0,-0.009,-0.0067,1739336899791.7366
489,1772303872,0,0.0691,0.0,0.2643,-0.0371,0.009,-0.0067,1739336899801.738
490,1940076032,0,0.046,0.0693,0.1321,-0.1115,0.009,-0.0134,1739336899811.7395
491,2107848192,0,0.023,0.1155,0.2643,-0.1858,0.027,-0.0201,1739336899821.7412
492,2275620352,0,0.023,0.1618,0.3965,-0.2973,0.009,-0.0201,1739336899831.7427
493,2443392512,0,0.046,0.2542,0.3965,-0.3995,-0.009,-0.0403,1739336899841.7441
494,2611164672,0,0.0,0.2773,0.2643,-0.4367,-0.027,-0.0403,1739336899851.7456
495,2778936832,0,-0.046,0.2773,0.2643,-0.4553,-0.0903,-0.0403,1739336899861.747
496,2946708992,0,-0.0691,0.2542,0.3965,-0.4088,-0.0993,-0.0403,1739336899871.7485
497,3114481152,0,-0.1382,0.1849,0.1321,-0.3623,-0.1444,-0.0268,1739336899881.7502
498,3282253312,0,-0.2073,0.1618,0.1321,-0.2973,-0.1986,-0.0268,1739336899891.7517
499,3450025472,0,-0.2994,0.1155,0.2643,-0.2322,-0.2979,-0.0268,1739336899901.7532
500,3617797632,0,-0.4376,0.0924,0.1321,-0.1858,-0.3973,-0.0268,1739336899911.7546
501,3785569792,0,-0.5528,0.0924,0.0,-0.1765,-0.4785,-0.0268,1739336899921.756
502,3953341952,0,-0.5758,0.1155,0.0,-0.1951,-0.4515,-0.0268,1739336899931.7576
503,4121114112,0,-0.5297,0.1618,0.0,-0.3438,-0.3341,-0.0134,1739336899941.759
504,4288886272,0,-0.4146,0.2773,-0.2643,-0.5017,-0.2347,-0.0134,1739336899951.7607
505,161756672,0,-0.3455,0.3467,-0.3965,-0.6411,-0.1354,-0.0268,1739336899961.7622
506,329528832,0,-0.4146,0.3929,-0.3965,-0.6968,-0.2167,-0.0403,1739336899971.7637
507,497300992,0,-0.5758,0.4392,-0.5287,-0.734,-0.3612,-0.0537,1739336899981.7651
508,665073152,0,-0.714,0.4854,-0.5287,-0.7805,-0.4695,-0.0738,1739336899991.7666
509,832845312,0,-0.714,0.5085,-0.6609,-0.8269,-0.4876,-0.094,1739336900001.768
510,1000617472,0,-0.6679,0.4854,-0.6609,-0.8269,-0.3882,-0.1276,1739336900011.7695
511,1168389632,0,-0.5988,0.4623,-0.6609,-0.7991,-0.2979,-0.1544,1739336900021.7712
512,1336161792,0,-0.6219,0.4392,-0.7931,-0.7712,-0.2618,-0.1746,1739336900031.7727
513,1503933952,0,-0.6449,0.416,-0.7931,-0.7433,-0.2347,-0.1947,1739336900041.7742
514,1671706112,0,-0.5988,0.3698,-0.9253,-0.7154,-0.1896,-0.2216,1739336900051.7756
515,1839478272,0,-0.5528,0.3467,-1.0575,-0.734,-0.1715,-0.235,1739336900061.777
516,2007250432,0,-0.6219,0.3698,-1.1896,-0.7526,-0.2076,-0.2552,1739336900071.7786
517,2175022592,0,-0.691,0.3236,-1.454,-0.7805,-0.2618,-0.2485,1739336900081.78
518,2342794752,0,-0.714,0.2542,-1.5862,-0.734,-0.3341,-0.2552,1739336900091.7817
519,2510566912,0,-0.6219,0.1849,-1.7184,-0.6876,-0.2889,-0.2485,1739336900101.7832
520,2678339072,0,-0.5528,0.1386,-1.7184,-0.6876,-0.2438,-0.2485,1739336900111.7847
521,2846111232,0,-0.2764,0.0924,-1.8506,-0.6783,-0.018,-0.2552,1739336900121.7861
522,3013883392,0,-0.0921,0.0462,-1.9828,-0.6968,0.1625,-0.2955,1739336900131.7876
523,3181655552,0,0.0691,0.0924,-2.115,-0.7712,0.2799,-0.3224,1739336900141.789
524,3349427712,0,-0.023,0.1155,-2.3793,-0.9291,0.2076,-0.3492,1739336900151.7905
525,3517199872,0,-0.1382,0.1618,-2.5115,-1.0871,0.0812,-0.3694,1739336900161.7922
526,3684972032,0,-0.3224,0.2773,-2.7759,-1.2451,-0.0903,-0.3828,1739336900171.7937
527,3852744192,0,-0.4606,0.3236,-2.9081,-1.3566,-0.2528,-0.3895,1739336900181.7952
528,4020516352,0,-0.5528,0.3236,-3.1725,-1.4309,-0.3792,-0.3895,1739336900191.7966
529,4188288512,0,-0.5988,0.3236,-3.1725,-1.4588,-0.4605,-0.3895,1739336900201.798
530,61158912,0,-0.5297,0.3005,-3.1725,-1.4681,-0.4334,-0.3694,1739336900211.7996
531,228931072,0,-0.4837,0.2773,-3.1725,-1.4681,-0.4063,-0.3694,1739336900221.801
532,396703232,0,-0.4376,0.208,-3.1725,-1.4309,-0.3792,-0.3828,1739336900231.8027
533,564475392,0,-0.2073,0.1618,-3.3046,-1.3473,-0.2257,-0.4097,1739336900241.8042
534,732247552,0,-0.046,0.0231,-3.3046,-1.2265,-0.1444,-0.4097,1739336900251.8057
535,900019712,0,0.0691,-0.0231,-3.4368,-1.1429,-0.0541,-0.4097,1739336900261.8071
536,1067791872,0,0.0921,-0.0693,-3.4368,-1.0871,-0.0541,-0.3963,1739336900271.8086
537,1235564032,0,0.1382,-0.0693,-3.569,-1.0778,-0.0361,-0.3963,1739336900281.81
538,1403336192,0,0.1612,-0.1155,-3.7012,-1.0685,-0.009,-0.3828,1739336900291.8115
539,1571108352,0,0.2303,-0.1155,-3.9656,-1.0221,0.0451,-0.3425,1739336900301.8132
540,1738880512,0,0.2994,-0.1155,-3.9656,-1.0406,0.0722,-0.3156,1739336900311.8147
541,1906652672,0,0.3224,-0.0924,-4.23,-1.1057,0.0722,-0.2955,1739336900321.8162
542,2074424832,0,0.3915,-0.0693,-4.23,-1.1707,0.0812,-0.2753,1739336900331.8176
543,2242196992,0,0.5988,-0.0462,-4.3621,-1.18,0.1806,-0.2821,1739336900341.819
544,2409969152,0,0.6679,-0.0462,-4.3621,-1.1707,0.2347,-0.2955,1739336900351.8206
545,2577741312,0,0.6679,-0.0693,-4.6265,-1.18,0.2257,-0.3156,1739336900361.822
546,2745513472,0,0.6219,-0.1155,-4.8909,-1.2172,0.1354,-0.3425,1739336900371.8237
547,2913285632,0,0.4837,-0.0924,-5.1553,-1.2544,-0.0361,-0.3559,1739336900381.8252
548,3081057792,0,0.3915,-0.0924,-5.2875,-1.2915,-0.1354,-0.3492,1739336900391.8267
549,3248829952,0,0.4146,-0.1155,-5.5518,-1.2915,-0.1264,-0.3291,1739336900401.8281
550,3416602112,0,0.4837,-0.1155,-5.684,-1.2915,-0.0632,-0.3156,1739336900411.8296
551,3584374272,0,0.5758,-0.0924,-5.684,-1.2915,0.018,-0.3089,1739336900421.831
552,3752146432,0,0.5528,-0.0924,-5.8162,-1.3287,0.018,-0.2955,1739336900431.8325
553,3919918592,0,0.6449,-0.1155,-5.8162,-1.3287,0.0632,-0.3156,1739336900441.8342
554,4087690752,0,0.737,-0.1849,-5.684,-1.2729,0.0993,-0.3156,1739336900451.8357
555,4255462912,0,0.9674,-0.2542,-5.684,-1.1986,0.2528,-0.3358,1739336900461.8372
556,128333312,0,1.2668,-0.3467,-5.8162,-1.115,0.4695,-0.3425,1739336900471.8386
557,296105472,0,1.405,-0.3929,-5.684,-1.0499,0.614,-0.3425,1739336900481.84
558,463877632,0,1.4511,-0.416,-5.8162,-1.0406,0.6682,-0.3224,1739336900491.8416
559,631649792,0,1.428,-0.4392,-6.0806,-1.0314,0.6862,-0.3022,1739336900501.8433
560,799421952,0,1.3589,-0.416,-6.0806,-1.0499,0.6682,-0.2888,1739336900511.8447
561,967194112,0,1.428,-0.3467,-6.2128,-1.115,0.6953,-0.2888,1739336900521.8462
562,1134966272,0,1.6814,-0.3236,-6.0806,-1.1429,0.8759,-0.3089,1739336900531.8477
563,1302738432,0,1.8657,-0.3929,-5.9484,-1.0871,1.0294,-0.3358,1739336900541.849
564,1470510592,0,2.073,-0.4854,-5.9484,-1.0221,1.1648,-0.3694,1739336900551.8506
565,1638282752,0,2.2572,-0.5779,-6.4771,-0.957,1.3454,-0.3761,1739336900561.852
566,1806054912,0,2.4876,-0.601,-6.7415,-0.8827,1.6525,-0.3559,1739336900571.8538
567,1973827072,0,2.8331,-0.7165,-7.0059,-0.7805,2.0137,-0.3358,1739336900581.8552
568,2141599232,0,2.9943,-0.6934,-7.4025,-0.7526,2.2575,-0.2955,1739336900591.8567
569,2309371392,0,3.0634,-0.6472,-7.5346,-0.8083,2.3568,-0.2686,1739336900601.8582
570,2477143552,0,3.0864,-0.5316,-7.799,-0.892,2.3929,-0.2552,1739336900611.8596
571,2644915712,0,3.1555,-0.5547,-7.9312,-0.8548,2.4381,-0.2619,1739336900621.861
572,2812687872,0,3.3398,-0.6241,-7.799,-0.6876,2.6187,-0.2888,1739336900631.8625
573,2980460032,0,3.6162,-0.8321,-7.6668,-0.4181,2.8264,-0.3224,1739336900641.8643
574,3148232192,0,3.8465,-0.9708,-7.799,-0.223,3.0341,-0.3089,1739336900651.8657
575,3316004352,0,3.9847,-1.0171,-7.799,-0.1207,3.1334,-0.2955,1739336900661.8672
576,3483776512,0,3.9617,-1.0171,-7.799,-0.1393,3.0792,-0.3224,1739336900671.8687
577,3651548672,0,3.8005,-0.9708,-7.799,-0.2322,2.8625,-0.3358,1739336900681.87
578,3819320832,0,3.5701,-0.9246,-7.6668,-0.3159,2.5645,-0.3761,1739336900691.8716
579,3987092992,0,3.478,-0.9708,-7.5346,-0.3438,2.3207,-0.4164,1739336900701.873
580,4154865152,0,3.4319,-1.0402,-7.2703,-0.288,2.1762,-0.4634,1739336900711.8748
581,27735552,0,3.3398,-1.0864,-7.1381,-0.223,2.0408,-0.5037,1739336900721.8762
582,195507712,0,3.2937,-1.1095,-7.1381,-0.1858,1.9414,-0.5306,1739336900731.8777
583,363279872,0,3.0864,-1.1558,-6.8737,-0.223,1.7699,-0.5642,1739336900741.8792
584,531052032,0,2.9252,-1.1095,-7.0059,-0.288,1.5983,-0.6045,1739336900751.8806
585,698824192,0,2.7409,-1.0633,-7.0059,-0.3252,1.4538,-0.6381,1739336900761.882
586,866596352,0,2.6027,-1.0402,-7.0059,-0.3252,1.4087,-0.6582,1739336900771.8835
587,1034368512,0,2.4876,-1.0402,-6.8737,-0.3345,1.3274,-0.6784,1739336900781.8853
588,1202140672,0,2.3494,-1.0171,-6.6093,-0.3623,1.2732,-0.7052,1739336900791.8867
589,1369912832,0,2.3263,-1.0171,-6.6093,-0.3902,1.2822,-0.7187,1739336900801.8882
590,1537684992,0,2.4645,-1.0171,-6.8737,-0.3066,1.4538,-0.7187,1739336900811.8896
591,1705457152,0,2.5797,-1.0864,-6.6093,-0.1951,1.6705,-0.7187,1739336900821.891
592,1873229312,0,2.764,-1.1326,-6.6093,-0.1207,1.8782,-0.6985,1739336900831.8926
593,2041001472,0,2.9022,-1.1558,-6.6093,-0.0743,2.0769,-0.6918,1739336900841.894
594,2208773632,0,2.9022,-1.1326,-6.7415,-0.1022,2.2033,-0.6716,1739336900851.8958
595,2376545792,0,2.9022,-1.0864,-6.6093,-0.1115,2.2756,-0.6179,1739336900861.8972
596,2544317952,0,2.8561,-1.0171,-6.7415,-0.1486,2.3478,-0.5776,1739336900871.8987
597,2712090112,0,2.8791,-0.9477,-7.0059,-0.2044,2.402,-0.5373,1739336900881.9001
598,2879862272,0,2.9022,-0.8552,-7.2703,-0.2322,2.4832,-0.497,1739336900891.9016
599,3047634432,0,3.0634,-0.9015,-7.1381,-0.2137,2.6097,-0.4701,1739336900901.903
600,3215406592,0,3.1325,-0.9939,-7.1381,-0.1486,2.7,-0.4567,1739336900911.9045
601,3383178752,0,3.1095,-0.9939,-7.0059,-0.13,2.7,-0.4433,1739336900921.9062
602,3550950912,0,3.0404,-0.9708,-7.0059,-0.13,2.6097,-0.45,1739336900931.9077
603,3718723072,0,2.9252,-0.9015,-7.1381,-0.2137,2.4923,-0.4567,1739336900941.9092
604,3886495232,0,2.81,-0.809,-7.0059,-0.2787,2.3659,-0.4701,1739336900951.9106
605,4054267392,0,2.6027,-0.809,-6.8737,-0.2973,2.2033,-0.4634,1739336900961.912
606,4222039552,0,2.5797,-0.7397,-6.6093,-0.3716,2.2123,-0.4366,1739336900971.9136
607,94909952,0,2.3954,-0.7165,-6.6093,-0.3438,2.104,-0.3895,1739336900981.915
608,262682112,0,2.096,-0.6703,-6.7415,-0.3809,1.8782,-0.3425,1739336900991.9167
609,430454272,0,1.7966,-0.5547,-6.7415,-0.4645,1.6434,-0.3156,1739336901001.9182
610,598226432,0,1.5662,-0.5547,-6.4771,-0.4645,1.4177,-0.2821,1739336901011.9197
611,765998592,0,1.3589,-0.5547,-6.4771,-0.4553,1.2642,-0.2216,1739336901021.9211
612,933770752,0,1.1977,-0.5547,-6.345,-0.4831,1.0926,-0.1813,1739336901031.9226
613,1101542912,0,1.1516,-0.5085,-6.2128,-0.5575,1.0745,-0.1343,1739336901041.924
614,1269315072,0,1.1977,-0.4623,-5.9484,-0.6132,1.1378,-0.094,1739336901051.9255
615,1437087232,0,1.3589,-0.4623,-5.8162,-0.6318,1.3364,-0.0671,1739336901061.9272
616,1604859392,0,1.4741,-0.4392,-5.8162,-0.669,1.508,-0.0335,1739336901071.9287
617,1772631552,0,1.7044,-0.4392,-5.684,-0.7154,1.7608,-0.0067,1739336901081.9302
618,1940403712,0,1.9578,-0.4392,-5.4196,-0.734,2.0317,0.0201,1739336901091.9316
619,2108175872,0,2.1651,-0.416,-5.4196,-0.8362,2.2394,0.0537,1739336901101.933
620,2275948032,0,2.2803,-0.3698,-5.4196,-0.892,2.3388,0.1007,1739336901111.9346
621,2443720192,0,2.2572,-0.2773,-5.2875,-0.9849,2.3297,0.1477,1739336901121.936
622,2611492352,0,2.2112,-0.2311,-5.2875,-1.0035,2.2575,0.188,1739336901131.9377
623,2779264512,0,2.0039,-0.1386,-4.8909,-1.0964,2.1401,0.1813,1739336901141.9392
624,2947036672,0,1.9578,-0.1155,-5.0231,-1.1429,2.104,0.1746,1739336901151.9407
625,3114808832,0,1.8196,-0.0693,-5.0231,-1.2079,1.9956,0.1679,1739336901161.9421
626,3282580992,0,1.5662,0.0231,-4.8909,-1.338,1.8331,0.1746,1739336901171.9436
627,3450353152,0,1.3589,0.0924,-4.7587,-1.4123,1.6615,0.2082,1739336901181.945
628,3618125312,0,1.1747,0.2542,-4.7587,-1.6167,1.5351,0.235,1739336901191.9468
629,3785897472,0,0.9904,0.4854,-4.6265,-1.8583,1.3906,0.2821,1739336901201.9482
630,3953669632,0,0.7601,0.6703,-4.3621,-2.0813,1.2551,0.3089,1739336901211.9497
631,4121441792,0,0.5988,0.7628,-3.9656,-2.1836,1.1468,0.3156,1739336901221.9512
632,4289213952,0,0.5758,0.7859,-3.7012,-2.165,1.1378,0.3291,1739336901231.9526
633,162084352,0,0.5988,0.7397,-3.4368,-2.1464,1.1829,0.3559,1739336901241.954
634,329856512,0,0.6679,0.7628,-3.1725,-2.1371,1.2822,0.3963,1739336901251.9556
635,497628672,0,0.8061,0.809,-2.9081,-2.1743,1.4177,0.4231,1739336901261.9573
636,665400832,0,0.8292,0.8552,-2.7759,-2.2579,1.526,0.4366,1739336901271.9587
637,833172992,0,0.8292,0.9246,-2.7759,-2.3322,1.5351,0.4366,1739336901281.9602
638,1000945152,0,0.737,0.9708,-2.7759,-2.388,1.4809,0.3963,1739336901291.9617
639,1168717312,0,0.6679,0.9246,-3.0403,-2.3601,1.4177,0.3627,1739336901301.9631
640,1336489472,0,0.5528,0.9015,-3.0403,-2.2951,1.3364,0.3089,1739336901311.9646
641,1504261632,0,0.4376,0.8321,-3.0403,-2.2021,1.21,0.2485,1739336901321.966
642,1672033792,0,0.2533,0.7859,-3.0403,-2.165,1.0745,0.2015,1739336901331.9678
643,1839805952,0,0.0921,0.7859,-3.4368,-2.165,0.9571,0.1679,1739336901341.9692
644,2007578112,0,-0.0691,0.8784,-3.569,-2.2393,0.8939,0.1477,1739336901351.9707
645,2175350272,0,-0.0691,0.9015,-3.9656,-2.2765,0.8939,0.1141,1739336901361.9722
646,2343122432,0,0.023,0.9015,-4.0978,-2.2207,1.0113,0.094,1739336901371.9736
647,2510894592,0,0.1842,0.7628,-4.0978,-2.0349,1.1558,0.0671,1739336901381.975
648,2678666752,0,0.2533,0.601,-4.0978,-1.8305,1.1919,0.0201,1739336901391.9766
649,2846438912,0,0.2303,0.5085,-3.9656,-1.6818,1.1558,0.0,1739336901401.9783
650,3014211072,0,0.1842,0.4623,-3.7012,-1.6632,1.1197,0.0067,1739336901411.9797
651,3181983232,0,0.2073,0.5547,-3.4368,-1.7933,1.1739,0.047,1739336901421.9812
652,3349755392,0,0.3915,0.6934,-3.0403,-1.9884,1.3996,0.1141,1739336901431.9827
653,3517527552,0,0.691,0.8321,-2.7759,-2.1464,1.7518,0.1947,1739336901441.9841
654,3685299712,0,1.1056,0.8321,-2.9081,-2.1743,2.1762,0.2283,1739336901451.9856
655,3853071872,0,1.3129,0.809,-2.9081,-2.1836,2.411,0.2485,1739336901461.987
656,4020844032,0,1.2668,0.7859,-3.1725,-2.2114,2.411,0.2485,1739336901471.9888
657,4188616192,0,1.0134,0.8552,-3.4368,-2.2765,2.2033,0.235,1739336901481.9902
658,61486592,0,0.5758,0.9477,-3.4368,-2.3601,1.8692,0.2283,1739336901491.9917
659,229258752,0,0.2073,0.9246,-3.3046,-2.3601,1.508,0.2149,1739336901501.9932
660,397030912,0,-0.0691,0.9015,-3.4368,-2.2486,1.1829,0.1746,1739336901511.9946
661,564803072,0,-0.3455,0.7628,-3.3046,-2.0628,0.912,0.1544,1739336901521.996
662,732575232,0,-0.4606,0.6241,-3.0403,-1.8398,0.7585,0.1209,1739336901531.9976
663,900347392,0,-0.3915,0.4854,-3.0403,-1.6539,0.7495,0.094,1739336901541.9993
664,1068119552,0,-0.1612,0.3698,-2.9081,-1.4774,0.9301,0.0873,1739336901552.0007
665,1235891712,0,0.1151,0.2773,-2.9081,-1.3566,1.1919,0.0806,1739336901562.0022
666,1403663872,0,0.3455,0.208,-2.9081,-1.2358,1.4177,0.0806,1739336901572.0037
667,1571436032,0,0.5758,0.1386,-2.7759,-1.115,1.6254,0.0671,1739336901582.0051
668,1739208192,0,0.7601,0.0,-3.0403,-0.9663,1.7699,0.0806,1739336901592.0066
669,1906980352,0,0.8983,-0.0231,-3.1725,-0.8641,1.9053,0.0738,1739336901602.008
670,2074752512,0,0.9443,-0.0231,-3.4368,-0.7898,1.9776,0.0873,1739336901612.0098
671,2242524672,0,0.8061,0.0,-3.7012,-0.8548,1.8692,0.0873,1739336901622.0112
672,2410296832,0,0.691,0.0924,-4.23,-0.9849,1.7428,0.094,1739336901632.0127
673,2578068992,0,0.5528,0.2542,-4.6265,-1.1614,1.6705,0.1074,1739336901642.0142
674,2745841152,0,0.4376,0.3929,-4.7587,-1.3101,1.5712,0.1074,1739336901652.0156
675,2913613312,0,0.3915,0.4854,-4.8909,-1.3937,1.5441,0.1141,1739336901662.017
676,3081385472,0,0.3455,0.5316,-5.0231,-1.3937,1.499,0.1141,1739336901672.0186
677,3249157632,0,0.3915,0.4854,-5.2875,-1.3287,1.526,0.1209,1739336901682.0203
678,3416929792,0,0.4837,0.4854,-5.684,-1.3752,1.5893,0.1276,1739336901692.0217
679,3584701952,0,0.6219,0.6472,-5.8162,-1.5889,1.6886,0.1544,1739336901702.0232
680,3752474112,0,0.691,0.7859,-5.9484,-1.8212,1.7699,0.1612,1739336901712.0247
681,3920246272,0,0.691,0.9708,-6.2128,-2.0628,1.7879,0.1544,1739336901722.0261
682,4088018432,0,0.6679,1.0402,-6.4771,-2.2207,1.7608,0.1612,1739336901732.0276
683,4255790592,0,0.6679,1.0633,-6.8737,-2.2858,1.7699,0.1746,1739336901742.029
684,128660992,0,0.6219,1.1095,-7.0059,-2.3415,1.7428,0.1813,1739336901752.0308
685,296433152,0,0.5988,1.1558,-7.0059,-2.3787,1.6705,0.1813,1739336901762.0322
686,464205312,0,0.5528,1.1789,-7.2703,-2.453,1.6254,0.1679,1739336901772.0337
687,631977472,0,0.5297,1.202,-7.2703,-2.4995,1.5893,0.1477,1739336901782.0352
688,799749632,0,0.4606,1.2482,-7.4025,-2.5274,1.517,0.1343,1739336901792.0366
689,967521792,0,0.3455,1.2482,-7.4025,-2.5552,1.3635,0.094,1739336901802.038
690,1135293952,0,0.2303,1.2482,-7.6668,-2.5274,1.21,0.0671,1739336901812.0398
691,1303066112,0,0.2073,1.1789,-7.6668,-2.4251,1.1468,0.0335,1739336901822.0413
692,1470838272,0,0.2994,1.0633,-7.5346,-2.3136,1.1558,-0.0067,1739336901832.0427
693,1638610432,0,0.3455,0.9246,-7.4025,-2.1557,1.1107,-0.0537,1739336901842.0442
694,1806382592,0,0.2533,0.8321,-7.2703,-2.0442,0.9933,-0.0738,1739336901852.0457
695,1974154752,0,0.0921,0.7628,-7.5346,-1.9698,0.8217,-0.094,1739336901862.047
696,2141926912,0,-0.046,0.7397,-7.5346,-1.9327,0.6862,-0.094,1739336901872.0486
697,2309699072,0,-0.1842,0.7397,-7.4025,-1.942,0.5508,-0.0873,1739336901882.0503
698,2477471232,0,-0.2994,0.7628,-7.4025,-1.9606,0.4515,-0.0671,1739336901892.0518
699,2645243392,0,-0.3455,0.7628,-7.1381,-1.9698,0.3973,-0.047,1739336901902.0532
700,2813015552,0,-0.2994,0.7397,-7.0059,-1.9977,0.3702,-0.0335,1739336901912.0547
701,2980787712,0,-0.2994,0.7397,-6.7415,-2.007,0.3341,-0.0403,1739336901922.0562
702,3148559872,0,-0.2764,0.7165,-6.4771,-2.0349,0.307,-0.0335,1739336901932.0576
703,3316332032,0,-0.3224,0.7165,-6.0806,-2.0442,0.2347,-0.0268,1739336901942.059
704,3484104192,0,-0.3915,0.7397,-5.9484,-2.0628,0.1625,-0.0201,1739336901952.0608
705,3651876352,0,-0.4376,0.7165,-5.8162,-2.0628,0.1173,-0.0067,1739336901962.0623
706,3819648512,0,-0.4146,0.6934,-5.684,-2.0535,0.0812,-0.0134,1739336901972.0637
707,3987420672,0,-0.4146,0.6703,-5.684,-2.0349,0.0541,-0.0268,1739336901982.0652
708,4155192832,0,-0.4376,0.6703,-5.5518,-1.9977,-0.009,-0.047,1739336901992.0667
709,28063232,0,-0.4606,0.6472,-5.4196,-1.9234,-0.0722,-0.0604,1739336902002.068
710,195835392,0,-0.5067,0.6241,-5.1553,-1.8769,-0.1354,-0.0671,1739336902012.0696
711,363607552,0,-0.5297,0.5779,-5.1553,-1.8583,-0.1715,-0.0671,1739336902022.0713
712,531379712,0,-0.4837,0.6241,-5.0231,-1.8676,-0.1625,-0.0604,1739336902032.0728
713,699151872,0,-0.4146,0.6703,-4.8909,-1.8769,-0.1264,-0.0268,1739336902042.0742
714,866924032,0,-0.3455,0.6472,-4.8909,-1.8583,-0.0451,-0.0067,1739336902052.0757
715,1034696192,0,-0.2533,0.6472,-4.8909,-1.8212,0.0451,0.0134,1739336902062.0771
716,1202468352,0,-0.1612,0.601,-4.7587,-1.7561,0.0993,0.0268,1739336902072.0786
717,1370240512,0,-0.1382,0.5779,-4.7587,-1.7097,0.1264,0.0335,1739336902082.08
718,1538012672,0,-0.1151,0.5547,-4.7587,-1.6911,0.1444,0.0403,1739336902092.0818
719,1705784832,0,-0.0921,0.5547,-4.7587,-1.719,0.1715,0.047,1739336902102.0833
720,1873556992,0,-0.046,0.5547,-4.6265,-1.719,0.2167,0.0403,1739336902112.0847
721,2041329152,0,0.0,0.5547,-4.7587,-1.6911,0.2528,0.0201,1739336902122.0862
722,2209101312,0,0.023,0.4392,-4.7587,-1.5982,0.2889,0.0,1739336902132.0876
723,2376873472,0,0.1151,0.3698,-4.7587,-1.5331,0.307,-0.0067,1739336902142.089
724,2544645632,0,0.0691,0.3698,-4.7587,-1.5052,0.2889,-0.0134,1739336902152.0906
725,2712417792,0,0.046,0.3698,-4.8909,-1.5238,0.2528,-0.0134,1739336902162.0923
726,2880189952,0,0.0,0.3929,-4.7587,-1.5517,0.2076,-0.0134,1739336902172.0938
727,3047962112,0,0.0,0.416,-4.8909,-1.561,0.2167,-0.0201,1739336902182.0952
728,3215734272,0,0.0,0.416,-4.8909,-1.561,0.2167,-0.0201,1739336902192.0967
729,3383506432,0,0.023,0.3929,-5.0231,-1.5424,0.2167,-0.0201,1739336902202.0981
730,3551278592,0,-0.023,0.416,-5.0231,-1.5517,0.1986,-0.0201,1739336902212.0996
731,3719050752,0,-0.0691,0.4392,-5.0231,-1.5703,0.1444,-0.0268,1739336902222.101
732,3886822912,0,-0.1612,0.4623,-5.1553,-1.6446,0.0541,-0.0268,1739336902232.1028
733,4054595072,0,-0.2533,0.4854,-5.2875,-1.719,-0.009,-0.0268,1739336902242.1042
734,4222367232,0,-0.3224,0.5547,-5.2875,-1.7654,-0.027,-0.0335,1739336902252.1057
735,95237632,0,-0.2994,0.5779,-5.4196,-1.7654,-0.009,-0.0335,1739336902262.1072
736,263009792,0,-0.2303,0.5316,-5.4196,-1.7283,0.0451,-0.047,1739336902272.1086
737,430781952,0,-0.2073,0.5316,-5.2875,-1.6911,0.0812,-0.0671,1739336902282.11
738,598554112,0,-0.2073,0.5547,-5.4196,-1.7004,0.0722,-0.0738,1739336902292.1116
739,766326272,0,-0.2533,0.5779,-5.2875,-1.7561,-0.009,-0.0671,1739336902302.1133
740,934098432,0,-0.3455,0.6703,-5.2875,-1.849,-0.0903,-0.0537,1739336902312.1147
741,1101870592,0,-0.4376,0.7397,-5.4196,-1.9698,-0.1715,-0.047,1739336902322.1162
742,1269642752,0,-0.4606,0.809,-5.4196,-2.0535,-0.1715,-0.047,1739336902332.1177
743,1437414912,0,-0.4146,0.8784,-5.4196,-2.1371,-0.1625,-0.047,1739336902342.1191
744,1605187072,0,-0.3455,0.9015,-5.5518,-2.1836,-0.1083,-0.047,1739336902352.1206
745,1772959232,0,-0.3455,0.9246,-5.5518,-2.2114,-0.0812,-0.0403,1739336902362.122
746,1940731392,0,-0.3455,0.9477,-5.5518,-2.2207,-0.0903,-0.0403,1739336902372.1238
747,2108503552,0,-0.3685,0.9939,-5.5518,-2.2486,-0.1083,-0.0268,1739336902382.1252
748,2276275712,0,-0.3915,1.0402,-5.5518,-2.3415,-0.1264,-0.0201,1739336902392.1267
749,2444047872,0,-0.3915,1.1558,-5.8162,-2.4716,-0.1354,0.0,1739336902402.1282
750,2611820032,0,-0.4146,1.2944,-5.8162,-2.6389,-0.1444,0.0067,1739336902412.1296
751,2779592192,0,-0.3915,1.41,-5.9484,-2.769,-0.0993,0.0,1739336902422.131
752,2947364352,0,-0.3455,1.4794,-5.9484,-2.8619,-0.0451,0.0,1739336902432.1326
753,3115136512,0,-0.2533,1.4794,-5.8162,-2.9269,0.018,-0.0067,1739336902442.1343
754,3282908672,0,-0.2073,1.5487,-5.8162,-2.9734,0.027,0.0067,1739336902452.1357
755,3450680832,0,-0.2073,1.6181,-5.9484,-3.0105,0.027,0.0067,1739336902462.1372
756,3618452992,0,-0.2073,1.6412,-5.9484,-3.0663,0.0,0.0134,1739336902472.1387
757,3786225152,0,-0.2073,1.6874,-5.9484,-3.122,0.009,0.0134,1739336902482.1401
758,3953997312,0,-0.1612,1.7568,-5.9484,-3.1685,0.027,0.0201,1739336902492.1416
759,4121769472,0,-0.1612,1.803,-6.0806,-3.2335,0.0361,0.0335,1739336902502.1433
760,4289541632,0,-0.1382,1.9186,-6.0806,-3.3358,0.0361,0.0403,1739336902512.1448
761,162412032,0,-0.2073,2.0573,-6.2128,-3.4937,0.018,0.047,1739336902522.1462
762,330184192,0,-0.2073,2.196,-6.345,-3.6517,0.0,0.0537,1739336902532.1477
763,497956352,0,-0.1842,2.2653,-6.345,-3.7818,0.0,0.0604,1739336902542.1492
764,665728512,0,-0.1842,2.3347,-6.345,-3.8654,0.0,0.0671,1739336902552.1506
765,833500672,0,-0.1151,2.3578,-6.4771,-3.8561,0.0451,0.0671,1739336902562.152
766,1001272832,0,-0.0691,2.3578,-6.345,-3.8468,0.1173,0.0738,1739336902572.1538
767,1169044992,0,0.023,2.3578,-6.2128,-3.8282,0.1896,0.0671,1739336902582.1553
768,1336817152,0,0.046,2.3809,-6.2128,-3.8561,0.2076,0.0671,1739336902592.1567
769,1504589312,0,0.046,2.404,-6.345,-3.884,0.2167,0.0738,1739336902602.1582
770,1672361472,0,0.0,2.4503,-6.345,-3.8933,0.2076,0.094,1739336902612.1597
771,1840133632,0,0.046,2.4503,-6.345,-3.8933,0.2618,0.0873,1739336902622.1611
772,2007905792,0,0.1382,2.404,-6.345,-3.8282,0.3521,0.0806,1739336902632.1626
773,2175677952,0,0.2533,2.3578,-6.2128,-3.7539,0.4515,0.0873,1739336902642.1643
774,2343450112,0,0.3455,2.3116,-6.2128,-3.6796,0.5237,0.0738,1739336902652.1658
775,2511222272,0,0.3685,2.3116,-6.2128,-3.6517,0.5598,0.0671,1739336902662.1672
776,2678994432,0,0.3685,2.3116,-6.345,-3.6331,0.5327,0.0604,1739336902672.1687
777,2846766592,0,0.3224,2.3347,-6.345,-3.6331,0.4966,0.0604,1739336902682.1702
778,3014538752,0,0.3455,2.3809,-6.345,-3.6331,0.4966,0.0671,1739336902692.1716
779,3182310912,0,0.3915,2.3578,-6.2128,-3.6238,0.5508,0.0671,1739336902702.173
780,3350083072,0,0.4837,2.3347,-6.2128,-3.6238,0.605,0.0671,1739336902712.1748
781,3517855232,0,0.5067,2.4271,-6.2128,-3.6889,0.6321,0.0738,1739336902722.1763
782,3685627392,0,0.4606,2.5196,-6.2128,-3.8004,0.605,0.1007,1739336902732.1777
783,3853399552,0,0.3915,2.5889,-6.0806,-3.9212,0.5689,0.1141,1739336902742.1792
784,4021171712,0,0.3685,2.6352,-6.0806,-3.9583,0.5598,0.1141,1739336902752.1807
785,4188943872,0,0.4606,2.6352,-6.0806,-3.9397,0.623,0.1074,1739336902762.1821
786,61814272,0,0.5297,2.6121,-6.0806,-3.8933,0.7043,0.1007,1739336902772.1836
787,229586432,0,0.5758,2.5889,-6.0806,-3.884,0.7133,0.094,1739336902782.1853
788,397358592,0,0.5067,2.6121,-6.0806,-3.9212,0.6592,0.0806,1739336902792.1868
789,565130752,0,0.3455,2.7045,-6.2128,-4.0141,0.5327,0.0738,1739336902802.1882
790,732902912,0,0.2533,2.7508,-6.2128,-4.107,0.4424,0.0738,1739336902812.1897
791,900675072,0,0.2303,2.797,-6.345,-4.1349,0.3973,0.0671,1739336902822.1912
792,1068447232,0,0.2533,2.8201,-6.345,-4.1535,0.4424,0.0671,1739336902832.1926
793,1236219392,0,0.3685,2.7739,-6.2128,-4.1349,0.5418,0.0738,1739336902842.194
794,1403991552,0,0.4146,2.7739,-6.2128,-4.1442,0.5869,0.0671,1739336902852.1958
795,1571763712,0,0.3685,2.8201,-6.2128,-4.1813,0.5689,0.0604,1739336902862.1973
796,1739535872,0,0.2994,2.8895,-6.345,-4.2557,0.5147,0.0537,1739336902872.1987
797,1907308032,0,0.2764,2.9819,-6.2128,-4.3579,0.4244,0.0537,1739336902882.2002
798,2075080192,0,0.2073,3.0282,-6.4771,-4.4508,0.4063,0.0738,1739336902892.2017
799,2242852352,0,0.2533,3.0744,-6.2128,-4.4973,0.4424,0.0738,1739336902902.2031
800,2410624512,0,0.3224,3.0513,-6.2128,-4.4973,0.4876,0.0806,1739336902912.2046
801,2578396672,0,0.3685,3.0513,-6.2128,-4.4694,0.5418,0.0671,1739336902922.2063
802,2746168832,0,0.4146,3.0513,-6.0806,-4.4601,0.5779,0.0537,1739336902932.2078
803,2913940992,0,0.4376,3.0282,-6.2128,-4.4787,0.5689,0.0537,1739336902942.2092
804,3081713152,0,0.3685,3.0975,-6.2128,-4.5623,0.5327,0.0604,1739336902952.2107
805,3249485312,0,0.3455,3.1668,-6.2128,-4.6366,0.4966,0.0604,1739336902962.2122
806,3417257472,0,0.3455,3.2131,-6.2128,-4.6924,0.5056,0.0671,1739336902972.2136
807,3585029632,0,0.4146,3.2131,-6.2128,-4.6924,0.5508,0.0671,1739336902982.215
808,3752801792,0,0.5067,3.1668,-6.2128,-4.6088,0.6321,0.0537,1739336902992.2168
809,3920573952,0,0.5758,3.0975,-6.2128,-4.5158,0.7133,0.0403,1739336903002.2183
810,4088346112,0,0.6219,3.0282,-6.2128,-4.4508,0.7495,0.0268,1739336903012.2197
811,4256118272,0,0.5988,3.0513,-6.2128,-4.4229,0.7133,0.0268,1739336903022.2212
812,128988672,0,0.4837,3.0975,-6.2128,-4.4694,0.6501,0.0335,1739336903032.2227
813,296760832,0,0.4146,3.1206,-6.2128,-4.5623,0.5598,0.047,1739336903042.224
814,464532992,0,0.3685,3.19,-6.2128,-4.6181,0.5147,0.0403,1739336903052.2256
815,632305152,0,0.3685,3.19,-6.2128,-4.6366,0.5147,0.0403,1739336903062.2273
816,800077312,0,0.4606,3.1668,-6.2128,-4.6088,0.5418,0.0335,1739336903072.2288
817,967849472,0,0.4837,3.1668,-6.2128,-4.5902,0.5779,0.0201,1739336903082.2302
818,1135621632,0,0.4837,3.1668,-6.345,-4.6088,0.5779,0.0134,1739336903092.2317
819,1303393792,0,0.4606,3.2362,-6.345,-4.6645,0.5327,0.0067,1739336903102.2332
820,1471165952,0,0.3455,3.2824,-6.345,-4.7388,0.4424,0.0134,1739336903112.2346
821,1638938112,0,0.2994,3.3055,-6.4771,-4.8225,0.3882,0.0134,1739336903122.236
822,1806710272,0,0.2764,3.3518,-6.2128,-4.8689,0.3792,0.0335,1739336903132.2378
823,1974482432,0,0.3455,3.3518,-6.2128,-4.8968,0.4153,0.0335,1739336903142.2393
824,2142254592,0,0.3915,3.3749,-6.2128,-4.9061,0.4605,0.0335,1739336903152.2407
825,2310026752,0,0.4146,3.3749,-6.2128,-4.9061,0.4695,0.0201,1739336903162.2422
826,2477798912,0,0.3685,3.398,-6.345,-4.9433,0.4334,0.0201,1739336903172.2437
827,2645571072,0,0.2994,3.4442,-6.345,-4.9804,0.3973,0.0134,1739336903182.245
828,2813343232,0,0.2994,3.4905,-6.345,-5.0269,0.3882,0.0134,1739336903192.2468
829,2981115392,0,0.2994,3.5136,-6.345,-5.0083,0.4153,0.0268,1739336903202.2483
830,3148887552,0,0.3915,3.4674,-6.345,-4.9619,0.4695,0.0067,1739336903212.2498
831,3316659712,0,0.4146,3.4211,-6.345,-4.8968,0.5056,0.0,1739336903222.2512
832,3484431872,0,0.4376,3.398,-6.345,-4.8503,0.5237,-0.0067,1739336903232.2527
833,3652204032,0,0.4376,3.398,-6.4771,-4.8503,0.4966,-0.0201,1739336903242.2542
834,3819976192,0,0.3915,3.4674,-6.4771,-4.8968,0.4424,-0.0134,1739336903252.2556
835,3987748352,0,0.3455,3.4905,-6.345,-4.9619,0.4244,0.0,1739336903262.2573
836,4155520512,0,0.3915,3.5367,-6.345,-5.0083,0.4515,-0.0067,1739336903272.2588
837,28390912,0,0.4146,3.5598,-6.2128,-5.0269,0.4966,0.0134,1739336903282.2603
838,196163072,0,0.4837,3.5598,-6.2128,-5.0269,0.5327,0.0134,1739336903292.2617
839,363935232,0,0.5297,3.5598,-6.2128,-5.0641,0.5418,0.0134,1739336903302.2632
840,531707392,0,0.4606,3.6061,-6.2128,-5.1198,0.4876,0.0134,1739336903312.2646
841,699479552,0,0.3915,3.6985,-6.345,-5.1942,0.4063,0.0067,1739336903322.266
842,867251712,0,0.3224,3.7447,-6.345,-5.2871,0.3521,0.0134,1739336903332.2678
843,1035023872,0,0.2764,3.7679,-6.345,-5.3149,0.3341,0.0134,1739336903342.2693
844,1202796032,0,0.2764,3.791,-6.345,-5.3335,0.3431,0.0134,1739336903352.2708
845,1370568192,0,0.2994,3.791,-6.345,-5.3242,0.3521,0.0134,1739336903362.2722
846,1538340352,0,0.2764,3.8141,-6.345,-5.3242,0.3341,0.0134,1739336903372.2737
847,1706112512,0,0.1842,3.8372,-6.345,-5.3707,0.2979,0.0067,1739336903382.2751
848,1873884672,0,0.1151,3.8603,-6.4771,-5.4172,0.2438,0.0134,1739336903392.2766
849,2041656832,0,0.1151,3.9066,-6.4771,-5.4636,0.2438,0.0134,1739336903402.2783
850,2209428992,0,0.1612,3.9297,-6.4771,-5.4636,0.2889,0.0201,1739336903412.2798
851,2377201152,0,0.2533,3.8834,-6.4771,-5.4079,0.3973,0.0335,1739336903422.2812
852,2544973312,0,0.3455,3.8372,-6.345,-5.3335,0.4695,0.0268,1739336903432.2827
853,2712745472,0,0.3915,3.8141,-6.2128,-5.2685,0.5056,0.0134,1739336903442.2842
854,2880517632,0,0.3915,3.8141,-6.345,-5.2499,0.4695,0.0134,1739336903452.2856
855,3048289792,0,0.2994,3.8141,-6.2128,-5.2964,0.4424,0.0201,1739336903462.287
856,3216061952,0,0.2994,3.8372,-6.345,-5.3614,0.4244,0.0335,1739336903472.2888
857,3383834112,0,0.2764,3.9297,-6.2128,-5.4172,0.4424,0.047,1739336903482.2903
858,3551606272,0,0.3685,3.8834,-6.345,-5.4172,0.5056,0.0537,1739336903492.2917
859,3719378432,0,0.4606,3.8834,-6.345,-5.3893,0.5869,0.0604,1739336903502.2932
860,3887150592,0,0.5297,3.8372,-6.345,-5.3242,0.6682,0.0671,1739336903512.2947
861,4054922752,0,0.5528,3.8372,-6.2128,-5.2778,0.6953,0.0738,1739336903522.2961
862,4222694912,0,0.5297,3.8372,-6.2128,-5.2685,0.6772,0.0671,1739336903532.2976
863,95565312,0,0.5067,3.8603,-6.2128,-5.3149,0.6501,0.0671,1739336903542.2993
864,263337472,0,0.5067,3.8834,-6.2128,-5.3428,0.6592,0.0738,1739336903552.3008
865,431109632,0,0.5758,3.8834,-6.2128,-5.3428,0.7495,0.0806,1739336903562.3022
866,598881792,0,0.691,3.8834,-6.2128,-5.3057,0.8488,0.0806,1739336903572.3037
867,766653952,0,0.7831,3.8372,-6.2128,-5.2685,0.9301,0.0806,1739336903582.3052
868,934426112,0,0.8292,3.8372,-6.0806,-5.222,0.9752,0.0738,1739336903592.3066
869,1102198272,0,0.8522,3.791,-6.2128,-5.2034,0.9571,0.0806,1739336903602.308
870,1269970432,0,0.7601,3.8372,-6.2128,-5.2313,0.912,0.0806,1739336903612.3098
871,1437742592,0,0.737,3.8603,-6.2128,-5.2778,0.8668,0.0806,1739336903622.3113
872,1605514752,0,0.714,3.8834,-6.345,-5.3242,0.8578,0.094,1739336903632.3127
873,1773286912,0,0.7601,3.9066,-6.2128,-5.3335,0.8849,0.1074,1739336903642.3142
874,1941059072,0,0.8292,3.9297,-6.2128,-5.3428,0.9301,0.1074,1739336903652.3157
875,2108831232,0,0.8752,3.9297,-6.2128,-5.3707,0.9842,0.1074,1739336903662.3171
876,2276603392,0,0.8752,3.9297,-6.0806,-5.4079,1.0113,0.1141,1739336903672.3186
877,2444375552,0,0.8522,3.9759,-6.2128,-5.4636,0.9752,0.1007,1739336903682.3203
878,2612147712,0,0.8061,4.0221,-6.2128,-5.4822,0.9391,0.1074,1739336903692.3218
879,2779919872,0,0.8061,4.0221,-6.2128,-5.4915,0.9391,0.1074,1739336903702.3232
880,2947692032,0,0.8983,3.999,-6.2128,-5.4822,0.9933,0.1074,1739336903712.3247
881,3115464192,0,0.9904,3.9759,-6.0806,-5.4357,1.0836,0.094,1739336903722.3262
882,3283236352,0,1.0365,3.9528,-5.9484,-5.38,1.1378,0.094,1739336903732.3276
883,3451008512,0,1.0595,3.9066,-6.2128,-5.3521,1.1648,0.1007,1739336903742.329
884,3618780672,0,1.0134,3.9528,-6.2128,-5.3614,1.1558,0.094,1739336903752.3308
885,3786552832,0,0.9674,3.9759,-6.2128,-5.3893,1.1468,0.1074,1739336903762.3323
886,3954324992,0,0.9674,3.999,-6.2128,-5.4079,1.1378,0.1074,1739336903772.3337
887,4122097152,0,0.9904,3.9759,-6.345,-5.3893,1.1558,0.1074,1739336903782.3352
888,4289869312,0,1.0134,3.9297,-6.2128,-5.3242,1.1648,0.1007,1739336903792.3367
889,162739712,0,1.0365,3.8603,-6.2128,-5.2499,1.1919,0.1007,1739336903802.3381
890,330511872,0,1.0365,3.8141,-6.2128,-5.1942,1.1648,0.094,1739336903812.3398
891,498284032,0,0.9904,3.8372,-6.0806,-5.157,1.1468,0.0873,1739336903822.3413
892,666056192,0,0.9674,3.8603,-6.0806,-5.1663,1.1107,0.0873,1739336903832.3428
893,833828352,0,0.9443,3.8141,-6.0806,-5.1756,1.1016,0.094,1739336903842.3442
894,1001600512,0,0.9674,3.8141,-6.0806,-5.1663,1.1197,0.1007,1739336903852.3457
895,1169372672,0,1.0134,3.791,-6.0806,-5.157,1.1468,0.1007,1739336903862.3472
896,1337144832,0,1.0595,3.7679,-6.2128,-5.1291,1.1648,0.1007,1739336903872.3486
897,1504916992,0,1.0595,3.7679,-5.9484,-5.1198,1.1648,0.094,1739336903882.3503
898,1672689152,0,0.9904,3.7679,-5.8162,-5.1105,1.1107,0.0873,1739336903892.3518
899,1840461312,0,0.8983,3.7679,-5.9484,-5.1291,1.0384,0.0806,1739336903902.3533
900,2008233472,0,0.8522,3.7447,-5.9484,-5.1105,0.9662,0.0738,1739336903912.3547
901,2176005632,0,0.8522,3.7447,-5.9484,-5.0919,0.9662,0.0671,1739336903922.3562
902,2343777792,0,0.8292,3.7216,-5.9484,-5.0455,0.9662,0.0537,1739336903932.3577
903,2511549952,0,0.8983,3.6754,-5.9484,-4.999,0.9571,0.047,1739336903942.3591
904,2679322112,0,0.8752,3.6292,-5.8162,-4.9619,0.9391,0.0403,1739336903952.3608
905,2847094272,0,0.8061,3.6292,-5.8162,-4.9433,0.8849,0.0403,1739336903962.3623
906,3014866432,0,0.7831,3.6523,-5.684,-4.9526,0.8398,0.0335,1739336903972.3638
907,3182638592,0,0.7601,3.6523,-5.684,-4.934,0.8127,0.0268,1739336903982.3652
908,3350410752,0,0.7601,3.6061,-5.5518,-4.9247,0.7946,0.0268,1739336903992.3667
909,3518182912,0,0.7601,3.5829,-5.4196,-4.8782,0.7856,0.0268,1739336904002.3682
910,3685955072,0,0.714,3.5367,-5.4196,-4.8318,0.7585,0.0201,1739336904012.3696
911,3853727232,0,0.714,3.4905,-5.4196,-4.7946,0.7133,0.0067,1739336904022.3713
912,4021499392,0,0.714,3.4905,-5.4196,-4.7667,0.6682,-0.0067,1739336904032.3728
913,4189271552,0,0.6679,3.4211,-5.2875,-4.7203,0.623,-0.0134,1739336904042.3743
914,62141952,0,0.6679,3.398,-5.1553,-4.6645,0.605,-0.0335,1739336904052.3757
915,229914112,0,0.6449,3.3055,-5.0231,-4.5437,0.5869,-0.0604,1739336904062.3772
916,397686272,0,0.6219,3.2593,-4.8909,-4.4508,0.5598,-0.0873,1739336904072.3787
917,565458432,0,0.5528,3.2131,-4.7587,-4.3765,0.4515,-0.0873,1739336904082.3801
918,733230592,0,0.3915,3.2362,-4.7587,-4.3672,0.2979,-0.0873,1739336904092.3818
919,901002752,0,0.2533,3.2362,-4.6265,-4.395,0.1444,-0.0738,1739336904102.3833
920,1068774912,0,0.1151,3.3287,-4.4943,-4.4508,0.009,-0.0671,1739336904112.3848
921,1236547072,0,0.046,3.3518,-4.6265,-4.4508,-0.0451,-0.047,1739336904122.3862
922,1404319232,0,0.0691,3.3287,-4.4943,-4.4229,-0.0451,-0.0403,1739336904132.3877
923,1572091392,0,0.1151,3.2824,-4.3621,-4.3672,-0.009,-0.0335,1739336904142.3892
924,1739863552,0,0.1382,3.2824,-4.23,-4.3207,0.018,-0.0335,1739336904152.3906
925,1907635712,0,0.1382,3.2593,-4.23,-4.2928,0.009,-0.0403,1739336904162.3923
926,2075407872,0,0.1382,3.2362,-4.3621,-4.2742,-0.009,-0.0403,1739336904172.3938
927,2243180032,0,0.1151,3.2131,-4.3621,-4.2835,-0.009,-0.0403,1739336904182.3953
928,2410952192,0,0.1151,3.2131,-4.3621,-4.3021,-0.027,-0.0335,1739336904192.3967
929,2578724352,0,0.1151,3.2131,-4.4943,-4.3393,-0.009,-0.0268,1739336904202.3982
930,2746496512,0,0.1612,3.2593,-4.4943,-4.395,0.027,-0.0201,1739336904212.3997
931,2914268672,0,0.2303,3.2824,-4.4943,-4.4322,0.1083,-0.0134,1739336904222.4011
932,3082040832,0,0.3224,3.3287,-4.4943,-4.4601,0.2076,-0.0134,1739336904232.4028
933,3249812992,0,0.4146,3.3055,-4.4943,-4.4694,0.2979,-0.0134,1739336904242.4043
934,3417585152,0,0.5067,3.2824,-4.6265,-4.4601,0.3792,-0.0134,1739336904252.4058
935,3585357312,0,0.5297,3.3055,-4.6265,-4.4508,0.4334,-0.0067,1739336904262.4072
936,3753129472,0,0.5297,3.3055,-4.7587,-4.4787,0.4695,0.0,1739336904272.4087
937,3920901632,0,0.5758,3.3055,-4.7587,-4.4694,0.4876,0.0067,1739336904282.4102
938,4088673792,0,0.5758,3.2362,-4.7587,-4.4136,0.5327,0.0067,1739336904292.4116
939,4256445952,0,0.6219,3.2131,-4.7587,-4.4043,0.5869,-0.0067,1739336904302.4133
940,129316352,0,0.6679,3.2593,-4.7587,-4.4043,0.6501,-0.0134,1739336904312.4148
941,297088512,0,0.737,3.2824,-4.8909,-4.4508,0.7043,-0.0067,1739336904322.4163
942,464860672,0,0.737,3.3055,-4.8909,-4.4787,0.7224,0.0,1739336904332.4177
943,632632832,0,0.7601,3.3287,-5.0231,-4.4787,0.7585,0.0067,1739336904342.4192
944,800404992,0,0.7831,3.3518,-5.0231,-4.488,0.7765,0.0,1739336904352.4207
945,968177152,0,0.7831,3.3518,-5.0231,-4.4787,0.7856,0.0,1739336904362.422
946,1135949312,0,0.7601,3.3749,-5.0231,-4.5065,0.7675,0.0067,1739336904372.4238
947,1303721472,0,0.714,3.398,-5.1553,-4.553,0.7314,0.0268,1739336904382.4253
948,1471493632,0,0.6219,3.4211,-5.1553,-4.5902,0.6592,0.0335,1739336904392.4268
949,1639265792,0,0.4837,3.4905,-5.1553,-4.6366,0.5508,0.047,1739336904402.4282
950,1807037952,0,0.3455,3.5598,-5.1553,-4.711,0.4424,0.0738,1739336904412.4297
951,1974810112,0,0.2764,3.6292,-5.1553,-4.7946,0.3882,0.0806,1739336904422.4312
952,2142582272,0,0.2764,3.6985,-5.1553,-4.8689,0.3882,0.1209,1739336904432.4326
953,2310354432,0,0.3224,3.7447,-5.1553,-4.934,0.4424,0.1343,1739336904442.4343
954,2478126592,0,0.3915,3.7679,-5.2875,-5.0083,0.4876,0.1679,1739336904452.4358
955,2645898752,0,0.3915,3.791,-5.1553,-5.0641,0.5056,0.2015,1739336904462.4373
956,2813670912,0,0.3685,3.8141,-5.1553,-5.1291,0.4605,0.2149,1739336904472.4387
957,2981443072,0,0.2533,3.999,-5.1553,-5.3057,0.3973,0.2485,1739336904482.4402
958,3149215232,0,0.1612,4.2302,-5.1553,-5.5751,0.325,0.2821,1739336904492.4417
959,3316987392,0,0.046,4.3458,-5.2875,-5.7703,0.1986,0.3156,1739336904502.4434
960,3484759552,0,-0.046,4.4845,-5.4196,-5.9561,0.1444,0.3358,1739336904512.4448
961,3652531712,0,-0.046,4.6463,-5.4196,-6.1512,0.1444,0.3559,1739336904522.4463
962,3820303872,0,-0.023,4.6925,-5.4196,-6.2163,0.1625,0.3963,1739336904532.4478
963,3988076032,0,0.0691,4.6694,-5.1553,-6.2163,0.2347,0.403,1739336904542.4492
964,4155848192,0,0.1842,4.6,-5.2875,-6.1698,0.3341,0.403,1739336904552.4507
965,28718592,0,0.2764,4.5307,-5.1553,-6.0676,0.4244,0.403,1739336904562.4521
966,196490752,0,0.3685,4.4613,-5.1553,-5.9561,0.5056,0.403,1739336904572.4539
967,364262912,0,0.4146,4.3689,-5.0231,-5.826,0.5598,0.4097,1739336904582.4553
968,532035072,0,0.4606,4.392,-5.1553,-5.8539,0.5779,0.4433,1739336904592.4568
969,699807232,0,0.4376,4.4151,-5.4196,-5.8818,0.5689,0.4701,1739336904602.4583
970,867579392,0,0.4376,4.4845,-5.4196,-5.984,0.5598,0.4769,1739336904612.4597
971,1035351552,0,0.3685,4.5307,-5.2875,-6.0397,0.5237,0.4903,1739336904622.4612
972,1203123712,0,0.3685,4.6,-5.4196,-6.1512,0.5327,0.5104,1739336904632.4626
973,1370895872,0,0.4837,4.6925,-5.4196,-6.2813,0.605,0.5373,1739336904642.4644
974,1538668032,0,0.5528,4.8312,-5.2875,-6.4579,0.6772,0.5709,1739336904652.4658
975,1706440192,0,0.4606,5.0161,-5.2875,-6.6716,0.6501,0.5978,1739336904662.4673
976,1874212352,0,0.3915,5.1779,-5.2875,-6.8946,0.5237,0.5776,1739336904672.4688
977,2041984512,0,0.2073,5.5478,-5.5518,-7.3499,0.3612,0.591,1739336904682.4702
978,2209756672,0,0.046,6.0101,-5.684,-7.8981,0.2076,0.6112,1739336904692.4717
979,2377528832,0,-0.046,6.4262,-5.8162,-8.3906,0.1264,0.6179,1739336904702.4731
980,2545300992,0,-0.1612,6.9116,-5.8162,-8.9202,0.009,0.6381,1739336904712.4749
981,2713073152,0,-0.2073,7.2122,-6.2128,-9.2919,-0.018,0.6515,1739336904722.4763
982,2880845312,0,-0.0691,7.4664,-6.2128,-9.5707,0.1083,0.6784,1739336904732.4778
983,3048617472,0,0.2533,7.5589,-5.9484,-9.6264,0.3792,0.6851,1739336904742.4792
984,3216389632,0,0.5988,7.5358,-5.9484,-9.6078,0.7133,0.6716,1739336904752.4807
985,3384161792,0,0.8061,7.4664,-5.8162,-9.4592,0.9301,0.6716,1739336904762.4822
986,3551933952,0,0.9213,7.4433,-5.9484,-9.3755,1.0384,0.6918,1739336904772.4836
987,3719706112,0,0.8292,7.5589,-5.9484,-9.5149,0.9842,0.7119,1739336904782.4854
988,3887478272,0,0.6219,7.7901,-5.9484,-9.7937,0.8127,0.7254,1739336904792.4868
989,4055250432,0,0.4376,8.0674,-6.0806,-10.1003,0.605,0.7388,1739336904802.4883
990,4223022592,0,0.3224,8.2293,-6.2128,-10.3698,0.4785,0.7522,1739336904812.4897
991,95892992,0,0.3455,8.3448,-6.2128,-10.5277,0.5147,0.7858,1739336904822.4912
992,263665152,0,0.6449,8.3217,-6.0806,-10.5091,0.8217,0.8329,1739336904832.4927
993,431437312,0,1.1286,8.2524,-5.9484,-10.3698,1.2913,0.8463,1739336904842.4941
994,599209472,0,1.5432,8.0906,-5.684,-10.1561,1.6886,0.8396,1739336904852.4958
995,766981632,0,1.7735,7.8594,-5.8162,-9.8773,1.8873,0.8194,1739336904862.4973
996,934753792,0,1.8426,7.7207,-5.8162,-9.6357,1.9414,0.7926,1739336904872.4988
997,1102525952,0,1.7735,7.582,-5.9484,-9.4777,1.8873,0.7724,1739336904882.5002
998,1270298112,0,1.6584,7.4895,-6.0806,-9.3291,1.7879,0.7657,1739336904892.5017
999,1438070272,0,1.5893,7.4433,-6.0806,-9.2733,1.7247,0.7522,1739336904902.5032
1000,1605842432,0,1.5893,7.4433,-6.0806,-9.2362,1.7428,0.759,1739336904912.5046
1001,1773614592,0,1.6353,7.374,-6.0806,-9.1525,1.806,0.759,1739336904922.5063
1002,1941386752,0,1.6353,7.2584,-5.9484,-9.041,1.8331,0.7657,1739336904932.5078
1003,2109158912,0,1.6123,7.2815,-5.9484,-9.0224,1.824,0.759,1739336904942.5093
1004,2276931072,0,1.5662,7.374,-6.0806,-9.1525,1.7699,0.7724,1739336904952.5107
1005,2444703232,0,1.4511,7.4433,-6.2128,-9.2547,1.6434,0.7926,1739336904962.5122
1006,2612475392,0,1.3359,7.4433,-6.345,-9.3198,1.526,0.806,1739336904972.5137
1007,2780247552,0,1.2898,7.4202,-6.345,-9.3198,1.4538,0.806,1739336904982.5151
1008,2948019712,0,1.2898,7.3971,-6.2128,-9.2826,1.4719,0.8127,1739336904992.5168
1009,3115791872,0,1.3129,7.3277,-6.2128,-9.2083,1.4628,0.806,1739336905002.5183
1010,3283564032,0,1.3129,7.2815,-6.2128,-9.1618,1.4809,0.7993,1739336905012.5198
1011,3451336192,0,1.3589,7.2584,-6.0806,-9.1246,1.499,0.7993,1739336905022.5212
1012,3619108352,0,1.405,7.2353,-6.2128,-9.1061,1.5441,0.7926,1739336905032.5227
1013,3786880512,0,1.4741,7.1428,-6.2128,-9.041,1.6073,0.7858,1739336905042.5242
1014,3954652672,0,1.5893,7.0735,-6.2128,-8.9481,1.6796,0.7657,1739336905052.5256
1015,4122424832,0,1.6584,7.0041,-6.2128,-8.8923,1.7699,0.7522,1739336905062.5273
1016,4290196992,0,1.7044,6.981,-6.0806,-8.8552,1.8421,0.7522,1739336905072.5288
1017,163067392,0,1.6584,6.9348,-6.2128,-8.8273,1.8421,0.7388,1739336905082.5303
1018,330839552,0,1.5662,6.9116,-6.345,-8.8366,1.7337,0.7321,1739336905092.5317
1019,498611712,0,1.4971,6.9116,-6.4771,-8.8459,1.6615,0.7321,1739336905102.5332
1020,666383872,0,1.4971,6.8654,-6.345,-8.8459,1.6615,0.7119,1739336905112.5347
1021,834156032,0,1.5662,6.7961,-6.6093,-8.7437,1.7337,0.7119,1739336905122.5364
1022,1001928192,0,1.6814,6.6343,-6.4771,-8.5857,1.8331,0.6851,1739336905132.5378
1023,1169700352,0,1.7505,6.5418,-6.2128,-8.437,1.8873,0.6582,1739336905142.5393
1024,1337472512,0,1.7505,6.4031,-6.2128,-8.2977,1.8782,0.6313,1739336905152.5408
1025,1505244672,0,1.6584,6.4031,-6.2128,-8.2791,1.7608,0.6179,1739336905162.5422
1026,1673016832,0,1.5432,6.4493,-6.345,-8.3162,1.6525,0.6179,1739336905172.5437
1027,1840788992,0,1.428,6.4956,-6.345,-8.3813,1.5712,0.6381,1739336905182.5452
1028,2008561152,0,1.405,6.4262,-6.345,-8.3627,1.526,0.6515,1739336905192.5469
1029,2176333312,0,1.4741,6.38,-6.345,-8.3348,1.5802,0.6448,1739336905202.5483
1030,2344105472,0,1.4971,6.3106,-6.2128,-8.3162,1.6163,0.6381,1739336905212.5498
1031,2511877632,0,1.5202,6.2875,-6.345,-8.3255,1.6073,0.6246,1739336905222.5513
1032,2679649792,0,1.428,6.2875,-6.345,-8.3348,1.5441,0.6246,1739336905232.5527
1033,2847421952,0,1.428,6.2413,-6.345,-8.2884,1.526,0.6179,1739336905242.5542
1034,3015194112,0,1.428,6.1488,-6.345,-8.1862,1.5531,0.6045,1739336905252.5557
1035,3182966272,0,1.5893,6.0101,-6.345,-8.0282,1.6434,0.5843,1739336905262.5574
1036,3350738432,0,1.7044,5.8714,-6.2128,-7.8517,1.7699,0.5575,1739336905272.5588
1037,3518510592,0,1.8196,5.8021,-6.0806,-7.7123,1.8602,0.5373,1739336905282.5603
1038,3686282752,0,1.9117,5.6865,-6.2128,-7.5822,1.9234,0.5104,1739336905292.5618
1039,3854054912,0,1.9117,5.5709,-6.0806,-7.4614,1.9324,0.4836,1739336905302.5632
1040,4021827072,0,1.8887,5.5016,-6.2128,-7.3685,1.8782,0.4634,1739336905312.5647
1041,4189599232,0,1.8657,5.4553,-6.2128,-7.3127,1.8511,0.4433,1739336905322.5662
1042,62469632,0,1.9117,5.386,-6.2128,-7.2384,1.8602,0.4164,1739336905332.5679
1043,230241792,0,1.9578,5.2704,-6.2128,-7.1269,1.8511,0.3963,1739336905342.5693
1044,398013952,0,1.9117,5.1086,-6.2128,-6.9503,1.815,0.3627,1739336905352.5708
1045,565786112,0,1.7735,5.0624,-6.2128,-6.876,1.7067,0.3156,1739336905362.5723
1046,733558272,0,1.6353,5.1086,-6.345,-6.9689,1.5531,0.2888,1739336905372.5737
1047,901330432,0,1.4741,5.1779,-6.345,-7.0618,1.4087,0.2753,1739336905382.5752
1048,1069102592,0,1.382,5.1779,-6.4771,-7.0897,1.3093,0.2552,1739336905392.5767
1049,1236874752,0,1.405,5.1779,-6.4771,-7.0897,1.3274,0.235,1739336905402.5784
1050,1404646912,0,1.4971,5.0392,-6.345,-6.9503,1.4087,0.2283,1739336905412.5798
1051,1572419072,0,1.6353,4.9006,-6.2128,-6.7831,1.526,0.188,1739336905422.5813
1052,1740191232,0,1.7505,4.8543,-6.2128,-6.6902,1.5983,0.1544,1739336905432.5828
1053,1907963392,0,1.7735,4.7619,-6.2128,-6.5972,1.5983,0.1209,1739336905442.5842
1054,2075735552,0,1.6814,4.7387,-6.2128,-6.5787,1.508,0.094,1739336905452.5857
1055,2243507712,0,1.5893,4.6463,-6.345,-6.4579,1.4087,0.0738,1739336905462.5872
1056,2411279872,0,1.5662,4.6463,-6.345,-6.4579,1.3996,0.0403,1739336905472.5889
1057,2579052032,0,1.6353,4.5538,-6.4771,-6.3556,1.4357,0.0268,1739336905482.5903
1058,2746824192,0,1.7966,4.4845,-6.6093,-6.272,1.5893,0.0067,1739336905492.5918
1059,2914596352,0,2.0269,4.3458,-6.345,-6.049,1.806,-0.0201,1739336905502.5933
1060,3082368512,0,2.2572,4.2302,-6.345,-5.891,2.0046,-0.0537,1739336905512.5947
1061,3250140672,0,2.3033,4.0915,-6.2128,-5.7331,2.0408,-0.094,1739336905522.5962
1062,3417912832,0,2.1651,4.0684,-6.345,-5.7145,1.9143,-0.1209,1739336905532.5977
1063,3585684992,0,1.9808,4.0684,-6.4771,-5.7145,1.7337,-0.1544,1739336905542.5994
1064,3753457152,0,1.9117,4.0684,-6.6093,-5.6866,1.6705,-0.1746,1739336905552.6008
1065,3921229312,0,2.0039,4.0684,-6.6093,-5.668,1.7608,-0.1947,1739336905562.6023
1066,4089001472,0,2.119,3.9759,-6.4771,-5.538,1.8782,-0.2082,1739336905572.6038
1067,4256773632,0,2.2572,3.9066,-6.6093,-5.445,2.0046,-0.2216,1739336905582.6052
1068,129644032,0,2.4185,3.791,-6.345,-5.2778,2.1311,-0.235,1739336905592.6067
1069,297416192,0,2.5567,3.6292,-6.345,-5.0919,2.2575,-0.2485,1739336905602.6082
1070,465188352,0,2.6027,3.4905,-6.345,-4.9619,2.3026,-0.2888,1739336905612.6099
1071,632960512,0,2.6027,3.3287,-6.345,-4.7667,2.2936,-0.3156,1739336905622.6113
1072,800732672,0,2.6027,3.19,-6.4771,-4.5902,2.3388,-0.3224,1739336905632.6128
1073,968504832,0,2.7179,2.9819,-6.345,-4.3579,2.4471,-0.3358,1739336905642.6143
1074,1136276992,0,2.8791,2.797,-6.345,-4.172,2.6187,-0.3559,1739336905652.6157
1075,1304049152,0,2.9252,2.6121,-6.345,-3.9583,2.6819,-0.3627,1739336905662.6172
1076,1471821312,0,2.9713,2.3809,-6.2128,-3.7632,2.7,-0.3694,1739336905672.6187
1077,1639593472,0,2.9943,2.2653,-6.345,-3.5774,2.7271,-0.3895,1739336905682.6204
1078,1807365632,0,3.0404,2.1035,-6.4771,-3.438,2.7903,-0.3828,1739336905692.6218
1079,1975137792,0,3.0864,1.9417,-6.4771,-3.2614,2.8535,-0.3828,1739336905702.6233
1080,2142909952,0,3.0864,1.8261,-6.345,-3.122,2.8625,-0.403,1739336905712.6248
1081,2310682112,0,3.0404,1.595,-6.2128,-2.8712,2.8083,-0.4164,1739336905722.6262
1082,2478454272,0,3.0173,1.4794,-6.2128,-2.7411,2.7632,-0.4366,1739336905732.6277
1083,2646226432,0,2.9482,1.2944,-6.345,-2.5738,2.7271,-0.4433,1739336905742.6292
1084,2813998592,0,2.9022,1.2251,-6.345,-2.4623,2.6548,-0.4567,1739336905752.6309
1085,2981770752,0,2.8331,1.202,-6.345,-2.4344,2.5826,-0.4701,1739336905762.6323
1086,3149542912,0,2.7409,1.0633,-6.2128,-2.3694,2.5103,-0.4701,1739336905772.6338
1087,3317315072,0,2.6949,0.9708,-6.2128,-2.2486,2.4652,-0.4836,1739336905782.6353
1088,3485087232,0,2.6718,0.9477,-6.2128,-2.1929,2.4471,-0.4836,1739336905792.6367
1089,3652859392,0,2.6718,0.8784,-6.2128,-2.1371,2.42,-0.4769,1739336905802.6382
1090,3820631552,0,2.6027,0.7628,-6.2128,-2.0349,2.3478,-0.4769,1739336905812.64
1091,3988403712,0,2.4645,0.7165,-6.2128,-1.9977,2.2394,-0.4903,1739336905822.6414
1092,4156175872,0,2.3724,0.7628,-6.345,-2.0163,2.1401,-0.4903,1739336905832.6428
1093,29046272,0,2.3724,0.8321,-6.345,-2.0906,2.1401,-0.4836,1739336905842.6443
1094,196818432,0,2.3494,0.7165,-6.2128,-1.9606,2.1401,-0.4567,1739336905852.6458
1095,364590592,0,2.3494,0.6241,-6.2128,-1.849,2.1491,-0.4366,1739336905862.6472
1096,532362752,0,2.3954,0.4623,-6.0806,-1.7097,2.1582,-0.4366,1739336905872.6487
1097,700134912,0,2.3954,0.3698,-5.9484,-1.5889,2.1311,-0.4366,1739336905882.6504
1098,867907072,0,2.3263,0.2542,-5.9484,-1.4588,2.0769,-0.4567,1739336905892.6519
1099,1035679232,0,2.2572,0.208,-6.0806,-1.3752,2.0046,-0.4634,1739336905902.6533
1100,1203451392,0,2.1881,0.1618,-5.8162,-1.3008,1.9595,-0.4634,1739336905912.6548
1101,1371223552,0,2.1651,0.0693,-5.9484,-1.2172,1.9324,-0.4701,1739336905922.6562
1102,1538995712,0,2.096,0.0231,-5.684,-1.115,1.8873,-0.45,1739336905932.6577
1103,1706767872,0,2.0039,0.0462,-5.684,-1.1057,1.815,-0.4366,1739336905942.6592
1104,1874540032,0,1.9348,0.0924,-5.684,-1.0964,1.7518,-0.4164,1739336905952.661
1105,2042312192,0,1.8887,0.0924,-5.684,-1.115,1.6796,-0.403,1739336905962.6624
1106,2210084352,0,1.7735,0.1618,-5.684,-1.1522,1.5802,-0.3828,1739336905972.6638
1107,2377856512,0,1.7044,0.1618,-5.4196,-1.1707,1.4809,-0.3761,1739336905982.6653
1108,2545628672,0,1.5662,0.208,-5.1553,-1.1986,1.3635,-0.3425,1739336905992.6667
1109,2713400832,0,1.4511,0.2311,-5.0231,-1.18,1.2822,-0.3224,1739336906002.6682
1110,2881172992,0,1.382,0.2542,-4.7587,-1.1243,1.1829,-0.2955,1739336906012.6697
1111,3048945152,0,1.2438,0.2773,-4.4943,-1.0871,1.1107,-0.2888,1739336906022.6714
1112,3216717312,0,1.1286,0.2542,-4.0978,-0.9756,1.0294,-0.2686,1739336906032.6729
1113,3384489472,0,1.0595,0.2311,-3.9656,-0.8455,0.9571,-0.2418,1739336906042.6743
1114,3552261632,0,1.0134,0.1618,-3.7012,-0.7154,0.921,-0.2283,1739336906052.6758
1115,3720033792,0,0.9443,0.1386,-3.4368,-0.5853,0.8939,-0.188,1739336906062.6772
1116,3887805952,0,0.9443,0.1155,-3.1725,-0.4738,0.903,-0.1544,1739336906072.6787
1117,4055578112,0,0.9443,0.0693,-3.0403,-0.4181,0.8939,-0.1209,1739336906082.6802
1118,4223350272,0,0.8983,0.0462,-2.7759,-0.3995,0.8307,-0.0806,1739336906092.682
1119,96220672,0,0.8292,0.0693,-2.6437,-0.3623,0.7765,-0.0335,1739336906102.6833
1120,263992832,0,0.7831,0.0924,-2.2471,-0.3623,0.7404,0.0067,1739336906112.6848
1121,431764992,0,0.7831,0.1618,-1.9828,-0.3809,0.7495,0.0335,1739336906122.6863
1122,599537152,0,0.737,0.1618,-1.7184,-0.3438,0.7675,0.0403,1739336906132.6877
1123,767309312,0,0.5758,0.1386,-1.3218,-0.2322,0.5598,0.0067,1739336906142.6892
1124,935081472,0,0.4376,0.0462,-1.1896,-0.065,0.4334,0.0,1739336906152.6907
1125,1102853632,0,0.3685,0.0462,-1.1896,0.0185,0.3702,0.0134,1739336906162.6924
1126,1270625792,0,0.3915,0.0231,-1.0575,0.0743,0.3341,0.0201,1739336906172.6938
1127,1438397952,0,0.3685,0.0462,-0.9253,0.0185,0.307,0.0201,1739336906182.6953
1128,1606170112,0,0.2303,0.0924,-0.6609,-0.1022,0.1986,-0.0067,1739336906192.6968
1129,1773942272,0,0.2073,0.0924,-0.6609,-0.1579,0.1535,-0.0201,1739336906202.6982
1130,1941714432,0,0.1842,0.0924,-0.5287,-0.1672,0.1173,-0.0134,1739336906212.6997
1131,2109486592,0,0.1612,0.0924,-0.5287,-0.1765,0.1173,-0.0067,1739336906222.7012
1132,2277258752,0,0.1382,0.0924,-0.3965,-0.1765,0.1083,-0.0134,1739336906232.703
1133,2445030912,0,0.1612,0.0924,-0.3965,-0.1765,0.1083,-0.0134,1739336906242.7043
1134,2612803072,0,0.1382,0.0924,-0.3965,-0.1858,0.0993,-0.0201,1739336906252.7058
1135,2780575232,0,0.1151,0.0924,-0.3965,-0.1672,0.0993,-0.0067,1739336906262.7073
1136,2948347392,0,0.1382,0.0924,-0.3965,-0.1579,0.0903,-0.0134,1739336906272.7087
1137,3116119552,0,0.1151,0.0924,-0.3965,-0.1765,0.0903,-0.0134,1739336906282.7102
1138,3283891712,0,0.1151,0.0924,-0.3965,-0.1579,0.0903,-0.0067,1739336906292.7117
1139,3451663872,0,0.1151,0.0924,-0.3965,-0.1579,0.0903,-0.0134,1739336906302.7134
1140,3619436032,0,0.0921,0.0924,-0.2643,-0.1765,0.0903,-0.0134,1739336906312.7148
1141,3787208192,0,0.0921,0.0924,-0.3965,-0.1672,0.0903,-0.0134,1739336906322.7163
1142,3954980352,0,0.0921,0.0924,-0.2643,-0.1579,0.0812,-0.0201,1739336906332.7178
1143,4122752512,0,0.1382,0.0924,-0.3965,-0.1486,0.0903,-0.0134,1739336906342.7192
1144,4290524672,0,0.0921,0.1155,-0.1321,-0.1486,0.0812,-0.0134,1739336906352.7207
1145,163395072,0,0.0691,0.1155,-0.1321,-0.1486,0.0812,-0.0134,1739336906362.7222
1146,331167232,0,0.0691,0.1155,-0.1321,-0.1486,0.0812,-0.0134,1739336906372.7239
1147,498939392,0,0.0921,0.0924,-0.2643,-0.1393,0.0812,-0.0134,1739336906382.7253
1148,666711552,0,0.0921,0.1155,-0.2643,-0.1486,0.0812,-0.0067,1739336906392.7268
1149,834483712,0,0.1151,0.1155,-0.1321,-0.1486,0.0812,-0.0134,1739336906402.7283
1150,1002255872,0,0.0921,0.1155,-0.1321,-0.1579,0.0722,-0.0134,1739336906412.7297
1151,1170028032,0,0.0921,0.1155,-0.1321,-0.1579,0.0722,-0.0134,1739336906422.7312
1152,1337800192,0,0.0691,0.1155,-0.1321,-0.1486,0.0722,-0.0067,1739336906432.733
1153,1505572352,0,0.0691,0.1155,-0.1321,-0.1579,0.0722,-0.0134,1739336906442.7344
1154,1673344512,0,0.0921,0.0924,-0.1321,-0.1486,0.0632,-0.0201,1739336906452.7358
1155,1841116672,0,0.0921,0.0924,-0.1321,-0.1393,0.0632,-0.0134,1739336906462.7373
1156,2008888832,0,0.1151,0.1155,-0.1321,-0.1393,0.0632,-0.0134,1739336906472.7388
1157,2176660992,0,0.0921,0.1155,-0.1321,-0.1393,0.0632,-0.0134,1739336906482.7402
1158,2344433152,0,0.0921,0.0924,-0.1321,-0.1393,0.0632,-0.0134,1739336906492.7417
1159,2512205312,0,0.0691,0.0924,-0.1321,-0.1486,0.0632,-0.0201,1739336906502.7434
1160,2679977472,0,0.046,0.1155,0.0,-0.13,0.0541,-0.0067,1739336906512.7449
1161,2847749632,0,0.0691,0.0924,0.0,-0.1393,0.0541,-0.0067,1739336906522.7463
1162,3015521792,0,0.0691,0.0924,0.0,-0.1393,0.0541,-0.0134,1739336906532.7478
1163,3183293952,0,0.046,0.1155,0.0,-0.13,0.0541,-0.0067,1739336906542.7493
1164,3351066112,0,0.046,0.0924,0.0,-0.1207,0.0451,-0.0067,1739336906552.7507
1165,3518838272,0,0.0691,0.0924,-0.1321,-0.1393,0.0541,-0.0134,1739336906562.7522
1166,3686610432,0,0.046,0.1155,-0.1321,-0.13,0.0541,-0.0067,1739336906572.754
1167,3854382592,0,0.0691,0.0924,0.0,-0.1393,0.0541,-0.0067,1739336906582.7554
1168,4022154752,0,0.0691,0.0924,0.0,-0.1207,0.0451,0.0,1739336906592.7568
1169,4189926912,0,0.0691,0.0693,0.0,-0.13,0.0541,-0.0067,1739336906602.7583
1170,62797312,0,0.0691,0.0693,0.0,-0.1393,0.0541,-0.0134,1739336906612.7598
1171,230569472,0,0.0691,0.0924,0.0,-0.13,0.0451,-0.0067,1739336906622.7612
1172,398341632,0,0.0691,0.0924,0.0,-0.1207,0.0451,-0.0134,1739336906632.7627
1173,566113792,0,0.0691,0.0924,0.0,-0.1486,0.0451,-0.0067,1739336906642.7644
1174,733885952,0,0.0691,0.0924,0.0,-0.13,0.0451,-0.0067,1739336906652.7659
1175,901658112,0,0.0691,0.0924,0.0,-0.1115,0.0451,-0.0134,1739336906662.7673
1176,1069430272,0,0.023,0.0924,0.0,-0.1207,0.0451,-0.0067,1739336906672.7688
1177,1237202432,0,0.0691,0.0924,0.0,-0.1207,0.0451,-0.0067,1739336906682.7703
1178,1404974592,0,0.0,0.1618,0.0,-0.2137,0.009,-0.0201,1739336906692.7717
1179,1572746752,0,-0.0691,0.3467,-0.1321,-0.4088,-0.0632,-0.0335,1739336906702.7732
1180,1740518912,0,-0.1382,0.4854,-0.2643,-0.5203,-0.1173,-0.0537,1739336906712.775
1181,1908291072,0,-0.1842,0.4854,-0.2643,-0.5389,-0.1715,-0.0604,1739336906722.7764
1182,2076063232,0,-0.2073,0.4623,-0.1321,-0.5203,-0.1806,-0.047,1739336906732.7778
1183,2243835392,0,-0.2073,0.3929,-0.2643,-0.5296,-0.1986,-0.0537,1739336906742.7793
1184,2411607552,0,-0.2303,0.4392,-0.3965,-0.5668,-0.2167,-0.0537,1739336906752.7808
1185,2579379712,0,-0.2303,0.4392,-0.1321,-0.5668,-0.2257,-0.0604,1739336906762.7822
1186,2747151872,0,-0.2073,0.4623,-0.2643,-0.6132,-0.2257,-0.0604,1739336906772.7837
1187,2914924032,0,-0.2303,0.5316,-0.3965,-0.7061,-0.2257,-0.0537,1739336906782.7854
1188,3082696192,0,-0.2533,0.6472,-0.3965,-0.8455,-0.2167,-0.0537,1739336906792.7869
1189,3250468352,0,-0.2764,0.7859,-0.3965,-0.9756,-0.2257,-0.047,1739336906802.7883
1190,3418240512,0,-0.2994,0.8552,-0.3965,-1.0778,-0.2257,-0.0537,1739336906812.7898
1191,3586012672,0,-0.3915,0.9246,-0.3965,-1.18,-0.2889,-0.0537,1739336906822.7913
1192,3753784832,0,-0.3915,1.0171,-0.5287,-1.2915,-0.325,-0.0604,1739336906832.7927
1193,3921556992,0,-0.4837,1.0864,-0.3965,-1.3845,-0.3702,-0.0537,1739336906842.7942
1194,4089329152,0,-0.5758,1.1789,-0.3965,-1.4495,-0.4334,-0.047,1739336906852.796
1195,4257101312,0,-0.6449,1.1789,-0.3965,-1.5052,-0.4695,-0.0268,1739336906862.7974
1196,129971712,0,-0.691,1.1789,-0.3965,-1.5331,-0.4876,-0.0201,1739336906872.7988
1197,297743872,0,-0.7601,1.1558,-0.3965,-1.5052,-0.4966,0.0067,1739336906882.8003
1198,465516032,0,-0.7831,1.1558,-0.5287,-1.496,-0.4785,0.0201,1739336906892.8018
1199,633288192,0,-0.737,1.2482,-0.6609,-1.6167,-0.4244,0.0067,1739336906902.8032
1200,801060352,0,-0.737,1.3407,-0.7931,-1.7097,-0.4244,-0.0201,1739336906912.8047
1201,968832512,0,-0.8292,1.3638,-0.7931,-1.7747,-0.5327,-0.0738,1739336906922.8064
1202,1136604672,0,-1.0595,1.3638,-0.7931,-1.8026,-0.7856,-0.1343,1739336906932.8079
1203,1304376832,0,-1.3589,1.3638,-1.0575,-1.7561,-1.1016,-0.1746,1739336906942.8093
1204,1472148992,0,-1.6353,1.3407,-1.1896,-1.7561,-1.4087,-0.1947,1739336906952.8108
1205,1639921152,0,-1.8426,1.3176,-1.5862,-1.7654,-1.7067,-0.1813,1739336906962.8123
1206,1807693312,0,-2.096,1.4794,-1.5862,-1.9606,-2.0859,-0.1544,1739336906972.8137
1207,1975465472,0,-2.3494,1.6874,-1.5862,-2.2858,-2.411,-0.141,1739336906982.8152
1208,2143237632,0,-2.5567,1.8723,-1.7184,-2.5924,-2.7271,-0.1276,1739336906992.817
1209,2311009792,0,-2.8561,2.0342,-1.7184,-2.8154,-3.1515,-0.1813,1739336907002.8184
1210,2478781952,0,-3.2707,2.1266,-1.9828,-2.9176,-3.5759,-0.235,1739336907012.8198
1211,2646554112,0,-3.5471,2.1497,-2.3793,-2.9176,-3.9281,-0.2821,1739336907022.8213
1212,2814326272,0,-3.7544,2.1035,-2.5115,-2.8805,-4.1719,-0.3089,1739336907032.8228
1213,2982098432,0,-3.9617,2.1266,-2.6437,-2.8712,-4.4789,-0.3156,1739336907042.8242
1214,3149870592,0,-4.0769,2.1729,-2.9081,-2.9269,-4.6866,-0.3224,1739336907052.8257
1215,3317642752,0,-4.192,2.2653,-3.0403,-3.0384,-4.8762,-0.3358,1739336907062.8274
1216,3485414912,0,-4.2612,2.3347,-3.1725,-3.122,-5.0207,-0.3694,1739336907072.8289
1217,3653187072,0,-4.3994,2.3116,-3.4368,-3.0477,-5.1923,-0.403,1739336907082.8303
1218,3820959232,0,-4.6988,2.3578,-3.569,-3.1035,-5.5354,-0.4231,1739336907092.8318
1219,3988731392,0,-5.1825,2.5658,-3.7012,-3.3451,-6.0411,-0.4164,1739336907102.8333
1220,4156503552,0,-5.6892,2.9126,-3.9656,-3.7446,-6.6281,-0.4164,1739336907112.8347
1221,29373952,0,-6.1038,3.2362,-3.9656,-4.1256,-7.0435,-0.403,1739336907122.8364
1222,197146112,0,-6.242,3.398,-4.23,-4.3672,-7.2602,-0.4231,1739336907132.838
1223,364918272,0,-6.1038,3.3518,-4.23,-4.3579,-7.1247,-0.4567,1739336907142.8394
1224,532690432,0,-5.9196,3.3055,-4.0978,-4.3114,-6.8719,-0.4836,1739336907152.8408
1225,700462592,0,-5.4589,3.1437,-4.23,-4.172,-6.3662,-0.497,1739336907162.8423
1226,868234752,0,-4.9982,3.0744,-4.23,-4.1163,-5.8063,-0.497,1739336907172.8438
1227,1036006912,0,-4.6758,3.0513,-4.4943,-4.0791,-5.4542,-0.5037,1739336907182.8452
1228,1203779072,0,-4.4915,3.0282,-4.7587,-4.1163,-5.1923,-0.5037,1739336907192.847
1229,1371551232,0,-4.4224,3.1206,-5.0231,-4.2185,-5.093,-0.4903,1739336907202.8484
1230,1539323392,0,-4.6067,3.2131,-5.0231,-4.3858,-5.1833,-0.4769,1739336907212.8499
1231,1707095552,0,-4.837,3.3749,-5.1553,-4.5716,-5.3639,-0.4567,1739336907222.8513
1232,1874867712,0,-4.7909,3.4905,-5.4196,-4.7853,-5.3187,-0.4298,1739336907232.8528
1233,2042639872,0,-4.5836,3.5136,-5.2875,-4.8968,-5.1291,-0.3895,1739336907242.8542
1234,2210412032,0,-4.3994,3.4674,-5.5518,-4.934,-4.9936,-0.3627,1739336907252.8557
1235,2378184192,0,-4.3072,3.3749,-5.8162,-4.9247,-4.9485,-0.3828,1739336907262.8574
1236,2545956352,0,-4.3533,3.3055,-5.9484,-4.8318,-5.0659,-0.4097,1739336907272.859
1237,2713728512,0,-4.4454,3.2362,-6.2128,-4.7667,-5.2374,-0.4298,1739336907282.8604
1238,2881500672,0,-4.7679,3.3518,-6.2128,-4.8225,-5.6348,-0.4231,1739336907292.8618
1239,3049272832,0,-5.2746,3.4674,-6.345,-4.9526,-6.1495,-0.3963,1739336907302.8633
1240,3217044992,0,-5.6662,3.6754,-6.8737,-5.1756,-6.601,-0.3425,1739336907312.8647
1241,3384817152,0,-5.8735,3.8141,-7.1381,-5.3428,-6.8177,-0.2955,1739336907322.8662
1242,3552589312,0,-5.8274,3.8141,-7.2703,-5.3707,-6.7906,-0.3022,1739336907332.868
1243,3720361472,0,-5.6892,3.7216,-7.4025,-5.2592,-6.61,-0.3627,1739336907342.8694
1244,3888133632,0,-5.4359,3.5598,-7.5346,-5.0455,-6.3301,-0.4298,1739336907352.8708
1245,4055905792,0,-5.2746,3.4211,-7.5346,-4.8782,-6.2398,-0.4836,1739336907362.8723
1246,4223677952,0,-5.2977,3.3518,-7.799,-4.7946,-6.294,-0.4836,1739336907372.8738
1247,96548352,0,-5.3668,3.3287,-7.9312,-4.776,-6.3933,-0.4903,1739336907382.8752
1248,264320512,0,-5.528,3.3287,-8.0634,-4.7946,-6.5288,-0.4701,1739336907392.8767
1249,432092672,0,-5.5741,3.3749,-8.1956,-4.8596,-6.5468,-0.4701,1739336907402.8784
1250,599864832,0,-5.4819,3.398,-8.3278,-4.9154,-6.3933,-0.4769,1739336907412.88
1251,767636992,0,-5.2055,3.398,-8.3278,-4.9154,-6.0411,-0.4836,1739336907422.8813
1252,935409152,0,-4.86,3.2824,-8.5922,-4.8318,-5.6528,-0.5037,1739336907432.8828
1253,1103181312,0,-4.6527,3.1668,-8.46,-4.7203,-5.3458,-0.497,1739336907442.8843
1254,1270953472,0,-4.4915,3.19,-8.5922,-4.6831,-5.111,-0.4701,1739336907452.8857
1255,1438725632,0,-4.3533,3.2362,-8.8565,-4.7203,-4.8762,-0.403,1739336907462.8872
1256,1606497792,0,-4.2151,3.3055,-8.9887,-4.8318,-4.5873,-0.3358,1739336907472.889
1257,1774269952,0,-3.9847,3.3518,-8.8565,-4.9154,-4.2802,-0.2888,1739336907482.8904
1258,1942042112,0,-3.6162,3.3287,-9.1209,-4.8968,-3.919,-0.2753,1739336907492.8918
1259,2109814272,0,-3.0864,3.1206,-9.2531,-4.711,-3.314,-0.2686,1739336907502.8933
1260,2277586432,0,-2.7179,2.9357,-9.2531,-4.553,-2.8625,-0.2619,1739336907512.8948
1261,2445358592,0,-2.5797,2.8201,-9.5175,-4.4787,-2.6458,-0.2418,1739336907522.8962
1262,2613130752,0,-2.6258,2.9126,-9.7818,-4.553,-2.6368,-0.2149,1739336907532.8977
1263,2780902912,0,-2.3954,2.9357,-9.914,-4.6366,-2.2936,-0.1612,1739336907542.8994
1264,2948675072,0,-1.9348,2.9357,-10.0462,-4.7203,-1.7608,-0.1276,1739336907552.901
1265,3116447232,0,-1.5202,2.8895,-10.0462,-4.7017,-1.2281,-0.0806,1739336907562.9023
1266,3284219392,0,-0.9443,2.797,-10.0462,-4.6366,-0.5779,-0.047,1739336907572.9038
1267,3451991552,0,-0.5067,2.7045,-9.7818,-4.5716,-0.0903,-0.0335,1739336907582.9053
1268,3619763712,0,-0.2533,2.6583,-9.914,-4.488,0.2528,-0.0067,1739336907592.9067
1269,3787535872,0,-0.2533,2.6814,-10.1784,-4.4787,0.4063,0.0403,1739336907602.9082
1270,3955308032,0,-0.2303,2.7739,-10.3106,-4.5437,0.5418,0.1074,1739336907612.91
1271,4123080192,0,-0.0921,2.8663,-10.4428,-4.5995,0.7765,0.1679,1739336907622.9114
1272,4290852352,0,0.0691,2.8895,-10.3106,-4.5995,1.0474,0.2015,1739336907632.9128
1273,163722752,0,0.3224,2.8201,-10.4428,-4.4601,1.4267,0.2283,1739336907642.9143
1274,331494912,0,0.4837,2.7739,-10.1784,-4.3114,1.7337,0.235,1739336907652.9158
1275,499267072,0,0.5297,2.7276,-10.3106,-4.1813,1.9234,0.2216,1739336907662.9172
1276,667039232,0,0.3685,2.7508,-10.575,-4.172,1.9324,0.2283,1739336907672.9187
1277,834811392,0,0.2303,2.8663,-10.8393,-4.2278,1.8873,0.2418,1739336907682.9204
1278,1002583552,0,0.2533,2.9126,-10.8393,-4.2557,2.0588,0.2552,1739336907692.9219
1279,1170355712,0,0.2994,2.9588,-10.8393,-4.265,2.2214,0.2619,1739336907702.9233
1280,1338127872,0,0.1842,2.9357,-11.1037,-4.265,2.1311,0.2619,1739336907712.9248
1281,1505900032,0,0.046,2.9357,-11.1037,-4.2742,2.0679,0.2552,1739336907722.9263
1282,1673672192,0,-0.0921,2.9126,-11.1037,-4.265,1.9776,0.2485,1739336907732.9277
1283,1841444352,0,-0.2764,2.9126,-11.2359,-4.2835,1.8421,0.2552,1739336907742.9294
1284,2009216512,0,-0.6219,2.9357,-11.2359,-4.3486,1.5712,0.2753,1739336907752.931
1285,2176988672,0,-0.8522,2.9588,-11.6325,-4.4694,1.3454,0.3022,1739336907762.9324
1286,2344760832,0,-0.9443,3.005,-11.7647,-4.5716,1.2281,0.3224,1739336907772.9338
1287,2512532992,0,-1.0825,3.0513,-11.8968,-4.6552,1.0926,0.3224,1739336907782.9353
1288,2680305152,0,-1.2898,3.0513,-12.029,-4.7017,0.9301,0.2955,1739336907792.9368
1289,2848077312,0,-1.5432,3.0975,-12.1612,-4.6924,0.7495,0.2485,1739336907802.9382
1290,3015849472,0,-1.9808,3.0975,-12.029,-4.6924,0.3521,0.1746,1739336907812.94
1291,3183621632,0,-2.3724,3.0975,-12.1612,-4.6738,-0.0541,0.1276,1739336907822.9414
1292,3351393792,0,-2.5797,3.0282,-12.2934,-4.553,-0.2528,0.0873,1739336907832.9429
1293,3519165952,0,-2.7179,2.9819,-12.2934,-4.4694,-0.3792,0.047,1739336907842.9443
1294,3686938112,0,-2.8331,2.8895,-12.4256,-4.3765,-0.5508,0.0201,1739336907852.9458
1295,3854710272,0,-2.9713,2.8663,-12.5578,-4.4136,-0.7495,-0.0067,1739336907862.9473
1296,4022482432,0,-3.1095,2.8895,-12.69,-4.4601,-0.9571,-0.0403,1739336907872.9487
1297,4190254592,0,-3.2477,2.9357,-12.5578,-4.4601,-1.1378,-0.0671,1739336907882.9504
1298,63124992,0,-3.3859,2.9357,-12.5578,-4.4322,-1.3093,-0.0738,1739336907892.952
1299,230897152,0,-3.5932,2.8663,-12.5578,-4.3672,-1.4899,-0.0738,1739336907902.9534
1300,398669312,0,-3.7083,2.8201,-12.69,-4.2742,-1.6705,-0.0671,1739336907912.9548
1301,566441472,0,-3.8465,2.7508,-12.69,-4.1627,-1.7699,-0.0604,1739336907922.9563
1302,734213632,0,-4.0308,2.7508,-12.5578,-4.1163,-1.9234,-0.0604,1739336907932.9578
1303,901985792,0,-4.3533,2.797,-12.5578,-4.1535,-2.1762,-0.0604,1739336907942.9592
1304,1069757952,0,-4.7449,2.9588,-12.4256,-4.2742,-2.5194,-0.0604,1739336907952.961
1305,1237530112,0,-5.1134,3.0282,-12.5578,-4.3858,-2.8535,-0.0537,1739336907962.9624
1306,1405302272,0,-5.1825,3.0282,-12.5578,-4.3858,-2.9528,-0.0537,1739336907972.9639
1307,1573074432,0,-5.1134,2.9126,-12.69,-4.3114,-2.9438,-0.0604,1739336907982.9653
1308,1740846592,0,-5.0904,2.797,-12.4256,-4.2185,-2.998,-0.0806,1739336907992.9668
1309,1908618752,0,-5.1134,2.7276,-12.5578,-4.1906,-3.1154,-0.1141,1739336908002.9683
1310,2076390912,0,-5.3437,2.8201,-12.5578,-4.2557,-3.4043,-0.1209,1739336908012.9697
1311,2244163072,0,-5.7123,2.9126,-12.69,-4.3672,-3.7926,-0.1276,1739336908022.9714
1312,2411935232,0,-6.0808,3.0744,-12.69,-4.5251,-4.1629,-0.1141,1739336908032.973
1313,2579707392,0,-6.3111,3.1437,-12.8222,-4.6831,-4.4338,-0.1007,1739336908042.9744
1314,2747479552,0,-6.5645,3.2824,-12.5578,-4.8132,-4.6595,-0.0873,1739336908052.9758
1315,2915251712,0,-6.7718,3.3287,-12.69,-4.9154,-4.9394,-0.0738,1739336908062.9773
1316,3083023872,0,-7.0712,3.4674,-12.5578,-5.0362,-5.2645,-0.0738,1739336908072.9788
1317,3250796032,0,-7.4628,3.5829,-12.8222,-5.2034,-5.6799,-0.0671,1739336908082.9802
1318,3418568192,0,-7.7622,3.7216,-12.8222,-5.3614,-6.014,-0.0335,1739336908092.982
1319,3586340352,0,-8.1077,3.8603,-12.9543,-5.4822,-6.3301,-0.0134,1739336908102.9834
1320,3754112512,0,-8.5684,3.9759,-12.69,-5.6123,-6.7635,0.0067,1739336908112.9849
1321,3921884672,0,-8.9139,4.0684,-12.8222,-5.668,-7.1428,0.0067,1739336908122.9863
1322,4089656832,0,-9.1903,4.0915,-12.69,-5.6587,-7.4408,0.0134,1739336908132.9878
1323,4257428992,0,-9.6971,4.184,-12.5578,-5.7238,-7.9284,-0.0067,1739336908142.9893
1324,130299392,0,-10.2729,4.392,-12.69,-5.9468,-8.4883,-0.0067,1739336908152.9907
1325,298071552,0,-10.8257,4.5769,-12.5578,-6.1419,-9.0482,0.0201,1739336908162.9924
1326,465843712,0,-11.3094,4.6,-12.5578,-6.1884,-9.5629,0.0335,1739336908172.994
1327,633615872,0,-11.6779,4.6463,-12.5578,-6.2163,-9.9602,0.0335,1739336908182.9954
1328,801388032,0,-12.0234,4.7619,-12.5578,-6.3278,-10.4027,0.0335,1739336908192.9968
1329,969160192,0,-12.5993,4.8774,-12.4256,-6.4579,-10.9806,0.047,1739336908202.9983
1330,1136932352,0,-13.2673,5.0624,-12.5578,-6.5879,-11.7392,0.0537,1739336908212.9998
1331,1304704512,0,-14.0043,5.386,-12.8222,-6.9225,-12.4796,0.0671,1739336908223.0012
1332,1472476672,0,-14.7184,5.6634,-12.8222,-7.2198,-13.193,0.1209,1739336908233.003
1333,1640248832,0,-15.3403,5.8252,-12.9543,-7.4242,-13.8522,0.1544,1739336908243.0044
1334,1808020992,0,-15.6397,6.0332,-12.8222,-7.6565,-14.2586,0.1746,1739336908253.0059
1335,1975793152,0,-15.6167,6.1257,-12.8222,-7.7959,-14.376,0.2015,1739336908263.0073
1336,2143565312,0,-15.3172,6.0332,-12.5578,-7.7494,-14.2315,0.188,1739336908273.0088
1337,2311337472,0,-15.1099,5.9177,-12.4256,-7.6472,-14.1322,0.1746,1739336908283.0103
1338,2479109632,0,-14.9026,5.9639,-12.2934,-7.703,-13.9967,0.1612,1739336908293.0117
1339,2646881792,0,-14.8796,6.0101,-12.4256,-7.768,-13.9606,0.1947,1739336908303.0134
1340,2814653952,0,-14.7644,5.9177,-12.5578,-7.703,-13.78,0.2485,1739336908313.015
1341,2982426112,0,-14.5111,5.8483,-12.69,-7.6379,-13.5,0.3156,1739336908323.0164
1342,3150198272,0,-14.2347,5.9177,-12.9543,-7.6658,-13.1569,0.3559,1739336908333.0178
1343,3317970432,0,-13.7279,5.8714,-13.0865,-7.6472,-12.6241,0.403,1739336908343.0193
1344,3485742592,0,-13.2673,5.779,-13.0865,-7.545,-12.0913,0.4097,1739336908353.0208
1345,3653514752,0,-13.1291,5.7096,-13.2187,-7.4242,-11.8385,0.403,1739336908363.0222
1346,3821286912,0,-13.106,5.6634,-13.3509,-7.3499,-11.7843,0.3963,1739336908373.024
1347,3989059072,0,-13.106,5.6865,-13.3509,-7.3313,-11.703,0.4231,1739336908383.0254
1348,4156831232,0,-12.9909,5.7327,-13.4831,-7.3499,-11.5405,0.4433,1739336908393.0269
1349,29701632,0,-12.7144,5.7558,-13.6153,-7.4056,-11.2696,0.4634,1739336908403.0283
1350,197473792,0,-12.2077,5.7327,-13.8797,-7.4242,-10.791,0.4903,1739336908413.0298
1351,365245952,0,-11.5628,5.5478,-13.8797,-7.2941,-10.1589,0.4634,1739336908423.0312
1352,533018112,0,-11.01,5.3398,-13.6153,-7.099,-9.6351,0.4298,1739336908433.033
1353,700790272,0,-10.8257,5.2242,-13.7475,-6.941,-9.4184,0.3828,1739336908443.0344
1354,868562432,0,-10.9869,5.2704,-13.6153,-6.9503,-9.5448,0.3828,1739336908453.036
1355,1036334592,0,-11.0791,5.3398,-13.7475,-7.0247,-9.6532,0.3895,1739336908463.0374
1356,1204106752,0,-11.056,5.4091,-13.6153,-7.0804,-9.599,0.4164,1739336908473.0388
1357,1371878912,0,-10.8948,5.4091,-13.6153,-7.1269,-9.4636,0.4164,1739336908483.0403
1358,1539651072,0,-10.6184,5.4322,-14.0118,-7.2012,-9.2197,0.4164,1739336908493.0417
1359,1707423232,0,-10.0886,5.3398,-14.144,-7.1176,-8.7141,0.4164,1739336908503.0435
1360,1875195392,0,-9.7431,5.1086,-14.0118,-6.8946,-8.3528,0.3828,1739336908513.045
1361,2042967552,0,-9.7662,4.9237,-13.7475,-6.6437,-8.2987,0.3559,1739336908523.0464
1362,2210739712,0,-9.8813,4.8081,-13.6153,-6.4764,-8.389,0.3291,1739336908533.0479
1363,2378511872,0,-9.9274,4.7619,-13.3509,-6.3742,-8.4161,0.3089,1739336908543.0493
1364,2546284032,0,-9.7201,4.6694,-13.3509,-6.3185,-8.2987,0.3089,1739336908553.0508
1365,2714056192,0,-9.3516,4.5769,-13.2187,-6.2627,-8.0458,0.3022,1739336908563.0522
1366,2881828352,0,-8.8448,4.4613,-12.9543,-6.1977,-7.6575,0.2821,1739336908573.054
1367,3049600512,0,-8.292,4.2533,-12.8222,-6.049,-7.2783,0.2485,1739336908583.0554
1368,3217372672,0,-7.9465,4.0684,-12.8222,-5.9096,-7.0796,0.1813,1739336908593.057
1369,3385144832,0,-7.9004,3.999,-12.69,-5.7703,-7.1789,0.1141,1739336908603.0583
1370,3552916992,0,-7.9004,3.9066,-12.4256,-5.668,-7.3595,0.0335,1739336908613.0598
1371,3720689152,0,-7.8083,3.791,-12.4256,-5.5287,-7.4769,-0.0537,1739336908623.0613
1372,3888461312,0,-7.624,3.6061,-12.029,-5.38,-7.5582,-0.1343,1739336908633.0627
1373,4056233472,0,-7.5089,3.5598,-12.029,-5.3428,-7.6936,-0.2216,1739336908643.0645
1374,4224005632,0,-7.4398,3.4442,-11.8968,-5.2499,-7.8923,-0.3022,1739336908653.066
1375,96876032,0,-7.5089,3.3287,-11.6325,-5.1477,-8.2084,-0.3895,1739336908663.0674
1376,264648192,0,-7.6701,3.3055,-11.5003,-5.1384,-8.6508,-0.4701,1739336908673.0688
1377,432420352,0,-7.8083,3.3518,-11.1037,-5.1663,-9.0301,-0.5373,1739336908683.0703
1378,600192512,0,-7.9465,3.3749,-10.8393,-5.2034,-9.3823,-0.5978,1739336908693.0718
1379,767964672,0,-7.9695,3.3749,-10.7072,-5.2406,-9.6442,-0.6649,1739336908703.0732
1380,935736832,0,-7.8313,3.3055,-10.575,-5.2127,-9.7435,-0.7254,1739336908713.075
1381,1103508992,0,-7.7162,3.2593,-10.3106,-5.1942,-9.7435,-0.7724,1739336908723.0764
1382,1271281152,0,-7.6701,3.1437,-10.1784,-5.1198,-9.8519,-0.8329,1739336908733.078
1383,1439053312,0,-7.6701,3.1437,-10.0462,-5.1384,-9.9873,-0.8866,1739336908743.0793
1384,1606825472,0,-7.6701,3.1206,-9.7818,-5.1663,-10.1228,-0.9336,1739336908753.0808
1385,1774597632,0,-7.7162,3.1206,-9.7818,-5.157,-10.3124,-0.9806,1739336908763.0823
1386,1942369792,0,-7.7853,3.0513,-9.5175,-5.1198,-10.502,-1.0142,1739336908773.0837
1387,2110141952,0,-7.8083,2.9819,-9.3853,-5.0734,-10.6646,-1.0411,1739336908783.0854
1388,2277914112,0,-7.8313,2.9588,-9.3853,-5.0641,-10.782,-1.0679,1739336908793.087
1389,2445686272,0,-7.9926,3.0282,-9.2531,-5.0734,-11.0077,-1.0747,1739336908803.0884
1390,2613458432,0,-8.1538,3.0513,-9.2531,-5.0641,-11.2154,-1.0747,1739336908813.0898
1391,2781230592,0,-8.292,3.0282,-9.1209,-5.0269,-11.405,-1.0881,1739336908823.0913
1392,2949002752,0,-8.3381,3.0744,-8.9887,-5.1105,-11.5134,-1.0948,1739336908833.0928
1393,3116774912,0,-8.3381,3.1437,-8.8565,-5.2313,-11.4592,-1.0814,1739336908843.0942
1394,3284547072,0,-8.3841,3.1668,-8.8565,-5.2685,-11.4683,-1.0411,1739336908853.096
1395,3452319232,0,-8.5224,3.1668,-8.5922,-5.2499,-11.5134,-1.0209,1739336908863.0974
1396,3620091392,0,-8.5224,3.1668,-8.5922,-5.2313,-11.4321,-1.0075,1739336908873.0989
1397,3787863552,0,-8.4532,3.1437,-8.5922,-5.2034,-11.2696,-0.9873,1739336908883.1003
1398,3955635712,0,-8.4072,3.0744,-8.5922,-5.1477,-11.1251,-0.9806,1739336908893.1018
1399,4123407872,0,-8.3841,3.0513,-8.5922,-5.1198,-11.0348,-0.9605,1739336908903.1033
1400,4291180032,0,-8.315,3.0513,-8.7243,-5.1384,-10.9084,-0.947,1739336908913.1047
1401,164050432,0,-8.1768,2.9819,-8.7243,-5.1012,-10.7278,-0.9202,1739336908923.1064
1402,331822592,0,-8.0617,2.9357,-8.7243,-5.0269,-10.5743,-0.9067,1739336908933.108
1403,499594752,0,-8.0156,2.8895,-8.8565,-4.9897,-10.493,-0.8799,1739336908943.1094
1404,667366912,0,-7.9465,2.8895,-8.7243,-5.0176,-10.4569,-0.8597,1739336908953.1108
1405,835139072,0,-7.9465,2.9588,-8.8565,-5.0641,-10.4478,-0.8194,1739336908963.1123
1406,1002911232,0,-7.8774,3.005,-9.1209,-5.157,-10.3575,-0.7657,1739336908973.1138
1407,1170683392,0,-7.6931,3.0513,-9.3853,-5.2127,-10.1137,-0.7254,1739336908983.1152
1408,1338455552,0,-7.6471,3.0282,-9.1209,-5.2406,-10.0054,-0.7052,1739336908993.117
1409,1506227712,0,-7.6471,3.005,-9.1209,-5.1942,-10.0234,-0.6985,1739336909003.1184
1410,1673999872,0,-7.4858,2.9357,-9.3853,-5.1477,-9.9241,-0.7052,1739336909013.1199
1411,1841772032,0,-7.3476,2.8895,-9.3853,-5.1198,-9.7977,-0.7119,1739336909023.1213
1412,2009544192,0,-7.3707,2.8663,-9.5175,-5.0919,-9.8157,-0.7119,1739336909033.1228
1413,2177316352,0,-7.601,2.9126,-9.6497,-5.1105,-9.9331,-0.6985,1739336909043.1243
1414,2345088512,0,-7.7853,2.9819,-9.914,-5.1663,-10.0505,-0.6784,1739336909053.1257
1415,2512860672,0,-8.0156,3.0975,-9.914,-5.2406,-10.1679,-0.6448,1739336909063.1274
1416,2680632832,0,-8.2459,3.2131,-10.1784,-5.3707,-10.2943,-0.6045,1739336909073.129
1417,2848404992,0,-8.4302,3.3518,-10.1784,-5.5008,-10.3305,-0.5575,1739336909083.1304
1418,3016177152,0,-8.6145,3.5136,-10.4428,-5.5844,-10.3395,-0.497,1739336909093.1318
1419,3183949312,0,-8.8909,3.6523,-10.7072,-5.6959,-10.3485,-0.4433,1739336909103.1333
1420,3351721472,0,-9.2825,3.791,-10.7072,-5.7981,-10.5201,-0.3895,1739336909113.1348
1421,3519493632,0,-9.5819,3.8603,-11.2359,-5.8725,-10.5562,-0.3358,1739336909123.1365
1422,3687265792,0,-9.651,3.9528,-11.2359,-5.9003,-10.3214,-0.2485,1739336909133.138
1423,3855037952,0,-9.7892,3.9528,-11.6325,-5.9189,-10.1499,-0.1679,1739336909143.1394
1424,4022810112,0,-9.674,3.999,-12.029,-5.9096,-9.7796,-0.094,1739336909153.1409
1425,4190582272,0,-9.5589,4.1377,-12.5578,-6.0304,-9.3733,-0.0067,1739336909163.1423
1426,63452672,0,-9.4898,4.184,-13.0865,-6.1048,-8.9669,0.094,1739336909173.1438
1427,231224832,0,-9.5358,4.2764,-13.7475,-6.1698,-8.6057,0.188,1739336909183.1453
1428,398996992,0,-9.674,4.3689,-14.0118,-6.2534,-8.3348,0.2686,1739336909193.147
1429,566769152,0,-9.9044,4.5076,-14.4084,-6.3649,-8.109,0.3828,1739336909203.1484
1430,734541312,0,-10.2499,4.6232,-14.805,-6.4114,-8.0549,0.4701,1739336909213.15
1431,902313472,0,-10.4802,4.6925,-15.2015,-6.4579,-7.9646,0.5306,1739336909223.1514
1432,1070085632,0,-10.5954,4.785,-15.5981,-6.5415,-7.802,0.6045,1739336909233.1528
1433,1237857792,0,-10.7336,4.8312,-16.1269,-6.5879,-7.6214,0.6582,1739336909243.1543
1434,1405629952,0,-10.8487,4.9006,-16.3912,-6.6344,-7.3866,0.7119,1739336909253.1558
1435,1573402112,0,-11.1482,5.0161,-16.7878,-6.718,-7.3144,0.7657,1739336909263.1575
1436,1741174272,0,-11.3785,5.0855,-17.4487,-6.7366,-7.2512,0.8261,1739336909273.159
1437,1908946432,0,-11.4246,5.1317,-17.7131,-6.6902,-7.0435,0.8866,1739336909283.1604
1438,2076718592,0,-11.4476,5.1086,-18.1097,-6.6251,-6.7906,0.9403,1739336909293.1619
1439,2244490752,0,-11.6319,5.1086,-18.2419,-6.5787,-6.7094,0.9806,1739336909303.1633
1440,2412262912,0,-11.8392,5.1548,-18.5062,-6.5508,-6.6642,1.0008,1739336909313.1648
1441,2580035072,0,-11.9774,5.2242,-18.6384,-6.6065,-6.6191,1.0209,1739336909323.1663
1442,2747807232,0,-12.0234,5.2242,-18.7706,-6.6065,-6.5558,1.0209,1739336909333.168
1443,2915579392,0,-12.0925,5.2011,-18.7706,-6.5787,-6.5558,1.0142,1739336909343.1694
1444,3083351552,0,-12.2538,5.2011,-18.9028,-6.5508,-6.6461,1.0008,1739336909353.171
1445,3251123712,0,-12.415,5.2935,-18.9028,-6.6437,-6.7184,1.0075,1739336909363.1724
1446,3418895872,0,-12.6914,5.3166,-19.035,-6.7087,-6.9351,1.0209,1739336909373.1738
1447,3586668032,0,-12.8987,5.3398,-19.1672,-6.6809,-7.0796,1.0142,1739336909383.1753
1448,3754440192,0,-13.0369,5.3166,-19.1672,-6.6251,-7.1428,0.9941,1739336909393.1768
1449,3922212352,0,-13.1982,5.3166,-18.9028,-6.5508,-7.3054,0.9672,1739336909403.1785
1450,4089984512,0,-13.4285,5.2473,-18.7706,-6.4393,-7.5492,0.9336,1739336909413.18
1451,4257756672,0,-13.7049,5.2011,-18.7706,-6.3371,-7.811,0.9,1739336909423.1814
1452,130627072,0,-13.8661,5.2011,-18.6384,-6.2999,-8.091,0.8799,1739336909433.1829
1453,298399232,0,-14.1195,5.2011,-18.6384,-6.3092,-8.3619,0.8463,1739336909443.1843
1454,466171392,0,-14.2807,5.2011,-18.5062,-6.2906,-8.6057,0.806,1739336909453.1858
1455,633943552,0,-14.3268,5.1317,-18.374,-6.2349,-8.7231,0.759,1739336909463.1873
1456,801715712,0,-14.3268,5.1086,-18.1097,-6.1791,-8.8224,0.6918,1739336909473.189
1457,969487872,0,-14.4189,5.0624,-17.9775,-6.0862,-8.9579,0.6381,1739336909483.1904
1458,1137260032,0,-14.5111,4.9699,-17.8453,-6.0211,-9.1475,0.591,1739336909493.192
1459,1305032192,0,-14.6723,4.9237,-17.8453,-5.9933,-9.31,0.5642,1739336909503.1934
1460,1472804352,0,-14.8796,4.9699,-17.5809,-6.0397,-9.5719,0.5642,1739336909513.1948
1461,1640576512,0,-15.0639,5.0392,-17.5809,-6.1141,-9.7886,0.5843,1739336909523.1963
1462,1808348672,0,-15.0178,5.0855,-17.5809,-6.207,-9.8157,0.5776,1739336909533.1978
1463,1976120832,0,-14.7644,5.0161,-17.4487,-6.1512,-9.6442,0.5507,1739336909543.1995
1464,2143892992,0,-14.5802,4.9006,-17.0522,-6.0769,-9.5177,0.5239,1739336909553.201
1465,2311665152,0,-14.6262,4.8312,-16.92,-5.9747,-9.608,0.4836,1739336909563.2024
1466,2479437312,0,-14.6262,4.6925,-16.6556,-5.8446,-9.6351,0.4433,1739336909573.2039
1467,2647209472,0,-14.5571,4.6463,-16.3912,-5.761,-9.6532,0.4164,1739336909583.2053
1468,2814981632,0,-14.5571,4.6694,-16.259,-5.8074,-9.7164,0.403,1739336909593.2068
1469,2982753792,0,-14.5341,4.6925,-16.3912,-5.9096,-9.8157,0.3963,1739336909603.2083
1470,3150525952,0,-14.3729,4.6694,-16.259,-5.9375,-9.8338,0.3761,1739336909613.21
1471,3318298112,0,-14.1425,4.5538,-16.1269,-5.9003,-9.7977,0.3492,1739336909623.2114
1472,3486070272,0,-14.0965,4.4382,-15.8625,-5.826,-9.9422,0.2955,1739336909633.213
1473,3653842432,0,-14.0965,4.392,-15.5981,-5.7703,-10.2311,0.2216,1739336909643.2144
1474,3821614592,0,-14.0734,4.3458,-15.4659,-5.7424,-10.4478,0.1612,1739336909653.2158
1475,3989386752,0,-14.1656,4.3689,-15.2015,-5.7795,-10.782,0.1007,1739336909663.2173
1476,4157158912,0,-14.3268,4.3458,-15.0693,-5.8167,-11.2154,0.0268,1739336909673.2188
1477,30029312,0,-14.465,4.3689,-14.5406,-5.8167,-11.6037,-0.0403,1739336909683.2205
1478,197801472,0,-14.5571,4.3458,-14.144,-5.7981,-12.0462,-0.1209,1739336909693.222
1479,365573632,0,-14.6723,4.2764,-13.6153,-5.7424,-12.4796,-0.2149,1739336909703.2234
1480,533345792,0,-14.9026,4.2533,-13.0865,-5.7331,-13.0485,-0.3089,1739336909713.2249
1481,701117952,0,-15.0178,4.184,-12.69,-5.6587,-13.5091,-0.3963,1739336909723.2263
1482,868890112,0,-14.9948,4.0915,-12.2934,-5.5751,-13.8251,-0.4836,1739336909733.2278
1483,1036662272,0,-14.9948,3.9528,-11.8968,-5.4822,-14.1231,-0.5776,1739336909743.2295
1484,1204434432,0,-14.9717,3.8603,-11.3681,-5.3893,-14.4121,-0.6649,1739336909753.231
1485,1372206592,0,-14.9948,3.8141,-11.2359,-5.3707,-14.8004,-0.7388,1739336909763.2324
1486,1539978752,0,-14.9717,3.7447,-10.9715,-5.3521,-15.0803,-0.7791,1739336909773.234
1487,1707750912,0,-14.9487,3.6985,-10.4428,-5.3521,-15.297,-0.8194,1739336909783.2354
1488,1875523072,0,-15.133,3.7447,-10.0462,-5.3986,-15.7215,-0.8597,1739336909793.2368
1489,2043295232,0,-15.2481,3.7216,-9.7818,-5.4265,-16.0827,-0.9067,1739336909803.2383
1490,2211067392,0,-15.156,3.6754,-9.5175,-5.4357,-16.2362,-0.947,1739336909813.24
1491,2378839552,0,-15.0178,3.6292,-9.3853,-5.4636,-16.3175,-0.9873,1739336909823.2415
1492,2546611712,0,-14.9948,3.6292,-9.1209,-5.5287,-16.489,-1.0075,1739336909833.243
1493,2714383872,0,-14.9717,3.6754,-8.8565,-5.6216,-16.6967,-1.0209,1739336909843.2444
1494,2882156032,0,-14.8796,3.6061,-8.8565,-5.6402,-16.7328,-1.0276,1739336909853.2458
1495,3049928192,0,-14.8566,3.6061,-8.7243,-5.6773,-16.8322,-1.0344,1739336909863.2473
1496,3217700352,0,-14.8105,3.6292,-8.46,-5.7238,-16.9134,-1.0545,1739336909873.2488
1497,3385472512,0,-14.6953,3.6754,-8.46,-5.7703,-16.8502,-1.0545,1739336909883.2505
1498,3553244672,0,-14.6262,3.6523,-8.46,-5.8074,-16.8412,-1.0612,1739336909893.252
1499,3721016832,0,-14.3729,3.6061,-8.46,-5.8074,-16.6425,-1.0545,1739336909903.2534
1500,3888788992,0,-14.1195,3.5598,-8.5922,-5.7703,-16.3987,-1.0478,1739336909913.255
1501,4056561152,0,-13.8892,3.5136,-8.5922,-5.7424,-16.173,-1.0209,1739336909923.2563
1502,4224333312,0,-13.7279,3.4674,-8.8565,-5.7331,-15.9382,-1.0075,1739336909933.2578
1503,97203712,0,-13.6588,3.5136,-8.8565,-5.7424,-15.7847,-0.9806,1739336909943.2593
1504,264975872,0,-13.6128,3.5367,-8.9887,-5.7981,-15.6582,-0.9269,1739336909953.261
1505,432748032,0,-13.5437,3.6061,-9.1209,-5.9003,-15.5409,-0.8866,1739336909963.2625
1506,600520192,0,-13.4515,3.6985,-9.2531,-5.9933,-15.3693,-0.8463,1739336909973.264
1507,768292352,0,-13.2903,3.6985,-9.6497,-5.984,-15.1887,-0.806,1739336909983.2654
1508,936064512,0,-13.0369,3.6061,-9.6497,-5.891,-14.9268,-0.8127,1739336909993.2668
1509,1103836672,0,-12.8296,3.5136,-9.7818,-5.7424,-14.6559,-0.8127,1739336910003.2683
1510,1271608832,0,-12.7375,3.4674,-9.7818,-5.668,-14.5024,-0.806,1739336910013.2698
1511,1439380992,0,-12.7144,3.4674,-9.914,-5.6402,-14.4392,-0.7993,1739336910023.2715
1512,1607153152,0,-12.6223,3.4905,-10.0462,-5.6587,-14.3128,-0.7724,1739336910033.273
1513,1774925312,0,-12.5532,3.5367,-10.1784,-5.7052,-14.1231,-0.7455,1739336910043.2744
1514,1942697472,0,-12.5532,3.5829,-10.1784,-5.7795,-14.0599,-0.6985,1739336910053.276
1515,2110469632,0,-12.6223,3.6523,-10.3106,-5.8539,-14.1322,-0.6784,1739336910063.2773
1516,2278241792,0,-12.5302,3.7679,-10.3106,-5.9561,-14.0599,-0.6716,1739336910073.2788
1517,2446013952,0,-12.3459,3.8603,-10.3106,-6.0118,-13.8342,-0.6716,1739336910083.2803
1518,2613786112,0,-12.2998,3.8834,-10.3106,-6.0397,-13.7168,-0.6716,1739336910093.282
1519,2781558272,0,-12.3229,3.9066,-10.575,-5.9933,-13.6445,-0.6649,1739336910103.2834
1520,2949330432,0,-12.2998,3.9297,-10.7072,-5.9933,-13.5362,-0.6313,1739336910113.285
1521,3117102592,0,-12.3459,3.9759,-10.8393,-6.0397,-13.4368,-0.5978,1739336910123.2864
1522,3284874752,0,-12.4611,4.0915,-10.8393,-6.1141,-13.4007,-0.5507,1739336910133.2878
1523,3452646912,0,-12.5302,4.2302,-11.2359,-6.2534,-13.3014,-0.4903,1739336910143.2893
1524,3620419072,0,-12.5302,4.3226,-11.5003,-6.3371,-13.0485,-0.4097,1739336910153.2908
1525,3788191232,0,-12.4841,4.4151,-11.6325,-6.4393,-12.7415,-0.3224,1739336910163.2925
1526,3955963392,0,-12.4611,4.4845,-11.8968,-6.5043,-12.4435,-0.235,1739336910173.294
1527,4123735552,0,-12.3459,4.4845,-12.2934,-6.4764,-12.1094,-0.1679,1739336910183.2954
1528,4291507712,0,-12.2077,4.4613,-12.2934,-6.3928,-11.7301,-0.1209,1739336910193.2969
1529,164378112,0,-12.0925,4.4613,-12.5578,-6.3835,-11.378,-0.0604,1739336910203.2983
1530,332150272,0,-11.9313,4.5307,-12.69,-6.3835,-10.9716,-0.0134,1739336910213.2998
1531,499922432,0,-11.8392,4.5538,-13.0865,-6.3742,-10.6465,0.047,1739336910223.3013
1532,667694592,0,-11.6088,4.4613,-13.6153,-6.2999,-10.2221,0.094,1739336910233.303
1533,835466752,0,-11.2633,4.4613,-13.7475,-6.2627,-9.6532,0.1544,1739336910243.3044
1534,1003238912,0,-10.9409,4.5307,-14.144,-6.2906,-9.1204,0.2216,1739336910253.306
1535,1171011072,0,-10.7796,4.5307,-14.4084,-6.3092,-8.7863,0.2821,1739336910263.3074
1536,1338783232,0,-10.6184,4.5538,-14.6728,-6.2999,-8.4341,0.3425,1739336910273.3088
1537,1506555392,0,-10.5493,4.6694,-14.805,-6.3835,-8.1181,0.4097,1739336910283.3103
1538,1674327552,0,-10.5263,4.6694,-15.0693,-6.3742,-7.802,0.4836,1739336910293.3118
1539,1842099712,0,-10.4572,4.6925,-15.3337,-6.3464,-7.4769,0.5507,1739336910303.3135
1540,2009871872,0,-10.3881,4.8081,-15.3337,-6.4207,-7.1699,0.6112,1739336910313.315
1541,2177644032,0,-10.4341,4.9006,-15.5981,-6.5415,-6.9983,0.7119,1739336910323.3164
1542,2345416192,0,-10.365,4.9006,-15.8625,-6.5322,-6.7364,0.7791,1739336910333.3179
1543,2513188352,0,-10.4111,4.9468,-15.8625,-6.5229,-6.6281,0.7993,1739336910343.3193
1544,2680960512,0,-10.5493,5.0161,-15.8625,-6.5694,-6.6191,0.8463,1739336910353.3208
1545,2848732672,0,-10.8027,5.0855,-16.1269,-6.6251,-6.7455,0.8866,1739336910363.3223
1546,3016504832,0,-11.056,5.1086,-16.1269,-6.6065,-6.89,0.9135,1739336910373.324
1547,3184276992,0,-11.2633,5.1548,-16.259,-6.6344,-6.9893,0.9269,1739336910383.3254
1548,3352049152,0,-11.4476,5.2473,-16.1269,-6.6994,-7.1518,0.9202,1739336910393.327
1549,3519821312,0,-11.5397,5.2935,-16.1269,-6.7273,-7.2602,0.9135,1739336910403.3284
1550,3687593472,0,-11.747,5.3166,-15.9947,-6.7366,-7.513,0.8933,1739336910413.3298
1551,3855365632,0,-11.9774,5.3398,-16.1269,-6.7273,-7.793,0.8597,1739336910423.3313
1552,4023137792,0,-12.2307,5.4091,-15.9947,-6.7459,-8.091,0.8194,1739336910433.333
1553,4190909952,0,-12.5762,5.4553,-15.8625,-6.7831,-8.4341,0.7858,1739336910443.3345
1554,63780352,0,-12.9448,5.5478,-15.9947,-6.8574,-8.8224,0.759,1739336910453.336
1555,231552512,0,-13.2903,5.6865,-15.7303,-6.9782,-9.1836,0.7657,1739336910463.3374
1556,399324672,0,-13.5206,5.7558,-15.5981,-7.0711,-9.4455,0.7657,1739336910473.3389
1557,567096832,0,-13.6819,5.779,-15.4659,-7.1269,-9.6803,0.7321,1739336910483.3403
1558,734868992,0,-13.8431,5.779,-15.2015,-7.164,-9.897,0.6851,1739336910493.3418
1559,902641152,0,-13.9352,5.779,-15.2015,-7.1176,-10.0776,0.6381,1739336910503.3435
1560,1070413312,0,-14.0504,5.7327,-14.9372,-7.034,-10.204,0.591,1739336910513.345
1561,1238185472,0,-14.2807,5.6634,-14.9372,-6.9317,-10.4388,0.544,1739336910523.3464
1562,1405957632,0,-14.4189,5.6634,-14.805,-6.8667,-10.6194,0.5172,1739336910533.348
1563,1573729792,0,-14.3729,5.6403,-14.805,-6.8574,-10.6014,0.5104,1739336910543.3494
1564,1741501952,0,-14.2116,5.594,-14.5406,-6.8481,-10.5201,0.5172,1739336910553.3508
1565,1909274112,0,-14.0965,5.5016,-14.4084,-6.7831,-10.493,0.5172,1739336910563.3523
1566,2077046272,0,-14.0734,5.386,-14.5406,-6.7087,-10.5472,0.5104,1739336910573.354
1567,2244818432,0,-14.0043,5.3166,-14.4084,-6.6437,-10.5562,0.4836,1739336910583.3555
1568,2412590592,0,-13.8892,5.2473,-14.4084,-6.5694,-10.5472,0.4366,1739336910593.357
1569,2580362752,0,-13.9122,5.1779,-14.2762,-6.4857,-10.5833,0.3963,1739336910603.3584
1570,2748134912,0,-13.8661,5.1086,-14.144,-6.43,-10.6465,0.3761,1739336910613.3599
1571,2915907072,0,-13.8431,5.0855,-14.0118,-6.3835,-10.7188,0.3425,1739336910623.3613
1572,3083679232,0,-13.8431,5.0392,-13.8797,-6.3278,-10.9084,0.3022,1739336910633.3628
1573,3251451392,0,-13.9583,4.9699,-13.7475,-6.2813,-11.1703,0.235,1739336910643.3645
1574,3419223552,0,-13.9122,4.9237,-13.4831,-6.1605,-11.3328,0.1477,1739336910653.366
1575,3586995712,0,-13.8201,4.8081,-13.4831,-6.0397,-11.4412,0.0403,1739336910663.3674
1576,3754767872,0,-14.0043,4.7619,-13.0865,-5.9654,-11.7662,-0.047,1739336910673.369
1577,3922540032,0,-14.2807,4.8312,-12.8222,-6.0211,-12.29,-0.1343,1739336910683.3704
1578,4090312192,0,-14.6262,4.9006,-12.5578,-6.0862,-12.8318,-0.1947,1739336910693.3718
1579,4258084352,0,-14.7644,4.8774,-12.4256,-6.0862,-13.2472,-0.2753,1739336910703.3733
1580,130954752,0,-14.8566,4.9006,-11.8968,-6.0676,-13.5633,-0.3761,1739336910713.375
1581,298726912,0,-14.9717,4.8543,-11.7647,-6.0583,-13.9696,-0.497,1739336910723.3765
1582,466499072,0,-15.1099,4.7619,-11.3681,-5.9561,-14.394,-0.6179,1739336910733.378
1583,634271232,0,-15.179,4.6694,-11.2359,-5.8539,-14.7823,-0.7388,1739336910743.3794
1584,802043392,0,-15.2942,4.6232,-10.8393,-5.761,-15.1255,-0.8261,1739336910753.3809
1585,969815552,0,-15.4554,4.5538,-10.4428,-5.7145,-15.5318,-0.9067,1739336910763.3823
1586,1137587712,0,-15.5015,4.4845,-10.1784,-5.6495,-15.8208,-0.9873,1739336910773.3838
1587,1305359872,0,-15.3172,4.2995,-9.7818,-5.4915,-15.9021,-1.0747,1739336910783.3855
1588,1473132032,0,-15.1099,4.1377,-9.6497,-5.3428,-15.9292,-1.1485,1739336910793.387
1589,1640904192,0,-15.0178,3.9297,-9.3853,-5.1849,-16.0465,-1.1889,1739336910803.3884
1590,1808676352,0,-15.0178,3.8603,-9.2531,-5.1477,-16.2091,-1.2157,1739336910813.39
1591,1976448512,0,-14.8796,3.8372,-9.1209,-5.1477,-16.2542,-1.2224,1739336910823.3914
1592,2144220672,0,-14.6953,3.791,-8.9887,-5.1477,-16.2362,-1.2157,1739336910833.3928
1593,2311992832,0,-14.488,3.6754,-8.9887,-5.0734,-16.1549,-1.2224,1739336910843.3943
1594,2479764992,0,-14.2347,3.6061,-8.9887,-5.0919,-16.0195,-1.2224,1739336910853.396
1595,2647537152,0,-14.0734,3.5598,-8.7243,-5.0919,-15.9382,-1.2157,1739336910863.3975
1596,2815309312,0,-13.9813,3.5136,-8.8565,-5.1291,-15.875,-1.1889,1739336910873.399
1597,2983081472,0,-13.9583,3.5367,-9.2531,-5.222,-15.8118,-1.162,1739336910883.4004
1598,3150853632,0,-13.8431,3.6754,-9.2531,-5.4357,-15.6673,-1.1284,1739336910893.4019
1599,3318625792,0,-13.7049,3.791,-9.3853,-5.603,-15.5228,-1.0747,1739336910903.4033
1600,3486397952,0,-13.4055,3.7679,-9.7818,-5.6309,-15.2338,-1.0344,1739336910913.4048
1601,3654170112,0,-13.06,3.6292,-9.914,-5.5658,-14.7643,-1.0142,1739336910923.4065
1602,3821942272,0,-12.7605,3.5136,-10.0462,-5.4543,-14.376,-1.0142,1739336910933.408
1603,3989714432,0,-12.5532,3.3749,-10.0462,-5.3149,-14.087,-1.0344,1739336910943.4094
1604,4157486592,0,-12.3459,3.2824,-10.0462,-5.1756,-13.798,-1.0411,1739336910953.411
1605,30356992,0,-12.0925,3.2362,-10.3106,-5.0734,-13.4729,-1.0209,1739336910963.4124
1606,198129152,0,-11.8622,3.2362,-10.4428,-5.0548,-13.184,-0.9873,1739336910973.4138
1607,365901312,0,-11.701,3.2362,-10.7072,-5.1012,-12.9311,-0.9336,1739336910983.4153
1608,533673472,0,-11.5167,3.2593,-10.8393,-5.1384,-12.6964,-0.8732,1739336910993.417
1609,701445632,0,-11.3324,3.3287,-11.1037,-5.1849,-12.4706,-0.8194,1739336911003.4185
1610,869217792,0,-11.1482,3.3749,-11.2359,-5.2406,-12.2629,-0.7791,1739336911013.42
1611,1036989952,0,-10.9869,3.4211,-11.3681,-5.2964,-12.0642,-0.7522,1739336911023.4214
1612,1204762112,0,-10.8948,3.4442,-11.2359,-5.2871,-11.9198,-0.7321,1739336911033.4229
1613,1372534272,0,-10.8718,3.4674,-11.5003,-5.2964,-11.7933,-0.7119,1739336911043.4243
1614,1540306432,0,-10.8027,3.5367,-11.5003,-5.3428,-11.7121,-0.7052,1739336911053.426
1615,1708078592,0,-10.7566,3.5598,-11.5003,-5.3428,-11.6037,-0.7052,1739336911063.4275
1616,1875850752,0,-10.8487,3.6061,-11.5003,-5.3707,-11.6127,-0.7052,1739336911073.429
1617,2043622912,0,-10.9409,3.7679,-11.6325,-5.4729,-11.694,-0.7187,1739336911083.4304
1618,2211395072,0,-10.9409,3.8603,-11.6325,-5.5565,-11.694,-0.7052,1739336911093.432
1619,2379167232,0,-11.033,3.9066,-11.7647,-5.603,-11.7662,-0.6918,1739336911103.4333
1620,2546939392,0,-11.3094,3.999,-11.7647,-5.6587,-11.9378,-0.6851,1739336911113.4348
1621,2714711552,0,-11.6549,4.1608,-11.7647,-5.826,-12.1997,-0.6515,1739336911123.4365
1622,2882483712,0,-11.9313,4.3226,-11.8968,-6.0583,-12.4074,-0.6112,1739336911133.438
1623,3050255872,0,-12.1616,4.5076,-12.029,-6.2349,-12.5428,-0.5507,1739336911143.4395
1624,3218028032,0,-12.3459,4.7387,-12.029,-6.4764,-12.6693,-0.497,1739336911153.441
1625,3385800192,0,-12.5762,4.9468,-11.8968,-6.6809,-12.8228,-0.4366,1739336911163.4424
1626,3553572352,0,-12.9218,5.0392,-12.029,-6.8017,-13.0937,-0.3761,1739336911173.4438
1627,3721344512,0,-13.3594,5.1317,-12.1612,-6.8853,-13.4549,-0.3291,1739336911183.4453
1628,3889116672,0,-13.797,5.2704,-12.2934,-7.0247,-13.789,-0.2821,1739336911193.447
1629,4056888832,0,-14.0734,5.4322,-12.2934,-7.1826,-13.9786,-0.2216,1739336911203.4485
1630,4224660992,0,-14.3038,5.4322,-12.1612,-7.1919,-14.0689,-0.1612,1739336911213.45
1631,97531392,0,-14.3268,5.4091,-12.1612,-7.1455,-14.078,-0.1276,1739336911223.4514
1632,265303552,0,-14.2807,5.4091,-12.1612,-7.1548,-13.9877,-0.0738,1739336911233.453
1633,433075712,0,-14.442,5.4553,-12.2934,-7.2012,-14.087,-0.0201,1739336911243.4543
1634,600847872,0,-14.6953,5.5709,-12.4256,-7.322,-14.2766,0.0201,1739336911253.4558
1635,768620032,0,-14.8566,5.6634,-12.69,-7.4428,-14.3218,0.0873,1739336911263.4575
1636,936392192,0,-14.8796,5.8252,-12.69,-7.5915,-14.2766,0.1544,1739336911273.459
1637,1104164352,0,-14.7414,5.8021,-13.0865,-7.6286,-14.0689,0.2216,1739336911283.4604
1638,1271936512,0,-14.5571,5.7327,-12.8222,-7.545,-13.7709,0.2418,1739336911293.462
1639,1439708672,0,-14.442,5.7327,-12.8222,-7.48,-13.6174,0.2686,1739336911303.4634
1640,1607480832,0,-14.3498,5.7096,-12.69,-7.3963,-13.4097,0.2888,1739336911313.4648
1641,1775252992,0,-14.1656,5.6634,-12.8222,-7.2848,-13.1659,0.3022,1739336911323.4663
1642,1943025152,0,-14.0504,5.5478,-12.9543,-7.1919,-12.9944,0.3022,1739336911333.468
1643,2110797312,0,-13.9122,5.4091,-13.0865,-7.0154,-12.7867,0.3156,1739336911343.4695
1644,2278569472,0,-13.5667,5.2473,-13.0865,-6.811,-12.4435,0.3022,1739336911353.471
1645,2446341632,0,-13.2903,5.1317,-13.0865,-6.6902,-12.1816,0.3089,1739336911363.4724
1646,2614113792,0,-13.1521,5.1317,-13.2187,-6.6716,-12.0101,0.3089,1739336911373.4739
1647,2781885952,0,-13.0139,5.1086,-13.2187,-6.6344,-11.8656,0.3089,1739336911383.4753
1648,2949658112,0,-12.9678,5.0624,-13.3509,-6.5879,-11.8295,0.3022,1739336911393.4768
1649,3117430272,0,-13.0369,5.0624,-13.3509,-6.5972,-11.8656,0.2955,1739336911403.4785
1650,3285202432,0,-13.1291,5.1317,-13.3509,-6.653,-11.9378,0.2955,1739336911413.48
1651,3452974592,0,-13.1521,5.2242,-13.4831,-6.7273,-12.0281,0.3089,1739336911423.4814
1652,3620746752,0,-13.3133,5.2935,-13.3509,-6.7738,-12.1365,0.3224,1739336911433.483
1653,3788518912,0,-13.5206,5.3398,-13.2187,-6.8295,-12.29,0.3291,1739336911443.4844
1654,3956291072,0,-13.774,5.3629,-13.2187,-6.8481,-12.4977,0.3291,1739336911453.4858
1655,4124063232,0,-13.9122,5.4322,-13.2187,-6.9317,-12.7054,0.3089,1739336911463.4873
1656,4291835392,0,-14.0504,5.4785,-13.2187,-6.9968,-12.8408,0.2955,1739336911473.489
1657,164705792,0,-14.0965,5.5247,-12.9543,-7.034,-12.9311,0.2686,1739336911483.4905
1658,332477952,0,-14.1656,5.5247,-12.9543,-7.034,-13.0395,0.2619,1739336911493.492
1659,500250112,0,-14.3959,5.5016,-12.8222,-7.0247,-13.2201,0.2485,1739336911503.4934
1660,668022272,0,-14.5571,5.5709,-12.8222,-7.0711,-13.3556,0.2485,1739336911513.4949
1661,835794432,0,-14.6262,5.6403,-12.69,-7.1362,-13.4097,0.2485,1739336911523.4963
1662,1003566592,0,-14.6493,5.6865,-12.69,-7.1919,-13.4459,0.2485,1739336911533.4978
1663,1171338752,0,-14.6723,5.6865,-12.5578,-7.2012,-13.482,0.2418,1739336911543.4995
1664,1339110912,0,-14.6262,5.6634,-12.5578,-7.164,-13.4278,0.235,1739336911553.501
1665,1506883072,0,-14.488,5.5709,-12.5578,-7.0804,-13.3014,0.2216,1739336911563.5024
1666,1674655232,0,-14.3729,5.5016,-12.4256,-7.0061,-13.175,0.2149,1739336911573.504
1667,1842427392,0,-14.2347,5.4322,-12.4256,-6.9317,-13.0305,0.2082,1739336911583.5054
1668,2010199552,0,-14.2116,5.4322,-12.5578,-6.941,-13.0034,0.2082,1739336911593.5068
1669,2177971712,0,-14.0734,5.3629,-12.69,-6.9132,-12.9131,0.2015,1739336911603.5083
1670,2345743872,0,-13.9813,5.2704,-12.69,-6.8202,-12.8137,0.1813,1739336911613.51
1671,2513516032,0,-13.8661,5.1548,-12.8222,-6.6994,-12.7144,0.1679,1739336911623.5115
1672,2681288192,0,-13.7279,5.0624,-12.69,-6.6158,-12.597,0.1477,1739336911633.513
1673,2849060352,0,-13.6128,4.993,-12.8222,-6.5508,-12.4435,0.141,1739336911643.5144
1674,3016832512,0,-13.4976,4.9468,-12.8222,-6.5322,-12.2719,0.1477,1739336911653.5159
1675,3184604672,0,-13.2903,4.9006,-12.8222,-6.495,-12.1184,0.1343,1739336911663.5173
1676,3352376832,0,-13.0139,4.8312,-12.69,-6.4393,-11.9198,0.1276,1739336911673.5188
1677,3520148992,0,-12.7144,4.7156,-12.5578,-6.3649,-11.7121,0.1074,1739336911683.5205
1678,3687921152,0,-12.392,4.5538,-12.8222,-6.2256,-11.405,0.0738,1739336911693.522
1679,3855693312,0,-12.0925,4.4613,-12.8222,-6.1141,-11.0709,0.047,1739336911703.5234
1680,4023465472,0,-11.9774,4.4151,-12.8222,-6.0583,-10.8813,0.0335,1739336911713.525
1681,4191237632,0,-11.9774,4.4151,-12.8222,-6.0304,-10.8271,0.0134,1739336911723.5264
1682,64108032,0,-11.7701,4.4151,-13.0865,-6.0211,-10.6194,-0.0201,1739336911733.5278
1683,231880192,0,-11.3785,4.3689,-13.0865,-5.9933,-10.195,-0.0403,1739336911743.5295
1684,399652352,0,-10.9639,4.2533,-13.2187,-5.8632,-9.8338,-0.0806,1739336911753.531
1685,567424512,0,-10.5723,4.1377,-13.2187,-5.7331,-9.4274,-0.141,1739336911763.5325
1686,735196672,0,-10.2959,4.0221,-13.3509,-5.6495,-9.1475,-0.1813,1739336911773.534
1687,902968832,0,-10.1808,4.0915,-13.4831,-5.6773,-8.9579,-0.2216,1739336911783.5354
1688,1070740992,0,-10.0426,4.0453,-13.4831,-5.6216,-8.7141,-0.2686,1739336911793.5369
1689,1238513152,0,-9.7201,3.999,-13.6153,-5.5658,-8.3348,-0.3224,1739336911803.5383
1690,1406285312,0,-9.2364,3.8603,-13.4831,-5.3893,-7.8743,-0.3761,1739336911813.54
1691,1574057472,0,-8.8679,3.6754,-13.6153,-5.1849,-7.4589,-0.4366,1739336911823.5415
1692,1741829632,0,-8.5915,3.5367,-13.4831,-4.9804,-7.1518,-0.5037,1739336911833.543
1693,1909601792,0,-8.4993,3.4211,-13.3509,-4.8411,-6.9983,-0.5776,1739336911843.5444
1694,2077373952,0,-8.4763,3.4905,-13.3509,-4.8875,-6.9532,-0.6313,1739336911853.546
1695,2245146112,0,-8.4532,3.5136,-13.3509,-4.9247,-6.9351,-0.6515,1739336911863.5474
1696,2412918272,0,-8.3381,3.398,-13.6153,-4.8132,-6.8448,-0.6985,1739336911873.5488
1697,2580690432,0,-8.1077,3.2824,-13.7475,-4.7203,-6.6642,-0.7455,1739336911883.5505
1698,2748462592,0,-7.8544,3.19,-13.7475,-4.5809,-6.4475,-0.7724,1739336911893.552
1699,2916234752,0,-7.6471,3.0282,-14.0118,-4.488,-6.303,-0.7993,1739336911903.5535
1700,3084006912,0,-7.7622,2.9819,-14.0118,-4.4136,-6.4023,-0.8194,1739336911913.555
1701,3251779072,0,-7.9004,2.9588,-14.2762,-4.395,-6.5288,-0.8194,1739336911923.5564
1702,3419551232,0,-8.0156,3.0744,-14.4084,-4.4787,-6.61,-0.806,1739336911933.5579
1703,3587323392,0,-8.0617,3.0744,-14.5406,-4.5065,-6.61,-0.7993,1739336911943.5593
1704,3755095552,0,-7.9235,3.0282,-14.5406,-4.4787,-6.4655,-0.806,1739336911953.561
1705,3922867712,0,-7.7622,3.0282,-14.6728,-4.4973,-6.3211,-0.8329,1739336911963.5625
1706,4090639872,0,-7.5319,2.8432,-14.6728,-4.3672,-6.1043,-0.8664,1739336911973.564
1707,4258412032,0,-7.4167,2.6814,-14.6728,-4.172,-5.9869,-0.9202,1739336911983.5654
1708,131282432,0,-7.4628,2.6352,-14.6728,-4.0698,-6.0411,-0.9672,1739336911993.567
1709,299054592,0,-7.4858,2.6121,-14.9372,-4.0327,-6.0411,-0.9806,1739336912003.5684
1710,466826752,0,-7.578,2.5427,-15.0693,-3.9862,-6.1224,-0.9873,1739336912013.5698
1711,634598912,0,-7.6701,2.5889,-15.0693,-4.0234,-6.2398,-0.9873,1739336912023.5715
1712,802371072,0,-7.8083,2.6121,-15.0693,-4.0791,-6.3572,-0.9873,1739336912033.573
1713,970143232,0,-7.7853,2.6352,-15.2015,-4.1627,-6.4204,-0.9941,1739336912043.5745
1714,1137915392,0,-7.7392,2.5658,-15.3337,-4.0977,-6.3933,-1.0008,1739336912053.576
1715,1305687552,0,-7.6931,2.4965,-15.3337,-4.0141,-6.3572,-1.0142,1739336912063.5774
1716,1473459712,0,-7.6701,2.4271,-15.2015,-3.9119,-6.3391,-1.0276,1739336912073.5789
1717,1641231872,0,-7.7162,2.3809,-15.2015,-3.8282,-6.3482,-1.0411,1739336912083.5803
1718,1809004032,0,-7.6931,2.3578,-15.0693,-3.7632,-6.303,-1.0344,1739336912093.582
1719,1976776192,0,-7.624,2.3809,-15.2015,-3.7446,-6.2308,-1.0209,1739336912103.5835
1720,2144548352,0,-7.5549,2.3347,-15.2015,-3.726,-6.1224,-1.0008,1739336912113.585
1721,2312320512,0,-7.4628,2.2422,-15.0693,-3.6052,-6.0231,-1.0142,1739336912123.5864
1722,2480092672,0,-7.3476,2.1266,-14.9372,-3.4473,-5.9599,-1.0344,1739336912133.588
1723,2647864832,0,-7.3016,2.0573,-14.9372,-3.3729,-5.9237,-1.0478,1739336912143.5894
1724,2815636992,0,-7.1864,2.0573,-15.0693,-3.3358,-5.8515,-1.0411,1739336912153.5908
1725,2983409152,0,-7.1634,1.9648,-14.9372,-3.2614,-5.8063,-1.0411,1739336912163.5925
1726,3151181312,0,-7.2555,1.9879,-14.9372,-3.2707,-5.8966,-1.0276,1739336912173.594
1727,3318953472,0,-7.2325,2.0804,-14.805,-3.3729,-5.9508,-1.0209,1739336912183.5955
1728,3486725632,0,-7.1634,2.1729,-14.805,-3.4658,-5.9237,-0.9873,1739336912193.597
1729,3654497792,0,-7.0252,2.1497,-14.805,-3.5216,-5.8966,-0.9739,1739336912203.5984
1730,3822269952,0,-6.9791,2.1729,-14.6728,-3.5495,-5.8966,-0.9739,1739336912213.5999
1731,3990042112,0,-6.9791,2.196,-14.6728,-3.6052,-5.9599,-0.9739,1739336912223.6013
1732,4157814272,0,-7.0482,2.2422,-14.805,-3.7074,-6.0231,-0.9605,1739336912233.603
1733,30684672,0,-7.0712,2.3809,-14.6728,-3.8561,-6.1314,-0.9336,1739336912243.6045
1734,198456832,0,-7.1634,2.5427,-14.5406,-4.0512,-6.2849,-0.9,1739336912253.606
1735,366228992,0,-7.2094,2.6352,-14.5406,-4.2092,-6.4204,-0.8664,1739336912263.6074
1736,534001152,0,-7.1403,2.6352,-14.5406,-4.2464,-6.4385,-0.8329,1739336912273.609
1737,701773312,0,-7.0943,2.6121,-14.5406,-4.2557,-6.4926,-0.8261,1739336912283.6104
1738,869545472,0,-7.2555,2.6814,-14.2762,-4.3393,-6.7364,-0.8127,1739336912293.6118
1739,1037317632,0,-7.5549,2.8895,-14.4084,-4.5344,-7.0886,-0.7858,1739336912303.6135
1740,1205089792,0,-7.9004,3.005,-14.144,-4.7017,-7.495,-0.7522,1739336912313.615
1741,1372861952,0,-8.0386,3.0513,-14.144,-4.7667,-7.7569,-0.7254,1739336912323.6165
1742,1540634112,0,-8.2229,3.19,-13.8797,-4.9154,-8.0368,-0.6985,1739336912333.618
1743,1708406272,0,-8.5224,3.2362,-13.7475,-4.9804,-8.407,-0.6582,1739336912343.6194
1744,1876178432,0,-8.7066,3.3287,-13.8797,-5.0826,-8.696,-0.6246,1739336912353.6208
1745,2043950592,0,-8.96,3.398,-13.7475,-5.2034,-9.0121,-0.5776,1739336912363.6226
1746,2211722752,0,-9.2364,3.5367,-13.6153,-5.3521,-9.3642,-0.5239,1739336912373.624
1747,2379494912,0,-9.5128,3.6985,-13.4831,-5.5194,-9.6713,-0.4634,1739336912383.6255
1748,2547267072,0,-9.6049,3.7447,-13.4831,-5.6216,-9.888,-0.4231,1739336912393.627
1749,2715039232,0,-9.5358,3.7447,-13.3509,-5.7052,-9.9151,-0.3694,1739336912403.6284
1750,2882811392,0,-9.3516,3.7447,-13.0865,-5.7238,-9.9241,-0.3425,1739336912413.63
1751,3050583552,0,-9.0982,3.6061,-12.9543,-5.668,-9.7977,-0.3089,1739336912423.6313
1752,3218355712,0,-9.0521,3.5136,-12.69,-5.5937,-9.8428,-0.3089,1739336912433.633
1753,3386127872,0,-9.2825,3.5598,-12.69,-5.668,-10.1228,-0.2821,1739336912443.6345
1754,3553900032,0,-9.4207,3.6754,-12.5578,-5.7981,-10.3395,-0.2552,1739336912453.636
1755,3721672192,0,-9.5128,3.7447,-12.69,-5.9096,-10.5381,-0.1947,1739336912463.6375
1756,3889444352,0,-9.4207,3.8603,-12.69,-6.0583,-10.5291,-0.1343,1739336912473.639
1757,4057216512,0,-9.3516,3.8603,-12.69,-6.1884,-10.5562,-0.0738,1739336912483.6404
1758,4224988672,0,-9.2594,3.8834,-12.5578,-6.2256,-10.502,-0.0134,1739336912493.6418
1759,97859072,0,-9.1673,3.8834,-12.4256,-6.2534,-10.5201,0.0134,1739336912503.6436
1760,265631232,0,-9.0752,3.8834,-12.4256,-6.2627,-10.4569,0.0335,1739336912513.645
1761,433403392,0,-9.0752,3.9759,-12.4256,-6.3556,-10.4298,0.0738,1739336912523.6465
1762,601175552,0,-9.2364,4.0684,-12.2934,-6.5136,-10.6104,0.1276,1739336912533.648
1763,768947712,0,-9.2134,4.1608,-12.4256,-6.6344,-10.6104,0.1746,1739336912543.6494
1764,936719872,0,-8.937,4.2533,-12.1612,-6.7645,-10.3305,0.2082,1739336912553.651
1765,1104492032,0,-8.7066,4.2071,-12.2934,-6.8202,-10.1137,0.2283,1739336912563.6523
1766,1272264192,0,-8.4993,4.1608,-12.2934,-6.7924,-9.897,0.235,1739336912573.654
1767,1440036352,0,-8.4302,4.1377,-12.4256,-6.7738,-9.7706,0.2418,1739336912583.6555
1768,1607808512,0,-8.4072,4.2995,-12.2934,-6.8667,-9.6983,0.2753,1739336912593.657
1769,1775580672,0,-8.4763,4.392,-12.2934,-6.9875,-9.7254,0.3156,1739336912603.6584
1770,1943352832,0,-8.3841,4.4382,-12.2934,-7.0433,-9.581,0.3358,1739336912613.66
1771,2111124992,0,-8.1308,4.4151,-12.2934,-7.0061,-9.283,0.3425,1739336912623.6614
1772,2278897152,0,-7.8313,4.3226,-12.4256,-6.9225,-9.003,0.3291,1739336912633.6628
1773,2446669312,0,-7.5319,4.184,-12.4256,-6.7924,-8.7502,0.3089,1739336912643.6646
1774,2614441472,0,-7.3246,4.0915,-12.5578,-6.6623,-8.5335,0.2955,1739336912653.666
1775,2782213632,0,-7.1864,4.0915,-12.69,-6.653,-8.3619,0.3022,1739336912663.6675
1776,2949985792,0,-7.1634,4.1146,-12.5578,-6.6994,-8.2716,0.3425,1739336912673.669
1777,3117757952,0,-7.1173,4.1377,-12.5578,-6.7366,-8.1722,0.3627,1739336912683.6704
1778,3285530112,0,-6.9791,4.1146,-12.4256,-6.7273,-8.0007,0.3694,1739336912693.6719
1779,3453302272,0,-6.7257,4.0453,-12.69,-6.7087,-7.793,0.3492,1739336912703.6733
1780,3621074432,0,-6.6336,4.0221,-12.69,-6.6902,-7.6575,0.3358,1739336912713.675
1781,3788846592,0,-6.6566,3.9528,-12.8222,-6.6344,-7.6124,0.3291,1739336912723.6765
1782,3956618752,0,-6.7027,3.9528,-12.69,-6.5972,-7.6033,0.3291,1739336912733.678
1783,4124390912,0,-6.7488,3.9759,-12.9543,-6.6344,-7.6304,0.3358,1739336912743.6794
1784,4292163072,0,-6.6797,3.9759,-12.9543,-6.6437,-7.5763,0.3425,1739336912753.681
1785,165033472,0,-6.5645,3.9528,-12.9543,-6.6158,-7.3686,0.3559,1739336912763.6824
1786,332805632,0,-6.3111,3.8834,-12.8222,-6.5601,-7.1609,0.3559,1739336912773.6838
1787,500577792,0,-6.0117,3.7447,-12.8222,-6.4393,-6.8629,0.3425,1739336912783.6855
1788,668349952,0,-5.7353,3.5829,-12.69,-6.2813,-6.6281,0.3224,1739336912793.687
1789,836122112,0,-5.5971,3.4905,-12.5578,-6.1791,-6.4565,0.3089,1739336912803.6885
1790,1003894272,0,-5.505,3.4905,-12.69,-6.1419,-6.3211,0.3089,1739336912813.69
1791,1171666432,0,-5.2516,3.4674,-12.69,-6.0862,-6.0682,0.3224,1739336912823.6914
1792,1339438592,0,-4.814,3.3287,-12.69,-5.9747,-5.6619,0.3089,1739336912833.6929
1793,1507210752,0,-4.3072,3.1437,-12.5578,-5.8167,-5.1652,0.3089,1739336912843.6943
1794,1674982912,0,-3.7314,2.9357,-12.5578,-5.6773,-4.6685,0.2821,1739336912853.696
1795,1842755072,0,-3.3859,2.8201,-12.5578,-5.5565,-4.3254,0.2552,1739336912863.6975
1796,2010527232,0,-3.0864,2.7739,-12.5578,-5.538,-4.0364,0.2418,1739336912873.699
1797,2178299392,0,-2.8331,2.7739,-12.5578,-5.538,-3.7204,0.2418,1739336912883.7004
1798,2346071552,0,-2.6949,2.7739,-12.4256,-5.5658,-3.5398,0.2485,1739336912893.702
1799,2513843712,0,-2.5567,2.7739,-12.5578,-5.5844,-3.3953,0.2552,1739336912903.7034
1800,2681615872,0,-2.1651,2.7508,-12.4256,-5.5751,-3.0612,0.2485,1739336912913.7048
1801,2849388032,0,-1.7505,2.6814,-12.5578,-5.5287,-2.6548,0.2485,1739336912923.7065
1802,3017160192,0,-1.3589,2.5889,-12.1612,-5.445,-2.2665,0.2485,1739336912933.708
1803,3184932352,0,-1.0825,2.4734,-12.1612,-5.3428,-1.9956,0.235,1739336912943.7095
1804,3352704512,0,-0.8522,2.3578,-12.029,-5.2499,-1.8421,0.2149,1739336912953.711
1805,3520476672,0,-0.5988,2.2653,-11.7647,-5.1477,-1.6705,0.188,1739336912963.7124
1806,3688248832,0,-0.3455,2.2191,-11.6325,-5.1105,-1.4357,0.1679,1739336912973.7139
1807,3856020992,0,-0.1612,2.1497,-11.5003,-5.0826,-1.3454,0.1477,1739336912983.7153
1808,4023793152,0,0.0,2.1035,-11.5003,-5.0826,-1.2281,0.141,1739336912993.717
1809,4191565312,0,0.0921,2.0573,-11.6325,-5.0641,-1.1648,0.141,1739336913003.7185
1810,64435712,0,0.1842,2.0573,-11.6325,-5.0734,-1.0926,0.1343,1739336913013.72
1811,232207872,0,0.3685,2.0342,-11.5003,-5.0734,-0.9301,0.141,1739336913023.7214
1812,399980032,0,0.4606,2.0573,-11.6325,-5.1384,-0.8307,0.1276,1739336913033.723
1813,567752192,0,0.6219,2.1035,-11.6325,-5.1477,-0.7133,0.1343,1739336913043.7244
1814,735524352,0,0.737,2.0342,-11.3681,-5.1105,-0.5418,0.1343,1739336913053.726
1815,903296512,0,0.8522,1.9417,-11.2359,-5.0176,-0.3792,0.1141,1739336913063.7275
1816,1071068672,0,1.1056,1.8492,-11.1037,-4.8689,-0.1444,0.094,1739336913073.729
1817,1238840832,0,1.2898,1.7799,-11.1037,-4.7667,0.018,0.0537,1739336913083.7305
1818,1406612992,0,1.5893,1.7337,-10.9715,-4.5902,0.2528,0.0201,1739336913093.732
1819,1574385152,0,1.7966,1.5718,-10.8393,-4.4229,0.4695,0.0067,1739336913103.7334
1820,1742157312,0,1.8657,1.5025,-10.575,-4.3207,0.5418,0.0,1739336913113.7349
1821,1909929472,0,1.9578,1.5025,-10.4428,-4.2835,0.5869,0.0,1739336913123.7366
1822,2077701632,0,2.119,1.4331,-10.575,-4.2557,0.7043,0.0134,1739336913133.738
1823,2245473792,0,2.4185,1.4331,-10.1784,-4.2092,0.9481,0.0201,1739336913143.7395
1824,2413245952,0,2.4645,1.3869,-10.1784,-4.1535,1.0294,0.0335,1739336913153.741
1825,2581018112,0,2.4645,1.3638,-10.0462,-4.1442,1.0384,0.0537,1739336913163.7424
1826,2748790272,0,2.4415,1.3407,-10.1784,-4.1349,1.0474,0.0671,1739336913173.744
1827,2916562432,0,2.4415,1.3407,-10.1784,-4.1163,1.0745,0.0671,1739336913183.7454
1828,3084334592,0,2.4645,1.3638,-10.1784,-4.1256,1.0836,0.0738,1739336913193.747
1829,3252106752,0,2.5336,1.3407,-10.1784,-4.0977,1.1558,0.0806,1739336913203.7485
1830,3419878912,0,2.6258,1.3176,-9.914,-4.0791,1.2551,0.094,1739336913213.75
1831,3587651072,0,2.6488,1.3176,-10.0462,-4.0698,1.2732,0.0873,1739336913223.7515
1832,3755423232,0,2.6488,1.3176,-10.1784,-4.0977,1.2642,0.1074,1739336913233.753
1833,3923195392,0,2.787,1.2944,-10.1784,-4.0977,1.3996,0.1209,1739336913243.7544
1834,4090967552,0,2.8791,1.3176,-9.914,-4.0977,1.4899,0.141,1739336913253.7559
1835,4258739712,0,2.9252,1.3176,-9.914,-4.107,1.499,0.1477,1739336913263.7576
1836,131610112,0,2.9252,1.3869,-9.914,-4.1535,1.4899,0.1612,1739336913273.759
1837,299382272,0,2.9252,1.41,-10.0462,-4.2185,1.4357,0.1679,1739336913283.7605
1838,467154432,0,2.8561,1.4794,-10.0462,-4.3021,1.3364,0.1679,1739336913293.762
1839,634926592,0,2.7179,1.5718,-10.1784,-4.4136,1.1919,0.1612,1739336913303.7634
1840,802698752,0,2.6027,1.6412,-10.0462,-4.5158,1.0294,0.1544,1739336913313.765
1841,970470912,0,2.4645,1.6874,-10.0462,-4.5809,0.903,0.1477,1739336913323.7664
1842,1138243072,0,2.3263,1.7568,-10.0462,-4.6366,0.7314,0.1544,1739336913333.768
1843,1306015232,0,2.1421,1.8723,-9.914,-4.7388,0.5327,0.1612,1739336913343.7695
1844,1473787392,0,2.0269,1.9417,-9.914,-4.8596,0.3341,0.1679,1739336913353.771
1845,1641559552,0,1.9348,1.9879,-10.0462,-4.9433,0.2257,0.1813,1739336913363.7725
1846,1809331712,0,1.8887,2.0573,-10.0462,-5.0083,0.1806,0.2015,1739336913373.774
1847,1977103872,0,1.8196,2.1266,-10.0462,-5.1105,0.0451,0.2283,1739336913383.7754
1848,2144876032,0,1.7735,2.1497,-10.0462,-5.1663,-0.0722,0.235,1739336913393.7769
1849,2312648192,0,1.8196,2.1035,-10.0462,-5.1198,-0.0632,0.2418,1739336913403.7786
1850,2480420352,0,1.7505,2.0573,-9.914,-5.0734,-0.1173,0.2485,1739336913413.78
1851,2648192512,0,1.5432,2.0342,-9.914,-5.0362,-0.3341,0.2552,1739336913423.7815
1852,2815964672,0,1.2898,2.0573,-10.1784,-5.0548,-0.5327,0.2418,1739336913433.783
1853,2983736832,0,1.0825,2.1729,-10.0462,-5.1756,-0.7495,0.2552,1739336913443.7844
1854,3151508992,0,0.9443,2.3116,-10.1784,-5.3614,-0.8668,0.2686,1739336913453.786
1855,3319281152,0,0.8522,2.4503,-10.3106,-5.5194,-0.9301,0.2955,1739336913463.7874
1856,3487053312,0,0.9443,2.4734,-10.3106,-5.5658,-0.8488,0.3156,1739336913473.789
1857,3654825472,0,1.1286,2.3809,-10.1784,-5.4915,-0.6411,0.3224,1739336913483.7905
1858,3822597632,0,1.2668,2.2653,-9.914,-5.3428,-0.5147,0.3089,1739336913493.792
1859,3990369792,0,1.3359,2.2422,-9.914,-5.2685,-0.4424,0.2955,1739336913503.7935
1860,4158141952,0,1.3359,2.3116,-9.914,-5.3149,-0.3973,0.3022,1739336913513.795
1861,31012352,0,1.3129,2.3578,-10.0462,-5.3614,-0.4153,0.3224,1739336913523.7964
1862,198784512,0,1.2898,2.3578,-10.0462,-5.3614,-0.3792,0.3492,1739336913533.7979
1863,366556672,0,1.4971,2.3347,-10.0462,-5.3428,-0.2076,0.3627,1739336913543.7996
1864,534328832,0,1.7275,2.3116,-9.7818,-5.3149,0.0,0.3761,1739336913553.801
1865,702100992,0,1.8196,2.3116,-9.914,-5.3149,0.1173,0.3895,1739336913563.8025
1866,869873152,0,1.7966,2.3578,-9.914,-5.3614,0.0903,0.3895,1739336913573.804
1867,1037645312,0,1.6584,2.4271,-10.0462,-5.4543,0.0,0.403,1739336913583.8054
1868,1205417472,0,1.5202,2.4965,-10.0462,-5.5565,-0.1264,0.4097,1739336913593.807
1869,1373189632,0,1.428,2.6352,-9.914,-5.668,-0.1986,0.4231,1739336913603.8083
1870,1540961792,0,1.3359,2.7045,-10.0462,-5.7981,-0.2799,0.45,1739336913613.81
1871,1708733952,0,1.2438,2.8201,-10.0462,-5.9096,-0.316,0.4567,1739336913623.8115
1872,1876506112,0,1.2207,2.8663,-10.0462,-5.984,-0.316,0.4701,1739336913633.813
1873,2044278272,0,1.1747,2.9126,-10.0462,-6.0118,-0.2979,0.4769,1739336913643.8145
1874,2212050432,0,1.1977,2.9126,-10.1784,-6.0211,-0.2979,0.4769,1739336913653.816
1875,2379822592,0,1.1747,2.9126,-10.1784,-5.9933,-0.2799,0.4701,1739336913663.8174
1876,2547594752,0,1.0825,2.8895,-10.1784,-5.9654,-0.3702,0.45,1739336913673.819
1877,2715366912,0,0.8983,2.8895,-10.3106,-5.9282,-0.4966,0.4433,1739336913683.8206
1878,2883139072,0,0.737,2.9357,-10.3106,-5.9654,-0.623,0.45,1739336913693.822
1879,3050911232,0,0.714,3.005,-10.1784,-6.0583,-0.6953,0.4567,1739336913703.8235
1880,3218683392,0,0.691,3.0513,-10.4428,-6.1233,-0.7133,0.4701,1739336913713.825
1881,3386455552,0,0.7831,3.005,-10.4428,-6.0955,-0.5959,0.4769,1739336913723.8264
1882,3554227712,0,0.8061,2.9357,-10.3106,-6.0304,-0.5508,0.4634,1739336913733.828
1883,3721999872,0,0.8061,2.8663,-10.3106,-5.9468,-0.5418,0.4567,1739336913743.8296
1884,3889772032,0,0.8292,2.8201,-10.3106,-5.8818,-0.5508,0.45,1739336913753.831
1885,4057544192,0,0.8983,2.7508,-10.1784,-5.826,-0.4966,0.4298,1739336913763.8325
1886,4225316352,0,0.9904,2.6583,-10.1784,-5.7424,-0.4153,0.4298,1739336913773.834
1887,98186752,0,1.0825,2.5196,-10.1784,-5.5844,-0.325,0.403,1739336913783.8354
1888,265958912,0,1.2898,2.3116,-10.0462,-5.3614,-0.1986,0.3627,1739336913793.837
1889,433731072,0,1.4741,2.1497,-10.0462,-5.1477,-0.0632,0.3089,1739336913803.8384
1890,601503232,0,1.6123,2.0573,-9.914,-5.0176,0.0451,0.2485,1739336913813.84
1891,769275392,0,1.5662,2.0342,-9.914,-4.9061,0.018,0.188,1739336913823.8416
1892,937047552,0,1.4511,1.8955,-9.914,-4.7667,-0.1354,0.1209,1739336913833.843
1893,1104819712,0,1.3359,1.8261,-9.914,-4.6273,-0.2979,0.0335,1739336913843.8445
1894,1272591872,0,1.3129,1.7568,-9.914,-4.5065,-0.3973,-0.0537,1739336913853.846
1895,1440364032,0,1.2668,1.6412,-9.914,-4.3486,-0.4966,-0.1612,1739336913863.8474
1896,1608136192,0,1.2207,1.5487,-9.914,-4.1999,-0.6501,-0.2485,1739336913873.8489
1897,1775908352,0,1.0825,1.5256,-10.0462,-4.1256,-0.8307,-0.3425,1739336913883.8506
1898,1943680512,0,0.8522,1.4563,-10.0462,-4.0327,-1.1107,-0.4366,1739336913893.852
1899,2111452672,0,0.5297,1.4563,-10.1784,-4.0048,-1.4899,-0.5239,1739336913903.8535
1900,2279224832,0,0.1151,1.4331,-10.1784,-3.9862,-1.9595,-0.6246,1739336913913.855
1901,2446996992,0,-0.1151,1.4794,-10.1784,-4.0234,-2.3207,-0.7187,1739336913923.8564
1902,2614769152,0,-0.2533,1.3869,-10.3106,-3.9583,-2.5555,-0.7926,1739336913933.858
1903,2782541312,0,-0.4376,1.2482,-10.1784,-3.8468,-2.8174,-0.8799,1739336913943.8594
1904,2950313472,0,-0.6679,1.2482,-10.1784,-3.8561,-3.1424,-0.9538,1739336913953.861
1905,3118085632,0,-0.9674,1.1789,-10.3106,-3.8375,-3.5037,-1.0209,1739336913963.8625
1906,3285857792,0,-1.2668,1.1558,-10.3106,-3.8468,-3.8016,-1.0747,1739336913973.864
1907,3453629952,0,-1.5893,1.1326,-10.4428,-3.8004,-4.1809,-1.1217,1739336913983.8655
1908,3621402112,0,-1.8887,1.0864,-10.4428,-3.7632,-4.5512,-1.1754,1739336913993.867
1909,3789174272,0,-2.119,1.0633,-10.4428,-3.7353,-4.813,-1.2224,1739336914003.8684
1910,3956946432,0,-2.1651,0.9015,-10.4428,-3.5866,-4.9394,-1.2426,1739336914013.8699
1911,4124718592,0,-2.2572,0.7859,-10.575,-3.5216,-5.0388,-1.2896,1739336914023.8716
1912,4292490752,0,-2.3954,0.7165,-10.4428,-3.4287,-5.2013,-1.3232,1739336914033.873
1913,165361152,0,-2.5567,0.6472,-10.4428,-3.3358,-5.3819,-1.3568,1739336914043.8745
1914,333133312,0,-2.6488,0.6472,-10.4428,-3.3729,-5.4361,-1.3635,1739336914053.876
1915,500905472,0,-2.6488,0.601,-10.3106,-3.4008,-5.4632,-1.3702,1739336914063.8774
1916,668677632,0,-2.7179,0.5316,-10.3106,-3.3358,-5.5174,-1.3769,1739336914073.879
1917,836449792,0,-2.7409,0.4623,-10.4428,-3.2893,-5.5354,-1.3971,1739336914083.8804
1918,1004221952,0,-2.7409,0.4854,-10.3106,-3.3358,-5.5354,-1.3904,1739336914093.882
1919,1171994112,0,-2.8561,0.416,-10.4428,-3.3172,-5.6167,-1.3836,1739336914103.8835
1920,1339766272,0,-3.0173,0.3467,-10.4428,-3.2243,-5.7522,-1.3836,1739336914113.885
1921,1507538432,0,-3.1095,0.3236,-10.575,-3.2057,-5.8334,-1.3769,1739336914123.8865
1922,1675310592,0,-3.1325,0.3467,-10.575,-3.2428,-5.8786,-1.3635,1739336914133.888
1923,1843082752,0,-3.1555,0.3467,-10.7072,-3.2335,-5.9147,-1.3433,1739336914143.8894
1924,2010854912,0,-3.1555,0.3236,-10.7072,-3.1778,-5.9147,-1.3568,1739336914153.8909
1925,2178627072,0,-3.1786,0.2773,-10.7072,-3.1499,-5.8966,-1.3568,1739336914163.8926
1926,2346399232,0,-3.2937,0.3005,-10.4428,-3.1499,-5.996,-1.3568,1739336914173.894
1927,2514171392,0,-3.501,0.3005,-10.575,-3.1128,-6.1856,-1.3433,1739336914183.8955
1928,2681943552,0,-3.6623,0.3467,-10.575,-3.1035,-6.3752,-1.3433,1739336914193.897
1929,2849715712,0,-3.8005,0.4392,-10.7072,-3.1964,-6.5107,-1.3433,1739336914203.8984
1930,3017487872,0,-3.8235,0.4854,-10.7072,-3.215,-6.5378,-1.3366,1739336914213.9
1931,3185260032,0,-3.9156,0.4623,-10.7072,-3.1964,-6.5739,-1.3232,1739336914223.9014
1932,3353032192,0,-4.0999,0.4392,-10.575,-3.1592,-6.7726,-1.3299,1739336914233.903
1933,3520804352,0,-4.3303,0.4854,-10.7072,-3.2243,-7.0344,-1.3299,1739336914243.9045
1934,3688576512,0,-4.5836,0.5547,-10.575,-3.2707,-7.3234,-1.3366,1739336914253.906
1935,3856348672,0,-4.86,0.601,-10.8393,-3.3079,-7.5672,-1.3433,1739336914263.9075
1936,4024120832,0,-5.0673,0.6241,-10.7072,-3.3172,-7.7659,-1.3366,1739336914273.909
1937,4191892992,0,-5.2286,0.5779,-10.9715,-3.28,-7.9555,-1.3366,1739336914283.9104
1938,64763392,0,-5.4359,0.5779,-11.1037,-3.2707,-8.091,-1.3366,1739336914293.9119
1939,232535552,0,-5.505,0.6241,-11.1037,-3.2893,-8.1,-1.3299,1739336914303.9136
1940,400307712,0,-5.528,0.6472,-11.1037,-3.3172,-8.0458,-1.3165,1739336914313.915
1941,568079872,0,-5.5741,0.6703,-11.1037,-3.3265,-7.9916,-1.2963,1739336914323.9165
1942,735852032,0,-5.6662,0.6472,-11.1037,-3.2893,-7.9826,-1.2829,1739336914333.918
1943,903624192,0,-5.6432,0.601,-11.2359,-3.2521,-7.9375,-1.2695,1739336914343.9194
1944,1071396352,0,-5.551,0.5085,-11.6325,-3.1406,-7.6936,-1.256,1739336914353.921
1945,1239168512,0,-5.4359,0.4392,-11.8968,-3.0291,-7.4047,-1.2359,1739336914363.9226
1946,1406940672,0,-5.3898,0.4623,-12.029,-3.0013,-7.188,-1.2224,1739336914373.924
1947,1574712832,0,-5.2746,0.416,-12.2934,-2.9362,-6.89,-1.209,1739336914383.9255
1948,1742484992,0,-5.1595,0.3698,-12.2934,-2.8247,-6.6371,-1.1956,1739336914393.927
1949,1910257152,0,-4.8831,0.2311,-12.5578,-2.6667,-6.1946,-1.1821,1739336914403.9285
1950,2078029312,0,-4.7909,0.1618,-12.69,-2.5088,-5.9057,-1.1821,1739336914413.93
1951,2245801472,0,-4.7218,0.0693,-12.8222,-2.3322,-5.6799,-1.1687,1739336914423.9314
1952,2413573632,0,-4.6758,-0.0231,-13.2187,-2.165,-5.4542,-1.1687,1739336914433.933
1953,2581345792,0,-4.5606,-0.1386,-13.4831,-2.007,-5.1562,-1.1553,1739336914443.9346
1954,2749117952,0,-4.4454,-0.208,-13.6153,-1.8955,-4.8401,-1.1418,1739336914453.936
1955,2916890112,0,-4.3994,-0.2311,-13.8797,-1.8398,-4.6324,-1.1217,1739336914463.9375
1956,3084662272,0,-4.4685,-0.1849,-14.0118,-1.8398,-4.5241,-1.1082,1739336914473.939
1957,3252434432,0,-4.5606,-0.1618,-14.0118,-1.8583,-4.4518,-1.0881,1739336914483.9404
1958,3420206592,0,-4.6527,-0.0693,-14.144,-1.8955,-4.4608,-1.0881,1739336914493.942
1959,3587978752,0,-4.7909,-0.0462,-14.2762,-1.9141,-4.4608,-1.0814,1739336914503.9436
1960,3755750912,0,-4.9522,0.0,-14.4084,-1.9606,-4.515,-1.0814,1739336914513.945
1961,3923523072,0,-5.1595,0.0924,-14.5406,-2.0256,-4.6324,-1.0814,1739336914523.9465
1962,4091295232,0,-5.3668,0.1849,-14.805,-2.1185,-4.6956,-1.0747,1739336914533.948
1963,4259067392,0,-5.6201,0.2542,-14.805,-2.1929,-4.8582,-1.0679,1739336914543.9495
1964,131937792,0,-5.8274,0.2773,-14.9372,-2.23,-4.9394,-1.0747,1739336914553.951
1965,299709952,0,-5.9887,0.2542,-15.0693,-2.2114,-5.0568,-1.0881,1739336914563.9524
1966,467482112,0,-6.1499,0.1849,-15.2015,-2.0906,-5.2374,-1.115,1739336914573.954
1967,635254272,0,-6.3342,0.0924,-15.4659,-1.9048,-5.3548,-1.1553,1739336914583.9556
1968,803026432,0,-6.5875,-0.0231,-15.4659,-1.719,-5.5896,-1.1821,1739336914593.957
1969,970798592,0,-6.7948,-0.0924,-15.5981,-1.5982,-5.7973,-1.2224,1739336914603.9585
1970,1138570752,0,-6.9561,-0.0924,-15.5981,-1.5145,-5.9779,-1.2359,1739336914613.96
1971,1306342912,0,-7.1173,-0.1155,-15.7303,-1.4681,-6.1405,-1.2493,1739336914623.9614
1972,1474115072,0,-7.3476,-0.0924,-15.4659,-1.4774,-6.3662,-1.2695,1739336914633.963
1973,1641887232,0,-7.5549,-0.0693,-15.4659,-1.5145,-6.6461,-1.2762,1739336914643.9646
1974,1809659392,0,-7.7162,-0.0231,-15.4659,-1.5517,-6.8538,-1.2829,1739336914653.966
1975,1977431552,0,-7.8313,0.0,-15.5981,-1.5982,-6.9983,-1.2762,1739336914663.9675
1976,2145203712,0,-7.8774,0.0693,-15.4659,-1.626,-7.0796,-1.2762,1739336914673.969
1977,2312975872,0,-7.9465,-0.0231,-15.3337,-1.5796,-7.1789,-1.2896,1739336914683.9705
1978,2480748032,0,-7.9695,-0.1386,-15.2015,-1.4402,-7.2512,-1.3165,1739336914693.972
1979,2648520192,0,-7.9926,-0.2542,-14.9372,-1.3101,-7.3144,-1.3501,1739336914703.9734
1980,2816292352,0,-8.0617,-0.3236,-14.805,-1.2079,-7.3957,-1.3702,1739336914713.975
1981,2984064512,0,-8.0386,-0.3929,-14.805,-1.1057,-7.4498,-1.3769,1739336914723.9766
1982,3151836672,0,-7.9926,-0.4854,-14.9372,-1.0221,-7.4318,-1.3836,1739336914733.978
1983,3319608832,0,-7.9926,-0.5316,-14.805,-0.9756,-7.4047,-1.3836,1739336914743.9795
1984,3487380992,0,-8.0156,-0.5316,-14.805,-0.9291,-7.4679,-1.3769,1739336914753.981
1985,3655153152,0,-8.0617,-0.5547,-14.805,-0.9013,-7.5401,-1.3702,1739336914763.9824
1986,3822925312,0,-8.0156,-0.5779,-14.6728,-0.892,-7.513,-1.3635,1739336914773.984
1987,3990697472,0,-8.0386,-0.5779,-14.6728,-0.9106,-7.5672,-1.3568,1739336914783.9856
1988,4158469632,0,-8.1077,-0.5085,-14.6728,-0.9756,-7.6124,-1.3568,1739336914793.987
1989,31340032,0,-8.0847,-0.4854,-14.6728,-1.0314,-7.5853,-1.3366,1739336914803.9885
1990,199112192,0,-7.9695,-0.5316,-14.5406,-1.0221,-7.4679,-1.3366,1739336914813.99
1991,366884352,0,-7.8313,-0.5779,-14.5406,-0.9849,-7.3234,-1.3299,1739336914823.9915
1992,534656512,0,-7.578,-0.6241,-14.6728,-0.9477,-7.0796,-1.3299,1739336914833.993
1993,702428672,0,-7.2325,-0.7397,-14.5406,-0.9106,-6.7184,-1.3098,1739336914843.9944
1994,870200832,0,-6.7488,-0.7859,-14.5406,-0.8548,-6.294,-1.2762,1739336914853.996
1995,1037972992,0,-6.3802,-0.9015,-14.5406,-0.8269,-5.8966,-1.256,1739336914863.9976
1996,1205745152,0,-6.0347,-0.9246,-14.6728,-0.8362,-5.4993,-1.2292,1739336914873.999
1997,1373517312,0,-5.7123,-0.9939,-14.5406,-0.8641,-5.1381,-1.209,1739336914884.0005
1998,1541289472,0,-5.2286,-1.0402,-14.805,-0.8827,-4.6956,-1.1821,1739336914894.002
1999,1709061632,0,-4.7909,-1.0864,-14.6728,-0.8827,-4.199,-1.1485,1739336914904.0034
2000,1876833792,0,-4.4454,-1.1095,-14.5406,-0.9013,-3.8468,-1.1418,1739336914914.005
2001,2044605952,0,-4.0769,-1.1558,-14.6728,-0.8827,-3.5037,-1.115,1739336914924.0066
2002,2212378112,0,-3.6853,-1.2251,-14.6728,-0.892,-3.0973,-1.0948,1739336914934.008
2003,2380150272,0,-3.4089,-1.2482,-14.6728,-0.8827,-2.7993,-1.0814,1739336914944.0095
2004,2547922432,0,-2.9943,-1.2944,-14.6728,-0.8827,-2.4291,-1.0545,1739336914954.011
2005,2715694592,0,-2.6258,-1.2713,-14.6728,-0.9291,-2.113,-1.0142,1739336914964.0125
2006,2883466752,0,-2.1421,-1.2713,-14.6728,-0.9663,-1.6525,-0.9739,1739336914974.014
2007,3051238912,0,-1.7505,-1.3176,-14.805,-0.9942,-1.2642,-0.9403,1739336914984.0154
2008,3219011072,0,-1.3359,-1.3407,-14.6728,-1.0314,-0.8759,-0.9,1739336914994.017
2009,3386783232,0,-1.1286,-1.2944,-14.5406,-1.1057,-0.614,-0.8799,1739336915004.0186
2010,3554555392,0,-0.9674,-1.2251,-14.2762,-1.2172,-0.4244,-0.8463,1739336915014.02
2011,3722327552,0,-0.9443,-1.1095,-14.2762,-1.3473,-0.3521,-0.8329,1739336915024.0215
2012,3890099712,0,-0.9443,-1.0171,-14.4084,-1.4681,-0.325,-0.8127,1739336915034.023
2013,4057871872,0,-0.8983,-0.9246,-14.2762,-1.5517,-0.2528,-0.806,1739336915044.0244
2014,4225644032,0,-0.9904,-0.8784,-14.2762,-1.5796,-0.3431,-0.806,1739336915054.0261
2015,98514432,0,-0.9904,-0.9015,-14.2762,-1.5703,-0.3521,-0.806,1739336915064.0276
2016,266286592,0,-1.1747,-0.9015,-14.144,-1.5424,-0.4966,-0.8329,1739336915074.029
2017,434058752,0,-1.4971,-0.8552,-14.2762,-1.5517,-0.7856,-0.853,1739336915084.0305
2018,601830912,0,-1.7505,-0.7628,-14.2762,-1.5889,-1.0204,-0.8664,1739336915094.032
2019,769603072,0,-2.0499,-0.6472,-14.2762,-1.6911,-1.3364,-0.8732,1739336915104.0334
2020,937375232,0,-2.2803,-0.5547,-14.4084,-1.7747,-1.526,-0.8664,1739336915114.035
2021,1105147392,0,-2.4645,-0.5547,-14.5406,-1.7933,-1.7067,-0.8664,1739336915124.0366
2022,1272919552,0,-2.6027,-0.5547,-14.5406,-1.7933,-1.8602,-0.8799,1739336915134.038
2023,1440691712,0,-2.6718,-0.601,-14.2762,-1.7375,-1.9505,-0.9067,1739336915144.0396
2024,1608463872,0,-2.7409,-0.6703,-14.2762,-1.6353,-2.0408,-0.9336,1739336915154.041
2025,1776236032,0,-2.81,-0.7165,-14.2762,-1.5331,-2.1311,-0.9672,1739336915164.0425
2026,1944008192,0,-2.9252,-0.809,-14.4084,-1.4216,-2.2394,-0.9806,1739336915174.044
2027,2111780352,0,-2.9943,-0.8784,-14.144,-1.3008,-2.3297,-1.0075,1739336915184.0454
2028,2279552512,0,-2.9713,-0.9246,-14.144,-1.2358,-2.2936,-1.0008,1739336915194.047
2029,2447324672,0,-2.8791,-0.9939,-14.2762,-1.1893,-2.2214,-1.0075,1739336915204.0486
2030,2615096832,0,-2.7409,-1.0171,-14.4084,-1.1336,-2.104,-1.0008,1739336915214.05
2031,2782868992,0,-2.5336,-1.1558,-14.4084,-1.0592,-1.8963,-1.0075,1739336915224.0515
2032,2950641152,0,-2.3724,-1.2713,-14.2762,-0.957,-1.7699,-1.0142,1739336915234.053
2033,3118413312,0,-2.3494,-1.3407,-14.2762,-0.8176,-1.7518,-1.0276,1739336915244.0544
2034,3286185472,0,-2.2803,-1.4331,-14.2762,-0.6876,-1.7247,-1.0411,1739336915254.056
2035,3453957632,0,-2.1881,-1.5487,-14.4084,-0.5668,-1.6615,-1.0545,1739336915264.0576
2036,3621729792,0,-2.073,-1.595,-14.2762,-0.511,-1.5893,-1.0679,1739336915274.059
2037,3789501952,0,-1.9348,-1.6643,-14.2762,-0.4645,-1.508,-1.0679,1739336915284.0605
2038,3957274112,0,-1.7044,-1.7568,-14.144,-0.3345,-1.2822,-1.0679,1739336915294.062
2039,4125046272,0,-1.5893,-1.8723,-14.0118,-0.223,-1.1739,-1.0679,1739336915304.0635
2040,4292818432,0,-1.5202,-1.8492,-13.8797,-0.2044,-1.1287,-1.0478,1739336915314.065
2041,165688832,0,-1.5662,-1.803,-14.0118,-0.288,-1.1739,-1.0478,1739336915324.0664
2042,333460992,0,-1.6584,-1.7105,-14.144,-0.3716,-1.2822,-1.0344,1739336915334.068
2043,501233152,0,-1.7966,-1.595,-14.2762,-0.511,-1.4087,-1.0209,1739336915344.0696
2044,669005312,0,-1.9117,-1.4563,-14.2762,-0.6783,-1.526,-0.9941,1739336915354.071
2045,836777472,0,-2.0499,-1.2944,-14.4084,-0.8641,-1.6344,-0.9739,1739336915364.0725
2046,1004549632,0,-2.2342,-1.1326,-14.4084,-0.9756,-1.806,-0.947,1739336915374.074
2047,1172321792,0,-2.4185,-1.0171,-14.5406,-1.115,-1.9866,-0.9336,1739336915384.0754
2048,1340093952,0,-2.6488,-0.8552,-14.5406,-1.3101,-2.2214,-0.9202,1739336915394.077
2049,1507866112,0,-2.9482,-0.6472,-14.6728,-1.5145,-2.5194,-0.8933,1739336915404.0786
2050,1675638272,0,-3.1555,-0.4392,-14.9372,-1.7004,-2.7451,-0.853,1739336915414.08
2051,1843410432,0,-3.2707,-0.3929,-14.9372,-1.8212,-2.8264,-0.8127,1739336915424.0815
2052,2011182592,0,-3.5241,-0.3467,-14.805,-1.8769,-3.0521,-0.7724,1739336915434.083
2053,2178954752,0,-3.8005,-0.1849,-14.805,-2.0163,-3.3321,-0.7388,1739336915444.0845
2054,2346726912,0,-4.0538,-0.0924,-14.6728,-2.1557,-3.5217,-0.6985,1739336915454.086
2055,2514499072,0,-4.4454,0.1155,-14.9372,-2.3229,-3.8919,-0.6784,1739336915464.0874
2056,2682271232,0,-4.6527,0.1618,-14.9372,-2.4066,-4.0726,-0.6313,1739336915474.089
2057,2850043392,0,-4.7679,0.208,-14.9372,-2.4995,-4.1719,-0.5843,1739336915484.0906
2058,3017815552,0,-4.7679,0.1618,-15.0693,-2.4902,-4.217,-0.544,1739336915494.092
2059,3185587712,0,-4.6758,0.1618,-15.0693,-2.5088,-4.1448,-0.497,1739336915504.0935
2060,3353359872,0,-4.6758,0.1618,-15.0693,-2.4995,-4.1358,-0.4433,1739336915514.095
2061,3521132032,0,-4.6988,0.3005,-15.0693,-2.6482,-4.0726,-0.3963,1739336915524.0964
2062,3688904192,0,-4.7679,0.3929,-15.0693,-2.7225,-4.0545,-0.3224,1739336915534.098
2063,3856676352,0,-4.7679,0.4392,-15.0693,-2.7968,-4.0093,-0.2485,1739336915544.0996
2064,4024448512,0,-4.6988,0.4854,-14.9372,-2.8061,-3.8649,-0.188,1739336915554.101
2065,4192220672,0,-4.5376,0.4854,-14.9372,-2.834,-3.6662,-0.1343,1739336915564.1025
2066,65091072,0,-4.2612,0.5779,-14.9372,-2.9176,-3.4404,-0.0806,1739336915574.104
2067,232863232,0,-4.1229,0.601,-15.0693,-2.9455,-3.2689,-0.0201,1739336915584.1055
2068,400635392,0,-3.9156,0.7165,-14.9372,-3.0663,-3.0612,0.0201,1739336915594.107
2069,568407552,0,-3.8005,0.7628,-14.9372,-3.1128,-2.9257,0.0738,1739336915604.1084
2070,736179712,0,-3.6162,0.7859,-15.2015,-3.1778,-2.7903,0.1141,1739336915614.11
2071,903951872,0,-3.3859,0.7397,-15.0693,-3.1964,-2.5555,0.1612,1739336915624.1116
2072,1071724032,0,-3.2937,0.809,-14.9372,-3.2335,-2.4742,0.188,1739336915634.113
2073,1239496192,0,-3.1555,0.9015,-15.0693,-3.3822,-2.3388,0.235,1739336915644.1145
2074,1407268352,0,-3.0173,0.9246,-14.9372,-3.4937,-2.2394,0.2753,1739336915654.116
2075,1575040512,0,-3.0173,1.0171,-14.805,-3.6052,-2.2033,0.3089,1739336915664.1174
2076,1742812672,0,-2.8331,1.1095,-14.9372,-3.7539,-2.0498,0.3358,1739336915674.1191
2077,1910584832,0,-2.5567,1.202,-14.805,-3.8933,-1.797,0.3627,1739336915684.1206
2078,2078356992,0,-2.3494,1.202,-14.805,-3.9119,-1.5893,0.3627,1739336915694.122
2079,2246129152,0,-2.2572,1.1326,-14.9372,-3.884,-1.4809,0.3627,1739336915704.1235
2080,2413901312,0,-2.2342,1.1558,-14.805,-3.9026,-1.4448,0.3627,1739336915714.125
2081,2581673472,0,-2.3033,1.2482,-14.805,-3.9955,-1.4899,0.3559,1739336915724.1265
2082,2749445632,0,-2.3494,1.3407,-14.805,-4.0698,-1.508,0.3559,1739336915734.128
2083,2917217792,0,-2.3494,1.3407,-14.805,-4.1256,-1.4448,0.3559,1739336915744.1296
2084,3084989952,0,-2.2342,1.3176,-14.9372,-4.1442,-1.3545,0.3559,1739336915754.131
2085,3252762112,0,-2.119,1.2713,-14.9372,-4.0791,-1.2371,0.3291,1739336915764.1326
2086,3420534272,0,-2.0269,1.202,-14.6728,-4.0234,-1.1648,0.3089,1739336915774.134
2087,3588306432,0,-2.0269,1.1789,-14.805,-4.0234,-1.1739,0.2888,1739336915784.1355
2088,3756078592,0,-1.9578,1.2251,-14.9372,-4.0605,-1.1287,0.2753,1739336915794.137
2089,3923850752,0,-1.8426,1.202,-14.805,-4.0884,-1.0113,0.2821,1739336915804.1384
2090,4091622912,0,-1.8196,1.1789,-14.805,-4.1163,-0.9481,0.2821,1739336915814.1401
2091,4259395072,0,-1.7275,1.0864,-15.0693,-4.0977,-0.903,0.2888,1739336915824.1416
2092,132265472,0,-1.6123,1.0402,-14.805,-4.0698,-0.7856,0.2888,1739336915834.143
2093,300037632,0,-1.5202,1.0402,-14.805,-4.0791,-0.7043,0.2753,1739336915844.1445
2094,467809792,0,-1.382,1.0633,-14.6728,-4.1349,-0.5598,0.2888,1739336915854.146
2095,635581952,0,-1.2207,1.0402,-14.4084,-4.0884,-0.3702,0.2955,1739336915864.1475
2096,803354112,0,-0.9904,0.9246,-14.2762,-3.9955,-0.1625,0.2955,1739336915874.149
2097,971126272,0,-0.714,0.8321,-14.144,-3.8654,0.0632,0.2955,1739336915884.1506
2098,1138898432,0,-0.4606,0.7397,-14.0118,-3.7167,0.316,0.2821,1739336915894.152
2099,1306670592,0,-0.1151,0.6241,-14.0118,-3.5959,0.5869,0.2821,1739336915904.1536
2100,1474442752,0,0.2764,0.5547,-13.7475,-3.4658,0.9481,0.2955,1739336915914.155
2101,1642214912,0,0.7831,0.5085,-13.6153,-3.3822,1.3725,0.3224,1739336915924.1565
2102,1809987072,0,1.2668,0.4854,-13.6153,-3.3358,1.8602,0.3627,1739336915934.158
2103,1977759232,0,1.8426,0.4623,-13.2187,-3.3265,2.3297,0.4164,1739336915944.1594
2104,2145531392,0,2.3263,0.416,-13.2187,-3.28,2.7903,0.4769,1739336915954.1611
2105,2313303552,0,2.8331,0.3236,-13.2187,-3.2243,3.2779,0.5239,1739336915964.1626
2106,2481075712,0,3.3168,0.2773,-13.0865,-3.1685,3.7294,0.5776,1739336915974.164
2107,2648847872,0,3.8465,0.3005,-13.0865,-3.1406,4.2261,0.6179,1739336915984.1655
2108,2816620032,0,4.2612,0.3467,-12.9543,-3.1499,4.6144,0.6784,1739336915994.167
2109,2984392192,0,4.5836,0.3698,-12.8222,-3.1592,4.9394,0.7321,1739336916004.1685
2110,3152164352,0,4.8831,0.3698,-12.69,-3.1035,5.2916,0.7657,1739336916014.17
2111,3319936512,0,5.2516,0.416,-12.69,-3.0942,5.5716,0.7993,1739336916024.1716
2112,3487708672,0,5.505,0.5316,-12.69,-3.1685,5.8063,0.8261,1739336916034.173
2113,3655480832,0,5.6662,0.6241,-12.8222,-3.2335,6.005,0.8732,1739336916044.1746
2114,3823252992,0,5.7814,0.6472,-12.8222,-3.2707,6.0953,0.9,1739336916054.176
2115,3991025152,0,5.8965,0.7628,-12.8222,-3.3451,6.2579,0.947,1739336916064.1775
2116,4158797312,0,6.0578,0.9939,-12.9543,-3.5495,6.4204,1.0142,1739336916074.179
2117,31667712,0,6.2881,1.1558,-12.9543,-3.726,6.6281,1.0679,1739336916084.1804
2118,199439872,0,6.4724,1.1789,-13.0865,-3.7818,6.7997,1.0881,1739336916094.1821
2119,367212032,0,6.5645,1.1789,-13.2187,-3.7725,6.8719,1.0948,1739336916104.1836
2120,534984192,0,6.8179,1.1789,-13.0865,-3.7446,7.0977,1.0948,1739336916114.185
2121,702756352,0,6.887,1.2251,-13.0865,-3.7725,7.1789,1.0814,1739336916124.1865
2122,870528512,0,6.8179,1.2251,-13.2187,-3.8004,7.1247,1.0679,1739336916134.188
2123,1038300672,0,6.6336,1.2713,-13.2187,-3.8561,7.0525,1.0478,1739336916144.1895
2124,1206072832,0,6.4263,1.3407,-13.2187,-3.884,6.8448,1.0344,1739336916154.191
2125,1373844992,0,6.3111,1.3638,-13.3509,-3.8933,6.7274,1.0142,1739336916164.1926
2126,1541617152,0,6.196,1.3407,-13.2187,-3.8747,6.6281,0.9941,1739336916174.194
2127,1709389312,0,6.0808,1.41,-13.2187,-3.9212,6.5288,0.9739,1739336916184.1956
2128,1877161472,0,6.0347,1.4331,-13.2187,-3.9769,6.4294,0.9672,1739336916194.197
2129,2044933632,0,5.9656,1.4794,-13.2187,-4.0048,6.3391,0.9605,1739336916204.1985
2130,2212705792,0,5.8965,1.4794,-13.0865,-4.0234,6.2759,0.947,1739336916214.2
2131,2380477952,0,5.6892,1.5025,-12.9543,-4.0605,6.0772,0.9336,1739336916224.2014
2132,2548250112,0,5.4359,1.5487,-12.9543,-4.1349,5.8244,0.9269,1739336916234.2031
2133,2716022272,0,5.1825,1.5718,-13.2187,-4.1813,5.5445,0.9067,1739336916244.2046
2134,2883794432,0,4.9982,1.5256,-13.2187,-4.1442,5.3729,0.8866,1739336916254.206
2135,3051566592,0,4.9522,1.5025,-13.2187,-4.0419,5.3097,0.8664,1739336916264.2075
2136,3219338752,0,4.9291,1.3869,-13.0865,-3.9397,5.2555,0.8329,1739336916274.209
2137,3387110912,0,4.86,1.3407,-12.9543,-3.8468,5.1652,0.7993,1739336916284.2104
2138,3554883072,0,4.7909,1.3176,-12.9543,-3.7911,5.0839,0.7791,1739336916294.212
2139,3722655232,0,4.6988,1.2944,-13.0865,-3.8004,4.9936,0.7791,1739336916304.2136
2140,3890427392,0,4.5606,1.2944,-13.0865,-3.8282,4.8582,0.7858,1739336916314.215
2141,4058199552,0,4.4915,1.2713,-13.2187,-3.8468,4.7679,0.7858,1739336916324.2166
2142,4225971712,0,4.4915,1.2713,-13.0865,-3.8375,4.7408,0.7858,1739336916334.218
2143,98842112,0,4.5606,1.2713,-13.0865,-3.8747,4.804,0.7858,1739336916344.2195
2144,266614272,0,4.6067,1.2251,-12.9543,-3.8654,4.8401,0.7993,1739336916354.221
2145,434386432,0,4.5376,1.2251,-12.9543,-3.8282,4.813,0.7926,1739336916364.2227
2146,602158592,0,4.5145,1.1789,-13.0865,-3.8282,4.6956,0.7926,1739336916374.224
2147,769930752,0,4.5145,1.1558,-13.0865,-3.8282,4.6866,0.7724,1739336916384.2256
2148,937702912,0,4.5606,1.1789,-13.0865,-3.7911,4.6776,0.7522,1739336916394.227
2149,1105475072,0,4.5836,1.0864,-13.2187,-3.7353,4.7047,0.7321,1739336916404.2285
2150,1273247232,0,4.6988,1.0171,-13.0865,-3.6052,4.795,0.7187,1739336916414.23
2151,1441019392,0,4.8831,0.9015,-13.0865,-3.4658,4.9846,0.6784,1739336916424.2314
2152,1608791552,0,5.0213,0.809,-12.9543,-3.3451,5.1291,0.6448,1739336916434.2332
2153,1776563712,0,5.0213,0.7628,-12.9543,-3.2614,5.1381,0.6112,1739336916444.2346
2154,1944335872,0,4.7909,0.7397,-13.2187,-3.2057,5.0027,0.5776,1739336916454.236
2155,2112108032,0,4.5836,0.6703,-13.3509,-3.1128,4.8491,0.5037,1739336916464.2375
2156,2279880192,0,4.4685,0.5779,-13.3509,-2.9827,4.7859,0.4298,1739336916474.239
2157,2447652352,0,4.4454,0.5316,-13.3509,-2.8247,4.8221,0.3627,1739336916484.2405
2158,2615424512,0,4.3303,0.3698,-13.4831,-2.6203,4.7769,0.2888,1739336916494.242
2159,2783196672,0,4.192,0.2773,-13.3509,-2.4716,4.7137,0.2015,1739336916504.2437
2160,2950968832,0,4.0308,0.208,-13.3509,-2.3601,4.5692,0.1276,1739336916514.245
2161,3118740992,0,3.7774,0.1386,-13.6153,-2.2579,4.3705,0.0403,1739336916524.2466
2162,3286513152,0,3.5471,0.0924,-13.6153,-2.1557,4.208,-0.0335,1739336916534.248
2163,3454285312,0,3.1786,0.0231,-13.8797,-2.0535,3.9913,-0.1007,1739336916544.2495
2164,3622057472,0,2.9022,0.0231,-14.0118,-1.9977,3.7926,-0.1813,1739336916554.251
2165,3789829632,0,2.6488,-0.0462,-14.144,-1.8398,3.6572,-0.2686,1739336916564.2524
2166,3957601792,0,2.4876,-0.208,-14.2762,-1.5982,3.594,-0.3559,1739336916574.2542
2167,4125373952,0,2.3954,-0.3005,-14.2762,-1.4123,3.5669,-0.4567,1739336916584.2556
2168,4293146112,0,2.1881,-0.3698,-14.2762,-1.3008,3.4495,-0.544,1739336916594.257
2169,166016512,0,1.8887,-0.4623,-14.5406,-1.1522,3.2237,-0.6179,1739336916604.2585
2170,333788672,0,1.6353,-0.601,-14.6728,-0.9663,3.0431,-0.6918,1739336916614.26
2171,501560832,0,1.5662,-0.6934,-14.4084,-0.8083,3.0251,-0.7455,1739336916624.2615
2172,669332992,0,1.4971,-0.8321,-14.5406,-0.669,3.0341,-0.7993,1739336916634.263
2173,837105152,0,1.4511,-0.9708,-14.5406,-0.5017,3.0341,-0.8597,1739336916644.2646
2174,1004877312,0,1.382,-1.1095,-14.5406,-0.3809,3.016,-0.9,1739336916654.266
2175,1172649472,0,1.1977,-1.1326,-14.5406,-0.3438,2.9167,-0.9403,1739336916664.2676
2176,1340421632,0,0.9674,-1.1789,-14.805,-0.3438,2.709,-0.9806,1739336916674.269
2177,1508193792,0,0.714,-1.1558,-14.805,-0.353,2.4923,-1.0142,1739336916684.2705
2178,1675965952,0,0.6219,-1.1095,-14.9372,-0.3995,2.411,-1.0411,1739336916694.272
2179,1843738112,0,0.737,-1.1558,-14.805,-0.3623,2.4742,-1.0545,1739336916704.2734
2180,2011510272,0,0.691,-1.0633,-14.805,-0.3809,2.5103,-1.0814,1739336916714.2751
2181,2179282432,0,0.5988,-1.0171,-14.805,-0.4367,2.42,-1.0881,1739336916724.2766
2182,2347054592,0,0.4146,-1.0402,-14.9372,-0.3902,2.3117,-1.1015,1739336916734.278
2183,2514826752,0,0.3685,-0.9939,-14.805,-0.4274,2.2846,-1.1082,1739336916744.2795
2184,2682598912,0,0.3915,-0.9246,-14.9372,-0.4553,2.3388,-1.1015,1739336916754.281
2185,2850371072,0,0.4376,-0.9939,-14.9372,-0.3902,2.402,-1.0881,1739336916764.2825
2186,3018143232,0,0.5988,-1.1558,-14.9372,-0.1951,2.5103,-1.0747,1739336916774.284
2187,3185915392,0,0.7831,-1.1789,-14.805,-0.0929,2.6638,-1.0814,1739336916784.2856
2188,3353687552,0,0.9443,-1.2251,-14.805,-0.0557,2.8083,-1.0747,1739336916794.287
2189,3521459712,0,0.9904,-1.2251,-14.6728,-0.0185,2.8715,-1.0478,1739336916804.2886
2190,3689231872,0,0.9674,-1.2944,-14.9372,0.0557,2.8535,-1.0344,1739336916814.29
2191,3857004032,0,1.0365,-1.2944,-14.9372,0.0557,2.8806,-1.0142,1739336916824.2915
2192,4024776192,0,1.1286,-1.2713,-14.6728,0.0371,2.9348,-1.0008,1739336916834.293
2193,4192548352,0,1.1747,-1.2713,-14.6728,0.065,2.9528,-0.9873,1739336916844.2944
2194,65418752,0,1.2207,-1.2251,-14.6728,0.0,2.9709,-0.9806,1739336916854.2961
2195,233190912,0,1.1977,-1.1326,-14.6728,-0.0929,2.9528,-0.9672,1739336916864.2976
2196,400963072,0,1.1056,-1.1558,-14.6728,-0.1393,2.8896,-0.9403,1739336916874.299
2197,568735232,0,0.9674,-1.1558,-14.6728,-0.1486,2.7722,-0.9403,1739336916884.3005
2198,736507392,0,0.8752,-1.1095,-14.805,-0.1951,2.6638,-0.9605,1739336916894.302
2199,904279552,0,0.8983,-1.0171,-14.9372,-0.2601,2.7,-0.9538,1739336916904.3035
2200,1072051712,0,0.8983,-1.0171,-14.805,-0.2508,2.7993,-0.9403,1739336916914.305
2201,1239823872,0,0.8061,-1.0633,-14.805,-0.2137,2.7451,-0.9336,1739336916924.3066
2202,1407596032,0,0.714,-1.0402,-15.0693,-0.2601,2.6819,-0.9269,1739336916934.308
2203,1575368192,0,0.691,-0.9015,-15.0693,-0.3809,2.6368,-0.9202,1739336916944.3096
2204,1743140352,0,0.6449,-0.8552,-15.0693,-0.4738,2.5555,-0.9067,1739336916954.311
2205,1910912512,0,0.4606,-0.809,-15.0693,-0.5482,2.42,-0.9067,1739336916964.3125
2206,2078684672,0,0.3224,-0.7859,-15.2015,-0.6039,2.2756,-0.9,1739336916974.314
2207,2246456832,0,0.2073,-0.7859,-15.3337,-0.6318,2.113,-0.9,1739336916984.3157
2208,2414228992,0,0.0,-0.7859,-15.3337,-0.6968,1.8782,-0.8933,1739336916994.3171
2209,2582001152,0,-0.3685,-0.6472,-15.2015,-0.8734,1.508,-0.9,1739336917004.3186
2210,2749773312,0,-0.8522,-0.5085,-15.3337,-1.0871,0.9842,-0.8933,1739336917014.32
2211,2917545472,0,-1.2668,-0.3929,-15.3337,-1.2915,0.5418,-0.8866,1739336917024.3215
2212,3085317632,0,-1.5432,-0.3698,-15.3337,-1.403,0.1896,-0.8866,1739336917034.323
2213,3253089792,0,-1.7966,-0.3698,-15.2015,-1.4495,-0.1264,-0.8866,1739336917044.3245
2214,3420861952,0,-2.073,-0.3005,-15.3337,-1.4774,-0.5056,-0.8866,1739336917054.3262
2215,3588634112,0,-2.5797,-0.1386,-15.0693,-1.5889,-1.0113,-0.8866,1739336917064.3276
2216,3756406272,0,-3.0404,0.0462,-14.9372,-1.7561,-1.5441,-0.8866,1739336917074.329
2217,3924178432,0,-3.501,0.1618,-14.805,-1.9234,-2.0317,-0.8732,1739336917084.3306
2218,4091950592,0,-3.9156,0.2311,-14.6728,-2.007,-2.5465,-0.8664,1739336917094.332
2219,4259722752,0,-4.146,0.208,-14.5406,-2.007,-2.8896,-0.8799,1739336917104.3335
2220,132593152,0,-4.3994,0.2311,-14.5406,-2.0721,-3.314,-0.8933,1739336917114.335
2221,300365312,0,-4.837,0.3698,-14.2762,-2.2207,-3.8558,-0.9,1739336917124.3367
2222,468137472,0,-5.3207,0.4623,-14.144,-2.3415,-4.4608,-0.9067,1739336917134.3381
2223,635909632,0,-5.7123,0.5316,-14.0118,-2.4437,-4.9936,-0.947,1739336917144.3396
2224,803681792,0,-6.196,0.601,-14.0118,-2.5459,-5.6348,-0.9672,1739336917154.341
2225,971453952,0,-6.5184,0.6472,-13.8797,-2.6296,-6.1946,-0.9806,1739336917164.3425
2226,1139226112,0,-6.933,0.6703,-13.7475,-2.7132,-6.8177,-0.9873,1739336917174.344
2227,1306998272,0,-7.3937,0.809,-13.7475,-2.9269,-7.513,-0.9873,1739336917184.3455
2228,1474770432,0,-7.7853,0.9708,-13.4831,-3.1406,-8.091,-0.9806,1739336917194.3472
2229,1642542592,0,-8.292,1.1558,-13.3509,-3.3729,-8.7502,-0.9672,1739336917204.3486
2230,1810314752,0,-8.5915,1.2482,-13.3509,-3.5588,-9.2378,-0.9672,1739336917214.35
2231,1978086912,0,-8.937,1.3869,-12.9543,-3.726,-9.7164,-0.9806,1739336917224.3516
2232,2145859072,0,-9.3285,1.5718,-12.69,-3.9119,-10.2672,-1.0008,1739336917234.353
2233,2313631232,0,-9.7892,1.6874,-12.5578,-4.0791,-10.9174,-1.0276,1739336917244.3545
2234,2481403392,0,-10.342,1.803,-12.1612,-4.265,-11.6218,-1.0411,1739336917254.356
2235,2649175552,0,-10.9178,1.9417,-12.029,-4.4322,-12.3351,-1.0545,1739336917264.3577
2236,2816947712,0,-11.4706,2.1497,-11.7647,-4.6924,-13.0034,-1.0411,1739336917274.3591
2237,2984719872,0,-11.9313,2.404,-11.3681,-4.9619,-13.6355,-1.0344,1739336917284.3606
2238,3152492032,0,-12.4611,2.4965,-10.9715,-5.1384,-14.2947,-1.0209,1739336917294.362
2239,3320264192,0,-12.9218,2.6583,-10.8393,-5.2964,-14.8817,-1.0142,1739336917304.3635
2240,3488036352,0,-13.2442,2.7276,-10.7072,-5.4265,-15.3873,-1.0008,1739336917314.365
2241,3655808512,0,-13.4746,2.7045,-10.575,-5.445,-15.7124,-1.0142,1739336917324.3665
2242,3823580672,0,-13.774,2.7508,-10.3106,-5.4822,-16.1098,-1.0276,1739336917334.3682
2243,3991352832,0,-13.8431,2.7045,-10.3106,-5.4729,-16.2813,-1.0276,1739336917344.3696
2244,4159124992,0,-13.9122,2.6121,-10.0462,-5.3986,-16.4078,-1.0209,1739336917354.371
2245,31995392,0,-14.0043,2.5427,-9.7818,-5.3614,-16.6154,-1.0075,1739336917364.3726
2246,199767552,0,-13.8892,2.6352,-9.7818,-5.4265,-16.6335,-0.9739,1739336917374.374
2247,367539712,0,-13.8431,2.5889,-9.914,-5.4636,-16.7057,-0.9403,1739336917384.3755
2248,535311872,0,-13.6128,2.4271,-9.7818,-5.3335,-16.6064,-0.9336,1739336917394.377
2249,703084032,0,-13.1982,2.3347,-9.7818,-5.2034,-16.2813,-0.9403,1739336917404.3787
2250,870856192,0,-12.7375,2.2191,-9.7818,-5.0548,-15.7847,-0.9538,1739336917414.3801
2251,1038628352,0,-12.438,2.0573,-9.7818,-4.8689,-15.4686,-0.9538,1739336917424.3816
2252,1206400512,0,-12.2077,1.8723,-9.914,-4.6552,-15.2429,-0.9605,1739336917434.383
2253,1374172672,0,-12.0695,1.7568,-9.914,-4.5437,-15.0171,-0.947,1739336917444.3845
2254,1541944832,0,-11.9774,1.7337,-9.914,-4.4694,-14.9358,-0.947,1739336917454.386
2255,1709716992,0,-12.0695,1.803,-10.0462,-4.5158,-15.0171,-0.9403,1739336917464.3875
2256,1877489152,0,-12.3689,1.9879,-10.1784,-4.6831,-15.2519,-0.9202,1739336917474.3892
2257,2045261312,0,-12.6684,2.2653,-10.1784,-4.9154,-15.4325,-0.9,1739336917484.3906
2258,2213033472,0,-12.9218,2.4271,-10.1784,-5.0826,-15.6582,-0.8799,1739336917494.392
2259,2380805632,0,-13.1982,2.4965,-9.914,-5.1663,-15.884,-0.8732,1739336917504.3936
2260,2548577792,0,-13.4746,2.5889,-9.914,-5.2034,-16.1459,-0.8732,1739336917514.395
2261,2716349952,0,-13.6358,2.7045,-9.7818,-5.2964,-16.3716,-0.8933,1739336917524.3965
2262,2884122112,0,-13.797,2.8201,-9.7818,-5.3986,-16.5522,-0.9067,1739336917534.398
2263,3051894272,0,-13.9352,2.8663,-9.7818,-5.445,-16.6877,-0.9067,1739336917544.3997
2264,3219666432,0,-13.9583,2.8432,-9.7818,-5.4543,-16.7419,-0.9,1739336917554.4011
2265,3387438592,0,-13.8661,2.8432,-9.7818,-5.4915,-16.6877,-0.9,1739336917564.4026
2266,3555210752,0,-13.797,2.8895,-9.7818,-5.5287,-16.6245,-0.8933,1739336917574.404
2267,3722982912,0,-13.797,2.8895,-9.7818,-5.5472,-16.6335,-0.8933,1739336917584.4055
2268,3890755072,0,-13.8201,2.8663,-9.7818,-5.538,-16.6425,-0.9,1739336917594.407
2269,4058527232,0,-13.8892,2.8432,-9.914,-5.4729,-16.6787,-0.9,1739336917604.4084
2270,4226299392,0,-13.8661,2.797,-9.914,-5.445,-16.6064,-0.8933,1739336917614.4102
2271,99169792,0,-13.8201,2.797,-9.914,-5.4265,-16.5342,-0.8866,1739336917624.4116
2272,266941952,0,-13.9122,2.8663,-10.0462,-5.4636,-16.5613,-0.8933,1739336917634.413
2273,434714112,0,-13.9352,2.9126,-9.914,-5.5101,-16.5251,-0.8866,1739336917644.4146
2274,602486272,0,-13.9813,2.9357,-9.7818,-5.5101,-16.4529,-0.8799,1739336917654.416
2275,770258432,0,-13.9583,2.8895,-9.914,-5.445,-16.3897,-0.8933,1739336917664.4175
2276,938030592,0,-13.9583,2.8432,-9.6497,-5.3521,-16.3355,-0.9067,1739336917674.4192
2277,1105802752,0,-13.8431,2.797,-9.914,-5.2406,-16.2181,-0.9135,1739336917684.4207
2278,1273574912,0,-13.5897,2.6583,-9.7818,-5.1291,-15.9743,-0.9067,1739336917694.422
2279,1441347072,0,-13.2673,2.4965,-9.7818,-5.0176,-15.6673,-0.9,1739336917704.4236
2280,1609119232,0,-12.9218,2.404,-9.6497,-4.9154,-15.3422,-0.8933,1739336917714.425
2281,1776891392,0,-12.5762,2.3116,-9.6497,-4.8596,-15.0352,-0.8732,1739336917724.4265
2282,1944663552,0,-12.392,2.2653,-9.5175,-4.8318,-14.8636,-0.8664,1739336917734.428
2283,2112435712,0,-12.2538,2.2191,-9.7818,-4.8225,-14.7372,-0.8664,1739336917744.4297
2284,2280207872,0,-12.0234,2.196,-9.6497,-4.8225,-14.5114,-0.8664,1739336917754.4312
2285,2447980032,0,-11.8392,2.1497,-9.6497,-4.7946,-14.3579,-0.8664,1739336917764.4326
2286,2615752192,0,-11.6549,2.1266,-10.0462,-4.7667,-14.1773,-0.8732,1739336917774.434
2287,2783524352,0,-11.2403,2.0342,-9.914,-4.7017,-13.8522,-0.8664,1739336917784.4355
2288,2951296512,0,-10.9409,1.9879,-9.914,-4.6273,-13.5633,-0.8732,1739336917794.437
2289,3119068672,0,-10.6875,1.9186,-9.7818,-4.5716,-13.4188,-0.8866,1739336917804.4385
2290,3286840832,0,-10.5954,1.9186,-9.7818,-4.5902,-13.3285,-0.8799,1739336917814.4402
2291,3454612992,0,-10.6184,1.9879,-9.914,-4.6738,-13.4459,-0.8732,1739336917824.4417
2292,3622385152,0,-10.5493,2.0342,-9.914,-4.7017,-13.4459,-0.8799,1739336917834.443
2293,3790157312,0,-10.4802,2.011,-9.7818,-4.7017,-13.4097,-0.8799,1739336917844.4446
2294,3957929472,0,-10.4802,2.0342,-9.914,-4.7574,-13.491,-0.8664,1739336917854.446
2295,4125701632,0,-10.5032,2.1035,-9.7818,-4.8225,-13.5181,-0.8597,1739336917864.4475
2296,4293473792,0,-10.6645,2.1729,-9.7818,-4.9247,-13.6355,-0.8463,1739336917874.449
2297,166344192,0,-10.8718,2.2884,-9.7818,-4.999,-13.8612,-0.8396,1739336917884.4507
2298,334116352,0,-11.01,2.3347,-9.6497,-5.0455,-13.9606,-0.8396,1739336917894.4521
2299,501888512,0,-10.9409,2.3578,-9.6497,-5.0362,-13.8974,-0.8396,1739336917904.4536
2300,669660672,0,-10.8487,2.2884,-9.7818,-4.9433,-13.789,-0.8396,1739336917914.455
2301,837432832,0,-10.7796,2.2191,-9.6497,-4.8411,-13.7348,-0.8597,1739336917924.4565
2302,1005204992,0,-10.6875,2.1266,-9.5175,-4.7296,-13.6174,-0.8732,1739336917934.458
2303,1172977152,0,-10.6184,2.0573,-9.3853,-4.6088,-13.5362,-0.8933,1739336917944.4595
2304,1340749312,0,-10.5263,2.011,-9.2531,-4.553,-13.4278,-0.9,1739336917954.4612
2305,1508521472,0,-10.4341,1.9648,-9.2531,-4.5065,-13.3194,-0.9,1739336917964.4626
2306,1676293632,0,-10.365,1.9186,-9.2531,-4.4508,-13.2201,-0.8866,1739336917974.464
2307,1844065792,0,-10.1808,1.8492,-9.6497,-4.395,-13.0576,-0.8799,1739336917984.4656
2308,2011837952,0,-10.0195,1.7799,-9.5175,-4.3393,-12.8408,-0.8597,1739336917994.467
2309,2179610112,0,-9.8353,1.7568,-9.5175,-4.3021,-12.6602,-0.8396,1739336918004.4685
2310,2347382272,0,-9.7662,1.7105,-9.3853,-4.265,-12.5248,-0.8261,1739336918014.47
2311,2515154432,0,-9.5589,1.6412,-9.3853,-4.1906,-12.3171,-0.8194,1739336918024.4717
2312,2682926592,0,-9.3746,1.595,-9.3853,-4.1256,-12.0823,-0.8194,1739336918034.4731
2313,2850698752,0,-9.1903,1.5487,-9.5175,-4.0791,-11.9198,-0.8261,1739336918044.4746
2314,3018470912,0,-8.96,1.5256,-9.5175,-4.0791,-11.6759,-0.8194,1739336918054.476
2315,3186243072,0,-8.8448,1.5025,-9.7818,-4.0605,-11.4953,-0.7926,1739336918064.4775
2316,3354015232,0,-8.6836,1.4331,-9.7818,-4.0141,-11.2425,-0.7724,1739336918074.479
2317,3521787392,0,-8.5684,1.4563,-9.6497,-3.9769,-11.0438,-0.7522,1739336918084.4805
2318,3689559552,0,-8.3841,1.41,-9.6497,-3.949,-10.8091,-0.7455,1739336918094.4822
2319,3857331712,0,-8.1768,1.3638,-9.7818,-3.8747,-10.5472,-0.7455,1739336918104.4836
2320,4025103872,0,-7.8544,1.2713,-9.7818,-3.7725,-10.2402,-0.7455,1739336918114.485
2321,4192876032,0,-7.5089,1.1789,-9.914,-3.6703,-9.8609,-0.7455,1739336918124.4866
2322,65746432,0,-7.2325,1.0633,-9.914,-3.5774,-9.4997,-0.7388,1739336918134.488
2323,233518592,0,-6.9561,0.9708,-10.0462,-3.5402,-9.1836,-0.7388,1739336918144.4895
2324,401290752,0,-6.6566,0.9708,-9.914,-3.5402,-8.8405,-0.7388,1739336918154.491
2325,569062912,0,-6.219,0.9708,-10.1784,-3.5495,-8.3528,-0.7321,1739336918164.4927
2326,736835072,0,-5.8274,0.9477,-9.914,-3.5681,-7.8652,-0.7052,1739336918174.4941
2327,904607232,0,-5.4359,0.9015,-10.1784,-3.5309,-7.4408,-0.6918,1739336918184.4956
2328,1072379392,0,-5.1134,0.7859,-10.3106,-3.4751,-7.0074,-0.6716,1739336918194.497
2329,1240151552,0,-4.7449,0.7165,-10.4428,-3.4008,-6.5649,-0.6515,1739336918204.4985
2330,1407923712,0,-4.3533,0.6472,-10.7072,-3.3915,-6.0863,-0.6515,1739336918214.5
2331,1575695872,0,-3.9387,0.6703,-10.7072,-3.4101,-5.5625,-0.6313,1739336918224.5015
2332,1743468032,0,-3.5241,0.6241,-10.8393,-3.3636,-4.9756,-0.6179,1739336918234.5032
2333,1911240192,0,-3.0404,0.4392,-10.9715,-3.1592,-4.3705,-0.6045,1739336918244.5046
2334,2079012352,0,-2.4415,0.2773,-11.2359,-2.9641,-3.6662,-0.5978,1739336918254.506
2335,2246784512,0,-1.8887,0.1618,-11.2359,-2.8247,-3.0612,-0.591,1739336918264.5076
2336,2414556672,0,-1.4971,0.0693,-11.2359,-2.6574,-2.4923,-0.5709,1739336918274.509
2337,2582328832,0,-1.1056,0.0231,-11.2359,-2.5459,-2.0317,-0.5642,1739336918284.5105
2338,2750100992,0,-0.7831,0.0,-11.2359,-2.5088,-1.5802,-0.5306,1739336918294.5122
2339,2917873152,0,-0.3685,-0.0924,-11.1037,-2.4437,-1.1107,-0.5104,1739336918304.5137
2340,3085645312,0,0.046,-0.1618,-10.9715,-2.388,-0.5779,-0.497,1739336918314.5151
2341,3253417472,0,0.3685,-0.2542,-10.9715,-2.3322,-0.1896,-0.4701,1739336918324.5166
2342,3421189632,0,0.6679,-0.3236,-10.8393,-2.2393,0.1354,-0.4701,1739336918334.518
2343,3588961792,0,0.9443,-0.3929,-11.2359,-2.1464,0.4424,-0.4634,1739336918344.5195
2344,3756733952,0,1.2438,-0.5316,-11.5003,-2.0349,0.7856,-0.4433,1739336918354.521
2345,3924506112,0,1.5662,-0.5779,-11.6325,-1.9327,1.1648,-0.4298,1739336918364.5227
2346,4092278272,0,1.9117,-0.6472,-12.029,-1.8212,1.5531,-0.4097,1739336918374.5242
2347,4260050432,0,2.4415,-0.7859,-12.2934,-1.6539,2.0679,-0.403,1739336918384.5256
2348,132920832,0,3.1786,-0.9477,-12.69,-1.4123,2.7451,-0.3963,1739336918394.527
2349,300692992,0,3.9617,-1.1789,-12.69,-1.0778,3.5127,-0.4164,1739336918404.5286
2350,468465152,0,4.5606,-1.4794,-12.8222,-0.7061,4.1087,-0.4634,1739336918414.53
2351,636237312,0,4.9982,-1.7105,-12.8222,-0.3902,4.5331,-0.5037,1739336918424.5315
2352,804009472,0,5.2286,-1.8955,-12.9543,-0.0836,4.795,-0.544,1739336918434.5332
2353,971781632,0,5.3207,-2.1266,-13.0865,0.1951,4.9214,-0.5776,1739336918444.5347
2354,1139553792,0,5.4359,-2.3578,-13.3509,0.4924,5.0749,-0.6112,1739336918454.5361
2355,1307325952,0,5.7123,-2.5196,-13.4831,0.7712,5.3368,-0.6313,1739336918464.5376
2356,1475098112,0,6.0117,-2.8201,-13.4831,1.0592,5.6257,-0.6313,1739336918474.539
2357,1642870272,0,6.2881,-3.1437,-13.7475,1.3659,5.8063,-0.6448,1739336918484.5405
2358,1810642432,0,6.5184,-3.398,-13.4831,1.6167,6.0321,-0.6716,1739336918494.542
2359,1978414592,0,6.6106,-3.4905,-13.8797,1.7004,6.0953,-0.6918,1739336918504.5437
2360,2146186752,0,6.6797,-3.4905,-14.144,1.7004,6.1224,-0.7052,1739336918514.5452
2361,2313958912,0,6.6797,-3.5598,-14.2762,1.7283,6.1766,-0.7187,1739336918524.5466
2362,2481731072,0,6.6797,-3.6292,-14.2762,1.8026,6.1585,-0.7455,1739336918534.548
2363,2649503232,0,6.5645,-3.6754,-14.144,1.8305,6.0863,-0.7724,1739336918544.5496
2364,2817275392,0,6.4033,-3.6754,-14.2762,1.8305,5.9599,-0.7926,1739336918554.551
2365,2985047552,0,6.2651,-3.6292,-14.144,1.8026,5.8334,-0.8127,1739336918564.5525
2366,3152819712,0,6.1729,-3.5829,-14.144,1.7561,5.698,-0.8127,1739336918574.5542
2367,3320591872,0,6.0347,-3.5829,-14.0118,1.7097,5.5354,-0.7993,1739336918584.5557
2368,3488364032,0,5.8735,-3.6061,-14.0118,1.7283,5.3458,-0.7993,1739336918594.5571
2369,3656136192,0,5.7353,-3.6523,-14.0118,1.7654,5.1291,-0.8194,1739336918604.5586
2370,3823908352,0,5.505,-3.6523,-13.8797,1.784,4.9033,-0.8329,1739336918614.56
2371,3991680512,0,5.2746,-3.6292,-14.144,1.7375,4.6595,-0.8597,1739336918624.5615
2372,4159452672,0,5.0443,-3.6061,-14.144,1.7097,4.4338,-0.8732,1739336918634.563
2373,32323072,0,4.9291,-3.6061,-14.0118,1.6725,4.2893,-0.8799,1739336918644.5647
2374,200095232,0,4.86,-3.5829,-14.144,1.6446,4.1899,-0.8732,1739336918654.5662
2375,367867392,0,4.7679,-3.4674,-14.2762,1.5424,4.1087,-0.8463,1739336918664.5676
2376,535639552,0,4.7449,-3.3749,-14.144,1.4309,4.0184,-0.8194,1739336918674.569
2377,703411712,0,4.5836,-3.3055,-14.0118,1.3287,3.8558,-0.7993,1739336918684.5706
2378,871183872,0,4.4224,-3.2362,-13.8797,1.2544,3.6843,-0.7926,1739336918694.572
2379,1038956032,0,4.3072,-3.19,-13.8797,1.1893,3.5759,-0.806,1739336918704.5735
2380,1206728192,0,4.192,-3.0975,-13.8797,1.0964,3.4043,-0.8127,1739336918714.5752
2381,1374500352,0,4.0078,-3.0282,-13.8797,0.9756,3.2057,-0.8127,1739336918724.5767
2382,1542272512,0,3.7314,-2.8895,-13.8797,0.8455,2.9889,-0.8127,1739336918734.5781
2383,1710044672,0,3.501,-2.797,-14.0118,0.7433,2.8083,-0.806,1739336918744.5796
2384,1877816832,0,3.2477,-2.6814,-14.144,0.6968,2.5916,-0.7993,1739336918754.581
2385,2045588992,0,2.9482,-2.6352,-14.144,0.6039,2.3478,-0.7993,1739336918764.5825
2386,2213361152,0,2.5797,-2.5196,-14.4084,0.4924,2.0317,-0.7858,1739336918774.584
2387,2381133312,0,2.119,-2.404,-14.5406,0.3623,1.6705,-0.7858,1739336918784.5857
2388,2548905472,0,1.7275,-2.3116,-14.5406,0.3066,1.3364,-0.7858,1739336918794.5872
2389,2716677632,0,1.3129,-2.196,-14.5406,0.2044,1.0294,-0.7926,1739336918804.5886
2390,2884449792,0,0.8292,-2.1729,-14.6728,0.0836,0.6321,-0.806,1739336918814.59
2391,3052221952,0,0.5297,-2.0804,-14.805,-0.0185,0.3521,-0.8127,1739336918824.5916
2392,3219994112,0,0.1382,-1.8955,-14.805,-0.1672,0.0812,-0.7858,1739336918834.593
2393,3387766272,0,-0.5067,-1.7105,-14.9372,-0.3623,-0.4153,-0.7858,1739336918844.5945
2394,3555538432,0,-1.1056,-1.4331,-15.3337,-0.5946,-0.9391,-0.7724,1739336918854.5962
2395,3723310592,0,-1.6123,-1.2944,-15.5981,-0.7154,-1.3545,-0.759,1739336918864.5977
2396,3891082752,0,-1.8426,-1.2251,-15.5981,-0.7247,-1.6163,-0.7455,1739336918874.599
2397,4058854912,0,-2.0039,-1.1789,-15.4659,-0.734,-1.7157,-0.7388,1739336918884.6006
2398,4226627072,0,-2.3033,-1.1095,-15.5981,-0.7805,-1.9595,-0.7321,1739336918894.602
2399,99497472,0,-2.6718,-1.0864,-15.4659,-0.7154,-2.2394,-0.7254,1739336918904.6035
2400,267269632,0,-3.1555,-0.9708,-15.4659,-0.7526,-2.5645,-0.7187,1739336918914.605
2401,435041792,0,-3.5701,-0.8321,-15.4659,-0.8455,-2.8715,-0.6985,1739336918924.6067
2402,602813952,0,-3.8235,-0.7397,-15.3337,-0.9106,-3.0521,-0.6784,1739336918934.6082
2403,770586112,0,-4.0078,-0.6703,-15.4659,-0.957,-3.1966,-0.6582,1739336918944.6096
2404,938358272,0,-4.0308,-0.6934,-15.5981,-0.9756,-3.2689,-0.6381,1739336918954.611
2405,1106130432,0,-3.9847,-0.6472,-15.4659,-1.0035,-3.2237,-0.6045,1739336918964.6125
2406,1273902592,0,-4.192,-0.6241,-15.7303,-0.9942,-3.4314,-0.5776,1739336918974.614
2407,1441674752,0,-4.4685,-0.5547,-15.7303,-0.9849,-3.7023,-0.5507,1739336918984.6157
2408,1609446912,0,-4.7679,-0.4854,-15.8625,-1.0128,-3.901,-0.5306,1739336918994.6172
2409,1777219072,0,-5.1825,-0.416,-16.259,-1.0685,-4.2261,-0.5037,1739336919004.6187
2410,1944991232,0,-5.528,-0.2542,-15.9947,-1.1986,-4.506,-0.4634,1739336919014.62
2411,2112763392,0,-5.7583,-0.1386,-16.1269,-1.338,-4.6505,-0.4097,1739336919024.6216
2412,2280535552,0,-5.9196,-0.0462,-15.8625,-1.4309,-4.7047,-0.3761,1739336919034.623
2413,2448307712,0,-6.1038,0.0924,-15.8625,-1.6167,-4.7859,-0.3291,1739336919044.6245
2414,2616079872,0,-6.1499,0.208,-15.9947,-1.7933,-4.7588,-0.2619,1739336919054.6262
2415,2783852032,0,-6.0808,0.2773,-15.8625,-1.8398,-4.6776,-0.2216,1739336919064.6277
2416,2951624192,0,-5.9426,0.2542,-15.7303,-1.8676,-4.4879,-0.188,1739336919074.6292
2417,3119396352,0,-5.8274,0.2311,-15.7303,-1.8769,-4.3254,-0.1477,1739336919084.6306
2418,3287168512,0,-5.7353,0.1849,-15.8625,-1.8212,-4.2351,-0.1276,1739336919094.632
2419,3454940672,0,-5.6432,0.1155,-15.9947,-1.7375,-4.1087,-0.141,1739336919104.6335
2420,3622712832,0,-5.6201,0.0924,-16.1269,-1.7561,-4.0816,-0.1276,1739336919114.635
2421,3790484992,0,-5.551,0.1618,-16.259,-1.8305,-3.9823,-0.1074,1739336919124.6367
2422,3958257152,0,-5.551,0.1618,-16.5234,-1.849,-4.0003,-0.094,1739336919134.6382
2423,4126029312,0,-5.505,0.0924,-16.5234,-1.8026,-3.9371,-0.0873,1739336919144.6396
2424,4293801472,0,-5.3668,0.0693,-16.3912,-1.7747,-3.7746,-0.1007,1739336919154.641
2425,166671872,0,-5.3668,0.1155,-16.3912,-1.7933,-3.7384,-0.1007,1739336919164.6426
2426,334444032,0,-5.2516,0.1618,-16.3912,-1.8398,-3.6843,-0.1074,1739336919174.644
2427,502216192,0,-5.1364,0.1618,-16.5234,-1.8398,-3.5488,-0.1007,1739336919184.6455
2428,669988352,0,-4.9522,0.1386,-16.3912,-1.8305,-3.3501,-0.094,1739336919194.6472
2429,837760512,0,-4.837,0.1155,-16.259,-1.8026,-3.2237,-0.094,1739336919204.6487
2430,1005532672,0,-4.7909,0.0462,-16.1269,-1.7468,-3.1786,-0.1074,1739336919214.6501
2431,1173304832,0,-4.6988,0.0231,-16.1269,-1.7468,-3.1063,-0.1141,1739336919224.6516
2432,1341076992,0,-4.6758,0.0693,-16.259,-1.8026,-3.0792,-0.1074,1739336919234.653
2433,1508849152,0,-4.7218,0.0924,-16.1269,-1.8955,-3.1244,-0.0873,1739336919244.6545
2434,1676621312,0,-4.8831,0.1155,-16.259,-1.9698,-3.2418,-0.0873,1739336919254.656
2435,1844393472,0,-5.0673,0.1386,-16.3912,-2.0163,-3.4495,-0.0806,1739336919264.6577
2436,2012165632,0,-5.2516,0.208,-16.259,-2.0906,-3.612,-0.0806,1739336919274.6592
2437,2179937792,0,-5.3437,0.208,-16.259,-2.1371,-3.7023,-0.0873,1739336919284.6606
2438,2347709952,0,-5.4589,0.2773,-16.1269,-2.2114,-3.7655,-0.094,1739336919294.662
2439,2515482112,0,-5.6432,0.3467,-16.1269,-2.2393,-3.9461,-0.1276,1739336919304.6636
2440,2683254272,0,-5.7814,0.3236,-15.8625,-2.2393,-4.0726,-0.1544,1739336919314.665
2441,2851026432,0,-5.7583,0.3005,-15.8625,-2.1743,-4.0996,-0.188,1739336919324.6665
2442,3018798592,0,-5.6662,0.3236,-15.7303,-2.1743,-4.0274,-0.2015,1739336919334.6682
2443,3186570752,0,-5.7123,0.3005,-15.7303,-2.1743,-4.0726,-0.2149,1739336919344.6697
2444,3354342912,0,-5.8505,0.2542,-15.5981,-2.1278,-4.1629,-0.2082,1739336919354.6711
2445,3522115072,0,-5.9196,0.1849,-15.4659,-2.0442,-4.2261,-0.2216,1739336919364.6726
2446,3689887232,0,-5.9426,0.1618,-15.4659,-2.007,-4.3164,-0.2418,1739336919374.674
2447,3857659392,0,-6.0117,0.1618,-15.3337,-2.007,-4.4789,-0.2753,1739336919384.6755
2448,4025431552,0,-6.1729,0.1386,-15.2015,-2.0163,-4.7588,-0.3089,1739336919394.677
2449,4193203712,0,-6.2881,0.1386,-15.2015,-2.0163,-5.0749,-0.3492,1739336919404.6787
2450,66074112,0,-6.3342,0.0693,-15.0693,-1.9977,-5.3187,-0.3963,1739336919414.6802
2451,233846272,0,-6.4724,0.0462,-14.9372,-1.9791,-5.5896,-0.4366,1739336919424.6816
2452,401618432,0,-6.6797,0.0924,-14.4084,-2.0163,-5.9689,-0.4701,1739336919434.683
2453,569390592,0,-7.0482,0.1618,-14.144,-2.1185,-6.4655,-0.5104,1739336919444.6846
2454,737162752,0,-7.2555,0.208,-13.8797,-2.2021,-6.908,-0.5642,1739336919454.686
2455,904934912,0,-7.4858,0.1849,-13.6153,-2.2114,-7.3415,-0.6246,1739336919464.6875
2456,1072707072,0,-7.601,0.1386,-13.0865,-2.1371,-7.7117,-0.7052,1739336919474.6892
2457,1240479232,0,-7.7162,0.0462,-13.0865,-2.0999,-8.1361,-0.7858,1739336919484.6907
2458,1408251392,0,-7.8774,-0.0231,-12.69,-2.0442,-8.5967,-0.853,1739336919494.6921
2459,1576023552,0,-8.1538,-0.0462,-12.4256,-2.0163,-9.1024,-0.9403,1739336919504.6936
2460,1743795712,0,-8.4302,-0.1155,-11.8968,-1.9884,-9.608,-1.0142,1739336919514.695
2461,1911567872,0,-8.8218,-0.1155,-11.5003,-1.9884,-10.1318,-1.0814,1739336919524.6965
2462,2079340032,0,-9.1673,-0.0693,-11.2359,-2.0349,-10.6736,-1.1351,1739336919534.698
2463,2247112192,0,-9.3516,-0.0462,-10.9715,-2.0628,-11.0709,-1.1687,1739336919544.6997
2464,2414884352,0,-9.4667,0.0,-10.575,-2.1278,-11.405,-1.2023,1739336919554.7012
2465,2582656512,0,-9.628,0.0693,-10.3106,-2.2672,-11.8204,-1.2292,1739336919564.7026
2466,2750428672,0,-9.8353,0.1155,-10.1784,-2.3694,-12.3261,-1.2695,1739336919574.704
2467,2918200832,0,-9.9044,0.0462,-9.7818,-2.3415,-12.6331,-1.3098,1739336919584.7056
2468,3085972992,0,-9.8583,-0.0693,-9.3853,-2.2579,-12.8137,-1.3702,1739336919594.707
2469,3253745152,0,-9.7662,-0.1618,-9.2531,-2.1557,-12.9492,-1.4239,1739336919604.7085
2470,3421517312,0,-9.674,-0.208,-8.9887,-2.1278,-13.0756,-1.4777,1739336919614.7102
2471,3589289472,0,-9.6049,-0.2773,-8.7243,-2.1092,-13.193,-1.518,1739336919624.7117
2472,3757061632,0,-9.5128,-0.3698,-8.5922,-2.0535,-13.3285,-1.5381,1739336919634.7131
2473,3924833792,0,-9.5128,-0.4854,-8.46,-1.9791,-13.4368,-1.5583,1739336919644.7146
2474,4092605952,0,-9.3516,-0.601,-8.46,-1.9048,-13.3375,-1.5449,1739336919654.716
2475,4260378112,0,-9.3746,-0.6241,-8.3278,-1.8955,-13.3646,-1.5449,1739336919664.7175
2476,133248512,0,-9.4437,-0.5316,-8.0634,-1.9791,-13.5542,-1.5516,1739336919674.7192
2477,301020672,0,-9.3055,-0.5316,-8.0634,-2.0535,-13.5542,-1.5516,1739336919684.7207
2478,468792832,0,-9.0752,-0.601,-8.3278,-2.0628,-13.4278,-1.5314,1739336919694.7222
2479,636564992,0,-8.8218,-0.7165,-7.9312,-1.9884,-13.2291,-1.5045,1739336919704.7236
2480,804337152,0,-8.6836,-0.7165,-7.799,-2.0442,-13.202,-1.4911,1739336919714.725
2481,972109312,0,-8.5915,-0.6472,-8.0634,-2.1557,-13.1479,-1.4777,1739336919724.7266
2482,1139881472,0,-8.5915,-0.5316,-7.9312,-2.3229,-13.1298,-1.4575,1739336919734.728
2483,1307653632,0,-8.5684,-0.5316,-8.0634,-2.4066,-13.1027,-1.4239,1739336919744.7297
2484,1475425792,0,-8.4302,-0.5316,-8.1956,-2.4344,-12.9582,-1.3971,1739336919754.7312
2485,1643197952,0,-8.1999,-0.601,-8.1956,-2.3787,-12.7325,-1.3769,1739336919764.7327
2486,1810970112,0,-7.9465,-0.6703,-8.1956,-2.2858,-12.4255,-1.3568,1739336919774.7341
2487,1978742272,0,-7.7392,-0.6934,-8.1956,-2.2486,-12.1545,-1.3299,1739336919784.7356
2488,2146514432,0,-7.6931,-0.6934,-8.3278,-2.23,-12.0372,-1.3165,1739336919794.737
2489,2314286592,0,-7.7853,-0.6472,-8.3278,-2.2672,-12.0372,-1.2963,1739336919804.7385
2490,2482058752,0,-7.8313,-0.5547,-8.46,-2.3229,-11.983,-1.2695,1739336919814.7402
2491,2649830912,0,-7.7392,-0.4623,-8.8565,-2.3973,-11.8475,-1.2426,1739336919824.7417
2492,2817603072,0,-7.5549,-0.4623,-8.9887,-2.4251,-11.6398,-1.2157,1739336919834.7432
2493,2985375232,0,-7.3476,-0.5547,-9.2531,-2.3415,-11.3509,-1.2023,1739336919844.7446
2494,3153147392,0,-7.0943,-0.601,-9.3853,-2.2858,-11.0709,-1.1956,1739336919854.746
2495,3320919552,0,-6.933,-0.6241,-9.5175,-2.2858,-10.8632,-1.1821,1739336919864.7476
2496,3488691712,0,-6.8179,-0.601,-9.6497,-2.3136,-10.7097,-1.1754,1739336919874.749
2497,3656463872,0,-6.7027,-0.5779,-9.7818,-2.3415,-10.5291,-1.1418,1739336919884.7507
2498,3824236032,0,-6.6566,-0.5085,-9.914,-2.388,-10.4478,-1.1082,1739336919894.7522
2499,3992008192,0,-6.7257,-0.5085,-10.1784,-2.3973,-10.4569,-1.0881,1739336919904.7537
2500,4159780352,0,-6.7488,-0.5085,-10.3106,-2.4344,-10.4478,-1.0814,1739336919914.7551
2501,32650752,0,-6.6566,-0.4392,-10.4428,-2.4995,-10.3305,-1.0612,1739336919924.7566
2502,200422912,0,-6.5415,-0.3698,-10.4428,-2.5645,-10.195,-1.0545,1739336919934.758
2503,368195072,0,-6.4724,-0.3467,-10.8393,-2.6017,-10.1137,-1.0411,1739336919944.7595
2504,535967232,0,-6.4493,-0.3236,-10.9715,-2.6203,-10.0325,-1.0209,1739336919954.7612
2505,703739392,0,-6.4033,-0.3005,-10.9715,-2.6203,-9.888,-0.9941,1739336919964.7627
2506,871511552,0,-6.3802,-0.2773,-10.9715,-2.6389,-9.7706,-0.9806,1739336919974.7642
2507,1039283712,0,-6.3802,-0.208,-11.3681,-2.6946,-9.6803,-0.9538,1739336919984.7656
2508,1207055872,0,-6.3111,-0.0924,-11.6325,-2.8154,-9.4906,-0.9135,1739336919994.767
2509,1374828032,0,-6.1269,-0.0231,-11.8968,-2.9083,-9.1927,-0.8664,1739336920004.7686
2510,1542600192,0,-5.9426,0.0693,-11.8968,-3.0198,-8.8585,-0.806,1739336920014.77
2511,1710372352,0,-5.7814,0.1618,-12.2934,-3.1313,-8.5696,-0.7522,1739336920024.7717
2512,1878144512,0,-5.6201,0.208,-12.4256,-3.2057,-8.2174,-0.6851,1739336920034.7732
2513,2045916672,0,-5.4128,0.1618,-12.5578,-3.1964,-7.7569,-0.6112,1739336920044.7747
2514,2213688832,0,-5.1364,0.208,-12.69,-3.2521,-7.3054,-0.5306,1739336920054.7761
2515,2381460992,0,-4.9291,0.3005,-12.9543,-3.3729,-6.9261,-0.45,1739336920064.7776
2516,2549233152,0,-4.7679,0.3467,-13.2187,-3.4658,-6.6191,-0.3694,1739336920074.779
2517,2717005312,0,-4.6297,0.3929,-13.4831,-3.5216,-6.294,-0.2955,1739336920084.7805
2518,2884777472,0,-4.3994,0.4854,-13.6153,-3.6331,-5.8966,-0.2082,1739336920094.7822
2519,3052549632,0,-4.0769,0.5316,-14.0118,-3.726,-5.4,-0.1276,1739336920104.7837
2520,3220321792,0,-3.7774,0.6241,-14.4084,-3.8097,-4.9214,-0.0403,1739336920114.7852
2521,3388093952,0,-3.4319,0.6934,-14.9372,-3.8468,-4.4338,0.0403,1739336920124.7866
2522,3555866112,0,-3.0404,0.809,-15.0693,-3.9212,-3.901,0.1209,1739336920134.788
2523,3723638272,0,-2.7409,0.7859,-15.4659,-3.8933,-3.3953,0.1947,1739336920144.7896
2524,3891410432,0,-2.5336,0.8321,-15.7303,-3.8747,-3.007,0.2619,1739336920154.791
2525,4059182592,0,-2.4645,0.7859,-15.9947,-3.8561,-2.709,0.3224,1739336920164.7927
2526,4226954752,0,-2.3954,0.9015,-16.259,-3.9212,-2.4291,0.3694,1739336920174.7942
2527,99825152,0,-2.4185,0.9708,-16.6556,-3.9769,-2.2214,0.4366,1739336920184.7957
2528,267597312,0,-2.4645,1.0633,-16.92,-4.107,-2.0588,0.5037,1739336920194.797
2529,435369472,0,-2.5106,1.2251,-17.4487,-4.3114,-1.9324,0.5776,1739336920204.7986
2530,603141632,0,-2.5567,1.3869,-17.7131,-4.4508,-1.7789,0.6448,1739336920214.8
2531,770913792,0,-2.5106,1.4331,-17.8453,-4.5065,-1.5983,0.6985,1739336920224.8015
2532,938685952,0,-2.4645,1.4331,-17.9775,-4.4973,-1.4177,0.7455,1739336920234.8032
2533,1106458112,0,-2.3954,1.4563,-18.1097,-4.5065,-1.2642,0.7724,1739336920244.8047
2534,1274230272,0,-2.3263,1.5256,-18.374,-4.5809,-1.1378,0.8127,1739336920254.8062
2535,1442002432,0,-2.3954,1.5025,-18.5062,-4.5623,-1.0926,0.8261,1739336920264.8076
2536,1609774592,0,-2.5567,1.595,-18.6384,-4.5902,-1.1919,0.8329,1739336920274.809
2537,1777546752,0,-2.7409,1.6643,-18.7706,-4.5995,-1.3274,0.8463,1739336920284.8105
2538,1945318912,0,-2.9252,1.6412,-18.6384,-4.5623,-1.4267,0.8664,1739336920294.8123
2539,2113091072,0,-3.0173,1.5718,-18.7706,-4.4694,-1.508,0.8597,1739336920304.8137
2540,2280863232,0,-3.1325,1.6181,-18.7706,-4.4973,-1.5893,0.853,1739336920314.8152
2541,2448635392,0,-3.3628,1.7337,-18.9028,-4.6181,-1.7789,0.8463,1739336920324.8167
2542,2616407552,0,-3.5701,1.8492,-18.7706,-4.7388,-2.0408,0.8463,1739336920334.818
2543,2784179712,0,-3.8235,1.8723,-19.035,-4.7853,-2.2846,0.8261,1739336920344.8196
2544,2951951872,0,-3.9847,1.8723,-18.7706,-4.7946,-2.4832,0.806,1739336920354.821
2545,3119724032,0,-4.0769,1.8492,-18.7706,-4.7574,-2.6097,0.7791,1739336920364.8228
2546,3287496192,0,-4.192,1.8261,-18.5062,-4.7017,-2.7722,0.759,1739336920374.8242
2547,3455268352,0,-4.3303,1.803,-18.5062,-4.6366,-2.9618,0.7321,1739336920384.8257
2548,3623040512,0,-4.4915,1.7799,-18.374,-4.5995,-3.1334,0.7187,1739336920394.8271
2549,3790812672,0,-4.6067,1.7337,-18.5062,-4.5623,-3.2689,0.7052,1739336920404.8286
2550,3958584832,0,-4.7218,1.7105,-18.2419,-4.5251,-3.4314,0.6918,1739336920414.83
2551,4126356992,0,-4.814,1.7105,-18.2419,-4.5158,-3.5759,0.6851,1739336920424.8315
2552,4294129152,0,-4.837,1.6874,-18.1097,-4.5251,-3.6481,0.6716,1739336920434.8333
2553,166999552,0,-4.837,1.6412,-17.9775,-4.4787,-3.6662,0.6515,1739336920444.8347
2554,334771712,0,-4.837,1.5718,-17.7131,-4.3765,-3.7113,0.6246,1739336920454.8362
2555,502543872,0,-4.8831,1.5256,-17.7131,-4.2928,-3.7746,0.5843,1739336920464.8376
2556,670316032,0,-4.9982,1.5256,-17.5809,-4.2742,-3.91,0.5507,1739336920474.839
2557,838088192,0,-5.0904,1.4794,-17.5809,-4.2278,-4.0455,0.544,1739336920484.8406
2558,1005860352,0,-5.0904,1.3638,-17.5809,-4.107,-4.0545,0.5239,1739336920494.842
2559,1173632512,0,-5.0213,1.2251,-17.4487,-3.9676,-3.9913,0.5104,1739336920504.8438
2560,1341404672,0,-4.9522,1.1326,-17.3165,-3.8468,-3.9371,0.5037,1739336920514.8452
2561,1509176832,0,-4.8831,1.0171,-17.0522,-3.726,-3.8739,0.4903,1739336920524.8467
2562,1676948992,0,-4.7449,0.9015,-16.92,-3.5959,-3.7836,0.4836,1739336920534.8481
2563,1844721152,0,-4.6297,0.809,-16.6556,-3.5123,-3.7023,0.4701,1739336920544.8496
2564,2012493312,0,-4.5836,0.7628,-16.5234,-3.4473,-3.7113,0.4231,1739336920554.851
2565,2180265472,0,-4.6297,0.6703,-16.3912,-3.3451,-3.8016,0.3828,1739336920564.8525
2566,2348037632,0,-4.6527,0.5779,-16.259,-3.2521,-3.8919,0.3224,1739336920574.8542
2567,2515809792,0,-4.6297,0.4854,-16.259,-3.1128,-3.9371,0.2418,1739336920584.8557
2568,2683581952,0,-4.6527,0.3698,-15.9947,-2.9362,-4.0093,0.1544,1739336920594.8572
2569,2851354112,0,-4.6758,0.3698,-15.7303,-2.8526,-4.0906,0.0671,1739336920604.8586
2570,3019126272,0,-4.7449,0.3005,-15.4659,-2.7225,-4.2261,-0.0134,1739336920614.86
2571,3186898432,0,-4.7909,0.1618,-15.2015,-2.5181,-4.3976,-0.094,1739336920624.8616
2572,3354670592,0,-4.8831,0.0231,-14.9372,-2.3044,-4.5602,-0.1813,1739336920634.863
2573,3522442752,0,-4.9752,-0.1155,-14.805,-2.1185,-4.795,-0.2888,1739336920644.8647
2574,3690214912,0,-5.1134,-0.2542,-14.6728,-1.9698,-5.0749,-0.3761,1739336920654.8662
2575,3857987072,0,-5.1825,-0.3005,-14.5406,-1.8862,-5.2736,-0.4567,1739336920664.8677
2576,4025759232,0,-5.2746,-0.3236,-14.144,-1.7468,-5.4542,-0.544,1739336920674.8691
2577,4193531392,0,-5.3898,-0.3467,-14.0118,-1.6818,-5.6257,-0.6179,1739336920684.8706
2578,66401792,0,-5.528,-0.3698,-13.6153,-1.5703,-5.8154,-0.6918,1739336920694.872
2579,234173952,0,-5.7123,-0.3467,-13.4831,-1.5145,-6.0863,-0.7455,1739336920704.8735
2580,401946112,0,-5.8044,-0.3467,-13.2187,-1.403,-6.2669,-0.7993,1739336920714.8752
2581,569718272,0,-5.8044,-0.416,-13.2187,-1.3101,-6.3572,-0.853,1739336920724.8767
2582,737490432,0,-5.8044,-0.4623,-12.8222,-1.18,-6.4114,-0.9,1739336920734.8782
2583,905262592,0,-5.8965,-0.5085,-12.69,-1.0592,-6.5558,-0.9403,1739336920744.8796
2584,1073034752,0,-6.0117,-0.5316,-12.5578,-1.0221,-6.7726,-0.9941,1739336920754.881
2585,1240806912,0,-6.0808,-0.5547,-12.4256,-0.9756,-6.9261,-1.0344,1739336920764.8826
2586,1408579072,0,-6.0117,-0.5547,-12.4256,-0.9942,-6.9712,-1.0881,1739336920774.884
2587,1576351232,0,-5.8965,-0.6241,-12.2934,-0.9477,-6.9803,-1.1217,1739336920784.8857
2588,1744123392,0,-5.8735,-0.6934,-12.029,-0.9106,-7.0344,-1.1553,1739336920794.8872
2589,1911895552,0,-5.8044,-0.7397,-12.029,-0.8455,-7.0344,-1.1754,1739336920804.8887
2590,2079667712,0,-5.7123,-0.7859,-12.1612,-0.8269,-6.9983,-1.1889,1739336920814.8901
2591,2247439872,0,-5.5971,-0.7859,-12.029,-0.8455,-6.9622,-1.1889,1739336920824.8916
2592,2415212032,0,-5.4128,-0.7859,-12.2934,-0.8734,-6.8358,-1.2157,1739336920834.893
2593,2582984192,0,-5.2286,-0.8321,-12.2934,-0.8734,-6.6913,-1.2292,1739336920844.8945
2594,2750756352,0,-5.0904,-0.809,-12.4256,-0.892,-6.5829,-1.2292,1739336920854.8962
2595,2918528512,0,-5.0213,-0.7397,-12.5578,-0.9942,-6.5378,-1.209,1739336920864.8977
2596,3086300672,0,-5.0443,-0.7397,-12.69,-1.0592,-6.5829,-1.1889,1739336920874.8992
2597,3254072832,0,-5.0213,-0.6241,-12.8222,-1.1986,-6.5468,-1.1485,1739336920884.9006
2598,3421844992,0,-4.814,-0.5316,-13.0865,-1.3845,-6.3482,-1.1082,1739336920894.902
2599,3589617152,0,-4.5836,-0.601,-13.0865,-1.4216,-6.1134,-1.0545,1739336920904.9036
2600,3757389312,0,-4.3533,-0.7628,-13.0865,-1.3194,-5.8876,-1.0411,1739336920914.905
2601,3925161472,0,-4.2151,-0.7859,-13.0865,-1.2637,-5.7431,-1.0478,1739336920924.9067
2602,4092933632,0,-4.1229,-0.7397,-13.3509,-1.3008,-5.6438,-1.0478,1739336920934.9082
2603,4260705792,0,-4.0999,-0.7397,-13.4831,-1.338,-5.6167,-1.0344,1739336920944.9097
2604,133576192,0,-4.0078,-0.7397,-13.4831,-1.338,-5.5354,-1.0209,1739336920954.9111
2605,301348352,0,-3.8696,-0.7397,-13.6153,-1.3752,-5.391,-0.9873,1739336920964.9126
2606,469120512,0,-3.6853,-0.6934,-13.4831,-1.4216,-5.2013,-0.947,1739336920974.914
2607,636892672,0,-3.5471,-0.6703,-13.7475,-1.4774,-5.0749,-0.9269,1739336920984.9158
2608,804664832,0,-3.501,-0.5779,-13.7475,-1.5889,-5.0117,-0.9202,1739336920994.9172
2609,972436992,0,-3.5241,-0.4623,-13.8797,-1.719,-5.0117,-0.9,1739336921004.9187
2610,1140209152,0,-3.6162,-0.416,-13.8797,-1.8026,-5.0568,-0.8799,1739336921014.9202
2611,1307981312,0,-3.6162,-0.3698,-13.8797,-1.8305,-5.0749,-0.8664,1739336921024.9216
2612,1475753472,0,-3.5701,-0.3236,-13.8797,-1.8769,-5.0207,-0.853,1739336921034.923
2613,1643525632,0,-3.5932,-0.1849,-14.0118,-1.9791,-5.0568,-0.8396,1739336921044.9246
2614,1811297792,0,-3.6623,-0.1618,-13.8797,-2.0628,-5.1291,-0.8329,1739336921054.9263
2615,1979069952,0,-3.7314,-0.1386,-14.0118,-2.0628,-5.1742,-0.8329,1739336921064.9277
2616,2146842112,0,-3.6623,-0.1155,-14.0118,-2.0535,-5.1201,-0.8396,1739336921074.9292
2617,2314614272,0,-3.6623,-0.0462,-14.144,-2.0906,-5.0839,-0.8329,1739336921084.9307
2618,2482386432,0,-3.6853,0.0231,-14.2762,-2.1185,-5.111,-0.8261,1739336921094.9321
2619,2650158592,0,-3.6853,0.1155,-14.2762,-2.1743,-5.0839,-0.8127,1739336921104.9336
2620,2817930752,0,-3.6162,0.1386,-14.144,-2.2207,-4.9575,-0.7791,1739336921114.935
2621,2985702912,0,-3.478,0.1618,-14.144,-2.3136,-4.795,-0.7455,1739336921124.9368
2622,3153475072,0,-3.4089,0.2542,-13.8797,-2.388,-4.6956,-0.7052,1739336921134.9382
2623,3321247232,0,-3.3168,0.3698,-14.144,-2.5459,-4.5421,-0.6582,1739336921144.9397
2624,3489019392,0,-3.1325,0.4854,-14.2762,-2.6667,-4.2622,-0.6179,1739336921154.9412
2625,3656791552,0,-2.9943,0.5085,-14.2762,-2.7132,-3.9371,-0.5843,1739336921164.9426
2626,3824563712,0,-2.787,0.4623,-14.4084,-2.6574,-3.6391,-0.5575,1739336921174.944
2627,3992335872,0,-2.4185,0.416,-14.5406,-2.6017,-3.2327,-0.5239,1739336921184.9456
2628,4160108032,0,-2.096,0.4392,-14.5406,-2.6296,-2.7903,-0.4769,1739336921194.9473
2629,32978432,0,-1.8887,0.4854,-14.805,-2.7039,-2.5103,-0.4298,1739336921204.9487
2630,200750592,0,-1.7735,0.6241,-14.9372,-2.8526,-2.2756,-0.3761,1739336921214.9502
2631,368522752,0,-1.6584,0.7859,-15.2015,-3.0198,-2.0498,-0.3291,1739336921224.9517
2632,536294912,0,-1.4971,0.8321,-15.3337,-3.1313,-1.7157,-0.2753,1739336921234.9531
2633,704067072,0,-1.1286,0.7859,-15.3337,-3.1406,-1.3274,-0.2216,1739336921244.9546
2634,871839232,0,-0.714,0.7397,-15.2015,-3.1035,-0.8849,-0.2082,1739336921254.956
2635,1039611392,0,-0.4146,0.7397,-15.2015,-3.1035,-0.5327,-0.188,1739336921264.9578
2636,1207383552,0,-0.2073,0.8552,-15.3337,-3.1406,-0.2979,-0.1477,1739336921274.9592
2637,1375155712,0,-0.2764,0.9708,-15.5981,-3.2521,-0.2528,-0.1141,1739336921284.9607
2638,1542927872,0,-0.3915,1.1095,-15.8625,-3.3451,-0.2257,-0.0671,1739336921294.9622
2639,1710700032,0,-0.4376,1.1558,-15.9947,-3.4101,-0.1806,-0.0335,1739336921304.9636
2640,1878472192,0,-0.3455,1.1558,-16.1269,-3.4101,-0.0451,0.0,1739336921314.965
2641,2046244352,0,-0.0921,1.1789,-16.259,-3.3915,0.2257,0.0134,1739336921324.9666
2642,2214016512,0,0.2303,1.1789,-16.5234,-3.3265,0.5418,0.0403,1739336921334.9683
2643,2381788672,0,0.3915,1.202,-16.7878,-3.3172,0.6953,0.047,1739336921344.9697
2644,2549560832,0,0.3224,1.2251,-17.0522,-3.3172,0.6772,0.0671,1739336921354.9712
2645,2717332992,0,0.2303,1.2944,-17.0522,-3.3265,0.5959,0.0738,1739336921364.9727
2646,2885105152,0,0.0921,1.2944,-17.1844,-3.3358,0.4876,0.0738,1739336921374.974
2647,3052877312,0,0.0,1.2944,-17.3165,-3.3358,0.4334,0.0671,1739336921384.9756
2648,3220649472,0,-0.023,1.3176,-17.4487,-3.3358,0.4334,0.0604,1739336921394.977
2649,3388421632,0,0.023,1.2944,-17.7131,-3.3079,0.4334,0.0403,1739336921404.9788
2650,3556193792,0,0.046,1.2251,-17.8453,-3.2428,0.4153,0.0134,1739336921414.9802
2651,3723965952,0,-0.046,1.1789,-17.8453,-3.1871,0.3431,-0.0134,1739336921424.9817
2652,3891738112,0,-0.2073,1.1789,-18.1097,-3.1964,0.1806,-0.047,1739336921434.9832
2653,4059510272,0,-0.4146,1.1789,-18.1097,-3.2335,0.009,-0.0738,1739336921444.9846
2654,4227282432,0,-0.5297,1.1789,-18.1097,-3.2428,-0.0903,-0.0806,1739336921454.986
2655,100152832,0,-0.5067,1.1789,-17.9775,-3.2243,-0.0722,-0.0806,1739336921464.9875
2656,267924992,0,-0.4376,1.1326,-17.8453,-3.2057,-0.0541,-0.0806,1739336921474.9893
2657,435697152,0,-0.3455,1.1095,-17.8453,-3.1685,0.009,-0.094,1739336921484.9907
2658,603469312,0,-0.2764,1.0171,-17.7131,-3.0849,0.027,-0.1074,1739336921494.9922
2659,771241472,0,-0.2994,0.9477,-17.8453,-3.0013,-0.0541,-0.1343,1739336921504.9937
2660,939013632,0,-0.4146,0.8784,-17.8453,-2.9083,-0.1354,-0.1544,1739336921514.995
2661,1106785792,0,-0.3224,0.809,-17.7131,-2.7875,-0.0812,-0.1679,1739336921524.9966
2662,1274557952,0,-0.2073,0.7628,-17.7131,-2.7225,-0.009,-0.1746,1739336921534.998
2663,1442330112,0,-0.0921,0.7165,-17.4487,-2.676,0.0903,-0.1612,1739336921544.9998
2664,1610102272,0,-0.046,0.6934,-17.3165,-2.6574,0.1535,-0.1477,1739336921555.0012
2665,1777874432,0,-0.046,0.6472,-17.4487,-2.6296,0.1264,-0.1544,1739336921565.0027
2666,1945646592,0,-0.1382,0.6934,-17.4487,-2.6574,0.0451,-0.1746,1739336921575.0042
2667,2113418752,0,-0.2764,0.7397,-17.4487,-2.7225,-0.0903,-0.188,1739336921585.0056
2668,2281190912,0,-0.4376,0.7397,-17.4487,-2.7411,-0.2257,-0.2082,1739336921595.007
2669,2448963072,0,-0.6449,0.7859,-17.3165,-2.7225,-0.4153,-0.2216,1739336921605.0088
2670,2616735232,0,-0.9213,0.8321,-17.3165,-2.7318,-0.6772,-0.235,1739336921615.0103
2671,2784507392,0,-1.2668,0.8321,-17.3165,-2.7411,-1.0565,-0.2686,1739336921625.0117
2672,2952279552,0,-1.5432,0.8784,-17.3165,-2.7504,-1.4357,-0.3089,1739336921635.0132
2673,3120051712,0,-1.7275,0.8552,-17.4487,-2.7411,-1.7247,-0.3425,1739336921645.0146
2674,3287823872,0,-1.9578,0.8321,-17.1844,-2.7225,-2.0408,-0.3761,1739336921655.016
2675,3455596032,0,-2.3494,0.8552,-17.1844,-2.7132,-2.5103,-0.4097,1739336921665.0176
2676,3623368192,0,-2.764,0.8784,-17.1844,-2.7039,-2.9709,-0.4366,1739336921675.0193
2677,3791140352,0,-3.1095,0.9477,-16.92,-2.7597,-3.4404,-0.4769,1739336921685.0208
2678,3958912512,0,-3.3628,0.9939,-16.7878,-2.7875,-3.8468,-0.5037,1739336921695.0222
2679,4126684672,0,-3.5471,1.0171,-16.92,-2.8619,-4.1448,-0.5306,1739336921705.0237
2680,4294456832,0,-3.7083,1.0171,-16.5234,-2.8712,-4.4428,-0.5776,1739336921715.0251
2681,167327232,0,-4.0999,1.0171,-16.5234,-2.9176,-4.9756,-0.6448,1739336921725.0266
2682,335099392,0,-4.5376,1.1095,-16.5234,-3.0013,-5.5535,-0.7052,1739336921735.028
2683,502871552,0,-4.7449,1.1095,-16.5234,-3.0291,-5.8605,-0.7388,1739336921745.0298
2684,670643712,0,-4.9061,1.0864,-16.259,-3.0013,-6.1766,-0.7724,1739336921755.0312
2685,838415872,0,-5.0673,1.0402,-16.1269,-2.9641,-6.4565,-0.8127,1739336921765.0327
2686,1006188032,0,-5.1134,0.9708,-15.9947,-2.9269,-6.601,-0.8396,1739336921775.0342
2687,1173960192,0,-5.2516,0.8784,-15.8625,-2.8526,-6.8448,-0.8597,1739336921785.0356
2688,1341732352,0,-5.4359,0.7859,-15.8625,-2.7782,-7.1338,-0.9,1739336921795.037
2689,1509504512,0,-5.4819,0.7165,-15.5981,-2.7039,-7.2512,-0.9269,1739336921805.0386
2690,1677276672,0,-5.4819,0.6472,-15.7303,-2.6389,-7.3505,-0.9403,1739336921815.0403
2691,1845048832,0,-5.4589,0.5547,-15.7303,-2.5831,-7.3415,-0.9605,1739336921825.0417
2692,2012820992,0,-5.4128,0.5085,-15.4659,-2.5274,-7.3234,-0.9739,1739336921835.0432
2693,2180593152,0,-5.3668,0.4623,-15.4659,-2.5088,-7.3054,-0.9806,1739336921845.0447
2694,2348365312,0,-5.3207,0.4392,-15.3337,-2.5181,-7.3234,-0.9941,1739336921855.0461
2695,2516137472,0,-5.0904,0.3929,-15.4659,-2.4902,-7.0886,-0.9873,1739336921865.0476
2696,2683909632,0,-4.8831,0.3236,-15.3337,-2.4809,-6.8809,-0.9806,1739336921875.049
2697,2851681792,0,-4.7449,0.2773,-15.2015,-2.4623,-6.7726,-0.9873,1739336921885.0508
2698,3019453952,0,-4.5145,0.2542,-15.3337,-2.453,-6.5739,-0.9806,1739336921895.0522
2699,3187226112,0,-4.3303,0.2311,-15.4659,-2.453,-6.3211,-0.9672,1739336921905.0537
2700,3354998272,0,-4.192,0.1849,-15.3337,-2.4716,-6.1585,-0.9538,1739336921915.0552
2701,3522770432,0,-4.146,0.2311,-15.4659,-2.5181,-6.0682,-0.947,1739336921925.0566
2702,3690542592,0,-4.0538,0.3236,-15.4659,-2.6203,-5.9057,-0.9269,1739336921935.058
2703,3858314752,0,-3.9387,0.3467,-15.4659,-2.676,-5.698,-0.9135,1739336921945.0596
2704,4026086912,0,-3.7314,0.3467,-15.5981,-2.6574,-5.4813,-0.9067,1739336921955.0613
2705,4193859072,0,-3.6162,0.3236,-15.5981,-2.6203,-5.2916,-0.8866,1739336921965.0627
2706,66729472,0,-3.455,0.3005,-15.7303,-2.5924,-5.111,-0.8664,1739336921975.0642
2707,234501632,0,-3.2016,0.3005,-15.5981,-2.6203,-4.8943,-0.853,1739336921985.0657
2708,402273792,0,-3.0404,0.3005,-15.8625,-2.6482,-4.7047,-0.8396,1739336921995.0671
2709,570045952,0,-2.9713,0.3005,-15.8625,-2.6667,-4.5782,-0.8194,1739336922005.0686
2710,737818112,0,-2.787,0.3005,-15.7303,-2.6667,-4.4157,-0.806,1739336922015.07
2711,905590272,0,-2.6488,0.2773,-15.8625,-2.676,-4.1899,-0.7993,1739336922025.0718
2712,1073362432,0,-2.4415,0.2773,-15.9947,-2.6574,-3.9461,-0.7858,1739336922035.0732
2713,1241134592,0,-2.3033,0.2542,-15.9947,-2.6482,-3.7926,-0.7791,1739336922045.0747
2714,1408906752,0,-2.3033,0.2773,-15.8625,-2.6667,-3.7565,-0.7657,1739336922055.0762
2715,1576678912,0,-2.2803,0.3005,-15.9947,-2.7132,-3.7204,-0.7522,1739336922065.0776
2716,1744451072,0,-2.2342,0.3236,-15.9947,-2.7318,-3.6301,-0.7388,1739336922075.079
2717,1912223232,0,-2.2112,0.3236,-15.9947,-2.7504,-3.5759,-0.7388,1739336922085.0806
2718,2079995392,0,-2.2572,0.3467,-15.9947,-2.7504,-3.5488,-0.7254,1739336922095.0823
2719,2247767552,0,-2.2112,0.3929,-16.1269,-2.7875,-3.4675,-0.7119,1739336922105.0837
2720,2415539712,0,-2.0499,0.416,-15.9947,-2.8154,-3.305,-0.6918,1739336922115.0852
2721,2583311872,0,-1.8887,0.3929,-16.259,-2.8247,-3.0792,-0.6784,1739336922125.0867
2722,2751084032,0,-1.7505,0.3929,-16.1269,-2.8526,-2.8354,-0.6582,1739336922135.0881
2723,2918856192,0,-1.5893,0.3929,-16.1269,-2.8433,-2.5735,-0.6313,1739336922145.0896
2724,3086628352,0,-1.382,0.3467,-15.9947,-2.8061,-2.3207,-0.6045,1739336922155.091
2725,3254400512,0,-1.1747,0.3236,-16.1269,-2.7411,-2.0588,-0.5776,1739336922165.0928
2726,3422172672,0,-0.8752,0.2773,-16.259,-2.676,-1.7247,-0.5507,1739336922175.0942
2727,3589944832,0,-0.5528,0.2311,-16.1269,-2.6017,-1.2822,-0.5239,1739336922185.0957
2728,3757716992,0,-0.2533,0.1386,-16.1269,-2.5367,-0.8759,-0.4903,1739336922195.0972
2729,3925489152,0,0.046,0.0693,-16.1269,-2.4902,-0.5056,-0.4433,1739336922205.0986
2730,4093261312,0,0.3915,0.0231,-16.259,-2.453,-0.1173,-0.403,1739336922215.1
2731,4261033472,0,0.8292,0.0,-16.1269,-2.3694,0.3521,-0.3492,1739336922225.1016
2732,133903872,0,1.2438,-0.0231,-16.1269,-2.2858,0.8307,-0.3022,1739336922235.1033
2733,301676032,0,1.6353,-0.0924,-16.259,-2.23,1.3093,-0.2552,1739336922245.1047
2734,469448192,0,2.0499,-0.1155,-16.1269,-2.165,1.7879,-0.2082,1739336922255.1062
2735,637220352,0,2.3263,-0.0924,-16.259,-2.1092,2.2304,-0.1612,1739336922265.1077
2736,804992512,0,2.5797,-0.0693,-16.3912,-2.0628,2.6097,-0.1007,1739336922275.1091
2737,972764672,0,2.81,0.0,-16.3912,-2.0535,3.007,-0.0268,1739336922285.1106
2738,1140536832,0,3.0634,0.0693,-16.5234,-2.0721,3.3863,0.0403,1739336922295.1123
2739,1308308992,0,3.2477,0.1386,-16.6556,-2.0999,3.6752,0.1007,1739336922305.1138
2740,1476081152,0,3.478,0.1618,-16.7878,-2.0813,4.0364,0.1477,1739336922315.1152
2741,1643853312,0,3.7083,0.1618,-16.6556,-2.0535,4.4157,0.2015,1739336922325.1167
2742,1811625472,0,3.6853,0.1618,-16.7878,-2.0349,4.5602,0.2418,1739336922335.1182
2743,1979397632,0,3.7544,0.1618,-16.7878,-1.9977,4.7859,0.2955,1739336922345.1196
2744,2147169792,0,3.8696,0.208,-16.92,-1.9791,5.0297,0.3425,1739336922355.121
2745,2314941952,0,4.0308,0.1849,-17.0522,-1.8955,5.2916,0.3895,1739336922365.1228
2746,2482714112,0,4.2151,0.2311,-16.92,-1.8583,5.6348,0.4231,1739336922375.1243
2747,2650486272,0,4.2612,0.2542,-16.92,-1.8398,5.8696,0.4634,1739336922385.1257
2748,2818258432,0,4.3533,0.2542,-17.0522,-1.8212,6.0953,0.5172,1739336922395.1272
2749,2986030592,0,4.4685,0.3005,-17.0522,-1.8398,6.3391,0.5575,1739336922405.1287
2750,3153802752,0,4.5145,0.3236,-17.1844,-1.8583,6.4926,0.6045,1739336922415.1301
2751,3321574912,0,4.5145,0.3698,-17.1844,-1.8769,6.6371,0.6246,1739336922425.1316
2752,3489347072,0,4.5145,0.416,-17.3165,-1.8955,6.7364,0.6649,1739336922435.1333
2753,3657119232,0,4.4915,0.416,-17.3165,-1.8955,6.7455,0.6784,1739336922445.1348
2754,3824891392,0,4.3533,0.4392,-17.3165,-1.8955,6.7274,0.6851,1739336922455.1362
2755,3992663552,0,4.0999,0.4623,-17.1844,-1.942,6.592,0.6851,1739336922465.1377
2756,4160435712,0,3.8235,0.5316,-17.4487,-2.0349,6.3572,0.6918,1739336922475.1392
2757,33306112,0,3.6392,0.5547,-17.4487,-2.0442,6.2127,0.6918,1739336922485.1406
2758,201078272,0,3.478,0.5316,-17.3165,-2.007,6.1495,0.6851,1739336922495.142
2759,368850432,0,3.2246,0.5085,-17.4487,-2.0256,5.9689,0.6851,1739336922505.1438
2760,536622592,0,2.9252,0.5779,-17.5809,-2.0628,5.707,0.6784,1739336922515.1453
2761,704394752,0,2.6027,0.6241,-17.8453,-2.1185,5.4451,0.6716,1739336922525.1467
2762,872166912,0,2.4645,0.601,-17.8453,-2.1092,5.3097,0.6448,1739336922535.1482
2763,1039939072,0,2.2342,0.6241,-17.7131,-2.0813,5.1381,0.6246,1739336922545.1497
2764,1207711232,0,1.9578,0.601,-17.5809,-2.0442,4.9124,0.591,1739336922555.1511
2765,1375483392,0,1.7275,0.5316,-17.5809,-2.007,4.6776,0.5642,1739336922565.1526
2766,1543255552,0,1.4511,0.5316,-17.7131,-2.0163,4.3344,0.5239,1739336922575.1543
2767,1711027712,0,1.1286,0.5316,-17.8453,-2.0628,4.0093,0.497,1739336922585.1558
2768,1878799872,0,0.8292,0.5779,-17.7131,-2.0906,3.6752,0.4567,1739336922595.1572
2769,2046572032,0,0.6679,0.5316,-17.7131,-2.0721,3.4404,0.4231,1739336922605.1587
2770,2214344192,0,0.4837,0.4623,-17.7131,-2.007,3.2689,0.3963,1739336922615.1602
2771,2382116352,0,0.2533,0.4392,-17.8453,-1.9884,2.998,0.3559,1739336922625.1616
2772,2549888512,0,-0.0691,0.416,-17.7131,-1.9884,2.6729,0.3358,1739336922635.163
2773,2717660672,0,-0.3685,0.4854,-17.7131,-2.0721,2.3207,0.3089,1739336922645.1648
2774,2885432832,0,-0.6679,0.5316,-17.5809,-2.1278,2.0227,0.2821,1739336922655.1663
2775,3053204992,0,-0.8983,0.5085,-17.5809,-2.165,1.7699,0.2686,1739336922665.1677
2776,3220977152,0,-1.0365,0.5085,-17.5809,-2.1836,1.5893,0.2485,1739336922675.1692
2777,3388749312,0,-1.1286,0.5085,-17.5809,-2.2114,1.4538,0.2485,1739336922685.1707
2778,3556521472,0,-1.1977,0.5085,-17.5809,-2.2486,1.3635,0.2552,1739336922695.172
2779,3724293632,0,-1.2207,0.4854,-17.3165,-2.2765,1.2642,0.235,1739336922705.1736
2780,3892065792,0,-1.2207,0.4854,-17.4487,-2.2486,1.1739,0.2283,1739336922715.1753
2781,4059837952,0,-1.1747,0.4392,-17.4487,-2.1836,1.1558,0.2082,1739336922725.1768
2782,4227610112,0,-1.1286,0.3698,-17.4487,-2.0813,1.1829,0.1947,1739336922735.1782
2783,100480512,0,-1.2207,0.3005,-17.4487,-2.0256,1.1016,0.188,1739336922745.1797
2784,268252672,0,-1.3589,0.3005,-17.5809,-1.9884,0.9391,0.1679,1739336922755.1812
2785,436024832,0,-1.382,0.2773,-17.7131,-1.9606,0.8939,0.1679,1739336922765.1826
2786,603796992,0,-1.3129,0.2311,-17.5809,-1.9048,0.903,0.1544,1739336922775.184
2787,771569152,0,-1.2207,0.208,-17.4487,-1.8769,0.9301,0.141,1739336922785.1858
2788,939341312,0,-1.1056,0.208,-17.3165,-1.9141,0.9481,0.1343,1739336922795.1873
2789,1107113472,0,-1.0595,0.2773,-17.1844,-1.9698,0.921,0.1209,1739336922805.1887
2790,1274885632,0,-1.1286,0.3005,-17.1844,-2.0349,0.8217,0.1209,1739336922815.1902
2791,1442657792,0,-1.2668,0.3929,-16.92,-2.1278,0.6321,0.1141,1739336922825.1917
2792,1610429952,0,-1.428,0.416,-16.92,-2.2114,0.3973,0.1007,1739336922835.193
2793,1778202112,0,-1.428,0.4392,-16.6556,-2.2765,0.2167,0.0738,1739336922845.1946
2794,1945974272,0,-1.4741,0.4392,-16.3912,-2.3229,0.0812,0.047,1739336922855.1963
2795,2113746432,0,-1.5432,0.416,-16.3912,-2.3694,-0.1535,0.0201,1739336922865.1978
2796,2281518592,0,-1.6353,0.416,-16.259,-2.3694,-0.3882,0.0067,1739336922875.1992
2797,2449290752,0,-1.8196,0.416,-16.1269,-2.4251,-0.7224,-0.0134,1739336922885.2007
2798,2617062912,0,-1.9808,0.416,-15.8625,-2.4623,-1.0565,-0.0335,1739336922895.2021
2799,2784835072,0,-2.073,0.4623,-15.5981,-2.5274,-1.3454,-0.0537,1739336922905.2036
2800,2952607232,0,-2.096,0.4854,-15.4659,-2.6203,-1.6073,-0.0873,1739336922915.2053
2801,3120379392,0,-2.073,0.4623,-15.2015,-2.6667,-1.797,-0.1209,1739336922925.2068
2802,3288151552,0,-2.0269,0.4854,-14.9372,-2.7318,-1.9866,-0.141,1739336922935.2083
2803,3455923712,0,-1.8887,0.4623,-14.6728,-2.7782,-2.122,-0.1746,1739336922945.2097
2804,3623695872,0,-1.7966,0.4623,-14.4084,-2.834,-2.2485,-0.1947,1739336922955.2112
2805,3791468032,0,-1.6584,0.4623,-14.144,-2.899,-2.3207,-0.2082,1739336922965.2126
2806,3959240192,0,-1.6123,0.4392,-13.7475,-2.9083,-2.4381,-0.2149,1739336922975.214
2807,4127012352,0,-1.5662,0.4392,-13.3509,-2.899,-2.6097,-0.2485,1739336922985.2158
2808,4294784512,0,-1.4971,0.3467,-12.9543,-2.8712,-2.7361,-0.2686,1739336922995.2173
2809,167654912,0,-1.382,0.3467,-12.69,-2.8805,-2.8445,-0.2955,1739336923005.2188
2810,335427072,0,-1.2438,0.3236,-12.5578,-2.899,-2.9438,-0.3156,1739336923015.2202
2811,503199232,0,-1.0825,0.3005,-12.4256,-2.9362,-2.9889,-0.3358,1739336923025.2217
2812,670971392,0,-0.8752,0.2773,-12.2934,-2.9455,-2.9799,-0.3425,1739336923035.2231
2813,838743552,0,-0.6679,0.2311,-12.029,-2.9641,-2.9618,-0.3492,1739336923045.2246
2814,1006515712,0,-0.4606,0.208,-11.7647,-3.0198,-2.9348,-0.3559,1739336923055.2263
2815,1174287872,0,-0.2533,0.1849,-11.5003,-3.0663,-2.9257,-0.3559,1739336923065.2278
2816,1342060032,0,-0.0691,0.2542,-11.1037,-3.1499,-2.9348,-0.3627,1739336923075.2292
2817,1509832192,0,0.0691,0.2542,-11.1037,-3.2521,-2.9438,-0.3559,1739336923085.2307
2818,1677604352,0,0.3455,0.3236,-10.8393,-3.3451,-2.8715,-0.3425,1739336923095.2322
2819,1845376512,0,0.5758,0.3467,-10.7072,-3.4101,-2.7993,-0.3291,1739336923105.2336
2820,2013148672,0,0.6449,0.3698,-10.575,-3.4658,-2.7903,-0.3224,1739336923115.235
2821,2180920832,0,0.737,0.3929,-10.4428,-3.4937,-2.718,-0.3156,1739336923125.2368
2822,2348692992,0,0.8061,0.4392,-10.3106,-3.5216,-2.7,-0.3089,1739336923135.2383
2823,2516465152,0,1.0365,0.3698,-10.3106,-3.4844,-2.5103,-0.2955,1739336923145.2397
2824,2684237312,0,1.2898,0.3929,-10.1784,-3.4844,-2.2936,-0.2888,1739336923155.2412
2825,2852009472,0,1.6123,0.3467,-10.0462,-3.4844,-2.0408,-0.2821,1739336923165.2427
2826,3019781632,0,1.9808,0.3467,-10.0462,-3.4473,-1.7247,-0.2619,1739336923175.2441
2827,3187553792,0,2.2803,0.2773,-10.0462,-3.4008,-1.4538,-0.2485,1739336923185.2456
2828,3355325952,0,2.6027,0.2311,-9.914,-3.3729,-1.1016,-0.2283,1739336923195.2473
2829,3523098112,0,3.0173,0.1618,-9.7818,-3.3265,-0.6862,-0.2149,1739336923205.2488
2830,3690870272,0,3.4319,0.1155,-9.5175,-3.2707,-0.2528,-0.1813,1739336923215.2502
2831,3858642432,0,3.8005,0.0693,-9.3853,-3.1778,0.1173,-0.1477,1739336923225.2517
2832,4026414592,0,4.0999,0.0231,-9.5175,-3.1313,0.4605,-0.1343,1739336923235.2532
2833,4194186752,0,4.3994,0.0693,-9.6497,-3.1406,0.7765,-0.0873,1739336923245.2546
2834,67057152,0,4.7909,0.0924,-9.6497,-3.1871,1.1558,-0.047,1739336923255.256
2835,234829312,0,5.2746,0.0924,-9.7818,-3.1964,1.6254,0.0067,1739336923265.2578
2836,402601472,0,5.6892,0.0924,-9.914,-3.1871,2.0769,0.047,1739336923275.2593
2837,570373632,0,6.0347,0.0924,-10.0462,-3.1499,2.42,0.0738,1739336923285.2607
2838,738145792,0,6.242,0.0924,-9.914,-3.1128,2.6548,0.094,1739336923295.2622
2839,905917952,0,6.2881,0.1155,-10.0462,-3.057,2.7632,0.1074,1739336923305.2637
2840,1073690112,0,6.3342,0.0924,-10.0462,-3.0198,2.7812,0.1141,1739336923315.2651
2841,1241462272,0,6.3342,0.0693,-10.3106,-2.9827,2.8445,0.1141,1739336923325.2666
2842,1409234432,0,6.4263,0.0462,-10.4428,-2.8897,2.9528,0.1276,1739336923335.2683
2843,1577006592,0,6.4033,0.0,-10.3106,-2.8247,3.007,0.1209,1739336923345.2698
2844,1744778752,0,6.4033,0.0,-10.4428,-2.769,2.9799,0.1209,1739336923355.2712
2845,1912550912,0,6.3342,0.0231,-10.575,-2.769,2.9528,0.1209,1739336923365.2727
2846,2080323072,0,6.196,0.0231,-10.7072,-2.7782,2.8625,0.1141,1739336923375.2742
2847,2248095232,0,6.0578,0.0231,-10.8393,-2.7782,2.7541,0.1007,1739336923385.2756
2848,2415867392,0,5.8965,0.0693,-10.9715,-2.8061,2.6368,0.0873,1739336923395.277
2849,2583639552,0,5.8044,0.0693,-11.1037,-2.8154,2.5555,0.0738,1739336923405.2788
2850,2751411712,0,5.6201,0.0924,-11.2359,-2.7968,2.4471,0.0537,1739336923415.2803
2851,2919183872,0,5.3207,0.0924,-11.1037,-2.7875,2.2033,0.0403,1739336923425.2817
2852,3086956032,0,4.9522,0.1386,-11.2359,-2.8433,1.9053,0.0201,1739336923435.2832
2853,3254728192,0,4.4454,0.1849,-11.6325,-2.9269,1.5351,-0.0201,1739336923445.2847
2854,3422500352,0,4.0078,0.2542,-11.8968,-2.9734,1.1739,-0.0335,1739336923455.2861
2855,3590272512,0,3.5932,0.3005,-12.1612,-3.0105,0.8398,-0.0604,1739336923465.2876
2856,3758044672,0,3.2707,0.3467,-12.029,-3.0105,0.614,-0.094,1739336923475.2893
2857,3925816832,0,2.9482,0.3005,-12.4256,-2.9269,0.3973,-0.1209,1739336923485.2908
2858,4093588992,0,2.6949,0.2311,-12.4256,-2.8247,0.2438,-0.1679,1739336923495.2922
2859,4261361152,0,2.3494,0.208,-12.69,-2.769,0.018,-0.2015,1739336923505.2937
2860,117454592,0,2.0039,0.208,-12.8222,-2.7225,-0.1896,-0.2485,1739336923515.2952
2861,285226752,0,1.6353,0.3005,-12.9543,-2.6853,-0.4605,-0.2821,1739336923525.2966
2862,452998912,0,1.382,0.3005,-13.4831,-2.6389,-0.6321,-0.3224,1739336923535.298
2863,620771072,0,1.2438,0.2773,-13.4831,-2.5459,-0.7043,-0.3492,1739336923545.2998
2864,788543232,0,1.1977,0.1618,-13.6153,-2.3973,-0.6862,-0.3828,1739336923555.3013
2865,956315392,0,1.1516,0.0924,-13.7475,-2.2672,-0.6321,-0.4164,1739336923565.3027
2866,1124087552,0,1.0595,0.0,-13.8797,-2.0999,-0.6321,-0.4433,1739336923575.3042
2867,1291859712,0,0.9904,-0.0462,-14.144,-1.9977,-0.6321,-0.4634,1739336923585.3057
2868,1459631872,0,0.8752,0.0,-14.2762,-1.9513,-0.6592,-0.4769,1739336923595.3071
2869,1627404032,0,0.7601,-0.0462,-14.5406,-1.9048,-0.6592,-0.4903,1739336923605.3088
2870,1795176192,0,0.691,-0.1155,-14.6728,-1.7933,-0.6682,-0.5239,1739336923615.3103
2871,1962948352,0,0.691,-0.2773,-15.0693,-1.6632,-0.5869,-0.5373,1739336923625.3118
2872,2130720512,0,0.7831,-0.3929,-15.2015,-1.5052,-0.4334,-0.5575,1739336923635.3132
2873,2298492672,0,0.8061,-0.416,-15.0693,-1.4309,-0.325,-0.5709,1739336923645.3147
2874,2466264832,0,0.6679,-0.3929,-15.3337,-1.4309,-0.3882,-0.5709,1739336923655.3162
2875,2634036992,0,0.5067,-0.3467,-15.4659,-1.4867,-0.4605,-0.5709,1739336923665.3176
2876,2801809152,0,0.2764,-0.3467,-15.4659,-1.496,-0.5689,-0.5642,1739336923675.3193
2877,2969581312,0,0.1842,-0.416,-15.5981,-1.403,-0.6411,-0.5642,1739336923685.3208
2878,3137353472,0,0.0691,-0.416,-15.5981,-1.3194,-0.6772,-0.591,1739336923695.3223
2879,3305125632,0,0.0,-0.4623,-15.8625,-1.2822,-0.7495,-0.6112,1739336923705.3237
2880,3472897792,0,-0.0921,-0.5085,-15.9947,-1.2544,-0.7946,-0.6179,1739336923715.3252
2881,3640669952,0,-0.2533,-0.5085,-15.9947,-1.2358,-0.9662,-0.6448,1739336923725.3267
2882,3808442112,0,-0.4837,-0.4623,-15.9947,-1.2544,-1.1287,-0.6515,1739336923735.3281
2883,3976214272,0,-0.5297,-0.4623,-16.259,-1.2915,-1.2642,-0.6582,1739336923745.3298
2884,4143986432,0,-0.5528,-0.4392,-16.1269,-1.3473,-1.2913,-0.6448,1739336923755.3313
2885,16856832,0,-0.5758,-0.416,-16.259,-1.403,-1.3454,-0.6448,1739336923765.3328
2886,184628992,0,-0.6219,-0.3467,-16.259,-1.496,-1.3996,-0.6313,1739336923775.3342
2887,352401152,0,-0.6449,-0.2542,-16.259,-1.6075,-1.3996,-0.6112,1739336923785.3357
2888,520173312,0,-0.5758,-0.2542,-16.259,-1.6353,-1.3454,-0.6045,1739336923795.3372
2889,687945472,0,-0.5528,-0.2542,-16.1269,-1.626,-1.3184,-0.6045,1739336923805.3386
2890,855717632,0,-0.5758,-0.2311,-16.1269,-1.6446,-1.3364,-0.6045,1739336923815.3403
2891,1023489792,0,-0.5988,-0.208,-16.1269,-1.6818,-1.3454,-0.5978,1739336923825.3418
2892,1191261952,0,-0.5758,-0.1618,-16.1269,-1.6911,-1.3093,-0.591,1739336923835.3433
2893,1359034112,0,-0.6219,-0.1618,-16.259,-1.6911,-1.2913,-0.5709,1739336923845.3447
2894,1526806272,0,-0.6449,-0.2311,-16.259,-1.6446,-1.3003,-0.5709,1739336923855.3462
2895,1694578432,0,-0.5758,-0.2311,-16.259,-1.6075,-1.2371,-0.5642,1739336923865.3477
2896,1862350592,0,-0.5528,-0.208,-15.9947,-1.6446,-1.21,-0.5575,1739336923875.349
2897,2030122752,0,-0.5297,-0.1849,-16.1269,-1.6818,-1.2642,-0.5507,1739336923885.3508
2898,2197894912,0,-0.6219,-0.1618,-16.3912,-1.7004,-1.3274,-0.5373,1739336923895.3523
2899,2365667072,0,-0.714,-0.1386,-16.5234,-1.7375,-1.3725,-0.5373,1739336923905.3538
2900,2533439232,0,-0.737,-0.0924,-16.3912,-1.7468,-1.3454,-0.5239,1739336923915.3552
2901,2701211392,0,-0.6449,-0.0693,-16.3912,-1.7468,-1.219,-0.5037,1739336923925.3567
2902,2868983552,0,-0.5297,-0.0462,-16.259,-1.784,-1.0655,-0.4701,1739336923935.3582
2903,3036755712,0,-0.3685,0.0462,-16.3912,-1.8955,-0.8759,-0.4231,1739336923945.3596
2904,3204527872,0,-0.2764,0.1618,-16.3912,-2.0349,-0.6862,-0.3559,1739336923955.3613
2905,3372300032,0,-0.1842,0.1849,-16.5234,-2.1557,-0.4695,-0.2686,1739336923965.3628
2906,3540072192,0,-0.0921,0.208,-16.6556,-2.2021,-0.2709,-0.188,1739336923975.3643
2907,3707844352,0,0.0921,0.2542,-16.6556,-2.2579,-0.0361,-0.1074,1739336923985.3657
2908,3875616512,0,0.3915,0.3698,-16.6556,-2.3508,0.3431,0.0,1739336923995.3672
2909,4043388672,0,0.691,0.3929,-16.7878,-2.3508,0.7314,0.1007,1739336924005.3687
2910,4211160832,0,1.0365,0.3698,-16.6556,-2.3322,1.1378,0.1813,1739336924015.37
2911,84031232,0,1.2207,0.4392,-16.7878,-2.3508,1.4357,0.2753,1739336924025.3718
2912,251803392,0,1.405,0.4854,-16.92,-2.4344,1.7247,0.3761,1739336924035.3733
2913,419575552,0,1.5432,0.601,-16.92,-2.5459,1.9866,0.4701,1739336924045.3748
2914,587347712,0,1.7044,0.6934,-17.0522,-2.6203,2.2756,0.5575,1739336924055.3762
2915,755119872,0,1.9117,0.8321,-17.1844,-2.7782,2.5916,0.6515,1739336924065.3777
2916,922892032,0,2.0269,0.8552,-17.3165,-2.834,2.8354,0.7724,1739336924075.3792
2917,1090664192,0,2.0499,0.9246,-17.3165,-2.899,3.016,0.8732,1739336924085.3806
2918,1258436352,0,1.9808,0.9708,-17.4487,-2.9455,3.1154,0.9538,1739336924095.3823
2919,1426208512,0,1.9117,1.1095,-17.5809,-3.1035,3.1966,1.0545,1739336924105.3838
2920,1593980672,0,1.7966,1.2713,-17.8453,-3.2614,3.2598,1.1284,1739336924115.3853
2921,1761752832,0,1.6814,1.3407,-17.9775,-3.3822,3.296,1.209,1739336924125.3867
2922,1929524992,0,1.6123,1.5025,-18.1097,-3.5309,3.323,1.2963,1739336924135.3882
2923,2097297152,0,1.5893,1.595,-18.1097,-3.6238,3.3772,1.3635,1739336924145.3896
2924,2265069312,0,1.5202,1.7337,-18.2419,-3.726,3.4134,1.4239,1739336924155.391
2925,2432841472,0,1.382,1.8492,-18.374,-3.8097,3.3682,1.471,1739336924165.3928
2926,2600613632,0,1.1977,2.0573,-18.5062,-3.949,3.323,1.5113,1739336924175.3943
2927,2768385792,0,1.0365,2.0804,-18.5062,-4.0048,3.2779,1.5381,1739336924185.3958
2928,2936157952,0,0.8292,2.1035,-18.7706,-3.9955,3.1424,1.5516,1739336924195.3972
2929,3103930112,0,0.8061,2.1266,-18.9028,-3.9769,3.1605,1.5449,1739336924205.3987
2930,3271702272,0,0.9443,2.196,-19.035,-3.9862,3.3411,1.5583,1739336924215.4001
2931,3439474432,0,1.0595,2.1266,-19.2994,-3.9026,3.4675,1.5583,1739336924225.4019
2932,3607246592,0,1.1286,2.0342,-19.4315,-3.8004,3.5217,1.5381,1739336924235.4033
2933,3775018752,0,1.1516,2.011,-19.5637,-3.7353,3.5307,1.518,1739336924245.4048
2934,3942790912,0,1.1747,2.0342,-19.4315,-3.726,3.5669,1.5045,1739336924255.4062
2935,4110563072,0,1.2207,1.9879,-19.5637,-3.6981,3.594,1.4978,1739336924265.4077
2936,4278335232,0,1.1977,1.9879,-19.4315,-3.6703,3.603,1.4777,1739336924275.4092
2937,151205632,0,1.1977,1.9648,-19.2994,-3.6796,3.5759,1.4508,1739336924285.4106
2938,318977792,0,1.1516,1.9417,-19.2994,-3.6424,3.5669,1.4374,1739336924295.4124
2939,486749952,0,1.0825,1.8492,-19.2994,-3.5588,3.5217,1.3971,1739336924305.4138
2940,654522112,0,1.0134,1.8492,-19.2994,-3.503,3.4404,1.3635,1739336924315.4153
2941,822294272,0,1.0365,1.7799,-19.1672,-3.4287,3.4043,1.3433,1739336924325.4167
2942,990066432,0,1.1056,1.6874,-19.035,-3.2893,3.4495,1.3165,1739336924335.4182
2943,1157838592,0,1.2207,1.5256,-18.9028,-3.1035,3.5037,1.2829,1739336924345.4197
2944,1325610752,0,1.2898,1.41,-18.7706,-2.9734,3.5127,1.256,1739336924355.4211
2945,1493382912,0,1.4511,1.41,-18.9028,-2.9734,3.5669,1.2426,1739336924365.4229
2946,1661155072,0,1.7735,1.3638,-18.9028,-2.9641,3.7836,1.256,1739336924375.4243
2947,1828927232,0,2.0499,1.2944,-18.7706,-2.8433,4.0816,1.2627,1739336924385.4258
2948,1996699392,0,2.2572,1.1558,-18.5062,-2.7318,4.2261,1.2493,1739336924395.4272
2949,2164471552,0,2.4645,1.0633,-18.5062,-2.611,4.3796,1.2627,1739336924405.4287
2950,2332243712,0,2.7409,1.0402,-18.1097,-2.5274,4.6144,1.2493,1739336924415.4302
2951,2500015872,0,3.0864,0.9477,-17.9775,-2.4066,4.8582,1.2224,1739336924425.4316
2952,2667788032,0,3.4089,0.809,-17.7131,-2.2672,5.0659,1.1889,1739336924435.4333
2953,2835560192,0,3.7083,0.6934,-17.7131,-2.1371,5.2645,1.1418,1739336924445.4348
2954,3003332352,0,4.0538,0.4854,-17.5809,-1.9513,5.4361,1.0881,1739336924455.4363
2955,3171104512,0,4.3763,0.2773,-17.3165,-1.719,5.5896,1.0142,1739336924465.4377
2956,3338876672,0,4.5606,0.1618,-16.92,-1.5703,5.5986,0.9135,1739336924475.4392
2957,3506648832,0,4.6758,0.1618,-16.6556,-1.561,5.4903,0.8261,1739336924485.4407
2958,3674420992,0,4.6988,0.1155,-16.5234,-1.5517,5.3277,0.7455,1739336924495.4421
2959,3842193152,0,4.814,-0.0462,-16.3912,-1.4402,5.1833,0.6582,1739336924505.4438
2960,4009965312,0,4.9291,-0.1849,-15.8625,-1.3566,5.0297,0.5642,1739336924515.4453
2961,4177737472,0,4.9752,-0.3005,-15.5981,-1.3008,4.8221,0.4701,1739336924525.4468
2962,50607872,0,5.0673,-0.3929,-15.5981,-1.2358,4.6956,0.3761,1739336924535.4482
2963,218380032,0,5.2286,-0.5316,-14.9372,-1.0499,4.6505,0.2619,1739336924545.4497
2964,386152192,0,5.3668,-0.6934,-14.5406,-0.8827,4.5512,0.1612,1739336924555.4512
2965,553924352,0,5.551,-0.8552,-14.144,-0.7154,4.5241,0.0671,1739336924565.4526
2966,721696512,0,5.5971,-0.9708,-13.6153,-0.6225,4.3886,-0.0335,1739336924575.4543
2967,889468672,0,5.7353,-1.0633,-13.3509,-0.5296,4.2893,-0.1343,1739336924585.4558
2968,1057240832,0,5.7583,-1.1095,-13.2187,-0.5389,4.1448,-0.2149,1739336924595.4573
2969,1225012992,0,5.8735,-1.1326,-13.0865,-0.5575,4.0364,-0.2753,1739336924605.4587
2970,1392785152,0,5.9196,-1.1789,-12.8222,-0.6039,3.8919,-0.3425,1739336924615.4602
2971,1560557312,0,6.1038,-1.2482,-12.4256,-0.5761,3.8378,-0.4164,1739336924625.4617
2972,1728329472,0,6.3111,-1.3407,-12.1612,-0.5203,3.8468,-0.4836,1739336924635.4631
2973,1896101632,0,6.4954,-1.3638,-12.1612,-0.5203,3.8016,-0.544,1739336924645.4648
2974,2063873792,0,6.5645,-1.4563,-11.8968,-0.5296,3.6752,-0.5978,1739336924655.4663
2975,2231645952,0,6.5875,-1.4794,-11.7647,-0.5668,3.5307,-0.6515,1739336924665.4678
2976,2399418112,0,6.5875,-1.5487,-11.6325,-0.5482,3.3953,-0.6851,1739336924675.4692
2977,2567190272,0,6.7488,-1.5718,-11.5003,-0.5203,3.4134,-0.7254,1739336924685.4707
2978,2734962432,0,6.9791,-1.7799,-11.2359,-0.3902,3.5127,-0.759,1739336924695.4722
2979,2902734592,0,7.2094,-1.8955,-11.1037,-0.2601,3.6481,-0.7993,1739336924705.4736
2980,3070506752,0,7.4167,-2.0573,-10.575,-0.0836,3.7475,-0.8396,1739336924715.4753
2981,3238278912,0,7.5089,-2.0573,-10.4428,-0.065,3.7475,-0.8664,1739336924725.4768
2982,3406051072,0,7.4628,-2.1266,-10.3106,0.0092,3.6752,-0.8866,1739336924735.4783
2983,3573823232,0,7.4858,-2.0342,-10.4428,-0.0836,3.6301,-0.9067,1739336924745.4797
2984,3741595392,0,7.4398,-2.0804,-10.4428,-0.0557,3.5849,-0.9135,1739336924755.4812
2985,3909367552,0,7.3937,-2.011,-10.4428,-0.1393,3.5217,-0.9336,1739336924765.4827
2986,4077139712,0,7.3707,-1.9417,-10.4428,-0.2415,3.4675,-0.9269,1739336924775.4841
2987,4244911872,0,7.3476,-1.9648,-10.575,-0.2787,3.4224,-0.9067,1739336924785.4858
2988,117782272,0,7.3246,-1.9879,-10.8393,-0.2601,3.4404,-0.8933,1739336924795.4873
2989,285554432,0,7.2785,-1.8492,-10.8393,-0.3716,3.4043,-0.8799,1739336924805.4888
2990,453326592,0,7.1403,-1.7105,-10.9715,-0.5203,3.323,-0.853,1739336924815.4902
2991,621098752,0,7.0712,-1.6643,-11.1037,-0.5761,3.296,-0.8329,1739336924825.4917
2992,788870912,0,7.0712,-1.7105,-10.9715,-0.511,3.3321,-0.8329,1739336924835.4932
2993,956643072,0,7.1403,-1.7105,-10.9715,-0.4831,3.4404,-0.8396,1739336924845.4946
2994,1124415232,0,7.1634,-1.6412,-10.9715,-0.511,3.4946,-0.8329,1739336924855.4963
2995,1292187392,0,7.1403,-1.5718,-11.1037,-0.5761,3.5037,-0.8194,1739336924865.4978
2996,1459959552,0,7.1403,-1.4794,-11.1037,-0.6504,3.5037,-0.7993,1739336924875.4993
2997,1627731712,0,7.1403,-1.3407,-11.5003,-0.7805,3.5578,-0.7724,1739336924885.5007
2998,1795503872,0,7.1634,-1.3176,-11.3681,-0.8362,3.6301,-0.7455,1739336924895.5022
2999,1963276032,0,7.2555,-1.3407,-11.5003,-0.7991,3.7113,-0.7254,1739336924905.5037
3000,2131048192,0,7.3937,-1.3407,-11.6325,-0.7619,3.8829,-0.7254,1739336924915.5054
3001,2298820352,0,7.6701,-1.3176,-11.3681,-0.7433,4.1177,-0.7119,1739336924925.5068
3002,2466592512,0,7.7162,-1.3638,-11.3681,-0.7061,4.217,-0.6985,1739336924935.5083
3003,2634364672,0,7.601,-1.3407,-11.5003,-0.6968,4.1629,-0.6918,1739336924945.5098
3004,2802136832,0,7.4628,-1.202,-11.6325,-0.8083,4.0093,-0.6918,1739336924955.5112
3005,2969908992,0,7.5089,-1.0402,-11.7647,-0.957,4.0635,-0.6851,1739336924965.5127
3006,3137681152,0,7.5549,-0.9708,-11.6325,-1.0314,4.1358,-0.6515,1739336924975.5142
3007,3305453312,0,7.5549,-0.9246,-11.7647,-1.0592,4.1629,-0.6381,1739336924985.5159
3008,3473225472,0,7.4858,-0.8552,-11.8968,-1.0964,4.1448,-0.6246,1739336924995.5173
3009,3640997632,0,7.4167,-0.809,-12.2934,-1.1336,4.1358,-0.6179,1739336925005.5188
3010,3808769792,0,7.3707,-0.7859,-12.4256,-1.1429,4.1719,-0.591,1739336925015.5203
3011,3976541952,0,7.3476,-0.6472,-12.5578,-1.2172,4.2351,-0.5575,1739336925025.5217
3012,4144314112,0,7.3707,-0.4854,-12.69,-1.3845,4.3525,-0.497,1739336925035.5232
3013,17184512,0,7.3476,-0.3698,-12.9543,-1.496,4.4699,-0.4366,1739336925045.5247
3014,184956672,0,7.2555,-0.2773,-12.9543,-1.6075,4.5241,-0.3828,1739336925055.5264
3015,352728832,0,7.1403,-0.1386,-13.3509,-1.7375,4.5421,-0.3358,1739336925065.5278
3016,520500992,0,7.1403,0.0231,-13.4831,-1.8676,4.7137,-0.2753,1739336925075.5293
3017,688273152,0,7.2555,0.1155,-13.6153,-1.8862,4.9665,-0.2082,1739336925085.5308
3018,856045312,0,7.3937,0.1618,-13.8797,-1.9234,5.2555,-0.141,1739336925095.5322
3019,1023817472,0,7.4628,0.1849,-13.8797,-1.9234,5.5174,-0.0671,1739336925105.5337
3020,1191589632,0,7.601,0.2542,-14.2762,-1.9606,5.8154,0.0,1739336925115.5352
3021,1359361792,0,7.8544,0.2773,-14.4084,-1.942,6.2488,0.0806,1739336925125.5369
3022,1527133952,0,8.2229,0.3929,-14.5406,-1.9791,6.7455,0.1544,1739336925135.5383
3023,1694906112,0,8.5224,0.4392,-15.0693,-1.9977,7.197,0.2418,1739336925145.5398
3024,1862678272,0,8.8909,0.5316,-15.3337,-1.9791,7.7749,0.3224,1739336925155.5413
3025,2030450432,0,9.3516,0.4623,-15.2015,-1.8769,8.3077,0.403,1739336925165.5427
3026,2198222592,0,9.6049,0.5547,-15.4659,-1.8862,8.7502,0.4836,1739336925175.5442
3027,2365994752,0,9.8583,0.6472,-15.7303,-1.8862,9.1836,0.5709,1739336925185.5457
3028,2533766912,0,10.0195,0.8552,-15.8625,-1.9884,9.5358,0.6582,1739336925195.5474
3029,2701539072,0,10.0886,0.9708,-16.1269,-2.0906,9.7616,0.7455,1739336925205.5488
3030,2869311232,0,10.319,1.0402,-16.3912,-2.1278,10.1047,0.8329,1739336925215.5503
3031,3037083392,0,10.6645,1.1789,-16.3912,-2.1929,10.5562,0.9202,1739336925225.5518
3032,3204855552,0,10.9869,1.1558,-16.3912,-2.1371,10.9716,1.0142,1739336925235.5532
3033,3372627712,0,11.2173,1.202,-16.6556,-2.1371,11.3147,1.0881,1739336925245.5547
3034,3540399872,0,11.3785,1.202,-16.6556,-2.0906,11.5676,1.1418,1739336925255.5562
3035,3708172032,0,11.2173,1.2251,-16.6556,-2.1278,11.5315,1.162,1739336925265.5579
3036,3875944192,0,11.033,1.3407,-16.6556,-2.2579,11.396,1.1754,1739336925275.5593
3037,4043716352,0,10.8257,1.3638,-16.92,-2.2765,11.2967,1.1821,1739336925285.5608
3038,4211488512,0,10.6875,1.3407,-17.0522,-2.2858,11.1883,1.1687,1739336925295.5623
3039,84358912,0,10.5723,1.41,-16.92,-2.3415,11.08,1.1485,1739336925305.5637
3040,252131072,0,10.319,1.4794,-17.0522,-2.4437,10.8994,1.1418,1739336925315.5652
3041,419903232,0,10.1117,1.5025,-17.0522,-2.4809,10.6646,1.1351,1739336925325.5667
3042,587675392,0,9.8583,1.4794,-16.92,-2.4716,10.4027,1.115,1739336925335.5684
3043,755447552,0,9.5589,1.5025,-17.0522,-2.5367,10.1137,1.0948,1739336925345.5698
3044,923219712,0,9.3516,1.5487,-17.1844,-2.6203,9.888,1.0881,1739336925355.5713
3045,1090991872,0,9.2134,1.5718,-17.3165,-2.6482,9.7345,1.0747,1739336925365.5728
3046,1258764032,0,9.1673,1.5718,-17.4487,-2.6296,9.6261,1.0478,1739336925375.5742
3047,1426536192,0,9.0752,1.5256,-17.3165,-2.6296,9.5087,1.0209,1739336925385.5757
3048,1594308352,0,8.937,1.4563,-17.3165,-2.5552,9.3552,0.9806,1739336925395.5771
3049,1762080512,0,8.6836,1.41,-17.1844,-2.4809,9.1475,0.9269,1739336925405.5789
3050,1929852672,0,8.4993,1.3638,-17.3165,-2.4251,8.9669,0.8933,1739336925415.5803
3051,2097624832,0,8.4763,1.3869,-17.3165,-2.4066,8.9127,0.9,1739336925425.5818
3052,2265396992,0,8.4532,1.3176,-17.3165,-2.3415,8.9127,0.8866,1739336925435.5833
3053,2433169152,0,8.4072,1.2251,-17.1844,-2.2951,8.8134,0.8799,1739336925445.5847
3054,2600941312,0,8.4302,1.202,-17.1844,-2.2579,8.7953,0.8664,1739336925455.5862
3055,2768713472,0,8.4993,1.202,-17.0522,-2.2672,8.8134,0.853,1739336925465.5876
3056,2936485632,0,8.5454,1.1789,-16.92,-2.2207,8.7773,0.8261,1739336925475.5894
3057,3104257792,0,8.5224,1.1095,-16.92,-2.1371,8.7141,0.8127,1739336925485.5908
3058,3272029952,0,8.4763,1.0171,-16.92,-2.0813,8.6508,0.7926,1739336925495.5923
3059,3439802112,0,8.5454,0.9477,-16.6556,-2.0163,8.6508,0.7791,1739336925505.5938
3060,3607574272,0,8.6375,0.9015,-16.5234,-1.9513,8.7141,0.7858,1739336925515.5952
3061,3775346432,0,8.7988,0.9015,-16.259,-1.9141,8.8044,0.7724,1739336925525.5967
3062,3943118592,0,8.9139,0.8784,-16.1269,-1.9327,8.8314,0.7791,1739336925535.5981
3063,4110890752,0,8.8679,0.8552,-15.9947,-1.9513,8.7231,0.759,1739336925545.5999
3064,4278662912,0,8.6606,0.8784,-15.8625,-2.007,8.4341,0.7321,1739336925555.6013
3065,151533312,0,8.5224,0.9015,-15.8625,-2.0721,8.1722,0.7187,1739336925565.6028
3066,319305472,0,8.5224,0.9015,-15.5981,-2.0999,8.0368,0.6851,1739336925575.6042
3067,487077632,0,8.4532,0.809,-15.4659,-2.0628,7.8652,0.6515,1739336925585.6057
3068,654849792,0,8.4763,0.7628,-15.3337,-1.9977,7.7027,0.6112,1739336925595.6072
3069,822621952,0,8.5454,0.6934,-14.9372,-1.9606,7.5853,0.5776,1739336925605.609
3070,990394112,0,8.5454,0.6241,-14.9372,-1.9606,7.4318,0.5507,1739336925615.6104
3071,1158166272,0,8.5224,0.6241,-14.6728,-1.9884,7.2512,0.5239,1739336925625.6118
3072,1325938432,0,8.4532,0.6241,-14.4084,-2.0535,7.0164,0.5037,1739336925635.6133
3073,1493710592,0,8.4302,0.601,-14.144,-2.1092,6.8087,0.4701,1739336925645.6147
3074,1661482752,0,8.3841,0.5547,-14.0118,-2.1278,6.61,0.4433,1739336925655.6162
3075,1829254912,0,8.3611,0.5316,-13.7475,-2.1464,6.4294,0.4164,1739336925665.6177
3076,1997027072,0,8.3381,0.5085,-13.4831,-2.1836,6.2308,0.4097,1739336925675.6194
3077,2164799232,0,8.3841,0.5547,-13.2187,-2.2579,6.0592,0.3963,1739336925685.6208
3078,2332571392,0,8.4302,0.601,-12.9543,-2.3601,5.9418,0.3963,1739336925695.6223
3079,2500343552,0,8.5915,0.601,-12.8222,-2.4159,5.8786,0.3761,1739336925705.6238
3080,2668115712,0,8.7757,0.5316,-12.5578,-2.4159,5.8605,0.3559,1739336925715.6252
3081,2835887872,0,8.937,0.416,-12.2934,-2.3601,5.8515,0.3425,1739336925725.6267
3082,3003660032,0,9.1443,0.3929,-12.029,-2.3322,5.8696,0.3224,1739336925735.6282
3083,3171432192,0,9.3516,0.3236,-11.7647,-2.2858,5.9147,0.3156,1739336925745.63
3084,3339204352,0,9.5589,0.2773,-11.7647,-2.2579,6.005,0.3022,1739336925755.6313
3085,3506976512,0,9.7662,0.2542,-11.6325,-2.2579,6.0953,0.2888,1739336925765.6328
3086,3674748672,0,9.9965,0.2311,-11.6325,-2.2114,6.2037,0.2821,1739336925775.6343
3087,3842520832,0,10.2038,0.208,-11.3681,-2.1836,6.3211,0.2821,1739336925785.6357
3088,4010292992,0,10.4802,0.1618,-11.5003,-2.1371,6.4836,0.2888,1739336925795.6372
3089,4178065152,0,10.8027,0.1618,-11.2359,-2.0813,6.7726,0.2955,1739336925805.6387
3090,50935552,0,10.9869,0.1386,-11.1037,-2.0813,6.9171,0.3089,1739336925815.6404
3091,218707712,0,11.1021,0.1386,-11.1037,-2.1185,7.0164,0.3224,1739336925825.6418
3092,386479872,0,11.2173,0.1618,-10.8393,-2.1743,7.1338,0.3492,1739336925835.6433
3093,554252032,0,11.3555,0.208,-10.9715,-2.2207,7.2783,0.3761,1739336925845.6448
3094,722024192,0,11.4937,0.2311,-10.9715,-2.2765,7.3957,0.403,1739336925855.6462
3095,889796352,0,11.6319,0.2542,-10.8393,-2.3229,7.5221,0.4231,1739336925865.6477
3096,1057568512,0,11.8392,0.208,-10.9715,-2.3044,7.7027,0.4366,1739336925875.6492
3097,1225340672,0,12.0004,0.208,-11.1037,-2.2765,7.9013,0.45,1739336925885.651
3098,1393112832,0,12.0695,0.2311,-11.1037,-2.2672,8.0007,0.4634,1739336925895.6523
3099,1560884992,0,12.0004,0.2773,-11.2359,-2.3229,7.9826,0.4701,1739336925905.6538
3100,1728657152,0,12.0004,0.3467,-11.3681,-2.388,7.9916,0.4769,1739336925915.6553
3101,1896429312,0,12.0925,0.3698,-11.2359,-2.388,8.1,0.4903,1739336925925.6567
3102,2064201472,0,12.1616,0.3467,-11.3681,-2.3229,8.2264,0.4903,1739336925935.6582
3103,2231973632,0,12.2538,0.3005,-11.3681,-2.2951,8.2987,0.4903,1739336925945.6597
3104,2399745792,0,12.2768,0.3236,-11.3681,-2.3044,8.3438,0.5037,1739336925955.6614
3105,2567517952,0,12.3229,0.3005,-11.3681,-2.3322,8.4341,0.5037,1739336925965.6628
3106,2735290112,0,12.3229,0.3467,-11.2359,-2.3787,8.4432,0.5172,1739336925975.6643
3107,2903062272,0,12.3229,0.3929,-11.5003,-2.4066,8.4251,0.5172,1739336925985.6658
3108,3070834432,0,12.392,0.4392,-11.7647,-2.4437,8.5064,0.5239,1739336925995.6672
3109,3238606592,0,12.5993,0.4854,-11.6325,-2.4809,8.6689,0.5239,1739336926005.6687
3110,3406378752,0,12.8527,0.5085,-11.6325,-2.5181,8.8766,0.5373,1739336926015.6702
3111,3574150912,0,13.0139,0.5085,-11.5003,-2.4716,9.0753,0.5373,1739336926025.6719
3112,3741923072,0,13.1751,0.4392,-11.5003,-2.388,9.2649,0.5373,1739336926035.6733
3113,3909695232,0,13.3133,0.3698,-11.3681,-2.2951,9.4094,0.5373,1739336926045.6748
3114,4077467392,0,13.4055,0.3467,-11.5003,-2.2393,9.5268,0.5373,1739336926055.6763
3115,4245239552,0,13.5897,0.3236,-11.3681,-2.1929,9.7345,0.5507,1739336926065.6777
3116,118109952,0,13.9352,0.2773,-11.3681,-2.165,10.0505,0.5776,1739336926075.6792
3117,285882112,0,14.3729,0.2542,-11.3681,-2.1092,10.4749,0.591,1739336926085.6807
3118,453654272,0,14.8335,0.208,-11.3681,-2.0442,10.9355,0.6179,1739336926095.6824
3119,621426432,0,15.3403,0.1849,-11.2359,-1.9698,11.4412,0.6448,1739336926105.6838
3120,789198592,0,15.6167,0.1849,-10.9715,-1.9327,11.7572,0.6716,1739336926115.6853
3121,956970752,0,15.7088,0.2311,-11.1037,-1.9141,11.9107,0.6784,1739336926125.6868
3122,1124742912,0,15.9161,0.208,-11.2359,-1.849,12.1636,0.6918,1739336926135.6882
3123,1292515072,0,16.2386,0.1618,-11.2359,-1.7654,12.4796,0.6851,1739336926145.6897
3124,1460287232,0,16.5841,0.1155,-11.2359,-1.6539,12.8318,0.6918,1739336926155.6912
3125,1628059392,0,16.8374,0.1155,-11.3681,-1.5982,13.1027,0.7052,1739336926165.6929
3126,1795831552,0,17.206,0.1155,-11.5003,-1.5424,13.4459,0.7254,1739336926175.6943
3127,1963603712,0,17.4363,0.1155,-11.3681,-1.5238,13.7439,0.7388,1739336926185.6958
3128,2131375872,0,17.5515,0.1386,-11.6325,-1.5424,13.8612,0.7522,1739336926195.6973
3129,2299148032,0,17.6206,0.1849,-11.3681,-1.626,14.0238,0.7724,1739336926205.6987
3130,2466920192,0,17.6436,0.2773,-11.3681,-1.7375,14.0599,0.7926,1739336926215.7002
3131,2634692352,0,17.7818,0.3467,-11.6325,-1.8305,14.1683,0.7993,1739336926225.702
3132,2802464512,0,17.8509,0.3929,-11.5003,-1.8583,14.2676,0.806,1739336926235.7034
3133,2970236672,0,17.8049,0.416,-11.5003,-1.9141,14.2405,0.806,1739336926245.7048
3134,3138008832,0,17.5285,0.4623,-11.6325,-2.0163,13.9967,0.7993,1739336926255.7063
3135,3305780992,0,17.1599,0.5779,-11.7647,-2.1464,13.6806,0.7993,1739336926265.7078
3136,3473553152,0,16.8605,0.6934,-11.8968,-2.2579,13.4729,0.7926,1739336926275.7092
3137,3641325312,0,16.5841,0.7397,-11.8968,-2.3322,13.2201,0.7791,1739336926285.7107
3138,3809097472,0,16.2155,0.7859,-12.029,-2.3787,12.895,0.759,1739336926295.7124
3139,3976869632,0,15.9161,0.7397,-12.1612,-2.3508,12.579,0.7321,1739336926305.7139
3140,4144641792,0,15.6627,0.7165,-12.4256,-2.3229,12.3532,0.6985,1739336926315.7153
3141,17512192,0,15.4324,0.6934,-12.4256,-2.2486,12.1545,0.6649,1739336926325.7168
3142,185284352,0,15.2021,0.6703,-12.4256,-2.2114,11.9017,0.6179,1739336926335.7183
3143,353056512,0,14.9257,0.6241,-12.5578,-2.1557,11.6669,0.591,1739336926345.7197
3144,520828672,0,14.7644,0.601,-12.5578,-2.1092,11.5134,0.5709,1739336926355.7212
3145,688600832,0,14.7414,0.5779,-12.5578,-2.0535,11.4863,0.5642,1739336926365.723
3146,856372992,0,14.6723,0.5316,-12.5578,-1.9977,11.405,0.5575,1739336926375.7244
3147,1024145152,0,14.5802,0.4623,-12.69,-1.9048,11.3147,0.5373,1739336926385.7258
3148,1191917312,0,14.488,0.3929,-12.5578,-1.8212,11.2244,0.5306,1739336926395.7273
3149,1359689472,0,14.4189,0.3236,-12.69,-1.7468,11.1522,0.5239,1739336926405.7288
3150,1527461632,0,14.3038,0.2773,-12.69,-1.6911,11.0619,0.5172,1739336926415.7302
3151,1695233792,0,14.1886,0.3005,-12.5578,-1.6911,10.9535,0.5104,1739336926425.7317
3152,1863005952,0,14.0734,0.2773,-12.69,-1.6725,10.8723,0.5104,1739336926435.7334
3153,2030778112,0,13.9122,0.208,-12.8222,-1.6167,10.7188,0.497,1739336926445.7349
3154,2198550272,0,13.797,0.2311,-12.8222,-1.6167,10.5652,0.4836,1739336926455.7363
3155,2366322432,0,13.797,0.3005,-12.9543,-1.6632,10.5652,0.4769,1739336926465.7378
3156,2534094592,0,13.774,0.3236,-12.9543,-1.6818,10.5201,0.4769,1739336926475.7393
3157,2701866752,0,13.5206,0.3005,-12.8222,-1.6911,10.3124,0.4701,1739336926485.7407
3158,2869638912,0,13.1982,0.3929,-12.9543,-1.7468,10.0325,0.4701,1739336926495.7422
3159,3037411072,0,12.9218,0.4392,-13.0865,-1.8119,9.7977,0.4903,1739336926505.744
3160,3205183232,0,12.7144,0.5316,-13.0865,-1.8676,9.6171,0.5037,1739336926515.7454
3161,3372955392,0,12.5071,0.6703,-12.9543,-1.9791,9.4545,0.5172,1739336926525.7468
3162,3540727552,0,12.3229,0.7859,-13.2187,-2.165,9.3371,0.5507,1739336926535.7483
3163,3708499712,0,12.1847,0.8784,-13.4831,-2.2858,9.2288,0.6045,1739336926545.7498
3164,3876271872,0,12.0004,0.9015,-13.6153,-2.3322,9.1475,0.6582,1739336926555.7512
3165,4044044032,0,11.8392,0.9939,-13.6153,-2.4344,9.0843,0.7052,1739336926565.7527
3166,4211816192,0,11.6779,1.2251,-13.6153,-2.676,8.9579,0.7657,1739336926575.7544
3167,84686592,0,11.5167,1.3869,-13.7475,-2.8526,8.8495,0.8396,1739336926585.7559
3168,252458752,0,11.3785,1.4331,-13.7475,-2.899,8.8134,0.9,1739336926595.7573
3169,420230912,0,11.2403,1.4794,-13.7475,-2.9734,8.7231,0.9672,1739336926605.7588
3170,588003072,0,11.1482,1.5256,-13.8797,-3.0384,8.6779,1.0276,1739336926615.7603
3171,755775232,0,11.2864,1.5256,-13.8797,-3.0384,8.8766,1.0814,1739336926625.7617
3172,923547392,0,11.4246,1.5487,-13.8797,-3.0291,9.0662,1.1351,1739336926635.7632
3173,1091319552,0,11.6088,1.5718,-14.144,-3.057,9.2559,1.1821,1739336926645.765
3174,1259091712,0,11.701,1.6412,-13.8797,-3.0942,9.4455,1.2292,1739336926655.7664
3175,1426863872,0,11.6779,1.6643,-14.144,-3.1313,9.4636,1.2695,1739336926665.7678
3176,1594636032,0,11.701,1.7337,-14.0118,-3.1685,9.5629,1.303,1739336926675.7693
3177,1762408192,0,11.7931,1.7337,-14.144,-3.1499,9.7254,1.3232,1739336926685.7708
3178,1930180352,0,11.9774,1.7799,-14.0118,-3.1128,10.0054,1.3568,1739336926695.7722
3179,2097952512,0,12.1847,1.6874,-14.0118,-2.992,10.2492,1.3971,1739336926705.7737
3180,2265724672,0,12.3689,1.6412,-14.0118,-2.8712,10.493,1.4307,1739336926715.7754
3181,2433496832,0,12.6453,1.6181,-13.8797,-2.7782,10.8271,1.4844,1739336926725.7769
3182,2601268992,0,12.8066,1.6412,-13.8797,-2.7225,11.0258,1.5247,1739336926735.7783
3183,2769041152,0,12.9448,1.6181,-13.8797,-2.6667,11.2154,1.565,1739336926745.7798
3184,2936813312,0,13.106,1.5256,-13.6153,-2.5831,11.405,1.5986,1739336926755.7812
3185,3104585472,0,13.2212,1.4794,-13.8797,-2.5088,11.5134,1.6053,1739336926765.7827
3186,3272357632,0,13.3594,1.5025,-13.8797,-2.5181,11.6398,1.612,1739336926775.7842
3187,3440129792,0,13.5206,1.5487,-13.8797,-2.5645,11.7662,1.6187,1739336926785.786
3188,3607901952,0,13.5437,1.5718,-14.0118,-2.6017,11.8204,1.6255,1739336926795.7874
3189,3775674112,0,13.5206,1.5487,-14.0118,-2.5924,11.8114,1.6255,1739336926805.7888
3190,3943446272,0,13.4976,1.6643,-13.7475,-2.6482,11.7662,1.6255,1739336926815.7903
3191,4111218432,0,13.4515,1.7337,-13.8797,-2.7411,11.7392,1.612,1739336926825.7917
3192,4278990592,0,13.2903,1.7568,-13.8797,-2.8247,11.6398,1.612,1739336926835.7932
3193,151860992,0,13.1521,1.8261,-14.144,-2.8897,11.5224,1.6053,1739336926845.7947
3194,319633152,0,13.06,1.9417,-14.144,-2.9827,11.4592,1.612,1739336926855.7964
3195,487405312,0,13.0369,1.9417,-14.144,-3.0198,11.4502,1.6187,1739336926865.7979
3196,655177472,0,13.0369,1.8955,-13.8797,-3.0105,11.4592,1.5919,1739336926875.7993
3197,822949632,0,12.9909,1.9417,-14.0118,-3.0198,11.4502,1.5784,1739336926885.8008
3198,990721792,0,13.0369,1.9879,-14.0118,-3.0849,11.4683,1.5717,1739336926895.8022
3199,1158493952,0,13.0139,1.9648,-14.0118,-3.0849,11.4412,1.5583,1739336926905.8037
3200,1326266112,0,12.9448,1.9648,-14.0118,-3.0663,11.387,1.5381,1739336926915.8054
3201,1494038272,0,12.8296,2.0342,-14.144,-3.122,11.3057,1.518,1739336926925.807
3202,1661810432,0,12.8527,2.0342,-14.144,-3.1685,11.2967,1.5045,1739336926935.8083
3203,1829582592,0,12.9678,1.9879,-14.144,-3.1128,11.405,1.4978,1739336926945.8098
3204,1997354752,0,13.106,1.8723,-14.0118,-2.992,11.5224,1.4911,1739336926955.8113
3205,2165126912,0,13.2442,1.803,-14.144,-2.899,11.6489,1.471,1739336926965.8127
3206,2332899072,0,13.4055,1.7105,-14.144,-2.7875,11.8024,1.4508,1739336926975.8142
3207,2500671232,0,13.6358,1.6181,-14.144,-2.676,11.983,1.4374,1739336926985.816
3208,2668443392,0,13.8892,1.5487,-14.144,-2.5552,12.2358,1.4374,1739336926995.8174
3209,2836215552,0,14.1195,1.4331,-14.0118,-2.4344,12.4525,1.4105,1739336927005.8188
3210,3003987712,0,14.3268,1.2713,-14.0118,-2.2858,12.6151,1.3769,1739336927015.8203
3211,3171759872,0,14.5111,1.1789,-14.0118,-2.1743,12.7596,1.3501,1739336927025.8218
3212,3339532032,0,14.7875,1.1326,-14.0118,-2.0813,12.9582,1.3165,1739336927035.8232
3213,3507304192,0,15.0869,1.0633,-14.144,-1.9791,13.2111,1.2762,1739336927045.8247
3214,3675076352,0,15.3403,0.8784,-14.0118,-1.784,13.482,1.2359,1739336927055.8264
3215,3842848512,0,15.3863,0.8552,-14.0118,-1.7004,13.5994,1.1889,1739336927065.828
3216,4010620672,0,15.3863,0.809,-14.144,-1.6539,13.6084,1.1553,1739336927075.8293
3217,4178392832,0,15.4324,0.7859,-14.2762,-1.5796,13.6987,1.1015,1739336927085.8308
3218,51263232,0,15.5476,0.7165,-14.2762,-1.4867,13.8522,1.0478,1739336927095.8323
3219,219035392,0,15.824,0.6472,-14.144,-1.3287,14.078,0.9873,1739336927105.8337
3220,386807552,0,16.0313,0.5316,-14.144,-1.1707,14.3308,0.947,1739336927115.8352
3221,554579712,0,16.1464,0.3929,-14.2762,-1.0128,14.4031,0.8933,1739336927125.837
3222,722351872,0,16.2616,0.3236,-14.2762,-0.8827,14.5475,0.8597,1739336927135.8384
3223,890124032,0,16.2846,0.3467,-14.2762,-0.8827,14.6108,0.7926,1739336927145.8398
3224,1057896192,0,16.2616,0.3236,-14.0118,-0.8269,14.6108,0.7455,1739336927155.8413
3225,1225668352,0,16.2386,0.3698,-14.0118,-0.8362,14.6108,0.6985,1739336927165.8428
3226,1393440512,0,16.1695,0.3467,-14.144,-0.8269,14.5385,0.6582,1739336927175.8442
3227,1561212672,0,16.1695,0.3698,-14.2762,-0.8641,14.5746,0.6112,1739336927185.8457
3228,1728984832,0,16.1004,0.3467,-14.4084,-0.8827,14.5024,0.5776,1739336927195.8474
3229,1896756992,0,15.9852,0.3698,-14.5406,-0.8827,14.394,0.5306,1739336927205.8489
3230,2064529152,0,15.9161,0.416,-14.5406,-0.9291,14.385,0.5172,1739336927215.8503
3231,2232301312,0,15.7549,0.416,-14.6728,-0.9756,14.2315,0.4903,1739336927225.8518
3232,2400073472,0,15.5706,0.5316,-14.805,-1.0871,14.1592,0.4769,1739336927235.8533
3233,2567845632,0,15.4324,0.601,-14.9372,-1.1707,14.0418,0.4634,1739336927245.8547
3234,2735617792,0,15.2942,0.5085,-14.9372,-1.0778,13.9606,0.4433,1739336927255.8562
3235,2903389952,0,15.2021,0.5085,-14.9372,-1.0128,13.9154,0.4097,1739336927265.858
3236,3071162112,0,15.179,0.5085,-14.9372,-0.9756,13.8612,0.3895,1739336927275.8594
3237,3238934272,0,15.179,0.4854,-15.2015,-0.9291,13.8342,0.3895,1739336927285.8608
3238,3406706432,0,15.156,0.3698,-15.0693,-0.8083,13.8161,0.3761,1739336927295.8623
3239,3574478592,0,15.2021,0.3005,-15.0693,-0.7433,13.8071,0.3627,1739336927305.8638
3240,3742250752,0,15.2251,0.3005,-15.0693,-0.669,13.8161,0.3492,1739336927315.8652
3241,3910022912,0,15.2021,0.2311,-15.0693,-0.5946,13.798,0.3492,1739336927325.8667
3242,4077795072,0,15.2251,0.1618,-14.9372,-0.511,13.789,0.3425,1739336927335.8684
3243,4245567232,0,15.2481,0.1618,-14.9372,-0.4831,13.8071,0.3358,1739336927345.8699
3244,118437632,0,15.2481,0.1386,-14.9372,-0.446,13.798,0.3425,1739336927355.8713
3245,286209792,0,15.2712,0.0693,-14.9372,-0.3716,13.8342,0.3492,1739336927365.8728
3246,453981952,0,15.3633,0.0,-14.805,-0.2973,13.8883,0.3492,1739336927375.8743
3247,621754112,0,15.4785,-0.0231,-14.6728,-0.2508,13.9515,0.3492,1739336927385.8757
3248,789526272,0,15.6167,-0.0462,-14.6728,-0.223,14.0328,0.3492,1739336927395.8772
3249,957298432,0,15.7318,-0.0924,-14.4084,-0.13,14.1683,0.3559,1739336927405.879
3250,1125070592,0,15.8009,-0.1618,-14.4084,-0.0557,14.2134,0.3627,1739336927415.8804
3251,1292842752,0,15.847,-0.1386,-14.4084,-0.0464,14.2405,0.3761,1739336927425.8818
3252,1460614912,0,15.824,-0.1386,-14.4084,-0.0836,14.2315,0.3895,1739336927435.8833
3253,1628387072,0,15.7549,-0.0924,-14.2762,-0.1207,14.1231,0.3828,1739336927445.8848
3254,1796159232,0,15.6167,-0.0693,-14.4084,-0.1765,14.0057,0.3761,1739336927455.8862
3255,1963931392,0,15.4324,-0.0462,-14.5406,-0.2137,13.8522,0.3828,1739336927465.8877
3256,2131703552,0,15.2942,-0.0462,-14.4084,-0.2694,13.6987,0.3828,1739336927475.8894
3257,2299475712,0,15.0869,-0.0231,-14.6728,-0.3159,13.5,0.3761,1739336927485.8909
3258,2467247872,0,14.7644,0.0462,-14.6728,-0.3995,13.184,0.3627,1739336927495.8923
3259,2635020032,0,14.3038,0.1155,-14.805,-0.5203,12.7776,0.3425,1739336927505.8938
3260,2802792192,0,13.7049,0.208,-14.9372,-0.6783,12.2358,0.3224,1739336927515.8953
3261,2970564352,0,13.1982,0.2311,-15.3337,-0.8083,11.7301,0.3089,1739336927525.8967
3262,3138336512,0,12.8527,0.3005,-15.4659,-0.9199,11.405,0.2753,1739336927535.8984
3263,3306108672,0,12.5302,0.3698,-15.4659,-0.9942,11.098,0.2485,1739336927545.9
3264,3473880832,0,12.2307,0.416,-15.5981,-1.0592,10.782,0.2216,1739336927555.9014
3265,3641652992,0,12.0004,0.4392,-15.5981,-1.0964,10.5111,0.1813,1739336927565.9028
3266,3809425152,0,11.6779,0.4392,-15.5981,-1.1336,10.1499,0.1477,1739336927575.9043
3267,3977197312,0,11.3094,0.4623,-15.4659,-1.1893,9.7886,0.1141,1739336927585.9058
3268,4144969472,0,10.9869,0.5085,-15.5981,-1.2544,9.4094,0.0738,1739336927595.9072
3269,17839872,0,10.7105,0.5316,-15.7303,-1.2915,9.1024,0.0403,1739336927605.909
3270,185612032,0,10.4572,0.5316,-15.5981,-1.2822,8.8585,0.0067,1739336927615.9104
3271,353384192,0,10.2038,0.4392,-15.7303,-1.2172,8.5605,-0.0403,1739336927625.9119
3272,521156352,0,10.0886,0.3698,-15.7303,-1.1522,8.3799,-0.0806,1739336927635.9133
3273,688928512,0,9.9735,0.2773,-15.5981,-1.0406,8.2445,-0.1074,1739336927645.9148
3274,856700672,0,9.8813,0.208,-15.7303,-0.9849,8.091,-0.1343,1739336927655.9163
3275,1024472832,0,9.8353,0.1618,-15.7303,-0.9384,7.9916,-0.1477,1739336927665.9177
3276,1192244992,0,9.8353,0.1155,-15.7303,-0.892,7.9104,-0.1746,1739336927675.9194
3277,1360017152,0,9.7431,0.0462,-15.5981,-0.8455,7.8201,-0.2015,1739336927685.921
3278,1527789312,0,9.674,-0.0231,-15.4659,-0.7619,7.7027,-0.2216,1739336927695.9224
3279,1695561472,0,9.651,-0.0693,-15.4659,-0.7433,7.6214,-0.2418,1739336927705.9238
3280,1863333632,0,9.628,-0.0924,-15.4659,-0.7247,7.5311,-0.2619,1739336927715.9253
3281,2031105792,0,9.628,-0.1155,-15.4659,-0.6968,7.5311,-0.2753,1739336927725.9268
3282,2198877952,0,9.651,-0.1849,-15.4659,-0.6504,7.4769,-0.2821,1739336927735.9282
3283,2366650112,0,9.7892,-0.2542,-15.3337,-0.6039,7.5672,-0.2821,1739336927745.93
3284,2534422272,0,9.9044,-0.2773,-15.4659,-0.5946,7.6304,-0.2821,1739336927755.9314
3285,2702194432,0,10.1577,-0.3005,-15.3337,-0.5575,7.8201,-0.2619,1739336927765.9329
3286,2869966592,0,10.4802,-0.3236,-15.0693,-0.5668,8.0819,-0.2283,1739336927775.9343
3287,3037738752,0,10.7566,-0.2773,-15.2015,-0.6132,8.2896,-0.2015,1739336927785.9358
3288,3205510912,0,11.056,-0.2542,-14.9372,-0.669,8.5967,-0.1612,1739336927795.9373
3289,3373283072,0,11.3324,-0.208,-14.6728,-0.7433,8.8224,-0.1141,1739336927805.9387
3290,3541055232,0,11.4476,-0.1155,-14.5406,-0.8548,8.9398,-0.0806,1739336927815.9404
3291,3708827392,0,11.4246,-0.0462,-14.4084,-0.9477,8.985,-0.0403,1739336927825.942
3292,3876599552,0,11.4015,0.0462,-14.5406,-0.9849,8.994,-0.0201,1739336927835.9434
3293,4044371712,0,11.4015,0.0693,-14.5406,-1.0128,9.0301,-0.0134,1739336927845.9448
3294,4212143872,0,11.4246,0.0924,-14.6728,-0.9942,9.0753,-0.0067,1739336927855.9463
3295,85014272,0,11.4937,0.0693,-14.6728,-0.9663,9.1836,0.0,1739336927865.9478
3296,252786432,0,11.6088,0.0231,-14.805,-0.892,9.3191,0.0,1739336927875.9492
3297,420558592,0,11.6779,0.0,-14.6728,-0.8362,9.4184,0.0067,1739336927885.951
3298,588330752,0,11.747,-0.0231,-14.6728,-0.7898,9.4997,0.0134,1739336927895.9524
3299,756102912,0,11.701,0.0,-14.6728,-0.7898,9.4906,0.0067,1739336927905.9539
3300,923875072,0,11.6319,0.0231,-14.6728,-0.8083,9.4455,0.0201,1739336927915.9553
3301,1091647232,0,11.5397,0.0924,-14.805,-0.8734,9.3733,0.0268,1739336927925.9568
3302,1259419392,0,11.3785,0.1155,-14.6728,-0.9477,9.2468,0.0201,1739336927935.9583
3303,1427191552,0,11.2864,0.1618,-14.805,-1.0314,9.1475,0.0335,1739336927945.9597
3304,1594963712,0,11.2403,0.2542,-14.6728,-1.1614,9.1656,0.0335,1739336927955.9614
3305,1762735872,0,11.033,0.3467,-14.6728,-1.2451,8.985,0.0403,1739336927965.963
3306,1930508032,0,10.7796,0.3236,-14.6728,-1.2451,8.7863,0.0268,1739336927975.9644
3307,2098280192,0,10.6875,0.2773,-14.805,-1.2079,8.705,0.0067,1739336927985.9658
3308,2266052352,0,10.7105,0.2542,-14.6728,-1.1614,8.705,-0.0201,1739336927995.9673
3309,2433824512,0,10.7566,0.1618,-14.5406,-1.0871,8.7411,-0.0403,1739336928005.9688
3310,2601596672,0,10.8718,0.0924,-14.4084,-0.9663,8.8314,-0.0537,1739336928015.9702
3311,2769368832,0,11.1251,0.0,-14.2762,-0.8362,9.0301,-0.0537,1739336928025.972
3312,2937140992,0,11.5167,-0.1155,-14.0118,-0.669,9.31,-0.0604,1739336928035.9734
3313,3104913152,0,11.8161,-0.3005,-13.7475,-0.5203,9.5358,-0.0806,1739336928045.9749
3314,3272685312,0,11.9313,-0.3929,-13.6153,-0.3809,9.5719,-0.1007,1739336928055.9763
3315,3440457472,0,12.0695,-0.4623,-13.4831,-0.3159,9.599,-0.1141,1739336928065.9778
3316,3608229632,0,12.2998,-0.4623,-13.3509,-0.3066,9.7525,-0.1209,1739336928075.9792
3317,3776001792,0,12.438,-0.416,-13.3509,-0.3345,9.8609,-0.1141,1739336928085.9807
3318,3943773952,0,12.6453,-0.5085,-13.4831,-0.3159,9.9512,-0.1074,1739336928095.9824
3319,4111546112,0,12.9678,-0.5547,-13.2187,-0.2415,10.204,-0.0873,1739336928105.984
3320,4279318272,0,13.1751,-0.6241,-13.0865,-0.1672,10.3485,-0.1141,1739336928115.9854
3321,152188672,0,13.2442,-0.6241,-12.9543,-0.1579,10.3575,-0.1343,1739336928125.9868
3322,319960832,0,13.2903,-0.5779,-13.0865,-0.223,10.3124,-0.1544,1739336928135.9883
3323,487732992,0,13.2903,-0.5316,-12.9543,-0.2973,10.2582,-0.1612,1739336928145.9897
3324,655505152,0,13.3594,-0.6241,-12.8222,-0.2787,10.2672,-0.1679,1739336928155.9912
3325,823277312,0,13.4976,-0.601,-12.69,-0.3159,10.3124,-0.188,1739336928165.993
3326,991049472,0,13.6358,-0.5779,-12.5578,-0.3623,10.3846,-0.2015,1739336928175.9944
3327,1158821632,0,13.7049,-0.6241,-12.2934,-0.3623,10.3305,-0.2149,1739336928185.9958
3328,1326593792,0,13.7049,-0.601,-12.4256,-0.4367,10.2221,-0.2485,1739336928195.9973
3329,1494365952,0,13.7049,-0.4854,-12.4256,-0.5853,10.186,-0.2753,1739336928205.9988
3330,1662138112,0,13.5667,-0.3929,-12.4256,-0.7061,10.0144,-0.2753,1739336928216.0002
3331,1829910272,0,13.3133,-0.4392,-12.4256,-0.7433,9.7435,-0.3022,1739336928226.002
3332,1997682432,0,13.0139,-0.3005,-12.4256,-0.8455,9.4274,-0.3291,1739336928236.0034
3333,2165454592,0,12.7605,-0.208,-12.4256,-1.0406,9.1204,-0.3492,1739336928246.005
3334,2333226752,0,12.4611,-0.2311,-12.5578,-1.0778,8.8224,-0.3694,1739336928256.0063
3335,2500998912,0,12.1616,-0.2542,-12.69,-1.0685,8.5515,-0.403,1739336928266.0078
3336,2668771072,0,11.9774,-0.1849,-12.8222,-1.1243,8.3709,-0.4298,1739336928276.0093
3337,2836543232,0,11.9543,-0.0693,-12.69,-1.2451,8.3077,-0.45,1739336928286.0107
3338,3004315392,0,11.8161,-0.0924,-12.69,-1.2451,8.1632,-0.45,1739336928296.0125
3339,3172087552,0,11.5858,-0.1386,-12.69,-1.1986,7.9375,-0.4634,1739336928306.014
3340,3339859712,0,11.4015,-0.1155,-12.69,-1.2358,7.7569,-0.4701,1739336928316.0154
3341,3507631872,0,11.1251,-0.0462,-12.69,-1.338,7.5221,-0.4769,1739336928326.0168
3342,3675404032,0,10.8027,0.0,-12.8222,-1.3752,7.2421,-0.4836,1739336928336.0183
3343,3843176192,0,10.6645,0.0693,-12.69,-1.4309,7.0796,-0.4836,1739336928346.0198
3344,4010948352,0,10.5493,0.0924,-12.69,-1.4774,6.9983,-0.4769,1739336928356.0212
3345,4178720512,0,10.4111,0.0462,-12.5578,-1.4681,6.899,-0.4634,1739336928366.023
3346,51590912,0,10.2729,-0.0231,-12.5578,-1.3752,6.7726,-0.4567,1739336928376.0244
3347,219363072,0,10.2499,-0.0924,-12.69,-1.2451,6.7726,-0.4701,1739336928386.026
3348,387135232,0,10.319,-0.1155,-12.69,-1.1614,6.8177,-0.4769,1739336928396.0273
3349,554907392,0,10.365,-0.1386,-12.8222,-1.115,6.8809,-0.4836,1739336928406.0288
3350,722679552,0,10.3881,-0.2773,-12.8222,-0.9663,6.8809,-0.497,1739336928416.0303
3351,890451712,0,10.2959,-0.3698,-12.9543,-0.8176,6.8629,-0.5037,1739336928426.0317
3352,1058223872,0,10.2499,-0.3929,-12.69,-0.7619,6.8448,-0.5104,1739336928436.0334
3353,1225996032,0,10.2038,-0.3929,-12.8222,-0.7619,6.7906,-0.5104,1739336928446.035
3354,1393768192,0,10.2499,-0.416,-12.69,-0.6968,6.8358,-0.497,1739336928456.0364
3355,1561540352,0,10.342,-0.4392,-12.8222,-0.6597,6.9261,-0.497,1739336928466.0378
3356,1729312512,0,10.319,-0.4623,-12.9543,-0.6504,6.9171,-0.4836,1739336928476.0393
3357,1897084672,0,10.2268,-0.4623,-12.8222,-0.669,6.7997,-0.4836,1739336928486.0408
3358,2064856832,0,10.2038,-0.4392,-12.9543,-0.6876,6.7545,-0.4634,1739336928496.0422
3359,2232628992,0,10.1347,-0.3467,-12.8222,-0.7991,6.7184,-0.4433,1739336928506.044
3360,2400401152,0,10.0426,-0.2773,-12.9543,-0.892,6.6461,-0.4366,1739336928516.0454
3361,2568173312,0,9.9965,-0.3005,-12.9543,-0.8827,6.6191,-0.4366,1739336928526.0469
3362,2735945472,0,9.9965,-0.3467,-12.9543,-0.8362,6.6281,-0.4433,1739336928536.0483
3363,2903717632,0,9.9504,-0.3467,-13.0865,-0.7712,6.6642,-0.45,1739336928546.0498
3364,3071489792,0,9.9274,-0.3236,-13.3509,-0.7712,6.6732,-0.45,1739336928556.0513
3365,3239261952,0,9.8813,-0.3005,-13.3509,-0.7619,6.7274,-0.4366,1739336928566.0527
3366,3407034112,0,9.8583,-0.3005,-13.4831,-0.7433,6.8268,-0.4164,1739336928576.0544
3367,3574806272,0,9.8353,-0.2773,-13.4831,-0.7061,6.9261,-0.4097,1739336928586.056
3368,3742578432,0,10.0426,-0.3005,-13.7475,-0.6318,7.188,-0.3963,1739336928596.0574
3369,3910350592,0,10.319,-0.2773,-13.7475,-0.5668,7.5763,-0.3694,1739336928606.0588
3370,4078122752,0,10.5493,-0.2542,-14.0118,-0.5203,7.9013,-0.3627,1739336928616.0603
3371,4245894912,0,10.7336,-0.2773,-14.144,-0.4738,8.2445,-0.3425,1739336928626.0618
3372,118765312,0,10.9639,-0.2773,-14.4084,-0.4181,8.5605,-0.3156,1739336928636.0632
3373,286537472,0,11.2403,-0.3236,-14.4084,-0.3066,8.9488,-0.2821,1739336928646.065
3374,454309632,0,11.4246,-0.3005,-14.2762,-0.2415,9.292,-0.2552,1739336928656.0664
3375,622081792,0,11.5628,-0.3236,-14.4084,-0.1858,9.6171,-0.2216,1739336928666.0679
3376,789853952,0,11.8161,-0.3005,-14.6728,-0.1022,10.0054,-0.1947,1739336928676.0693
3377,957626112,0,12.0925,-0.3467,-14.9372,-0.0185,10.4659,-0.1679,1739336928686.0708
3378,1125398272,0,12.392,-0.3698,-15.0693,0.065,10.8723,-0.141,1739336928696.0723
3379,1293170432,0,12.6223,-0.416,-15.3337,0.1393,11.2064,-0.1141,1739336928706.0737
3380,1460942592,0,12.8066,-0.3929,-15.3337,0.1672,11.5224,-0.0738,1739336928716.0754
3381,1628714752,0,12.8757,-0.3467,-15.5981,0.1765,11.7482,-0.0403,1739336928726.077
3382,1796486912,0,12.9448,-0.2542,-15.7303,0.1579,11.983,0.0,1739336928736.0784
3383,1964259072,0,13.06,-0.208,-15.5981,0.1579,12.1184,0.0335,1739336928746.0798
3384,2132031232,0,13.0139,-0.1618,-15.8625,0.1579,12.2358,0.0738,1739336928756.0813
3385,2299803392,0,13.0139,-0.1618,-15.9947,0.1672,12.3081,0.1074,1739336928766.0828
3386,2467575552,0,12.9678,-0.1618,-15.9947,0.2044,12.4164,0.1276,1739336928776.0842
3387,2635347712,0,13.083,-0.1849,-16.1269,0.2787,12.6241,0.141,1739336928786.086
3388,2803119872,0,13.1521,-0.208,-16.259,0.3159,12.7957,0.1477,1739336928796.0874
3389,2970892032,0,13.1751,-0.2311,-16.259,0.3902,12.9311,0.1477,1739336928806.0889
3390,3138664192,0,13.1751,-0.2542,-16.259,0.446,13.0395,0.1612,1739336928816.0903
3391,3306436352,0,13.1982,-0.3005,-16.5234,0.4738,13.0756,0.1477,1739336928826.0918
3392,3474208512,0,13.083,-0.3005,-16.5234,0.4924,13.0756,0.1544,1739336928836.0933
3393,3641980672,0,13.0369,-0.2311,-16.6556,0.4645,13.1027,0.141,1739336928846.095
3394,3809752832,0,12.8987,-0.2311,-16.6556,0.4553,13.0395,0.1477,1739336928856.0964
3395,3977524992,0,12.7375,-0.208,-16.6556,0.4553,12.9402,0.141,1739336928866.098
3396,4145297152,0,12.6223,-0.208,-16.6556,0.4831,12.877,0.1343,1739336928876.0994
3397,18167552,0,12.3689,-0.208,-16.6556,0.4924,12.6512,0.1141,1739336928886.1008
3398,185939712,0,12.1616,-0.2542,-16.6556,0.4831,12.4435,0.094,1739336928896.1023
3399,353711872,0,11.9083,-0.2542,-16.6556,0.511,12.2629,0.0873,1739336928906.1038
3400,521484032,0,11.701,-0.3005,-16.6556,0.5389,12.0462,0.0671,1739336928916.1055
3401,689256192,0,11.4476,-0.3236,-16.5234,0.5575,11.8295,0.0537,1739336928926.107
3402,857028352,0,11.2864,-0.3929,-16.92,0.5853,11.6218,0.0201,1739336928936.1084
3403,1024800512,0,11.1482,-0.416,-16.7878,0.5853,11.4683,0.0,1739336928946.1099
3404,1192572672,0,11.01,-0.3929,-16.92,0.5946,11.3147,-0.0335,1739336928956.1113
3405,1360344832,0,10.8027,-0.3698,-16.7878,0.5668,11.1432,-0.047,1739336928966.1128
3406,1528116992,0,10.5954,-0.3929,-16.7878,0.5482,10.8903,-0.0671,1739336928976.1143
3407,1695889152,0,10.319,-0.416,-16.7878,0.5761,10.6646,-0.094,1739336928986.116
3408,1863661312,0,10.2268,-0.4623,-16.92,0.6132,10.5201,-0.1074,1739336928996.1174
3409,2031433472,0,10.1117,-0.5085,-16.7878,0.6225,10.3756,-0.141,1739336929006.119
3410,2199205632,0,9.9504,-0.5085,-16.7878,0.6504,10.204,-0.1544,1739336929016.1204
3411,2366977792,0,9.8353,-0.5316,-16.7878,0.6876,10.0595,-0.1612,1739336929026.1218
3412,2534749952,0,9.6971,-0.5316,-16.7878,0.7061,9.906,-0.1813,1739336929036.1233
3413,2702522112,0,9.5819,-0.5779,-16.92,0.7433,9.7796,-0.188,1739336929046.1248
3414,2870294272,0,9.5819,-0.601,-16.7878,0.7805,9.7525,-0.188,1739336929056.1265
3415,3038066432,0,9.4898,-0.6703,-16.5234,0.8269,9.6893,-0.188,1739336929066.128
3416,3205838592,0,9.3746,-0.6241,-16.5234,0.7991,9.5629,-0.1947,1739336929076.1294
3417,3373610752,0,9.2594,-0.5779,-16.6556,0.6968,9.4545,-0.2015,1739336929086.1309
3418,3541382912,0,9.2134,-0.5316,-16.5234,0.5946,9.3371,-0.1947,1739336929096.1323
3419,3709155072,0,9.0752,-0.4854,-16.6556,0.511,9.1927,-0.1947,1739336929106.1338
3420,3876927232,0,8.8909,-0.4392,-16.7878,0.4181,9.003,-0.2015,1739336929116.1353
3421,4044699392,0,8.6606,-0.3929,-16.92,0.3345,8.8044,-0.2082,1739336929126.137
3422,4212471552,0,8.3381,-0.3236,-16.7878,0.2415,8.5064,-0.2082,1739336929136.1384
3423,85341952,0,7.9235,-0.2773,-16.7878,0.1393,8.1542,-0.2149,1739336929146.14
3424,253114112,0,7.4628,-0.1618,-16.7878,0.0,7.7117,-0.2149,1739336929156.1414
3425,420886272,0,7.0021,-0.0462,-16.92,-0.1672,7.2873,-0.2283,1739336929166.1428
3426,588658432,0,6.7257,0.0231,-16.92,-0.2973,6.9532,-0.2216,1739336929176.1443
3427,756430592,0,6.4033,0.0924,-17.0522,-0.4367,6.61,-0.2283,1739336929186.1458
3428,924202752,0,6.0808,0.1849,-16.92,-0.5575,6.2579,-0.2283,1739336929196.1475
3429,1091974912,0,5.7123,0.2542,-16.7878,-0.669,5.9057,-0.2418,1739336929206.149
3430,1259747072,0,5.2286,0.3467,-16.6556,-0.7898,5.4271,-0.2485,1739336929216.1504
3431,1427519232,0,4.7679,0.3929,-16.6556,-0.9013,4.9575,-0.2418,1739336929226.1519
3432,1595291392,0,4.3533,0.4623,-16.7878,-0.957,4.5331,-0.2418,1739336929236.1533
3433,1763063552,0,4.0308,0.4392,-16.6556,-1.0314,4.1809,-0.2552,1739336929246.1548
3434,1930835712,0,3.7774,0.4854,-16.5234,-1.1243,3.8378,-0.2619,1739336929256.1562
3435,2098607872,0,3.6623,0.5085,-16.3912,-1.2265,3.5759,-0.2619,1739336929266.158
3436,2266380032,0,3.2707,0.4854,-16.1269,-1.2729,3.2327,-0.2552,1739336929276.1594
3437,2434152192,0,2.764,0.4854,-16.1269,-1.3659,2.7,-0.2888,1739336929286.161
3438,2601924352,0,2.3724,0.5779,-15.8625,-1.561,2.2756,-0.2955,1739336929296.1624
3439,2769696512,0,1.9578,0.7165,-15.7303,-1.8026,1.806,-0.2888,1739336929306.1638
3440,2937468672,0,1.6353,0.7165,-15.8625,-1.942,1.4087,-0.2955,1739336929316.1653
3441,3105240832,0,1.3589,0.809,-15.5981,-2.0999,1.0655,-0.2955,1739336929326.1667
3442,3273012992,0,0.8983,0.9477,-15.5981,-2.3508,0.5598,-0.3022,1739336929336.1685
3443,3440785152,0,0.4606,0.9939,-15.4659,-2.5274,0.0361,-0.2888,1739336929346.17
3444,3608557312,0,-0.023,1.0402,-15.4659,-2.6482,-0.5147,-0.3224,1739336929356.1714
3445,3776329472,0,-0.3915,1.202,-15.5981,-2.7968,-1.0023,-0.3492,1739336929366.1729
3446,3944101632,0,-0.691,1.2713,-15.3337,-2.9362,-1.3906,-0.3627,1739336929376.1743
3447,4111873792,0,-1.1286,1.2713,-15.3337,-2.9641,-1.9234,-0.3963,1739336929386.1758
3448,4279645952,0,-1.428,1.2713,-15.3337,-2.9455,-2.3207,-0.4366,1739336929396.1772
3449,152516352,0,-1.6584,1.3638,-15.2015,-3.0663,-2.6368,-0.45,1739336929406.179
3450,320288512,0,-2.0039,1.5487,-15.0693,-3.2614,-3.0521,-0.4231,1739336929416.1804
3451,488060672,0,-2.2803,1.6643,-14.9372,-3.4194,-3.3411,-0.403,1739336929426.182
3452,655832832,0,-2.5106,1.7568,-15.0693,-3.5774,-3.603,-0.3828,1739336929436.1833
3453,823604992,0,-2.7409,1.9879,-15.0693,-3.8282,-3.8378,-0.3492,1739336929446.1848
3454,991377152,0,-2.9943,2.2191,-14.9372,-4.0791,-4.0545,-0.3089,1739336929456.1863
3455,1159149312,0,-3.3168,2.404,-14.9372,-4.2742,-4.3705,-0.2753,1739336929466.1877
3456,1326921472,0,-3.5471,2.5196,-14.9372,-4.3765,-4.5602,-0.2485,1739336929476.1895
3457,1494693632,0,-3.8235,2.6121,-15.0693,-4.488,-4.7408,-0.2418,1739336929486.191
3458,1662465792,0,-4.0538,2.6583,-14.805,-4.4973,-4.9394,-0.2418,1739336929496.1924
3459,1830237952,0,-4.0769,2.6352,-14.9372,-4.4601,-4.9665,-0.2485,1739336929506.1938
3460,1998010112,0,-3.9847,2.5889,-14.805,-4.3765,-4.9033,-0.2686,1739336929516.1953
3461,2165782272,0,-3.8005,2.4965,-14.9372,-4.265,-4.7137,-0.2888,1739336929526.1968
3462,2333554432,0,-3.6623,2.3809,-14.805,-4.0977,-4.5782,-0.3022,1739336929536.1985
3463,2501326592,0,-3.6392,2.2653,-14.805,-3.9583,-4.515,-0.3156,1739336929546.2
3464,2669098752,0,-3.6392,2.2422,-14.805,-3.9026,-4.4518,-0.3089,1739336929556.2014
3465,2836870912,0,-3.6392,2.2884,-14.805,-3.9397,-4.4157,-0.3022,1739336929566.203
3466,3004643072,0,-3.7083,2.3116,-14.805,-3.9397,-4.4247,-0.2821,1739336929576.2043
3467,3172415232,0,-3.7083,2.3578,-14.9372,-3.9304,-4.4338,-0.2888,1739336929586.2058
3468,3340187392,0,-3.8005,2.3578,-14.9372,-3.9119,-4.4608,-0.3022,1739336929596.2073
3469,3507959552,0,-3.8696,2.3578,-15.2015,-3.884,-4.5241,-0.3156,1739336929606.209
3470,3675731712,0,-3.9847,2.3809,-15.0693,-3.8561,-4.5963,-0.3425,1739336929616.2104
3471,3843503872,0,-4.146,2.3809,-14.9372,-3.8189,-4.7227,-0.3559,1739336929626.212
3472,4011276032,0,-4.3303,2.3809,-15.2015,-3.8097,-4.8943,-0.3761,1739336929636.2134
3473,4179048192,0,-4.4224,2.4271,-15.0693,-3.8189,-5.0117,-0.3895,1739336929646.2148
3474,51918592,0,-4.5376,2.4271,-14.9372,-3.8282,-5.093,-0.3895,1739336929656.2163
3475,219690752,0,-4.6758,2.404,-14.9372,-3.8004,-5.2104,-0.3895,1739336929666.2178
3476,387462912,0,-4.5836,2.3347,-14.9372,-3.7911,-5.1471,-0.3963,1739336929676.2195
3477,555235072,0,-4.4224,2.2884,-15.2015,-3.7539,-4.9756,-0.3895,1739336929686.221
3478,723007232,0,-4.0999,2.196,-14.9372,-3.6889,-4.7227,-0.3963,1739336929696.2224
3479,890779392,0,-3.8465,2.1266,-14.9372,-3.6052,-4.4699,-0.3895,1739336929706.2239
3480,1058551552,0,-3.6162,2.0342,-14.9372,-3.5309,-4.2261,-0.3761,1739336929716.2253
3481,1226323712,0,-3.3168,1.9417,-14.805,-3.4473,-3.9552,-0.3627,1739336929726.2268
3482,1394095872,0,-2.9713,1.7799,-14.6728,-3.3172,-3.621,-0.3559,1739336929736.2283
3483,1561868032,0,-2.6488,1.595,-14.805,-3.1685,-3.2779,-0.3627,1739336929746.23
3484,1729640192,0,-2.1881,1.4794,-14.805,-3.0291,-2.8535,-0.3694,1739336929756.2314
3485,1897412352,0,-1.7044,1.3638,-14.805,-2.9362,-2.3568,-0.3761,1739336929766.233
3486,2065184512,0,-1.3129,1.202,-14.805,-2.8433,-1.9595,-0.3828,1739336929776.2344
3487,2232956672,0,-0.9904,1.0633,-14.5406,-2.7597,-1.7247,-0.3963,1739336929786.2358
3488,2400728832,0,-0.5528,0.9477,-14.5406,-2.6482,-1.4177,-0.3963,1739336929796.2373
3489,2568500992,0,-0.1382,0.9246,-14.2762,-2.6482,-1.0204,-0.3963,1739336929806.2388
3490,2736273152,0,0.2764,0.9015,-13.8797,-2.6667,-0.6772,-0.403,1739336929816.2405
3491,2904045312,0,0.6679,0.8552,-13.8797,-2.611,-0.316,-0.3963,1739336929826.242
3492,3071817472,0,1.0825,0.6703,-13.8797,-2.4716,-0.009,-0.4097,1739336929836.2434
3493,3239589632,0,1.5432,0.6241,-13.6153,-2.3415,0.3792,-0.4366,1739336929846.2449
3494,3407361792,0,2.0499,0.5547,-13.3509,-2.2114,0.7946,-0.4433,1739336929856.2463
3495,3575133952,0,2.2803,0.4623,-13.0865,-2.0999,0.9933,-0.4701,1739336929866.2478
3496,3742906112,0,2.4645,0.416,-13.0865,-2.0163,1.1197,-0.5104,1739336929876.2493
3497,3910678272,0,2.6027,0.3929,-13.0865,-1.9606,1.2732,-0.5239,1739336929886.251
3498,4078450432,0,2.7179,0.3467,-13.0865,-1.9234,1.3184,-0.5373,1739336929896.2524
3499,4246222592,0,2.8331,0.3005,-13.0865,-1.9048,1.3816,-0.5575,1739336929906.254
3500,119092992,0,2.8791,0.3005,-13.0865,-1.9048,1.3725,-0.5843,1739336929916.2554
3501,286865152,0,2.9482,0.3467,-13.2187,-1.9606,1.4628,-0.6045,1739336929926.2568
3502,454637312,0,2.8791,0.3929,-13.2187,-2.0721,1.3816,-0.6179,1739336929936.2583
3503,622409472,0,2.6949,0.416,-13.3509,-2.1371,1.2281,-0.6448,1739336929946.2598
3504,790181632,0,2.6949,0.4392,-13.3509,-2.165,1.2371,-0.6649,1739336929956.2615
3505,957953792,0,2.7409,0.4854,-13.2187,-2.2021,1.2822,-0.6851,1739336929966.263
3506,1125725952,0,2.8791,0.4392,-13.0865,-2.1743,1.3725,-0.7119,1739336929976.2644
3507,1293498112,0,2.9482,0.4392,-12.8222,-2.1557,1.3906,-0.7254,1739336929986.2659
3508,1461270272,0,2.9713,0.5085,-12.5578,-2.23,1.3906,-0.7254,1739336929996.2673
3509,1629042432,0,2.9252,0.5316,-12.5578,-2.2951,1.3635,-0.7187,1739336930006.2688
3510,1796814592,0,2.9482,0.416,-12.69,-2.2486,1.3725,-0.7254,1739336930016.2703
3511,1964586752,0,2.9943,0.3929,-12.69,-2.1836,1.3906,-0.7254,1739336930026.272
3512,2132358912,0,3.0404,0.416,-12.8222,-2.1743,1.4809,-0.7187,1739336930036.2734
3513,2300131072,0,3.0864,0.4623,-12.8222,-2.2021,1.508,-0.6918,1739336930046.275
3514,2467903232,0,3.0864,0.416,-12.8222,-2.1836,1.526,-0.6918,1739336930056.2764
3515,2635675392,0,3.1786,0.3467,-12.8222,-2.1185,1.5983,-0.6784,1739336930066.2778
3516,2803447552,0,3.2246,0.2311,-12.69,-1.9977,1.7067,-0.6851,1739336930076.2793
3517,2971219712,0,3.2477,0.1849,-12.69,-1.8955,1.7067,-0.6784,1739336930086.2808
3518,3138991872,0,3.1786,0.1386,-12.8222,-1.8212,1.6615,-0.6784,1739336930096.2825
3519,3306764032,0,3.2016,0.1155,-12.8222,-1.784,1.6796,-0.6784,1739336930106.284
3520,3474536192,0,3.2246,0.1155,-12.69,-1.7468,1.7428,-0.6716,1739336930116.2854
3521,3642308352,0,3.2707,0.0924,-12.5578,-1.6911,1.7879,-0.6649,1739336930126.2869
3522,3810080512,0,3.2246,0.0231,-12.8222,-1.6353,1.7608,-0.6649,1739336930136.2883
3523,3977852672,0,3.2246,0.0231,-12.8222,-1.5982,1.7789,-0.6649,1739336930146.2898
3524,4145624832,0,3.2246,0.0462,-12.9543,-1.5796,1.806,-0.6649,1739336930156.2915
3525,18495232,0,3.1786,0.0231,-13.2187,-1.5703,1.7789,-0.6448,1739336930166.293
3526,186267392,0,3.0634,0.0462,-13.0865,-1.561,1.6705,-0.6582,1739336930176.2944
3527,354039552,0,3.0404,0.0924,-13.2187,-1.5703,1.6705,-0.6582,1739336930186.296
3528,521811712,0,3.1325,0.0462,-13.2187,-1.5424,1.7608,-0.6448,1739336930196.2974
3529,689583872,0,3.0634,0.0462,-13.2187,-1.5238,1.6976,-0.6515,1739336930206.2988
3530,857356032,0,2.9713,0.0693,-13.2187,-1.5889,1.5712,-0.6515,1739336930216.3003
3531,1025128192,0,2.9482,0.1386,-13.3509,-1.6911,1.517,-0.6515,1739336930226.302
3532,1192900352,0,2.8791,0.2311,-13.3509,-1.7933,1.4538,-0.6381,1739336930236.3035
3533,1360672512,0,2.8331,0.2773,-13.3509,-1.8769,1.3725,-0.6381,1739336930246.305
3534,1528444672,0,2.81,0.3467,-13.0865,-1.9791,1.3184,-0.6246,1739336930256.3064
3535,1696216832,0,2.764,0.3929,-12.9543,-2.0535,1.2551,-0.6112,1739336930266.3079
3536,1863988992,0,2.6949,0.4392,-12.9543,-2.1464,1.1648,-0.6112,1739336930276.3093
3537,2031761152,0,2.5106,0.5085,-12.8222,-2.2486,1.0023,-0.6045,1739336930286.3108
3538,2199533312,0,2.2112,0.601,-12.9543,-2.388,0.6592,-0.5978,1739336930296.3125
3539,2367305472,0,1.9808,0.7165,-13.0865,-2.5459,0.3521,-0.6112,1739336930306.314
3540,2535077632,0,1.8657,0.809,-12.9543,-2.6946,0.1535,-0.6045,1739336930316.3154
3541,2702849792,0,1.6814,0.8321,-12.9543,-2.7875,-0.0812,-0.6045,1739336930326.317
3542,2870621952,0,1.4741,0.8552,-12.9543,-2.8154,-0.3521,-0.6045,1739336930336.3184
3543,3038394112,0,1.2898,0.9477,-12.9543,-2.8897,-0.6592,-0.6112,1739336930346.3198
3544,3206166272,0,1.1747,1.0402,-12.9543,-3.0105,-0.8939,-0.6112,1739336930356.3213
3545,3373938432,0,1.0134,1.1326,-12.8222,-3.1035,-1.0926,-0.5978,1739336930366.323
3546,3541710592,0,0.691,1.1789,-12.8222,-3.1871,-1.4628,-0.591,1739336930376.3245
3547,3709482752,0,0.4146,1.202,-12.9543,-3.215,-1.815,-0.591,1739336930386.326
3548,3877254912,0,0.4376,1.2482,-12.69,-3.2428,-1.9053,-0.5776,1739336930396.3274
3549,4045027072,0,0.3915,1.2713,-12.8222,-3.2986,-2.0408,-0.5776,1739336930406.3289
3550,4212799232,0,0.4376,1.202,-12.8222,-3.2428,-2.104,-0.5776,1739336930416.3303
3551,85669632,0,0.4146,1.1789,-12.8222,-3.2057,-2.1852,-0.5642,1739336930426.3318
3552,253441792,0,0.3224,1.1789,-12.69,-3.2057,-2.3749,-0.5642,1739336930436.3335
3553,421213952,0,0.2303,1.1326,-12.5578,-3.215,-2.5826,-0.5507,1739336930446.335
3554,588986112,0,0.1151,1.1095,-12.69,-3.2243,-2.7903,-0.544,1739336930456.3364
3555,756758272,0,0.1612,1.1558,-12.4256,-3.3172,-2.8715,-0.5373,1739336930466.338
3556,924530432,0,0.1382,1.202,-12.2934,-3.4008,-2.998,-0.5306,1739336930476.3394
3557,1092302592,0,0.1151,1.2251,-12.1612,-3.4751,-3.1244,-0.5104,1739336930486.3408
3558,1260074752,0,0.1382,1.1558,-12.1612,-3.4566,-3.1786,-0.497,1739336930496.3423
3559,1427846912,0,0.2533,1.1558,-12.1612,-3.5123,-3.2147,-0.4903,1739336930506.344
3560,1595619072,0,0.4146,1.1789,-12.029,-3.5959,-3.1334,-0.4769,1739336930516.3455
3561,1763391232,0,0.4606,1.2251,-12.029,-3.6889,-3.1786,-0.45,1739336930526.347
3562,1931163392,0,0.5528,1.2944,-12.029,-3.8097,-3.1695,-0.4366,1739336930536.3484
3563,2098935552,0,0.6219,1.2944,-11.8968,-3.8654,-3.1605,-0.4097,1739336930546.3499
3564,2266707712,0,0.5528,1.3638,-11.7647,-3.9212,-3.2508,-0.3828,1739336930556.3513
3565,2434479872,0,0.4837,1.3869,-11.6325,-4.0234,-3.3863,-0.3761,1739336930566.3528
3566,2602252032,0,0.5297,1.41,-11.6325,-4.0698,-3.4585,-0.3492,1739336930576.3545
3567,2770024192,0,0.5988,1.4331,-11.5003,-4.1349,-3.4404,-0.3425,1739336930586.356
3568,2937796352,0,0.8522,1.4563,-11.3681,-4.1813,-3.2237,-0.3224,1739336930596.3574
3569,3105568512,0,1.1286,1.3869,-11.2359,-4.1627,-3.007,-0.3156,1739336930606.359
3570,3273340672,0,1.2438,1.3407,-11.2359,-4.0884,-2.9709,-0.3156,1739336930616.3604
3571,3441112832,0,1.4971,1.3407,-11.1037,-4.1349,-2.7541,-0.3022,1739336930626.3618
3572,3608884992,0,1.6814,1.3869,-11.1037,-4.1906,-2.5735,-0.2753,1739336930636.3633
3573,3776657152,0,1.8426,1.3176,-11.1037,-4.1627,-2.4381,-0.2485,1739336930646.365
3574,3944429312,0,1.9348,1.2944,-11.1037,-4.1627,-2.3117,-0.2418,1739336930656.3665
3575,4112201472,0,2.073,1.3407,-11.1037,-4.2185,-2.1762,-0.2216,1739336930666.368
3576,4279973632,0,2.2803,1.3869,-11.1037,-4.2835,-1.9776,-0.2082,1739336930676.3694
3577,152844032,0,2.4876,1.3638,-10.8393,-4.3114,-1.7699,-0.188,1739336930686.3708
3578,320616192,0,2.787,1.3176,-10.7072,-4.2835,-1.508,-0.188,1739336930696.3723
3579,488388352,0,3.0634,1.2713,-10.7072,-4.2371,-1.2551,-0.1679,1739336930706.3738
3580,656160512,0,3.2707,1.2251,-10.7072,-4.1999,-1.0204,-0.1612,1739336930716.3755
3581,823932672,0,3.4319,1.2482,-10.7072,-4.1999,-0.8127,-0.1612,1739336930726.377
3582,991704832,0,3.5241,1.3176,-10.7072,-4.265,-0.6501,-0.1343,1739336930736.3784
3583,1159476992,0,3.6623,1.3407,-10.7072,-4.33,-0.4785,-0.1141,1739336930746.38
3584,1327249152,0,3.8696,1.3407,-10.7072,-4.3765,-0.2709,-0.0873,1739336930756.3813
3585,1495021312,0,4.1229,1.2713,-10.575,-4.3672,-0.0451,-0.0738,1739336930766.3828
3586,1662793472,0,4.3533,1.2713,-10.575,-4.3114,0.1806,-0.0671,1739336930776.3843
3587,1830565632,0,4.5376,1.2482,-10.575,-4.2928,0.3792,-0.0604,1739336930786.386
3588,1998337792,0,4.7449,1.202,-10.4428,-4.2464,0.5869,-0.0537,1739336930796.3875
3589,2166109952,0,4.9522,1.1558,-10.4428,-4.172,0.8127,-0.047,1739336930806.389
3590,2333882112,0,5.2286,1.0633,-10.575,-4.0698,1.0655,-0.0335,1739336930816.3904
3591,2501654272,0,5.4128,1.0171,-10.575,-3.9676,1.3093,-0.0268,1739336930826.3918
3592,2669426432,0,5.5741,0.9939,-10.7072,-3.9212,1.4899,-0.0067,1739336930836.3933
3593,2837198592,0,5.7814,1.0402,-10.4428,-3.949,1.7157,0.0067,1739336930846.395
3594,3004970752,0,5.8965,1.0864,-10.3106,-3.9769,1.9053,0.0403,1739336930856.3965
3595,3172742912,0,6.1729,1.0402,-10.4428,-3.9026,2.1311,0.0537,1739336930866.398
3596,3340515072,0,6.4724,0.9015,-10.575,-3.7446,2.4562,0.0403,1739336930876.3994
3597,3508287232,0,6.6566,0.7859,-10.575,-3.6145,2.6638,0.0335,1739336930886.401
3598,3676059392,0,6.7027,0.7397,-10.7072,-3.5216,2.7541,0.0201,1739336930896.4023
3599,3843831552,0,6.7027,0.6472,-10.8393,-3.4194,2.8174,0.0134,1739336930906.4038
3600,4011603712,0,6.7948,0.601,-10.9715,-3.3265,2.9528,0.0067,1739336930916.4055
3601,4179375872,0,6.8409,0.5316,-10.9715,-3.1964,3.0792,0.0134,1739336930926.407
3602,52246272,0,6.8409,0.4392,-11.3681,-3.0756,3.1695,0.0067,1739336930936.4084
3603,220018432,0,6.8179,0.3929,-11.5003,-2.9734,3.2869,-0.0201,1739336930946.41
3604,387790592,0,6.7257,0.3698,-11.6325,-2.899,3.3321,-0.0403,1739336930956.4114
3605,555562752,0,6.5875,0.3467,-12.029,-2.8154,3.3411,-0.0604,1739336930966.4128
3606,723334912,0,6.5875,0.2773,-12.2934,-2.6946,3.4404,-0.0738,1739336930976.4143
3607,891107072,0,6.5875,0.1849,-12.2934,-2.5088,3.621,-0.094,1739336930986.416
3608,1058879232,0,6.5645,0.1386,-12.5578,-2.3136,3.7746,-0.1209,1739336930996.4175
3609,1226651392,0,6.4263,0.1618,-12.4256,-2.2114,3.8197,-0.1544,1739336931006.419
3610,1394423552,0,6.2881,0.1155,-12.9543,-2.1371,3.8468,-0.1679,1739336931016.4204
3611,1562195712,0,6.1499,0.0462,-13.3509,-2.007,3.919,-0.188,1739336931026.4219
3612,1729967872,0,6.0347,0.0,-13.6153,-1.8305,4.0184,-0.2149,1739336931036.4233
3613,1897740032,0,6.1499,-0.0231,-13.8797,-1.7747,4.217,-0.235,1739336931046.4248
3614,2065512192,0,6.3572,-0.0924,-14.144,-1.6167,4.5782,-0.2283,1739336931056.4265
3615,2233284352,0,6.4493,-0.208,-14.5406,-1.4216,4.9304,-0.235,1739336931066.428
3616,2401056512,0,6.5415,-0.2542,-14.9372,-1.2822,5.2104,-0.235,1739336931076.4294
3617,2568828672,0,6.6566,-0.2773,-15.2015,-1.1707,5.5083,-0.2283,1739336931086.431
3618,2736600832,0,6.7257,-0.416,-15.4659,-1.0128,5.7341,-0.235,1739336931096.4324
3619,2904372992,0,6.91,-0.5085,-15.7303,-0.8176,6.0772,-0.2418,1739336931106.4338
3620,3072145152,0,7.0712,-0.5316,-15.8625,-0.6876,6.3662,-0.2552,1739336931116.4353
3621,3239917312,0,7.1173,-0.5779,-16.259,-0.5575,6.592,-0.2485,1739336931126.437
3622,3407689472,0,7.3246,-0.601,-16.3912,-0.4181,6.8809,-0.2552,1739336931136.4385
3623,3575461632,0,7.3476,-0.7397,-16.7878,-0.2322,7.0796,-0.2686,1739336931146.44
3624,3743233792,0,7.3246,-0.7859,-16.92,-0.0464,7.197,-0.2955,1739336931156.4414
3625,3911005952,0,7.3476,-0.7859,-17.0522,0.065,7.3324,-0.3224,1739336931166.4429
3626,4078778112,0,7.2325,-0.8321,-17.3165,0.1672,7.3324,-0.3358,1739336931176.4443
3627,4246550272,0,7.1173,-0.9015,-17.4487,0.3066,7.3595,-0.3559,1739336931186.4458
3628,119420672,0,7.0021,-0.8552,-17.4487,0.2973,7.3595,-0.3828,1739336931196.4475
3629,287192832,0,6.9561,-0.7165,-17.5809,0.1951,7.3415,-0.3895,1739336931206.449
3630,454964992,0,6.7948,-0.7397,-17.7131,0.1765,7.2692,-0.403,1739336931216.4504
3631,622737152,0,6.7257,-0.7859,-17.5809,0.2322,7.215,-0.4231,1739336931226.452
3632,790509312,0,6.7488,-0.8321,-17.5809,0.3066,7.3144,-0.4366,1739336931236.4534
3633,958281472,0,6.7027,-0.8321,-17.4487,0.2973,7.2692,-0.45,1739336931246.4548
3634,1126053632,0,6.5875,-0.809,-17.4487,0.2787,7.188,-0.4634,1739336931256.4563
3635,1293825792,0,6.5875,-0.8321,-17.3165,0.2973,7.1699,-0.4701,1739336931266.458
3636,1461597952,0,6.6797,-0.8784,-17.4487,0.3716,7.215,-0.4634,1739336931276.4595
3637,1629370112,0,6.8409,-0.9477,-17.4487,0.4553,7.3595,-0.4567,1739336931286.461
3638,1797142272,0,6.8639,-1.0171,-17.4487,0.5296,7.3866,-0.4433,1739336931296.4624
3639,1964914432,0,6.8179,-1.0171,-17.4487,0.5761,7.3776,-0.4366,1739336931306.4639
3640,2132686592,0,6.91,-0.9939,-17.4487,0.5946,7.4498,-0.4433,1739336931316.4653
3641,2300458752,0,7.0482,-0.9939,-17.4487,0.6411,7.5492,-0.4433,1739336931326.4668
3642,2468230912,0,7.0482,-1.0864,-17.1844,0.7154,7.5672,-0.4366,1739336931336.4685
3643,2636003072,0,6.9791,-1.1095,-17.3165,0.7433,7.4679,-0.45,1739336931346.47
3644,2803775232,0,6.8409,-1.0633,-17.4487,0.7061,7.3505,-0.45,1739336931356.4714
3645,2971547392,0,6.7718,-0.9939,-17.3165,0.6225,7.2602,-0.45,1739336931366.473
3646,3139319552,0,6.7257,-0.8784,-17.3165,0.5389,7.2512,-0.4366,1739336931376.4744
3647,3307091712,0,6.6566,-0.8784,-17.1844,0.5203,7.215,-0.4231,1739336931386.4758
3648,3474863872,0,6.7027,-0.9477,-16.92,0.5761,7.206,-0.4097,1739336931396.4773
3649,3642636032,0,6.7488,-0.9708,-16.7878,0.5761,7.2331,-0.4097,1739336931406.479
3650,3810408192,0,6.7488,-0.9015,-16.7878,0.5296,7.2331,-0.3963,1739336931416.4805
3651,3978180352,0,6.7718,-0.8784,-16.92,0.4645,7.2331,-0.3828,1739336931426.482
3652,4145952512,0,6.7948,-0.809,-16.92,0.3902,7.2512,-0.3761,1739336931436.4834
3653,18822912,0,6.7948,-0.7397,-16.7878,0.3252,7.2602,-0.3627,1739336931446.4849
3654,186595072,0,6.7718,-0.6934,-16.7878,0.2694,7.2331,-0.3425,1739336931456.4863
3655,354367232,0,6.7488,-0.601,-16.6556,0.1951,7.2241,-0.3156,1739336931466.4878
3656,522139392,0,6.7488,-0.5085,-16.7878,0.0743,7.197,-0.2955,1739336931476.4895
3657,689911552,0,6.6797,-0.3698,-16.7878,-0.0743,7.1518,-0.2485,1739336931486.491
3658,857683712,0,6.6106,-0.3005,-16.92,-0.1951,7.1247,-0.2015,1739336931496.4924
3659,1025455872,0,6.6336,-0.2311,-16.7878,-0.2601,7.1518,-0.1544,1739336931506.494
3660,1193228032,0,6.7718,-0.1155,-16.7878,-0.353,7.2692,-0.1074,1739336931516.4954
3661,1361000192,0,6.8409,0.0,-16.7878,-0.4645,7.3866,-0.0403,1739336931526.4968
3662,1528772352,0,6.933,0.0,-16.6556,-0.5203,7.486,0.0268,1739336931536.4985
3663,1696544512,0,7.0021,0.0924,-16.6556,-0.6039,7.5672,0.0873,1739336931546.5
3664,1864316672,0,7.1403,0.1618,-16.5234,-0.7154,7.6936,0.1544,1739336931556.5015
3665,2032088832,0,7.3246,0.208,-16.5234,-0.7898,7.8562,0.2283,1739336931566.503
3666,2199860992,0,7.601,0.1849,-16.5234,-0.7898,8.0819,0.2821,1739336931576.5044
3667,2367633152,0,7.9004,0.2542,-16.5234,-0.8455,8.3438,0.3492,1739336931586.5059
3668,2535405312,0,8.1308,0.2311,-16.3912,-0.8734,8.5425,0.4097,1739336931596.5073
3669,2703177472,0,8.269,0.3236,-16.259,-0.9849,8.6508,0.4634,1739336931606.509
3670,2870949632,0,8.3381,0.3467,-16.259,-1.0035,8.705,0.5306,1739336931616.5105
3671,3038721792,0,8.3841,0.416,-16.1269,-1.1336,8.7411,0.5776,1739336931626.512
3672,3206493952,0,8.4763,0.4623,-16.1269,-1.2079,8.8044,0.6448,1739336931636.5134
3673,3374266112,0,8.6606,0.4623,-16.1269,-1.2265,8.9217,0.7052,1739336931646.515
3674,3542038272,0,8.8218,0.4623,-16.1269,-1.2451,9.0572,0.7858,1739336931656.5164
3675,3709810432,0,9.0061,0.4623,-16.1269,-1.2544,9.2288,0.8463,1739336931666.5178
3676,3877582592,0,9.1673,0.5085,-15.9947,-1.3287,9.3552,0.8866,1739336931676.5195
3677,4045354752,0,9.1903,0.5316,-15.9947,-1.3845,9.3823,0.9336,1739336931686.521
3678,4213126912,0,9.1443,0.5779,-15.8625,-1.4495,9.3462,0.9672,1739336931696.5225
3679,85997312,0,9.1443,0.5316,-15.8625,-1.4495,9.292,0.9806,1739336931706.524
3680,253769472,0,9.1212,0.5547,-15.7303,-1.4495,9.283,0.9873,1739336931716.5254
3681,421541632,0,9.1673,0.5779,-15.7303,-1.496,9.301,0.9941,1739336931726.5269
3682,589313792,0,9.1443,0.6241,-15.7303,-1.5052,9.283,1.0075,1739336931736.5283
3683,757085952,0,9.0982,0.5779,-15.9947,-1.4774,9.2378,1.0209,1739336931746.53
3684,924858112,0,9.0061,0.6241,-16.1269,-1.5424,9.1565,1.0344,1739336931756.5315
3685,1092630272,0,8.937,0.7397,-16.1269,-1.626,9.1294,1.0545,1739336931766.533
3686,1260402432,0,8.9139,0.7859,-16.259,-1.6911,9.0843,1.0545,1739336931776.5344
3687,1428174592,0,8.8218,0.7628,-16.3912,-1.719,9.003,1.0478,1739336931786.536
3688,1595946752,0,8.7988,0.8321,-16.3912,-1.8119,8.9579,1.0411,1739336931796.5374
3689,1763718912,0,8.7066,0.9246,-16.259,-1.9327,8.8585,1.0411,1739336931806.5388
3690,1931491072,0,8.6375,0.9708,-16.3912,-1.9977,8.7592,1.0276,1739336931816.5405
3691,2099263232,0,8.5454,0.9939,-16.5234,-2.0163,8.6689,1.0075,1739336931826.542
3692,2267035392,0,8.5224,0.9708,-16.3912,-1.9791,8.6508,0.9873,1739336931836.5435
3693,2434807552,0,8.4993,0.9015,-16.3912,-1.8862,8.6238,0.9538,1739336931846.545
3694,2602579712,0,8.5454,0.8321,-16.3912,-1.8119,8.5967,0.9336,1739336931856.5464
3695,2770351872,0,8.4993,0.8552,-16.5234,-1.8119,8.5967,0.9135,1739336931866.5479
3696,2938124032,0,8.4302,0.8784,-16.5234,-1.849,8.5515,0.9067,1739336931876.5493
3697,3105896192,0,8.2229,0.9015,-16.5234,-1.8676,8.389,0.9,1739336931886.551
3698,3273668352,0,8.1768,0.9708,-16.5234,-1.9234,8.3077,0.9,1739336931896.5525
3699,3441440512,0,8.292,0.9246,-16.5234,-1.8862,8.4341,0.9202,1739336931906.554
3700,3609212672,0,8.3841,0.8321,-16.5234,-1.7654,8.5064,0.9135,1739336931916.5554
3701,3776984832,0,8.292,0.7165,-16.5234,-1.6167,8.4612,0.8933,1739336931926.557
3702,3944756992,0,8.269,0.6472,-16.259,-1.5238,8.407,0.8732,1739336931936.5583
3703,4112529152,0,8.315,0.601,-16.259,-1.4309,8.407,0.8329,1739336931946.5598
3704,4280301312,0,8.3381,0.5085,-16.1269,-1.3659,8.3528,0.7993,1739336931956.5615
3705,153171712,0,8.315,0.4392,-15.9947,-1.3194,8.2625,0.759,1739336931966.563
3706,320943872,0,8.3841,0.3698,-15.9947,-1.3008,8.1993,0.7321,1739336931976.5645
3707,488716032,0,8.4302,0.2773,-15.8625,-1.2451,8.1361,0.6851,1739336931986.566
3708,656488192,0,8.4763,0.1849,-15.5981,-1.1614,8.0278,0.6045,1739336931996.5674
3709,824260352,0,8.4993,0.1155,-15.3337,-1.1057,7.8833,0.5306,1739336932006.5688
3710,992032512,0,8.4763,0.0693,-15.3337,-1.0499,7.7298,0.4634,1739336932016.5703
3711,1159804672,0,8.4993,-0.0231,-15.3337,-0.9849,7.5672,0.3828,1739336932026.572
3712,1327576832,0,8.4763,-0.0231,-15.0693,-1.0128,7.3776,0.3156,1739336932036.5735
3713,1495348992,0,8.315,-0.0924,-15.0693,-1.0221,7.1247,0.2552,1739336932046.575
3714,1663121152,0,8.292,-0.1155,-14.9372,-1.0128,6.899,0.188,1739336932056.5764
3715,1830893312,0,8.292,-0.1155,-15.0693,-1.0314,6.7906,0.1141,1739336932066.578
3716,1998665472,0,8.3381,-0.1386,-14.805,-1.0685,6.6913,0.0537,1739336932076.5793
3717,2166437632,0,8.4072,-0.1386,-14.805,-1.1243,6.5829,0.0067,1739336932086.5808
3718,2334209792,0,8.292,-0.1155,-14.6728,-1.2172,6.3482,-0.0335,1739336932096.5825
3719,2501981952,0,8.1768,-0.0924,-14.6728,-1.2729,6.1405,-0.0738,1739336932106.584
3720,2669754112,0,8.1308,0.0,-14.5406,-1.3937,5.9869,-0.1141,1739336932116.5854
3721,2837526272,0,7.9695,-0.0462,-14.4084,-1.4495,5.716,-0.1544,1739336932126.587
3722,3005298432,0,7.9004,-0.0693,-14.4084,-1.4588,5.5354,-0.2015,1739336932136.5884
3723,3173070592,0,7.9235,-0.0462,-14.2762,-1.4867,5.4542,-0.2283,1739336932146.5898
3724,3340842752,0,7.8774,-0.0231,-14.2762,-1.5424,5.3548,-0.2485,1739336932156.5916
3725,3508614912,0,7.8083,-0.1155,-14.2762,-1.5145,5.2374,-0.2821,1739336932166.593
3726,3676387072,0,7.7162,-0.0924,-14.2762,-1.5238,5.102,-0.3022,1739336932176.5945
3727,3844159232,0,7.7853,-0.0231,-14.2762,-1.5982,5.093,-0.3022,1739336932186.596
3728,4011931392,0,7.8083,0.0,-14.2762,-1.6353,5.1201,-0.2888,1739336932196.5974
3729,4179703552,0,7.8313,-0.0924,-14.2762,-1.5331,5.1201,-0.2955,1739336932206.5989
3730,52573952,0,7.8774,-0.1386,-14.144,-1.4309,5.2104,-0.3156,1739336932216.6003
3731,220346112,0,7.9695,-0.1386,-14.0118,-1.3845,5.3187,-0.3022,1739336932226.602
3732,388118272,0,8.1077,-0.1849,-13.8797,-1.338,5.4542,-0.2888,1739336932236.6035
3733,555890432,0,8.2229,-0.1849,-14.0118,-1.2915,5.5986,-0.2686,1739336932246.605
3734,723662592,0,8.4302,-0.2311,-14.0118,-1.2451,5.7793,-0.2485,1739336932256.6064
3735,891434752,0,8.5684,-0.2311,-13.8797,-1.1893,5.9599,-0.2283,1739336932266.608
3736,1059206912,0,8.6836,-0.3005,-13.8797,-1.1057,6.0772,-0.2216,1739336932276.6094
3737,1226979072,0,8.7297,-0.3929,-14.0118,-1.0221,6.1856,-0.2149,1739336932286.6108
3738,1394751232,0,8.7988,-0.3929,-14.0118,-0.9942,6.2669,-0.2149,1739336932296.6125
3739,1562523392,0,8.9139,-0.3236,-13.7475,-0.9942,6.3662,-0.2082,1739336932306.614
3740,1730295552,0,8.96,-0.3467,-13.8797,-0.9756,6.4294,-0.1947,1739336932316.6155
3741,1898067712,0,8.96,-0.3698,-13.7475,-0.957,6.3933,-0.2015,1739336932326.617
3742,2065839872,0,8.937,-0.3236,-13.8797,-1.0221,6.3843,-0.2015,1739336932336.6184
3743,2233612032,0,8.8909,-0.3005,-14.0118,-1.0778,6.3482,-0.1947,1739336932346.6199
3744,2401384192,0,8.9139,-0.2773,-14.144,-1.0685,6.3482,-0.188,1739336932356.6213
3745,2569156352,0,8.983,-0.3005,-14.144,-1.0685,6.4023,-0.1679,1739336932366.623
3746,2736928512,0,9.0521,-0.3005,-13.8797,-1.0499,6.4926,-0.1477,1739336932376.6245
3747,2904700672,0,9.1212,-0.2773,-13.6153,-1.0592,6.5558,-0.1276,1739336932386.626
3748,3072472832,0,9.1673,-0.2542,-13.6153,-1.0406,6.6371,-0.1141,1739336932396.6274
3749,3240244992,0,9.3746,-0.3236,-13.4831,-0.9849,6.8177,-0.1141,1739336932406.629
3750,3408017152,0,9.7431,-0.416,-13.6153,-0.8827,7.1067,-0.0873,1739336932416.6304
3751,3575789312,0,10.1577,-0.4854,-13.4831,-0.7433,7.486,-0.0604,1739336932426.6318
3752,3743561472,0,10.5723,-0.5316,-13.3509,-0.6318,7.9104,-0.0403,1739336932436.6335
3753,3911333632,0,10.9639,-0.5547,-13.2187,-0.5482,8.2896,-0.0201,1739336932446.635
3754,4079105792,0,11.3785,-0.5779,-13.0865,-0.511,8.6779,-0.0201,1739336932456.6365
3755,4246877952,0,11.747,-0.6241,-12.9543,-0.446,9.0211,-0.0067,1739336932466.638
3756,119748352,0,12.1847,-0.6934,-12.9543,-0.3716,9.4274,0.0,1739336932476.6394
3757,287520512,0,12.5532,-0.7165,-12.8222,-0.2973,9.8067,0.0134,1739336932486.6409
3758,455292672,0,12.8527,-0.7165,-12.9543,-0.2601,10.0776,0.0134,1739336932496.6423
3759,623064832,0,13.3364,-0.7165,-12.9543,-0.2137,10.5381,0.0335,1739336932506.644
3760,790836992,0,13.8201,-0.809,-12.69,-0.0836,10.9806,0.0403,1739336932516.6455
3761,958609152,0,14.2807,-0.9939,-12.5578,0.1115,11.4502,0.0604,1739336932526.647
3762,1126381312,0,14.7184,-1.0171,-12.2934,0.1858,11.8475,0.0537,1739336932536.6484
3763,1294153472,0,15.1099,-1.0171,-12.2934,0.2044,12.2358,0.0671,1739336932546.65
3764,1461925632,0,15.4324,-1.0402,-12.1612,0.223,12.5248,0.0738,1739336932556.6514
3765,1629697792,0,15.5936,-1.0864,-12.029,0.2601,12.6693,0.0806,1739336932566.6528
3766,1797469952,0,15.7779,-1.0171,-12.1612,0.223,12.8228,0.0873,1739336932576.6545
3767,1965242112,0,15.9852,-0.9708,-12.029,0.1486,13.0485,0.1074,1739336932586.656
3768,2133014272,0,16.1004,-0.9939,-12.1612,0.0929,13.1388,0.1209,1739336932596.6575
3769,2300786432,0,16.1234,-0.9477,-12.1612,0.0464,13.1298,0.1141,1739336932606.659
3770,2468558592,0,16.1234,-0.809,-12.2934,-0.0929,13.1388,0.094,1739336932616.6604
3771,2636330752,0,16.1695,-0.809,-12.2934,-0.13,13.202,0.1074,1739336932626.6619
3772,2804102912,0,16.0773,-0.9015,-12.2934,-0.0743,13.1208,0.0873,1739336932636.6633
3773,2971875072,0,15.847,-0.8321,-12.2934,-0.1393,12.9673,0.0537,1739336932646.665
3774,3139647232,0,15.6858,-0.6703,-12.2934,-0.3066,12.8137,0.0335,1739336932656.6665
3775,3307419392,0,15.4324,-0.6241,-12.69,-0.4088,12.6151,0.0335,1739336932666.668
3776,3475191552,0,15.156,-0.6472,-12.69,-0.4181,12.4345,0.0201,1739336932676.6694
3777,3642963712,0,14.8796,-0.5085,-12.8222,-0.5575,12.2178,-0.0067,1739336932686.671
3778,3810735872,0,14.6723,-0.3929,-12.8222,-0.7247,12.0281,-0.0335,1739336932696.6724
3779,3978508032,0,14.3268,-0.3698,-12.8222,-0.7898,11.7301,-0.047,1739336932706.6738
3780,4146280192,0,14.0274,-0.4854,-12.9543,-0.6783,11.4412,-0.0738,1739336932716.6755
3781,19150592,0,13.797,-0.5085,-12.69,-0.669,11.2425,-0.1074,1739336932726.677
3782,186922752,0,13.4515,-0.4392,-12.9543,-0.7526,10.9174,-0.1343,1739336932736.6785
3783,354694912,0,13.106,-0.416,-13.0865,-0.8362,10.6104,-0.1612,1739336932746.68
3784,522467072,0,12.7836,-0.3698,-13.3509,-0.8827,10.3395,-0.1746,1739336932756.6814
3785,690239232,0,12.5071,-0.3929,-13.3509,-0.9013,10.0776,-0.188,1739336932766.6829
3786,858011392,0,12.1386,-0.416,-13.3509,-0.892,9.7525,-0.2082,1739336932776.6843
3787,1025783552,0,11.724,-0.4392,-13.4831,-0.8827,9.3371,-0.2418,1739336932786.686
3788,1193555712,0,11.3324,-0.4854,-13.6153,-0.8827,9.003,-0.2619,1739336932796.6875
3789,1361327872,0,11.1712,-0.416,-13.8797,-0.9291,8.8044,-0.2888,1739336932806.689
3790,1529100032,0,11.1251,-0.416,-13.8797,-0.9291,8.7141,-0.2888,1739336932816.6904
3791,1696872192,0,11.0791,-0.4854,-13.6153,-0.8362,8.6599,-0.3022,1739336932826.692
3792,1864644352,0,11.056,-0.5779,-13.6153,-0.7061,8.5876,-0.3224,1739336932836.6934
3793,2032416512,0,11.01,-0.6703,-13.4831,-0.6039,8.4973,-0.3358,1739336932846.695
3794,2200188672,0,10.9178,-0.7165,-13.4831,-0.5575,8.389,-0.3559,1739336932856.6965
3795,2367960832,0,10.8718,-0.7628,-13.6153,-0.5017,8.3077,-0.3627,1739336932866.698
3796,2535732992,0,10.7336,-0.7859,-13.7475,-0.4831,8.1722,-0.3694,1739336932876.6995
3797,2703505152,0,10.5493,-0.7628,-13.7475,-0.5203,7.9646,-0.3761,1739336932886.701
3798,2871277312,0,10.4572,-0.7165,-14.0118,-0.5575,7.8833,-0.3627,1739336932896.7024
3799,3039049472,0,10.319,-0.7397,-13.8797,-0.6039,7.7839,-0.3694,1739336932906.7039
3800,3206821632,0,10.1347,-0.7628,-13.8797,-0.5946,7.6033,-0.3761,1739336932916.7056
3801,3374593792,0,9.9965,-0.7165,-13.8797,-0.6225,7.4498,-0.3828,1739336932926.707
3802,3542365952,0,9.7892,-0.6703,-14.0118,-0.6876,7.2873,-0.3828,1739336932936.7085
3803,3710138112,0,9.6049,-0.6472,-14.0118,-0.7247,7.0886,-0.403,1739336932946.71
3804,3877910272,0,9.3976,-0.601,-14.144,-0.7712,6.8719,-0.4164,1739336932956.7114
3805,4045682432,0,9.1673,-0.5547,-14.0118,-0.8362,6.7003,-0.4231,1739336932966.713
3806,4213454592,0,8.96,-0.5316,-14.0118,-0.8548,6.4655,-0.4231,1739336932976.7144
3807,86324992,0,8.6836,-0.5316,-14.144,-0.9013,6.1946,-0.4298,1739336932986.716
3808,254097152,0,8.315,-0.4623,-14.2762,-0.9942,5.8605,-0.4366,1739336932996.7175
3809,421869312,0,8.0156,-0.3467,-14.2762,-1.1522,5.5174,-0.4433,1739336933006.719
3810,589641472,0,7.6701,-0.208,-14.2762,-1.3194,5.1742,-0.4433,1739336933016.7205
3811,757413632,0,7.2325,-0.1155,-14.2762,-1.4588,4.7498,-0.4366,1739336933026.722
3812,925185792,0,6.7718,-0.0231,-14.4084,-1.6353,4.2802,-0.4164,1739336933036.7234
3813,1092957952,0,6.4263,0.0924,-14.5406,-1.8026,3.91,-0.4097,1739336933046.7249
3814,1260730112,0,5.9887,0.2311,-14.6728,-2.0163,3.5127,-0.3963,1739336933056.7266
3815,1428502272,0,5.7123,0.3467,-14.6728,-2.1836,3.1695,-0.3895,1739336933066.728
3816,1596274432,0,5.3437,0.4623,-14.5406,-2.3322,2.7903,-0.3761,1739336933076.7295
3817,1764046592,0,4.9061,0.4623,-14.6728,-2.3601,2.3297,-0.3694,1739336933086.731
3818,1931818752,0,4.4685,0.4854,-14.5406,-2.4344,1.9053,-0.3828,1739336933096.7324
3819,2099590912,0,4.0538,0.5779,-14.805,-2.5738,1.4809,-0.3895,1739336933106.734
3820,2267363072,0,3.7774,0.6703,-14.805,-2.7132,1.201,-0.3963,1739336933116.7354
3821,2435135232,0,3.6853,0.6241,-14.9372,-2.6946,1.0926,-0.403,1739336933126.737
3822,2602907392,0,3.6853,0.5547,-15.0693,-2.6017,1.0655,-0.4164,1739336933136.7385
3823,2770679552,0,3.7544,0.5316,-14.9372,-2.5274,1.0926,-0.4097,1739336933146.74
3824,2938451712,0,3.6623,0.4392,-14.805,-2.4437,0.9662,-0.403,1739336933156.7415
3825,3106223872,0,3.6392,0.3929,-14.6728,-2.3415,0.9301,-0.403,1739336933166.743
3826,3273996032,0,3.7544,0.416,-14.6728,-2.3229,1.0384,-0.3963,1739336933176.7444
3827,3441768192,0,3.8005,0.4392,-14.5406,-2.3787,1.0474,-0.3828,1739336933186.7458
3828,3609540352,0,3.8465,0.3929,-14.5406,-2.3601,1.0474,-0.3492,1739336933196.7476
3829,3777312512,0,4.0769,0.3929,-14.4084,-2.3415,1.1648,-0.3358,1739336933206.749
3830,3945084672,0,4.3303,0.3236,-14.4084,-2.3322,1.3093,-0.3089,1739336933216.7505
3831,4112856832,0,4.3994,0.3005,-14.2762,-2.3044,1.3003,-0.2955,1739336933226.752
3832,4280628992,0,4.3763,0.2542,-14.2762,-2.3044,1.201,-0.2955,1739336933236.7534
3833,153499392,0,4.4685,0.2773,-14.144,-2.3415,1.201,-0.2686,1739336933246.755
3834,321271552,0,4.4915,0.2773,-14.0118,-2.3973,1.1829,-0.2418,1739336933256.7563
3835,489043712,0,4.5836,0.2311,-13.8797,-2.3973,1.2281,-0.2283,1739336933266.758
3836,656815872,0,4.6988,0.2311,-13.7475,-2.4066,1.3184,-0.2082,1739336933276.7595
3837,824588032,0,5.0443,0.2773,-13.6153,-2.4344,1.6163,-0.188,1739336933286.761
3838,992360192,0,5.3668,0.3467,-13.4831,-2.4809,1.9414,-0.1612,1739336933296.7625
3839,1160132352,0,5.551,0.3005,-13.6153,-2.453,2.1582,-0.1343,1739336933306.764
3840,1327904512,0,5.8505,0.3005,-13.6153,-2.3694,2.4832,-0.1276,1739336933316.7654
3841,1495676672,0,6.0808,0.3236,-13.6153,-2.3415,2.7993,-0.1141,1739336933326.7668
3842,1663448832,0,6.2651,0.3005,-13.6153,-2.2579,3.0341,-0.1007,1739336933336.7686
3843,1831220992,0,6.5415,0.2773,-13.4831,-2.1371,3.3321,-0.1007,1739336933346.77
3844,1998993152,0,6.91,0.2542,-13.4831,-2.0628,3.6752,-0.0873,1739336933356.7715
3845,2166765312,0,7.2325,0.1849,-13.4831,-1.9606,4.0184,-0.0537,1739336933366.773
3846,2334537472,0,7.4167,0.1618,-13.3509,-1.8955,4.2351,-0.047,1739336933376.7744
3847,2502309632,0,7.5319,0.1618,-13.4831,-1.8862,4.3796,-0.0268,1739336933386.776
3848,2670081792,0,7.7622,0.1618,-13.4831,-1.942,4.5873,0.0,1739336933396.7773
3849,2837853952,0,8.0156,0.2542,-13.6153,-1.9884,4.8401,0.0201,1739336933406.779
3850,3005626112,0,8.1999,0.2773,-13.4831,-1.9977,5.0478,0.047,1739336933416.7805
3851,3173398272,0,8.292,0.3005,-13.2187,-2.0349,5.1742,0.0604,1739336933426.782
3852,3341170432,0,8.4763,0.3236,-13.2187,-2.0721,5.3097,0.0738,1739336933436.7834
3853,3508942592,0,8.7066,0.3467,-13.0865,-2.0906,5.5264,0.0806,1739336933446.785
3854,3676714752,0,8.983,0.3236,-13.0865,-2.0628,5.7793,0.0873,1739336933456.7864
3855,3844486912,0,9.2134,0.3236,-13.0865,-2.0535,5.996,0.094,1739336933466.788
3856,4012259072,0,9.4207,0.2542,-13.0865,-1.9884,6.1585,0.1141,1739336933476.7896
3857,4180031232,0,9.651,0.208,-13.2187,-1.9048,6.4114,0.1276,1739336933486.791
3858,52901632,0,9.8122,0.208,-13.2187,-1.8676,6.61,0.141,1739336933496.7925
3859,220673792,0,10.0426,0.1849,-13.0865,-1.849,6.8448,0.1544,1739336933506.794
3860,388445952,0,10.365,0.208,-13.0865,-1.8212,7.1428,0.1679,1739336933516.7954
3861,556218112,0,10.7796,0.1849,-12.69,-1.784,7.504,0.188,1739336933526.7969
3862,723990272,0,11.1712,0.1618,-12.4256,-1.7468,7.8743,0.2015,1739336933536.7986
3863,891762432,0,11.5628,0.1155,-12.2934,-1.6725,8.2084,0.2082,1739336933546.8
3864,1059534592,0,11.9313,0.0924,-12.2934,-1.6353,8.5335,0.2216,1739336933556.8015
3865,1227306752,0,12.415,0.0693,-12.2934,-1.6167,8.9037,0.2686,1739336933566.803
3866,1395078912,0,12.8987,0.0462,-12.029,-1.5517,9.3281,0.3022,1739336933576.8044
3867,1562851072,0,13.3594,0.0462,-11.6325,-1.5238,9.7074,0.3559,1739336933586.806
3868,1730623232,0,13.8201,-0.0231,-11.5003,-1.4774,10.0957,0.3963,1739336933596.8074
3869,1898395392,0,14.1886,0.0231,-11.5003,-1.5331,10.4117,0.4567,1739336933606.809
3870,2066167552,0,14.488,0.0693,-11.3681,-1.5982,10.6736,0.5104,1739336933616.8105
3871,2233939712,0,14.7414,0.0,-11.2359,-1.5796,10.9174,0.5843,1739336933626.812
3872,2401711872,0,14.9487,0.0231,-11.1037,-1.5889,11.098,0.6313,1739336933636.8135
3873,2569484032,0,15.179,0.1386,-10.9715,-1.6818,11.3238,0.6784,1739336933646.815
3874,2737256192,0,15.4094,0.1618,-11.1037,-1.7468,11.5044,0.7321,1739336933656.8164
3875,2905028352,0,15.6397,0.1849,-10.9715,-1.8305,11.694,0.7926,1739336933666.8179
3876,3072800512,0,15.847,0.2773,-10.8393,-1.9513,11.8385,0.8329,1739336933676.8196
3877,3240572672,0,16.0543,0.3236,-10.7072,-2.0163,12.001,0.8866,1739336933686.821
3878,3408344832,0,16.2616,0.3698,-10.4428,-2.0721,12.1726,0.9336,1739336933696.8225
3879,3576116992,0,16.4919,0.3929,-10.1784,-2.0999,12.3532,0.9672,1739336933706.824
3880,3743889152,0,16.7223,0.4392,-10.1784,-2.1464,12.5519,1.0075,1739336933716.8254
3881,3911661312,0,16.8374,0.4623,-10.0462,-2.2114,12.6512,1.0276,1739336933726.827
3882,4079433472,0,16.8374,0.4392,-10.0462,-2.2114,12.6422,1.0478,1739336933736.8284
3883,4247205632,0,16.8144,0.4623,-10.0462,-2.2951,12.5609,1.0612,1739336933746.83
3884,120076032,0,16.7683,0.4854,-10.3106,-2.3694,12.4796,1.0814,1739336933756.8315
3885,287848192,0,16.7453,0.5085,-10.4428,-2.4437,12.4345,1.0881,1739336933766.833
3886,455620352,0,16.6992,0.5779,-10.4428,-2.5645,12.3442,1.115,1739336933776.8345
3887,623392512,0,16.5841,0.6472,-10.575,-2.6574,12.2087,1.115,1739336933786.836
3888,791164672,0,16.3537,0.6934,-10.575,-2.7225,11.992,1.1217,1739336933796.8374
3889,958936832,0,16.1695,0.7397,-10.8393,-2.8154,11.8204,1.115,1739336933806.8389
3890,1126708992,0,15.9622,0.9015,-10.7072,-2.9548,11.6218,1.1015,1739336933816.8406
3891,1294481152,0,15.7779,0.9015,-10.7072,-3.0663,11.4231,1.1015,1739336933826.842
3892,1462253312,0,15.7088,0.9246,-10.7072,-3.0384,11.3147,1.0747,1739336933836.8435
3893,1630025472,0,15.6397,0.8321,-10.7072,-2.9827,11.2335,1.0344,1739336933846.845
3894,1797797632,0,15.4785,0.809,-10.575,-2.9083,11.1341,1.0142,1739336933856.8464
3895,1965569792,0,15.3633,0.7859,-10.4428,-2.8526,10.9716,0.9739,1739336933866.848
3896,2133341952,0,15.1099,0.7628,-10.575,-2.7875,10.7639,0.947,1739336933876.8494
3897,2301114112,0,14.9257,0.7397,-10.575,-2.769,10.5562,0.9202,1739336933886.851
3898,2468886272,0,14.7184,0.7628,-10.7072,-2.7782,10.3937,0.9,1739336933896.8525
3899,2636658432,0,14.5802,0.7397,-10.7072,-2.7968,10.2672,0.8799,1739336933906.854
3900,2804430592,0,14.5571,0.6934,-10.8393,-2.769,10.195,0.8597,1739336933916.8555
3901,2972202752,0,14.5571,0.6934,-10.9715,-2.7504,10.1769,0.853,1739336933926.857
3902,3139974912,0,14.5341,0.6703,-10.8393,-2.7411,10.186,0.8396,1739336933936.8584
3903,3307747072,0,14.4189,0.6703,-10.7072,-2.7318,10.1137,0.8396,1739336933946.8599
3904,3475519232,0,14.3268,0.6472,-10.7072,-2.7504,9.9963,0.8194,1739336933956.8616
3905,3643291392,0,14.2347,0.7165,-10.575,-2.7782,9.9422,0.8194,1739336933966.863
3906,3811063552,0,14.2347,0.8321,-10.4428,-2.8805,9.9331,0.8194,1739336933976.8645
3907,3978835712,0,14.2577,0.8552,-10.4428,-2.9641,9.9241,0.8194,1739336933986.866
3908,4146607872,0,14.2347,0.8552,-10.575,-2.9455,9.888,0.8329,1739336933996.8674
3909,19478272,0,14.2807,0.7628,-10.575,-2.8619,9.9151,0.8194,1739336934006.869
3910,187250432,0,14.3038,0.7628,-10.4428,-2.8154,9.9422,0.806,1739336934016.8704
3911,355022592,0,14.2347,0.7628,-10.575,-2.8247,9.906,0.806,1739336934026.872
3912,522794752,0,14.1656,0.8321,-10.7072,-2.8805,9.906,0.8127,1739336934036.8735
3913,690566912,0,14.2116,0.9015,-10.575,-2.9176,10.0415,0.8194,1739336934046.875
3914,858339072,0,14.465,0.9015,-10.575,-2.9083,10.3124,0.8194,1739336934056.8765
3915,1026111232,0,14.7184,0.8552,-10.575,-2.8061,10.6014,0.8127,1739336934066.878
3916,1193883392,0,14.9257,0.7628,-10.7072,-2.6389,10.9174,0.7993,1739336934076.8794
3917,1361655552,0,15.2021,0.601,-10.4428,-2.4623,11.2064,0.7791,1739336934086.8809
3918,1529427712,0,15.5245,0.5316,-10.4428,-2.2951,11.5586,0.759,1739336934096.8826
3919,1697199872,0,15.8931,0.5316,-10.3106,-2.1743,11.992,0.7388,1739336934106.884
3920,1864972032,0,16.1004,0.4854,-10.3106,-2.0721,12.29,0.7187,1739336934116.8855
3921,2032744192,0,16.3307,0.3467,-10.3106,-1.9048,12.597,0.7119,1739336934126.887
3922,2200516352,0,16.6071,0.2542,-10.4428,-1.7747,12.886,0.6985,1739336934136.8884
3923,2368288512,0,16.9756,0.2542,-10.575,-1.7004,13.2833,0.6918,1739336934146.89
3924,2536060672,0,17.206,0.208,-10.575,-1.5982,13.5723,0.6784,1739336934156.8916
3925,2703832832,0,17.3903,0.1618,-10.8393,-1.4867,13.798,0.6784,1739336934166.893
3926,2871604992,0,17.5976,0.1618,-11.1037,-1.4402,14.1322,0.6716,1739336934176.8945
3927,3039377152,0,17.8049,0.208,-11.2359,-1.4123,14.4301,0.6716,1739336934186.896
3928,3207149312,0,18.0122,0.1618,-11.5003,-1.3566,14.7372,0.6784,1739336934196.8975
3929,3374921472,0,18.2886,0.1386,-11.5003,-1.2172,15.1345,0.6649,1739336934206.899
3930,3542693632,0,18.7032,0.0924,-11.5003,-1.0778,15.5679,0.6448,1739336934216.9004
3931,3710465792,0,19.0947,-0.0231,-11.5003,-0.8827,16.0104,0.6381,1739336934226.902
3932,3878237952,0,19.5554,-0.1155,-11.6325,-0.7061,16.5161,0.6246,1739336934236.9036
3933,4046010112,0,19.9239,-0.2773,-11.8968,-0.4553,16.9405,0.6179,1739336934246.905
3934,4213782272,0,20.0391,-0.2542,-11.8968,-0.3809,17.1934,0.6179,1739336934256.9065
3935,86652672,0,20.0621,-0.2773,-12.029,-0.3066,17.3559,0.591,1739336934266.908
3936,254424832,0,20.1082,-0.2542,-12.1612,-0.288,17.5094,0.5843,1739336934276.9094
3937,422196992,0,20.1312,-0.3698,-12.1612,-0.13,17.6539,0.5776,1739336934286.911
3938,589969152,0,20.2234,-0.3698,-12.2934,-0.0278,17.8797,0.5709,1739336934296.9126
3939,757741312,0,20.2694,-0.4623,-12.2934,0.065,17.988,0.5642,1739336934306.914
3940,925513472,0,20.1082,-0.4392,-12.5578,0.0836,17.979,0.5373,1739336934316.9155
3941,1093285632,0,19.993,-0.4392,-12.8222,0.13,17.9429,0.5306,1739336934326.917
3942,1261057792,0,19.8318,-0.416,-13.0865,0.1486,17.8797,0.5104,1739336934336.9185
3943,1428829952,0,19.6245,-0.3236,-13.0865,0.065,17.7532,0.497,1739336934346.92
3944,1596602112,0,19.3711,-0.3236,-13.2187,0.0836,17.6178,0.4836,1739336934356.9214
3945,1764374272,0,19.0717,-0.3236,-13.2187,0.065,17.3469,0.45,1739336934366.923
3946,1932146432,0,18.7723,-0.2311,-13.3509,-0.0278,17.1392,0.4231,1739336934376.9246
3947,2099918592,0,18.5419,-0.2311,-13.4831,-0.0464,16.9496,0.403,1739336934386.926
3948,2267690752,0,18.1734,-0.3005,-13.6153,0.0185,16.7057,0.3761,1739336934396.9275
3949,2435462912,0,17.897,-0.2311,-13.6153,-0.0185,16.4529,0.3358,1739336934406.929
3950,2603235072,0,17.6667,-0.1849,-13.7475,-0.0929,16.2271,0.3224,1739336934416.9304
3951,2771007232,0,17.4594,-0.2311,-13.8797,-0.065,16.0285,0.3022,1739336934426.932
3952,2938779392,0,17.206,-0.3005,-14.0118,0.0464,15.7937,0.2821,1739336934436.9336
3953,3106551552,0,16.9987,-0.3929,-13.8797,0.1115,15.6312,0.2485,1739336934446.935
3954,3274323712,0,16.7914,-0.3698,-13.8797,0.1022,15.4235,0.2283,1739336934456.9365
3955,3442095872,0,16.6301,-0.3929,-14.0118,0.1115,15.2248,0.2149,1739336934466.938
3956,3609868032,0,16.4459,-0.3698,-14.0118,0.1207,15.0442,0.188,1739336934476.9395
3957,3777640192,0,16.2616,-0.416,-14.2762,0.13,14.8455,0.1813,1739336934486.941
3958,3945412352,0,16.0543,-0.416,-14.144,0.1207,14.6469,0.1813,1739336934496.9424
3959,4113184512,0,15.9391,-0.4854,-14.2762,0.1672,14.4843,0.1612,1739336934506.944
3960,4280956672,0,15.824,-0.4623,-14.4084,0.1672,14.385,0.1544,1739336934516.9456
3961,153827072,0,15.7318,-0.416,-14.2762,0.1393,14.2586,0.141,1739336934526.947
3962,321599232,0,15.5015,-0.3929,-14.2762,0.13,14.0509,0.1477,1739336934536.9485
3963,489371392,0,15.2712,-0.4623,-14.4084,0.1672,13.798,0.1343,1739336934546.95
3964,657143552,0,15.0178,-0.4392,-14.5406,0.1486,13.5994,0.1209,1739336934556.9514
3965,824915712,0,14.8796,-0.3929,-14.5406,0.0464,13.4188,0.1141,1739336934566.953
3966,992687872,0,14.7875,-0.416,-14.9372,0.0836,13.3194,0.1209,1739336934576.9546
3967,1160460032,0,14.8566,-0.4854,-14.805,0.1486,13.3556,0.1074,1739336934586.956
3968,1328232192,0,14.8335,-0.5085,-14.5406,0.1858,13.3285,0.1007,1739336934596.9575
3969,1496004352,0,14.7184,-0.4623,-14.6728,0.1579,13.202,0.1007,1739336934606.959
3970,1663776512,0,14.5571,-0.4392,-14.5406,0.13,13.0034,0.1007,1739336934616.9604
3971,1831548672,0,14.3498,-0.3698,-14.6728,0.0557,12.8499,0.1074,1739336934626.962
3972,1999320832,0,14.2116,-0.3005,-14.805,-0.0743,12.6873,0.1141,1739336934636.9634
3973,2167092992,0,13.9813,-0.1386,-14.805,-0.2322,12.4796,0.1209,1739336934646.965
3974,2334865152,0,13.7049,-0.0924,-14.805,-0.3623,12.2448,0.1343,1739336934656.9666
3975,2502637312,0,13.5206,0.0231,-14.9372,-0.5203,12.0372,0.1544,1739336934666.968
3976,2670409472,0,13.2673,0.1849,-14.805,-0.7526,11.8024,0.1746,1739336934676.9695
3977,2838181632,0,12.8987,0.3467,-14.805,-0.9942,11.4592,0.2082,1739336934686.971
3978,3005953792,0,12.5762,0.4854,-14.9372,-1.2265,11.08,0.2418,1739336934696.9724
3979,3173725952,0,12.2998,0.601,-15.0693,-1.3937,10.791,0.2888,1739336934706.9739
3980,3341498112,0,12.0695,0.7628,-15.2015,-1.6167,10.5472,0.3291,1739336934716.9756
3981,3509270272,0,11.7931,0.9015,-15.0693,-1.8119,10.2943,0.3694,1739336934726.977
3982,3677042432,0,11.5628,0.9939,-14.9372,-1.942,10.0415,0.4097,1739336934736.9785
3983,3844814592,0,11.2403,1.1558,-14.9372,-2.1371,9.7435,0.45,1739336934746.98
3984,4012586752,0,10.8948,1.3407,-15.0693,-2.3322,9.4274,0.4903,1739336934756.9814
3985,4180358912,0,10.7336,1.4331,-15.0693,-2.5181,9.2559,0.5575,1739336934766.983
3986,53229312,0,10.7105,1.5256,-15.0693,-2.6574,9.1294,0.6179,1739336934776.9846
3987,221001472,0,10.6184,1.5718,-15.0693,-2.7597,8.9579,0.6784,1739336934786.986
3988,388773632,0,10.6414,1.6412,-15.0693,-2.8154,8.8947,0.7187,1739336934796.9875
3989,556545792,0,10.6414,1.6874,-14.6728,-2.8805,8.8405,0.7724,1739336934806.989
3990,724317952,0,10.4572,1.6412,-14.5406,-2.899,8.6057,0.8194,1739336934816.9905
3991,892090112,0,10.4111,1.6412,-14.5406,-2.899,8.5154,0.8664,1739336934826.992
3992,1059862272,0,10.5032,1.6412,-14.2762,-2.9455,8.5244,0.9202,1739336934836.9934
3993,1227634432,0,10.6645,1.6874,-14.4084,-2.992,8.6057,0.9806,1739336934846.995
3994,1395406592,0,10.8718,1.6874,-14.4084,-3.0384,8.7502,1.0411,1739336934856.9966
3995,1563178752,0,10.9639,1.6412,-14.2762,-3.0663,8.7592,1.0948,1739336934866.998
3996,1730950912,0,11.0791,1.6181,-14.144,-3.0756,8.8224,1.162,1739336934876.9995
3997,1898723072,0,11.1021,1.6874,-14.0118,-3.1499,8.7953,1.209,1739336934887.001
3998,2066495232,0,11.0791,1.7568,-14.144,-3.215,8.7411,1.2762,1739336934897.0024
3999,2234267392,0,11.0791,1.8261,-13.8797,-3.28,8.7231,1.3232,1739336934907.004
4000,2402039552,0,11.1942,1.8955,-13.8797,-3.3822,8.7502,1.3568,1739336934917.0056
4001,2569811712,0,11.4476,1.9417,-13.7475,-3.4101,8.9398,1.3904,1739336934927.007
4002,2737583872,0,11.6088,1.9186,-13.4831,-3.4008,9.0391,1.4239,1739336934937.0085
4003,2905356032,0,11.747,1.9417,-13.6153,-3.4566,9.1475,1.4642,1739336934947.01
4004,3073128192,0,11.8852,1.8955,-13.4831,-3.4658,9.2378,1.4978,1739336934957.0115
4005,3240900352,0,12.0004,2.0342,-13.2187,-3.5959,9.3462,1.5247,1739336934967.013
4006,3408672512,0,12.0925,2.0804,-13.2187,-3.661,9.4094,1.565,1739336934977.0144
4007,3576444672,0,12.1847,2.0573,-13.2187,-3.6796,9.4455,1.5717,1739336934987.016
4008,3744216832,0,12.3459,2.0573,-13.2187,-3.6517,9.599,1.5784,1739336934997.0176
4009,3911988992,0,12.6223,2.011,-13.0865,-3.6145,9.8519,1.5919,1739336935007.019
4010,4079761152,0,12.7836,1.9879,-13.2187,-3.5681,10.0595,1.6053,1739336935017.0205
4011,4247533312,0,12.8296,2.011,-13.0865,-3.5681,10.1318,1.612,1739336935027.022
4012,120403712,0,12.8987,2.1266,-13.0865,-3.6517,10.2131,1.6187,1739336935037.0234
4013,288175872,0,12.9909,2.2191,-13.2187,-3.7725,10.3124,1.6389,1739336935047.025
4014,455948032,0,13.1291,2.2653,-13.2187,-3.8189,10.4298,1.6523,1739336935057.0266
4015,623720192,0,13.2673,2.2653,-13.0865,-3.8375,10.5562,1.6456,1739336935067.028
4016,791492352,0,13.4746,2.2422,-13.2187,-3.8375,10.7007,1.6456,1739336935077.0295
4017,959264512,0,13.6588,2.2191,-13.0865,-3.8097,10.8813,1.6456,1739336935087.031
4018,1127036672,0,13.751,2.196,-13.0865,-3.7911,10.9626,1.6523,1739336935097.0325
4019,1294808832,0,13.7049,2.2422,-13.0865,-3.8282,10.9355,1.659,1739336935107.034
4020,1462580992,0,13.5667,2.2884,-13.0865,-3.9026,10.8542,1.6658,1739336935117.0354
4021,1630353152,0,13.4285,2.3116,-13.0865,-3.949,10.7458,1.659,1739336935127.037
4022,1798125312,0,13.4055,2.196,-13.2187,-3.8375,10.7278,1.6456,1739336935137.0386
4023,1965897472,0,13.4976,2.1266,-13.3509,-3.6889,10.8271,1.612,1739336935147.04
4024,2133669632,0,13.6588,2.0804,-13.3509,-3.6238,10.9806,1.5784,1739336935157.0415
4025,2301441792,0,13.6819,2.0342,-13.2187,-3.5588,11.0529,1.5717,1739336935167.043
4026,2469213952,0,13.5206,1.9648,-13.3509,-3.5216,10.9445,1.5449,1739336935177.0444
4027,2636986112,0,13.3594,1.9648,-13.4831,-3.5216,10.8,1.5314,1739336935187.046
4028,2804758272,0,13.3824,1.9648,-13.6153,-3.5588,10.782,1.5314,1739336935197.0476
4029,2972530432,0,13.3594,1.9186,-13.6153,-3.5216,10.7639,1.5045,1739336935207.049
4030,3140302592,0,13.2212,1.803,-13.6153,-3.4751,10.6375,1.4777,1739336935217.0505
4031,3308074752,0,13.06,1.7337,-13.6153,-3.4287,10.4659,1.4441,1739336935227.052
4032,3475846912,0,12.8757,1.6643,-13.7475,-3.3729,10.2943,1.4105,1739336935237.0535
4033,3643619072,0,12.6914,1.5718,-13.6153,-3.28,10.1137,1.3702,1739336935247.055
4034,3811391232,0,12.415,1.5025,-13.7475,-3.2243,9.8789,1.3098,1739336935257.0564
4035,3979163392,0,12.1847,1.5256,-13.8797,-3.2428,9.6442,1.2627,1739336935267.058
4036,4146935552,0,12.0004,1.5256,-14.0118,-3.28,9.4455,1.209,1739336935277.0596
4037,19805952,0,11.8161,1.4331,-14.144,-3.2057,9.2288,1.1485,1739336935287.061
4038,187578112,0,11.5397,1.2713,-14.144,-3.0291,8.985,1.0545,1739336935297.0625
4039,355350272,0,11.2173,1.1789,-14.144,-2.8805,8.705,0.9538,1739336935307.064
4040,523122432,0,10.8948,1.0864,-14.144,-2.7318,8.4161,0.8597,1739336935317.0654
4041,690894592,0,10.5493,0.9477,-14.4084,-2.5924,8.1271,0.7657,1739336935327.067
4042,858666752,0,10.2729,0.809,-14.5406,-2.4344,7.8562,0.6649,1739336935337.0686
4043,1026438912,0,10.0886,0.6703,-14.5406,-2.2951,7.6485,0.5642,1739336935347.07
4044,1194211072,0,9.8353,0.5316,-14.805,-2.165,7.4047,0.4567,1739336935357.0715
4045,1361983232,0,9.5589,0.3929,-14.9372,-1.9698,7.0977,0.3694,1739336935367.073
4046,1529755392,0,9.2825,0.3467,-15.0693,-1.8769,6.8719,0.2753,1739336935377.0745
4047,1697527552,0,9.0521,0.3467,-15.2015,-1.8212,6.7184,0.1813,1739336935387.076
4048,1865299712,0,8.8218,0.3236,-15.2015,-1.784,6.4926,0.1141,1739336935397.0774
4049,2033071872,0,8.6145,0.3005,-15.2015,-1.7097,6.2579,0.0403,1739336935407.079
4050,2200844032,0,8.4763,0.2311,-15.2015,-1.5982,6.1405,-0.047,1739336935417.0806
4051,2368616192,0,8.4072,0.1618,-15.2015,-1.5145,6.0592,-0.1209,1739336935427.082
4052,2536388352,0,8.1999,0.0693,-15.3337,-1.4123,5.8605,-0.2015,1739336935437.0835
4053,2704160512,0,7.9004,0.0,-15.3337,-1.3566,5.5986,-0.2888,1739336935447.085
4054,2871932672,0,7.7162,0.0,-15.4659,-1.338,5.4361,-0.3627,1739336935457.0864
4055,3039704832,0,7.601,-0.0924,-15.4659,-1.2915,5.3187,-0.4231,1739336935467.0881
4056,3207476992,0,7.4858,-0.1849,-15.4659,-1.2172,5.2194,-0.4903,1739336935477.0896
4057,3375249152,0,7.3937,-0.3236,-15.3337,-1.0964,5.1381,-0.5507,1739336935487.091
4058,3543021312,0,7.3476,-0.4392,-15.4659,-0.9849,5.111,-0.5978,1739336935497.0925
4059,3710793472,0,7.2785,-0.4854,-15.4659,-0.9291,5.1291,-0.6313,1739336935507.094
4060,3878565632,0,7.1634,-0.5316,-15.5981,-0.8548,5.0749,-0.6649,1739336935517.0955
4061,4046337792,0,7.0482,-0.5779,-15.5981,-0.8269,5.0027,-0.6851,1739336935527.097
4062,4214109952,0,7.0943,-0.5779,-15.5981,-0.8083,5.0027,-0.7052,1739336935537.0986
4063,86980352,0,7.0712,-0.6241,-15.4659,-0.7619,5.0027,-0.6918,1739336935547.1
4064,254752512,0,7.0943,-0.6934,-15.4659,-0.6783,4.9846,-0.6851,1739336935557.1016
4065,422524672,0,7.2325,-0.6241,-15.4659,-0.7061,5.0839,-0.6851,1739336935567.103
4066,590296832,0,7.4628,-0.6472,-15.2015,-0.6968,5.2736,-0.6649,1739336935577.1045
4067,758068992,0,7.6931,-0.7397,-15.2015,-0.5946,5.4722,-0.6448,1739336935587.106
4068,925841152,0,7.8774,-0.7859,-14.9372,-0.5203,5.6348,-0.6313,1739336935597.1074
4069,1093613312,0,8.0156,-0.7397,-14.9372,-0.5668,5.8244,-0.6045,1739336935607.1091
4070,1261385472,0,8.0847,-0.6703,-15.2015,-0.6039,5.9599,-0.5642,1739336935617.1106
4071,1429157632,0,8.1999,-0.601,-15.2015,-0.6039,6.1134,-0.5373,1739336935627.112
4072,1596929792,0,8.3611,-0.6472,-15.4659,-0.5389,6.312,-0.5037,1739336935637.1135
4073,1764701952,0,8.4763,-0.6472,-15.3337,-0.4738,6.4655,-0.4903,1739336935647.115
4074,1932474112,0,8.5224,-0.6934,-15.2015,-0.4088,6.5197,-0.4903,1739336935657.1165
4075,2100246272,0,8.4763,-0.6472,-15.3337,-0.4181,6.5288,-0.497,1739336935667.118
4076,2268018432,0,8.4532,-0.5779,-15.5981,-0.4367,6.5288,-0.4903,1739336935677.1196
4077,2435790592,0,8.3611,-0.5316,-15.4659,-0.4645,6.4655,-0.4903,1739336935687.121
4078,2603562752,0,8.1768,-0.5085,-15.7303,-0.5203,6.3391,-0.4836,1739336935697.1226
4079,2771334912,0,8.0847,-0.4854,-15.7303,-0.5761,6.2579,-0.4701,1739336935707.124
4080,2939107072,0,8.0386,-0.3698,-15.5981,-0.6876,6.2308,-0.4433,1739336935717.1255
4081,3106879232,0,7.9695,-0.1849,-15.5981,-0.8827,6.1675,-0.4164,1739336935727.127
4082,3274651392,0,7.8313,-0.0231,-15.8625,-1.0778,6.0592,-0.3895,1739336935737.1284
4083,3442423552,0,7.5319,0.1155,-15.7303,-1.2544,5.8334,-0.3694,1739336935747.1301
4084,3610195712,0,7.1173,0.208,-15.8625,-1.3937,5.4722,-0.3694,1739336935757.1316
4085,3777967872,0,6.7718,0.2773,-15.9947,-1.4867,5.1562,-0.3828,1739336935767.133
4086,3945740032,0,6.5875,0.2542,-16.259,-1.5145,4.9756,-0.4097,1739336935777.1345
4087,4113512192,0,6.4493,0.2773,-16.259,-1.4681,4.8491,-0.4433,1739336935787.136
4088,4281284352,0,6.242,0.2311,-16.5234,-1.4123,4.6956,-0.4769,1739336935797.1375
4089,154154752,0,6.0117,0.1849,-16.3912,-1.3752,4.4789,-0.5104,1739336935807.139
4090,321926912,0,5.6892,0.1849,-16.3912,-1.3473,4.2351,-0.544,1739336935817.1406
4091,489699072,0,5.3898,0.1849,-16.3912,-1.338,3.9552,-0.5843,1739336935827.142
4092,657471232,0,5.1134,0.2311,-16.5234,-1.3008,3.6933,-0.6179,1739336935837.1436
4093,825243392,0,4.9752,0.1618,-16.5234,-1.2265,3.5669,-0.6649,1739336935847.145
4094,993015552,0,4.9061,0.1155,-16.3912,-1.115,3.5398,-0.6918,1739336935857.1465
4095,1160787712,0,4.7679,0.1155,-16.3912,-1.0128,3.4856,-0.7254,1739336935867.148
4096,1328559872,0,4.5376,0.1618,-16.6556,-0.9849,3.3411,-0.7321,1739336935877.1494
4097,1496332032,0,4.3763,0.1849,-16.6556,-0.9849,3.2237,-0.7388,1739336935887.1511
4098,1664104192,0,4.2151,0.208,-16.7878,-0.9756,3.0973,-0.7455,1739336935897.1526
4099,1831876352,0,4.0999,0.1849,-16.7878,-0.957,2.9528,-0.7522,1739336935907.154
4100,1999648512,0,4.0999,0.1849,-16.7878,-0.9291,2.9528,-0.759,1739336935917.1555
4101,2167420672,0,4.0769,0.2542,-16.6556,-0.9849,2.9438,-0.7724,1739336935927.157
4102,2335192832,0,3.9847,0.3698,-16.92,-1.0685,2.8806,-0.7724,1739336935937.1584
4103,2502964992,0,4.0078,0.3929,-16.7878,-1.1243,2.9077,-0.7657,1739336935947.16
4104,2670737152,0,3.9847,0.3467,-16.6556,-1.1057,2.8625,-0.7724,1739336935957.1616
4105,2838509312,0,3.9156,0.3236,-16.5234,-1.0964,2.7722,-0.7858,1739336935967.163
4106,3006281472,0,3.9156,0.3467,-16.3912,-1.1057,2.7632,-0.7993,1739336935977.1646
4107,3174053632,0,3.9617,0.3698,-16.5234,-1.0778,2.8354,-0.7993,1739336935987.166
4108,3341825792,0,4.0769,0.3236,-16.3912,-1.0499,2.9618,-0.806,1739336935997.1675
4109,3509597952,0,4.2151,0.2773,-16.3912,-1.0035,3.1063,-0.8127,1739336936007.169
4110,3677370112,0,4.4454,0.1849,-16.5234,-0.957,3.2779,-0.7993,1739336936017.1704
4111,3845142272,0,4.5606,0.1386,-16.5234,-0.8827,3.4134,-0.7858,1739336936027.172
4112,4012914432,0,4.6067,0.1155,-16.5234,-0.8734,3.4495,-0.7724,1739336936037.1736
4113,4180686592,0,4.6297,0.1618,-16.6556,-0.9477,3.4675,-0.759,1739336936047.175
4114,53556992,0,4.6297,0.2542,-16.7878,-1.0592,3.4946,-0.7388,1739336936057.1765
4115,221329152,0,4.6297,0.3236,-16.5234,-1.1614,3.5307,-0.7119,1739336936067.178
4116,389101312,0,4.6297,0.3698,-16.5234,-1.2358,3.5127,-0.6784,1739336936077.1794
4117,556873472,0,4.4915,0.4623,-16.5234,-1.3566,3.3682,-0.6851,1739336936087.181
4118,724645632,0,4.3994,0.5547,-16.7878,-1.496,3.2598,-0.6918,1739336936097.1826
4119,892417792,0,4.3763,0.6472,-16.6556,-1.6075,3.2327,-0.7052,1739336936107.184
4120,1060189952,0,4.2381,0.7165,-16.6556,-1.6725,3.1424,-0.7119,1739336936117.1855
4121,1227962112,0,4.1229,0.7859,-16.6556,-1.7375,3.0431,-0.7119,1739336936127.187
4122,1395734272,0,4.1229,0.8321,-16.6556,-1.7747,3.0702,-0.7052,1739336936137.1885
4123,1563506432,0,4.146,0.8321,-16.5234,-1.784,3.1334,-0.7052,1739336936147.19
4124,1731278592,0,4.3072,0.809,-16.5234,-1.719,3.305,-0.7052,1739336936157.1917
4125,1899050752,0,4.5145,0.7628,-16.3912,-1.6725,3.4585,-0.7187,1739336936167.193
4126,2066822912,0,4.6527,0.7397,-16.3912,-1.5889,3.621,-0.7254,1739336936177.1946
4127,2234595072,0,4.7909,0.6472,-16.3912,-1.496,3.7655,-0.7187,1739336936187.196
4128,2402367232,0,4.9522,0.601,-16.259,-1.4123,3.9281,-0.7119,1739336936197.1975
4129,2570139392,0,5.2055,0.5547,-16.259,-1.3752,4.1899,-0.6985,1739336936207.199
4130,2737911552,0,5.528,0.5316,-16.3912,-1.3659,4.497,-0.6582,1739336936217.2004
4131,2905683712,0,5.8965,0.5085,-16.259,-1.3566,4.8221,-0.6246,1739336936227.2021
4132,3073455872,0,6.1269,0.5316,-16.259,-1.3473,5.0388,-0.5978,1739336936237.2036
4133,3241228032,0,6.3572,0.4854,-16.259,-1.3194,5.2284,-0.5776,1739336936247.205
4134,3409000192,0,6.5645,0.4392,-16.259,-1.2637,5.4361,-0.5642,1739336936257.2065
4135,3576772352,0,6.7948,0.416,-16.3912,-1.2544,5.6167,-0.5373,1739336936267.208
4136,3744544512,0,7.0021,0.3929,-16.3912,-1.2729,5.7793,-0.5172,1739336936277.2095
4137,3912316672,0,7.0252,0.4623,-16.5234,-1.3566,5.8063,-0.4903,1739336936287.211
4138,4080088832,0,6.887,0.5085,-16.5234,-1.4681,5.716,-0.4903,1739336936297.2126
4139,4247860992,0,6.6797,0.5779,-16.5234,-1.5982,5.5445,-0.4769,1739336936307.214
4140,120731392,0,6.5184,0.6934,-16.6556,-1.719,5.3639,-0.4769,1739336936317.2156
4141,288503552,0,6.3342,0.7859,-16.6556,-1.8676,5.2194,-0.4769,1739336936327.217
4142,456275712,0,6.196,0.8552,-16.6556,-1.9791,5.0568,-0.4903,1739336936337.2185
4143,624047872,0,5.9196,0.8784,-16.6556,-2.0535,4.813,-0.5104,1739336936347.22
4144,791820032,0,5.5741,0.9246,-16.92,-2.1278,4.497,-0.5239,1739336936357.2214
4145,959592192,0,5.2746,0.9939,-16.7878,-2.2114,4.1899,-0.5373,1739336936367.2231
4146,1127364352,0,4.9982,1.0633,-16.7878,-2.3136,3.9371,-0.544,1739336936377.2246
4147,1295136512,0,4.6988,1.1326,-16.92,-2.3694,3.7023,-0.544,1739336936387.226
4148,1462908672,0,4.4685,1.1326,-16.92,-2.4437,3.4404,-0.5507,1739336936397.2275
4149,1630680832,0,4.192,1.1558,-16.92,-2.4623,3.1966,-0.5642,1739336936407.229
4150,1798452992,0,3.9617,1.1558,-17.1844,-2.4716,2.9799,-0.5843,1739336936417.2305
4151,1966225152,0,3.8235,1.1326,-17.1844,-2.4344,2.8354,-0.6313,1739336936427.232
4152,2133997312,0,3.7314,1.0864,-17.0522,-2.3415,2.7903,-0.6515,1739336936437.2336
4153,2301769472,0,3.6853,0.9939,-16.92,-2.2486,2.7541,-0.6918,1739336936447.235
4154,2469541632,0,3.5471,0.9939,-17.0522,-2.2114,2.6368,-0.7119,1739336936457.2366
4155,2637313792,0,3.455,1.0171,-17.1844,-2.2207,2.4923,-0.7254,1739336936467.238
4156,2805085952,0,3.4089,0.9477,-17.0522,-2.1464,2.4471,-0.7254,1739336936477.2395
4157,2972858112,0,3.4089,0.9015,-17.0522,-2.0999,2.4291,-0.7119,1739336936487.241
4158,3140630272,0,3.4089,0.8552,-17.0522,-2.0906,2.402,-0.7254,1739336936497.2424
4159,3308402432,0,3.3168,0.8784,-17.0522,-2.1185,2.3117,-0.7254,1739336936507.2441
4160,3476174592,0,3.2707,0.9015,-17.0522,-2.165,2.2123,-0.7052,1739336936517.2456
4161,3643946752,0,3.2246,0.9477,-16.7878,-2.165,2.122,-0.6918,1739336936527.247
4162,3811718912,0,3.0634,1.0171,-16.6556,-2.23,1.9866,-0.6918,1739336936537.2485
4163,3979491072,0,2.9252,1.0402,-16.6556,-2.2858,1.8331,-0.6985,1739336936547.25
4164,4147263232,0,2.7179,1.1326,-16.5234,-2.4066,1.5802,-0.6985,1739336936557.2515
4165,20133632,0,2.4645,1.2251,-16.3912,-2.5274,1.3184,-0.6918,1739336936567.253
4166,187905792,0,2.1881,1.3176,-16.5234,-2.676,1.0294,-0.6851,1739336936577.2546
4167,355677952,0,1.9808,1.4331,-16.3912,-2.8247,0.7946,-0.6784,1739336936587.256
4168,523450112,0,1.7966,1.5256,-16.259,-2.9455,0.5779,-0.6716,1739336936597.2576
4169,691222272,0,1.5202,1.6412,-15.9947,-3.0942,0.2709,-0.6515,1739336936607.259
4170,858994432,0,1.2668,1.7568,-15.8625,-3.2521,-0.0361,-0.6246,1739336936617.2605
4171,1026766592,0,0.9904,1.7568,-15.7303,-3.3172,-0.3612,-0.6045,1739336936627.262
4172,1194538752,0,0.737,1.803,-15.8625,-3.3265,-0.6862,-0.6112,1739336936637.2634
4173,1362310912,0,0.5528,1.9186,-15.5981,-3.4473,-0.9933,-0.5978,1739336936647.2651
4174,1530083072,0,0.3685,2.0342,-15.5981,-3.5774,-1.2732,-0.591,1739336936657.2666
4175,1697855232,0,0.2073,2.1266,-15.4659,-3.6703,-1.526,-0.5709,1739336936667.268
4176,1865627392,0,0.1382,2.1497,-15.2015,-3.7725,-1.6976,-0.5507,1739336936677.2695
4177,2033399552,0,0.0921,2.196,-15.0693,-3.8468,-1.8782,-0.5239,1739336936687.271
4178,2201171712,0,0.1151,2.2191,-14.9372,-3.9304,-1.9866,-0.5037,1739336936697.2725
4179,2368943872,0,0.2994,2.196,-14.805,-3.9676,-1.9956,-0.4769,1739336936707.274
4180,2536716032,0,0.5297,2.2422,-14.6728,-4.0698,-1.9505,-0.4567,1739336936717.2756
4181,2704488192,0,0.737,2.2191,-14.4084,-4.1163,-1.9234,-0.4231,1739336936727.277
4182,2872260352,0,0.8983,2.2191,-14.5406,-4.2092,-1.9053,-0.3895,1739336936737.2786
4183,3040032512,0,1.0365,2.1729,-14.144,-4.2557,-1.9414,-0.3627,1739336936747.28
4184,3207804672,0,1.0595,2.2422,-14.0118,-4.3672,-2.0046,-0.3425,1739336936757.2815
4185,3375576832,0,1.0595,2.3347,-13.8797,-4.4973,-2.122,-0.3022,1739336936767.283
4186,3543348992,0,1.0825,2.404,-13.8797,-4.6088,-2.2033,-0.2686,1739336936777.2847
4187,3711121152,0,1.2668,2.4734,-13.8797,-4.7388,-2.1582,-0.2485,1739336936787.2861
4188,3878893312,0,1.382,2.5196,-13.7475,-4.8225,-2.113,-0.2216,1739336936797.2876
4189,4046665472,0,1.5893,2.5658,-13.4831,-4.8968,-2.0317,-0.1947,1739336936807.289
4190,4214437632,0,1.6814,2.5427,-13.4831,-4.9711,-2.0408,-0.188,1739336936817.2905
4191,87308032,0,1.8196,2.5427,-13.3509,-4.9804,-2.0046,-0.1477,1739336936827.292
4192,255080192,0,1.8426,2.5658,-13.3509,-5.0641,-2.0679,-0.1343,1739336936837.2935
4193,422852352,0,1.8657,2.6814,-13.2187,-5.2127,-2.104,-0.1074,1739336936847.2952
4194,590624512,0,1.8657,2.7739,-13.2187,-5.3149,-2.1401,-0.0806,1739336936857.2966
4195,758396672,0,1.7966,2.8432,-13.0865,-5.4357,-2.2123,-0.0671,1739336936867.298
4196,926168832,0,1.9117,3.005,-13.0865,-5.5844,-2.1311,-0.047,1739336936877.2996
4197,1093940992,0,2.2112,3.1206,-13.0865,-5.761,-1.8692,-0.0134,1739336936887.301
4198,1261713152,0,2.4876,3.1668,-12.9543,-5.8818,-1.5712,0.0268,1739336936897.3025
4199,1429485312,0,2.6488,3.2362,-12.9543,-5.9747,-1.3996,0.0403,1739336936907.304
4200,1597257472,0,2.6949,3.3055,-12.9543,-6.0769,-1.3274,0.0604,1739336936917.3057
4201,1765029632,0,2.764,3.398,-12.69,-6.1884,-1.2461,0.0671,1739336936927.3071
4202,1932801792,0,2.8331,3.4211,-12.69,-6.2441,-1.1378,0.0671,1739336936937.3086
4203,2100573952,0,2.9482,3.4442,-12.69,-6.2813,-1.0294,0.0671,1739336936947.31
4204,2268346112,0,3.0173,3.4674,-12.8222,-6.2906,-0.9842,0.0738,1739336936957.3115
4205,2436118272,0,2.9713,3.4442,-12.8222,-6.2813,-1.0113,0.0738,1739336936967.313
4206,2603890432,0,2.787,3.4905,-12.9543,-6.2999,-1.1648,0.0671,1739336936977.3145
4207,2771662592,0,2.5106,3.5367,-13.0865,-6.3185,-1.3725,0.0537,1739336936987.3162
4208,2939434752,0,2.2572,3.6523,-13.2187,-6.4114,-1.5802,0.0537,1739336936997.3176
4209,3107206912,0,2.096,3.6985,-13.2187,-6.43,-1.7428,0.0604,1739336937007.319
4210,3274979072,0,2.0499,3.6523,-13.3509,-6.4114,-1.7789,0.0537,1739336937017.3206
4211,3442751232,0,2.0269,3.6754,-13.3509,-6.4393,-1.7699,0.0671,1739336937027.322
4212,3610523392,0,1.9348,3.791,-13.4831,-6.5879,-1.8511,0.094,1739336937037.3235
4213,3778295552,0,1.8887,3.8603,-13.6153,-6.6994,-1.9324,0.1074,1739336937047.325
4214,3946067712,0,1.8426,3.9066,-13.6153,-6.7738,-1.9776,0.1343,1739336937057.3267
4215,4113839872,0,1.8887,3.8603,-13.6153,-6.8017,-1.9053,0.1343,1739336937067.3281
4216,4281612032,0,2.0039,3.791,-13.8797,-6.7552,-1.806,0.1343,1739336937077.3296
4217,154482432,0,2.096,3.7447,-13.8797,-6.6994,-1.6796,0.1074,1739336937087.331
4218,322254592,0,2.2572,3.6523,-14.0118,-6.5879,-1.4719,0.0738,1739336937097.3325
4219,490026752,0,2.5336,3.5367,-14.0118,-6.4393,-1.1558,0.047,1739336937107.334
4220,657798912,0,2.8561,3.3749,-13.8797,-6.2534,-0.8127,0.0134,1739336937117.3354
4221,825571072,0,3.0404,3.19,-13.7475,-6.0118,-0.5689,-0.0134,1739336937127.3372
4222,993343232,0,3.1325,3.0282,-13.7475,-5.7981,-0.4153,-0.0604,1739336937137.3386
4223,1161115392,0,3.1555,2.9126,-13.7475,-5.668,-0.325,-0.1007,1739336937147.34
4224,1328887552,0,3.2246,2.9126,-14.0118,-5.603,-0.2076,-0.1477,1739336937157.3416
4225,1496659712,0,3.3398,2.8895,-14.0118,-5.5658,-0.0722,-0.1947,1739336937167.343
4226,1664431872,0,3.4319,2.797,-14.144,-5.4357,0.0541,-0.235,1739336937177.3445
4227,1832204032,0,3.4319,2.7276,-14.144,-5.3057,0.1173,-0.2821,1739336937187.346
4228,1999976192,0,3.4319,2.6121,-14.144,-5.1756,0.1715,-0.3358,1739336937197.3477
4229,2167748352,0,3.3168,2.6352,-14.2762,-5.1198,0.1444,-0.3828,1739336937207.349
4230,2335520512,0,3.0634,2.6814,-14.5406,-5.1663,-0.009,-0.4231,1739336937217.3506
4231,2503292672,0,2.81,2.8663,-14.805,-5.3242,-0.1444,-0.4567,1739336937227.352
4232,2671064832,0,2.6258,2.9588,-15.0693,-5.4079,-0.2438,-0.4701,1739336937237.3535
4233,2838836992,0,2.4415,3.0282,-15.2015,-5.4915,-0.316,-0.4836,1739336937247.355
4234,3006609152,0,2.4876,2.9819,-15.0693,-5.4357,-0.2438,-0.5172,1739336937257.3564
4235,3174381312,0,2.4876,2.9588,-15.0693,-5.38,-0.2076,-0.5843,1739336937267.3582
4236,3342153472,0,2.4415,2.8201,-15.0693,-5.2034,-0.2257,-0.6515,1739336937277.3596
4237,3509925632,0,2.4415,2.7045,-15.2015,-5.0362,-0.2076,-0.7321,1739336937287.361
4238,3677697792,0,2.2572,2.4965,-15.2015,-4.7853,-0.2979,-0.7926,1739336937297.3625
4239,3845469952,0,2.096,2.4503,-15.4659,-4.6273,-0.3973,-0.8396,1739336937307.364
4240,4013242112,0,2.0269,2.3578,-15.4659,-4.5437,-0.3882,-0.8664,1739336937317.3655
4241,4181014272,0,2.0039,2.2653,-15.5981,-4.4229,-0.3702,-0.8866,1739336937327.367
4242,53884672,0,2.0499,2.2422,-15.7303,-4.3672,-0.325,-0.9067,1739336937337.3687
4243,221656832,0,2.096,2.196,-15.8625,-4.3486,-0.2799,-0.9,1739336937347.37
4244,389428992,0,2.096,2.1266,-15.9947,-4.2742,-0.2618,-0.9,1739336937357.3716
4245,557201152,0,2.0269,2.196,-16.1269,-4.3486,-0.307,-0.9,1739336937367.373
4246,724973312,0,1.9808,2.2653,-16.259,-4.4322,-0.3431,-0.8732,1739336937377.3745
4247,892745472,0,2.0269,2.2191,-16.259,-4.4229,-0.3431,-0.8664,1739336937387.376
4248,1060517632,0,2.073,2.0804,-16.259,-4.3114,-0.2889,-0.8732,1739336937397.3774
4249,1228289792,0,2.1881,1.9648,-16.259,-4.1813,-0.2438,-0.8933,1739336937407.3792
4250,1396061952,0,2.119,1.9186,-16.259,-4.107,-0.2799,-0.9,1739336937417.3806
4251,1563834112,0,2.073,1.9186,-16.3912,-4.0698,-0.2979,-0.9,1739336937427.382
4252,1731606272,0,2.096,1.9417,-16.259,-4.0512,-0.2438,-0.8866,1739336937437.3835
4253,1899378432,0,2.1881,1.8492,-16.259,-4.0048,-0.1535,-0.8799,1739336937447.385
4254,2067150592,0,2.2572,1.7568,-16.1269,-3.9026,-0.0722,-0.8799,1739336937457.3865
4255,2234922752,0,2.4185,1.7105,-15.9947,-3.8375,-0.009,-0.8799,1739336937467.3882
4256,2402694912,0,2.5336,1.6412,-15.9947,-3.7632,0.0632,-0.8866,1739336937477.3896
4257,2570467072,0,2.4645,1.6181,-15.9947,-3.661,0.0812,-0.8933,1739336937487.391
4258,2738239232,0,2.4415,1.5718,-16.1269,-3.6145,0.0451,-0.9067,1739336937497.3926
4259,2906011392,0,2.3494,1.5718,-15.9947,-3.6145,-0.009,-0.9067,1739336937507.394
4260,3073783552,0,2.3724,1.5718,-15.9947,-3.6145,-0.018,-0.9067,1739336937517.3955
4261,3241555712,0,2.3724,1.595,-15.8625,-3.6331,-0.027,-0.9,1739336937527.397
4262,3409327872,0,2.3033,1.6412,-15.8625,-3.6981,-0.0903,-0.8933,1739336937537.3987
4263,3577100032,0,2.1651,1.7105,-15.8625,-3.7446,-0.2076,-0.9,1739336937547.4001
4264,3744872192,0,1.9808,1.7799,-15.9947,-3.7911,-0.3521,-0.8933,1739336937557.4016
4265,3912644352,0,1.8657,1.8492,-15.9947,-3.8189,-0.4153,-0.8866,1739336937567.403
4266,4080416512,0,1.8657,1.8955,-15.9947,-3.8189,-0.4153,-0.8799,1739336937577.4045
4267,4248188672,0,1.9348,1.8261,-15.8625,-3.7818,-0.3702,-0.8866,1739336937587.406
4268,121059072,0,1.9348,1.7568,-15.8625,-3.726,-0.3882,-0.9067,1739336937597.4075
4269,288831232,0,1.8196,1.7799,-15.8625,-3.6981,-0.4876,-0.9,1739336937607.4092
4270,456603392,0,1.7735,1.803,-15.7303,-3.7446,-0.5959,-0.9067,1739336937617.4106
4271,624375552,0,1.7044,1.8723,-15.7303,-3.8097,-0.6772,-0.8933,1739336937627.412
4272,792147712,0,1.7044,1.8723,-15.7303,-3.8561,-0.7043,-0.8933,1739336937637.4136
4273,959919872,0,1.6584,1.8955,-15.5981,-3.884,-0.7043,-0.8732,1739336937647.415
4274,1127692032,0,1.6814,1.8955,-15.7303,-3.9026,-0.6862,-0.8732,1739336937657.4165
4275,1295464192,0,1.6584,1.9186,-15.5981,-3.884,-0.6501,-0.8664,1739336937667.418
4276,1463236352,0,1.7044,1.9186,-15.5981,-3.8933,-0.5959,-0.8732,1739336937677.4197
4277,1631008512,0,1.7505,1.9417,-15.5981,-3.9119,-0.5598,-0.8799,1739336937687.4211
4278,1798780672,0,1.8196,1.9417,-15.5981,-3.9304,-0.5237,-0.8933,1739336937697.4226
4279,1966552832,0,1.7966,1.9879,-15.5981,-3.9769,-0.5056,-0.8664,1739336937707.424
4280,2134324992,0,1.8196,2.011,-15.5981,-4.0327,-0.4785,-0.8463,1739336937717.4255
4281,2302097152,0,1.8426,2.0573,-15.4659,-4.0512,-0.4515,-0.8396,1739336937727.427
4282,2469869312,0,1.8657,2.0573,-15.4659,-4.0605,-0.4424,-0.8261,1739336937737.4285
4283,2637641472,0,1.9348,2.0342,-15.3337,-4.0234,-0.3702,-0.8329,1739336937747.4302
4284,2805413632,0,1.9808,1.9879,-15.4659,-3.9955,-0.307,-0.8329,1739336937757.4316
4285,2973185792,0,2.073,1.9186,-15.3337,-3.949,-0.2257,-0.8396,1739336937767.433
4286,3140957952,0,2.119,1.8723,-15.3337,-3.9119,-0.1715,-0.8463,1739336937777.4346
4287,3308730112,0,2.1651,1.8492,-15.3337,-3.8747,-0.1173,-0.853,1739336937787.436
4288,3476502272,0,2.2112,1.803,-15.4659,-3.8561,-0.0903,-0.853,1739336937797.4375
4289,3644274432,0,2.2342,1.803,-15.3337,-3.8654,-0.0541,-0.853,1739336937807.439
4290,3812046592,0,2.2112,1.8492,-15.2015,-3.8654,-0.0451,-0.8463,1739336937817.4407
4291,3979818752,0,2.2342,1.8261,-15.2015,-3.8747,-0.018,-0.8396,1739336937827.4421
4292,4147590912,0,2.3033,1.803,-15.0693,-3.8561,0.0361,-0.8329,1739336937837.4436
4293,20461312,0,2.3724,1.803,-15.0693,-3.8468,0.0812,-0.8261,1739336937847.445
4294,188233472,0,2.3724,1.7799,-15.2015,-3.8375,0.1083,-0.8194,1739336937857.4465
4295,356005632,0,2.3954,1.7568,-15.2015,-3.8189,0.1173,-0.8194,1739336937867.448
4296,523777792,0,2.4185,1.7568,-15.0693,-3.8282,0.1535,-0.806,1739336937877.4495
4297,691549952,0,2.5106,1.7799,-15.0693,-3.8189,0.2347,-0.7858,1739336937887.4512
4298,859322112,0,2.6027,1.803,-15.0693,-3.8282,0.3341,-0.7791,1739336937897.4526
4299,1027094272,0,2.7179,1.803,-15.2015,-3.8375,0.4244,-0.7657,1739336937907.454
4300,1194866432,0,2.81,1.7799,-15.0693,-3.8189,0.5056,-0.759,1739336937917.4556
4301,1362638592,0,2.9022,1.7568,-15.0693,-3.8282,0.5779,-0.759,1739336937927.457
4302,1530410752,0,2.9252,1.7568,-14.9372,-3.8004,0.614,-0.759,1739336937937.4585
4303,1698182912,0,2.9252,1.7337,-14.9372,-3.7911,0.5959,-0.759,1739336937947.46
4304,1865955072,0,2.8561,1.7568,-14.9372,-3.8004,0.5598,-0.7522,1739336937957.4617
4305,2033727232,0,2.8331,1.7799,-14.9372,-3.8189,0.5598,-0.7522,1739336937967.4631
4306,2201499392,0,2.8791,1.7568,-14.9372,-3.8004,0.5959,-0.759,1739336937977.4646
4307,2369271552,0,2.9713,1.7337,-15.0693,-3.7725,0.6953,-0.7522,1739336937987.466
4308,2537043712,0,3.1095,1.6874,-15.0693,-3.726,0.7765,-0.759,1739336937997.4675
4309,2704815872,0,3.1786,1.6643,-14.9372,-3.6889,0.8217,-0.759,1739336938007.469
4310,2872588032,0,3.1555,1.6874,-14.9372,-3.6981,0.8398,-0.7522,1739336938017.4705
4311,3040360192,0,3.1095,1.6874,-14.9372,-3.6889,0.8217,-0.7455,1739336938027.4722
4312,3208132352,0,3.1095,1.6643,-14.9372,-3.7167,0.8036,-0.7455,1739336938037.4736
4313,3375904512,0,3.1786,1.6874,-14.9372,-3.7446,0.8578,-0.7388,1739336938047.475
4314,3543676672,0,3.2477,1.6643,-14.805,-3.7353,0.8939,-0.7388,1739336938057.4766
4315,3711448832,0,3.3168,1.6412,-14.9372,-3.7353,0.921,-0.7254,1739336938067.478
4316,3879220992,0,3.3168,1.6412,-14.805,-3.7074,0.9391,-0.7321,1739336938077.4795
4317,4046993152,0,3.3168,1.6181,-14.6728,-3.6889,0.9571,-0.7321,1739336938087.4812
4318,4214765312,0,3.3168,1.6412,-14.6728,-3.6796,0.9662,-0.7321,1739336938097.4827
4319,87635712,0,3.2246,1.6181,-14.5406,-3.6703,0.9571,-0.7187,1739336938107.4841
4320,255407872,0,3.2016,1.6643,-14.5406,-3.6796,0.9301,-0.7119,1739336938117.4856
4321,423180032,0,3.2246,1.6874,-14.6728,-3.6981,0.9481,-0.6784,1739336938127.487
4322,590952192,0,3.2477,1.6874,-14.5406,-3.7167,0.9933,-0.6784,1739336938137.4885
4323,758724352,0,3.3168,1.7105,-14.5406,-3.6889,1.0294,-0.6784,1739336938147.49
4324,926496512,0,3.3398,1.6643,-14.5406,-3.6331,1.0474,-0.6851,1739336938157.4917
4325,1094268672,0,3.3168,1.6181,-14.4084,-3.5774,1.0836,-0.6985,1739336938167.4932
4326,1262040832,0,3.3859,1.5718,-14.4084,-3.5123,1.1016,-0.7119,1739336938177.4946
4327,1429812992,0,3.3859,1.5487,-14.4084,-3.4844,1.1287,-0.7052,1739336938187.496
4328,1597585152,0,3.3859,1.5025,-14.4084,-3.4473,1.1378,-0.7052,1739336938197.4976
4329,1765357312,0,3.3628,1.5256,-14.2762,-3.4473,1.1378,-0.6918,1739336938207.499
4330,1933129472,0,3.4089,1.5025,-14.2762,-3.4194,1.1558,-0.6784,1739336938217.5005
4331,2100901632,0,3.4089,1.5025,-14.144,-3.4101,1.1739,-0.6784,1739336938227.5022
4332,2268673792,0,3.4319,1.4794,-14.144,-3.3636,1.201,-0.6851,1739336938237.5037
4333,2436445952,0,3.455,1.4563,-14.0118,-3.3358,1.2371,-0.6918,1739336938247.5051
4334,2604218112,0,3.4319,1.4331,-14.0118,-3.3172,1.2371,-0.6985,1739336938257.5066
4335,2771990272,0,3.3398,1.4563,-14.0118,-3.3079,1.201,-0.6985,1739336938267.508
4336,2939762432,0,3.2937,1.4563,-14.0118,-3.2986,1.1558,-0.6985,1739336938277.5095
4337,3107534592,0,3.2016,1.4794,-14.0118,-3.3543,1.1016,-0.6918,1739336938287.511
4338,3275306752,0,3.1325,1.4794,-13.8797,-3.3822,1.0294,-0.6851,1739336938297.5127
4339,3443078912,0,3.0404,1.5256,-13.8797,-3.4008,0.9842,-0.6851,1739336938307.5142
4340,3610851072,0,3.0173,1.5718,-13.7475,-3.4101,0.9481,-0.6716,1739336938317.5156
4341,3778623232,0,3.0404,1.5487,-13.7475,-3.3915,0.9481,-0.6649,1739336938327.517
4342,3946395392,0,3.0864,1.4794,-13.6153,-3.3265,1.0023,-0.6515,1739336938337.5186
4343,4114167552,0,3.1555,1.4563,-13.6153,-3.2893,1.0474,-0.6515,1739336938347.52
4344,4281939712,0,3.1555,1.4331,-13.6153,-3.2707,1.0474,-0.6448,1739336938357.5215
4345,154810112,0,3.1325,1.4563,-13.6153,-3.2893,1.0474,-0.6313,1739336938367.5232
4346,322582272,0,3.1325,1.4563,-13.6153,-3.2707,1.0384,-0.6246,1739336938377.5247
4347,490354432,0,3.2016,1.4331,-13.4831,-3.2243,1.0836,-0.6246,1739336938387.5261
4348,658126592,0,3.2477,1.3407,-13.2187,-3.1313,1.1468,-0.6112,1739336938397.5276
4349,825898752,0,3.2707,1.3407,-13.0865,-3.0756,1.1468,-0.6112,1739336938407.529
4350,993670912,0,3.2477,1.2713,-13.2187,-3.0291,1.1107,-0.5978,1739336938417.5305
4351,1161443072,0,3.1555,1.2713,-13.0865,-3.0384,1.0655,-0.591,1739336938427.532
4352,1329215232,0,3.0864,1.3176,-13.0865,-3.0663,1.0113,-0.5709,1739336938437.5337
4353,1496987392,0,2.9943,1.3638,-13.0865,-3.1035,0.9752,-0.544,1739336938447.5352
4354,1664759552,0,3.0173,1.3869,-12.9543,-3.122,0.9662,-0.5306,1739336938457.5366
4355,1832531712,0,2.9713,1.3638,-12.8222,-3.122,0.9752,-0.5104,1739336938467.538
4356,2000303872,0,2.9943,1.3176,-12.8222,-3.0849,0.9842,-0.5037,1739336938477.5396
4357,2168076032,0,2.9713,1.2713,-12.5578,-3.0384,0.9933,-0.4903,1739336938487.541
4358,2335848192,0,2.9482,1.2482,-12.4256,-2.9827,0.9842,-0.4836,1739336938497.5425
4359,2503620352,0,2.8791,1.2251,-12.2934,-2.9455,0.9301,-0.4701,1739336938507.5442
4360,2671392512,0,2.787,1.2482,-12.1612,-2.9176,0.8849,-0.4366,1739336938517.5457
4361,2839164672,0,2.787,1.2251,-11.8968,-2.899,0.903,-0.4097,1739336938527.547
4362,3006936832,0,2.787,1.202,-12.029,-2.8619,0.9301,-0.3895,1739336938537.5486
4363,3174708992,0,2.8331,1.1558,-11.7647,-2.7968,0.9662,-0.3694,1739336938547.55
4364,3342481152,0,2.81,1.1326,-11.6325,-2.7504,0.9752,-0.3627,1739336938557.5515
4365,3510253312,0,2.787,1.0633,-11.3681,-2.7039,0.9752,-0.3559,1739336938567.553
4366,3678025472,0,2.7179,1.0633,-11.2359,-2.6667,0.9391,-0.3492,1739336938577.5547
4367,3845797632,0,2.6718,1.0402,-10.8393,-2.6389,0.8759,-0.3425,1739336938587.5562
4368,4013569792,0,2.6027,1.0171,-10.7072,-2.6017,0.8307,-0.3224,1739336938597.5576
4369,4181341952,0,2.5797,1.0171,-10.575,-2.5924,0.8036,-0.3089,1739336938607.559
4370,54212352,0,2.5336,0.9477,-10.3106,-2.5459,0.7856,-0.2888,1739336938617.5605
4371,221984512,0,2.4876,0.9708,-9.914,-2.4995,0.7314,-0.2686,1739336938627.562
4372,389756672,0,2.3724,0.9015,-9.5175,-2.453,0.6592,-0.2418,1739336938637.5635
4373,557528832,0,2.2112,0.8784,-9.1209,-2.3787,0.5779,-0.2149,1739336938647.5652
4374,725300992,0,2.096,0.8784,-8.8565,-2.3136,0.4876,-0.1947,1739336938657.5667
4375,893073152,0,1.9348,0.8552,-8.3278,-2.2393,0.4244,-0.1746,1739336938667.568
4376,1060845312,0,1.7966,0.8321,-7.799,-2.1464,0.3792,-0.1477,1739336938677.5696
4377,1228617472,0,1.6584,0.8321,-7.0059,-2.0256,0.3612,-0.1477,1739336938687.571
4378,1396389632,0,1.5662,0.809,-6.345,-1.9048,0.3612,-0.141,1739336938697.5725
4379,1564161792,0,1.4511,0.7859,-5.684,-1.7561,0.3792,-0.141,1739336938707.574
4380,1731933952,0,1.382,0.6934,-5.1553,-1.5703,0.4153,-0.1544,1739336938717.5757
4381,1899706112,0,1.2668,0.5547,-4.4943,-1.338,0.4063,-0.1477,1739336938727.5771
4382,2067478272,0,1.1977,0.3929,-3.8334,-1.0778,0.4153,-0.1477,1739336938737.5786
4383,2235250432,0,1.1286,0.208,-3.0403,-0.7991,0.4424,-0.1343,1739336938747.58
4384,2403022592,0,1.1516,0.0924,-2.3793,-0.5482,0.4966,-0.1074,1739336938757.5815
4385,2570794752,0,1.1286,0.0,-1.8506,-0.3623,0.5418,-0.0806,1739336938767.583
4386,2738566912,0,1.0595,-0.1155,-1.3218,-0.1951,0.5508,-0.047,1739336938777.5847
4387,2906339072,0,1.0365,-0.2311,-0.9253,0.0,0.5689,0.0201,1739336938787.5862
4388,3074111232,0,1.0134,-0.3929,-0.3965,0.1858,0.5959,0.0873,1739336938797.5876
4389,3241883392,0,1.1516,-0.5085,0.1321,0.353,0.8036,0.1074,1739336938807.589
4390,3409655552,0,1.1286,-0.5547,0.5287,0.4181,0.8488,0.1343,1739336938817.5906
4391,3577427712,0,0.8983,-0.3929,0.6609,0.2601,0.7675,0.141,1739336938827.592
4392,3745199872,0,0.9213,-0.3005,0.7931,0.1672,0.8307,0.1276,1739336938837.5935
4393,3912972032,0,0.8752,-0.2773,0.9253,0.1022,0.8488,0.1074,1739336938847.5952
4394,4080744192,0,0.8983,-0.2773,1.0575,0.0557,0.903,0.1141,1739336938857.5967
4395,4248516352,0,0.714,-0.1618,0.6609,-0.0557,0.6592,0.0671,1739336938867.5981
4396,121386752,0,0.4606,-0.0231,0.0,-0.1207,0.3702,0.0134,1739336938877.5996
4397,289158912,0,0.3685,0.0231,-0.3965,-0.1486,0.2618,0.0,1739336938887.601
4398,456931072,0,0.3224,0.0462,-0.5287,-0.1579,0.1986,-0.0201,1739336938897.6025
4399,624703232,0,0.2764,0.0693,-0.5287,-0.1579,0.1715,-0.0201,1739336938907.604
4400,792475392,0,0.2533,0.0693,-0.6609,-0.1486,0.1625,-0.0268,1739336938917.6057
4401,960247552,0,0.2764,0.0462,-0.5287,-0.1486,0.1535,-0.0268,1739336938927.6072
4402,1128019712,0,0.2533,0.0462,-0.6609,-0.1579,0.1444,-0.0268,1739336938937.6086
4403,1295791872,0,0.2764,0.0693,-0.5287,-0.1672,0.1444,-0.0268,1739336938947.61
4404,1463564032,0,0.2764,0.0693,-0.6609,-0.1579,0.1444,-0.0268,1739336938957.6116
4405,1631336192,0,0.2764,0.0693,-0.5287,-0.1486,0.1535,-0.0268,1739336938967.613
4406,1799108352,0,0.2533,0.0462,-0.6609,-0.1393,0.1354,-0.0268,1739336938977.6145
4407,1966880512,0,0.2533,0.0462,-0.5287,-0.1486,0.1354,-0.0268,1739336938987.6162
4408,2134652672,0,0.2533,0.0693,-0.6609,-0.1393,0.1354,-0.0268,1739336938997.6177
4409,2302424832,0,0.2533,0.0462,-0.5287,-0.1486,0.1354,-0.0268,1739336939007.6191
4410,2470196992,0,0.2533,0.0462,-0.5287,-0.1486,0.1354,-0.0268,1739336939017.6206
4411,2637969152,0,0.2533,0.0693,-0.5287,-0.1486,0.1264,-0.0268,1739336939027.622
4412,2805741312,0,0.2303,0.0693,-0.5287,-0.1393,0.1173,-0.0268,1739336939037.6235
4413,2973513472,0,0.2764,0.0693,-0.5287,-0.1393,0.1264,-0.0335,1739336939047.625
4414,3141285632,0,0.2533,0.0462,-0.5287,-0.1393,0.1264,-0.0268,1739336939057.6267
4415,3309057792,0,0.2533,0.0462,-0.5287,-0.1393,0.1264,-0.0268,1739336939067.6282
4416,3476829952,0,0.2533,0.0462,-0.5287,-0.13,0.1173,-0.0268,1739336939077.6296
4417,3644602112,0,0.2303,0.0693,-0.5287,-0.1393,0.1354,-0.0201,1739336939087.631
4418,3812374272,0,0.2533,0.0462,-0.3965,-0.13,0.1264,-0.0201,1739336939097.6326
4419,3980146432,0,0.2073,0.0462,-0.5287,-0.1207,0.1264,-0.0201,1739336939107.634
4420,4147918592,0,0.2533,0.0231,-0.5287,-0.13,0.1173,-0.0201,1739336939117.6355
4421,20788992,0,0.2303,0.0462,-0.3965,-0.1207,0.1173,-0.0134,1739336939127.6372
4422,188561152,0,0.2303,0.0462,-0.3965,-0.13,0.1264,-0.0067,1739336939137.6387
4423,356333312,0,0.2303,0.0462,-0.3965,-0.13,0.1173,-0.0201,1739336939147.6401
4424,524105472,0,0.2303,0.0462,-0.5287,-0.13,0.1083,-0.0201,1739336939157.6416
4425,691877632,0,0.2073,0.0462,-0.3965,-0.1207,0.1264,-0.0201,1739336939167.643
4426,859649792,0,0.2303,0.0462,-0.3965,-0.1207,0.1173,-0.0268,1739336939177.6445
4427,1027421952,0,0.2073,0.0462,-0.3965,-0.1115,0.1083,-0.0201,1739336939187.646
4428,1195194112,0,0.2303,0.0462,-0.3965,-0.1207,0.1173,-0.0201,1739336939197.6477
4429,1362966272,0,0.2073,0.0462,-0.3965,-0.1207,0.1173,-0.0201,1739336939207.6492
4430,1530738432,0,0.2303,0.0462,-0.5287,-0.13,0.1083,-0.0134,1739336939217.6506
4431,1698510592,0,0.2303,0.0462,-0.3965,-0.1207,0.1173,-0.0201,1739336939227.652
4432,1866282752,0,0.2073,0.0462,-0.3965,-0.1207,0.1173,-0.0201,1739336939237.6536
4433,2034054912,0,0.2303,0.0462,-0.2643,-0.1022,0.1083,-0.0268,1739336939247.655
4434,2201827072,0,0.2303,0.0693,-0.3965,-0.1207,0.1083,-0.0335,1739336939257.6565
4435,2369599232,0,0.2073,0.0462,-0.3965,-0.1207,0.1083,-0.0268,1739336939267.6582
4436,2537371392,0,0.2303,0.0462,-0.5287,-0.1207,0.1083,-0.0201,1739336939277.6597
4437,2705143552,0,0.2303,0.0462,-0.3965,-0.1115,0.1083,-0.0201,1739336939287.6611
4438,2872915712,0,0.1842,0.0462,-0.5287,-0.1207,0.1083,-0.0201,1739336939297.6626
4439,3040687872,0,0.2073,0.0231,-0.3965,-0.1022,0.1083,-0.0134,1739336939307.664
4440,3208460032,0,0.2073,0.0462,-0.3965,-0.1022,0.1083,-0.0201,1739336939317.6655
4441,3376232192,0,0.2073,0.0462,-0.3965,-0.1022,0.1083,-0.0201,1739336939327.667
4442,3544004352,0,0.2073,0.0231,-0.5287,-0.1115,0.1083,-0.0134,1739336939337.6687
4443,3711776512,0,0.2073,0.0462,-0.3965,-0.1022,0.1083,-0.0134,1739336939347.6702
4444,3879548672,0,0.2073,0.0462,-0.3965,-0.1022,0.1083,-0.0134,1739336939357.6716
4445,4047320832,0,0.2303,0.0462,-0.5287,-0.0929,0.1083,-0.0201,1739336939367.673
4446,4215092992,0,0.2073,0.0462,-0.3965,-0.1022,0.1083,-0.0134,1739336939377.6746
4447,87963392,0,0.2073,0.0231,-0.5287,-0.0929,0.1083,-0.0201,1739336939387.676
4448,255735552,0,0.2073,0.0462,-0.3965,-0.1022,0.1083,-0.0201,1739336939397.6777
4449,423507712,0,0.2073,0.0462,-0.3965,-0.1022,0.1173,-0.0268,1739336939407.6792
4450,591279872,0,0.2073,0.0231,-0.5287,-0.1022,0.1173,-0.0201,1739336939417.6807
4451,759052032,0,0.1842,0.0462,-0.3965,-0.1022,0.1173,-0.0201,1739336939427.6821
4452,926824192,0,0.2073,0.0231,-0.3965,-0.1022,0.1083,-0.0201,1739336939437.6836
4453,1094596352,0,0.2303,0.0231,-0.3965,-0.1022,0.1173,-0.0134,1739336939447.685
4454,1262368512,0,0.2073,0.0231,-0.3965,-0.1022,0.1083,-0.0201,1739336939457.6865
4455,1430140672,0,0.1842,0.0462,-0.3965,-0.1022,0.1083,-0.0201,1739336939467.6882
4456,1597912832,0,0.1842,0.0231,-0.3965,-0.1022,0.1083,-0.0201,1739336939477.6897
4457,1765684992,0,0.2073,0.0231,-0.3965,-0.1022,0.1173,-0.0201,1739336939487.6912
4458,1933457152,0,0.2073,0.0462,-0.3965,-0.1022,0.1083,-0.0201,1739336939497.6926
4459,2101229312,0,0.1842,0.0462,-0.3965,-0.1022,0.1173,-0.0134,1739336939507.694
4460,2269001472,0,0.2073,0.0231,-0.3965,-0.1022,0.1083,-0.0201,1739336939517.6956
4461,2436773632,0,0.1842,0.0231,-0.3965,-0.1022,0.1173,-0.0134,1739336939527.697
4462,2604545792,0,0.2073,0.0231,-0.2643,-0.0929,0.1083,-0.0268,1739336939537.6987
4463,2772317952,0,0.2073,0.0231,-0.3965,-0.1022,0.1083,-0.0201,1739336939547.7002
4464,2940090112,0,0.1842,0.0231,-0.3965,-0.1022,0.1173,-0.0134,1739336939557.7017
4465,3107862272,0,0.2073,0.0231,-0.3965,-0.1022,0.1173,-0.0201,1739336939567.7031
4466,3275634432,0,0.2073,0.0462,-0.2643,-0.0929,0.0993,-0.0201,1739336939577.7046
4467,3443406592,0,0.1842,0.0231,-0.3965,-0.1022,0.1173,-0.0201,1739336939587.706
4468,3611178752,0,0.2073,0.0231,-0.3965,-0.1022,0.1173,-0.0201,1739336939597.7075
4469,3778950912,0,0.1842,0.0462,-0.3965,-0.0929,0.1173,-0.0268,1739336939607.7092
4470,3946723072,0,0.1842,0.0231,-0.2643,-0.0929,0.1083,-0.0268,1739336939617.7107
4471,4114495232,0,0.1612,0.0462,-0.1321,-0.0929,0.1083,-0.0268,1739336939627.7122
4472,4282267392,0,0.1842,0.0231,-0.3965,-0.0929,0.1083,-0.0201,1739336939637.7136
4473,155137792,0,0.1842,0.0693,-0.2643,-0.0929,0.1083,-0.0201,1739336939647.715
4474,322909952,0,0.1842,0.0462,-0.3965,-0.0929,0.1083,-0.0201,1739336939657.7166
4475,490682112,0,0.1612,0.0693,-0.2643,-0.0929,0.1083,-0.0134,1739336939667.718
4476,658454272,0,0.1382,0.0693,-0.2643,-0.0929,0.1083,-0.0134,1739336939677.7197
4477,826226432,0,0.1612,0.0462,-0.2643,-0.0929,0.1083,-0.0134,1739336939687.7212
4478,993998592,0,0.1612,0.0693,-0.2643,-0.0929,0.1083,-0.0201,1739336939697.7227
4479,1161770752,0,0.1612,0.0693,-0.2643,-0.0929,0.1083,-0.0134,1739336939707.724
4480,1329542912,0,0.1842,0.0231,-0.3965,-0.0836,0.0993,-0.0134,1739336939717.7256
4481,1497315072,0,0.1842,0.0231,-0.3965,-0.0836,0.0993,-0.0134,1739336939727.727
4482,1665087232,0,0.1842,0.0462,-0.3965,-0.0929,0.1083,-0.0134,1739336939737.7285
4483,1832859392,0,0.1842,0.0462,-0.3965,-0.0836,0.1083,-0.0134,1739336939747.7302
4484,2000631552,0,0.1842,0.0462,-0.3965,-0.0836,0.1083,-0.0134,1739336939757.7317
4485,2168403712,0,0.1612,0.0693,-0.2643,-0.0929,0.0993,-0.0134,1739336939767.7332
4486,2336175872,0,0.1612,0.0462,-0.2643,-0.0929,0.0993,-0.0134,1739336939777.7346
4487,2503948032,0,0.1612,0.0462,-0.1321,-0.0929,0.0993,-0.0201,1739336939787.736
4488,2671720192,0,0.1612,0.0462,-0.1321,-0.0929,0.0993,-0.0201,1739336939797.7375
4489,2839492352,0,0.1612,0.0462,-0.1321,-0.0929,0.0993,-0.0201,1739336939807.739
4490,3007264512,0,0.2073,0.0,-0.3965,-0.0836,0.1083,-0.0201,1739336939817.7407
4491,3175036672,0,0.1842,0.0231,-0.3965,-0.0836,0.1083,-0.0201,1739336939827.7422
4492,3342808832,0,0.1612,0.0462,-0.2643,-0.0836,0.0993,-0.0134,1739336939837.7437
4493,3510580992,0,0.1842,0.0462,-0.1321,-0.0836,0.0993,-0.0201,1739336939847.745
4494,3678353152,0,0.1842,0.0462,-0.1321,-0.0929,0.0993,-0.0201,1739336939857.7466
4495,3846125312,0,0.1842,0.0462,-0.2643,-0.0836,0.1083,-0.0134,1739336939867.748
4496,4013897472,0,0.1842,0.0462,-0.1321,-0.0929,0.0993,-0.0201,1739336939877.7495
4497,4181669632,0,0.1842,0.0462,-0.1321,-0.0929,0.0993,-0.0201,1739336939887.7512
4498,54540032,0,0.1842,0.0231,-0.2643,-0.0836,0.0903,-0.0201,1739336939897.7527
4499,222312192,0,0.1842,0.0231,-0.2643,-0.0836,0.0903,-0.0201,1739336939907.7542
4500,390084352,0,0.1612,0.0231,-0.3965,-0.0836,0.0993,-0.0134,1739336939917.7556
4501,557856512,0,0.1842,0.0231,-0.2643,-0.0836,0.0903,-0.0134,1739336939927.757
4502,725628672,0,0.1612,0.0693,-0.2643,-0.0743,0.0993,-0.0201,1739336939937.7585
4503,893400832,0,0.1612,0.0231,-0.2643,-0.0836,0.0993,-0.0134,1739336939947.76
4504,1061172992,0,0.1842,0.0231,-0.3965,-0.0836,0.1083,-0.0201,1739336939957.7617
4505,1228945152,0,0.1612,0.0462,-0.2643,-0.0836,0.0993,-0.0134,1739336939967.7632
4506,1396717312,0,0.1612,0.0462,-0.2643,-0.0743,0.0993,-0.0201,1739336939977.7646
4507,1564489472,0,0.1612,0.0,-0.3965,-0.0743,0.1083,-0.0134,1739336939987.766
4508,1732261632,0,0.1842,0.0462,-0.1321,-0.0836,0.0993,-0.0201,1739336939997.7676
4509,1900033792,0,0.1612,0.0462,-0.1321,-0.0836,0.0993,-0.0201,1739336940007.769
4510,2067805952,0,0.1612,0.0231,-0.1321,-0.0836,0.0993,-0.0201,1739336940017.7705
4511,2235578112,0,0.1842,0.0462,-0.1321,-0.0743,0.1083,-0.0268,1739336940027.7722
4512,2403350272,0,0.1612,0.0462,-0.2643,-0.0836,0.0993,-0.0134,1739336940037.7737
4513,2571122432,0,0.1842,0.0231,-0.1321,-0.0836,0.0993,-0.0201,1739336940047.7751
4514,2738894592,0,0.1842,0.0,-0.3965,-0.0836,0.1083,-0.0134,1739336940057.7766
4515,2906666752,0,0.1842,0.0231,-0.1321,-0.0836,0.0993,-0.0268,1739336940067.778
4516,3074438912,0,0.1612,0.0462,-0.1321,-0.0836,0.0993,-0.0268,1739336940077.7795
4517,3242211072,0,0.1842,0.0462,-0.2643,-0.0743,0.0903,-0.0201,1739336940087.7812
4518,3409983232,0,0.1612,0.0462,-0.2643,-0.0836,0.0993,-0.0134,1739336940097.7827
4519,3577755392,0,0.1382,0.0462,-0.1321,-0.0836,0.0993,-0.0201,1739336940107.7842
4520,3745527552,0,0.1382,0.0462,-0.1321,-0.0836,0.0993,-0.0201,1739336940117.7856
4521,3913299712,0,0.1612,0.0231,-0.2643,-0.0929,0.0993,-0.0134,1739336940127.787
4522,4081071872,0,0.1842,0.0231,-0.1321,-0.0836,0.0993,-0.0201,1739336940137.7886
4523,4248844032,0,0.1842,0.0462,-0.2643,-0.0743,0.0993,-0.0201,1739336940147.79
4524,121714432,0,0.1612,0.0231,-0.1321,-0.0836,0.0993,-0.0201,1739336940157.7917
4525,289486592,0,0.1612,0.0462,-0.1321,-0.0743,0.1083,-0.0268,1739336940167.7932
4526,457258752,0,0.1612,0.0462,-0.1321,-0.0836,0.0993,-0.0201,1739336940177.7947
4527,625030912,0,0.1612,0.0462,-0.3965,-0.0743,0.0993,-0.0134,1739336940187.7961
4528,792803072,0,0.1612,0.0462,-0.1321,-0.0836,0.0993,-0.0201,1739336940197.7976
4529,960575232,0,0.1382,0.0693,-0.2643,-0.0836,0.0993,-0.0134,1739336940207.799
4530,1128347392,0,0.1382,0.0462,-0.2643,-0.0836,0.0993,-0.0134,1739336940217.8005
4531,1296119552,0,0.1382,0.0693,-0.1321,-0.0743,0.0903,-0.0201,1739336940227.8022
4532,1463891712,0,0.1151,0.0462,-0.2643,-0.0743,0.0903,-0.0067,1739336940237.8037
4533,1631663872,0,0.1612,0.0462,-0.2643,-0.0836,0.0993,-0.0134,1739336940247.8052
4534,1799436032,0,0.1842,0.0462,-0.2643,-0.0743,0.0993,-0.0201,1739336940257.8066
4535,1967208192,0,0.1612,0.0462,-0.2643,-0.0743,0.0993,-0.0201,1739336940267.808
4536,2134980352,0,0.1382,0.0462,-0.2643,-0.0836,0.0993,-0.0067,1739336940277.8096
4537,2302752512,0,0.1612,0.0462,-0.2643,-0.0836,0.0993,-0.0134,1739336940287.811
4538,2470524672,0,0.1382,0.0693,-0.2643,-0.0836,0.0993,-0.0134,1739336940297.8127
4539,2638296832,0,0.1382,0.0231,-0.2643,-0.065,0.0993,-0.0134,1739336940307.8142
4540,2806068992,0,0.1382,0.0462,-0.1321,-0.065,0.0993,-0.0201,1739336940317.8157
4541,2973841152,0,0.1382,0.0462,-0.1321,-0.065,0.0993,-0.0201,1739336940327.8171
4542,3141613312,0,0.1151,0.0693,-0.1321,-0.0743,0.0903,-0.0134,1739336940337.8186
4543,3309385472,0,0.1612,0.0462,-0.1321,-0.065,0.0993,-0.0201,1739336940347.82
4544,3477157632,0,0.1382,0.0462,-0.1321,-0.0743,0.0903,-0.0134,1739336940357.8215
4545,3644929792,0,0.1382,0.0231,-0.2643,-0.0557,0.0993,-0.0067,1739336940367.8232
4546,3812701952,0,0.1612,0.0231,-0.1321,-0.0743,0.0903,-0.0268,1739336940377.8247
4547,3980474112,0,0.1612,0.0231,-0.1321,-0.065,0.0903,-0.0201,1739336940387.8262
4548,4148246272,0,0.1382,0.0462,-0.1321,-0.0743,0.0903,-0.0134,1739336940397.8276
4549,21116672,0,0.1382,0.0462,-0.2643,-0.0743,0.0903,-0.0067,1739336940407.829
4550,188888832,0,0.1612,0.0462,-0.1321,-0.0743,0.0903,-0.0134,1739336940417.8306
4551,356660992,0,0.1612,0.0231,-0.1321,-0.0743,0.0903,-0.0201,1739336940427.832
4552,524433152,0,0.1612,0.0462,-0.1321,-0.0743,0.0903,-0.0201,1739336940437.8337
4553,692205312,0,0.1842,0.0462,-0.1321,-0.065,0.0993,-0.0335,1739336940447.8352
4554,859977472,0,0.1382,0.0462,-0.1321,-0.0743,0.0903,-0.0201,1739336940457.8367
4555,1027749632,0,0.1382,0.0462,-0.1321,-0.0743,0.0903,-0.0134,1739336940467.8381
4556,1195521792,0,0.1382,0.0462,-0.2643,-0.065,0.0903,-0.0067,1739336940477.8396
4557,1363293952,0,0.1612,0.0231,-0.1321,-0.065,0.0993,-0.0201,1739336940487.841
4558,1531066112,0,0.1842,0.0462,-0.1321,-0.065,0.0903,-0.0201,1739336940497.8425
4559,1698838272,0,0.1382,0.0462,-0.1321,-0.0743,0.0903,-0.0201,1739336940507.8442
4560,1866610432,0,0.1612,0.0462,-0.1321,-0.0743,0.0903,-0.0201,1739336940517.8457
4561,2034382592,0,0.1382,0.0462,-0.1321,-0.0743,0.0903,-0.0134,1739336940527.8472
4562,2202154752,0,0.1842,0.0,-0.3965,-0.0743,0.0993,-0.0134,1739336940537.8486
4563,2369926912,0,0.1382,0.0462,-0.1321,-0.0743,0.0903,-0.0268,1739336940547.85
4564,2537699072,0,0.1612,0.0462,-0.1321,-0.065,0.0903,-0.0201,1739336940557.8516
4565,2705471232,0,0.1382,0.0462,-0.2643,-0.065,0.0993,-0.0134,1739336940567.853
4566,2873243392,0,0.1612,0.0231,-0.1321,-0.065,0.0993,-0.0201,1739336940577.8547
4567,3041015552,0,0.1612,0.0462,-0.1321,-0.0743,0.0812,-0.0201,1739336940587.8562
4568,3208787712,0,0.1382,0.0462,-0.1321,-0.0743,0.0903,-0.0201,1739336940597.8577
4569,3376559872,0,0.1151,0.0462,0.0,-0.065,0.0903,-0.0134,1739336940607.8591
4570,3544332032,0,0.1151,0.0462,0.0,-0.065,0.0903,-0.0134,1739336940617.8606
4571,3712104192,0,0.1382,0.0462,0.0,-0.065,0.0903,-0.0134,1739336940627.862
4572,3879876352,0,0.1151,0.0231,-0.1321,-0.065,0.0903,-0.0134,1739336940637.8635
4573,4047648512,0,0.1151,0.0462,-0.2643,-0.0557,0.0993,-0.0134,1739336940647.8652
4574,4215420672,0,0.1151,0.0462,-0.1321,-0.065,0.0993,-0.0201,1739336940657.8667
4575,88291072,0,0.1382,0.0231,-0.1321,-0.065,0.0993,-0.0201,1739336940667.8682
4576,256063232,0,0.1151,0.0462,-0.2643,-0.065,0.0993,-0.0134,1739336940677.8696
4577,423835392,0,0.1382,0.0462,-0.2643,-0.065,0.0993,-0.0134,1739336940687.871
4578,591607552,0,0.1612,0.0231,-0.1321,-0.065,0.0903,-0.0134,1739336940697.8726
4579,759379712,0,0.1151,0.0462,-0.1321,-0.0557,0.0993,-0.0201,1739336940707.8743
4580,927151872,0,0.1151,0.0462,-0.1321,-0.065,0.0903,-0.0201,1739336940717.8757
4581,1094924032,0,0.1382,0.0462,-0.2643,-0.065,0.0903,-0.0067,1739336940727.8772
4582,1262696192,0,0.1382,0.0462,-0.1321,-0.065,0.0903,-0.0134,1739336940737.8787
4583,1430468352,0,0.1151,0.0231,-0.2643,-0.065,0.0993,-0.0134,1739336940747.8801
4584,1598240512,0,0.1382,0.0462,-0.2643,-0.065,0.0903,-0.0067,1739336940757.8816
4585,1766012672,0,0.1382,0.0462,-0.1321,-0.0557,0.0903,-0.0201,1739336940767.883
4586,1933784832,0,0.1382,0.0462,-0.1321,-0.065,0.0903,-0.0201,1739336940777.8848
4587,2101556992,0,0.1151,0.0231,-0.1321,-0.065,0.0903,-0.0134,1739336940787.8862
4588,2269329152,0,0.1151,0.0462,-0.1321,-0.065,0.0903,-0.0134,1739336940797.8877
4589,2437101312,0,0.1151,0.0462,-0.1321,-0.0557,0.0993,-0.0201,1739336940807.8892
4590,2604873472,0,0.1382,0.0462,-0.2643,-0.065,0.0903,-0.0067,1739336940817.8906
4591,2772645632,0,0.1382,0.0231,-0.2643,-0.065,0.0903,-0.0067,1739336940827.892
4592,2940417792,0,0.1382,0.0231,-0.1321,-0.065,0.0903,-0.0134,1739336940837.8936
4593,3108189952,0,0.1612,0.0231,-0.1321,-0.065,0.0903,-0.0201,1739336940847.8953
4594,3275962112,0,0.1382,0.0462,-0.1321,-0.065,0.0903,-0.0134,1739336940857.8967
4595,3443734272,0,0.1612,0.0462,-0.2643,-0.065,0.0812,-0.0201,1739336940867.8982
4596,3611506432,0,0.1382,0.0462,-0.1321,-0.065,0.0812,-0.0201,1739336940877.8997
4597,3779278592,0,0.1151,0.0462,-0.1321,-0.065,0.0903,-0.0134,1739336940887.9011
4598,3947050752,0,0.1382,0.0462,-0.1321,-0.065,0.0903,-0.0134,1739336940897.9026
4599,4114822912,0,0.1382,0.0462,-0.1321,-0.065,0.0903,-0.0201,1739336940907.904
4600,4282595072,0,0.1612,0.0462,-0.2643,-0.0557,0.0903,-0.0201,1739336940917.9058
4601,155465472,0,0.0921,0.0231,-0.2643,-0.065,0.0903,-0.0067,1739336940927.9072
4602,323237632,0,0.1612,0.0231,-0.2643,-0.0557,0.0812,-0.0134,1739336940937.9087
4603,491009792,0,0.1612,0.0231,-0.3965,-0.065,0.0993,-0.0134,1739336940947.9102
4604,658781952,0,0.1382,0.0462,-0.2643,-0.065,0.0903,-0.0134,1739336940957.9116
4605,826554112,0,0.1151,0.0231,-0.1321,-0.065,0.0903,-0.0134,1739336940967.913
4606,994326272,0,0.1151,0.0462,-0.1321,-0.065,0.0903,-0.0134,1739336940977.9146
4607,1162098432,0,0.1151,0.0231,-0.2643,-0.0557,0.0812,0.0,1739336940987.9163
4608,1329870592,0,0.1151,0.0462,-0.1321,-0.065,0.0903,-0.0134,1739336940997.9177
4609,1497642752,0,0.1151,0.0462,-0.1321,-0.065,0.0903,-0.0201,1739336941007.9192
4610,1665414912,0,0.1382,0.0462,-0.2643,-0.065,0.0722,-0.0134,1739336941017.9207
4611,1833187072,0,0.1382,0.0462,-0.2643,-0.0557,0.0812,-0.0134,1739336941027.922
4612,2000959232,0,0.1612,0.0231,-0.2643,-0.0557,0.0812,-0.0134,1739336941037.9236
4613,2168731392,0,0.2073,0.0231,-0.2643,-0.0557,0.0812,-0.0268,1739336941047.925
4614,2336503552,0,0.1612,0.0231,-0.3965,-0.0743,0.0812,-0.0134,1739336941057.9268
4615,2504275712,0,0.1612,0.0462,-0.2643,-0.0557,0.0812,-0.0134,1739336941067.9282
4616,2672047872,0,0.1612,0.0231,-0.2643,-0.0464,0.0812,-0.0067,1739336941077.9297
4617,2839820032,0,0.1842,0.0231,-0.3965,-0.0743,0.0812,-0.0201,1739336941087.9312
4618,3007592192,0,0.1612,0.0231,-0.2643,-0.0557,0.0812,-0.0201,1739336941097.9326
4619,3175364352,0,0.1612,0.0462,-0.2643,-0.0557,0.0812,-0.0134,1739336941107.934
4620,3343136512,0,0.1842,0.0,-0.2643,-0.0743,0.0903,-0.0134,1739336941117.9355
4621,3510908672,0,0.1382,0.0231,-0.2643,-0.0557,0.0812,-0.0134,1739336941127.9373
4622,3678680832,0,0.1382,0.0462,-0.1321,-0.065,0.0722,-0.0201,1739336941137.9387
4623,3846452992,0,0.1382,0.0462,-0.2643,-0.065,0.0812,-0.0067,1739336941147.9402
4624,4014225152,0,0.1382,0.0462,-0.1321,-0.065,0.0722,-0.0134,1739336941157.9417
4625,4181997312,0,0.1382,0.0462,-0.1321,-0.065,0.0722,-0.0134,1739336941167.943
4626,54867712,0,0.1382,0.0462,-0.1321,-0.065,0.0812,-0.0201,1739336941177.9446
4627,222639872,0,0.1382,0.0462,-0.1321,-0.065,0.0722,-0.0201,1739336941187.946
4628,390412032,0,0.1151,0.0462,-0.1321,-0.065,0.0722,-0.0134,1739336941197.9478
4629,558184192,0,0.1151,0.0231,-0.1321,-0.065,0.0812,-0.0134,1739336941207.9492
4630,725956352,0,0.1382,0.0231,-0.1321,-0.065,0.0722,-0.0201,1739336941217.9507
4631,893728512,0,0.1612,0.0462,-0.2643,-0.0557,0.0812,-0.0201,1739336941227.9521
4632,1061500672,0,0.1612,0.0231,-0.2643,-0.065,0.0812,-0.0134,1739336941237.9536
4633,1229272832,0,0.1382,0.0462,-0.2643,-0.065,0.0903,-0.0067,1739336941247.955
4634,1397044992,0,0.1612,0.0462,-0.2643,-0.065,0.0812,-0.0134,1739336941257.9565
4635,1564817152,0,0.1382,0.0231,-0.1321,-0.065,0.0722,-0.0134,1739336941267.9583
4636,1732589312,0,0.1612,0.0231,-0.1321,-0.065,0.0812,-0.0134,1739336941277.9597
4637,1900361472,0,0.1382,0.0231,-0.1321,-0.065,0.0722,-0.0201,1739336941287.9612
4638,2068133632,0,0.1151,0.0231,-0.1321,-0.065,0.0722,-0.0067,1739336941297.9626
4639,2235905792,0,0.1382,0.0231,-0.1321,-0.065,0.0722,-0.0067,1739336941307.964
4640,2403677952,0,0.1151,0.0231,-0.1321,-0.065,0.0812,-0.0134,1739336941317.9656
4641,2571450112,0,0.1382,0.0462,-0.1321,-0.065,0.0722,-0.0201,1739336941327.967
4642,2739222272,0,0.1151,0.0462,-0.1321,-0.065,0.0722,-0.0134,1739336941337.9688
4643,2906994432,0,0.1382,0.0462,-0.1321,-0.065,0.0722,-0.0067,1739336941347.9702
4644,3074766592,0,0.1382,0.0462,-0.2643,-0.0743,0.0722,-0.0067,1739336941357.9717
4645,3242538752,0,0.1151,0.0231,-0.1321,-0.065,0.0722,-0.0067,1739336941367.9731
4646,3410310912,0,0.1382,0.0231,-0.1321,-0.065,0.0722,-0.0268,1739336941377.9746
4647,3578083072,0,0.1382,0.0231,-0.1321,-0.065,0.0722,-0.0134,1739336941387.976
4648,3745855232,0,0.1612,0.0231,-0.2643,-0.065,0.0812,-0.0134,1739336941397.9778
4649,3913627392,0,0.1151,0.0462,-0.1321,-0.065,0.0722,-0.0134,1739336941407.9792
4650,4081399552,0,0.1151,0.0231,-0.1321,-0.065,0.0722,-0.0067,1739336941417.9807
4651,4249171712,0,0.1382,0.0231,-0.1321,-0.065,0.0722,-0.0134,1739336941427.9822
4652,122042112,0,0.1151,0.0231,-0.1321,-0.065,0.0722,-0.0201,1739336941437.9836
4653,289814272,0,0.1612,0.0231,-0.2643,-0.0557,0.0722,-0.0134,1739336941447.985
4654,457586432,0,0.1612,0.0231,-0.2643,-0.065,0.0812,-0.0134,1739336941457.9866
4655,625358592,0,0.1382,0.0231,-0.2643,-0.0557,0.0722,-0.0134,1739336941467.9883
4656,793130752,0,0.1151,0.0231,-0.1321,-0.065,0.0722,-0.0134,1739336941477.9897
4657,960902912,0,0.1382,0.0231,-0.2643,-0.065,0.0632,-0.0134,1739336941487.9912
4658,1128675072,0,0.1382,0.0231,-0.1321,-0.065,0.0722,-0.0201,1739336941497.9927
4659,1296447232,0,0.1612,0.0462,-0.2643,-0.0743,0.0632,-0.0134,1739336941507.9941
4660,1464219392,0,0.1151,0.0231,-0.1321,-0.065,0.0722,-0.0134,1739336941517.9956
4661,1631991552,0,0.1382,0.0462,-0.1321,-0.065,0.0722,-0.0134,1739336941527.997
4662,1799763712,0,0.1382,0.0462,-0.1321,-0.0557,0.0632,-0.0067,1739336941537.9988
4663,1967535872,0,0.1382,0.0231,-0.1321,-0.065,0.0812,-0.0201,1739336941548.0002
4664,2135308032,0,0.1382,0.0231,-0.1321,-0.065,0.0722,-0.0201,1739336941558.0017
4665,2303080192,0,0.1382,0.0231,-0.1321,-0.065,0.0722,-0.0134,1739336941568.0032
4666,2470852352,0,0.1612,0.0231,-0.2643,-0.0743,0.0632,-0.0201,1739336941578.0046
4667,2638624512,0,0.1151,0.0231,-0.1321,-0.065,0.0722,-0.0134,1739336941588.006
4668,2806396672,0,0.1382,0.0,-0.1321,-0.065,0.0722,-0.0134,1739336941598.0076
4669,2974168832,0,0.1151,0.0462,-0.1321,-0.065,0.0722,-0.0201,1739336941608.0093
4670,3141940992,0,0.1151,0.0462,-0.1321,-0.065,0.0722,-0.0067,1739336941618.0107
4671,3309713152,0,0.1382,0.0231,-0.1321,-0.0557,0.0632,-0.0134,1739336941628.0122
4672,3477485312,0,0.1382,0.0231,-0.1321,-0.065,0.0722,-0.0134,1739336941638.0137
4673,3645257472,0,0.1151,0.0,-0.1321,-0.065,0.0903,-0.0134,1739336941648.0151
4674,3813029632,0,0.1151,0.0231,-0.1321,-0.065,0.0722,-0.0134,1739336941658.0166
4675,3980801792,0,0.1382,0.0462,-0.2643,-0.0557,0.0722,-0.0201,1739336941668.018
4676,4148573952,0,0.1382,0.0462,-0.1321,-0.065,0.0722,-0.0201,1739336941678.0198
4677,21444352,0,0.1151,0.0231,-0.1321,-0.065,0.0722,-0.0134,1739336941688.0212
4678,189216512,0,0.1151,0.0231,-0.1321,-0.065,0.0722,-0.0134,1739336941698.0227
4679,356988672,0,0.1151,0.0462,-0.1321,-0.065,0.0722,-0.0134,1739336941708.0242
4680,524760832,0,0.1382,0.0462,-0.1321,-0.0557,0.0632,-0.0201,1739336941718.0256
4681,692532992,0,0.1382,0.0462,-0.1321,-0.065,0.0541,-0.0201,1739336941728.027
4682,860305152,0,0.1151,0.0462,-0.1321,-0.0557,0.0632,-0.0201,1739336941738.0286
4683,1028077312,0,0.1151,0.0231,-0.1321,-0.065,0.0722,-0.0134,1739336941748.0303
4684,1195849472,0,0.0921,0.0231,-0.1321,-0.065,0.0722,-0.0067,1739336941758.0317
4685,1363621632,0,0.1151,0.0231,-0.1321,-0.065,0.0722,-0.0134,1739336941768.0332
4686,1531393792,0,0.1382,0.0462,-0.2643,-0.065,0.0632,-0.0201,1739336941778.0347
4687,1699165952,0,0.1382,0.0231,-0.1321,-0.065,0.0722,-0.0134,1739336941788.0361
4688,1866938112,0,0.1151,0.0231,-0.1321,-0.065,0.0722,-0.0201,1739336941798.0376
4689,2034710272,0,0.1151,0.0231,-0.1321,-0.0464,0.0632,-0.0134,1739336941808.039
4690,2202482432,0,0.1382,0.0462,-0.1321,-0.065,0.0722,-0.0134,1739336941818.0408
4691,2370254592,0,0.1382,0.0231,-0.2643,-0.0743,0.0632,-0.0134,1739336941828.0422
4692,2538026752,0,0.1612,0.0231,-0.2643,-0.0557,0.0722,-0.0134,1739336941838.0437
4693,2705798912,0,0.1382,0.0231,-0.1321,-0.065,0.0722,-0.0134,1739336941848.0452
4694,2873571072,0,0.1612,0.0462,-0.2643,-0.0743,0.0632,-0.0268,1739336941858.0466
4695,3041343232,0,0.1382,0.0231,-0.2643,-0.065,0.0632,-0.0201,1739336941868.048
4696,3209115392,0,0.1151,0.0462,-0.2643,-0.0557,0.0722,-0.0201,1739336941878.0496
4697,3376887552,0,0.1612,0.0462,-0.2643,-0.065,0.0632,-0.0134,1739336941888.0513
4698,3544659712,0,0.1382,0.0231,-0.2643,-0.065,0.0632,-0.0134,1739336941898.0527
4699,3712431872,0,0.1612,0.0231,-0.2643,-0.065,0.0632,-0.0134,1739336941908.0542
4700,3880204032,0,0.1382,0.0462,-0.2643,-0.0557,0.0722,-0.0134,1739336941918.0557
4701,4047976192,0,0.1612,0.0462,-0.2643,-0.0557,0.0722,-0.0134,1739336941928.0571
4702,4215748352,0,0.1612,0.0231,-0.2643,-0.065,0.0632,-0.0067,1739336941938.0586
4703,88618752,0,0.1151,0.0462,-0.1321,-0.065,0.0722,-0.0067,1739336941948.06
4704,256390912,0,0.0921,0.0231,-0.1321,-0.065,0.0722,-0.0134,1739336941958.0618
4705,424163072,0,0.1151,0.0231,-0.1321,-0.0557,0.0632,-0.0134,1739336941968.0632
4706,591935232,0,0.1151,0.0462,-0.1321,-0.065,0.0722,-0.0201,1739336941978.0647
4707,759707392,0,0.1151,0.0462,-0.1321,-0.0557,0.0722,-0.0134,1739336941988.0662
4708,927479552,0,0.1151,0.0462,-0.1321,-0.0557,0.0632,-0.0201,1739336941998.0676
4709,1095251712,0,0.1151,0.0462,-0.1321,-0.0557,0.0632,-0.0134,1739336942008.069
4710,1263023872,0,0.1151,0.0462,-0.1321,-0.065,0.0722,-0.0134,1739336942018.0706
4711,1430796032,0,0.1382,0.0231,-0.1321,-0.0557,0.0632,-0.0134,1739336942028.0723
4712,1598568192,0,0.1612,0.0462,-0.2643,-0.065,0.0632,-0.0134,1739336942038.0737
4713,1766340352,0,0.1382,0.0462,-0.1321,-0.0464,0.0632,-0.0134,1739336942048.0752
4714,1934112512,0,0.1382,0.0231,-0.2643,-0.0557,0.0722,-0.0201,1739336942058.0767
4715,2101884672,0,0.1151,0.0462,-0.1321,-0.0557,0.0632,-0.0134,1739336942068.0781
4716,2269656832,0,0.1151,0.0231,-0.1321,-0.065,0.0722,-0.0201,1739336942078.0796
4717,2437428992,0,0.1382,0.0231,-0.2643,-0.065,0.0632,-0.0201,1739336942088.0813
4718,2605201152,0,0.0921,0.0231,-0.1321,-0.0557,0.0632,-0.0134,1739336942098.0828
4719,2772973312,0,0.1151,0.0231,-0.1321,-0.0557,0.0632,-0.0134,1739336942108.0842
4720,2940745472,0,0.1382,0.0,-0.1321,-0.0557,0.0632,-0.0134,1739336942118.0857
4721,3108517632,0,0.1151,0.0231,-0.1321,-0.0557,0.0632,-0.0134,1739336942128.0872
4722,3276289792,0,0.0921,0.0231,-0.1321,-0.0557,0.0632,-0.0201,1739336942138.0886
4723,3444061952,0,0.1382,0.0231,-0.1321,-0.0557,0.0722,-0.0201,1739336942148.09
4724,3611834112,0,0.1382,0.0231,-0.1321,-0.065,0.0812,-0.0201,1739336942158.0918
4725,3779606272,0,0.1151,0.0231,-0.2643,-0.0557,0.0722,-0.0134,1739336942168.0933
4726,3947378432,0,0.1382,0.0231,-0.2643,-0.0557,0.0722,-0.0134,1739336942178.0947
4727,4115150592,0,0.1382,0.0231,-0.2643,-0.0557,0.0722,-0.0067,1739336942188.0962
4728,4282922752,0,0.1151,0.0,-0.1321,-0.065,0.0722,-0.0134,1739336942198.0977
4729,155793152,0,0.1151,0.0231,-0.1321,-0.0557,0.0632,-0.0067,1739336942208.099
4730,323565312,0,0.1382,0.0231,-0.2643,-0.0743,0.0632,-0.0134,1739336942218.1006
4731,491337472,0,0.1151,0.0231,-0.1321,-0.0557,0.0632,-0.0134,1739336942228.1023
4732,659109632,0,0.1382,0.0231,-0.1321,-0.0557,0.0632,-0.0134,1739336942238.1038
4733,826881792,0,0.1151,0.0231,-0.1321,-0.0557,0.0632,-0.0134,1739336942248.1052
4734,994653952,0,0.1151,0.0,-0.1321,-0.0557,0.0632,-0.0134,1739336942258.1067
4735,1162426112,0,0.0921,0.0231,-0.1321,-0.0557,0.0632,-0.0067,1739336942268.1082
4736,1330198272,0,0.1151,0.0231,-0.1321,-0.0557,0.0632,-0.0067,1739336942278.1096
4737,1497970432,0,0.0921,0.0231,-0.1321,-0.0557,0.0632,-0.0067,1739336942288.111
4738,1665742592,0,0.1382,0.0231,-0.1321,-0.0557,0.0632,-0.0134,1739336942298.1128
4739,1833514752,0,0.1382,0.0,-0.2643,-0.0557,0.0722,-0.0067,1739336942308.1143
4740,2001286912,0,0.1382,0.0,-0.1321,-0.065,0.0722,-0.0134,1739336942318.1157
4741,2169059072,0,0.1382,0.0,-0.2643,-0.0557,0.0541,-0.0067,1739336942328.1172
4742,2336831232,0,0.1382,0.0231,-0.2643,-0.065,0.0632,-0.0134,1739336942338.1187
4743,2504603392,0,0.1612,0.0231,-0.2643,-0.065,0.0632,-0.0067,1739336942348.12
4744,2672375552,0,0.1382,0.0462,-0.2643,-0.0557,0.0722,-0.0067,1739336942358.1216
4745,2840147712,0,0.1382,0.0231,-0.1321,-0.0557,0.0632,-0.0067,1739336942368.1233
4746,3007919872,0,0.1151,0.0,-0.1321,-0.0557,0.0632,-0.0201,1739336942378.1248
4747,3175692032,0,0.1151,0.0231,-0.1321,-0.0557,0.0722,-0.0134,1739336942388.1262
4748,3343464192,0,0.1151,0.0231,-0.1321,-0.0557,0.0632,-0.0134,1739336942398.1277
4749,3511236352,0,0.1151,0.0231,-0.1321,-0.0464,0.0632,-0.0134,1739336942408.1292
4750,3679008512,0,0.1382,0.0231,-0.1321,-0.0557,0.0632,-0.0134,1739336942418.1306
4751,3846780672,0,0.1151,0.0462,-0.1321,-0.0557,0.0632,-0.0134,1739336942428.132
4752,4014552832,0,0.1151,0.0231,-0.1321,-0.0557,0.0632,-0.0134,1739336942438.1338
4753,4182324992,0,0.1382,0.0,-0.1321,-0.0557,0.0541,-0.0268,1739336942448.1353
4754,55195392,0,0.1612,0.0231,-0.2643,-0.0557,0.0541,-0.0134,1739336942458.1367
4755,222967552,0,0.1151,0.0462,-0.2643,-0.0557,0.0541,-0.0134,1739336942468.1382
4756,390739712,0,0.1151,0.0462,-0.1321,-0.0464,0.0632,-0.0134,1739336942478.1396
4757,558511872,0,0.1382,0.0231,-0.1321,-0.0557,0.0632,-0.0201,1739336942488.141
4758,726284032,0,0.1151,0.0231,-0.1321,-0.0557,0.0632,-0.0134,1739336942498.1426
4759,894056192,0,0.1382,0.0231,-0.1321,-0.0557,0.0722,-0.0134,1739336942508.1443
4760,1061828352,0,0.1382,0.0231,-0.1321,-0.0557,0.0722,-0.0201,1739336942518.1458
4761,1229600512,0,0.1382,0.0231,-0.1321,-0.0557,0.0722,-0.0067,1739336942528.1472
4762,1397372672,0,0.1151,0.0231,-0.1321,-0.0557,0.0632,-0.0067,1739336942538.1487
4763,1565144832,0,0.1382,0.0,0.0,-0.065,0.0722,-0.0134,1739336942548.1501
4764,1732916992,0,0.1382,0.0,-0.1321,-0.0557,0.0722,-0.0134,1739336942558.1516
4765,1900689152,0,0.1151,0.0231,0.0,-0.065,0.0632,-0.0067,1739336942568.153
4766,2068461312,0,0.1151,0.0231,-0.1321,-0.0557,0.0722,-0.0067,1739336942578.1548
4767,2236233472,0,0.1151,0.0231,0.0,-0.065,0.0722,-0.0201,1739336942588.1562
4768,2404005632,0,0.1151,0.0,-0.1321,-0.0557,0.0632,-0.0067,1739336942598.1577
4769,2571777792,0,0.1151,0.0231,-0.1321,-0.0557,0.0632,-0.0134,1739336942608.1592
4770,2739549952,0,0.1382,0.0,-0.1321,-0.065,0.0722,-0.0134,1739336942618.1606
4771,2907322112,0,0.1151,0.0231,-0.1321,-0.0557,0.0632,-0.0201,1739336942628.162
4772,3075094272,0,0.1151,0.0462,-0.1321,-0.0557,0.0632,-0.0067,1739336942638.1636
4773,3242866432,0,0.1382,0.0231,-0.1321,-0.0557,0.0722,-0.0201,1739336942648.1653
4774,3410638592,0,0.1151,0.0231,-0.1321,-0.0557,0.0722,-0.0201,1739336942658.1667
4775,3578410752,0,0.1382,0.0231,-0.1321,-0.0557,0.0722,-0.0201,1739336942668.1682
4776,3746182912,0,0.1151,0.0462,-0.1321,-0.0557,0.0632,-0.0134,1739336942678.1697
4777,3913955072,0,0.1151,0.0462,-0.1321,-0.0557,0.0722,-0.0134,1739336942688.1711
4778,4081727232,0,0.0921,0.0462,-0.1321,-0.0557,0.0632,-0.0201,1739336942698.1726
4779,4249499392,0,0.1151,0.0231,-0.1321,-0.0557,0.0632,-0.0067,1739336942708.1743
4780,122369792,0,0.1151,0.0462,-0.1321,-0.0557,0.0722,-0.0134,1739336942718.1758
4781,290141952,0,0.0921,0.0462,-0.1321,-0.0557,0.0632,-0.0134,1739336942728.1772
4782,457914112,0,0.1151,0.0231,-0.1321,-0.0557,0.0722,-0.0134,1739336942738.1787
4783,625686272,0,0.1382,0.0231,-0.1321,-0.0464,0.0722,-0.0134,1739336942748.1802
4784,793458432,0,0.1151,0.0231,-0.1321,-0.0557,0.0632,-0.0067,1739336942758.1816
4785,961230592,0,0.1151,0.0462,-0.1321,-0.0557,0.0632,-0.0134,1739336942768.183
4786,1129002752,0,0.1151,0.0231,-0.1321,-0.0464,0.0632,-0.0067,1739336942778.1848
4787,1296774912,0,0.0921,0.0462,-0.1321,-0.0557,0.0632,0.0,1739336942788.1863
4788,1464547072,0,0.0921,0.0231,-0.1321,-0.0557,0.0541,-0.0067,1739336942798.1877
4789,1632319232,0,0.0921,0.0462,-0.1321,-0.0557,0.0632,-0.0067,1739336942808.1892
4790,1800091392,0,0.0921,0.0231,-0.1321,-0.0557,0.0632,-0.0067,1739336942818.1907
4791,1967863552,0,0.1151,0.0,-0.1321,-0.0557,0.0632,-0.0067,1739336942828.1921
4792,2135635712,0,0.0921,0.0231,-0.1321,-0.0557,0.0632,-0.0067,1739336942838.1936
4793,2303407872,0,0.1151,0.0231,-0.1321,-0.0464,0.0722,-0.0201,1739336942848.1953
4794,2471180032,0,0.1151,0.0231,-0.1321,-0.0557,0.0541,-0.0067,1739336942858.1968
4795,2638952192,0,0.1151,0.0231,0.0,-0.0557,0.0632,-0.0067,1739336942868.1982
4796,2806724352,0,0.1151,0.0231,-0.1321,-0.0557,0.0541,-0.0067,1739336942878.1997
4797,2974496512,0,0.1382,0.0231,-0.1321,-0.0557,0.0632,-0.0067,1739336942888.2012
4798,3142268672,0,0.1151,0.0,-0.1321,-0.0557,0.0632,-0.0134,1739336942898.2026
4799,3310040832,0,0.1151,0.0,-0.1321,-0.0557,0.0632,-0.0134,1739336942908.204
4800,3477812992,0,0.1382,0.0231,-0.2643,-0.0557,0.0541,-0.0134,1739336942918.2058
4801,3645585152,0,0.1151,0.0231,-0.1321,-0.0557,0.0541,-0.0067,1739336942928.2073
4802,3813357312,0,0.1151,0.0231,-0.1321,-0.0557,0.0541,-0.0134,1739336942938.2087
4803,3981129472,0,0.1612,0.0231,-0.1321,-0.0464,0.0632,-0.0201,1739336942948.2102
4804,4148901632,0,0.1151,0.0231,-0.1321,-0.0464,0.0632,-0.0201,1739336942958.2117
4805,21772032,0,0.1382,0.0231,-0.1321,-0.0557,0.0632,-0.0201,1739336942968.2131
4806,189544192,0,0.1151,0.0231,-0.1321,-0.0464,0.0632,-0.0201,1739336942978.2146
4807,357316352,0,0.1151,0.0231,-0.1321,-0.0557,0.0632,-0.0134,1739336942988.2163
4808,525088512,0,0.1151,0.0231,-0.1321,-0.0557,0.0541,-0.0134,1739336942998.2178
4809,692860672,0,0.1151,0.0231,-0.1321,-0.0464,0.0632,-0.0067,1739336943008.2192
4810,860632832,0,0.1612,0.0231,-0.2643,-0.0557,0.0541,-0.0067,1739336943018.2207
4811,1028404992,0,0.1151,0.0,-0.1321,-0.0557,0.0632,-0.0134,1739336943028.2222
4812,1196177152,0,0.1382,0.0231,-0.1321,-0.0464,0.0632,-0.0134,1739336943038.2236
4813,1363949312,0,0.1382,0.0231,-0.1321,-0.0557,0.0632,-0.0134,1739336943048.225
4814,1531721472,0,0.1151,0.0231,-0.1321,-0.0557,0.0632,-0.0134,1739336943058.2268
4815,1699493632,0,0.1151,0.0231,-0.1321,-0.0557,0.0541,-0.0067,1739336943068.2283
4816,1867265792,0,0.1382,0.0231,0.0,-0.0557,0.0632,-0.0134,1739336943078.2297
4817,2035037952,0,0.1151,0.0231,-0.1321,-0.0557,0.0541,-0.0134,1739336943088.2312
4818,2202810112,0,0.1151,0.0231,-0.1321,-0.0557,0.0541,-0.0201,1739336943098.2327
4819,2370582272,0,0.1151,0.0,0.0,-0.0557,0.0632,-0.0067,1739336943108.2341
4820,2538354432,0,0.1382,0.0,-0.1321,-0.0557,0.0632,-0.0134,1739336943118.2356
4821,2706126592,0,0.1151,0.0231,-0.1321,-0.0557,0.0632,-0.0134,1739336943128.2373
4822,2873898752,0,0.1382,0.0,-0.1321,-0.0557,0.0541,-0.0134,1739336943138.2388
4823,3041670912,0,0.1382,0.0,-0.1321,-0.0464,0.0541,-0.0201,1739336943148.2402
4824,3209443072,0,0.1151,0.0231,-0.1321,-0.0557,0.0632,-0.0067,1739336943158.2417
4825,3377215232,0,0.1151,0.0,-0.1321,-0.0557,0.0632,-0.0134,1739336943168.2432
4826,3544987392,0,0.1382,0.0231,-0.1321,-0.0464,0.0632,-0.0201,1739336943178.2446
4827,3712759552,0,0.1382,0.0231,-0.1321,-0.0464,0.0632,-0.0134,1739336943188.246
4828,3880531712,0,0.1151,0.0231,-0.1321,-0.0557,0.0632,-0.0067,1739336943198.2478
4829,4048303872,0,0.1382,0.0,-0.1321,-0.0557,0.0722,-0.0134,1739336943208.2493
4830,4216076032,0,0.0921,0.0231,-0.1321,-0.0557,0.0541,-0.0134,1739336943218.2507
4831,88946432,0,0.1151,0.0462,-0.1321,-0.0557,0.0541,-0.0134,1739336943228.2522
4832,256718592,0,0.1151,0.0231,-0.1321,-0.0464,0.0541,-0.0067,1739336943238.2537
4833,424490752,0,0.0691,0.0231,-0.1321,-0.0371,0.0722,0.0,1739336943248.2551
4834,592262912,0,0.0921,0.0231,-0.1321,-0.0464,0.0632,-0.0134,1739336943258.2566
4835,760035072,0,0.1151,0.0231,-0.1321,-0.0464,0.0632,-0.0134,1739336943268.2583
4836,927807232,0,0.0921,0.0231,-0.2643,-0.0557,0.0541,-0.0134,1739336943278.2598
4837,1095579392,0,0.1151,0.0231,-0.2643,-0.0557,0.0541,-0.0067,1739336943288.2612
4838,1263351552,0,0.0921,0.0462,-0.2643,-0.0557,0.0541,-0.0067,1739336943298.2627
4839,1431123712,0,0.1382,0.0231,-0.2643,-0.0557,0.0541,-0.0134,1739336943308.2642
4840,1598895872,0,0.1382,0.0231,-0.2643,-0.0557,0.0541,0.0,1739336943318.2656
4841,1766668032,0,0.1382,0.0231,-0.2643,-0.0557,0.0541,0.0,1739336943328.267
4842,1934440192,0,0.1151,0.0231,-0.1321,-0.0464,0.0632,-0.0067,1739336943338.2688
4843,2102212352,0,0.0921,0.0231,-0.1321,-0.0557,0.0632,-0.0134,1739336943348.2703
4844,2269984512,0,0.0921,0.0231,-0.1321,-0.0464,0.0632,-0.0067,1739336943358.2717
4845,2437756672,0,0.0921,0.0231,-0.1321,-0.0557,0.0632,-0.0067,1739336943368.2732
4846,2605528832,0,0.1151,0.0,-0.1321,-0.0464,0.0632,-0.0134,1739336943378.2747
4847,2773300992,0,0.1151,0.0,-0.1321,-0.0557,0.0541,-0.0067,1739336943388.2761
4848,2941073152,0,0.1151,0.0231,-0.1321,-0.0557,0.0541,-0.0134,1739336943398.2778
4849,3108845312,0,0.1151,0.0231,-0.1321,-0.0557,0.0632,-0.0134,1739336943408.2793
4850,3276617472,0,0.1151,0.0231,-0.1321,-0.0557,0.0541,-0.0134,1739336943418.2808
4851,3444389632,0,0.1151,0.0231,0.0,-0.0557,0.0632,-0.0134,1739336943428.2822
4852,3612161792,0,0.1382,0.0,0.0,-0.065,0.0632,-0.0201,1739336943438.2837
4853,3779933952,0,0.1151,0.0231,0.0,-0.0557,0.0632,-0.0201,1739336943448.2852
4854,3947706112,0,0.1151,0.0231,0.0,-0.0557,0.0632,-0.0134,1739336943458.2866
4855,4115478272,0,0.1151,0.0231,-0.1321,-0.0557,0.0541,-0.0134,1739336943468.2883
4856,4283250432,0,0.1151,0.0231,-0.1321,-0.0464,0.0632,-0.0134,1739336943478.2898
4857,156120832,0,0.1151,0.0231,-0.1321,-0.0557,0.0541,-0.0067,1739336943488.2913
4858,323892992,0,0.1151,0.0,-0.1321,-0.0557,0.0632,-0.0134,1739336943498.2927
4859,491665152,0,0.1151,0.0231,0.0,-0.0557,0.0632,-0.0201,1739336943508.2942
4860,659437312,0,0.1151,0.0231,0.0,-0.0557,0.0632,-0.0134,1739336943518.2957
4861,827209472,0,0.1151,0.0,-0.1321,-0.0464,0.0632,-0.0134,1739336943528.297
4862,994981632,0,0.1382,0.0231,-0.1321,-0.0464,0.0632,-0.0134,1739336943538.2988
4863,1162753792,0,0.1151,0.0231,-0.1321,-0.0464,0.0632,-0.0134,1739336943548.3003
4864,1330525952,0,0.1151,0.0231,-0.1321,-0.0464,0.0632,-0.0134,1739336943558.3018
4865,1498298112,0,0.1151,0.0462,-0.1321,-0.0464,0.0541,-0.0134,1739336943568.3032
4866,1666070272,0,0.1151,0.0231,-0.1321,-0.0557,0.0541,-0.0201,1739336943578.3047
4867,1833842432,0,0.1151,0.0231,-0.1321,-0.0464,0.0632,-0.0134,1739336943588.3062
4868,2001614592,0,0.1151,0.0231,-0.1321,-0.0557,0.0541,-0.0134,1739336943598.3076
4869,2169386752,0,0.1382,0.0,-0.1321,-0.0557,0.0632,-0.0201,1739336943608.3093
4870,2337158912,0,0.1382,0.0231,-0.2643,-0.0557,0.0541,-0.0134,1739336943618.3108
4871,2504931072,0,0.1382,0.0,-0.2643,-0.0557,0.0541,-0.0067,1739336943628.3123
4872,2672703232,0,0.1151,0.0,-0.1321,-0.0557,0.0541,-0.0201,1739336943638.3137
4873,2840475392,0,0.1151,0.0231,-0.1321,-0.0557,0.0541,-0.0201,1739336943648.3152
4874,3008247552,0,0.1151,0.0231,0.0,-0.0557,0.0632,-0.0201,1739336943658.3167
4875,3176019712,0,0.0921,0.0231,-0.1321,-0.0557,0.0541,-0.0201,1739336943668.318
4876,3343791872,0,0.1151,0.0231,0.0,-0.0557,0.0632,-0.0134,1739336943678.3198
4877,3511564032,0,0.1151,0.0231,-0.1321,-0.0557,0.0541,-0.0067,1739336943688.3213
4878,3679336192,0,0.0921,0.0231,-0.1321,-0.0464,0.0541,-0.0067,1739336943698.3228
4879,3847108352,0,0.0921,0.0462,-0.1321,-0.0464,0.0541,-0.0067,1739336943708.3242
4880,4014880512,0,0.1151,0.0231,-0.1321,-0.0464,0.0541,-0.0134,1739336943718.3257
4881,4182652672,0,0.1151,0.0231,-0.1321,-0.0464,0.0541,-0.0134,1739336943728.3271
4882,55523072,0,0.0921,0.0231,-0.1321,-0.0557,0.0451,-0.0134,1739336943738.3286
4883,223295232,0,0.0691,0.0231,-0.1321,-0.0464,0.0632,-0.0067,1739336943748.3303
4884,391067392,0,0.0921,0.0231,-0.1321,-0.0557,0.0541,-0.0134,1739336943758.3318
4885,558839552,0,0.0921,0.0231,-0.1321,-0.0557,0.0541,-0.0134,1739336943768.3333
4886,726611712,0,0.0921,0.0,-0.1321,-0.0557,0.0541,-0.0134,1739336943778.3347
4887,894383872,0,0.1151,0.0,-0.1321,-0.0557,0.0541,-0.0134,1739336943788.3362
4888,1062156032,0,0.1151,0.0231,-0.1321,-0.0557,0.0541,-0.0134,1739336943798.3376
4889,1229928192,0,0.1151,0.0231,-0.1321,-0.0464,0.0541,-0.0201,1739336943808.339
4890,1397700352,0,0.0921,0.0,-0.1321,-0.0464,0.0632,-0.0067,1739336943818.3408
4891,1565472512,0,0.1151,0.0231,-0.1321,-0.0557,0.0541,-0.0067,1739336943828.3423
4892,1733244672,0,0.0921,0.0231,-0.1321,-0.0557,0.0541,-0.0134,1739336943838.3438
4893,1901016832,0,0.1151,0.0,0.0,-0.0557,0.0632,-0.0067,1739336943848.3452
4894,2068788992,0,0.1151,0.0,-0.1321,-0.0557,0.0541,-0.0067,1739336943858.3467
4895,2236561152,0,0.1151,0.0,-0.1321,-0.0557,0.0541,-0.0134,1739336943868.3481
4896,2404333312,0,0.0921,0.0462,-0.1321,-0.0557,0.0541,-0.0067,1739336943878.3496
4897,2572105472,0,0.1151,0.0231,-0.1321,-0.0557,0.0541,-0.0067,1739336943888.3513
4898,2739877632,0,0.0921,0.0231,-0.1321,-0.0557,0.0541,-0.0067,1739336943898.3528
4899,2907649792,0,0.0921,0.0231,-0.1321,-0.0557,0.0541,0.0,1739336943908.3542
4900,3075421952,0,0.1151,0.0,-0.1321,-0.0557,0.0541,0.0,1739336943918.3557
4901,3243194112,0,0.1382,0.0,-0.1321,-0.0464,0.0632,-0.0067,1739336943928.3572
4902,3410966272,0,0.1151,0.0231,-0.1321,-0.0557,0.0541,-0.0067,1739336943938.3586
4903,3578738432,0,0.0921,0.0231,-0.1321,-0.0464,0.0541,-0.0067,1739336943948.36
4904,3746510592,0,0.1151,0.0,-0.1321,-0.0464,0.0541,-0.0067,1739336943958.3618
4905,3914282752,0,0.1151,0.0,-0.1321,-0.0557,0.0541,-0.0067,1739336943968.3633
4906,4082054912,0,0.0921,0.0231,-0.1321,-0.0557,0.0541,0.0,1739336943978.3647
4907,4249827072,0,0.1151,0.0231,-0.1321,-0.0557,0.0541,-0.0134,1739336943988.3662
4908,122697472,0,0.1151,0.0231,-0.1321,-0.0464,0.0541,-0.0201,1739336943998.3677
4909,290469632,0,0.1382,0.0231,-0.2643,-0.0557,0.0541,-0.0134,1739336944008.3691
4910,458241792,0,0.0921,0.0231,-0.1321,-0.0557,0.0451,0.0,1739336944018.3708
4911,626013952,0,0.1151,0.0231,-0.1321,-0.0557,0.0541,-0.0134,1739336944028.3723
4912,793786112,0,0.1151,0.0231,-0.1321,-0.0557,0.0541,-0.0067,1739336944038.3738
4913,961558272,0,0.0921,0.0231,-0.1321,-0.0557,0.0541,-0.0067,1739336944048.3752
4914,1129330432,0,0.1382,0.0,-0.1321,-0.0464,0.0541,-0.0067,1739336944058.3767
4915,1297102592,0,0.1151,0.0231,-0.1321,-0.0464,0.0541,-0.0134,1739336944068.3782
4916,1464874752,0,0.0921,0.0231,-0.1321,-0.0464,0.0541,-0.0067,1739336944078.3796
4917,1632646912,0,0.1151,0.0231,-0.1321,-0.0464,0.0541,-0.0067,1739336944088.3813
4918,1800419072,0,0.1151,0.0231,-0.1321,-0.0557,0.0541,-0.0201,1739336944098.3828
4919,1968191232,0,0.1151,0.0231,-0.1321,-0.0464,0.0541,-0.0134,1739336944108.3843
4920,2135963392,0,0.1151,0.0,-0.1321,-0.0464,0.0541,-0.0067,1739336944118.3857
4921,2303735552,0,0.1151,0.0231,-0.1321,-0.0464,0.0632,-0.0201,1739336944128.3872
4922,2471507712,0,0.1151,0.0231,-0.1321,-0.0464,0.0541,-0.0201,1739336944138.3887
4923,2639279872,0,0.1382,0.0231,-0.1321,-0.0464,0.0632,-0.0134,1739336944148.3901
4924,2807052032,0,0.1151,0.0231,-0.1321,-0.0464,0.0632,-0.0134,1739336944158.3918
4925,2974824192,0,0.1151,0.0,-0.1321,-0.0464,0.0541,-0.0134,1739336944168.3933
4926,3142596352,0,0.1151,0.0462,-0.1321,-0.0464,0.0541,-0.0201,1739336944178.3948
4927,3310368512,0,0.1151,0.0231,0.0,-0.0557,0.0632,-0.0201,1739336944188.3962
4928,3478140672,0,0.0921,0.0231,-0.1321,-0.0464,0.0541,-0.0067,1739336944198.3977
4929,3645912832,0,0.1151,0.0231,-0.1321,-0.0464,0.0541,-0.0067,1739336944208.3992
4930,3813684992,0,0.1151,0.0231,-0.1321,-0.0464,0.0632,-0.0067,1739336944218.4006
4931,3981457152,0,0.1151,0.0,0.0,-0.0557,0.0632,-0.0134,1739336944228.4023
4932,4149229312,0,0.0921,0.0231,-0.1321,-0.0557,0.0541,-0.0067,1739336944238.4038
4933,22099712,0,0.1151,0.0,0.0,-0.0557,0.0632,-0.0134,1739336944248.4053
4934,189871872,0,0.1151,0.0231,0.0,-0.0464,0.0632,-0.0134,1739336944258.4067
4935,357644032,0,0.0921,0.0231,-0.1321,-0.0464,0.0541,-0.0067,1739336944268.4082
4936,525416192,0,0.0921,0.0231,-0.1321,-0.0464,0.0541,-0.0067,1739336944278.4097
4937,693188352,0,0.1151,0.0,-0.1321,-0.0464,0.0541,-0.0067,1739336944288.4111
4938,860960512,0,0.1151,0.0,0.0,-0.0557,0.0632,-0.0067,1739336944298.4128
4939,1028732672,0,0.0921,0.0231,0.0,-0.0557,0.0632,-0.0067,1739336944308.4143
4940,1196504832,0,0.0921,0.0231,-0.1321,-0.0557,0.0541,-0.0134,1739336944318.4158
4941,1364276992,0,0.1151,0.0,-0.1321,-0.0557,0.0541,-0.0067,1739336944328.4172
4942,1532049152,0,0.1151,0.0231,-0.1321,-0.0464,0.0541,-0.0201,1739336944338.4187
4943,1699821312,0,0.1151,0.0231,-0.1321,-0.0464,0.0541,-0.0134,1739336944348.4202
4944,1867593472,0,0.1151,0.0231,-0.1321,-0.0464,0.0541,-0.0201,1739336944358.4216
4945,2035365632,0,0.0691,0.0231,-0.1321,-0.0464,0.0632,-0.0134,1739336944368.4233
4946,2203137792,0,0.0921,0.0231,-0.1321,-0.0557,0.0541,-0.0067,1739336944378.4248
4947,2370909952,0,0.0921,0.0231,-0.1321,-0.0557,0.0541,-0.0134,1739336944388.4263
4948,2538682112,0,0.0921,0.0231,-0.1321,-0.0557,0.0541,-0.0134,1739336944398.4277
4949,2706454272,0,0.1151,0.0231,0.0,-0.0464,0.0541,-0.0067,1739336944408.4292
4950,2874226432,0,0.0921,0.0,-0.1321,-0.0464,0.0541,-0.0067,1739336944418.4307
4951,3041998592,0,0.0691,0.0,-0.1321,-0.0557,0.0541,-0.0067,1739336944428.4321
4952,3209770752,0,0.1151,0.0231,-0.1321,-0.0557,0.0541,-0.0067,1739336944438.4338
4953,3377542912,0,0.1151,0.0,-0.1321,-0.0464,0.0541,-0.0134,1739336944448.4353
4954,3545315072,0,0.0921,0.0231,-0.1321,-0.0464,0.0541,-0.0134,1739336944458.4368
4955,3713087232,0,0.1151,0.0231,-0.1321,-0.0557,0.0541,-0.0134,1739336944468.4382
4956,3880859392,0,0.1151,0.0231,-0.1321,-0.0464,0.0541,-0.0134,1739336944478.4397
4957,4048631552,0,0.1151,0.0,-0.1321,-0.0464,0.0541,-0.0067,1739336944488.4412
4958,4216403712,0,0.1151,0.0,0.0,-0.0464,0.0632,-0.0067,1739336944498.4426
4959,89274112,0,0.1151,0.0231,0.0,-0.0557,0.0632,-0.0201,1739336944508.4443
4960,257046272,0,0.1151,0.0231,-0.1321,-0.0557,0.0541,-0.0134,1739336944518.4458
4961,424818432,0,0.0921,0.0462,0.0,-0.0464,0.0541,-0.0134,1739336944528.4473
4962,592590592,0,0.1151,0.0231,-0.1321,-0.0464,0.0541,-0.0134,1739336944538.4487
4963,760362752,0,0.1382,0.0,0.0,-0.0464,0.0541,-0.0134,1739336944548.4502
4964,928134912,0,0.1151,0.0,0.0,-0.0464,0.0541,-0.0134,1739336944558.4517
4965,1095907072,0,0.1151,0.0,-0.1321,-0.0557,0.0541,-0.0067,1739336944568.4531
4966,1263679232,0,0.1151,0.0,0.0,-0.0557,0.0632,-0.0134,1739336944578.4548
4967,1431451392,0,0.1151,0.0231,0.0,-0.0557,0.0632,-0.0134,1739336944588.4563
4968,1599223552,0,0.0921,0.0231,0.0,-0.0464,0.0541,-0.0067,1739336944598.4578
4969,1766995712,0,0.0921,0.0,0.0,-0.0464,0.0632,-0.0067,1739336944608.4592
4970,1934767872,0,0.0921,0.0231,0.0,-0.0464,0.0632,-0.0067,1739336944618.4607
4971,2102540032,0,0.0921,0.0231,-0.1321,-0.0464,0.0632,-0.0134,1739336944628.4622
4972,2270312192,0,0.1151,0.0,0.0,-0.0557,0.0632,-0.0067,1739336944638.4636
4973,2438084352,0,0.1151,0.0231,0.0,-0.0557,0.0632,-0.0134,1739336944648.4653
4974,2605856512,0,0.0921,0.0231,-0.1321,-0.0557,0.0451,-0.0067,1739336944658.4668
4975,2773628672,0,0.1151,0.0,-0.1321,-0.0464,0.0541,-0.0134,1739336944668.4683
4976,2941400832,0,0.1151,0.0,-0.1321,-0.0557,0.0451,-0.0067,1739336944678.4697
4977,3109172992,0,0.1151,0.0231,-0.1321,-0.0464,0.0541,-0.0134,1739336944688.4712
4978,3276945152,0,0.1151,0.0,-0.1321,-0.0464,0.0541,-0.0201,1739336944698.4727
4979,3444717312,0,0.1151,0.0,-0.1321,-0.0464,0.0541,-0.0201,1739336944708.4744
4980,3612489472,0,0.1151,0.0231,-0.1321,-0.0464,0.0541,-0.0134,1739336944718.4758
4981,3780261632,0,0.0921,0.0231,-0.1321,-0.0464,0.0541,-0.0067,1739336944728.4773
4982,3948033792,0,0.1151,0.0,-0.1321,-0.0464,0.0541,-0.0067,1739336944738.4788
4983,4115805952,0,0.1151,0.0,-0.1321,-0.0464,0.0541,-0.0134,1739336944748.4802
4984,4283578112,0,0.0921,0.0231,-0.1321,-0.0464,0.0541,-0.0201,1739336944758.4817
4985,156448512,0,0.0921,0.0231,-0.1321,-0.0464,0.0541,-0.0134,1739336944768.4832
4986,324220672,0,0.0921,0.0,-0.1321,-0.0464,0.0632,-0.0134,1739336944778.4849
4987,491992832,0,0.1151,0.0,-0.1321,-0.0464,0.0541,-0.0134,1739336944788.4863
4988,659764992,0,0.1151,0.0231,-0.1321,-0.0464,0.0541,-0.0134,1739336944798.4878
4989,827537152,0,0.1151,0.0231,-0.1321,-0.0464,0.0541,-0.0067,1739336944808.4893
4990,995309312,0,0.0921,0.0,-0.1321,-0.0464,0.0541,-0.0134,1739336944818.4907
4991,1163081472,0,0.0921,0.0231,-0.1321,-0.0557,0.0541,-0.0134,1739336944828.4922
4992,1330853632,0,0.0921,0.0462,-0.1321,-0.0464,0.0541,-0.0134,1739336944838.4937
4993,1498625792,0,0.1151,0.0462,0.0,-0.0371,0.0632,-0.0201,1739336944848.4954
4994,1666397952,0,0.1151,0.0231,-0.1321,-0.0464,0.0541,-0.0134,1739336944858.4968
4995,1834170112,0,0.0921,0.0,-0.1321,-0.0464,0.0541,-0.0067,1739336944868.4983
4996,2001942272,0,0.0921,0.0,-0.1321,-0.0464,0.0541,-0.0134,1739336944878.4998
4997,2169714432,0,0.0921,0.0231,0.0,-0.0464,0.0541,-0.0067,1739336944888.5012
4998,2337486592,0,0.1151,0.0,0.0,-0.0557,0.0632,-0.0134,1739336944898.5027
4999,2505258752,0,0.1151,0.0,0.0,-0.0464,0.0541,-0.0134,1739336944908.5042
5000,2673030912,0,0.1151,0.0,0.0,-0.0464,0.0541,-0.0134,1739336944918.5059
5001,2840803072,0,0.0921,0.0231,0.0,-0.0557,0.0632,-0.0134,1739336944928.5073
5002,3008575232,0,0.0921,0.0231,-0.1321,-0.0464,0.0541,-0.0134,1739336944938.5088
5003,3176347392,0,0.1151,0.0462,-0.1321,-0.0464,0.0541,-0.0134,1739336944948.5103
5004,3344119552,0,0.1151,0.0231,-0.1321,-0.0464,0.0541,-0.0134,1739336944958.5117
5005,3511891712,0,0.0921,0.0231,-0.1321,-0.0464,0.0541,-0.0067,1739336944968.5132
5006,3679663872,0,0.1151,0.0231,-0.1321,-0.0464,0.0541,-0.0067,1739336944978.5146
5007,3847436032,0,0.0921,0.0231,-0.1321,-0.0464,0.0541,-0.0067,1739336944988.5164
5008,4015208192,0,0.1151,0.0231,-0.1321,-0.0371,0.0541,-0.0134,1739336944998.5178
5009,4182980352,0,0.1151,0.0231,-0.1321,-0.0464,0.0541,-0.0134,1739336945008.5193
5010,55850752,0,0.0921,0.0231,-0.1321,-0.0464,0.0541,-0.0201,1739336945018.5208
5011,223622912,0,0.1151,0.0231,-0.1321,-0.0464,0.0632,-0.0067,1739336945028.5222
5012,391395072,0,0.0921,0.0231,-0.2643,-0.0464,0.0451,-0.0134,1739336945038.5237
5013,559167232,0,0.0921,0.0231,-0.1321,-0.0371,0.0541,-0.0134,1739336945048.5251
5014,726939392,0,0.1151,0.0231,-0.1321,-0.0464,0.0541,-0.0201,1739336945058.5269
5015,894711552,0,0.0921,0.0231,-0.1321,-0.0464,0.0541,-0.0201,1739336945068.5283
5016,1062483712,0,0.0921,0.0231,-0.1321,-0.0464,0.0541,-0.0201,1739336945078.5298
5017,1230255872,0,0.0921,0.0,-0.2643,-0.0464,0.0451,-0.0067,1739336945088.5312
5018,1398028032,0,0.0921,0.0231,-0.2643,-0.0464,0.0451,-0.0067,1739336945098.5327
5019,1565800192,0,0.0921,0.0231,-0.1321,-0.0464,0.0541,-0.0067,1739336945108.5342
5020,1733572352,0,0.1382,0.0,-0.2643,-0.0464,0.0451,-0.0067,1739336945118.5356
5021,1901344512,0,0.1151,0.0,-0.1321,-0.0464,0.0541,-0.0067,1739336945128.5374
5022,2069116672,0,0.0921,0.0,-0.1321,-0.0464,0.0541,-0.0134,1739336945138.5388
5023,2236888832,0,0.1151,0.0,-0.1321,-0.0464,0.0541,-0.0134,1739336945148.5403
5024,2404660992,0,0.1151,0.0231,-0.1321,-0.0371,0.0541,-0.0134,1739336945158.5417
5025,2572433152,0,0.0921,0.0,-0.1321,-0.0371,0.0541,-0.0134,1739336945168.5432
5026,2740205312,0,0.0921,0.0,-0.1321,-0.0464,0.0541,-0.0067,1739336945178.5447
5027,2907977472,0,0.1151,0.0,-0.1321,-0.0464,0.0541,-0.0134,1739336945188.5461
5028,3075749632,0,0.1151,0.0231,-0.1321,-0.0371,0.0541,-0.0134,1739336945198.5479
5029,3243521792,0,0.0921,0.0231,-0.1321,-0.0464,0.0541,-0.0067,1739336945208.5493
5030,3411293952,0,0.1151,0.0231,-0.1321,-0.0278,0.0541,-0.0134,1739336945218.5508
5031,3579066112,0,0.1151,0.0,0.0,-0.0371,0.0632,-0.0201,1739336945228.5522
5032,3746838272,0,0.0921,0.0231,-0.1321,-0.0371,0.0541,-0.0134,1739336945238.5537
5033,3914610432,0,0.1151,0.0231,-0.1321,-0.0464,0.0541,-0.0201,1739336945248.5552
5034,4082382592,0,0.0921,0.0231,-0.1321,-0.0464,0.0541,-0.0134,1739336945258.5566
5035,4250154752,0,0.0921,0.0,-0.1321,-0.0371,0.0541,-0.0134,1739336945268.5583
5036,123025152,0,0.1382,0.0231,-0.1321,-0.0371,0.0541,-0.0134,1739336945278.5598
5037,290797312,0,0.1151,0.0231,-0.1321,-0.0371,0.0541,-0.0134,1739336945288.5613
5038,458569472,0,0.1151,0.0,-0.1321,-0.0371,0.0541,-0.0268,1739336945298.5627
5039,626341632,0,0.0921,0.0231,-0.1321,-0.0464,0.0541,-0.0134,1739336945308.5642
5040,794113792,0,0.1151,0.0231,-0.1321,-0.0371,0.0541,-0.0134,1739336945318.5657
5041,961885952,0,0.0921,0.0,-0.1321,-0.0371,0.0541,-0.0067,1739336945328.5674
5042,1129658112,0,0.1151,0.0231,-0.1321,-0.0371,0.0541,-0.0067,1739336945338.5688
5043,1297430272,0,0.1151,0.0231,-0.1321,-0.0464,0.0632,-0.0134,1739336945348.5703
5044,1465202432,0,0.1151,0.0,0.0,-0.0464,0.0632,-0.0067,1739336945358.5718
5045,1632974592,0,0.1151,0.0,0.0,-0.0464,0.0632,-0.0134,1739336945368.5732
5046,1800746752,0,0.1151,0.0,-0.1321,-0.0464,0.0632,-0.0134,1739336945378.5747
5047,1968518912,0,0.1151,0.0231,-0.1321,-0.0371,0.0541,-0.0134,1739336945388.5762
5048,2136291072,0,0.0921,0.0231,-0.1321,-0.0371,0.0541,-0.0134,1739336945398.578
5049,2304063232,0,0.1151,0.0,-0.1321,-0.0371,0.0541,-0.0134,1739336945408.5793
5050,2471835392,0,0.1151,0.0,-0.1321,-0.0371,0.0541,-0.0134,1739336945418.5808
5051,2639607552,0,0.0921,0.0,-0.1321,-0.0278,0.0541,-0.0134,1739336945428.5823
5052,2807379712,0,0.0921,0.0,-0.1321,-0.0371,0.0541,-0.0201,1739336945438.5837
5053,2975151872,0,0.1382,0.0231,0.0,-0.0371,0.0632,-0.0201,1739336945448.5852
5054,3142924032,0,0.1151,0.0231,-0.1321,-0.0371,0.0541,-0.0201,1739336945458.5867
5055,3310696192,0,0.0921,0.0231,-0.1321,-0.0371,0.0541,-0.0201,1739336945468.5884
5056,3478468352,0,0.0921,0.0231,-0.1321,-0.0371,0.0541,-0.0134,1739336945478.5898
5057,3646240512,0,0.1382,0.0231,-0.1321,-0.0371,0.0541,-0.0134,1739336945488.5913
5058,3814012672,0,0.0921,0.0231,-0.1321,-0.0371,0.0541,-0.0067,1739336945498.5928
5059,3981784832,0,0.0921,0.0231,-0.1321,-0.0371,0.0541,-0.0134,1739336945508.5942
5060,4149556992,0,0.0921,0.0231,-0.1321,-0.0371,0.0541,-0.0134,1739336945518.5957
5061,22427392,0,0.0921,0.0231,0.0,-0.0464,0.0632,-0.0134,1739336945528.5972
5062,190199552,0,0.1151,0.0231,-0.1321,-0.0371,0.0541,-0.0067,1739336945538.5989
5063,357971712,0,0.1382,0.0,0.0,-0.0371,0.0632,-0.0134,1739336945548.6003
5064,525743872,0,0.0921,0.0231,-0.1321,-0.0371,0.0541,-0.0067,1739336945558.6018
5065,693516032,0,0.0921,0.0,-0.1321,-0.0371,0.0541,-0.0134,1739336945568.6033
5066,861288192,0,0.0921,0.0231,-0.1321,-0.0371,0.0541,-0.0067,1739336945578.6047
5067,1029060352,0,0.0921,0.0231,0.0,-0.0464,0.0541,-0.0067,1739336945588.6062
5068,1196832512,0,0.0921,0.0231,0.0,-0.0464,0.0632,-0.0067,1739336945598.6077
5069,1364604672,0,0.0921,0.0231,0.0,-0.0464,0.0541,-0.0067,1739336945608.6094
5070,1532376832,0,0.0921,0.0,0.0,-0.0464,0.0632,-0.0134,1739336945618.6108
5071,1700148992,0,0.0921,0.0,0.0,-0.0464,0.0541,-0.0067,1739336945628.6123
5072,1867921152,0,0.1151,0.0,-0.1321,-0.0371,0.0541,-0.0134,1739336945638.6138
5073,2035693312,0,0.1151,0.0462,-0.1321,-0.0371,0.0541,-0.0134,1739336945648.6152
5074,2203465472,0,0.0921,0.0462,-0.1321,-0.0371,0.0541,-0.0134,1739336945658.6167
5075,2371237632,0,0.0921,0.0462,0.0,-0.0464,0.0632,-0.0201,1739336945668.6182
5076,2539009792,0,0.0921,0.0231,-0.1321,-0.0371,0.0541,-0.0134,1739336945678.6199
5077,2706781952,0,0.0921,0.0231,0.0,-0.0464,0.0541,-0.0134,1739336945688.6213
5078,2874554112,0,0.0921,0.0231,0.0,-0.0371,0.0632,-0.0201,1739336945698.6228
5079,3042326272,0,0.0921,0.0231,0.0,-0.0464,0.0541,-0.0134,1739336945708.6243
5080,3210098432,0,0.0921,0.0462,-0.1321,-0.0371,0.0541,-0.0201,1739336945718.6257
5081,3377870592,0,0.0921,0.0231,-0.1321,-0.0371,0.0541,-0.0134,1739336945728.6272
5082,3545642752,0,0.0691,0.0231,-0.1321,-0.0464,0.0541,-0.0067,1739336945738.6287
5083,3713414912,0,0.1151,0.0231,0.0,-0.0371,0.0632,-0.0134,1739336945748.6304
5084,3881187072,0,0.0921,0.0231,0.0,-0.0464,0.0632,-0.0134,1739336945758.6318
5085,4048959232,0,0.0921,0.0231,0.0,-0.0464,0.0541,-0.0134,1739336945768.6333
5086,4216731392,0,0.0921,0.0231,0.0,-0.0464,0.0632,-0.0201,1739336945778.6348
5087,89601792,0,0.0691,0.0462,0.0,-0.0464,0.0632,-0.0134,1739336945788.6362
5088,257373952,0,0.0921,0.0231,0.0,-0.0464,0.0632,-0.0067,1739336945798.6377
5089,425146112,0,0.0691,0.0231,0.0,-0.0464,0.0632,-0.0067,1739336945808.6392
5090,592918272,0,0.0921,0.0,0.0,-0.0464,0.0632,-0.0134,1739336945818.6409
5091,760690432,0,0.1151,0.0,0.1321,-0.0557,0.0541,-0.0201,1739336945828.6423
5092,928462592,0,0.0921,0.0231,0.0,-0.0464,0.0541,-0.0134,1739336945838.6438
5093,1096234752,0,0.1151,0.0231,0.0,-0.0464,0.0541,-0.0134,1739336945848.6453
5094,1264006912,0,0.0921,0.0231,0.0,-0.0464,0.0541,-0.0134,1739336945858.6467
5095,1431779072,0,0.0921,0.0231,0.0,-0.0464,0.0541,-0.0134,1739336945868.6482
5096,1599551232,0,0.0921,0.0231,0.0,-0.0464,0.0632,-0.0067,1739336945878.6497
5097,1767323392,0,0.0921,0.0231,0.0,-0.0464,0.0541,-0.0067,1739336945888.6514
5098,1935095552,0,0.0921,0.0231,0.0,-0.0464,0.0632,-0.0134,1739336945898.6528
5099,2102867712,0,0.0921,0.0,0.1321,-0.0371,0.0632,-0.0134,1739336945908.6543
5100,2270639872,0,0.0921,0.0231,0.1321,-0.0371,0.0632,-0.0134,1739336945918.6558
5101,2438412032,0,0.0921,0.0,0.0,-0.0464,0.0541,-0.0134,1739336945928.6572
5102,2606184192,0,0.0921,0.0,-0.1321,-0.0371,0.0541,-0.0201,1739336945938.6587
5103,2773956352,0,0.1151,0.0231,-0.1321,-0.0371,0.0541,-0.0201,1739336945948.6602
5104,2941728512,0,0.1151,0.0231,0.0,-0.0464,0.0541,-0.0134,1739336945958.6619
5105,3109500672,0,0.0921,0.0,0.0,-0.0371,0.0632,-0.0201,1739336945968.6633
5106,3277272832,0,0.0921,0.0231,0.0,-0.0464,0.0541,-0.0134,1739336945978.6648
5107,3445044992,0,0.0921,0.0231,0.0,-0.0371,0.0541,-0.0134,1739336945988.6663
5108,3612817152,0,0.1151,0.0,0.0,-0.0464,0.0541,-0.0134,1739336945998.6677
5109,3780589312,0,0.1151,0.0231,0.0,-0.0464,0.0541,-0.0134,1739336946008.6692
5110,3948361472,0,0.1151,0.0231,0.0,-0.0371,0.0541,-0.0134,1739336946018.671
5111,4116133632,0,0.0921,0.0231,0.0,-0.0371,0.0541,-0.0067,1739336946028.6724
5112,4283905792,0,0.0921,0.0,0.0,-0.0371,0.0541,-0.0067,1739336946038.6738
5113,156776192,0,0.1151,0.0,0.0,-0.0371,0.0722,-0.0134,1739336946048.6753
5114,324548352,0,0.1151,0.0,0.0,-0.0464,0.0632,-0.0134,1739336946058.6768
5115,492320512,0,0.0921,0.0231,0.0,-0.0464,0.0541,-0.0067,1739336946068.6782
5116,660092672,0,0.0921,0.0231,0.0,-0.0371,0.0632,-0.0134,1739336946078.6797
5117,827864832,0,0.0921,0.0231,0.0,-0.0371,0.0632,-0.0067,1739336946088.6814
5118,995636992,0,0.0921,0.0231,0.0,-0.0371,0.0632,-0.0201,1739336946098.6829
5119,1163409152,0,0.1151,0.0231,0.0,-0.0464,0.0632,-0.0201,1739336946108.6843
5120,1331181312,0,0.1151,0.0,0.0,-0.0371,0.0541,-0.0134,1739336946118.6858
5121,1498953472,0,0.0921,0.0231,0.0,-0.0371,0.0632,-0.0134,1739336946128.6873
5122,1666725632,0,0.0921,0.0231,0.0,-0.0371,0.0541,-0.0201,1739336946138.6887
5123,1834497792,0,0.0921,0.0,0.0,-0.0371,0.0541,-0.0201,1739336946148.6902
5124,2002269952,0,0.0921,0.0231,0.0,-0.0371,0.0541,-0.0067,1739336946158.692
5125,2170042112,0,0.0921,0.0231,0.0,-0.0464,0.0541,-0.0134,1739336946168.6934
5126,2337814272,0,0.0691,0.0231,0.0,-0.0371,0.0632,-0.0134,1739336946178.6948
5127,2505586432,0,0.0921,0.0231,0.0,-0.0464,0.0541,-0.0134,1739336946188.6963
5128,2673358592,0,0.0921,0.0231,0.0,-0.0464,0.0541,-0.0067,1739336946198.6978
5129,2841130752,0,0.0691,0.0231,0.0,-0.0464,0.0632,-0.0067,1739336946208.6992
5130,3008902912,0,0.0921,0.0231,0.0,-0.0371,0.0632,-0.0134,1739336946218.7007
5131,3176675072,0,0.0921,0.0231,0.0,-0.0371,0.0632,-0.0134,1739336946228.7024
5132,3344447232,0,0.0921,0.0231,0.0,-0.0464,0.0632,-0.0067,1739336946238.7039
5133,3512219392,0,0.1151,0.0231,0.0,-0.0371,0.0632,-0.0134,1739336946248.7053
5134,3679991552,0,0.1151,0.0,0.0,-0.0371,0.0632,-0.0134,1739336946258.7068
5135,3847763712,0,0.0921,0.0,-0.1321,-0.0464,0.0541,-0.0134,1739336946268.7083
5136,4015535872,0,0.1151,0.0,-0.1321,-0.0464,0.0541,-0.0201,1739336946278.7097
5137,4183308032,0,0.0921,0.0231,-0.1321,-0.0371,0.0541,-0.0201,1739336946288.7112
5138,56178432,0,0.1151,0.0231,0.0,-0.0371,0.0632,-0.0201,1739336946298.713
5139,223950592,0,0.1151,0.0,-0.1321,-0.0371,0.0541,-0.0201,1739336946308.7144
5140,391722752,0,0.1151,0.0231,-0.1321,-0.0371,0.0541,-0.0134,1739336946318.7158
5141,559494912,0,0.0921,0.0231,-0.1321,-0.0371,0.0541,-0.0134,1739336946328.7173
5142,727267072,0,0.0921,0.0,0.0,-0.0371,0.0632,-0.0134,1739336946338.7188
5143,895039232,0,0.1151,0.0,-0.1321,-0.0464,0.0541,-0.0134,1739336946348.7202
5144,1062811392,0,0.0921,0.0,-0.2643,-0.0464,0.0451,-0.0201,1739336946358.7217
5145,1230583552,0,0.0921,0.0231,-0.1321,-0.0371,0.0541,-0.0067,1739336946368.7234
5146,1398355712,0,0.1151,0.0,-0.1321,-0.0464,0.0541,-0.0134,1739336946378.7249
5147,1566127872,0,0.0921,0.0,-0.1321,-0.0371,0.0541,-0.0067,1739336946388.7263
5148,1733900032,0,0.0921,0.0231,-0.1321,-0.0464,0.0541,-0.0134,1739336946398.7278
5149,1901672192,0,0.1151,0.0,-0.1321,-0.0464,0.0541,-0.0134,1739336946408.7292
5150,2069444352,0,0.1151,0.0,-0.1321,-0.0371,0.0541,-0.0067,1739336946418.7307
5151,2237216512,0,0.1382,0.0231,-0.1321,-0.0371,0.0541,-0.0134,1739336946428.7322
5152,2404988672,0,0.1151,0.0,-0.1321,-0.0371,0.0541,-0.0134,1739336946438.734
5153,2572760832,0,0.1151,0.0231,-0.1321,-0.0371,0.0541,-0.0134,1739336946448.7354
5154,2740532992,0,0.1151,0.0462,-0.1321,-0.0371,0.0541,-0.0134,1739336946458.7368
5155,2908305152,0,0.0921,0.0,-0.1321,-0.0371,0.0541,-0.0134,1739336946468.7383
5156,3076077312,0,0.1151,0.0,-0.1321,-0.0278,0.0541,-0.0134,1739336946478.7397
5157,3243849472,0,0.0921,0.0231,-0.1321,-0.0278,0.0541,-0.0134,1739336946488.7412
5158,3411621632,0,0.1151,0.0,-0.1321,-0.0278,0.0541,-0.0134,1739336946498.7427
5159,3579393792,0,0.0921,0.0,-0.1321,-0.0371,0.0541,-0.0134,1739336946508.7444
5160,3747165952,0,0.1151,0.0231,-0.1321,-0.0278,0.0541,-0.0201,1739336946518.7458
5161,3914938112,0,0.0921,0.0,-0.1321,-0.0371,0.0541,-0.0134,1739336946528.7473
5162,4082710272,0,0.1151,0.0,-0.1321,-0.0371,0.0541,-0.0134,1739336946538.7488
5163,4250482432,0,0.1151,0.0231,-0.1321,-0.0371,0.0541,-0.0134,1739336946548.7502
5164,123352832,0,0.0921,0.0,-0.1321,-0.0278,0.0541,-0.0067,1739336946558.7517
5165,291124992,0,0.1151,0.0,-0.1321,-0.0371,0.0541,-0.0201,1739336946568.7532
5166,458897152,0,0.0691,0.0231,0.0,-0.0371,0.0632,-0.0134,1739336946578.755
5167,626669312,0,0.1151,0.0231,0.0,-0.0371,0.0632,-0.0134,1739336946588.7563
5168,794441472,0,0.0921,0.0,0.0,-0.0278,0.0541,0.0,1739336946598.7578
5169,962213632,0,0.0921,0.0231,0.0,-0.0371,0.0632,-0.0134,1739336946608.7593
5170,1129985792,0,0.0921,0.0231,-0.1321,-0.0371,0.0541,-0.0067,1739336946618.7607
5171,1297757952,0,0.0921,0.0231,0.0,-0.0371,0.0632,-0.0201,1739336946628.7622
5172,1465530112,0,0.1151,0.0231,-0.1321,-0.0371,0.0541,-0.0201,1739336946638.764
5173,1633302272,0,0.1151,0.0231,-0.1321,-0.0464,0.0541,-0.0134,1739336946648.7654
5174,1801074432,0,0.1151,0.0231,-0.2643,-0.0464,0.0451,-0.0134,1739336946658.7668
5175,1968846592,0,0.0921,0.0231,-0.1321,-0.0278,0.0541,-0.0134,1739336946668.7683
5176,2136618752,0,0.0921,0.0,-0.1321,-0.0371,0.0541,-0.0134,1739336946678.7698
5177,2304390912,0,0.0921,0.0231,-0.1321,-0.0371,0.0541,-0.0134,1739336946688.7712
5178,2472163072,0,0.0921,0.0231,-0.1321,-0.0278,0.0541,-0.0134,1739336946698.7727
5179,2639935232,0,0.1151,0.0,-0.2643,-0.0464,0.0451,-0.0134,1739336946708.7744
5180,2807707392,0,0.0921,0.0,-0.2643,-0.0464,0.0451,-0.0134,1739336946718.776
5181,2975479552,0,0.0921,0.0,-0.1321,-0.0278,0.0541,-0.0134,1739336946728.7773
5182,3143251712,0,0.0921,0.0231,-0.1321,-0.0278,0.0541,-0.0134,1739336946738.7788
5183,3311023872,0,0.0921,-0.0231,-0.1321,-0.0371,0.0632,-0.0067,1739336946748.7803
5184,3478796032,0,0.0921,0.0231,-0.1321,-0.0371,0.0541,-0.0134,1739336946758.7817
5185,3646568192,0,0.0921,0.0,-0.1321,-0.0371,0.0541,-0.0134,1739336946768.7832
5186,3814340352,0,0.1151,0.0,-0.1321,-0.0278,0.0632,-0.0134,1739336946778.785
5187,3982112512,0,0.0921,0.0231,0.0,-0.0371,0.0632,-0.0134,1739336946788.7864
5188,4149884672,0,0.1151,0.0231,0.0,-0.0371,0.0632,-0.0134,1739336946798.7878
5189,22755072,0,0.0921,0.0231,-0.1321,-0.0371,0.0541,-0.0134,1739336946808.7893
5190,190527232,0,0.1151,0.0231,-0.1321,-0.0278,0.0541,-0.0201,1739336946818.7908
5191,358299392,0,0.0921,0.0,-0.1321,-0.0371,0.0541,-0.0134,1739336946828.7922
5192,526071552,0,0.1151,0.0231,-0.1321,-0.0278,0.0541,-0.0201,1739336946838.7937
5193,693843712,0,0.0921,0.0231,-0.1321,-0.0278,0.0541,-0.0134,1739336946848.7954
5194,861615872,0,0.0921,0.0231,-0.1321,-0.0371,0.0541,-0.0134,1739336946858.7969
5195,1029388032,0,0.0691,0.0231,-0.1321,-0.0278,0.0541,-0.0134,1739336946868.7983
5196,1197160192,0,0.0691,0.0231,-0.1321,-0.0278,0.0541,-0.0134,1739336946878.7998
5197,1364932352,0,0.0921,0.0,-0.1321,-0.0278,0.0541,-0.0134,1739336946888.8013
5198,1532704512,0,0.0921,0.0231,-0.1321,-0.0278,0.0361,0.0,1739336946898.8027
5199,1700476672,0,0.0921,0.0231,-0.2643,-0.0464,0.0451,-0.0067,1739336946908.8042
5200,1868248832,0,0.0691,0.0,-0.1321,-0.0371,0.0541,-0.0134,1739336946918.806
5201,2036020992,0,0.1151,0.0,-0.1321,-0.0278,0.0541,-0.0201,1739336946928.8074
5202,2203793152,0,0.0691,0.0231,-0.1321,-0.0278,0.0541,-0.0134,1739336946938.8088
5203,2371565312,0,0.1151,-0.0231,-0.1321,-0.0371,0.0541,-0.0134,1739336946948.8103
5204,2539337472,0,0.0921,0.0231,-0.1321,-0.0371,0.0541,-0.0134,1739336946958.8118
5205,2707109632,0,0.0921,0.0231,-0.1321,-0.0371,0.0541,-0.0134,1739336946968.8132
5206,2874881792,0,0.0921,0.0231,-0.1321,-0.0371,0.0541,-0.0067,1739336946978.8147
5207,3042653952,0,0.0921,0.0231,0.0,-0.0371,0.0632,-0.0134,1739336946988.8164
5208,3210426112,0,0.0921,0.0231,-0.1321,-0.0278,0.0632,-0.0134,1739336946998.8179
5209,3378198272,0,0.0691,0.0231,-0.1321,-0.0278,0.0541,-0.0067,1739336947008.8193
5210,3545970432,0,0.0691,0.0231,-0.1321,-0.0278,0.0541,-0.0067,1739336947018.8208
5211,3713742592,0,0.0921,0.0,-0.1321,-0.0185,0.0632,-0.0067,1739336947028.8223
5212,3881514752,0,0.0691,0.0231,-0.1321,-0.0278,0.0541,-0.0067,1739336947038.8237
5213,4049286912,0,0.0691,0.0462,-0.1321,-0.0185,0.0632,0.0,1739336947048.8252
5214,4217059072,0,0.0921,0.0462,-0.1321,-0.0371,0.0541,-0.0134,1739336947058.827
5215,89929472,0,0.0921,0.0231,-0.1321,-0.0278,0.0541,-0.0134,1739336947068.8284
5216,257701632,0,0.0921,0.0231,-0.1321,-0.0185,0.0541,-0.0067,1739336947078.8298
5217,425473792,0,0.0921,0.0231,-0.1321,-0.0185,0.0541,-0.0067,1739336947088.8313
5218,593245952,0,0.0921,0.0,-0.1321,-0.0278,0.0541,-0.0134,1739336947098.8328
5219,761018112,0,0.0921,0.0231,-0.1321,-0.0185,0.0541,-0.0067,1739336947108.8342
5220,928790272,0,0.0691,0.0231,0.0,-0.0371,0.0541,-0.0067,1739336947118.8357
5221,1096562432,0,0.0921,0.0,-0.1321,-0.0278,0.0632,-0.0134,1739336947128.8374
5222,1264334592,0,0.0921,0.0231,0.0,-0.0185,0.0541,-0.0067,1739336947138.8389
5223,1432106752,0,0.1151,0.0,-0.1321,-0.0371,0.0541,-0.0201,1739336947148.8403
5224,1599878912,0,0.0921,0.0231,-0.1321,-0.0185,0.0541,-0.0134,1739336947158.8418
5225,1767651072,0,0.1151,0.0,-0.1321,-0.0185,0.0541,-0.0134,1739336947168.8433
5226,1935423232,0,0.0691,0.0231,-0.1321,-0.0278,0.0632,-0.0134,1739336947178.8447
5227,2103195392,0,0.0921,0.0,0.0,-0.0371,0.0632,-0.0134,1739336947188.8462
5228,2270967552,0,0.0921,0.0231,-0.1321,-0.0278,0.0451,-0.0134,1739336947198.848
5229,2438739712,0,0.0921,0.0231,0.0,-0.0278,0.0541,-0.0201,1739336947208.8494
5230,2606511872,0,0.0921,0.0,0.0,-0.0371,0.0541,-0.0201,1739336947218.8508
5231,2774284032,0,0.0921,0.0231,-0.1321,-0.0278,0.0541,-0.0201,1739336947228.8523
5232,2942056192,0,0.0921,0.0231,-0.1321,-0.0278,0.0632,-0.0201,1739336947238.8538
5233,3109828352,0,0.0921,0.0231,-0.1321,-0.0185,0.0632,-0.0067,1739336947248.8552
5234,3277600512,0,0.1151,0.0,0.0,-0.0278,0.0632,-0.0067,1739336947258.8567
5235,3445372672,0,0.1151,0.0231,-0.1321,-0.0278,0.0451,-0.0134,1739336947268.8584
5236,3613144832,0,0.0921,0.0,-0.1321,-0.0278,0.0541,-0.0134,1739336947278.8599
5237,3780916992,0,0.0921,0.0,0.0,-0.0278,0.0541,-0.0134,1739336947288.8613
5238,3948689152,0,0.0921,0.0231,-0.1321,-0.0185,0.0541,-0.0067,1739336947298.8628
5239,4116461312,0,0.0921,0.0,0.0,-0.0371,0.0541,-0.0134,1739336947308.8643
5240,4284233472,0,0.0921,0.0231,-0.1321,-0.0185,0.0541,-0.0067,1739336947318.8657
5241,157103872,0,0.0921,0.0231,-0.1321,-0.0185,0.0541,0.0,1739336947328.8674
5242,324876032,0,0.0921,0.0231,0.0,-0.0278,0.0541,-0.0134,1739336947338.869
5243,492648192,0,0.0921,0.0231,0.0,-0.0278,0.0541,-0.0134,1739336947348.8704
5244,660420352,0,0.0921,0.0231,0.0,-0.0371,0.0541,-0.0067,1739336947358.8718
5245,828192512,0,0.0921,0.0,0.0,-0.0371,0.0541,-0.0067,1739336947368.8733
5246,995964672,0,0.0921,0.0,-0.1321,-0.0278,0.0451,-0.0134,1739336947378.8748
5247,1163736832,0,0.0921,0.0231,0.0,-0.0371,0.0541,-0.0134,1739336947388.8762
5248,1331508992,0,0.0691,0.0231,-0.1321,-0.0278,0.0541,0.0,1739336947398.878
5249,1499281152,0,0.0921,0.0,-0.1321,-0.0278,0.0541,-0.0134,1739336947408.8794
5250,1667053312,0,0.0921,0.0231,0.0,-0.0371,0.0451,-0.0134,1739336947418.8809
5251,1834825472,0,0.046,0.0231,-0.1321,-0.0278,0.0451,-0.0134,1739336947428.8823
5252,2002597632,0,0.0921,0.0231,0.0,-0.0371,0.0541,-0.0067,1739336947438.8838
5253,2170369792,0,0.0921,0.0231,-0.1321,-0.0185,0.0632,-0.0067,1739336947448.8853
5254,2338141952,0,0.0691,0.0231,0.0,-0.0371,0.0541,-0.0134,1739336947458.8867
5255,2505914112,0,0.0691,0.0231,0.0,-0.0278,0.0541,0.0,1739336947468.8884
5256,2673686272,0,0.0921,0.0231,0.0,-0.0371,0.0541,-0.0134,1739336947478.89
5257,2841458432,0,0.0921,0.0231,0.0,-0.0371,0.0541,-0.0067,1739336947488.8914
5258,3009230592,0,0.0921,0.0231,0.0,-0.0371,0.0541,-0.0067,1739336947498.8928
5259,3177002752,0,0.0921,0.0,0.0,-0.0371,0.0541,-0.0201,1739336947508.8943
5260,3344774912,0,0.1151,0.0,0.0,-0.0371,0.0541,-0.0067,1739336947518.8958
5261,3512547072,0,0.0921,0.0231,0.0,-0.0371,0.0541,-0.0067,1739336947528.8972
5262,3680319232,0,0.0691,0.0231,0.0,-0.0371,0.0541,-0.0134,1739336947538.899
5263,3848091392,0,0.1151,0.0,0.0,-0.0371,0.0541,-0.0134,1739336947548.9004
5264,4015863552,0,0.0921,0.0231,0.0,-0.0371,0.0541,-0.0067,1739336947558.9019
5265,4183635712,0,0.0691,0.0462,-0.1321,-0.0371,0.0541,-0.0134,1739336947568.9033
5266,56506112,0,0.0921,0.0,-0.1321,-0.0278,0.0541,-0.0134,1739336947578.9048
5267,224278272,0,0.0921,0.0,0.0,-0.0371,0.0632,-0.0134,1739336947588.9062
5268,392050432,0,0.0921,0.0231,-0.1321,-0.0278,0.0541,-0.0201,1739336947598.9077
5269,559822592,0,0.0921,0.0,0.0,-0.0371,0.0541,-0.0201,1739336947608.9094
5270,727594752,0,0.0921,0.0231,0.0,-0.0371,0.0541,-0.0201,1739336947618.911
5271,895366912,0,0.0921,0.0231,0.0,-0.0371,0.0451,-0.0067,1739336947628.9124
5272,1063139072,0,0.1151,0.0,0.0,-0.0278,0.0541,-0.0134,1739336947638.9138
5273,1230911232,0,0.1151,0.0231,0.0,-0.0278,0.0541,-0.0201,1739336947648.9153
5274,1398683392,0,0.0921,0.0,-0.1321,-0.0278,0.0541,-0.0134,1739336947658.9167
5275,1566455552,0,0.1151,0.0,-0.1321,-0.0371,0.0541,-0.0134,1739336947668.9182
5276,1734227712,0,0.1151,0.0,-0.1321,-0.0371,0.0541,-0.0134,1739336947678.92
5277,1901999872,0,0.0921,0.0231,0.0,-0.0371,0.0632,-0.0134,1739336947688.9214
5278,2069772032,0,0.0921,0.0,0.0,-0.0371,0.0451,-0.0067,1739336947698.9229
5279,2237544192,0,0.0921,0.0,-0.1321,-0.0278,0.0541,-0.0201,1739336947708.9243
5280,2405316352,0,0.0921,0.0231,-0.1321,-0.0278,0.0541,-0.0134,1739336947718.9258
5281,2573088512,0,0.0921,0.0231,-0.1321,-0.0278,0.0541,-0.0134,1739336947728.9272
5282,2740860672,0,0.1151,0.0231,-0.1321,-0.0278,0.0541,-0.0134,1739336947738.9287
5283,2908632832,0,0.0921,0.0231,-0.1321,-0.0278,0.0541,-0.0134,1739336947748.9304
5284,3076404992,0,0.0921,0.0,-0.1321,-0.0278,0.0541,-0.0134,1739336947758.932
5285,3244177152,0,0.0921,0.0231,-0.1321,-0.0185,0.0541,-0.0067,1739336947768.9333
5286,3411949312,0,0.0921,0.0231,-0.1321,-0.0278,0.0632,-0.0134,1739336947778.9348
5287,3579721472,0,0.0921,0.0,0.0,-0.0371,0.0541,-0.0067,1739336947788.9363
5288,3747493632,0,0.0921,0.0,0.0,-0.0371,0.0541,-0.0134,1739336947798.9377
5289,3915265792,0,0.1151,0.0,-0.1321,-0.0371,0.0541,-0.0201,1739336947808.9392
5290,4083037952,0,0.0691,0.0231,-0.1321,-0.0371,0.0541,-0.0067,1739336947818.941
5291,4250810112,0,0.0921,0.0231,-0.1321,-0.0278,0.0451,-0.0134,1739336947828.9424
5292,123680512,0,0.0921,0.0,-0.1321,-0.0278,0.0541,-0.0067,1739336947838.9438
5293,291452672,0,0.1382,0.0,-0.1321,-0.0278,0.0541,-0.0201,1739336947848.9453
5294,459224832,0,0.1151,0.0231,-0.1321,-0.0278,0.0541,-0.0201,1739336947858.9468
5295,626996992,0,0.1151,0.0,-0.1321,-0.0278,0.0541,-0.0134,1739336947868.9482
5296,794769152,0,0.1151,0.0,0.0,-0.0371,0.0451,-0.0067,1739336947878.9497
5297,962541312,0,0.1151,0.0,-0.1321,-0.0371,0.0451,-0.0134,1739336947888.9514
5298,1130313472,0,0.0921,0.0,-0.1321,-0.0278,0.0541,-0.0268,1739336947898.953
5299,1298085632,0,0.1151,0.0,-0.1321,-0.0278,0.0541,-0.0134,1739336947908.9543
5300,1465857792,0,0.0921,0.0231,-0.1321,-0.0278,0.0541,-0.0201,1739336947918.9558
5301,1633629952,0,0.0921,0.0231,-0.1321,-0.0278,0.0541,-0.0201,1739336947928.9573
5302,1801402112,0,0.0691,0.0231,-0.1321,-0.0278,0.0451,-0.0134,1739336947938.9587
5303,1969174272,0,0.1382,0.0,-0.1321,-0.0278,0.0451,-0.0201,1739336947948.9602
5304,2136946432,0,0.0921,0.0231,0.0,-0.0278,0.0541,-0.0201,1739336947958.962
5305,2304718592,0,0.0921,0.0,0.0,-0.0278,0.0541,-0.0134,1739336947968.9634
5306,2472490752,0,0.0921,0.0231,0.0,-0.0278,0.0541,-0.0134,1739336947978.9648
5307,2640262912,0,0.0691,0.0231,0.0,-0.0371,0.0541,-0.0134,1739336947988.9663
5308,2808035072,0,0.0921,0.0,-0.1321,-0.0278,0.0541,-0.0134,1739336947998.9678
5309,2975807232,0,0.0921,0.0231,-0.1321,-0.0278,0.0632,-0.0134,1739336948008.9692
5310,3143579392,0,0.0921,0.0231,-0.1321,-0.0278,0.0632,-0.0134,1739336948018.971
5311,3311351552,0,0.0921,0.0231,-0.1321,-0.0278,0.0451,-0.0134,1739336948028.9724
5312,3479123712,0,0.1151,0.0,0.0,-0.0278,0.0541,-0.0134,1739336948038.9739
5313,3646895872,0,0.0921,0.0231,0.0,-0.0185,0.0722,-0.0201,1739336948048.9753
5314,3814668032,0,0.0921,0.0231,0.0,-0.0185,0.0541,-0.0067,1739336948058.9768
5315,3982440192,0,0.0921,0.0231,-0.1321,-0.0278,0.0451,-0.0067,1739336948068.9783
5316,4150212352,0,0.0691,0.0231,-0.1321,-0.0278,0.0632,-0.0134,1739336948078.9797
5317,23082752,0,0.0921,0.0,0.0,-0.0278,0.0541,-0.0134,1739336948088.9814
5318,190854912,0,0.0921,0.0,0.0,-0.0278,0.0541,-0.0201,1739336948098.983
5319,358627072,0,0.0691,0.0231,0.0,-0.0278,0.0541,-0.0067,1739336948108.9844
5320,526399232,0,0.0921,0.0,0.0,-0.0278,0.0541,-0.0201,1739336948118.9858
5321,694171392,0,0.0921,0.0231,0.0,-0.0278,0.0541,-0.0134,1739336948128.9873
5322,861943552,0,0.0691,0.0231,0.0,-0.0371,0.0541,-0.0067,1739336948138.9888
5323,1029715712,0,0.1151,0.0231,0.0,-0.0278,0.0541,-0.0134,1739336948148.9902
5324,1197487872,0,0.1151,0.0231,-0.1321,-0.0278,0.0451,-0.0134,1739336948158.992
5325,1365260032,0,0.1151,0.0231,-0.1321,-0.0278,0.0541,-0.0134,1739336948168.9934
5326,1533032192,0,0.0691,0.0231,-0.1321,-0.0278,0.0451,-0.0067,1739336948178.9949
5327,1700804352,0,0.0921,0.0231,0.0,-0.0185,0.0541,-0.0067,1739336948188.9963
5328,1868576512,0,0.0921,0.0231,0.0,-0.0278,0.0541,-0.0134,1739336948198.9978
5329,2036348672,0,0.0691,0.0231,0.0,-0.0278,0.0541,-0.0067,1739336948208.9993
5330,2204120832,0,0.0921,0.0231,-0.1321,-0.0185,0.0541,-0.0067,1739336948219.0007
5331,2371892992,0,0.0921,0.0231,-0.1321,-0.0185,0.0541,-0.0134,1739336948229.0024
5332,2539665152,0,0.1151,0.0,-0.1321,-0.0278,0.0451,-0.0201,1739336948239.004
5333,2707437312,0,0.0921,0.0462,0.0,-0.0278,0.0541,-0.0134,1739336948249.0054
5334,2875209472,0,0.0921,0.0231,-0.1321,-0.0185,0.0541,-0.0134,1739336948259.0068
5335,3042981632,0,0.0921,0.0231,-0.1321,-0.0278,0.0541,-0.0134,1739336948269.0083
5336,3210753792,0,0.0691,0.0231,-0.1321,-0.0278,0.0632,-0.0134,1739336948279.0098
5337,3378525952,0,0.0691,0.0231,-0.1321,-0.0278,0.0451,-0.0067,1739336948289.0112
5338,3546298112,0,0.0691,0.0231,0.0,-0.0371,0.0451,-0.0067,1739336948299.013
5339,3714070272,0,0.0921,0.0231,0.0,-0.0278,0.0541,-0.0134,1739336948309.0144
5340,3881842432,0,0.0691,0.0231,0.0,-0.0371,0.0541,-0.0067,1739336948319.0159
5341,4049614592,0,0.1151,0.0231,0.0,-0.0278,0.0541,-0.0134,1739336948329.0173
5342,4217386752,0,0.0921,0.0231,0.0,-0.0371,0.0541,-0.0067,1739336948339.0188
5343,90257152,0,0.0921,0.0231,0.0,-0.0185,0.0541,-0.0067,1739336948349.0203
5344,258029312,0,0.1151,0.0231,0.0,-0.0185,0.0541,-0.0067,1739336948359.0217
5345,425801472,0,0.0921,0.0,0.0,-0.0371,0.0541,-0.0134,1739336948369.0234
5346,593573632,0,0.0921,0.0231,0.0,-0.0278,0.0541,-0.0134,1739336948379.025
5347,761345792,0,0.0921,0.0,-0.1321,-0.0278,0.0541,-0.0134,1739336948389.0264
5348,929117952,0,0.0921,0.0231,-0.1321,-0.0278,0.0541,-0.0201,1739336948399.0278
5349,1096890112,0,0.0921,0.0,-0.1321,-0.0278,0.0541,-0.0134,1739336948409.0293
5350,1264662272,0,0.1151,0.0,-0.1321,-0.0278,0.0361,-0.0067,1739336948419.0308
5351,1432434432,0,0.0921,0.0231,0.0,-0.0278,0.0541,-0.0134,1739336948429.0322
5352,1600206592,0,0.0921,0.0231,-0.1321,-0.0278,0.0451,-0.0134,1739336948439.034
5353,1767978752,0,0.1151,0.0231,-0.1321,-0.0278,0.0451,-0.0067,1739336948449.0354
5354,1935750912,0,0.1151,0.0231,-0.1321,-0.0278,0.0451,-0.0067,1739336948459.0369
5355,2103523072,0,0.0921,0.0231,0.0,-0.0278,0.0541,-0.0134,1739336948469.0383
5356,2271295232,0,0.0921,0.0231,0.0,-0.0185,0.0541,-0.0067,1739336948479.0398
5357,2439067392,0,0.0921,0.0,0.0,-0.0278,0.0541,-0.0067,1739336948489.0413
5358,2606839552,0,0.0691,0.0,-0.1321,-0.0278,0.0541,-0.0067,1739336948499.0427
5359,2774611712,0,0.1151,0.0,-0.1321,-0.0278,0.0361,-0.0067,1739336948509.0444
5360,2942383872,0,0.0921,0.0,-0.1321,-0.0278,0.0451,-0.0134,1739336948519.046
5361,3110156032,0,0.0921,0.0,-0.1321,-0.0278,0.0541,-0.0134,1739336948529.0474
5362,3277928192,0,0.0921,0.0231,-0.1321,-0.0185,0.0541,-0.0067,1739336948539.0488
5363,3445700352,0,0.0921,0.0231,-0.1321,-0.0185,0.0541,-0.0134,1739336948549.0503
5364,3613472512,0,0.0921,0.0,0.0,-0.0371,0.0541,-0.0067,1739336948559.0518
5365,3781244672,0,0.0921,0.0231,0.0,-0.0185,0.0541,-0.0067,1739336948569.0532
5366,3949016832,0,0.0921,0.0231,-0.1321,-0.0278,0.0632,-0.0134,1739336948579.055
5367,4116788992,0,0.0691,0.0231,-0.1321,-0.0278,0.0541,-0.0067,1739336948589.0564
5368,4284561152,0,0.1151,0.0,-0.1321,-0.0278,0.0361,-0.0067,1739336948599.0579
5369,157431552,0,0.0921,0.0231,0.0,-0.0278,0.0541,-0.0134,1739336948609.0593
5370,325203712,0,0.0921,0.0231,-0.1321,-0.0092,0.0541,-0.0067,1739336948619.0608
5371,492975872,0,0.0921,0.0,-0.1321,-0.0278,0.0541,-0.0067,1739336948629.0623
5372,660748032,0,0.0921,0.0231,-0.1321,-0.0278,0.0451,-0.0067,1739336948639.064
5373,828520192,0,0.0691,0.0231,0.0,-0.0278,0.0541,-0.0134,1739336948649.0654
5374,996292352,0,0.0921,0.0231,-0.1321,-0.0185,0.0541,-0.0201,1739336948659.067
5375,1164064512,0,0.0691,0.0231,-0.1321,-0.0278,0.0451,-0.0134,1739336948669.0684
5376,1331836672,0,0.0921,0.0231,-0.1321,-0.0278,0.0451,-0.0134,1739336948679.0698
5377,1499608832,0,0.0691,0.0231,-0.1321,-0.0278,0.0451,-0.0201,1739336948689.0713
5378,1667380992,0,0.0691,0.0231,-0.1321,-0.0185,0.0451,-0.0134,1739336948699.0728
5379,1835153152,0,0.0691,0.0231,-0.1321,-0.0185,0.0541,-0.0134,1739336948709.0745
5380,2002925312,0,0.0691,0.0231,-0.1321,-0.0278,0.0451,-0.0067,1739336948719.076
5381,2170697472,0,0.0921,0.0,0.0,-0.0278,0.0541,-0.0067,1739336948729.0774
5382,2338469632,0,0.0921,0.0231,0.0,-0.0278,0.0541,-0.0134,1739336948739.0789
5383,2506241792,0,0.1151,0.0,0.0,-0.0278,0.0541,-0.0134,1739336948749.0803
5384,2674013952,0,0.0921,0.0,0.0,-0.0278,0.0541,-0.0134,1739336948759.0818
5385,2841786112,0,0.0921,0.0,0.0,-0.0278,0.0541,-0.0134,1739336948769.0833
5386,3009558272,0,0.0691,0.0231,0.0,-0.0278,0.0541,-0.0201,1739336948779.085
5387,3177330432,0,0.0691,0.0,0.0,-0.0278,0.0541,-0.0134,1739336948789.0864
5388,3345102592,0,0.0921,0.0231,0.0,-0.0278,0.0541,-0.0134,1739336948799.088
5389,3512874752,0,0.0921,0.0,0.0,-0.0278,0.0541,-0.0067,1739336948809.0894
5390,3680646912,0,0.0921,0.0,-0.1321,-0.0278,0.0451,-0.0134,1739336948819.0908
5391,3848419072,0,0.0691,0.0231,-0.1321,-0.0278,0.0451,-0.0134,1739336948829.0923
5392,4016191232,0,0.0921,0.0231,-0.1321,-0.0278,0.0451,-0.0134,1739336948839.0938
5393,4183963392,0,0.0921,0.0,-0.1321,-0.0185,0.0541,-0.0134,1739336948849.0955
5394,56833792,0,0.0921,0.0,-0.1321,-0.0092,0.0451,-0.0067,1739336948859.097
5395,224605952,0,0.0921,0.0,-0.1321,-0.0185,0.0541,-0.0134,1739336948869.0984
5396,392378112,0,0.0921,0.0,-0.1321,-0.0278,0.0541,-0.0067,1739336948879.0999
5397,560150272,0,0.0921,0.0231,-0.1321,-0.0185,0.0541,-0.0134,1739336948889.1013
5398,727922432,0,0.0691,0.0231,-0.1321,-0.0092,0.0361,0.0,1739336948899.1028
5399,895694592,0,0.1151,0.0,0.0,-0.0278,0.0541,-0.0134,1739336948909.1042
5400,1063466752,0,0.0921,0.0231,0.0,-0.0278,0.0541,-0.0134,1739336948919.106
5401,1231238912,0,0.0921,0.0231,0.0,-0.0278,0.0541,-0.0201,1739336948929.1074
5402,1399011072,0,0.0691,0.0,-0.1321,-0.0185,0.0541,-0.0201,1739336948939.109
5403,1566783232,0,0.0691,0.0,-0.1321,-0.0185,0.0541,-0.0201,1739336948949.1104
5404,1734555392,0,0.0691,0.0,0.0,-0.0278,0.0541,-0.0201,1739336948959.1118
5405,1902327552,0,0.0921,0.0231,-0.1321,-0.0185,0.0451,-0.0134,1739336948969.1133
5406,2070099712,0,0.1151,0.0,0.0,-0.0278,0.0541,-0.0201,1739336948979.1147
5407,2237871872,0,0.0921,0.0231,-0.1321,-0.0185,0.0451,-0.0134,1739336948989.1165
5408,2405644032,0,0.0921,0.0231,-0.1321,-0.0185,0.0451,-0.0134,1739336948999.118
5409,2573416192,0,0.0921,0.0231,0.0,-0.0278,0.0541,-0.0134,1739336949009.1194
5410,2741188352,0,0.0921,0.0,-0.1321,-0.0278,0.0451,-0.0134,1739336949019.1208
5411,2908960512,0,0.0921,0.0,0.0,-0.0278,0.0541,-0.0134,1739336949029.1223
5412,3076732672,0,0.0921,0.0231,0.0,-0.0278,0.0541,-0.0134,1739336949039.1238
5413,3244504832,0,0.0691,0.0,0.0,-0.0185,0.0632,-0.0201,1739336949049.1252
5414,3412276992,0,0.0691,0.0,0.0,-0.0278,0.0541,-0.0134,1739336949059.127
5415,3580049152,0,0.0921,0.0,0.0,-0.0278,0.0541,-0.0201,1739336949069.1284
5416,3747821312,0,0.0921,0.0231,-0.1321,-0.0278,0.0632,-0.0201,1739336949079.13
5417,3915593472,0,0.0921,0.0,-0.1321,-0.0185,0.0451,-0.0134,1739336949089.1313
5418,4083365632,0,0.0921,0.0,-0.1321,-0.0185,0.0451,-0.0201,1739336949099.1328
5419,4251137792,0,0.0691,0.0231,-0.1321,-0.0185,0.0451,-0.0134,1739336949109.1343
5420,124008192,0,0.0921,0.0231,-0.1321,-0.0185,0.0541,-0.0134,1739336949119.1357
5421,291780352,0,0.0921,0.0231,-0.1321,-0.0185,0.0541,-0.0134,1739336949129.1375
5422,459552512,0,0.0921,0.0,0.0,-0.0278,0.0541,-0.0134,1739336949139.139
5423,627324672,0,0.0921,0.0231,0.0,-0.0278,0.0541,-0.0134,1739336949149.1404
5424,795096832,0,0.0921,0.0,-0.1321,-0.0278,0.0632,-0.0201,1739336949159.1418
5425,962868992,0,0.1151,0.0231,0.0,-0.0278,0.0541,-0.0201,1739336949169.1433
5426,1130641152,0,0.0921,0.0,0.0,-0.0185,0.0451,-0.0201,1739336949179.1448
5427,1298413312,0,0.0921,0.0231,0.0,-0.0185,0.0451,-0.0134,1739336949189.1462
5428,1466185472,0,0.0691,0.0231,-0.1321,-0.0185,0.0451,-0.0201,1739336949199.148
5429,1633957632,0,0.0691,0.0,-0.1321,-0.0278,0.0451,-0.0067,1739336949209.1494
5430,1801729792,0,0.0921,0.0231,-0.1321,-0.0278,0.0451,-0.0134,1739336949219.151
5431,1969501952,0,0.0691,0.0231,0.0,-0.0278,0.0541,-0.0067,1739336949229.1523
5432,2137274112,0,0.0921,0.0,-0.1321,-0.0278,0.0451,-0.0201,1739336949239.1538
5433,2305046272,0,0.0691,0.0231,0.0,-0.0278,0.0541,-0.0067,1739336949249.1553
5434,2472818432,0,0.0691,0.0231,0.0,-0.0278,0.0541,-0.0134,1739336949259.1567
5435,2640590592,0,0.0691,0.0231,0.0,-0.0278,0.0541,-0.0067,1739336949269.1584
5436,2808362752,0,0.0921,0.0231,0.0,-0.0278,0.0541,-0.0134,1739336949279.16
5437,2976134912,0,0.0921,0.0,0.0,-0.0278,0.0541,-0.0067,1739336949289.1614
5438,3143907072,0,0.0921,0.0231,0.0,-0.0278,0.0541,-0.0201,1739336949299.1628
5439,3311679232,0,0.0921,0.0,0.0,-0.0278,0.0541,-0.0134,1739336949309.1643
5440,3479451392,0,0.0691,0.0231,0.0,-0.0371,0.0541,-0.0067,1739336949319.1658
5441,3647223552,0,0.0691,0.0231,0.0,-0.0278,0.0541,-0.0134,1739336949329.1675
5442,3814995712,0,0.046,0.0462,0.0,-0.0371,0.0541,-0.0067,1739336949339.169
5443,3982767872,0,0.1151,0.0,0.0,-0.0185,0.0451,-0.0067,1739336949349.1704
5444,4150540032,0,0.0921,0.0231,0.0,-0.0185,0.0541,-0.0067,1739336949359.1719
5445,23410432,0,0.0921,0.0,0.0,-0.0371,0.0541,-0.0067,1739336949369.1733
5446,191182592,0,0.0921,0.0231,0.0,-0.0278,0.0451,-0.0067,1739336949379.1748
5447,358954752,0,0.0921,0.0231,0.0,-0.0278,0.0451,-0.0067,1739336949389.1763
5448,526726912,0,0.0921,0.0231,0.0,-0.0371,0.0541,-0.0134,1739336949399.178
5449,694499072,0,0.0921,0.0,0.0,-0.0371,0.0541,-0.0134,1739336949409.1794
5450,862271232,0,0.0921,0.0,0.0,-0.0278,0.0541,-0.0134,1739336949419.181
5451,1030043392,0,0.0921,0.0231,0.0,-0.0371,0.0541,-0.0067,1739336949429.1824
5452,1197815552,0,0.1151,0.0,0.0,-0.0278,0.0451,-0.0201,1739336949439.1838
5453,1365587712,0,0.0691,0.0,0.0,-0.0185,0.0632,-0.0134,1739336949449.1853
5454,1533359872,0,0.0691,0.0231,0.0,-0.0278,0.0451,-0.0067,1739336949459.1868
5455,1701132032,0,0.0921,0.0231,0.0,-0.0371,0.0541,-0.0201,1739336949469.1885
5456,1868904192,0,0.0691,0.0231,0.0,-0.0278,0.0451,-0.0067,1739336949479.19
5457,2036676352,0,0.0921,0.0231,0.0,-0.0278,0.0451,-0.0134,1739336949489.1914
5458,2204448512,0,0.0921,0.0231,0.0,-0.0185,0.0541,-0.0067,1739336949499.1929
5459,2372220672,0,0.0691,0.0231,0.0,-0.0371,0.0541,-0.0067,1739336949509.1943
5460,2539992832,0,0.0921,0.0231,0.0,-0.0185,0.0541,-0.0067,1739336949519.1958
5461,2707764992,0,0.0921,0.0,0.0,-0.0371,0.0541,-0.0134,1739336949529.1973
5462,2875537152,0,0.0921,0.0462,0.0,-0.0278,0.0451,-0.0201,1739336949539.199
5463,3043309312,0,0.0691,0.0231,0.0,-0.0371,0.0541,-0.0067,1739336949549.2004
5464,3211081472,0,0.1151,0.0,0.0,-0.0371,0.0541,-0.0134,1739336949559.202
5465,3378853632,0,0.0921,0.0231,0.0,-0.0185,0.0541,-0.0067,1739336949569.2034
5466,3546625792,0,0.0921,0.0231,0.0,-0.0278,0.0451,-0.0067,1739336949579.2048
5467,3714397952,0,0.0921,0.0462,0.0,-0.0278,0.0451,-0.0134,1739336949589.2063
5468,3882170112,0,0.0921,0.0231,0.0,-0.0278,0.0451,-0.0134,1739336949599.2078
5469,4049942272,0,0.0921,0.0231,0.0,-0.0371,0.0541,-0.0201,1739336949609.2095
5470,4217714432,0,0.0691,0.0231,-0.1321,-0.0278,0.0451,-0.0067,1739336949619.211
5471,90584832,0,0.1151,0.0,0.0,-0.0371,0.0541,-0.0134,1739336949629.2124
5472,258356992,0,0.0921,0.0462,0.0,-0.0371,0.0541,-0.0067,1739336949639.2139
5473,426129152,0,0.0691,0.0462,0.0,-0.0278,0.0541,0.0,1739336949649.2153
5474,593901312,0,0.0691,0.0231,0.0,-0.0185,0.0632,-0.0067,1739336949659.2168
5475,761673472,0,0.0691,0.0,0.0,-0.0278,0.0541,0.0,1739336949669.2183
5476,929445632,0,0.0921,0.0,0.0,-0.0371,0.0541,-0.0134,1739336949679.22
5477,1097217792,0,0.0921,0.0231,0.0,-0.0371,0.0541,-0.0067,1739336949689.2214
5478,1264989952,0,0.0921,0.0,0.0,-0.0371,0.0541,-0.0067,1739336949699.223
5479,1432762112,0,0.0921,0.0231,0.0,-0.0371,0.0451,-0.0067,1739336949709.2244
5480,1600534272,0,0.0691,0.0462,0.0,-0.0278,0.0451,-0.0134,1739336949719.2258
5481,1768306432,0,0.0921,0.0231,0.0,-0.0371,0.0451,-0.0067,1739336949729.2273
5482,1936078592,0,0.0921,0.0231,0.0,-0.0371,0.0451,-0.0067,1739336949739.2288
5483,2103850752,0,0.0921,0.0,0.0,-0.0278,0.0541,-0.0134,1739336949749.2305
5484,2271622912,0,0.0691,0.0231,0.0,-0.0278,0.0451,-0.0067,1739336949759.232
5485,2439395072,0,0.0921,0.0,0.0,-0.0278,0.0541,-0.0134,1739336949769.2334
5486,2607167232,0,0.1151,0.0,0.0,-0.0371,0.0541,-0.0134,1739336949779.2349
5487,2774939392,0,0.0921,0.0231,-0.1321,-0.0278,0.0451,-0.0067,1739336949789.2363
5488,2942711552,0,0.1151,0.0231,0.0,-0.0371,0.0541,-0.0134,1739336949799.2378
5489,3110483712,0,0.0921,0.0,0.0,-0.0371,0.0451,-0.0067,1739336949809.2393
5490,3278255872,0,0.0921,0.0,0.0,-0.0278,0.0541,-0.0067,1739336949819.241
5491,3446028032,0,0.0921,0.0231,0.0,-0.0278,0.0541,-0.0134,1739336949829.2424
5492,3613800192,0,0.0921,0.0,0.0,-0.0371,0.0541,-0.0201,1739336949839.244
5493,3781572352,0,0.1151,0.0,0.0,-0.0185,0.0451,-0.0201,1739336949849.2454
5494,3949344512,0,0.1151,0.0,0.0,-0.0371,0.0541,-0.0201,1739336949859.2468
5495,4117116672,0,0.0921,0.0231,0.0,-0.0278,0.0541,-0.0134,1739336949869.2483
5496,4284888832,0,0.0691,0.0,-0.1321,-0.0278,0.0451,-0.0134,1739336949879.2498
5497,157759232,0,0.0921,0.0231,0.0,-0.0278,0.0541,-0.0201,1739336949889.2515
5498,325531392,0,0.0691,0.0231,0.0,-0.0185,0.0451,-0.0134,1739336949899.253
5499,493303552,0,0.1151,0.0231,0.0,-0.0278,0.0451,-0.0067,1739336949909.2544
5500,661075712,0,0.0921,0.0231,0.0,-0.0278,0.0451,-0.0134,1739336949919.2559
5501,828847872,0,0.0921,0.0,0.0,-0.0278,0.0451,-0.0134,1739336949929.2573
5502,996620032,0,0.0921,0.0,0.0,-0.0278,0.0451,-0.0201,1739336949939.2588
5503,1164392192,0,0.0921,0.0,0.0,-0.0278,0.0451,-0.0134,1739336949949.2605
5504,1332164352,0,0.0691,0.0,0.0,-0.0185,0.0632,-0.0067,1739336949959.262
5505,1499936512,0,0.0921,0.0,0.1321,-0.0371,0.0451,-0.0067,1739336949969.2634
5506,1667708672,0,0.0921,0.0231,0.1321,-0.0371,0.0451,-0.0134,1739336949979.265
5507,1835480832,0,0.0921,0.0,0.0,-0.0464,0.0541,-0.0134,1739336949989.2664
5508,2003252992,0,0.0691,0.0,0.0,-0.0185,0.0361,0.0,1739336949999.2678
5509,2171025152,0,0.0691,0.0231,0.0,-0.0464,0.0541,-0.0067,1739336950009.2693
5510,2338797312,0,0.0691,0.0231,0.1321,-0.0371,0.0451,-0.0067,1739336950019.271
5511,2506569472,0,0.0921,0.0,0.0,-0.0371,0.0541,-0.0067,1739336950029.2725
5512,2674341632,0,0.0921,0.0,0.0,-0.0371,0.0541,-0.0134,1739336950039.274
5513,2842113792,0,0.0921,0.0,0.0,-0.0278,0.0451,-0.0134,1739336950049.2754
5514,3009885952,0,0.1151,0.0,0.0,-0.0278,0.0451,-0.0201,1739336950059.2769
5515,3177658112,0,0.1151,0.0,0.0,-0.0371,0.0451,-0.0134,1739336950069.2783
5516,3345430272,0,0.0921,0.0,0.0,-0.0371,0.0541,-0.0134,1739336950079.2798
5517,3513202432,0,0.0691,0.0,0.0,-0.0371,0.0541,-0.0134,1739336950089.2815
5518,3680974592,0,0.0921,0.0231,0.0,-0.0278,0.0451,-0.0134,1739336950099.283
5519,3848746752,0,0.0691,0.0231,0.1321,-0.0371,0.0632,-0.0134,1739336950109.2844
5520,4016518912,0,0.0921,0.0,0.1321,-0.0371,0.0451,-0.0134,1739336950119.286
5521,4184291072,0,0.0921,0.0231,0.1321,-0.0371,0.0451,-0.0134,1739336950129.2874
5522,57161472,0,0.0691,0.0,0.1321,-0.0278,0.0541,-0.0134,1739336950139.2888
5523,224933632,0,0.0921,0.0,0.0,-0.0278,0.0451,-0.0134,1739336950149.2903
5524,392705792,0,0.0921,0.0231,0.1321,-0.0278,0.0541,-0.0201,1739336950159.292
5525,560477952,0,0.0921,0.0,0.0,-0.0371,0.0541,-0.0201,1739336950169.2935
5526,728250112,0,0.0921,0.0,0.0,-0.0278,0.0451,-0.0134,1739336950179.295
5527,896022272,0,0.1151,0.0,0.0,-0.0371,0.0541,-0.0134,1739336950189.2964
5528,1063794432,0,0.0921,0.0,0.1321,-0.0371,0.0451,-0.0134,1739336950199.2979
5529,1231566592,0,0.0921,0.0231,0.1321,-0.0371,0.0451,-0.0067,1739336950209.2993
5530,1399338752,0,0.0921,0.0,0.0,-0.0371,0.0541,-0.0134,1739336950219.3008
5531,1567110912,0,0.0921,0.0231,0.0,-0.0371,0.0541,-0.0067,1739336950229.3025
5532,1734883072,0,0.0921,0.0,0.0,-0.0371,0.0451,-0.0067,1739336950239.304
5533,1902655232,0,0.0921,0.0231,0.0,-0.0371,0.0541,-0.0067,1739336950249.3054
5534,2070427392,0,0.0921,0.0,0.0,-0.0464,0.0541,-0.0134,1739336950259.307
5535,2238199552,0,0.0921,0.0231,0.1321,-0.0371,0.0451,-0.0134,1739336950269.3083
5536,2405971712,0,0.0691,0.0,0.0,-0.0464,0.0541,-0.0134,1739336950279.3098
5537,2573743872,0,0.0921,0.0,0.0,-0.0371,0.0541,-0.0134,1739336950289.3113
5538,2741516032,0,0.0691,0.0231,0.1321,-0.0371,0.0451,-0.0067,1739336950299.313
5539,2909288192,0,0.046,0.0231,0.0,-0.0464,0.0541,-0.0134,1739336950309.3145
5540,3077060352,0,0.046,0.0,0.1321,-0.0371,0.0451,-0.0067,1739336950319.316
5541,3244832512,0,0.0921,0.0231,0.1321,-0.0371,0.0451,-0.0067,1739336950329.3174
5542,3412604672,0,0.0691,0.0231,0.1321,-0.0371,0.0451,-0.0134,1739336950339.3188
5543,3580376832,0,0.0921,0.0,0.1321,-0.0371,0.0451,-0.0134,1739336950349.3203
5544,3748148992,0,0.0921,0.0231,0.1321,-0.0371,0.0451,-0.0134,1739336950359.3218
5545,3915921152,0,0.0921,0.0,0.1321,-0.0371,0.0451,-0.0067,1739336950369.3235
5546,4083693312,0,0.0691,0.0,0.1321,-0.0371,0.0451,-0.0067,1739336950379.325
5547,4251465472,0,0.0921,0.0231,0.0,-0.0371,0.0541,-0.0067,1739336950389.3264
5548,124335872,0,0.0691,0.0231,0.0,-0.0278,0.0541,0.0,1739336950399.328
5549,292108032,0,0.0921,0.0231,0.1321,-0.0371,0.0451,-0.0067,1739336950409.3293
5550,459880192,0,0.0691,0.0231,0.1321,-0.0371,0.0451,-0.0134,1739336950419.3308
5551,627652352,0,0.0691,0.0231,0.1321,-0.0371,0.0451,-0.0067,1739336950429.3323
5552,795424512,0,0.0691,0.0,0.1321,-0.0371,0.0451,-0.0067,1739336950439.334
5553,963196672,0,0.0921,0.0231,0.1321,-0.0371,0.0451,-0.0134,1739336950449.3354
5554,1130968832,0,0.0921,0.0,0.1321,-0.0278,0.0541,-0.0134,1739336950459.337
5555,1298740992,0,0.0921,0.0231,0.1321,-0.0278,0.0541,-0.0134,1739336950469.3384
5556,1466513152,0,0.0921,0.0231,0.1321,-0.0278,0.0541,-0.0067,1739336950479.3398
5557,1634285312,0,0.0921,0.0231,0.1321,-0.0278,0.0541,-0.0134,1739336950489.3413
5558,1802057472,0,0.0691,0.0,0.1321,-0.0185,0.0541,-0.0201,1739336950499.3428
5559,1969829632,0,0.0921,0.0231,0.1321,-0.0278,0.0541,-0.0134,1739336950509.3445
5560,2137601792,0,0.0921,0.0,0.1321,-0.0371,0.0451,-0.0134,1739336950519.346
5561,2305373952,0,0.0921,0.0,0.0,-0.0371,0.0451,-0.0067,1739336950529.3474
5562,2473146112,0,0.0921,0.0231,0.0,-0.0464,0.0541,-0.0067,1739336950539.3489
5563,2640918272,0,0.0691,0.0231,0.0,-0.0278,0.0632,-0.0134,1739336950549.3503
5564,2808690432,0,0.0921,0.0231,0.1321,-0.0278,0.0541,-0.0134,1739336950559.3518
5565,2976462592,0,0.0921,0.0,0.1321,-0.0371,0.0451,-0.0134,1739336950569.3533
5566,3144234752,0,0.0921,0.0,0.1321,-0.0278,0.0541,-0.0067,1739336950579.355
5567,3312006912,0,0.0921,0.0,0.0,-0.0464,0.0541,-0.0067,1739336950589.3564
5568,3479779072,0,0.0921,0.0,0.0,-0.0278,0.0451,-0.0134,1739336950599.358
5569,3647551232,0,0.0691,-0.0231,0.0,-0.0371,0.0541,-0.0067,1739336950609.3594
5570,3815323392,0,0.0691,0.0231,0.0,-0.0371,0.0541,-0.0067,1739336950619.3608
5571,3983095552,0,0.0691,0.0,0.0,-0.0278,0.0451,-0.0134,1739336950629.3623
5572,4150867712,0,0.0921,0.0,0.0,-0.0371,0.0541,-0.0134,1739336950639.364
5573,23738112,0,0.0921,0.0,0.0,-0.0278,0.0361,-0.0067,1739336950649.3655
5574,191510272,0,0.0921,0.0231,0.0,-0.0371,0.0541,-0.0134,1739336950659.367
5575,359282432,0,0.0691,0.0231,0.0,-0.0371,0.0451,-0.0134,1739336950669.3684
5576,527054592,0,0.0921,0.0,0.0,-0.0371,0.0451,-0.0067,1739336950679.3699
5577,694826752,0,0.0691,0.0231,0.0,-0.0371,0.0451,-0.0067,1739336950689.3713
5578,862598912,0,0.0921,0.0231,0.0,-0.0371,0.0451,-0.0067,1739336950699.3728
5579,1030371072,0,0.0921,0.0231,0.0,-0.0371,0.0451,0.0,1739336950709.3745
5580,1198143232,0,0.0691,0.0231,0.0,-0.0371,0.0451,-0.0067,1739336950719.376
5581,1365915392,0,0.0921,0.0231,-0.1321,-0.0278,0.0451,-0.0067,1739336950729.3774
5582,1533687552,0,0.0691,0.0231,0.0,-0.0371,0.0451,-0.0067,1739336950739.379
5583,1701459712,0,0.0921,0.0,0.0,-0.0278,0.0451,-0.0067,1739336950749.3804
5584,1869231872,0,0.0691,0.0,0.0,-0.0278,0.0451,-0.0134,1739336950759.3818
5585,2037004032,0,0.0691,0.0,0.1321,-0.0371,0.0451,-0.0067,1739336950769.3833
5586,2204776192,0,0.046,-0.0231,0.0,-0.0371,0.0541,-0.0067,1739336950779.385
5587,2372548352,0,0.0691,0.0,0.1321,-0.0371,0.0451,-0.0067,1739336950789.3865
5588,2540320512,0,0.0921,0.0231,0.0,-0.0278,0.0451,-0.0067,1739336950799.388
5589,2708092672,0,0.0691,0.0231,0.0,-0.0371,0.0451,-0.0067,1739336950809.3894
5590,2875864832,0,0.0921,0.0,0.1321,-0.0371,0.0451,-0.0134,1739336950819.3909
5591,3043636992,0,0.0921,0.0,0.1321,-0.0371,0.0451,-0.0134,1739336950829.3923
5592,3211409152,0,0.0921,0.0,0.0,-0.0371,0.0541,-0.0134,1739336950839.3938
5593,3379181312,0,0.0921,0.0231,0.0,-0.0278,0.0361,-0.0201,1739336950849.3955
5594,3546953472,0,0.0921,0.0,0.1321,-0.0371,0.0451,-0.0201,1739336950859.397
5595,3714725632,0,0.0921,0.0231,0.0,-0.0371,0.0361,-0.0067,1739336950869.3984
5596,3882497792,0,0.0921,0.0,0.1321,-0.0371,0.0451,-0.0134,1739336950879.4
5597,4050269952,0,0.0921,0.0,0.1321,-0.0278,0.0541,-0.0134,1739336950889.4014
5598,4218042112,0,0.0921,0.0,0.1321,-0.0278,0.0541,-0.0067,1739336950899.4028
5599,90912512,0,0.0921,0.0,0.1321,-0.0371,0.0451,-0.0134,1739336950909.4043
5600,258684672,0,0.0921,0.0231,0.0,-0.0278,0.0451,-0.0201,1739336950919.406
5601,426456832,0,0.0921,0.0,0.1321,-0.0371,0.0451,-0.0201,1739336950929.4075
5602,594228992,0,0.0921,0.0231,0.1321,-0.0371,0.0451,-0.0201,1739336950939.409
5603,762001152,0,0.1151,-0.0231,0.0,-0.0278,0.0451,-0.0201,1739336950949.4104
5604,929773312,0,0.0921,0.0231,0.0,-0.0278,0.0451,-0.0201,1739336950959.4119
5605,1097545472,0,0.0921,0.0,0.0,-0.0278,0.0451,-0.0134,1739336950969.4133
5606,1265317632,0,0.0921,0.0231,0.0,-0.0278,0.0451,-0.0201,1739336950979.4148
5607,1433089792,0,0.0691,0.0231,0.0,-0.0371,0.0541,-0.0134,1739336950989.4165
5608,1600861952,0,0.0691,0.0231,0.0,-0.0371,0.0541,-0.0201,1739336950999.418
5609,1768634112,0,0.0691,0.0231,0.1321,-0.0371,0.0451,-0.0134,1739336951009.4194
5610,1936406272,0,0.0921,0.0462,0.0,-0.0278,0.0451,-0.0134,1739336951019.421
5611,2104178432,0,0.0691,0.0231,0.0,-0.0278,0.0451,-0.0134,1739336951029.4224
5612,2271950592,0,0.0921,0.0231,0.0,-0.0371,0.0541,-0.0134,1739336951039.4238
5613,2439722752,0,0.0691,0.0462,0.0,-0.0371,0.0451,-0.0201,1739336951049.4253
5614,2607494912,0,0.0921,0.0,0.0,-0.0464,0.0541,-0.0067,1739336951059.427
5615,2775267072,0,0.0691,0.0,0.0,-0.0371,0.0451,-0.0067,1739336951069.4285
5616,2943039232,0,0.0921,0.0231,0.0,-0.0371,0.0451,-0.0067,1739336951079.43
5617,3110811392,0,0.0691,0.0231,0.0,-0.0371,0.0451,-0.0201,1739336951089.4314
5618,3278583552,0,0.046,0.0231,0.0,-0.0371,0.0451,-0.0067,1739336951099.4329
5619,3446355712,0,0.0691,0.0231,0.0,-0.0371,0.0541,-0.0067,1739336951109.4343
5620,3614127872,0,0.0691,0.0231,0.0,-0.0371,0.0451,0.0,1739336951119.4358
5621,3781900032,0,0.0691,0.0,0.0,-0.0371,0.0451,-0.0067,1739336951129.4375
5622,3949672192,0,0.0691,0.0231,0.0,-0.0371,0.0451,-0.0134,1739336951139.439
5623,4117444352,0,0.0921,0.0,0.0,-0.0371,0.0451,-0.0067,1739336951149.4404
5624,4285216512,0,0.0921,0.0,0.0,-0.0185,0.027,0.0,1739336951159.442
5625,158086912,0,0.0691,0.0231,0.0,-0.0371,0.0451,-0.0067,1739336951169.4434
5626,325859072,0,0.0691,0.0,0.0,-0.0371,0.0451,-0.0067,1739336951179.4448
5627,493631232,0,0.0691,0.0,-0.1321,-0.0185,0.0361,0.0,1739336951189.4463
5628,661403392,0,0.0691,0.0,0.0,-0.0371,0.0451,-0.0134,1739336951199.448
5629,829175552,0,0.0691,0.0,-0.1321,-0.0278,0.0451,-0.0067,1739336951209.4495
5630,996947712,0,0.0921,0.0231,0.0,-0.0371,0.0451,-0.0067,1739336951219.451
5631,1164719872,0,0.0921,0.0,-0.1321,-0.0185,0.0361,0.0,1739336951229.4524
5632,1332492032,0,0.0921,0.0,-0.1321,-0.0278,0.0541,-0.0067,1739336951239.4539
5633,1500264192,0,0.0921,0.0,-0.1321,-0.0278,0.0541,-0.0134,1739336951249.4553
5634,1668036352,0,0.0921,-0.0231,-0.1321,-0.0278,0.0541,-0.0134,1739336951259.457
5635,1835808512,0,0.0921,0.0,-0.1321,-0.0278,0.0451,-0.0067,1739336951269.4585
5636,2003580672,0,0.0921,0.0,-0.1321,-0.0278,0.0451,-0.0067,1739336951279.46
5637,2171352832,0,0.1151,0.0231,-0.1321,-0.0278,0.0541,-0.0134,1739336951289.4614
5638,2339124992,0,0.0921,0.0,-0.1321,-0.0278,0.0451,-0.0134,1739336951299.463
5639,2506897152,0,0.0921,0.0231,-0.1321,-0.0371,0.0451,-0.0134,1739336951309.4644
5640,2674669312,0,0.0921,0.0231,0.0,-0.0371,0.0451,-0.0201,1739336951319.4658
5641,2842441472,0,0.0921,0.0231,-0.1321,-0.0278,0.0451,-0.0134,1739336951329.4675
5642,3010213632,0,0.0921,0.0462,0.0,-0.0371,0.0451,-0.0067,1739336951339.469
5643,3177985792,0,0.0921,0.0231,-0.1321,-0.0278,0.0451,-0.0201,1739336951349.4705
5644,3345757952,0,0.0921,0.0,0.0,-0.0371,0.0541,-0.0201,1739336951359.472
5645,3513530112,0,0.0691,0.0231,-0.1321,-0.0278,0.0451,-0.0134,1739336951369.4734
5646,3681302272,0,0.0691,0.0,0.0,-0.0278,0.0541,-0.0067,1739336951379.4749
5647,3849074432,0,0.0691,0.0,-0.1321,-0.0278,0.0451,-0.0067,1739336951389.4763
5648,4016846592,0,0.0921,0.0,-0.1321,-0.0278,0.0451,-0.0134,1739336951399.478
5649,4184618752,0,0.0691,0.0,0.0,-0.0278,0.0541,-0.0134,1739336951409.4795
5650,57489152,0,0.0921,0.0,-0.1321,-0.0278,0.0451,-0.0134,1739336951419.481
5651,225261312,0,0.0921,0.0231,-0.1321,-0.0278,0.0451,-0.0134,1739336951429.4824
5652,393033472,0,0.0691,0.0,0.0,-0.0278,0.0541,-0.0134,1739336951439.484
5653,560805632,0,0.0691,0.0231,-0.1321,-0.0278,0.0451,-0.0067,1739336951449.4854
5654,728577792,0,0.0921,0.0,0.0,-0.0278,0.0541,-0.0134,1739336951459.4868
5655,896349952,0,0.0691,0.0,-0.1321,-0.0278,0.0451,-0.0067,1739336951469.4885
5656,1064122112,0,0.0921,-0.0231,-0.1321,-0.0278,0.0361,-0.0067,1739336951479.49
5657,1231894272,0,0.0921,0.0,-0.1321,-0.0185,0.0361,0.0,1739336951489.4915
5658,1399666432,0,0.0691,0.0,-0.1321,-0.0371,0.0451,-0.0134,1739336951499.493
5659,1567438592,0,0.0921,0.0,-0.2643,-0.0278,0.0361,-0.0067,1739336951509.4944
5660,1735210752,0,0.0921,0.0231,-0.2643,-0.0278,0.0451,-0.0134,1739336951519.4958
5661,1902982912,0,0.0921,0.0,-0.2643,-0.0278,0.0361,-0.0067,1739336951529.4973
5662,2070755072,0,0.0691,0.0231,-0.1321,-0.0278,0.0451,-0.0134,1739336951539.499
5663,2238527232,0,0.0691,0.0231,-0.1321,-0.0185,0.0451,-0.0067,1739336951549.5005
5664,2406299392,0,0.0691,0.0231,-0.1321,-0.0278,0.0451,-0.0067,1739336951559.502
5665,2574071552,0,0.0921,0.0231,-0.1321,-0.0278,0.0451,-0.0134,1739336951569.5034
5666,2741843712,0,0.0921,0.0,-0.1321,-0.0278,0.0451,-0.0134,1739336951579.505
5667,2909615872,0,0.0921,0.0,-0.1321,-0.0371,0.0361,-0.0067,1739336951589.5063
5668,3077388032,0,0.0921,0.0231,-0.1321,-0.0371,0.0361,-0.0067,1739336951599.5078
5669,3245160192,0,0.0921,0.0,-0.1321,-0.0278,0.0451,-0.0067,1739336951609.5095
5670,3412932352,0,0.0691,0.0231,-0.2643,-0.0278,0.0451,-0.0134,1739336951619.511
5671,3580704512,0,0.0921,0.0,-0.1321,-0.0185,0.0541,-0.0134,1739336951629.5125
5672,3748476672,0,0.0921,0.0,-0.1321,-0.0278,0.0451,-0.0067,1739336951639.514
5673,3916248832,0,0.0921,0.0231,-0.1321,-0.0278,0.0451,-0.0134,1739336951649.5154
5674,4084020992,0,0.0691,0.0231,0.0,-0.0278,0.0541,-0.0067,1739336951659.5168
5675,4251793152,0,0.0691,0.0231,-0.1321,-0.0278,0.0541,-0.0134,1739336951669.5183
5676,124663552,0,0.0691,0.0231,-0.1321,-0.0278,0.0451,-0.0134,1739336951679.52
5677,292435712,0,0.0921,0.0,-0.1321,-0.0278,0.0451,-0.0067,1739336951689.5215
5678,460207872,0,0.0921,0.0231,-0.1321,-0.0278,0.0451,-0.0134,1739336951699.523
5679,627980032,0,0.0921,0.0231,-0.1321,-0.0278,0.0451,-0.0201,1739336951709.5244
5680,795752192,0,0.0691,0.0231,-0.1321,-0.0371,0.0361,-0.0134,1739336951719.526
5681,963524352,0,0.0921,0.0,-0.1321,-0.0278,0.0451,-0.0134,1739336951729.5273
5682,1131296512,0,0.0921,0.0231,0.0,-0.0371,0.0541,-0.0067,1739336951739.5288
5683,1299068672,0,0.1151,0.0,0.0,-0.0278,0.0541,-0.0201,1739336951749.5305
5684,1466840832,0,0.0921,0.0,0.0,-0.0278,0.0541,-0.0134,1739336951759.532
5685,1634612992,0,0.0921,0.0,0.0,-0.0278,0.0541,-0.0134,1739336951769.5334
5686,1802385152,0,0.0921,0.0231,0.0,-0.0185,0.0451,-0.0134,1739336951779.535
5687,1970157312,0,0.0921,0.0231,0.0,-0.0278,0.0541,-0.0201,1739336951789.5364
5688,2137929472,0,0.0691,0.0231,0.0,-0.0278,0.0541,-0.0134,1739336951799.5378
5689,2305701632,0,0.0691,0.0,0.0,-0.0278,0.0541,-0.0134,1739336951809.5393
5690,2473473792,0,0.0691,0.0231,0.0,-0.0185,0.0451,-0.0134,1739336951819.541
5691,2641245952,0,0.0691,0.0,0.0,-0.0278,0.0541,-0.0134,1739336951829.5425
5692,2809018112,0,0.0921,0.0,0.0,-0.0371,0.0541,-0.0067,1739336951839.544
5693,2976790272,0,0.1151,0.0,0.0,-0.0278,0.0541,-0.0201,1739336951849.5454
5694,3144562432,0,0.0921,0.0,0.0,-0.0278,0.0541,-0.0067,1739336951859.5469
5695,3312334592,0,0.0921,0.0,0.0,-0.0278,0.0541,-0.0134,1739336951869.5483
5696,3480106752,0,0.1151,0.0,0.0,-0.0278,0.0541,-0.0134,1739336951879.5498
5697,3647878912,0,0.0921,0.0,0.0,-0.0278,0.0541,-0.0134,1739336951889.5515
5698,3815651072,0,0.0921,0.0231,0.0,-0.0185,0.0451,-0.0134,1739336951899.553
5699,3983423232,0,0.0691,0.0,0.0,-0.0278,0.0541,-0.0067,1739336951909.5544
5700,4151195392,0,0.0921,0.0,0.0,-0.0278,0.0451,-0.0134,1739336951919.556
5701,24065792,0,0.0921,0.0231,0.0,-0.0185,0.0361,-0.0201,1739336951929.5574
5702,191837952,0,0.0691,0.0231,-0.1321,-0.0278,0.0451,-0.0201,1739336951939.5588
5703,359610112,0,0.0921,-0.0231,0.0,-0.0185,0.0451,-0.0134,1739336951949.5605
5704,527382272,0,0.0921,0.0,-0.1321,-0.0278,0.0451,-0.0134,1739336951959.562
5705,695154432,0,0.1151,-0.0231,-0.1321,-0.0278,0.0451,-0.0134,1739336951969.5635
5706,862926592,0,0.0921,0.0,0.0,-0.0278,0.0541,-0.0134,1739336951979.565
5707,1030698752,0,0.0921,0.0,0.0,-0.0185,0.0361,-0.0134,1739336951989.5664
5708,1198470912,0,0.0921,0.0231,-0.1321,-0.0278,0.0451,-0.0067,1739336951999.5679
5709,1366243072,0,0.0921,0.0231,-0.1321,-0.0278,0.0451,-0.0134,1739336952009.5693
5710,1534015232,0,0.0921,0.0231,0.0,-0.0185,0.0451,-0.0134,1739336952019.571
5711,1701787392,0,0.0691,0.0231,0.0,-0.0185,0.0451,-0.0134,1739336952029.5725
5712,1869559552,0,0.0691,0.0231,-0.1321,-0.0278,0.0451,-0.0067,1739336952039.574
5713,2037331712,0,0.1151,0.0,0.0,-0.0185,0.0451,-0.0201,1739336952049.5754
5714,2205103872,0,0.0921,0.0,0.1321,-0.0185,0.0541,-0.0134,1739336952059.577
5715,2372876032,0,0.1151,0.0,0.0,-0.0185,0.0451,-0.0134,1739336952069.5784
5716,2540648192,0,0.0691,0.0,0.0,-0.0185,0.0451,-0.0134,1739336952079.5798
5717,2708420352,0,0.0691,0.0,0.0,-0.0278,0.0451,-0.0134,1739336952089.5815
5718,2876192512,0,0.0921,0.0,0.0,-0.0278,0.0451,-0.0134,1739336952099.583
5719,3043964672,0,0.0921,0.0,0.0,-0.0185,0.027,-0.0067,1739336952109.5845
5720,3211736832,0,0.0921,0.0,0.0,-0.0278,0.0451,-0.0134,1739336952119.586
5721,3379508992,0,0.0921,0.0,0.0,-0.0185,0.027,-0.0067,1739336952129.5874
5722,3547281152,0,0.0921,0.0,0.0,-0.0278,0.0451,-0.0201,1739336952139.5889
5723,3715053312,0,0.0921,0.0,0.0,-0.0185,0.0451,-0.0201,1739336952149.5903
5724,3882825472,0,0.0921,0.0,0.0,-0.0092,0.0541,-0.0201,1739336952159.592
5725,4050597632,0,0.0921,0.0,0.0,0.0,0.0541,-0.0134,1739336952169.5935
5726,4218369792,0,0.0921,0.0,0.1321,-0.0092,0.0451,-0.0067,1739336952179.595
5727,91240192,0,0.0921,0.0,0.0,-0.0185,0.0451,-0.0134,1739336952189.5964
5728,259012352,0,0.0921,0.0,0.0,-0.0092,0.0361,-0.0067,1739336952199.598
5729,426784512,0,0.0921,0.0,0.0,-0.0278,0.0451,-0.0067,1739336952209.5994
5730,594556672,0,0.0691,0.0,0.0,-0.0185,0.0451,-0.0134,1739336952219.6008
5731,762328832,0,0.0691,0.0231,0.0,-0.0185,0.0451,-0.0134,1739336952229.6025
5732,930100992,0,0.0691,0.0231,0.0,-0.0185,0.0451,-0.0134,1739336952239.604
5733,1097873152,0,0.1151,0.0231,0.0,-0.0092,0.027,-0.0067,1739336952249.6055
5734,1265645312,0,0.1151,0.0231,0.0,-0.0278,0.0451,-0.0134,1739336952259.607
5735,1433417472,0,0.0691,0.0231,0.0,-0.0185,0.0451,-0.0134,1739336952269.6084
5736,1601189632,0,0.0921,0.0231,0.0,-0.0185,0.0451,-0.0134,1739336952279.6099
5737,1768961792,0,0.0921,0.0,0.0,-0.0278,0.0451,-0.0268,1739336952289.6113
5738,1936733952,0,0.0691,0.0231,0.0,-0.0185,0.0451,-0.0201,1739336952299.613
5739,2104506112,0,0.0691,0.0231,0.0,-0.0185,0.0361,-0.0201,1739336952309.6145
5740,2272278272,0,0.0921,0.0231,0.0,-0.0185,0.0451,-0.0134,1739336952319.616
5741,2440050432,0,0.046,0.0231,0.0,-0.0185,0.0451,-0.0067,1739336952329.6174
5742,2607822592,0,0.0691,0.0231,0.0,-0.0278,0.0451,-0.0134,1739336952339.619
5743,2775594752,0,0.0921,0.0,0.1321,-0.0185,0.0541,-0.0134,1739336952349.6204
5744,2943366912,0,0.0921,0.0231,0.0,-0.0278,0.0451,-0.0067,1739336952359.6218
5745,3111139072,0,0.0921,0.0,0.0,-0.0278,0.0451,-0.0067,1739336952369.6235
5746,3278911232,0,0.0921,0.0,0.0,-0.0278,0.0451,-0.0067,1739336952379.625
5747,3446683392,0,0.0921,0.0,0.0,-0.0278,0.0451,-0.0134,1739336952389.6265
5748,3614455552,0,0.0921,0.0231,0.0,-0.0278,0.0451,-0.0067,1739336952399.628
5749,3782227712,0,0.0921,0.0,0.0,-0.0185,0.0451,-0.0134,1739336952409.6294
5750,3949999872,0,0.0921,0.0231,0.0,-0.0278,0.0451,-0.0067,1739336952419.6309
5751,4117772032,0,0.0921,0.0231,-0.1321,-0.0278,0.0451,-0.0134,1739336952429.6323
5752,4285544192,0,0.0691,0.0231,-0.1321,-0.0278,0.0451,-0.0067,1739336952439.634
5753,158414592,0,0.0921,0.0,0.0,-0.0278,0.0541,-0.0201,1739336952449.6355
5754,326186752,0,0.1151,0.0,0.0,-0.0278,0.0541,-0.0201,1739336952459.637
5755,493958912,0,0.0921,0.0,-0.1321,-0.0278,0.0451,-0.0067,1739336952469.6384
5756,661731072,0,0.0691,0.0,-0.1321,-0.0278,0.0451,-0.0134,1739336952479.64
5757,829503232,0,0.0691,0.0231,-0.1321,-0.0278,0.0451,-0.0134,1739336952489.6414
5758,997275392,0,0.0691,0.0,-0.1321,-0.0278,0.0451,-0.0201,1739336952499.6428
5759,1165047552,0,0.0691,0.0,0.0,-0.0185,0.0451,-0.0134,1739336952509.6445
5760,1332819712,0,0.0921,-0.0231,0.0,-0.0278,0.0451,-0.0201,1739336952519.646
5761,1500591872,0,0.0691,0.0,0.0,-0.0185,0.0451,-0.0134,1739336952529.6475
5762,1668364032,0,0.0691,0.0,0.0,-0.0185,0.0451,-0.0067,1739336952539.649
5763,1836136192,0,0.0921,0.0231,-0.1321,-0.0092,0.0361,-0.0201,1739336952549.6504
5764,2003908352,0,0.0691,0.0,0.0,-0.0278,0.0541,-0.0134,1739336952559.6519
5765,2171680512,0,0.0921,0.0,0.0,-0.0092,0.0361,-0.0067,1739336952569.6533
5766,2339452672,0,0.0691,0.0231,0.0,-0.0185,0.0361,-0.0067,1739336952579.655
5767,2507224832,0,0.0921,0.0,0.0,-0.0185,0.0451,-0.0134,1739336952589.6565
5768,2674996992,0,0.046,0.0231,-0.1321,-0.0278,0.0451,-0.0067,1739336952599.658
5769,2842769152,0,0.0691,0.0,-0.1321,-0.0185,0.0451,-0.0134,1739336952609.6594
5770,3010541312,0,0.0691,0.0231,-0.1321,-0.0278,0.0451,-0.0134,1739336952619.661
5771,3178313472,0,0.0691,0.0,-0.1321,-0.0278,0.0451,-0.0134,1739336952629.6624
5772,3346085632,0,0.0921,0.0231,-0.1321,-0.0278,0.0451,-0.0067,1739336952639.664
5773,3513857792,0,0.0921,0.0231,0.0,-0.0185,0.0541,-0.0067,1739336952649.6655
5774,3681629952,0,0.0691,0.0231,0.0,-0.0278,0.0541,-0.0067,1739336952659.667
5775,3849402112,0,0.0921,0.0231,0.0,-0.0185,0.027,0.0,1739336952669.6685
5776,4017174272,0,0.0921,0.0231,0.0,-0.0092,0.0451,-0.0067,1739336952679.67
5777,4184946432,0,0.0921,0.0231,0.0,-0.0185,0.0361,0.0,1739336952689.6714
5778,57816832,0,0.0921,0.0,0.0,-0.0278,0.0451,-0.0134,1739336952699.6729
5779,225588992,0,0.0921,0.0231,0.0,-0.0185,0.0451,-0.0134,1739336952709.6746
5780,393361152,0,0.0921,0.0,0.0,-0.0185,0.0451,-0.0134,1739336952719.676
5781,561133312,0,0.0691,0.0231,0.0,-0.0185,0.0451,-0.0067,1739336952729.6775
5782,728905472,0,0.0921,0.0,-0.1321,-0.0278,0.0451,-0.0067,1739336952739.679
5783,896677632,0,0.1151,0.0,0.0,-0.0278,0.0541,-0.0134,1739336952749.6804
5784,1064449792,0,0.0921,0.0231,0.0,-0.0092,0.0451,-0.0067,1739336952759.682
5785,1232221952,0,0.0921,0.0,0.0,-0.0185,0.0451,-0.0201,1739336952769.6833
5786,1399994112,0,0.0691,0.0,0.0,-0.0185,0.0451,-0.0134,1739336952779.685
5787,1567766272,0,0.0921,0.0,0.0,-0.0185,0.0451,-0.0134,1739336952789.6865
5788,1735538432,0,0.0691,0.0231,0.0,-0.0278,0.0451,-0.0067,1739336952799.688
5789,1903310592,0,0.0691,0.0,0.0,-0.0185,0.0451,-0.0134,1739336952809.6895
5790,2071082752,0,0.0921,0.0231,-0.1321,-0.0278,0.0451,-0.0134,1739336952819.691
5791,2238854912,0,0.0691,0.0,0.0,-0.0185,0.0451,-0.0134,1739336952829.6924
5792,2406627072,0,0.1151,0.0,0.0,-0.0185,0.0451,-0.0201,1739336952839.6938
5793,2574399232,0,0.1151,0.0231,0.0,-0.0185,0.0451,-0.0201,1739336952849.6956
5794,2742171392,0,0.0921,0.0231,0.0,-0.0185,0.0451,-0.0134,1739336952859.697
5795,2909943552,0,0.0691,0.0,0.0,-0.0185,0.027,-0.0067,1739336952869.6985
5796,3077715712,0,0.0921,0.0,0.0,-0.0185,0.027,-0.0067,1739336952879.7
5797,3245487872,0,0.0691,0.0,0.0,-0.0278,0.0541,-0.0067,1739336952889.7014
5798,3413260032,0,0.0691,0.0,0.0,-0.0185,0.027,-0.0067,1739336952899.703
5799,3581032192,0,0.0921,0.0,-0.1321,-0.0278,0.0451,-0.0201,1739336952909.7043
5800,3748804352,0,0.0691,0.0231,0.0,-0.0278,0.0541,-0.0134,1739336952919.706
5801,3916576512,0,0.0691,0.0,0.0,-0.0185,0.0451,-0.0134,1739336952929.7075
5802,4084348672,0,0.0921,0.0231,0.0,-0.0278,0.0451,-0.0067,1739336952939.709
5803,4252120832,0,0.1151,-0.0231,0.0,-0.0185,0.0451,-0.0201,1739336952949.7104
5804,124991232,0,0.0921,0.0231,0.0,-0.0185,0.0451,-0.0134,1739336952959.712
5805,292763392,0,0.0921,0.0231,0.0,-0.0185,0.0361,-0.0067,1739336952969.7134
5806,460535552,0,0.0921,0.0,0.0,-0.0185,0.0451,-0.0201,1739336952979.7148
5807,628307712,0,0.0921,0.0,0.0,-0.0185,0.0361,-0.0134,1739336952989.7166
5808,796079872,0,0.0921,0.0231,0.0,-0.0185,0.0451,-0.0134,1739336952999.718
5809,963852032,0,0.0691,0.0,0.0,-0.0185,0.0451,-0.0067,1739336953009.7195
5810,1131624192,0,0.0921,0.0,0.0,-0.0092,0.0361,-0.0067,1739336953019.721
5811,1299396352,0,0.0921,0.0,-0.1321,-0.0092,0.0361,-0.0134,1739336953029.7224
5812,1467168512,0,0.0691,-0.0231,0.0,-0.0185,0.0361,-0.0067,1739336953039.7239
5813,1634940672,0,0.1382,0.0,0.0,-0.0185,0.0451,-0.0201,1739336953049.7253
5814,1802712832,0,0.0691,0.0231,0.0,-0.0185,0.0451,-0.0134,1739336953059.727
5815,1970484992,0,0.0691,0.0,0.0,-0.0185,0.0451,-0.0134,1739336953069.7285
5816,2138257152,0,0.0691,0.0,0.0,-0.0185,0.0451,-0.0134,1739336953079.73
5817,2306029312,0,0.1151,0.0,0.0,-0.0185,0.0451,-0.0134,1739336953089.7314
5818,2473801472,0,0.0691,0.0231,0.0,-0.0185,0.0451,-0.0134,1739336953099.733
5819,2641573632,0,0.0691,0.0,0.0,-0.0185,0.0451,-0.0134,1739336953109.7344
5820,2809345792,0,0.0921,0.0,0.0,-0.0278,0.0451,-0.0134,1739336953119.7358
5821,2977117952,0,0.0921,0.0231,0.0,-0.0185,0.0361,-0.0067,1739336953129.7375
5822,3144890112,0,0.0921,0.0,0.0,-0.0185,0.0451,-0.0134,1739336953139.739
5823,3312662272,0,0.1151,0.0231,0.0,-0.0185,0.0451,-0.0134,1739336953149.7405
5824,3480434432,0,0.1151,0.0,0.0,-0.0185,0.0451,-0.0201,1739336953159.742
5825,3648206592,0,0.0921,0.0231,0.0,-0.0185,0.0361,-0.0134,1739336953169.7434
5826,3815978752,0,0.0921,0.0,0.0,-0.0092,0.0361,-0.0067,1739336953179.7449
5827,3983750912,0,0.0691,0.0,0.0,-0.0185,0.0451,-0.0134,1739336953189.7463
5828,4151523072,0,0.0921,0.0,0.0,-0.0185,0.0451,-0.0134,1739336953199.748
5829,24393472,0,0.0921,0.0,0.0,-0.0185,0.0451,-0.0134,1739336953209.7495
5830,192165632,0,0.1151,0.0,0.1321,-0.0278,0.0361,-0.0201,1739336953219.751
5831,359937792,0,0.0921,0.0231,0.0,-0.0185,0.0361,-0.0201,1739336953229.7524
5832,527709952,0,0.0921,0.0231,0.0,-0.0185,0.0361,-0.0134,1739336953239.754
5833,695482112,0,0.1151,0.0,-0.1321,-0.0185,0.0541,-0.0134,1739336953249.7554
5834,863254272,0,0.0691,0.0231,-0.1321,-0.0185,0.0451,-0.0067,1739336953259.757
5835,1031026432,0,0.0921,0.0,-0.1321,-0.0278,0.0451,-0.0067,1739336953269.7585
5836,1198798592,0,0.0691,0.0231,-0.1321,0.0,0.027,-0.0067,1739336953279.76
5837,1366570752,0,0.0921,0.0,-0.1321,-0.0185,0.0451,-0.0134,1739336953289.7615
5838,1534342912,0,0.0691,0.0231,0.0,-0.0185,0.0451,-0.0134,1739336953299.763
5839,1702115072,0,0.0921,0.0,0.0,-0.0185,0.0451,-0.0134,1739336953309.7644
5840,1869887232,0,0.0921,0.0,0.0,-0.0185,0.0361,-0.0201,1739336953319.7659
5841,2037659392,0,0.0691,0.0231,0.0,-0.0092,0.027,0.0,1739336953329.7676
5842,2205431552,0,0.0691,0.0231,0.0,-0.0185,0.0451,-0.0067,1739336953339.769
5843,2373203712,0,0.1151,0.0231,-0.1321,-0.0092,0.0361,-0.0134,1739336953349.7705
5844,2540975872,0,0.0691,0.0231,0.0,-0.0092,0.0451,-0.0134,1739336953359.772
5845,2708748032,0,0.046,0.0231,0.0,-0.0185,0.0361,-0.0067,1739336953369.7734
5846,2876520192,0,0.0921,0.0231,-0.1321,-0.0185,0.0451,-0.0134,1739336953379.775
5847,3044292352,0,0.0691,0.0462,-0.1321,-0.0092,0.0361,-0.0201,1739336953389.7764
5848,3212064512,0,0.0921,0.0,-0.1321,-0.0092,0.0361,-0.0201,1739336953399.778
5849,3379836672,0,0.0921,0.0231,0.0,-0.0092,0.0451,-0.0201,1739336953409.7795
5850,3547608832,0,0.0921,0.0231,0.0,-0.0185,0.0451,-0.0134,1739336953419.781
5851,3715380992,0,0.0691,0.0231,-0.1321,-0.0092,0.0361,-0.0134,1739336953429.7825
5852,3883153152,0,0.0921,0.0,-0.1321,-0.0092,0.0361,-0.0067,1739336953439.784
5853,4050925312,0,0.1151,0.0231,0.0,-0.0185,0.0451,-0.0134,1739336953449.7854
5854,4218697472,0,0.0691,0.0,0.0,-0.0185,0.0451,-0.0067,1739336953459.7869
5855,91567872,0,0.1151,0.0,0.0,-0.0185,0.0451,-0.0201,1739336953469.7886
5856,259340032,0,0.0921,0.0,0.0,-0.0185,0.0451,-0.0134,1739336953479.79
5857,427112192,0,0.0921,0.0,0.0,-0.0185,0.027,-0.0067,1739336953489.7915
5858,594884352,0,0.0691,0.0,0.1321,-0.0278,0.0361,-0.0134,1739336953499.793
5859,762656512,0,0.0921,0.0,0.0,-0.0185,0.0451,-0.0134,1739336953509.7944
5860,930428672,0,0.0921,0.0,0.0,-0.0185,0.0451,-0.0134,1739336953519.796
5861,1098200832,0,0.0691,0.0231,0.1321,-0.0185,0.0451,-0.0067,1739336953529.7974
5862,1265972992,0,0.0921,0.0231,0.0,-0.0092,0.0541,-0.0201,1739336953539.799
5863,1433745152,0,0.0921,0.0231,0.0,0.0,0.0541,-0.0134,1739336953549.8005
5864,1601517312,0,0.0921,0.0231,0.0,0.0,0.0541,-0.0134,1739336953559.802
5865,1769289472,0,0.0921,0.0231,0.0,-0.0092,0.0451,-0.0067,1739336953569.8035
5866,1937061632,0,0.1151,-0.0231,0.0,-0.0185,0.0451,-0.0201,1739336953579.805
5867,2104833792,0,0.0921,0.0,0.0,-0.0185,0.0451,-0.0134,1739336953589.8064
5868,2272605952,0,0.0921,0.0,0.0,0.0,0.0541,-0.0134,1739336953599.8079
5869,2440378112,0,0.0921,0.0,0.0,-0.0185,0.0451,-0.0134,1739336953609.8096
5870,2608150272,0,0.0921,0.0,0.0,-0.0278,0.0451,-0.0067,1739336953619.811
5871,2775922432,0,0.0921,0.0231,0.1321,-0.0092,0.0451,-0.0067,1739336953629.8125
5872,2943694592,0,0.0921,0.0,0.1321,-0.0092,0.0361,-0.0067,1739336953639.814
5873,3111466752,0,0.1151,0.0,0.0,-0.0092,0.0541,-0.0201,1739336953649.8154
5874,3279238912,0,0.0921,0.0231,0.1321,-0.0185,0.0451,-0.0134,1739336953659.817
5875,3447011072,0,0.0921,0.0,0.1321,-0.0185,0.0541,-0.0201,1739336953669.8184
5876,3614783232,0,0.0691,0.0231,0.0,-0.0185,0.0451,-0.0201,1739336953679.82
5877,3782555392,0,0.0691,0.0,0.1321,-0.0185,0.0541,-0.0134,1739336953689.8215
5878,3950327552,0,0.0921,0.0,0.0,-0.0278,0.0451,-0.0134,1739336953699.823
5879,4118099712,0,0.0921,0.0,0.0,-0.0185,0.0451,-0.0134,1739336953709.8245
5880,4285871872,0,0.0691,0.0,0.0,-0.0185,0.0451,-0.0201,1739336953719.826
5881,158742272,0,0.0691,0.0,0.0,-0.0278,0.0451,-0.0067,1739336953729.8274
5882,326514432,0,0.0921,0.0231,0.0,-0.0185,0.0451,-0.0134,1739336953739.8289
5883,494286592,0,0.0691,0.0462,0.0,-0.0092,0.0541,-0.0134,1739336953749.8306
5884,662058752,0,0.0691,0.0,0.1321,-0.0185,0.0451,-0.0201,1739336953759.832
5885,829830912,0,0.0691,0.0,0.0,-0.0185,0.0451,-0.0134,1739336953769.8335
5886,997603072,0,0.1151,0.0,0.1321,-0.0185,0.0541,-0.0134,1739336953779.835
5887,1165375232,0,0.0691,0.0231,0.0,-0.0185,0.0451,-0.0067,1739336953789.8364
5888,1333147392,0,0.0691,0.0,0.1321,-0.0092,0.0541,-0.0067,1739336953799.838
5889,1500919552,0,0.0691,0.0231,0.0,-0.0092,0.0541,-0.0134,1739336953809.8394
5890,1668691712,0,0.0691,0.0231,0.1321,-0.0278,0.0361,-0.0067,1739336953819.841
5891,1836463872,0,0.0921,0.0,0.0,-0.0185,0.0451,-0.0134,1739336953829.8425
5892,2004236032,0,0.0691,0.0231,0.0,-0.0185,0.0451,-0.0067,1739336953839.844
5893,2172008192,0,0.1151,0.0231,0.0,-0.0278,0.0451,-0.0134,1739336953849.8455
5894,2339780352,0,0.0691,0.0462,0.0,-0.0185,0.0451,-0.0134,1739336953859.847
5895,2507552512,0,0.0921,0.0231,0.1321,-0.0185,0.0541,-0.0134,1739336953869.8484
5896,2675324672,0,0.0691,0.0231,0.1321,-0.0185,0.0451,-0.0134,1739336953879.8499
5897,2843096832,0,0.046,0.0231,0.1321,-0.0278,0.0361,-0.0134,1739336953889.8516
5898,3010868992,0,0.0691,0.0,0.1321,-0.0185,0.0541,-0.0134,1739336953899.853
5899,3178641152,0,0.0691,0.0,0.0,-0.0185,0.0451,-0.0134,1739336953909.8545
5900,3346413312,0,0.0921,0.0,0.1321,-0.0185,0.0541,-0.0134,1739336953919.856
5901,3514185472,0,0.046,0.0231,0.0,-0.0278,0.0451,-0.0134,1739336953929.8574
5902,3681957632,0,0.0691,0.0231,0.0,-0.0278,0.0451,-0.0067,1739336953939.859
5903,3849729792,0,0.0921,0.0231,0.0,-0.0185,0.0451,-0.0134,1739336953949.8606
5904,4017501952,0,0.0691,0.0231,0.0,0.0,0.0541,-0.0067,1739336953959.862
5905,4185274112,0,0.0921,0.0,0.0,-0.0185,0.0451,-0.0134,1739336953969.8635
5906,58144512,0,0.0691,0.0,0.0,-0.0185,0.027,-0.0067,1739336953979.865
5907,225916672,0,0.1151,0.0,0.0,-0.0278,0.0451,-0.0134,1739336953989.8665
5908,393688832,0,0.0691,0.0231,0.1321,-0.0278,0.0361,-0.0067,1739336953999.868
5909,561460992,0,0.0691,0.0,0.0,-0.0185,0.027,-0.0067,1739336954009.8694
5910,729233152,0,0.0921,0.0231,0.0,-0.0185,0.0451,-0.0134,1739336954019.871
5911,897005312,0,0.046,0.0231,0.0,-0.0185,0.0361,-0.0067,1739336954029.8726
5912,1064777472,0,0.0691,0.0,0.1321,-0.0185,0.0451,-0.0067,1739336954039.874
5913,1232549632,0,0.0921,0.0231,0.0,-0.0185,0.0361,-0.0134,1739336954049.8755
5914,1400321792,0,0.0921,0.0,0.1321,-0.0278,0.0361,-0.0134,1739336954059.877
5915,1568093952,0,0.046,0.0231,0.1321,-0.0185,0.0451,-0.0067,1739336954069.8784
5916,1735866112,0,0.0691,0.0231,0.1321,-0.0278,0.0361,-0.0134,1739336954079.88
5917,1903638272,0,0.0921,0.0231,0.0,-0.0185,0.0451,-0.0201,1739336954089.8816
5918,2071410432,0,0.0691,0.0462,0.0,-0.0185,0.0451,0.0,1739336954099.883
5919,2239182592,0,0.0691,0.0,0.0,-0.0278,0.0451,-0.0134,1739336954109.8845
5920,2406954752,0,0.0691,0.0,0.0,-0.0185,0.027,-0.0067,1739336954119.886
5921,2574726912,0,0.0921,0.0231,0.0,-0.0185,0.0451,-0.0134,1739336954129.8875
5922,2742499072,0,0.046,0.0231,0.0,-0.0278,0.0541,-0.0134,1739336954139.889
5923,2910271232,0,0.0921,-0.0231,0.0,-0.0092,0.0361,-0.0067,1739336954149.8904
5924,3078043392,0,0.0691,0.0,0.0,-0.0185,0.027,-0.0067,1739336954159.892
5925,3245815552,0,0.046,0.0231,0.0,-0.0185,0.0451,-0.0067,1739336954169.8936
5926,3413587712,0,0.0691,0.0,0.0,-0.0185,0.0451,-0.0134,1739336954179.895
5927,3581359872,0,0.0691,0.0231,0.0,-0.0185,0.0361,-0.0067,1739336954189.8965
5928,3749132032,0,0.0921,0.0,0.0,-0.0278,0.0541,-0.0134,1739336954199.898
5929,3916904192,0,0.046,0.0231,0.0,-0.0185,0.0451,-0.0067,1739336954209.8994
5930,4084676352,0,0.0691,0.0,0.1321,-0.0278,0.0361,-0.0134,1739336954219.901
5931,4252448512,0,0.0691,0.0231,0.0,-0.0185,0.0451,-0.0134,1739336954229.9026
5932,125318912,0,0.0691,0.0231,0.1321,-0.0278,0.0361,-0.0067,1739336954239.904
5933,293091072,0,0.0691,0.0,0.0,-0.0185,0.0451,-0.0134,1739336954249.9055
5934,460863232,0,0.0691,0.0,0.0,-0.0185,0.027,-0.0067,1739336954259.907
5935,628635392,0,0.0921,0.0,0.0,-0.0092,0.0361,-0.0067,1739336954269.9084
5936,796407552,0,0.046,0.0231,0.0,-0.0185,0.0361,-0.0067,1739336954279.91
5937,964179712,0,0.0691,0.0,0.0,-0.0185,0.0451,-0.0067,1739336954289.9114
5938,1131951872,0,0.0921,0.0231,0.0,-0.0278,0.0451,-0.0134,1739336954299.913
5939,1299724032,0,0.046,0.0231,0.0,-0.0185,0.0451,-0.0134,1739336954309.9146
5940,1467496192,0,0.0921,0.0231,0.0,-0.0278,0.0451,-0.0067,1739336954319.916
5941,1635268352,0,0.0921,0.0231,0.0,-0.0092,0.0361,0.0,1739336954329.9175
5942,1803040512,0,0.0691,0.0,0.1321,-0.0092,0.0541,-0.0067,1739336954339.919
5943,1970812672,0,0.1151,0.0231,0.0,-0.0278,0.0451,-0.0201,1739336954349.9204
5944,2138584832,0,0.0921,0.0231,0.1321,-0.0185,0.0451,-0.0134,1739336954359.9219
5945,2306356992,0,0.0691,0.0,0.0,-0.0185,0.0451,-0.0067,1739336954369.9236
5946,2474129152,0,0.0921,0.0,0.0,-0.0278,0.0451,-0.0201,1739336954379.925
5947,2641901312,0,0.0921,0.0231,0.0,-0.0278,0.0451,-0.0067,1739336954389.9265
5948,2809673472,0,0.0691,0.0,0.0,-0.0278,0.0451,-0.0134,1739336954399.928
5949,2977445632,0,0.0921,0.0,0.1321,-0.0278,0.0361,-0.0067,1739336954409.9294
5950,3145217792,0,0.0921,0.0,0.0,-0.0278,0.0451,-0.0134,1739336954419.931
5951,3312989952,0,0.0691,0.0231,0.0,-0.0278,0.0451,-0.0067,1739336954429.9324
5952,3480762112,0,0.0921,0.0,0.0,-0.0278,0.0451,-0.0134,1739336954439.934
5953,3648534272,0,0.1151,0.0231,0.0,-0.0278,0.0451,-0.0201,1739336954449.9355
5954,3816306432,0,0.0921,0.0,0.0,-0.0278,0.0451,-0.0134,1739336954459.937
5955,3984078592,0,0.0921,0.0231,0.0,-0.0278,0.0451,-0.0134,1739336954469.9385
5956,4151850752,0,0.0921,0.0,0.1321,-0.0278,0.0361,-0.0134,1739336954479.94
5957,24721152,0,0.0921,0.0,0.0,-0.0278,0.0451,-0.0201,1739336954489.9414
5958,192493312,0,0.0691,0.0231,0.0,-0.0278,0.0451,-0.0134,1739336954499.9429
5959,360265472,0,0.0921,0.0,0.1321,-0.0278,0.0361,-0.0134,1739336954509.9446
5960,528037632,0,0.0921,0.0,0.1321,-0.0371,0.0361,-0.0067,1739336954519.946
5961,695809792,0,0.0691,0.0231,0.1321,-0.0371,0.0361,-0.0067,1739336954529.9475
5962,863581952,0,0.0691,0.0231,0.0,-0.0278,0.0451,-0.0067,1739336954539.949
5963,1031354112,0,0.1151,0.0,0.0,-0.0185,0.027,-0.0067,1739336954549.9504
5964,1199126272,0,0.0921,0.0,0.0,-0.0278,0.0451,-0.0134,1739336954559.952
5965,1366898432,0,0.0691,0.0231,0.0,-0.0278,0.0451,-0.0134,1739336954569.9536
5966,1534670592,0,0.0921,0.0,0.1321,-0.0278,0.0361,-0.0134,1739336954579.955
5967,1702442752,0,0.0921,0.0231,0.0,-0.0278,0.0451,-0.0134,1739336954589.9565
5968,1870214912,0,0.0691,0.0,0.0,-0.0278,0.0451,-0.0201,1739336954599.958
5969,2037987072,0,0.0691,0.0,0.1321,-0.0278,0.0361,-0.0201,1739336954609.9595
5970,2205759232,0,0.0921,0.0,0.1321,-0.0278,0.0361,-0.0067,1739336954619.961
5971,2373531392,0,0.0921,0.0,0.1321,-0.0185,0.0451,-0.0201,1739336954629.9624
5972,2541303552,0,0.0691,0.0231,0.1321,-0.0185,0.0451,-0.0134,1739336954639.964
5973,2709075712,0,0.1151,0.0,0.1321,-0.0278,0.0361,-0.0134,1739336954649.9656
5974,2876847872,0,0.1151,0.0,0.0,-0.0278,0.0451,-0.0134,1739336954659.967
5975,3044620032,0,0.0921,0.0,0.1321,-0.0278,0.0361,-0.0134,1739336954669.9685
5976,3212392192,0,0.0921,0.0,0.0,-0.0278,0.0451,-0.0201,1739336954679.97
5977,3380164352,0,0.1151,0.0,0.0,-0.0278,0.0451,-0.0134,1739336954689.9714
5978,3547936512,0,0.0691,0.0231,0.0,-0.0278,0.0451,-0.0134,1739336954699.973
5979,3715708672,0,0.0691,0.0,0.1321,-0.0185,0.0451,-0.0134,1739336954709.9746
5980,3883480832,0,0.0921,0.0,0.1321,-0.0278,0.0451,-0.0201,1739336954719.976
5981,4051252992,0,0.0691,0.0231,0.1321,-0.0278,0.0361,-0.0134,1739336954729.9775
5982,4219025152,0,0.0691,0.0,0.0,-0.0278,0.0451,-0.0067,1739336954739.979
5983,91895552,0,0.0921,0.0231,0.1321,-0.0278,0.0361,-0.0067,1739336954749.9805
5984,259667712,0,0.0921,0.0,0.0,-0.0278,0.0451,-0.0134,1739336954759.982
5985,427439872,0,0.0691,0.0231,0.0,-0.0185,0.0361,-0.0067,1739336954769.9834
5986,595212032,0,0.0691,0.0,0.0,-0.0185,0.027,-0.0067,1739336954779.985
5987,762984192,0,0.0691,0.0,0.0,-0.0278,0.0451,-0.0134,1739336954789.9866
5988,930756352,0,0.046,0.0231,0.1321,-0.0278,0.0361,-0.0067,1739336954799.988
5989,1098528512,0,0.0691,0.0,0.1321,-0.0278,0.0361,-0.0067,1739336954809.9895
5990,1266300672,0,0.0691,0.0,0.0,-0.0278,0.027,-0.0134,1739336954819.991
5991,1434072832,0,0.0921,0.0,0.0,-0.0278,0.0451,-0.0067,1739336954829.9924
5992,1601844992,0,0.0691,0.0,0.0,-0.0278,0.0451,-0.0134,1739336954839.994
5993,1769617152,0,0.0691,0.0,0.1321,-0.0371,0.0361,-0.0067,1739336954849.9956
5994,1937389312,0,0.0691,0.0,0.1321,-0.0278,0.0361,-0.0134,1739336954859.997
5995,2105161472,0,0.0691,0.0231,0.0,-0.0278,0.0451,-0.0201,1739336954869.9985
5996,2272933632,0,0.0691,-0.0231,0.0,-0.0185,0.0451,-0.0134,1739336954880.0
