0,1,2,3,4,5,6,7,8,time
35791,1935021312,0,0.0,-0.0231,-0.3965,-0.0371,0.0,0.0067,1739334717064.0
35792,2102793472,0,0.023,0.0,-0.2643,-0.0185,-0.009,0.0067,1739334717074.0015
35793,2270565632,0,0.023,0.0,-0.3965,-0.0371,0.0,0.0134,1739334717084.003
1,2438337792,0,0.023,-0.0231,-0.2643,-0.0278,0.0,0.0134,1739334717094.0044
2,2606109952,0,0.023,-0.0231,-0.2643,-0.0278,0.0,0.0134,1739334717104.006
3,2773882112,0,0.0,0.0,-0.2643,-0.0278,0.0,0.0067,1739334717114.0076
4,2941654272,0,0.046,0.0,-0.2643,-0.0278,-0.009,0.0134,1739334717124.009
5,3109426432,0,0.046,0.0,-0.2643,-0.0185,-0.009,0.0067,1739334717134.0105
6,3277198592,0,0.046,-0.0231,-0.2643,-0.0278,0.0,0.0,1739334717144.012
7,3444970752,0,0.023,0.0,-0.2643,-0.0278,0.0,0.0067,1739334717154.0134
8,3612742912,0,0.046,-0.0231,-0.2643,-0.0185,-0.009,0.0067,1739334717164.015
9,3780515072,0,0.023,0.0,-0.2643,-0.0185,-0.009,0.0134,1739334717174.0166
10,3948287232,0,0.046,-0.0231,-0.2643,-0.0185,-0.009,0.0067,1739334717184.018
11,4116059392,0,0.023,0.0,-0.2643,-0.0278,-0.009,0.0134,1739334717194.0195
12,4283831552,0,0.0,-0.0231,-0.2643,-0.0278,-0.009,0.0067,1739334717204.021
13,156701952,0,0.023,-0.0231,-0.2643,-0.0185,-0.009,0.0067,1739334717214.0225
14,324474112,0,0.046,-0.0231,-0.2643,-0.0185,-0.009,0.0067,1739334717224.024
15,492246272,0,0.046,-0.0231,-0.3965,-0.0371,0.0,0.0067,1739334717234.0254
16,660018432,0,0.046,-0.0231,-0.2643,-0.0278,-0.009,0.0067,1739334717244.027
17,827790592,0,0.046,-0.0231,-0.2643,-0.0278,0.0,0.0,1739334717254.0286
18,995562752,0,0.0,0.0,-0.3965,-0.0371,0.0,0.0134,1739334717264.03
19,1163334912,0,0.023,0.0,-0.2643,-0.0185,-0.009,0.0067,1739334717274.0315
20,1331107072,0,0.023,-0.0231,-0.2643,-0.0278,0.0,0.0067,1739334717284.033
21,1498879232,0,0.046,-0.0231,-0.2643,-0.0278,0.0,0.0067,1739334717294.0344
22,1666651392,0,0.046,0.0,-0.3965,-0.0371,0.0,0.0,1739334717304.036
23,1834423552,0,0.046,-0.0231,-0.3965,-0.0278,0.0,0.0067,1739334717314.0376
24,2002195712,0,0.023,-0.0231,-0.3965,-0.0371,0.0,0.0067,1739334717324.039
25,2169967872,0,0.046,-0.0231,-0.3965,-0.0371,0.0,0.0,1739334717334.0405
26,2337740032,0,0.023,-0.0231,-0.3965,-0.0371,0.0,0.0067,1739334717344.042
27,2505512192,0,0.023,-0.0231,-0.3965,-0.0371,0.0,0.0067,1739334717354.0435
28,2673284352,0,0.023,0.0,-0.2643,-0.0278,0.0,0.0,1739334717364.045
29,2841056512,0,0.023,0.0,-0.3965,-0.0371,0.0,0.0134,1739334717374.0464
30,3008828672,0,0.023,-0.0231,-0.2643,-0.0278,-0.009,0.0067,1739334717384.048
31,3176600832,0,0.046,-0.0231,-0.3965,-0.0371,0.0,0.0067,1739334717394.0496
32,3344372992,0,0.046,-0.0231,-0.3965,-0.0371,0.0,0.0,1739334717404.051
33,3512145152,0,0.023,-0.0231,-0.2643,-0.0278,0.0,0.0067,1739334717414.0525
34,3679917312,0,0.023,0.0,-0.3965,-0.0371,0.0,0.0134,1739334717424.054
35,3847689472,0,0.023,-0.0231,-0.3965,-0.0371,0.0,0.0134,1739334717434.0554
36,4015461632,0,0.046,-0.0231,-0.3965,-0.0371,0.0,0.0134,1739334717444.0571
37,4183233792,0,0.046,-0.0231,-0.2643,-0.0278,0.0,0.0067,1739334717454.0586
38,56104192,0,0.0,-0.0231,-0.2643,-0.0278,-0.009,0.0201,1739334717464.06
39,223876352,0,0.046,-0.0231,-0.2643,-0.0278,0.0,0.0067,1739334717474.0615
40,391648512,0,0.023,0.0,-0.2643,-0.0278,0.0,0.0067,1739334717484.063
41,559420672,0,0.023,0.0,-0.2643,-0.0278,0.0,0.0134,1739334717494.0645
42,727192832,0,0.023,-0.0231,-0.2643,-0.0278,0.0,0.0067,1739334717504.066
43,894964992,0,0.046,0.0,-0.3965,-0.0371,0.0,0.0134,1739334717514.0676
44,1062737152,0,0.023,0.0,-0.3965,-0.0371,0.0,0.0,1739334717524.069
45,1230509312,0,0.023,-0.0231,-0.3965,-0.0371,0.0,0.0,1739334717534.0706
46,1398281472,0,0.0,-0.0231,-0.3965,-0.0371,-0.009,0.0134,1739334717544.072
47,1566053632,0,0.023,-0.0231,-0.3965,-0.0371,0.0,0.0134,1739334717554.0735
48,1733825792,0,0.0,-0.0231,-0.3965,-0.0371,-0.009,0.0201,1739334717564.075
49,1901597952,0,0.046,-0.0231,-0.3965,-0.0371,0.0,0.0067,1739334717574.0764
50,2069370112,0,0.023,-0.0231,-0.3965,-0.0371,0.0,0.0067,1739334717584.0781
51,2237142272,0,0.023,0.0,-0.5287,-0.0278,0.0,0.0067,1739334717594.0796
52,2404914432,0,0.046,-0.0231,-0.3965,-0.0371,0.009,0.0134,1739334717604.081
53,2572686592,0,0.023,-0.0231,-0.3965,-0.0371,0.009,0.0201,1739334717614.0825
54,2740458752,0,0.023,-0.0231,-0.3965,-0.0371,0.0,0.0067,1739334717624.084
55,2908230912,0,0.023,-0.0231,-0.3965,-0.0371,0.0,0.0134,1739334717634.0854
56,3076003072,0,0.046,0.0,-0.3965,-0.0371,0.0,0.0,1739334717644.087
57,3243775232,0,0.046,-0.0231,-0.3965,-0.0371,0.0,0.0067,1739334717654.0886
58,3411547392,0,0.0691,-0.0231,-0.3965,-0.0371,0.0,0.0134,1739334717664.09
59,3579319552,0,0.0691,0.0,-0.3965,-0.0371,0.0,0.0,1739334717674.0916
60,3747091712,0,0.023,0.0,-0.3965,-0.0278,0.0,0.0,1739334717684.093
61,3914863872,0,0.046,-0.0231,-0.3965,-0.0371,0.0,0.0067,1739334717694.0945
62,4082636032,0,0.023,0.0231,-0.3965,-0.0371,-0.009,0.0067,1739334717704.096
63,4250408192,0,0.0,-0.0231,-0.3965,-0.0371,-0.009,0.0067,1739334717714.0974
64,123278592,0,0.023,-0.0231,-0.3965,-0.0371,-0.009,0.0134,1739334717724.099
65,291050752,0,0.0,0.0,-0.3965,-0.0371,-0.009,0.0201,1739334717734.1006
66,458822912,0,0.0,-0.0231,-0.3965,-0.0371,0.0,0.0134,1739334717744.102
67,626595072,0,0.023,-0.0231,-0.3965,-0.0371,0.0,0.0067,1739334717754.1035
68,794367232,0,0.023,-0.0231,-0.3965,-0.0371,0.0,0.0134,1739334717764.105
69,962139392,0,0.046,-0.0231,-0.3965,-0.0371,0.009,0.0067,1739334717774.1064
70,1129911552,0,0.046,0.0,-0.3965,-0.0371,0.009,0.0067,1739334717784.108
71,1297683712,0,0.023,-0.0231,-0.3965,-0.0371,0.009,0.0134,1739334717794.1096
72,1465455872,0,0.0,0.0,-0.3965,-0.0371,0.0,0.0067,1739334717804.111
73,1633228032,0,0.023,-0.0231,-0.3965,-0.0371,0.0,0.0067,1739334717814.1125
74,1801000192,0,0.023,0.0,-0.3965,-0.0371,0.0,0.0067,1739334717824.114
75,1968772352,0,0.046,0.0,-0.3965,-0.0371,0.009,0.0134,1739334717834.1155
76,2136544512,0,0.046,0.0,-0.3965,-0.0371,0.0,0.0134,1739334717844.117
77,2304316672,0,0.023,0.0,-0.3965,-0.0371,0.0,0.0134,1739334717854.1184
78,2472088832,0,0.046,-0.0231,-0.3965,-0.0371,0.0,0.0067,1739334717864.12
79,2639860992,0,0.0691,-0.0231,-0.2643,-0.0464,0.0,0.0,1739334717874.1216
80,2807633152,0,0.023,0.0,-0.2643,-0.0464,0.0,0.0,1739334717884.123
81,2975405312,0,0.023,-0.0231,-0.3965,-0.0371,0.0,0.0067,1739334717894.1245
82,3143177472,0,0.046,-0.0231,-0.3965,-0.0371,0.0,0.0067,1739334717904.126
83,3310949632,0,0.023,-0.0231,-0.3965,-0.0371,0.0,0.0,1739334717914.1274
84,3478721792,0,0.023,-0.0231,-0.2643,-0.0464,0.0,0.0067,1739334717924.129
85,3646493952,0,0.046,-0.0231,-0.3965,-0.0371,0.0,0.0134,1739334717934.1306
86,3814266112,0,0.0691,-0.0231,-0.3965,-0.0371,0.0,0.0067,1739334717944.132
87,3982038272,0,0.023,0.0,-0.2643,-0.0464,0.0,0.0134,1739334717954.1335
88,4149810432,0,0.023,0.0,-0.1321,-0.0278,-0.009,0.0,1739334717964.135
89,22680832,0,0.0,0.0,-0.3965,-0.0371,0.0,0.0134,1739334717974.1365
90,190452992,0,0.023,0.0,-0.3965,-0.0371,0.0,0.0067,1739334717984.138
91,358225152,0,0.046,-0.0231,-0.2643,-0.0278,0.0,0.0134,1739334717994.1394
92,525997312,0,0.023,-0.0231,-0.2643,-0.0278,0.0,0.0067,1739334718004.141
93,693769472,0,0.023,-0.0231,-0.3965,-0.0371,0.009,0.0067,1739334718014.1426
94,861541632,0,0.0,-0.0231,-0.3965,-0.0371,0.0,0.0067,1739334718024.144
95,1029313792,0,0.0,0.0231,-0.3965,-0.0371,0.0,0.0134,1739334718034.1455
96,1197085952,0,0.023,0.0,-0.2643,-0.0278,0.0,0.0134,1739334718044.147
97,1364858112,0,0.023,-0.0231,-0.3965,-0.0371,0.0,0.0134,1739334718054.1484
98,1532630272,0,0.023,0.0,-0.2643,-0.0278,-0.009,0.0134,1739334718064.1501
99,1700402432,0,0.046,-0.0231,-0.3965,-0.0371,0.0,0.0067,1739334718074.1516
100,1868174592,0,0.046,-0.0231,-0.3965,-0.0371,0.0,0.0134,1739334718084.153
101,2035946752,0,0.023,0.0,-0.3965,-0.0371,0.0,0.0,1739334718094.1545
102,2203718912,0,0.023,0.0,-0.3965,-0.0371,0.0,0.0067,1739334718104.156
103,2371491072,0,0.023,-0.0231,-0.3965,-0.0371,-0.009,0.0134,1739334718114.1575
104,2539263232,0,0.023,-0.0231,-0.3965,-0.0371,0.0,0.0134,1739334718124.159
105,2707035392,0,0.023,0.0,-0.3965,-0.0371,0.0,0.0134,1739334718134.1606
106,2874807552,0,0.023,-0.0231,-0.3965,-0.0371,0.0,0.0201,1739334718144.162
107,3042579712,0,0.0,-0.0231,-0.3965,-0.0371,0.0,0.0134,1739334718154.1636
108,3210351872,0,0.0691,-0.0231,-0.3965,-0.0371,0.0,0.0,1739334718164.165
109,3378124032,0,0.046,0.0,-0.3965,-0.0371,0.0,0.0134,1739334718174.1665
110,3545896192,0,0.046,0.0,-0.3965,-0.0371,0.0,0.0,1739334718184.168
111,3713668352,0,0.023,-0.0231,-0.3965,-0.0371,0.0,0.0,1739334718194.1694
112,3881440512,0,0.046,-0.0231,-0.3965,-0.0371,0.0,0.0134,1739334718204.1711
113,4049212672,0,0.046,-0.0231,-0.3965,-0.0371,0.0,0.0134,1739334718214.1726
114,4216984832,0,0.046,0.0,-0.3965,-0.0371,0.0,0.0134,1739334718224.174
115,89855232,0,0.046,0.0,-0.3965,-0.0371,0.0,0.0134,1739334718234.1755
116,257627392,0,0.046,-0.0231,-0.2643,-0.0278,0.0,0.0067,1739334718244.177
117,425399552,0,0.046,-0.0231,-0.3965,-0.0371,0.0,0.0067,1739334718254.1785
118,593171712,0,0.023,-0.0231,-0.3965,-0.0371,0.0,0.0,1739334718264.18
119,760943872,0,0.023,0.0,-0.2643,-0.0185,-0.009,0.0067,1739334718274.1816
120,928716032,0,0.046,-0.0231,-0.2643,-0.0371,-0.009,0.0201,1739334718284.183
121,1096488192,0,0.023,-0.0231,-0.2643,-0.0278,-0.009,0.0134,1739334718294.1846
122,1264260352,0,0.023,-0.0231,-0.3965,-0.0371,0.0,0.0134,1739334718304.186
123,1432032512,0,0.023,-0.0231,-0.3965,-0.0371,0.0,0.0201,1739334718314.1875
124,1599804672,0,0.046,0.0,-0.3965,-0.0371,0.0,0.0134,1739334718324.189
125,1767576832,0,0.023,0.0,-0.3965,-0.0371,0.009,0.0067,1739334718334.1904
126,1935348992,0,0.023,-0.0231,-0.3965,-0.0371,0.0,0.0067,1739334718344.1921
127,2103121152,0,0.046,-0.0231,-0.3965,-0.0371,0.009,0.0,1739334718354.1936
128,2270893312,0,0.0,0.0231,-0.3965,-0.0371,0.0,0.0067,1739334718364.195
129,2438665472,0,0.023,0.0,-0.3965,-0.0371,0.0,0.0067,1739334718374.1965
130,2606437632,0,0.046,0.0,-0.3965,-0.0371,0.0,0.0,1739334718384.198
131,2774209792,0,0.0,0.0,-0.3965,-0.0371,0.0,0.0134,1739334718394.1995
132,2941981952,0,0.023,-0.0231,-0.3965,-0.0371,0.0,0.0134,1739334718404.201
133,3109754112,0,0.046,-0.0231,-0.3965,-0.0371,0.0,0.0134,1739334718414.2026
134,3277526272,0,0.023,-0.0231,-0.3965,-0.0371,0.0,0.0134,1739334718424.204
135,3445298432,0,0.023,-0.0231,-0.2643,-0.0371,-0.009,0.0067,1739334718434.2056
136,3613070592,0,0.023,-0.0231,-0.3965,-0.0371,0.0,0.0067,1739334718444.207
137,3780842752,0,0.0,0.0,-0.1321,-0.0278,-0.009,0.0,1739334718454.2085
138,3948614912,0,0.046,0.0,-0.2643,-0.0371,-0.009,0.0067,1739334718464.21
139,4116387072,0,0.023,0.0,-0.2643,-0.0371,-0.009,0.0134,1739334718474.2114
140,4284159232,0,0.023,0.0,-0.2643,-0.0464,0.0,0.0134,1739334718484.2131
141,157029632,0,0.046,-0.0231,-0.2643,-0.0371,-0.009,0.0067,1739334718494.2146
142,324801792,0,0.023,0.0,-0.2643,-0.0278,0.0,0.0067,1739334718504.216
143,492573952,0,0.046,0.0,-0.2643,-0.0371,0.0,0.0,1739334718514.2175
144,660346112,0,0.023,0.0,-0.3965,-0.0371,0.0,0.0,1739334718524.219
145,828118272,0,0.046,0.0,-0.2643,-0.0278,0.0,0.0067,1739334718534.2205
146,995890432,0,0.023,0.0,-0.2643,-0.0464,0.0,0.0134,1739334718544.222
147,1163662592,0,0.046,-0.0231,-0.3965,-0.0371,0.0,0.0067,1739334718554.2236
148,1331434752,0,0.023,-0.0231,-0.3965,-0.0371,0.0,0.0067,1739334718564.225
149,1499206912,0,0.023,0.0,-0.3965,-0.0371,0.0,0.0067,1739334718574.2266
150,1666979072,0,0.046,-0.0231,-0.2643,-0.0371,0.0,0.0,1739334718584.228
151,1834751232,0,0.023,0.0,-0.3965,-0.0371,0.0,0.0,1739334718594.2295
152,2002523392,0,0.023,-0.0231,-0.3965,-0.0371,0.0,0.0067,1739334718604.231
153,2170295552,0,0.023,0.0,-0.2643,-0.0464,0.0,0.0067,1739334718614.2324
154,2338067712,0,0.046,-0.0231,-0.2643,-0.0464,0.0,0.0067,1739334718624.2341
155,2505839872,0,0.023,-0.0231,-0.3965,-0.0371,0.009,0.0067,1739334718634.2356
156,2673612032,0,0.023,-0.0231,-0.3965,-0.0371,0.0,0.0,1739334718644.237
157,2841384192,0,0.023,-0.0231,-0.3965,-0.0371,0.0,0.0067,1739334718654.2385
158,3009156352,0,0.0691,-0.0231,-0.3965,-0.0371,0.009,0.0067,1739334718664.24
159,3176928512,0,0.046,-0.0231,-0.3965,-0.0371,0.0,0.0067,1739334718674.2415
160,3344700672,0,0.046,-0.0231,-0.3965,-0.0371,0.0,0.0067,1739334718684.243
161,3512472832,0,0.046,0.0,-0.2643,-0.0371,0.0,0.0067,1739334718694.2446
162,3680244992,0,0.046,0.0,-0.2643,-0.0371,0.0,0.0134,1739334718704.246
163,3848017152,0,0.046,0.0,-0.3965,-0.0371,0.0,0.0134,1739334718714.2476
164,4015789312,0,0.023,0.0,-0.3965,-0.0371,0.0,0.0,1739334718724.249
165,4183561472,0,0.023,-0.0231,-0.3965,-0.0371,0.0,0.0134,1739334718734.2505
166,56431872,0,0.046,0.0,-0.3965,-0.0371,0.0,0.0134,1739334718744.252
167,224204032,0,0.046,0.0,-0.3965,-0.0371,0.0,0.0067,1739334718754.2537
168,391976192,0,0.046,-0.0231,-0.3965,-0.0371,0.0,0.0067,1739334718764.2551
169,559748352,0,0.023,0.0,-0.1321,-0.0371,-0.009,0.0,1739334718774.2566
170,727520512,0,0.023,0.0,-0.3965,-0.0371,0.0,0.0134,1739334718784.258
171,895292672,0,0.023,0.0,-0.3965,-0.0371,0.0,0.0,1739334718794.2595
172,1063064832,0,0.023,0.0,-0.3965,-0.0371,0.0,0.0134,1739334718804.261
173,1230836992,0,0.046,-0.0231,-0.2643,-0.0371,0.0,0.0134,1739334718814.2625
174,1398609152,0,0.023,-0.0231,-0.3965,-0.0371,0.0,0.0067,1739334718824.2642
175,1566381312,0,0.023,-0.0231,-0.3965,-0.0371,0.0,0.0067,1739334718834.2656
176,1734153472,0,0.023,0.0,-0.2643,-0.0464,0.0,0.0201,1739334718844.267
177,1901925632,0,0.023,0.0,-0.3965,-0.0371,0.0,0.0134,1739334718854.2686
178,2069697792,0,0.023,0.0,-0.3965,-0.0371,0.0,0.0201,1739334718864.27
179,2237469952,0,0.046,-0.0231,-0.3965,-0.0371,0.0,0.0067,1739334718874.2715
180,2405242112,0,0.0,0.0,-0.2643,-0.0278,0.0,0.0067,1739334718884.273
181,2573014272,0,0.023,0.0,-0.2643,-0.0371,0.0,0.0067,1739334718894.2747
182,2740786432,0,0.046,-0.0231,-0.3965,-0.0371,0.0,0.0134,1739334718904.2761
183,2908558592,0,0.046,-0.0462,-0.3965,-0.0371,0.0,0.0,1739334718914.2776
184,3076330752,0,0.046,-0.0231,-0.2643,-0.0464,0.0,0.0067,1739334718924.279
185,3244102912,0,0.0,-0.0231,-0.2643,-0.0464,0.0,0.0067,1739334718934.2805
186,3411875072,0,0.046,-0.0462,-0.3965,-0.0371,0.0,0.0,1739334718944.282
187,3579647232,0,0.023,-0.0231,-0.3965,-0.0371,0.0,0.0067,1739334718954.2834
188,3747419392,0,0.046,0.0,-0.3965,-0.0371,0.0,0.0,1739334718964.2852
189,3915191552,0,0.046,-0.0231,-0.2643,-0.0464,0.0,0.0134,1739334718974.2866
190,4082963712,0,0.046,0.0,-0.2643,-0.0464,0.0,0.0067,1739334718984.288
191,4250735872,0,0.023,0.0,-0.3965,-0.0371,0.0,0.0067,1739334718994.2896
192,123606272,0,0.023,-0.0231,-0.2643,-0.0464,0.0,0.0134,1739334719004.291
193,291378432,0,0.023,-0.0462,-0.2643,-0.0464,0.0,0.0067,1739334719014.2925
194,459150592,0,0.0,0.0,-0.2643,-0.0464,0.0,0.0,1739334719024.294
195,626922752,0,0.023,-0.0231,-0.3965,-0.0371,0.0,0.0067,1739334719034.2957
196,794694912,0,0.023,-0.0462,-0.2643,-0.0464,0.0,0.0134,1739334719044.297
197,962467072,0,0.023,-0.0231,-0.2643,-0.0278,-0.009,0.0134,1739334719054.2986
198,1130239232,0,0.023,-0.0231,-0.2643,-0.0464,0.0,0.0134,1739334719064.3
199,1298011392,0,0.046,0.0,-0.2643,-0.0464,0.0,0.0067,1739334719074.3015
200,1465783552,0,0.023,0.0,-0.2643,-0.0371,0.0,0.0067,1739334719084.303
201,1633555712,0,0.046,-0.0231,-0.2643,-0.0371,0.0,0.0134,1739334719094.3044
202,1801327872,0,0.023,0.0,-0.3965,-0.0371,0.0,0.0067,1739334719104.3062
203,1969100032,0,0.023,-0.0231,-0.2643,-0.0278,0.0,0.0067,1739334719114.3076
204,2136872192,0,0.046,-0.0231,-0.2643,-0.0371,0.0,0.0067,1739334719124.309
205,2304644352,0,0.023,0.0,-0.3965,-0.0371,0.0,0.0067,1739334719134.3105
206,2472416512,0,0.023,0.0,-0.2643,-0.0464,0.0,0.0067,1739334719144.312
207,2640188672,0,0.046,-0.0231,-0.2643,-0.0371,0.0,0.0067,1739334719154.3135
208,2807960832,0,0.0,0.0,-0.2643,-0.0557,0.0,0.0134,1739334719164.315
209,2975732992,0,0.023,0.0462,-0.2643,-0.1207,-0.009,0.0,1739334719174.3167
210,3143505152,0,-0.023,0.0924,-0.1321,-0.1858,-0.0361,0.0,1739334719184.318
211,3311277312,0,-0.0921,0.1849,-0.2643,-0.3066,-0.0903,-0.0067,1739334719194.3196
212,3479049472,0,-0.2303,0.5085,-0.3965,-0.6039,-0.1896,-0.0201,1739334719204.321
213,3646821632,0,-0.3455,0.8321,-0.5287,-0.957,-0.325,-0.0268,1739334719214.3225
214,3814593792,0,-0.5297,1.0402,-0.5287,-1.1707,-0.4515,-0.0335,1739334719224.324
215,3982365952,0,-0.7601,1.0633,-0.7931,-1.2265,-0.6501,-0.0403,1739334719234.3254
216,4150138112,0,-1.0825,1.0864,-0.7931,-1.2915,-0.9301,-0.0403,1739334719244.3271
217,23008512,0,-1.4971,1.2482,-0.9253,-1.4495,-1.3093,-0.0403,1739334719254.3286
218,190780672,0,-1.8887,1.5025,-0.7931,-1.7468,-1.7428,-0.0201,1739334719264.33
219,358552832,0,-2.3033,1.8723,-0.5287,-2.1929,-2.104,0.0134,1739334719274.3315
220,526324992,0,-2.4415,2.3347,0.0,-2.7875,-2.2394,0.0403,1739334719284.333
221,694097152,0,-2.2572,2.797,0.2643,-3.4101,-2.0769,0.0806,1739334719294.3345
222,861869312,0,-1.7966,3.0744,0.2643,-3.7818,-1.6254,0.1141,1739334719304.336
223,1029641472,0,-1.2898,2.9588,0.0,-3.7632,-1.0926,0.1209,1739334719314.3376
224,1197413632,0,-0.7831,2.7276,0.0,-3.5774,-0.6411,0.1007,1739334719324.339
225,1365185792,0,-0.4376,2.4271,-0.5287,-3.2986,-0.307,0.0806,1739334719334.3406
226,1532957952,0,-0.3685,2.011,-0.6609,-2.8619,-0.2257,0.0403,1739334719344.342
227,1700730112,0,-0.6449,1.5256,-0.9253,-2.4066,-0.3521,-0.0067,1739334719354.3435
228,1868502272,0,-0.9904,1.2251,-0.9253,-2.0999,-0.5959,-0.0201,1739334719364.345
229,2036274432,0,-1.3129,1.2482,-0.9253,-2.0628,-0.8036,-0.0134,1739334719374.3467
230,2204046592,0,-1.5202,1.4794,-0.7931,-2.3322,-0.912,0.0335,1739334719384.3481
231,2371818752,0,-1.5202,1.803,-0.5287,-2.7504,-0.8668,0.0806,1739334719394.3496
232,2539590912,0,-1.4741,2.0573,-0.5287,-3.1128,-0.7404,0.1074,1739334719404.351
233,2707363072,0,-1.2438,2.196,-0.3965,-3.3636,-0.5147,0.1074,1739334719414.3525
234,2875135232,0,-0.9904,2.2422,-0.5287,-3.503,-0.2618,0.0604,1739334719424.354
235,3042907392,0,-0.737,2.1497,-0.5287,-3.4751,0.0,0.0,1739334719434.3555
236,3210679552,0,-0.4376,2.011,-0.2643,-3.3543,0.307,-0.0671,1739334719444.3572
237,3378451712,0,-0.1382,1.9417,0.0,-3.2335,0.6953,-0.1007,1739334719454.3586
238,3546223872,0,0.1612,1.9417,0.1321,-3.1685,1.1107,-0.1477,1739334719464.36
239,3713996032,0,0.3915,1.803,0.1321,-3.0384,1.4087,-0.1947,1739334719474.3616
240,3881768192,0,0.3685,1.6874,-0.1321,-2.834,1.4628,-0.2686,1739334719484.363
241,4049540352,0,0.0691,1.5025,-0.5287,-2.6296,1.2732,-0.3627,1739334719494.3645
242,4217312512,0,-0.3915,1.3638,-0.9253,-2.4623,0.9301,-0.4701,1739334719504.366
243,90182912,0,-0.8752,1.3638,-1.0575,-2.4437,0.5508,-0.5776,1739334719514.3677
244,257955072,0,-1.405,1.41,-1.3218,-2.5181,0.1535,-0.6851,1739334719524.3691
245,425727232,0,-1.7735,1.4794,-1.3218,-2.5738,-0.1264,-0.7724,1739334719534.3706
246,593499392,0,-1.7966,1.4331,-1.3218,-2.5459,-0.1986,-0.8463,1739334719544.372
247,761271552,0,-1.7966,1.4563,-0.9253,-2.5459,-0.1715,-0.8799,1739334719554.3735
248,929043712,0,-1.7044,1.4563,-0.9253,-2.6389,-0.0812,-0.8933,1739334719564.375
249,1096815872,0,-1.6123,1.5718,-0.6609,-2.8619,0.0,-0.8866,1739334719574.3765
250,1264588032,0,-1.5662,1.7105,-0.5287,-3.1778,0.0451,-0.8732,1739334719584.3782
251,1432360192,0,-1.5432,1.803,-0.2643,-3.3822,0.0632,-0.8463,1739334719594.3796
252,1600132352,0,-1.5432,1.8723,-0.2643,-3.5123,0.0361,-0.7858,1739334719604.381
253,1767904512,0,-1.6123,1.8955,-0.2643,-3.6145,-0.027,-0.7388,1739334719614.3826
254,1935676672,0,-1.7505,1.8261,-0.1321,-3.5959,-0.1444,-0.6851,1739334719624.384
255,2103448832,0,-1.8426,1.7568,0.0,-3.5123,-0.2799,-0.6179,1739334719634.3855
256,2271220992,0,-2.0039,1.6412,0.1321,-3.3543,-0.4063,-0.5373,1739334719644.387
257,2438993152,0,-2.073,1.5718,0.3965,-3.3079,-0.4515,-0.4634,1739334719654.3887
258,2606765312,0,-2.0499,1.6181,0.5287,-3.3451,-0.4605,-0.3963,1739334719664.3901
259,2774537472,0,-1.9808,1.7337,0.5287,-3.4751,-0.4063,-0.3425,1739334719674.3916
260,2942309632,0,-1.9578,1.8723,0.5287,-3.5774,-0.4063,-0.3022,1739334719684.393
261,3110081792,0,-2.0039,1.9648,0.5287,-3.6889,-0.4334,-0.2888,1739334719694.3945
262,3277853952,0,-2.096,1.9879,0.5287,-3.7074,-0.5056,-0.3022,1739334719704.396
263,3445626112,0,-2.3033,1.9417,0.5287,-3.6703,-0.6411,-0.3089,1739334719714.3975
264,3613398272,0,-2.5797,1.9186,0.6609,-3.6052,-0.8036,-0.3224,1739334719724.3992
265,3781170432,0,-2.8561,1.8955,0.5287,-3.6145,-0.921,-0.3224,1739334719734.4006
266,3948942592,0,-3.0634,1.9879,0.5287,-3.8004,-1.0204,-0.3224,1739334719744.402
267,4116714752,0,-3.2937,2.2422,0.5287,-4.1349,-1.1378,-0.3224,1739334719754.4036
268,4284486912,0,-3.5471,2.5889,0.3965,-4.5716,-1.201,-0.3358,1739334719764.405
269,157357312,0,-3.6623,2.8432,0.3965,-5.0083,-1.21,-0.3627,1739334719774.4065
270,325129472,0,-3.7314,3.005,0.1321,-5.2406,-1.1558,-0.3963,1739334719784.408
271,492901632,0,-3.7314,2.9588,0.0,-5.3521,-1.1016,-0.4298,1739334719794.4097
272,660673792,0,-3.7314,2.9357,-0.1321,-5.4636,-1.0565,-0.4567,1739334719804.4111
273,828445952,0,-3.7083,2.9357,0.0,-5.603,-0.9842,-0.4701,1739334719814.4126
274,996218112,0,-3.7314,2.9819,0.1321,-5.7703,-0.9391,-0.4701,1739334719824.414
275,1163990272,0,-3.7314,3.0513,0.1321,-5.9747,-0.9301,-0.4567,1739334719834.4155
276,1331762432,0,-3.6623,3.1437,0.0,-6.1419,-0.8668,-0.45,1739334719844.417
277,1499534592,0,-3.5471,3.2131,-0.1321,-6.2906,-0.7314,-0.45,1739334719854.4185
278,1667306752,0,-3.3859,3.2131,-0.3965,-6.3371,-0.5508,-0.4903,1739334719864.4202
279,1835078912,0,-3.3168,3.0975,-0.6609,-6.2163,-0.4424,-0.5306,1739334719874.4216
280,2002851072,0,-3.2016,2.9357,-0.7931,-5.9933,-0.307,-0.5709,1739334719884.423
281,2170623232,0,-2.9943,2.7739,-0.9253,-5.8074,-0.0993,-0.5978,1739334719894.4246
282,2338395392,0,-2.764,2.6352,-1.0575,-5.668,0.0632,-0.5978,1739334719904.426
283,2506167552,0,-2.6718,2.5889,-1.1896,-5.6309,0.1444,-0.5776,1739334719914.4275
284,2673939712,0,-2.5797,2.5658,-1.1896,-5.6495,0.1354,-0.5507,1739334719924.429
285,2841711872,0,-2.5567,2.5427,-1.3218,-5.6773,0.0903,-0.5306,1739334719934.4307
286,3009484032,0,-2.5567,2.5196,-1.1896,-5.6959,-0.0361,-0.5306,1739334719944.4321
287,3177256192,0,-2.6027,2.4503,-1.1896,-5.6773,-0.1354,-0.5306,1739334719954.4336
288,3345028352,0,-2.7179,2.5196,-1.1896,-5.7052,-0.1986,-0.5575,1739334719964.435
289,3512800512,0,-2.9022,2.5427,-1.0575,-5.7145,-0.307,-0.6179,1739334719974.4365
290,3680572672,0,-3.0864,2.5427,-1.1896,-5.668,-0.4153,-0.6918,1739334719984.438
291,3848344832,0,-3.1786,2.5196,-1.0575,-5.5844,-0.4966,-0.7321,1739334719994.4395
292,4016116992,0,-3.2246,2.4271,-1.0575,-5.4822,-0.5689,-0.7858,1739334720004.4412
293,4183889152,0,-3.3168,2.3809,-1.0575,-5.3893,-0.6953,-0.806,1739334720014.4426
294,56759552,0,-3.478,2.3578,-0.9253,-5.3242,-0.8488,-0.806,1739334720024.444
295,224531712,0,-3.6162,2.3347,-0.7931,-5.3057,-1.0023,-0.7926,1739334720034.4456
296,392303872,0,-3.6623,2.3578,-0.7931,-5.2871,-1.1016,-0.759,1739334720044.447
297,560076032,0,-3.5932,2.3347,-0.9253,-5.2685,-1.1378,-0.7254,1739334720054.4485
298,727848192,0,-3.501,2.2653,-0.7931,-5.1756,-1.1016,-0.6985,1739334720064.4502
299,895620352,0,-3.3168,2.1266,-0.6609,-4.9804,-1.0474,-0.6716,1739334720074.4517
300,1063392512,0,-3.0864,1.8955,-0.6609,-4.711,-0.9662,-0.6515,1739334720084.4531
301,1231164672,0,-2.9022,1.6874,-0.5287,-4.4322,-0.8759,-0.6112,1739334720094.4546
302,1398936832,0,-2.7409,1.5487,-0.2643,-4.2092,-0.7765,-0.5642,1739334720104.456
303,1566708992,0,-2.6027,1.4331,-0.3965,-4.0605,-0.6953,-0.5239,1739334720114.4575
304,1734481152,0,-2.4645,1.3638,-0.3965,-3.9583,-0.6501,-0.4701,1739334720124.459
305,1902253312,0,-2.2803,1.3407,-0.1321,-3.9212,-0.5237,-0.4433,1739334720134.4607
306,2070025472,0,-2.1881,1.3176,-0.1321,-3.8747,-0.3973,-0.4567,1739334720144.4622
307,2237797632,0,-2.1421,1.2482,-0.2643,-3.6889,-0.325,-0.5172,1739334720154.4636
308,2405569792,0,-2.119,1.1095,-0.2643,-3.4844,-0.2618,-0.5575,1739334720164.465
309,2573341952,0,-2.096,0.9708,-0.6609,-3.2614,-0.2076,-0.6112,1739334720174.4666
310,2741114112,0,-2.0039,0.8321,-0.5287,-3.0756,-0.1264,-0.6381,1739334720184.468
311,2908886272,0,-1.9117,0.7628,-0.6609,-2.9641,-0.0632,-0.6313,1739334720194.4695
312,3076658432,0,-1.8657,0.7397,-0.5287,-2.8805,-0.009,-0.6246,1739334720204.4712
313,3244430592,0,-1.8196,0.7628,-0.7931,-2.8619,0.018,-0.591,1739334720214.4727
314,3412202752,0,-1.7966,0.809,-0.7931,-2.8805,0.0451,-0.591,1739334720224.474
315,3579974912,0,-1.7735,0.8784,-0.6609,-2.899,0.0903,-0.5843,1739334720234.4756
316,3747747072,0,-1.7966,0.8784,-0.6609,-2.8805,0.0361,-0.6112,1739334720244.477
317,3915519232,0,-1.9117,0.8552,-0.6609,-2.834,-0.0993,-0.6381,1739334720254.4785
318,4083291392,0,-2.0499,0.8321,-0.7931,-2.7782,-0.2347,-0.6582,1739334720264.48
319,4251063552,0,-2.1421,0.8321,-0.7931,-2.769,-0.2889,-0.6448,1739334720274.4817
320,123933952,0,-2.119,0.8784,-0.7931,-2.7782,-0.307,-0.6381,1739334720284.4832
321,291706112,0,-2.096,0.9246,-0.7931,-2.834,-0.325,-0.5978,1739334720294.4846
322,459478272,0,-2.073,0.9939,-0.6609,-2.9083,-0.3702,-0.5642,1739334720304.486
323,627250432,0,-2.119,1.0633,-0.6609,-2.9734,-0.4244,-0.5373,1739334720314.4875
324,795022592,0,-2.1421,1.0864,-0.5287,-2.9827,-0.5056,-0.5172,1739334720324.489
325,962794752,0,-2.1651,1.0864,-0.3965,-2.9734,-0.5779,-0.497,1739334720334.4905
326,1130566912,0,-2.1651,1.0864,-0.3965,-2.9269,-0.623,-0.4836,1739334720344.4922
327,1298339072,0,-2.1421,1.0633,-0.2643,-2.9176,-0.6501,-0.4634,1739334720354.4937
328,1466111232,0,-2.0039,0.9939,-0.3965,-2.8805,-0.5327,-0.4433,1739334720364.495
329,1633883392,0,-1.7966,0.9939,-0.3965,-2.899,-0.3431,-0.4231,1739334720374.4966
330,1801655552,0,-1.6353,0.9708,-0.5287,-2.8619,-0.1896,-0.4231,1739334720384.498
331,1969427712,0,-1.5432,0.9477,-0.3965,-2.769,-0.0903,-0.4433,1739334720394.4995
332,2137199872,0,-1.405,0.8784,-0.5287,-2.6667,0.0,-0.4567,1739334720404.501
333,2304972032,0,-1.2898,0.7859,-0.5287,-2.5831,0.1354,-0.4769,1739334720414.5027
334,2472744192,0,-1.1747,0.7165,-0.5287,-2.453,0.2167,-0.4903,1739334720424.5042
335,2640516352,0,-1.1056,0.6703,-0.3965,-2.3044,0.2618,-0.4769,1739334720434.5056
336,2808288512,0,-1.0365,0.601,-0.2643,-2.2207,0.316,-0.4769,1739334720444.507
337,2976060672,0,-0.9443,0.5547,-0.2643,-2.1278,0.3431,-0.4634,1739334720454.5085
338,3143832832,0,-0.8752,0.5547,-0.1321,-2.0813,0.3702,-0.4567,1739334720464.51
339,3311604992,0,-0.8522,0.5779,-0.1321,-2.0628,0.3521,-0.4298,1739334720474.5115
340,3479377152,0,-0.8061,0.601,0.0,-2.0813,0.3702,-0.4298,1739334720484.5132
341,3647149312,0,-0.8061,0.6241,0.0,-2.0813,0.3341,-0.4231,1739334720494.5146
342,3814921472,0,-0.8061,0.601,-0.1321,-2.0163,0.2979,-0.4433,1739334720504.516
343,3982693632,0,-0.8292,0.5547,-0.1321,-1.942,0.2438,-0.45,1739334720514.5176
344,4150465792,0,-0.8983,0.5085,-0.1321,-1.8583,0.1625,-0.45,1739334720524.519
345,23336192,0,-0.9674,0.4623,-0.2643,-1.8026,0.0632,-0.4433,1739334720534.5205
346,191108352,0,-1.1056,0.4623,-0.2643,-1.8119,-0.0903,-0.4366,1739334720544.522
347,358880512,0,-1.1286,0.5085,-0.2643,-1.849,-0.1625,-0.4164,1739334720554.5237
348,526652672,0,-1.1286,0.5547,-0.2643,-1.9327,-0.1986,-0.3963,1739334720564.5251
349,694424832,0,-1.1056,0.601,-0.1321,-1.9698,-0.1806,-0.3963,1739334720574.5266
350,862196992,0,-1.0595,0.601,0.0,-1.9791,-0.1986,-0.4097,1739334720584.528
351,1029969152,0,-1.0825,0.5547,0.1321,-1.9884,-0.2528,-0.4097,1739334720594.5295
352,1197741312,0,-1.0825,0.5779,0.1321,-1.9884,-0.2799,-0.4097,1739334720604.531
353,1365513472,0,-1.0595,0.5779,0.1321,-1.9977,-0.2889,-0.403,1739334720614.5325
354,1533285632,0,-1.0595,0.6472,0.0,-2.0628,-0.2709,-0.3828,1739334720624.5342
355,1701057792,0,-1.0825,0.7628,0.1321,-2.1836,-0.3341,-0.3761,1739334720634.5356
356,1868829952,0,-1.0595,0.8552,0.3965,-2.3322,-0.2799,-0.3761,1739334720644.537
357,2036602112,0,-1.0825,1.0402,0.5287,-2.5274,-0.2618,-0.3828,1739334720654.5386
358,2204374272,0,-1.1056,1.1558,0.6609,-2.6296,-0.2076,-0.4097,1739334720664.54
359,2372146432,0,-1.1747,1.2251,0.7931,-2.7318,-0.2257,-0.4433,1739334720674.5415
360,2539918592,0,-1.1977,1.202,1.0575,-2.7039,-0.2257,-0.4836,1739334720684.543
361,2707690752,0,-1.2438,1.2251,1.3218,-2.7039,-0.2438,-0.497,1739334720694.5447
362,2875462912,0,-1.1977,1.2482,1.454,-2.7318,-0.2347,-0.5037,1739334720704.5461
363,3043235072,0,-1.2438,1.2713,1.7184,-2.7411,-0.2979,-0.4836,1739334720714.5476
364,3211007232,0,-1.1516,1.2944,1.8506,-2.7782,-0.2709,-0.4634,1739334720724.549
365,3378779392,0,-0.9904,1.3407,2.115,-2.8247,-0.2167,-0.45,1739334720734.5505
366,3546551552,0,-0.8983,1.3176,2.2471,-2.8154,-0.2167,-0.4298,1739334720744.552
367,3714323712,0,-0.8292,1.2944,2.2471,-2.7504,-0.1986,-0.4164,1739334720754.5537
368,3882095872,0,-0.7601,1.2251,2.3793,-2.7039,-0.2347,-0.4097,1739334720764.5552
369,4049868032,0,-0.6679,1.1789,2.5115,-2.6389,-0.2257,-0.3963,1739334720774.5566
370,4217640192,0,-0.5988,1.1095,2.5115,-2.5831,-0.1896,-0.3895,1739334720784.558
371,90510592,0,-0.5758,1.0864,2.6437,-2.5459,-0.2167,-0.3761,1739334720794.5596
372,258282752,0,-0.5988,1.0633,2.7759,-2.5088,-0.2618,-0.3627,1739334720804.561
373,426054912,0,-0.6219,1.0402,2.9081,-2.4902,-0.3612,-0.3627,1739334720814.5625
374,593827072,0,-0.714,1.0633,3.0403,-2.4809,-0.4695,-0.3425,1739334720824.5642
375,761599232,0,-0.7831,1.0864,3.1725,-2.4716,-0.605,-0.3358,1739334720834.5657
376,929371392,0,-0.8752,1.0633,3.0403,-2.4437,-0.7495,-0.3291,1739334720844.5671
377,1097143552,0,-0.9443,1.0633,3.1725,-2.4344,-0.8488,-0.3156,1739334720854.5686
378,1264915712,0,-0.9443,1.0402,3.1725,-2.4066,-0.903,-0.3022,1739334720864.57
379,1432687872,0,-0.9213,1.0402,3.1725,-2.3601,-0.9301,-0.2888,1739334720874.5715
380,1600460032,0,-0.9213,1.0171,3.3046,-2.3322,-0.9571,-0.2888,1739334720884.573
381,1768232192,0,-0.8983,0.9939,3.4368,-2.2951,-0.9571,-0.2753,1739334720894.5747
382,1936004352,0,-0.9443,0.9708,3.4368,-2.2951,-1.0204,-0.2686,1739334720904.5762
383,2103776512,0,-0.9674,0.9939,3.4368,-2.3136,-1.1016,-0.2686,1739334720914.5776
384,2271548672,0,-1.0365,1.0402,3.569,-2.3415,-1.201,-0.2686,1739334720924.579
385,2439320832,0,-1.0595,1.0171,3.569,-2.3415,-1.2371,-0.2753,1739334720934.5806
386,2607092992,0,-1.1056,0.9939,3.569,-2.3322,-1.2822,-0.2753,1739334720944.582
387,2774865152,0,-1.1056,1.0402,3.569,-2.3044,-1.3364,-0.2753,1739334720954.5835
388,2942637312,0,-1.0825,1.0171,3.569,-2.3136,-1.3545,-0.2619,1739334720964.5852
389,3110409472,0,-0.9213,1.0402,3.8334,-2.3136,-1.3003,-0.2552,1739334720974.5867
390,3278181632,0,-0.8292,1.0402,3.8334,-2.3044,-1.2551,-0.2552,1739334720984.5881
391,3445953792,0,-0.7601,0.9939,3.8334,-2.2765,-1.1829,-0.2485,1739334720994.5896
392,3613725952,0,-0.7601,0.9708,3.9656,-2.2393,-1.1558,-0.2552,1739334721004.591
393,3781498112,0,-0.8061,0.9246,4.0978,-2.1743,-1.21,-0.2552,1739334721014.5925
394,3949270272,0,-0.8292,0.8784,4.0978,-2.0906,-1.2281,-0.2418,1739334721024.594
395,4117042432,0,-0.8061,0.8552,4.0978,-2.0442,-1.2371,-0.235,1739334721034.5957
396,4284814592,0,-0.7831,0.8784,4.0978,-2.0535,-1.2371,-0.2418,1739334721044.5972
397,157684992,0,-0.691,0.8552,4.0978,-2.0349,-1.1648,-0.235,1739334721054.5986
398,325457152,0,-0.5067,0.8321,4.23,-2.0256,-1.0474,-0.235,1739334721064.6
399,493229312,0,-0.3685,0.7859,4.3621,-1.9606,-0.912,-0.2082,1739334721074.6016
400,661001472,0,-0.2764,0.7859,4.4943,-1.9606,-0.7946,-0.1947,1739334721084.603
401,828773632,0,-0.2533,0.7397,4.4943,-1.8955,-0.7585,-0.1746,1739334721094.6045
402,996545792,0,-0.2994,0.7628,4.3621,-1.849,-0.7495,-0.1477,1739334721104.6062
403,1164317952,0,-0.3455,0.7397,4.4943,-1.8212,-0.7495,-0.1343,1739334721114.6077
404,1332090112,0,-0.1842,0.7165,4.3621,-1.7747,-0.5598,-0.1074,1739334721124.6091
405,1499862272,0,0.0,0.6934,4.23,-1.7468,-0.2709,-0.0604,1739334721134.6106
406,1667634432,0,0.2303,0.6703,4.23,-1.6353,0.0451,-0.047,1739334721144.612
407,1835406592,0,0.3685,0.6241,4.0978,-1.5331,0.2257,-0.0268,1739334721154.6135
408,2003178752,0,0.2533,0.5547,3.9656,-1.4774,0.1625,-0.0268,1739334721164.615
409,2170950912,0,0.0691,0.5316,3.8334,-1.4495,-0.0812,-0.0403,1739334721174.6167
410,2338723072,0,-0.023,0.5316,3.8334,-1.4495,-0.2709,-0.047,1739334721184.6182
411,2506495232,0,0.0691,0.5547,3.8334,-1.4588,-0.2709,-0.0268,1739334721194.6196
412,2674267392,0,0.1612,0.5316,3.8334,-1.4402,-0.1806,0.0,1739334721204.621
413,2842039552,0,0.1151,0.5547,3.569,-1.4309,-0.1625,0.0134,1739334721214.6226
414,3009811712,0,0.0691,0.5779,3.569,-1.403,-0.1444,0.0201,1739334721224.624
415,3177583872,0,-0.0691,0.5316,3.4368,-1.3937,-0.2799,0.0067,1739334721234.6255
416,3345356032,0,-0.1612,0.5547,3.3046,-1.403,-0.3702,-0.0335,1739334721244.6272
417,3513128192,0,-0.0921,0.4623,3.3046,-1.3008,-0.3612,-0.0403,1739334721254.6287
418,3680900352,0,0.1151,0.3929,3.3046,-1.18,-0.1986,-0.0403,1739334721264.6301
419,3848672512,0,0.2533,0.3005,3.3046,-1.0871,-0.0722,-0.0268,1739334721274.6316
420,4016444672,0,0.3685,0.2311,3.1725,-1.0035,0.0812,-0.0201,1739334721284.633
421,4184216832,0,0.3224,0.1618,3.1725,-0.9106,0.0812,0.0,1739334721294.6345
422,57087232,0,0.1612,0.1618,3.0403,-0.9291,-0.0632,-0.0134,1739334721304.636
423,224859392,0,0.1612,0.1618,3.0403,-0.8827,-0.0812,0.0067,1739334721314.6377
424,392631552,0,0.2764,0.208,3.0403,-0.8734,0.0722,0.0268,1739334721324.6392
425,560403712,0,0.3685,0.2542,2.9081,-0.8827,0.1986,0.0537,1739334721334.6406
426,728175872,0,0.4606,0.2542,3.0403,-0.8455,0.3521,0.0671,1739334721344.642
427,895948032,0,0.5528,0.208,2.9081,-0.7526,0.4876,0.0806,1739334721354.6436
428,1063720192,0,0.5297,0.1618,2.7759,-0.7061,0.4515,0.0671,1739334721364.645
429,1231492352,0,0.4837,0.1386,2.5115,-0.6411,0.4063,0.0537,1739334721374.6467
430,1399264512,0,0.5528,0.0924,2.7759,-0.5761,0.4244,0.0403,1739334721384.6482
431,1567036672,0,0.6219,0.1155,2.7759,-0.5853,0.5056,0.0537,1739334721394.6497
432,1734808832,0,0.714,0.1155,2.7759,-0.5946,0.5508,0.0604,1739334721404.6511
433,1902580992,0,0.714,0.0924,2.6437,-0.5761,0.5508,0.0738,1739334721414.6526
434,2070353152,0,0.6219,0.0693,2.5115,-0.5761,0.4785,0.0671,1739334721424.654
435,2238125312,0,0.3685,0.0693,2.3793,-0.5946,0.2347,0.0537,1739334721434.6555
436,2405897472,0,0.2303,0.0693,2.115,-0.5946,0.0632,0.0403,1739334721444.6572
437,2573669632,0,0.2303,0.0924,1.9828,-0.6225,-0.027,0.0268,1739334721454.6587
438,2741441792,0,0.2533,0.0924,1.9828,-0.6411,-0.0632,0.0201,1739334721464.6602
439,2909213952,0,0.3455,0.0693,2.2471,-0.6132,-0.009,0.0335,1739334721474.6616
440,3076986112,0,0.4146,0.0462,2.3793,-0.5761,0.0812,0.0537,1739334721484.663
441,3244758272,0,0.4376,0.0693,2.3793,-0.5668,0.1173,0.0671,1739334721494.6646
442,3412530432,0,0.3915,0.0693,2.5115,-0.5946,0.0812,0.0806,1739334721504.666
443,3580302592,0,0.3224,0.1155,2.115,-0.6225,-0.009,0.0873,1739334721514.6677
444,3748074752,0,0.2764,0.1155,2.115,-0.6597,-0.0632,0.094,1739334721524.6692
445,3915846912,0,0.2303,0.1386,1.9828,-0.669,-0.0722,0.1007,1739334721534.6707
446,4083619072,0,0.2764,0.1618,1.9828,-0.6783,-0.009,0.1007,1739334721544.672
447,4251391232,0,0.3224,0.1618,1.9828,-0.6504,0.0993,0.1074,1739334721554.6736
448,124261632,0,0.4146,0.1618,1.8506,-0.6597,0.1986,0.1141,1739334721564.675
449,292033792,0,0.3685,0.1849,1.7184,-0.6318,0.2167,0.1141,1739334721574.6765
450,459805952,0,0.4376,0.1618,1.5862,-0.6132,0.2979,0.1141,1739334721584.6782
451,627578112,0,0.4146,0.1618,1.5862,-0.5853,0.2799,0.1141,1739334721594.6797
452,795350272,0,0.3915,0.1386,1.7184,-0.5761,0.2257,0.1141,1739334721604.6812
453,963122432,0,0.3685,0.1155,1.7184,-0.5761,0.1715,0.1074,1739334721614.6826
454,1130894592,0,0.4837,0.1155,1.7184,-0.5575,0.1986,0.1074,1739334721624.684
455,1298666752,0,0.5988,0.1155,1.8506,-0.5389,0.2618,0.1074,1739334721634.6855
456,1466438912,0,0.5988,0.0924,1.8506,-0.5296,0.2799,0.1007,1739334721644.687
457,1634211072,0,0.5988,0.0924,1.8506,-0.5296,0.2618,0.1007,1739334721654.6887
458,1801983232,0,0.6449,0.0693,1.7184,-0.511,0.2889,0.094,1739334721664.6902
459,1969755392,0,0.6449,0.0462,1.7184,-0.4553,0.2889,0.094,1739334721674.6917
460,2137527552,0,0.691,0.0,1.7184,-0.4181,0.316,0.1074,1739334721684.693
461,2305299712,0,0.5988,0.0231,1.8506,-0.4088,0.2257,0.094,1739334721694.6946
462,2473071872,0,0.5067,0.0,1.8506,-0.3902,0.1806,0.1007,1739334721704.696
463,2640844032,0,0.5297,0.0231,1.7184,-0.4088,0.1535,0.1074,1739334721714.6975
464,2808616192,0,0.5067,0.0231,1.7184,-0.4181,0.1354,0.1141,1739334721724.6992
465,2976388352,0,0.4837,0.0231,1.5862,-0.4367,0.1354,0.1141,1739334721734.7007
466,3144160512,0,0.4837,0.0231,1.454,-0.4088,0.1173,0.1141,1739334721744.7021
467,3311932672,0,0.4376,0.0231,1.3218,-0.3902,0.0993,0.1276,1739334721754.7036
468,3479704832,0,0.4376,0.0,1.1896,-0.3902,0.0903,0.1276,1739334721764.705
469,3647476992,0,0.5067,0.0,1.1896,-0.3809,0.1444,0.1343,1739334721774.7065
470,3815249152,0,0.5988,0.0,1.1896,-0.3995,0.2438,0.141,1739334721784.708
471,3983021312,0,0.6219,0.0462,1.1896,-0.3995,0.2799,0.141,1739334721794.7097
472,4150793472,0,0.6449,0.0462,1.3218,-0.4274,0.3341,0.1343,1739334721804.7112
473,23663872,0,0.7601,0.0462,1.3218,-0.4088,0.4244,0.1477,1739334721814.7126
474,191436032,0,0.7601,0.0462,1.1896,-0.4088,0.4515,0.1477,1739334721824.714
475,359208192,0,0.714,0.0693,1.3218,-0.4274,0.4244,0.1477,1739334721834.7156
476,526980352,0,0.6679,0.0693,1.3218,-0.4367,0.3792,0.1276,1739334721844.717
477,694752512,0,0.6219,0.0693,1.3218,-0.4553,0.316,0.1544,1739334721854.7185
478,862524672,0,0.691,0.0693,1.3218,-0.446,0.307,0.1477,1739334721864.7202
479,1030296832,0,0.5988,0.0693,1.1896,-0.446,0.2438,0.1477,1739334721874.7217
480,1198068992,0,0.6219,0.0462,1.0575,-0.4553,0.2257,0.1544,1739334721884.7231
481,1365841152,0,0.5297,0.0462,1.0575,-0.4645,0.1354,0.1343,1739334721894.7246
482,1533613312,0,0.4376,0.0462,1.0575,-0.446,0.0812,0.1343,1739334721904.726
483,1701385472,0,0.3685,0.0462,0.9253,-0.446,0.009,0.1343,1739334721914.7275
484,1869157632,0,0.3915,0.0231,0.9253,-0.4367,0.0,0.1343,1739334721924.729
485,2036929792,0,0.4146,0.0231,0.9253,-0.4181,0.0,0.141,1739334721934.7307
486,2204701952,0,0.4606,0.0231,0.7931,-0.3902,0.0632,0.1343,1739334721944.7322
487,2372474112,0,0.5297,-0.0231,0.7931,-0.3438,0.1173,0.1343,1739334721954.7336
488,2540246272,0,0.5528,-0.0462,0.6609,-0.3159,0.1535,0.1141,1739334721964.735
489,2708018432,0,0.5528,-0.0693,0.7931,-0.2787,0.1896,0.1209,1739334721974.7366
490,2875790592,0,0.5758,-0.0693,0.6609,-0.2601,0.2076,0.1209,1739334721984.738
491,3043562752,0,0.5988,-0.0462,0.9253,-0.2787,0.2347,0.1276,1739334721994.7395
492,3211334912,0,0.6219,-0.0462,0.9253,-0.2973,0.2618,0.141,1739334722004.7412
493,3379107072,0,0.691,-0.0231,0.9253,-0.3066,0.307,0.141,1739334722014.7427
494,3546879232,0,0.691,0.0,0.9253,-0.3066,0.325,0.1477,1739334722024.7441
495,3714651392,0,0.6219,0.0,0.9253,-0.3066,0.2889,0.1477,1739334722034.7456
496,3882423552,0,0.5758,-0.0462,0.7931,-0.288,0.2438,0.141,1739334722044.747
497,4050195712,0,0.5758,-0.0693,0.7931,-0.223,0.2347,0.1343,1739334722054.7485
498,4217967872,0,0.5758,-0.0924,0.7931,-0.2137,0.2438,0.1477,1739334722064.7502
499,90838272,0,0.5758,-0.0924,0.6609,-0.2044,0.2347,0.141,1739334722074.7517
500,258610432,0,0.4606,-0.0462,0.6609,-0.2137,0.1715,0.1544,1739334722084.7532
501,426382592,0,0.4146,-0.0462,0.7931,-0.2415,0.1444,0.1544,1739334722094.7546
502,594154752,0,0.3915,-0.0231,0.6609,-0.2601,0.1625,0.1746,1739334722104.756
503,761926912,0,0.4837,-0.0231,0.6609,-0.2601,0.2347,0.1679,1739334722114.7576
504,929699072,0,0.5528,-0.0231,0.6609,-0.2601,0.307,0.1679,1739334722124.759
505,1097471232,0,0.6219,-0.0462,0.7931,-0.2508,0.3702,0.1746,1739334722134.7607
506,1265243392,0,0.6679,-0.0231,0.7931,-0.2508,0.4153,0.1746,1739334722144.7622
507,1433015552,0,0.737,-0.0231,0.7931,-0.2415,0.4605,0.1679,1739334722154.7637
508,1600787712,0,0.7601,0.0,0.7931,-0.2508,0.4785,0.1612,1739334722164.7651
509,1768559872,0,0.8292,0.0,0.9253,-0.2508,0.5418,0.1746,1739334722174.7666
510,1936332032,0,0.8983,-0.0231,0.9253,-0.2322,0.605,0.1746,1739334722184.768
511,2104104192,0,0.9904,-0.0231,1.0575,-0.2137,0.6772,0.1813,1739334722194.7695
512,2271876352,0,1.0595,-0.0693,1.1896,-0.1858,0.7404,0.1679,1739334722204.7712
513,2439648512,0,1.1286,-0.0924,1.0575,-0.1858,0.7675,0.1746,1739334722214.7727
514,2607420672,0,1.1056,-0.0693,0.9253,-0.1672,0.7585,0.1813,1739334722224.7742
515,2775192832,0,1.0825,-0.0693,1.1896,-0.1672,0.7224,0.1746,1739334722234.7756
516,2942964992,0,1.0595,-0.0924,1.0575,-0.1951,0.6953,0.1612,1739334722244.777
517,3110737152,0,1.0134,-0.0693,1.1896,-0.1951,0.6501,0.1612,1739334722254.7786
518,3278509312,0,0.9674,-0.0693,1.3218,-0.1951,0.623,0.1612,1739334722264.78
519,3446281472,0,0.9904,-0.0693,1.1896,-0.1858,0.6411,0.1477,1739334722274.7817
520,3614053632,0,0.9904,-0.0693,1.1896,-0.2044,0.6411,0.1679,1739334722284.7832
521,3781825792,0,0.9443,-0.0231,1.1896,-0.2137,0.623,0.1679,1739334722294.7847
522,3949597952,0,0.8752,-0.0231,1.1896,-0.2508,0.5508,0.1679,1739334722304.7861
523,4117370112,0,0.8292,0.0,1.0575,-0.2601,0.4966,0.1612,1739334722314.7876
524,4285142272,0,0.8292,0.0,1.0575,-0.288,0.4876,0.1612,1739334722324.789
525,158012672,0,0.8061,0.0231,1.1896,-0.2973,0.5056,0.1746,1739334722334.7905
526,325784832,0,0.8752,0.0,1.0575,-0.2787,0.5508,0.1612,1739334722344.7922
527,493556992,0,0.8983,-0.0462,1.0575,-0.2508,0.5779,0.1544,1739334722354.7937
528,661329152,0,0.8522,-0.0693,1.0575,-0.2322,0.5508,0.1612,1739334722364.7952
529,829101312,0,0.8061,-0.0693,0.9253,-0.223,0.5056,0.1612,1739334722374.7966
530,996873472,0,0.714,-0.0231,0.9253,-0.2601,0.4515,0.141,1739334722384.798
531,1164645632,0,0.5988,0.0,0.7931,-0.3066,0.3612,0.1343,1739334722394.7996
532,1332417792,0,0.5528,0.0,0.6609,-0.3345,0.2979,0.141,1739334722404.801
533,1500189952,0,0.4837,0.0231,0.6609,-0.3345,0.2528,0.1276,1739334722414.8027
534,1667962112,0,0.4376,0.0231,0.6609,-0.353,0.2167,0.1276,1739334722424.8042
535,1835734272,0,0.4837,0.0,0.6609,-0.3345,0.2438,0.1276,1739334722434.8057
536,2003506432,0,0.4837,0.0,0.5287,-0.3345,0.2799,0.1276,1739334722444.8071
537,2171278592,0,0.4606,0.0231,0.6609,-0.3438,0.2799,0.1343,1739334722454.8086
538,2339050752,0,0.4146,0.0462,0.6609,-0.3716,0.2528,0.1276,1739334722464.81
539,2506822912,0,0.3915,0.0231,0.5287,-0.3623,0.2167,0.1209,1739334722474.8115
540,2674595072,0,0.4376,0.0231,0.5287,-0.3716,0.2438,0.1074,1739334722484.8132
541,2842367232,0,0.4376,0.0231,0.3965,-0.3716,0.2528,0.1074,1739334722494.8147
542,3010139392,0,0.5067,0.0,0.3965,-0.3438,0.2979,0.0873,1739334722504.8162
543,3177911552,0,0.5297,-0.0462,0.5287,-0.2973,0.3341,0.094,1739334722514.8176
544,3345683712,0,0.5758,-0.0693,0.6609,-0.2322,0.3882,0.0873,1739334722524.819
545,3513455872,0,0.6449,-0.0924,0.6609,-0.2044,0.4785,0.094,1739334722534.8206
546,3681228032,0,0.6679,-0.0924,0.6609,-0.2044,0.4966,0.094,1739334722544.822
547,3849000192,0,0.714,-0.0693,0.6609,-0.1951,0.5598,0.1007,1739334722554.8237
548,4016772352,0,0.737,-0.0693,0.6609,-0.2044,0.5779,0.1007,1739334722564.8252
549,4184544512,0,0.8061,-0.0693,0.7931,-0.1858,0.6501,0.1209,1739334722574.8267
550,57414912,0,0.8061,-0.0693,0.6609,-0.1765,0.6592,0.1209,1739334722584.8281
551,225187072,0,0.8292,-0.0693,0.7931,-0.1486,0.7314,0.1141,1739334722594.8296
552,392959232,0,0.7831,-0.1155,0.7931,-0.1207,0.7133,0.1141,1739334722604.831
553,560731392,0,0.8061,-0.1386,0.7931,-0.1022,0.7404,0.1209,1739334722614.8325
554,728503552,0,0.8292,-0.1155,0.7931,-0.0929,0.7585,0.1276,1739334722624.8342
555,896275712,0,0.7831,-0.1155,0.6609,-0.1486,0.7224,0.1276,1739334722634.8357
556,1064047872,0,0.7601,-0.0693,0.6609,-0.1765,0.7224,0.1343,1739334722644.8372
557,1231820032,0,0.7601,-0.0693,0.6609,-0.1858,0.7133,0.141,1739334722654.8386
558,1399592192,0,0.714,-0.0693,0.5287,-0.2137,0.6682,0.1276,1739334722664.84
559,1567364352,0,0.714,-0.0924,0.3965,-0.2137,0.623,0.1209,1739334722674.8416
560,1735136512,0,0.691,-0.0693,0.3965,-0.2044,0.623,0.1276,1739334722684.8433
561,1902908672,0,0.691,-0.0924,0.3965,-0.1951,0.5869,0.1276,1739334722694.8447
562,2070680832,0,0.6679,-0.0693,0.2643,-0.1951,0.5598,0.1343,1739334722704.8462
563,2238452992,0,0.6449,-0.0693,0.3965,-0.1951,0.5869,0.1343,1739334722714.8477
564,2406225152,0,0.714,-0.0924,0.3965,-0.1858,0.6321,0.1343,1739334722724.849
565,2573997312,0,0.7601,-0.0924,0.3965,-0.1765,0.6953,0.141,1739334722734.8506
566,2741769472,0,0.737,-0.0693,0.5287,-0.1672,0.7133,0.1477,1739334722744.852
567,2909541632,0,0.8522,-0.0924,0.5287,-0.1672,0.7765,0.1477,1739334722754.8538
568,3077313792,0,0.9213,-0.0924,0.5287,-0.1486,0.7946,0.141,1739334722764.8552
569,3245085952,0,0.9904,-0.1155,0.3965,-0.1393,0.8578,0.1477,1739334722774.8567
570,3412858112,0,1.0365,-0.1386,0.3965,-0.13,0.8849,0.1343,1739334722784.8582
571,3580630272,0,1.0595,-0.1386,0.3965,-0.1486,0.8939,0.141,1739334722794.8596
572,3748402432,0,1.0365,-0.0924,0.3965,-0.1765,0.8668,0.1343,1739334722804.861
573,3916174592,0,1.0825,-0.0924,0.3965,-0.223,0.8578,0.141,1739334722814.8625
574,4083946752,0,1.1747,-0.0693,0.3965,-0.2415,0.9301,0.141,1739334722824.8643
575,4251718912,0,1.2207,-0.0693,0.5287,-0.2601,0.9752,0.1477,1739334722834.8657
576,124589312,0,1.2438,-0.0462,0.5287,-0.2508,1.0023,0.141,1739334722844.8672
577,292361472,0,1.1747,-0.0693,0.5287,-0.2322,0.9391,0.141,1739334722854.8687
578,460133632,0,1.0825,-0.1155,0.5287,-0.223,0.8578,0.1276,1739334722864.87
579,627905792,0,1.0595,-0.1155,0.6609,-0.2137,0.8217,0.1276,1739334722874.8716
580,795677952,0,0.9674,-0.0462,0.6609,-0.2322,0.7946,0.1343,1739334722884.873
581,963450112,0,1.0825,-0.0462,0.5287,-0.223,0.8759,0.1477,1739334722894.8748
582,1131222272,0,1.1286,-0.0693,0.5287,-0.1951,0.9391,0.1544,1739334722904.8762
583,1298994432,0,1.1056,-0.1155,0.5287,-0.1765,0.9481,0.1343,1739334722914.8777
584,1466766592,0,1.0595,-0.1386,0.3965,-0.1486,0.9301,0.1343,1739334722924.8792
585,1634538752,0,1.0134,-0.1618,0.2643,-0.1207,0.8849,0.1343,1739334722934.8806
586,1802310912,0,0.9904,-0.1386,0.3965,-0.13,0.8398,0.1209,1739334722944.882
587,1970083072,0,0.8752,-0.0924,0.2643,-0.1765,0.7765,0.1209,1739334722954.8835
588,2137855232,0,0.9213,-0.0924,0.3965,-0.1765,0.7946,0.1276,1739334722964.8853
589,2305627392,0,0.9904,-0.1386,0.2643,-0.1207,0.8488,0.1343,1739334722974.8867
590,2473399552,0,1.0825,-0.1618,0.3965,-0.0836,0.9662,0.141,1739334722984.8882
591,2641171712,0,1.2668,-0.208,0.5287,-0.0092,1.0926,0.1612,1739334722994.8896
592,2808943872,0,1.3129,-0.2311,0.5287,0.0,1.1287,0.1612,1739334723004.891
593,2976716032,0,1.2438,-0.2311,0.5287,-0.0092,1.1107,0.1544,1739334723014.8926
594,3144488192,0,1.1516,-0.2311,0.3965,-0.0464,0.9842,0.141,1739334723024.894
595,3312260352,0,1.1056,-0.208,0.2643,-0.1022,0.8759,0.1209,1739334723034.8958
596,3480032512,0,1.1516,-0.1618,0.3965,-0.1579,0.8578,0.1141,1739334723044.8972
597,3647804672,0,1.1977,-0.1155,0.3965,-0.1951,0.8398,0.1209,1739334723054.8987
598,3815576832,0,1.2438,-0.1386,0.5287,-0.1858,0.8398,0.1276,1739334723064.9001
599,3983348992,0,1.2668,-0.1849,0.5287,-0.13,0.8849,0.1343,1739334723074.9016
600,4151121152,0,1.405,-0.2311,0.6609,-0.0464,1.0023,0.141,1739334723084.903
601,23991552,0,1.4971,-0.2311,0.7931,-0.0278,1.0836,0.1544,1739334723094.9045
602,191763712,0,1.4741,-0.2311,0.9253,-0.0278,1.1197,0.1612,1739334723104.9062
603,359535872,0,1.428,-0.2311,0.9253,-0.0464,1.0655,0.1612,1739334723114.9077
604,527308032,0,1.3129,-0.208,0.7931,-0.0836,0.9481,0.1679,1739334723124.9092
605,695080192,0,1.3129,-0.1849,0.7931,-0.0929,0.921,0.1746,1739334723134.9106
606,862852352,0,1.2898,-0.1618,0.6609,-0.13,0.8759,0.1746,1739334723144.912
607,1030624512,0,1.2438,-0.1386,0.6609,-0.1951,0.8217,0.1813,1739334723154.9136
608,1198396672,0,1.1286,-0.1386,0.6609,-0.2044,0.7856,0.188,1739334723164.915
609,1366168832,0,1.1286,-0.1386,0.6609,-0.223,0.7404,0.1947,1739334723174.9167
610,1533940992,0,1.1056,-0.0924,0.6609,-0.2415,0.7495,0.2015,1739334723184.9182
611,1701713152,0,1.1286,-0.0693,0.6609,-0.2508,0.8036,0.2149,1739334723194.9197
612,1869485312,0,1.1977,-0.0693,0.7931,-0.2508,0.8939,0.2216,1739334723204.9211
613,2037257472,0,1.1977,-0.0693,0.9253,-0.2415,0.9301,0.2283,1739334723214.9226
614,2205029632,0,1.1977,-0.0924,0.9253,-0.2322,0.9752,0.2283,1739334723224.924
615,2372801792,0,1.2898,-0.1386,0.9253,-0.2044,1.0294,0.2216,1739334723234.9255
616,2540573952,0,1.3359,-0.1386,0.9253,-0.1951,1.0926,0.2418,1739334723244.9272
617,2708346112,0,1.428,-0.1386,0.7931,-0.2044,1.1558,0.235,1739334723254.9287
618,2876118272,0,1.4971,-0.1155,0.9253,-0.2415,1.2281,0.2283,1739334723264.9302
619,3043890432,0,1.5202,-0.0693,1.0575,-0.2787,1.2732,0.235,1739334723274.9316
620,3211662592,0,1.5432,-0.0462,1.1896,-0.3159,1.2732,0.2283,1739334723284.933
621,3379434752,0,1.5432,-0.0693,1.1896,-0.2973,1.3003,0.2149,1739334723294.9346
622,3547206912,0,1.4971,-0.0462,1.0575,-0.2973,1.2642,0.2149,1739334723304.936
623,3714979072,0,1.4741,-0.0924,1.1896,-0.2694,1.2822,0.1947,1739334723314.9377
624,3882751232,0,1.4511,-0.0924,1.0575,-0.2508,1.2732,0.188,1739334723324.9392
625,4050523392,0,1.4511,-0.1155,0.9253,-0.2415,1.2822,0.1813,1739334723334.9407
626,4218295552,0,1.428,-0.1618,0.9253,-0.2601,1.2642,0.1679,1739334723344.9421
627,91165952,0,1.405,-0.1618,0.9253,-0.2508,1.219,0.1612,1739334723354.9436
628,258938112,0,1.382,-0.1849,1.0575,-0.2137,1.201,0.1612,1739334723364.945
629,426710272,0,1.3589,-0.1849,1.0575,-0.1951,1.1919,0.1679,1739334723374.9468
630,594482432,0,1.382,-0.208,1.1896,-0.1765,1.1919,0.1746,1739334723384.9482
631,762254592,0,1.4511,-0.2311,1.1896,-0.1579,1.2461,0.1813,1739334723394.9497
632,930026752,0,1.382,-0.1386,1.1896,-0.1672,1.2281,0.1947,1739334723404.9512
633,1097798912,0,1.4511,-0.1618,1.1896,-0.2044,1.2461,0.188,1739334723414.9526
634,1265571072,0,1.4741,-0.1618,1.1896,-0.223,1.2551,0.188,1739334723424.954
635,1433343232,0,1.4511,-0.1386,1.3218,-0.2601,1.201,0.188,1739334723434.9556
636,1601115392,0,1.4971,-0.1386,1.454,-0.2601,1.21,0.188,1739334723444.9573
637,1768887552,0,1.4971,-0.1618,1.5862,-0.2137,1.2371,0.188,1739334723454.9587
638,1936659712,0,1.6123,-0.1849,1.7184,-0.1951,1.3184,0.1947,1739334723464.9602
639,2104431872,0,1.6584,-0.1849,1.8506,-0.1765,1.3725,0.2149,1739334723474.9617
640,2272204032,0,1.7044,-0.1849,1.8506,-0.1858,1.4177,0.1947,1739334723484.9631
641,2439976192,0,1.7044,-0.1618,1.9828,-0.1765,1.4177,0.188,1739334723494.9646
642,2607748352,0,1.6123,-0.1618,1.9828,-0.1951,1.3454,0.1746,1739334723504.966
643,2775520512,0,1.6584,-0.208,2.115,-0.1393,1.3545,0.1679,1739334723514.9678
644,2943292672,0,1.5893,-0.208,2.115,-0.1022,1.3725,0.1612,1739334723524.9692
645,3111064832,0,1.6123,-0.2311,2.2471,-0.0929,1.3906,0.1746,1739334723534.9707
646,3278836992,0,1.6353,-0.208,2.2471,-0.0929,1.4357,0.1947,1739334723544.9722
647,3446609152,0,1.6584,-0.1849,2.115,-0.13,1.4538,0.2015,1739334723554.9736
648,3614381312,0,1.6353,-0.1618,2.115,-0.1672,1.4538,0.1947,1739334723564.975
649,3782153472,0,1.5893,-0.1618,2.3793,-0.1858,1.4177,0.2015,1739334723574.9766
650,3949925632,0,1.5662,-0.1618,2.3793,-0.1765,1.4087,0.1947,1739334723584.9783
651,4117697792,0,1.5202,-0.1618,2.5115,-0.1765,1.3816,0.188,1739334723594.9797
652,4285469952,0,1.5202,-0.1618,2.6437,-0.1858,1.3816,0.188,1739334723604.9812
653,158340352,0,1.4741,-0.1155,2.5115,-0.1951,1.3996,0.1813,1739334723614.9827
654,326112512,0,1.5432,-0.1386,2.5115,-0.1765,1.4719,0.1813,1739334723624.9841
655,493884672,0,1.6584,-0.1618,2.3793,-0.1765,1.5531,0.1813,1739334723634.9856
656,661656832,0,1.7044,-0.1386,2.5115,-0.1765,1.6163,0.1947,1739334723644.987
657,829428992,0,1.7275,-0.1618,2.5115,-0.1765,1.6344,0.188,1739334723654.9888
658,997201152,0,1.7044,-0.1618,2.5115,-0.1672,1.6163,0.2082,1739334723664.9902
659,1164973312,0,1.6814,-0.1849,2.5115,-0.1579,1.6163,0.2015,1739334723674.9917
660,1332745472,0,1.6584,-0.1849,2.3793,-0.1672,1.6073,0.2149,1739334723684.9932
661,1500517632,0,1.6353,-0.1386,2.3793,-0.1765,1.5983,0.2082,1739334723694.9946
662,1668289792,0,1.6353,-0.1386,2.2471,-0.1951,1.6073,0.2015,1739334723704.996
663,1836061952,0,1.6584,-0.1618,2.115,-0.2137,1.6073,0.2015,1739334723714.9976
664,2003834112,0,1.6814,-0.1618,2.115,-0.223,1.6073,0.2015,1739334723724.9993
665,2171606272,0,1.6814,-0.1618,1.9828,-0.2508,1.5802,0.2015,1739334723735.0007
666,2339378432,0,1.5893,-0.1618,1.9828,-0.2694,1.508,0.1947,1739334723745.0022
667,2507150592,0,1.5432,-0.1386,1.9828,-0.2787,1.4719,0.188,1739334723755.0037
668,2674922752,0,1.5202,-0.1618,1.9828,-0.288,1.4177,0.1947,1739334723765.0051
669,2842694912,0,1.4511,-0.1618,1.9828,-0.3066,1.3906,0.2015,1739334723775.0066
670,3010467072,0,1.4741,-0.1386,1.8506,-0.3066,1.3635,0.2082,1739334723785.008
671,3178239232,0,1.4971,-0.1386,1.7184,-0.3159,1.3996,0.2149,1739334723795.0098
672,3346011392,0,1.5202,-0.1386,1.7184,-0.3066,1.4448,0.2149,1739334723805.0112
673,3513783552,0,1.5432,-0.1618,1.7184,-0.3066,1.4899,0.2149,1739334723815.0127
674,3681555712,0,1.5202,-0.1618,1.5862,-0.3252,1.4809,0.2149,1739334723825.0142
675,3849327872,0,1.4971,-0.1618,1.5862,-0.3345,1.4538,0.2015,1739334723835.0156
676,4017100032,0,1.4511,-0.1386,1.7184,-0.3716,1.4177,0.2015,1739334723845.017
677,4184872192,0,1.428,-0.1386,1.5862,-0.3809,1.4087,0.2015,1739334723855.0186
678,57742592,0,1.4971,-0.1386,1.5862,-0.3716,1.4177,0.1813,1739334723865.0203
679,225514752,0,1.4971,-0.1618,1.5862,-0.3623,1.4357,0.188,1739334723875.0217
680,393286912,0,1.4971,-0.1849,1.3218,-0.3623,1.4538,0.188,1739334723885.0232
681,561059072,0,1.4741,-0.1849,1.1896,-0.3623,1.4357,0.2015,1739334723895.0247
682,728831232,0,1.428,-0.1618,1.3218,-0.3809,1.4177,0.188,1739334723905.0261
683,896603392,0,1.3589,-0.1386,1.1896,-0.4181,1.3725,0.188,1739334723915.0276
684,1064375552,0,1.3589,-0.1155,0.9253,-0.4553,1.3545,0.1746,1739334723925.029
685,1232147712,0,1.3359,-0.1155,0.7931,-0.4645,1.3364,0.1679,1739334723935.0308
686,1399919872,0,1.3129,-0.1155,0.7931,-0.4738,1.3364,0.1746,1739334723945.0322
687,1567692032,0,1.3129,-0.1155,0.6609,-0.4738,1.3454,0.1679,1739334723955.0337
688,1735464192,0,1.2898,-0.0924,0.6609,-0.5017,1.3635,0.1679,1739334723965.0352
689,1903236352,0,1.382,-0.0693,0.5287,-0.5296,1.4177,0.1612,1739334723975.0366
690,2071008512,0,1.4971,-0.0462,0.3965,-0.5482,1.5531,0.1612,1739334723985.038
691,2238780672,0,1.6584,-0.0231,0.3965,-0.5575,1.7067,0.1612,1739334723995.0398
692,2406552832,0,1.7505,0.0,0.2643,-0.5946,1.7518,0.1612,1739334724005.0413
693,2574324992,0,1.6814,0.0231,0.0,-0.6225,1.6886,0.1544,1739334724015.0427
694,2742097152,0,1.6123,0.0693,-0.3965,-0.669,1.6254,0.1343,1739334724025.0442
695,2909869312,0,1.5662,0.0462,-0.9253,-0.6876,1.5622,0.1343,1739334724035.0457
696,3077641472,0,1.4511,0.0924,-1.0575,-0.7433,1.4899,0.1343,1739334724045.047
697,3245413632,0,1.382,0.1155,-1.3218,-0.8269,1.4719,0.1343,1739334724055.0486
698,3413185792,0,1.3129,0.1618,-1.454,-0.9477,1.4177,0.1276,1739334724065.0503
699,3580957952,0,1.2438,0.2311,-1.8506,-1.0685,1.3725,0.1276,1739334724075.0518
700,3748730112,0,1.1747,0.3698,-2.115,-1.18,1.3906,0.141,1739334724085.0532
701,3916502272,0,1.1286,0.4623,-2.115,-1.3473,1.3996,0.1544,1739334724095.0547
702,4084274432,0,1.2207,0.5779,-2.5115,-1.4774,1.526,0.1477,1739334724105.0562
703,4252046592,0,1.2207,0.7165,-2.5115,-1.626,1.6344,0.1477,1739334724115.0576
704,124916992,0,1.2898,0.7859,-2.9081,-1.7097,1.7518,0.1343,1739334724125.059
705,292689152,0,1.2438,0.809,-3.1725,-1.7468,1.7699,0.1141,1739334724135.0608
706,460461312,0,1.2668,0.7859,-3.569,-1.7468,1.8331,0.1007,1739334724145.0623
707,628233472,0,1.2438,0.7859,-3.9656,-1.7654,1.8602,0.1141,1739334724155.0637
708,796005632,0,1.3129,0.7859,-3.9656,-1.784,1.8963,0.1141,1739334724165.0652
709,963777792,0,1.2207,0.8321,-4.0978,-1.8398,1.8421,0.1477,1739334724175.0667
710,1131549952,0,1.1286,0.8552,-4.3621,-1.9327,1.7789,0.1544,1739334724185.068
711,1299322112,0,1.1747,0.8552,-4.6265,-1.9606,1.7879,0.1746,1739334724195.0696
712,1467094272,0,1.0595,0.9015,-4.7587,-2.0163,1.7428,0.1813,1739334724205.0713
713,1634866432,0,0.9904,0.9015,-4.6265,-2.0442,1.6796,0.1813,1739334724215.0728
714,1802638592,0,0.9904,0.8784,-4.7587,-2.0813,1.6705,0.1947,1739334724225.0742
715,1970410752,0,0.9443,0.9246,-5.0231,-2.1185,1.6525,0.2082,1739334724235.0757
716,2138182912,0,0.8292,0.9708,-4.8909,-2.2021,1.5802,0.2216,1739334724245.0771
717,2305955072,0,0.714,1.0402,-4.8909,-2.2486,1.4809,0.235,1739334724255.0786
718,2473727232,0,0.6219,1.0171,-4.8909,-2.2579,1.3816,0.2418,1739334724265.08
719,2641499392,0,0.5067,1.0171,-5.0231,-2.2579,1.2642,0.2418,1739334724275.0818
720,2809271552,0,0.4606,1.0171,-4.8909,-2.2579,1.1829,0.2552,1739334724285.0833
721,2977043712,0,0.5758,0.9708,-4.7587,-2.2207,1.1829,0.2418,1739334724295.0847
722,3144815872,0,0.5758,0.9708,-4.7587,-2.2207,1.1648,0.2283,1739334724305.0862
723,3312588032,0,0.6449,0.9477,-4.6265,-2.1464,1.1739,0.2216,1739334724315.0876
724,3480360192,0,0.6679,0.8784,-4.6265,-2.0628,1.1648,0.2015,1739334724325.089
725,3648132352,0,0.6449,0.809,-4.4943,-1.9698,1.1378,0.188,1739334724335.0906
726,3815904512,0,0.737,0.7165,-4.3621,-1.849,1.1558,0.1746,1739334724345.0923
727,3983676672,0,0.714,0.6703,-4.23,-1.7654,1.1287,0.1544,1739334724355.0938
728,4151448832,0,0.6679,0.6241,-4.23,-1.6911,1.0836,0.1679,1739334724365.0952
729,24319232,0,0.691,0.5779,-3.9656,-1.6353,1.0565,0.1477,1739334724375.0967
730,192091392,0,0.6219,0.601,-3.9656,-1.6353,1.0023,0.1612,1739334724385.0981
731,359863552,0,0.737,0.601,-3.8334,-1.6167,1.0565,0.141,1739334724395.0996
732,527635712,0,0.8522,0.601,-3.8334,-1.561,1.1197,0.1477,1739334724405.101
733,695407872,0,0.8752,0.6241,-3.8334,-1.5703,1.1829,0.1343,1739334724415.1028
734,863180032,0,0.9904,0.601,-3.7012,-1.5145,1.2461,0.1343,1739334724425.1042
735,1030952192,0,0.9904,0.5547,-3.569,-1.4588,1.2281,0.1209,1739334724435.1057
736,1198724352,0,0.9674,0.5316,-3.569,-1.4216,1.201,0.1007,1739334724445.1072
737,1366496512,0,0.9674,0.4854,-3.3046,-1.338,1.1739,0.094,1739334724455.1086
738,1534268672,0,0.7601,0.4854,-3.4368,-1.3287,1.0655,0.094,1739334724465.11
739,1702040832,0,0.714,0.4854,-3.4368,-1.2729,1.0023,0.1007,1739334724475.1116
740,1869812992,0,0.7601,0.4623,-3.3046,-1.2358,1.0294,0.094,1739334724485.1133
741,2037585152,0,0.8292,0.4854,-3.1725,-1.2265,1.0745,0.094,1739334724495.1147
742,2205357312,0,0.8522,0.4392,-3.0403,-1.1707,1.0836,0.094,1739334724505.1162
743,2373129472,0,0.8983,0.3929,-3.0403,-1.115,1.0926,0.094,1739334724515.1177
744,2540901632,0,0.9674,0.3467,-2.9081,-1.0592,1.1468,0.0806,1739334724525.1191
745,2708673792,0,0.9213,0.3698,-2.7759,-1.0406,1.1287,0.0806,1739334724535.1206
746,2876445952,0,0.8983,0.3467,-2.9081,-1.0314,1.0836,0.0738,1739334724545.122
747,3044218112,0,0.9213,0.3929,-2.9081,-1.0406,1.1016,0.0806,1739334724555.1238
748,3211990272,0,0.8061,0.416,-2.9081,-1.0778,1.0204,0.0738,1739334724565.1252
749,3379762432,0,0.7831,0.416,-2.9081,-1.0778,0.9842,0.0738,1739334724575.1267
750,3547534592,0,0.7601,0.3929,-3.0403,-1.0778,0.9662,0.0738,1739334724585.1282
751,3715306752,0,0.7601,0.3929,-3.0403,-1.0685,0.9842,0.0806,1739334724595.1296
752,3883078912,0,0.714,0.416,-3.0403,-1.1057,0.9662,0.0873,1739334724605.131
753,4050851072,0,0.714,0.4623,-2.7759,-1.1243,0.9752,0.0873,1739334724615.1326
754,4218623232,0,0.7831,0.4854,-2.7759,-1.1429,1.0023,0.0873,1739334724625.1343
755,91493632,0,0.8752,0.4623,-2.7759,-1.1429,1.0745,0.0806,1739334724635.1357
756,259265792,0,0.8752,0.4392,-2.9081,-1.1614,1.0836,0.0671,1739334724645.1372
757,427037952,0,0.8983,0.4392,-2.9081,-1.1522,1.0836,0.0671,1739334724655.1387
758,594810112,0,0.8522,0.4392,-3.0403,-1.18,1.0294,0.0604,1739334724665.1401
759,762582272,0,0.8061,0.4623,-3.0403,-1.2079,1.0113,0.0604,1739334724675.1416
760,930354432,0,0.7601,0.4854,-3.0403,-1.2358,1.0023,0.0604,1739334724685.1433
761,1098126592,0,0.737,0.5316,-3.1725,-1.2822,0.9752,0.0671,1739334724695.1448
762,1265898752,0,0.7601,0.5316,-3.0403,-1.2915,1.0023,0.0738,1739334724705.1462
763,1433670912,0,0.8061,0.5547,-3.1725,-1.3101,1.0565,0.0671,1739334724715.1477
764,1601443072,0,0.8752,0.5316,-3.1725,-1.2915,1.1016,0.0671,1739334724725.1492
765,1769215232,0,0.8983,0.5316,-3.0403,-1.2822,1.1739,0.0671,1739334724735.1506
766,1936987392,0,0.8983,0.5316,-3.0403,-1.2729,1.1739,0.0671,1739334724745.152
767,2104759552,0,0.9213,0.5547,-3.0403,-1.2915,1.1919,0.0738,1739334724755.1538
768,2272531712,0,0.9443,0.5547,-3.1725,-1.2822,1.2281,0.0806,1739334724765.1553
769,2440303872,0,0.9443,0.5547,-3.1725,-1.3008,1.2642,0.0806,1739334724775.1567
770,2608076032,0,0.9213,0.5316,-3.1725,-1.3101,1.219,0.0738,1739334724785.1582
771,2775848192,0,0.8752,0.5316,-3.1725,-1.3194,1.1558,0.0671,1739334724795.1597
772,2943620352,0,0.8292,0.5779,-3.3046,-1.3566,1.1378,0.0604,1739334724805.1611
773,3111392512,0,0.8061,0.5779,-3.3046,-1.403,1.1197,0.0604,1739334724815.1626
774,3279164672,0,0.7831,0.6241,-3.3046,-1.4681,1.1016,0.0671,1739334724825.1643
775,3446936832,0,0.7831,0.6241,-3.3046,-1.5145,1.1016,0.0806,1739334724835.1658
776,3614708992,0,0.7831,0.6703,-3.3046,-1.5703,1.0836,0.0873,1739334724845.1672
777,3782481152,0,0.8061,0.7165,-3.4368,-1.6167,1.1107,0.0806,1739334724855.1687
778,3950253312,0,0.8292,0.7397,-3.4368,-1.6539,1.1558,0.0671,1739334724865.1702
779,4118025472,0,0.8522,0.7859,-3.4368,-1.6725,1.1829,0.0671,1739334724875.1716
780,4285797632,0,0.8292,0.809,-3.569,-1.719,1.1739,0.0671,1739334724885.173
781,158668032,0,0.8292,0.809,-3.569,-1.7283,1.1558,0.0537,1739334724895.1748
782,326440192,0,0.8061,0.8552,-3.569,-1.7468,1.1648,0.0604,1739334724905.1763
783,494212352,0,0.8292,0.8784,-3.7012,-1.8119,1.1648,0.0604,1739334724915.1777
784,661984512,0,0.8752,0.9015,-3.9656,-1.8769,1.21,0.0604,1739334724925.1792
785,829756672,0,0.9443,0.9708,-3.8334,-1.9327,1.2281,0.0604,1739334724935.1807
786,997528832,0,0.8983,1.0171,-3.9656,-1.9791,1.2281,0.0671,1739334724945.1821
787,1165300992,0,0.8983,1.1095,-3.9656,-2.0163,1.1919,0.0671,1739334724955.1836
788,1333073152,0,0.8522,1.1326,-3.9656,-2.0349,1.1378,0.0537,1739334724965.1853
789,1500845312,0,0.8752,1.1558,-3.9656,-2.0442,1.1378,0.0537,1739334724975.1868
790,1668617472,0,0.8522,1.1558,-3.9656,-2.0256,1.1468,0.0671,1739334724985.1882
791,1836389632,0,0.8752,1.1558,-3.9656,-1.9977,1.1829,0.0671,1739334724995.1897
792,2004161792,0,0.9213,1.1558,-3.8334,-1.9884,1.2461,0.0671,1739334725005.1912
793,2171933952,0,0.9443,1.1789,-3.8334,-1.9977,1.2822,0.0738,1739334725015.1926
794,2339706112,0,0.9213,1.202,-3.8334,-2.007,1.2913,0.0604,1739334725025.194
795,2507478272,0,0.9213,1.1789,-3.8334,-2.007,1.2732,0.0537,1739334725035.1958
796,2675250432,0,0.8752,1.202,-3.8334,-2.0256,1.2461,0.0537,1739334725045.1973
797,2843022592,0,0.8983,1.202,-3.7012,-2.0163,1.2461,0.0537,1739334725055.1987
798,3010794752,0,0.8983,1.2251,-3.7012,-2.0163,1.2551,0.047,1739334725065.2002
799,3178566912,0,0.9213,1.2251,-3.569,-2.007,1.2913,0.0537,1739334725075.2017
800,3346339072,0,0.9674,1.2251,-3.569,-2.007,1.3003,0.0537,1739334725085.2031
801,3514111232,0,0.9443,1.2251,-3.4368,-2.0256,1.3003,0.0604,1739334725095.2046
802,3681883392,0,0.9213,1.2944,-3.4368,-2.0721,1.3184,0.0738,1739334725105.2063
803,3849655552,0,0.9674,1.3176,-3.4368,-2.1185,1.3364,0.0873,1739334725115.2078
804,4017427712,0,0.9904,1.3407,-3.4368,-2.1557,1.3635,0.094,1739334725125.2092
805,4185199872,0,1.0134,1.3407,-3.4368,-2.1743,1.3816,0.1074,1739334725135.2107
806,58070272,0,1.0365,1.3869,-3.3046,-2.1836,1.3996,0.1074,1739334725145.2122
807,225842432,0,1.1056,1.3638,-3.4368,-2.1743,1.4448,0.1074,1739334725155.2136
808,393614592,0,1.1286,1.3869,-3.3046,-2.2021,1.4628,0.1141,1739334725165.215
809,561386752,0,1.1516,1.4563,-3.3046,-2.23,1.508,0.1209,1739334725175.2168
810,729158912,0,1.2207,1.4794,-3.1725,-2.2579,1.5531,0.1343,1739334725185.2183
811,896931072,0,1.2898,1.4563,-3.1725,-2.2765,1.6163,0.141,1739334725195.2197
812,1064703232,0,1.3589,1.5025,-3.3046,-2.2951,1.6615,0.1343,1739334725205.2212
813,1232475392,0,1.428,1.5487,-3.3046,-2.3322,1.7247,0.1477,1739334725215.2227
814,1400247552,0,1.4971,1.5718,-3.3046,-2.3508,1.806,0.1477,1739334725225.224
815,1568019712,0,1.5893,1.6412,-3.1725,-2.4066,1.8692,0.1477,1739334725235.2256
816,1735791872,0,1.6123,1.7105,-3.3046,-2.4716,1.9143,0.1544,1739334725245.2273
817,1903564032,0,1.6353,1.7799,-3.1725,-2.5459,1.9324,0.1612,1739334725255.2288
818,2071336192,0,1.6584,1.803,-3.3046,-2.6017,1.9505,0.1544,1739334725265.2302
819,2239108352,0,1.6814,1.8261,-3.3046,-2.6296,1.9595,0.1544,1739334725275.2317
820,2406880512,0,1.7044,1.8723,-3.3046,-2.6296,1.9685,0.1612,1739334725285.2332
821,2574652672,0,1.7044,1.8723,-3.3046,-2.6296,1.9685,0.1612,1739334725295.2346
822,2742424832,0,1.7275,1.8723,-3.1725,-2.6296,1.9505,0.1544,1739334725305.236
823,2910196992,0,1.7044,1.8955,-3.1725,-2.6574,1.9324,0.1544,1739334725315.2378
824,3077969152,0,1.7044,1.9186,-3.3046,-2.676,1.9143,0.1612,1739334725325.2393
825,3245741312,0,1.7275,1.9186,-3.1725,-2.676,1.9414,0.1746,1739334725335.2407
826,3413513472,0,1.7275,1.9186,-3.4368,-2.676,1.9685,0.1813,1739334725345.2422
827,3581285632,0,1.7966,1.9417,-3.3046,-2.676,2.0227,0.188,1739334725355.2437
828,3749057792,0,1.7735,1.9417,-3.3046,-2.676,2.0498,0.1947,1739334725365.245
829,3916829952,0,1.7735,1.9648,-3.3046,-2.676,2.0408,0.1947,1739334725375.2468
830,4084602112,0,1.7505,1.9417,-3.4368,-2.7039,2.0046,0.188,1739334725385.2483
831,4252374272,0,1.7044,1.9879,-3.4368,-2.7132,1.9505,0.1813,1739334725395.2498
832,125244672,0,1.6584,2.011,-3.3046,-2.7132,1.9234,0.1813,1739334725405.2512
833,293016832,0,1.6353,1.9879,-3.3046,-2.7039,1.8963,0.188,1739334725415.2527
834,460788992,0,1.6353,1.9879,-3.3046,-2.6946,1.8963,0.188,1739334725425.2542
835,628561152,0,1.6353,1.9648,-3.3046,-2.7039,1.8963,0.1813,1739334725435.2556
836,796333312,0,1.6123,1.9879,-3.3046,-2.7132,1.8873,0.188,1739334725445.2573
837,964105472,0,1.5893,2.011,-3.3046,-2.7225,1.8692,0.188,1739334725455.2588
838,1131877632,0,1.5662,2.0342,-3.3046,-2.7782,1.8421,0.2015,1739334725465.2603
839,1299649792,0,1.5432,2.0804,-3.1725,-2.7968,1.8331,0.2015,1739334725475.2617
840,1467421952,0,1.5202,2.0804,-3.3046,-2.834,1.8421,0.2015,1739334725485.2632
841,1635194112,0,1.5432,2.0573,-3.3046,-2.834,1.8331,0.2082,1739334725495.2646
842,1802966272,0,1.5893,2.0804,-3.3046,-2.834,1.8421,0.2015,1739334725505.266
843,1970738432,0,1.5662,2.1035,-3.3046,-2.8154,1.8511,0.1746,1739334725515.2678
844,2138510592,0,1.5893,2.0573,-3.3046,-2.7968,1.8602,0.1679,1739334725525.2693
845,2306282752,0,1.5893,2.0342,-3.3046,-2.7597,1.8602,0.1544,1739334725535.2708
846,2474054912,0,1.5432,2.0573,-3.3046,-2.7504,1.8511,0.1477,1739334725545.2722
847,2641827072,0,1.5662,2.011,-3.3046,-2.7318,1.8511,0.141,1739334725555.2737
848,2809599232,0,1.5662,2.011,-3.3046,-2.7132,1.8421,0.1343,1739334725565.2751
849,2977371392,0,1.5432,2.011,-3.3046,-2.6946,1.8511,0.1276,1739334725575.2766
850,3145143552,0,1.5432,1.9879,-3.3046,-2.6946,1.8421,0.1343,1739334725585.2783
851,3312915712,0,1.5662,1.9879,-3.3046,-2.676,1.8421,0.1276,1739334725595.2798
852,3480687872,0,1.5432,1.9879,-3.3046,-2.6946,1.8421,0.141,1739334725605.2812
853,3648460032,0,1.5432,1.9879,-3.1725,-2.7039,1.8331,0.141,1739334725615.2827
854,3816232192,0,1.4971,2.011,-3.3046,-2.7225,1.806,0.141,1739334725625.2842
855,3984004352,0,1.4971,1.9879,-3.3046,-2.6946,1.797,0.141,1739334725635.2856
856,4151776512,0,1.4741,1.9879,-3.3046,-2.7132,1.7789,0.141,1739334725645.287
857,24646912,0,1.4741,2.011,-3.3046,-2.7132,1.7699,0.141,1739334725655.2888
858,192419072,0,1.4511,2.011,-3.3046,-2.7225,1.7608,0.1343,1739334725665.2903
859,360191232,0,1.428,2.011,-3.4368,-2.7318,1.7428,0.141,1739334725675.2917
860,527963392,0,1.405,2.0342,-3.4368,-2.7597,1.7157,0.1477,1739334725685.2932
861,695735552,0,1.3589,2.0804,-3.4368,-2.8154,1.6976,0.141,1739334725695.2947
862,863507712,0,1.3359,2.1266,-3.4368,-2.8619,1.6796,0.141,1739334725705.2961
863,1031279872,0,1.3359,2.1497,-3.3046,-2.899,1.6705,0.141,1739334725715.2976
864,1199052032,0,1.2898,2.1729,-3.3046,-2.899,1.6705,0.1276,1739334725725.2993
865,1366824192,0,1.2898,2.1497,-3.1725,-2.899,1.6525,0.1276,1739334725735.3008
866,1534596352,0,1.2898,2.1729,-3.1725,-2.8897,1.6344,0.1343,1739334725745.3022
867,1702368512,0,1.2898,2.1497,-3.1725,-2.8897,1.6163,0.1276,1739334725755.3037
868,1870140672,0,1.2207,2.1497,-3.1725,-2.8897,1.5983,0.1276,1739334725765.3052
869,2037912832,0,1.2438,2.1497,-3.1725,-2.8712,1.5893,0.1209,1739334725775.3066
870,2205684992,0,1.2438,2.1266,-3.1725,-2.8526,1.5802,0.1209,1739334725785.308
871,2373457152,0,1.2207,2.1035,-3.1725,-2.834,1.5531,0.1141,1739334725795.3098
872,2541229312,0,1.2207,2.1266,-3.3046,-2.8619,1.5531,0.1276,1739334725805.3113
873,2709001472,0,1.2207,2.1497,-3.3046,-2.8897,1.5351,0.1209,1739334725815.3127
874,2876773632,0,1.1977,2.1729,-3.3046,-2.9083,1.526,0.1276,1739334725825.3142
875,3044545792,0,1.1747,2.196,-3.3046,-2.9176,1.517,0.1276,1739334725835.3157
876,3212317952,0,1.1977,2.196,-3.3046,-2.9455,1.508,0.1343,1739334725845.3171
877,3380090112,0,1.1747,2.2191,-3.1725,-2.9548,1.517,0.141,1739334725855.3186
878,3547862272,0,1.1977,2.2422,-3.1725,-2.9548,1.517,0.1343,1739334725865.3203
879,3715634432,0,1.1516,2.2422,-3.3046,-2.9548,1.508,0.1343,1739334725875.3218
880,3883406592,0,1.1286,2.2191,-3.3046,-2.9455,1.4809,0.141,1739334725885.3232
881,4051178752,0,1.1056,2.196,-3.3046,-2.9362,1.4538,0.1343,1739334725895.3247
882,4218950912,0,1.0595,2.2191,-3.4368,-2.9362,1.4448,0.1276,1739334725905.3262
883,91821312,0,1.0365,2.2191,-3.3046,-2.9548,1.4087,0.1343,1739334725915.3276
884,259593472,0,1.0134,2.2653,-3.4368,-2.9641,1.3725,0.141,1739334725925.329
885,427365632,0,0.9904,2.2653,-3.3046,-2.9827,1.3454,0.1477,1739334725935.3308
886,595137792,0,0.9674,2.2884,-3.3046,-3.0291,1.3274,0.141,1739334725945.3323
887,762909952,0,0.9674,2.3347,-3.3046,-3.0663,1.3093,0.141,1739334725955.3337
888,930682112,0,0.8983,2.3809,-3.1725,-3.1128,1.3274,0.1612,1739334725965.3352
889,1098454272,0,0.9674,2.404,-3.1725,-3.1406,1.3454,0.1544,1739334725975.3367
890,1266226432,0,1.0134,2.4271,-3.1725,-3.1406,1.3725,0.1477,1739334725985.3381
891,1433998592,0,1.0134,2.404,-3.1725,-3.1035,1.3816,0.1477,1739334725995.3398
892,1601770752,0,1.0134,2.3347,-3.1725,-3.0663,1.3725,0.141,1739334726005.3413
893,1769542912,0,1.0134,2.3347,-3.1725,-3.0477,1.3635,0.1343,1739334726015.3428
894,1937315072,0,0.9904,2.3347,-3.1725,-3.0384,1.3454,0.1276,1739334726025.3442
895,2105087232,0,0.9443,2.3347,-3.1725,-3.057,1.3184,0.141,1739334726035.3457
896,2272859392,0,0.9443,2.3578,-3.1725,-3.0756,1.3184,0.141,1739334726045.3472
897,2440631552,0,0.9674,2.3809,-3.0403,-3.0756,1.3364,0.141,1739334726055.3486
898,2608403712,0,0.9904,2.3578,-3.1725,-3.0942,1.3545,0.141,1739334726065.3503
899,2776175872,0,0.9904,2.404,-3.0403,-3.122,1.3635,0.1477,1739334726075.3518
900,2943948032,0,0.9904,2.4271,-3.1725,-3.1499,1.3545,0.1544,1739334726085.3533
901,3111720192,0,0.9674,2.4734,-3.0403,-3.1964,1.3184,0.1477,1739334726095.3547
902,3279492352,0,0.9213,2.4965,-3.1725,-3.2335,1.3093,0.1612,1739334726105.3562
903,3447264512,0,0.9443,2.5196,-3.1725,-3.2614,1.3093,0.1679,1739334726115.3577
904,3615036672,0,1.0134,2.5427,-3.1725,-3.2893,1.3274,0.1544,1739334726125.3591
905,3782808832,0,1.0134,2.5427,-3.1725,-3.28,1.3635,0.1544,1739334726135.3608
906,3950580992,0,1.0134,2.5427,-3.1725,-3.2707,1.3635,0.1612,1739334726145.3623
907,4118353152,0,1.0595,2.5427,-3.0403,-3.2614,1.3635,0.1612,1739334726155.3638
908,4286125312,0,0.9904,2.5658,-3.1725,-3.28,1.3725,0.1612,1739334726165.3652
909,158995712,0,0.9904,2.6121,-3.1725,-3.3265,1.3635,0.1544,1739334726175.3667
910,326767872,0,1.0134,2.6121,-3.1725,-3.3729,1.3635,0.1679,1739334726185.3682
911,494540032,0,1.0365,2.6583,-3.1725,-3.4194,1.3816,0.1746,1739334726195.3696
912,662312192,0,1.0825,2.7045,-3.1725,-3.438,1.4448,0.1813,1739334726205.3713
913,830084352,0,1.1286,2.7045,-3.0403,-3.4473,1.4719,0.1746,1739334726215.3728
914,997856512,0,1.1286,2.6814,-3.0403,-3.3915,1.499,0.1679,1739334726225.3743
915,1165628672,0,1.1286,2.6352,-3.1725,-3.3543,1.508,0.1612,1739334726235.3757
916,1333400832,0,1.1516,2.6121,-3.1725,-3.3265,1.508,0.1612,1739334726245.3772
917,1501172992,0,1.1516,2.5889,-3.1725,-3.3172,1.517,0.1746,1739334726255.3787
918,1668945152,0,1.2207,2.6121,-3.1725,-3.3079,1.526,0.1612,1739334726265.3801
919,1836717312,0,1.1977,2.6352,-3.1725,-3.3358,1.5441,0.1612,1739334726275.3818
920,2004489472,0,1.2438,2.6814,-3.1725,-3.3636,1.5712,0.1612,1739334726285.3833
921,2172261632,0,1.2668,2.6814,-3.1725,-3.3822,1.5983,0.1813,1739334726295.3848
922,2340033792,0,1.2898,2.6814,-3.1725,-3.3915,1.5983,0.1746,1739334726305.3862
923,2507805952,0,1.2668,2.6814,-3.1725,-3.3915,1.5893,0.1813,1739334726315.3877
924,2675578112,0,1.2668,2.7045,-3.3046,-3.4194,1.5893,0.188,1739334726325.3892
925,2843350272,0,1.2668,2.7276,-3.3046,-3.4287,1.6254,0.1813,1739334726335.3906
926,3011122432,0,1.2898,2.7276,-3.3046,-3.438,1.6344,0.188,1739334726345.3923
927,3178894592,0,1.3359,2.7508,-3.3046,-3.438,1.6615,0.188,1739334726355.3938
928,3346666752,0,1.3129,2.7508,-3.1725,-3.4473,1.6886,0.1947,1739334726365.3953
929,3514438912,0,1.382,2.7276,-3.1725,-3.438,1.6886,0.188,1739334726375.3967
930,3682211072,0,1.405,2.7276,-3.1725,-3.4194,1.6976,0.1813,1739334726385.3982
931,3849983232,0,1.405,2.7045,-3.1725,-3.4008,1.7157,0.188,1739334726395.3997
932,4017755392,0,1.4511,2.7045,-3.1725,-3.4101,1.7428,0.1813,1739334726405.4011
933,4185527552,0,1.4741,2.7276,-3.1725,-3.4194,1.7608,0.1746,1739334726415.4028
934,58397952,0,1.4971,2.7508,-3.1725,-3.4287,1.7699,0.1746,1739334726425.4043
935,226170112,0,1.4511,2.7508,-3.1725,-3.4287,1.7699,0.188,1739334726435.4058
936,393942272,0,1.5202,2.7508,-3.0403,-3.4287,1.7789,0.188,1739334726445.4072
937,561714432,0,1.5432,2.7508,-3.0403,-3.4101,1.815,0.1947,1739334726455.4087
938,729486592,0,1.5662,2.797,-2.9081,-3.4566,1.824,0.2015,1739334726465.4102
939,897258752,0,1.6353,2.797,-3.0403,-3.4566,1.8602,0.1947,1739334726475.4116
940,1065030912,0,1.5432,2.7508,-3.0403,-3.4194,1.8331,0.1947,1739334726485.4133
941,1232803072,0,1.5202,2.7045,-3.0403,-3.3915,1.806,0.188,1739334726495.4148
942,1400575232,0,1.4741,2.797,-3.0403,-3.4287,1.7789,0.1813,1739334726505.4163
943,1568347392,0,1.4741,2.8432,-3.0403,-3.4937,1.7699,0.188,1739334726515.4177
944,1736119552,0,1.4511,2.8895,-3.0403,-3.5309,1.7699,0.1947,1739334726525.4192
945,1903891712,0,1.428,2.9357,-3.0403,-3.5774,1.7518,0.2082,1739334726535.4207
946,2071663872,0,1.405,2.9588,-3.0403,-3.6331,1.7247,0.2149,1739334726545.422
947,2239436032,0,1.382,2.9819,-3.0403,-3.6703,1.6976,0.2283,1739334726555.4238
948,2407208192,0,1.3589,3.0282,-3.0403,-3.6981,1.6615,0.2418,1739334726565.4253
949,2574980352,0,1.3129,3.1206,-2.9081,-3.7632,1.6525,0.2686,1739334726575.4268
950,2742752512,0,1.2898,3.1668,-2.9081,-3.8561,1.6344,0.2888,1739334726585.4282
951,2910524672,0,1.2438,3.2824,-2.9081,-3.9583,1.6073,0.3089,1739334726595.4297
952,3078296832,0,1.2438,3.3287,-3.0403,-4.0327,1.6073,0.3291,1739334726605.4312
953,3246068992,0,1.2207,3.3518,-3.1725,-4.0977,1.6073,0.3425,1739334726615.4326
954,3413841152,0,1.2207,3.3749,-3.1725,-4.1442,1.6073,0.3559,1739334726625.4343
955,3581613312,0,1.1747,3.5136,-3.1725,-4.2835,1.6344,0.3559,1739334726635.4358
956,3749385472,0,1.1516,3.7216,-2.9081,-4.5065,1.6615,0.3761,1739334726645.4373
957,3917157632,0,1.1286,3.9759,-2.9081,-4.8132,1.6796,0.4164,1739334726655.4387
958,4084929792,0,1.0595,4.3226,-2.7759,-5.1477,1.6434,0.4701,1739334726665.4402
959,4252701952,0,0.9674,4.4845,-2.9081,-5.38,1.6073,0.5239,1739334726675.4417
960,125572352,0,0.8752,4.6,-2.9081,-5.538,1.5351,0.5507,1739334726685.4434
961,293344512,0,0.8522,4.6463,-3.0403,-5.5565,1.517,0.5642,1739334726695.4448
962,461116672,0,0.9443,4.6,-2.9081,-5.5101,1.5983,0.5575,1739334726705.4463
963,628888832,0,1.0595,4.6,-2.7759,-5.4915,1.7428,0.5239,1739334726715.4478
964,796660992,0,1.1516,4.6694,-2.6437,-5.5472,1.8873,0.5172,1739334726725.4492
965,964433152,0,1.1977,4.9006,-2.7759,-5.7703,1.9956,0.5172,1739334726735.4507
966,1132205312,0,1.2438,5.2935,-2.9081,-6.1512,2.0588,0.5507,1739334726745.4521
967,1299977472,0,1.2668,5.7327,-2.9081,-6.5136,2.0679,0.6381,1739334726755.4539
968,1467749632,0,1.1747,6.0101,-3.0403,-6.811,1.9866,0.6918,1739334726765.4553
969,1635521792,0,1.1056,6.3106,-3.0403,-6.9968,1.8963,0.7321,1739334726775.4568
970,1803293952,0,1.1516,6.4724,-3.0403,-7.1176,1.8963,0.7455,1739334726785.4583
971,1971066112,0,1.3589,6.6111,-2.9081,-7.1733,2.0227,0.7321,1739334726795.4597
972,2138838272,0,1.5893,6.588,-2.9081,-7.1083,2.1672,0.7119,1739334726805.4612
973,2306610432,0,1.7735,6.5418,-2.6437,-7.0061,2.3026,0.6918,1739334726815.4626
974,2474382592,0,1.9117,6.4493,-2.6437,-6.9225,2.411,0.6716,1739334726825.4644
975,2642154752,0,2.0269,6.4493,-2.6437,-6.8946,2.4471,0.6649,1739334726835.4658
976,2809926912,0,1.9808,6.4724,-2.6437,-6.9317,2.4562,0.6851,1739334726845.4673
977,2977699072,0,1.9348,6.5187,-2.6437,-7.0061,2.4471,0.6985,1739334726855.4688
978,3145471232,0,1.9808,6.5187,-2.9081,-6.9968,2.4832,0.7254,1739334726865.4702
979,3313243392,0,2.0269,6.4262,-2.9081,-6.941,2.5194,0.7321,1739334726875.4717
980,3481015552,0,2.073,6.38,-2.7759,-6.8853,2.5555,0.7254,1739334726885.4731
981,3648787712,0,2.096,6.4031,-2.9081,-6.9132,2.5735,0.7388,1739334726895.4749
982,3816559872,0,2.096,6.4724,-2.9081,-7.0061,2.5555,0.759,1739334726905.4763
983,3984332032,0,2.0499,6.5418,-2.7759,-7.099,2.5103,0.7926,1739334726915.4778
984,4152104192,0,2.0039,6.5418,-3.0403,-7.1455,2.4562,0.806,1739334726925.4792
985,24974592,0,1.9348,6.5187,-3.0403,-7.1362,2.4291,0.8329,1739334726935.4807
986,192746752,0,2.0039,6.4493,-3.0403,-7.0804,2.4471,0.8329,1739334726945.4822
987,360518912,0,2.073,6.3569,-3.0403,-6.9596,2.4832,0.8127,1739334726955.4836
988,528291072,0,2.119,6.2413,-3.0403,-6.811,2.5103,0.7657,1739334726965.4854
989,696063232,0,2.0499,6.1026,-3.0403,-6.6809,2.4742,0.7657,1739334726975.4868
990,863835392,0,2.0039,6.0795,-3.0403,-6.6437,2.4381,0.7657,1739334726985.4883
991,1031607552,0,1.9578,6.1026,-3.0403,-6.6716,2.411,0.7657,1739334726995.4897
992,1199379712,0,1.9578,6.1257,-3.1725,-6.718,2.3929,0.7724,1739334727005.4912
993,1367151872,0,1.9808,6.1719,-3.1725,-6.7366,2.42,0.7724,1739334727015.4927
994,1534924032,0,2.0499,6.1488,-3.1725,-6.7459,2.4832,0.759,1739334727025.4941
995,1702696192,0,2.119,6.0795,-3.1725,-6.6809,2.5555,0.7522,1739334727035.4958
996,1870468352,0,2.2342,5.987,-3.1725,-6.5787,2.6368,0.7321,1739334727045.4973
997,2038240512,0,2.2803,5.8714,-3.3046,-6.4486,2.6729,0.7052,1739334727055.4988
998,2206012672,0,2.2572,5.7327,-3.3046,-6.2813,2.7271,0.6985,1739334727065.5002
999,2373784832,0,2.3724,5.5709,-3.3046,-6.1048,2.7632,0.6649,1739334727075.5017
1000,2541556992,0,2.4415,5.4091,-3.3046,-5.9282,2.8174,0.6313,1739334727085.5032
1001,2709329152,0,2.5336,5.2704,-3.3046,-5.7517,2.8625,0.5978,1739334727095.5046
1002,2877101312,0,2.6258,5.1317,-3.1725,-5.5844,2.8896,0.5642,1739334727105.5063
1003,3044873472,0,2.6258,4.9699,-3.1725,-5.445,2.8896,0.5172,1739334727115.5078
1004,3212645632,0,2.6258,4.8312,-3.1725,-5.3242,2.8264,0.4769,1739334727125.5093
1005,3380417792,0,2.5797,4.7619,-3.1725,-5.2313,2.7722,0.45,1739334727135.5107
1006,3548189952,0,2.5567,4.7619,-3.0403,-5.2406,2.709,0.4164,1739334727145.5122
1007,3715962112,0,2.6027,4.7387,-3.0403,-5.2406,2.709,0.3963,1739334727155.5137
1008,3883734272,0,2.6027,4.6694,-3.0403,-5.1477,2.7271,0.3761,1739334727165.5151
1009,4051506432,0,2.6027,4.5769,-2.9081,-5.0734,2.7,0.3291,1739334727175.5168
1010,4219278592,0,2.5797,4.4382,-3.0403,-4.9619,2.6548,0.2686,1739334727185.5183
1011,92148992,0,2.5567,4.3458,-3.0403,-4.8968,2.6006,0.2216,1739334727195.5198
1012,259921152,0,2.5336,4.2302,-3.0403,-4.7388,2.5555,0.1679,1739334727205.5212
1013,427693312,0,2.5797,4.1608,-3.0403,-4.6738,2.5735,0.1209,1739334727215.5227
1014,595465472,0,2.5797,4.0453,-2.9081,-4.5437,2.5735,0.0806,1739334727225.5242
1015,763237632,0,2.5567,3.8834,-2.9081,-4.4043,2.5374,0.0335,1739334727235.5256
1016,931009792,0,2.4876,3.7679,-2.9081,-4.265,2.4742,-0.0134,1739334727245.5273
1017,1098781952,0,2.4645,3.6754,-2.9081,-4.1627,2.4381,-0.0671,1739334727255.5288
1018,1266554112,0,2.5106,3.6523,-2.7759,-4.1256,2.4742,-0.1007,1739334727265.5303
1019,1434326272,0,2.4876,3.4674,-2.7759,-3.9862,2.4471,-0.1343,1739334727275.5317
1020,1602098432,0,2.3724,3.3287,-2.9081,-3.8375,2.3749,-0.1746,1739334727285.5332
1021,1769870592,0,2.3033,3.19,-2.9081,-3.726,2.3207,-0.2216,1739334727295.5347
1022,1937642752,0,2.3033,3.0975,-2.9081,-3.5866,2.3026,-0.2418,1739334727305.5364
1023,2105414912,0,2.3494,3.0282,-3.0403,-3.5216,2.3297,-0.2619,1739334727315.5378
1024,2273187072,0,2.2803,2.9126,-3.0403,-3.4101,2.2936,-0.2619,1739334727325.5393
1025,2440959232,0,2.2342,2.9126,-3.1725,-3.3636,2.2394,-0.2888,1739334727335.5408
1026,2608731392,0,2.1651,2.7508,-3.0403,-3.2428,2.1762,-0.3022,1739334727345.5422
1027,2776503552,0,2.073,2.6583,-3.0403,-3.1313,2.0949,-0.3224,1739334727355.5437
1028,2944275712,0,2.0499,2.6814,-3.0403,-3.122,2.0498,-0.3492,1739334727365.5452
1029,3112047872,0,1.9578,2.5889,-3.0403,-3.0756,1.9956,-0.3358,1739334727375.5469
1030,3279820032,0,1.8657,2.4965,-3.0403,-3.0198,1.9234,-0.3492,1739334727385.5483
1031,3447592192,0,1.7735,2.5427,-3.0403,-3.0663,1.8331,-0.3559,1739334727395.5498
1032,3615364352,0,1.7044,2.5889,-3.1725,-3.1406,1.7789,-0.3492,1739334727405.5513
1033,3783136512,0,1.6353,2.6352,-3.1725,-3.215,1.7067,-0.3224,1739334727415.5527
1034,3950908672,0,1.5432,2.5658,-3.1725,-3.1964,1.5983,-0.3224,1739334727425.5542
1035,4118680832,0,1.4971,2.5196,-3.1725,-3.1406,1.5351,-0.3291,1739334727435.5557
1036,4286452992,0,1.428,2.4965,-3.1725,-3.1406,1.4809,-0.3224,1739334727445.5574
1037,159323392,0,1.405,2.4503,-3.1725,-3.1035,1.4448,-0.3224,1739334727455.5588
1038,327095552,0,1.3589,2.4271,-3.3046,-3.0942,1.4087,-0.3291,1739334727465.5603
1039,494867712,0,1.3359,2.4271,-3.3046,-3.0942,1.3816,-0.3291,1739334727475.5618
1040,662639872,0,1.3129,2.4271,-3.3046,-3.0849,1.3454,-0.3291,1739334727485.5632
1041,830412032,0,1.2898,2.3578,-3.3046,-3.0384,1.3274,-0.3224,1739334727495.5647
1042,998184192,0,1.2668,2.3116,-3.3046,-3.0013,1.3274,-0.3291,1739334727505.5662
1043,1165956352,0,1.3359,2.3116,-3.3046,-2.9827,1.3635,-0.3358,1739334727515.5679
1044,1333728512,0,1.382,2.2884,-3.3046,-2.9827,1.3906,-0.3291,1739334727525.5693
1045,1501500672,0,1.382,2.3116,-3.3046,-2.9827,1.3906,-0.3224,1739334727535.5708
1046,1669272832,0,1.3129,2.196,-3.3046,-2.9083,1.3454,-0.3156,1739334727545.5723
1047,1837044992,0,1.2898,2.2422,-3.4368,-2.899,1.3364,-0.3089,1739334727555.5737
1048,2004817152,0,1.3359,2.2422,-3.3046,-2.9362,1.3635,-0.3089,1739334727565.5752
1049,2172589312,0,1.405,2.2884,-3.3046,-2.9362,1.3906,-0.3022,1739334727575.5767
1050,2340361472,0,1.428,2.2884,-3.3046,-2.9455,1.3996,-0.3022,1739334727585.5784
1051,2508133632,0,1.405,2.2884,-3.3046,-2.9455,1.3725,-0.2955,1739334727595.5798
1052,2675905792,0,1.382,2.3116,-3.3046,-2.9548,1.3545,-0.2888,1739334727605.5813
1053,2843677952,0,1.3129,2.3347,-3.3046,-3.0013,1.2822,-0.2821,1739334727615.5828
1054,3011450112,0,1.2207,2.404,-3.3046,-3.0756,1.201,-0.2619,1739334727625.5842
1055,3179222272,0,1.1516,2.4965,-3.4368,-3.2057,1.1287,-0.2283,1739334727635.5857
1056,3346994432,0,1.0825,2.6121,-3.4368,-3.3451,1.0745,-0.2015,1739334727645.5872
1057,3514766592,0,0.9904,2.6352,-3.4368,-3.4008,1.0023,-0.1679,1739334727655.5889
1058,3682538752,0,0.8061,2.6352,-3.4368,-3.4287,0.8939,-0.1477,1739334727665.5903
1059,3850310912,0,0.714,2.7276,-3.4368,-3.5309,0.8127,-0.141,1739334727675.5918
1060,4018083072,0,0.6679,2.797,-3.569,-3.6424,0.7585,-0.1074,1739334727685.5933
1061,4185855232,0,0.5758,2.8201,-3.569,-3.6981,0.6953,-0.0604,1739334727695.5947
1062,58725632,0,0.4376,2.9588,-3.7012,-3.8468,0.5869,-0.0268,1739334727705.5962
1063,226497792,0,0.2764,3.1206,-3.7012,-4.0141,0.4695,0.0134,1739334727715.5977
1064,394269952,0,0.2073,3.3518,-3.569,-4.3114,0.3882,0.0604,1739334727725.5994
1065,562042112,0,0.1151,3.5598,-3.569,-4.5716,0.307,0.1141,1739334727735.6008
1066,729814272,0,0.0691,3.791,-3.569,-4.8225,0.2709,0.1612,1739334727745.6023
1067,897586432,0,0.023,3.9297,-3.569,-5.0176,0.2257,0.2149,1739334727755.6038
1068,1065358592,0,-0.046,3.9297,-3.8334,-5.0826,0.2076,0.2418,1739334727765.6052
1069,1233130752,0,0.023,3.9297,-3.7012,-5.1012,0.2438,0.2753,1739334727775.6067
1070,1400902912,0,0.1151,3.9066,-3.569,-5.0362,0.3341,0.2888,1739334727785.6082
1071,1568675072,0,0.2533,3.8372,-3.3046,-4.9804,0.4515,0.3022,1739334727795.6099
1072,1736447232,0,0.2303,3.8141,-3.4368,-4.934,0.4605,0.3022,1739334727805.6113
1073,1904219392,0,0.2533,3.7447,-3.4368,-4.8782,0.4334,0.3224,1739334727815.6128
1074,2071991552,0,0.2533,3.7216,-3.7012,-4.9061,0.4515,0.3627,1739334727825.6143
1075,2239763712,0,0.2994,3.791,-3.7012,-4.9433,0.5237,0.403,1739334727835.6157
1076,2407535872,0,0.4606,3.8372,-3.569,-5.0083,0.623,0.4433,1739334727845.6172
1077,2575308032,0,0.5528,3.8834,-3.4368,-5.0362,0.7314,0.4701,1739334727855.6187
1078,2743080192,0,0.6679,3.8603,-3.4368,-5.0269,0.8398,0.4836,1739334727865.6204
1079,2910852352,0,0.8061,3.8603,-3.569,-5.0083,0.9391,0.497,1739334727875.6218
1080,3078624512,0,0.9443,3.8603,-3.4368,-4.9897,1.0655,0.5104,1739334727885.6233
1081,3246396672,0,1.0365,3.791,-3.4368,-4.9433,1.1558,0.5239,1739334727895.6248
1082,3414168832,0,1.0595,3.8141,-3.4368,-4.934,1.1919,0.5306,1739334727905.6262
1083,3581940992,0,1.1286,3.8372,-3.569,-4.934,1.2461,0.5306,1739334727915.6277
1084,3749713152,0,1.2207,3.7679,-3.4368,-4.8875,1.3003,0.5373,1739334727925.6292
1085,3917485312,0,1.2438,3.6985,-3.4368,-4.8503,1.3093,0.5373,1739334727935.6309
1086,4085257472,0,1.2438,3.6985,-3.569,-4.8132,1.3003,0.5104,1739334727945.6323
1087,4253029632,0,1.2438,3.6754,-3.569,-4.7946,1.2822,0.5104,1739334727955.6338
1088,125900032,0,1.2207,3.6754,-3.569,-4.7853,1.2732,0.5104,1739334727965.6353
1089,293672192,0,1.1977,3.6523,-3.4368,-4.776,1.2461,0.497,1739334727975.6367
1090,461444352,0,1.1516,3.6292,-3.569,-4.7667,1.219,0.497,1739334727985.6382
1091,629216512,0,1.1286,3.6061,-3.569,-4.7574,1.1919,0.497,1739334727995.64
1092,796988672,0,1.0595,3.6061,-3.569,-4.7481,1.1287,0.4903,1739334728005.6414
1093,964760832,0,1.0134,3.6061,-3.569,-4.7667,1.0655,0.497,1739334728015.6428
1094,1132532992,0,0.9674,3.6292,-3.569,-4.7853,1.0294,0.5037,1739334728025.6443
1095,1300305152,0,0.9443,3.5829,-3.569,-4.776,0.9842,0.5037,1739334728035.6458
1096,1468077312,0,0.8752,3.5136,-3.7012,-4.711,0.9481,0.5037,1739334728045.6472
1097,1635849472,0,0.8752,3.398,-3.569,-4.6181,0.912,0.4903,1739334728055.6487
1098,1803621632,0,0.8752,3.398,-3.569,-4.5809,0.9301,0.4769,1739334728065.6504
1099,1971393792,0,0.8983,3.4211,-3.569,-4.6181,0.9391,0.4634,1739334728075.6519
1100,2139165952,0,0.8752,3.3749,-3.7012,-4.5623,0.912,0.45,1739334728085.6533
1101,2306938112,0,0.8292,3.2824,-3.7012,-4.5158,0.8668,0.4298,1739334728095.6548
1102,2474710272,0,0.8061,3.2362,-3.8334,-4.4415,0.8488,0.4164,1739334728105.6562
1103,2642482432,0,0.8752,3.1668,-3.8334,-4.3579,0.912,0.4097,1739334728115.6577
1104,2810254592,0,0.9443,3.1206,-3.7012,-4.3114,1.0023,0.3963,1739334728125.6592
1105,2978026752,0,1.0365,3.0975,-3.569,-4.265,1.0836,0.3828,1739334728135.661
1106,3145798912,0,1.1516,3.0744,-3.569,-4.2278,1.1378,0.3828,1739334728145.6624
1107,3313571072,0,1.1977,3.0282,-3.4368,-4.172,1.1829,0.3694,1739334728155.6638
1108,3481343232,0,1.1977,2.9357,-3.7012,-4.1256,1.201,0.3559,1739334728165.6653
1109,3649115392,0,1.2668,2.9357,-3.8334,-4.0605,1.2551,0.3291,1739334728175.6667
1110,3816887552,0,1.3589,2.8895,-3.7012,-4.0141,1.3454,0.2955,1739334728185.6682
1111,3984659712,0,1.4741,2.8895,-3.569,-3.9769,1.4267,0.2753,1739334728195.6697
1112,4152431872,0,1.6123,2.8895,-3.569,-3.949,1.499,0.2552,1739334728205.6714
1113,25302272,0,1.6584,2.8663,-3.3046,-3.9119,1.5351,0.2418,1739334728215.6729
1114,193074432,0,1.6584,2.8201,-3.4368,-3.8654,1.5441,0.2216,1739334728225.6743
1115,360846592,0,1.6353,2.7739,-3.4368,-3.8189,1.517,0.2082,1739334728235.6758
1116,528618752,0,1.6353,2.7508,-3.569,-3.7911,1.517,0.188,1739334728245.6772
1117,696390912,0,1.6814,2.7739,-3.4368,-3.8097,1.5802,0.1947,1739334728255.6787
1118,864163072,0,1.7275,2.7739,-3.3046,-3.7911,1.6525,0.188,1739334728265.6802
1119,1031935232,0,1.8196,2.6583,-3.3046,-3.7167,1.7067,0.1813,1739334728275.682
1120,1199707392,0,1.7966,2.5658,-3.3046,-3.5866,1.6886,0.1679,1739334728285.6833
1121,1367479552,0,1.7735,2.4734,-3.4368,-3.4844,1.6434,0.1544,1739334728295.6848
1122,1535251712,0,1.7275,2.4271,-3.4368,-3.4194,1.6073,0.1477,1739334728305.6863
1123,1703023872,0,1.7275,2.3578,-3.3046,-3.3451,1.5893,0.1209,1739334728315.6877
1124,1870796032,0,1.7275,2.2884,-3.3046,-3.2893,1.6073,0.1141,1739334728325.6892
1125,2038568192,0,1.6814,2.2422,-3.3046,-3.2243,1.5893,0.1141,1739334728335.6907
1126,2206340352,0,1.6584,2.1497,-3.3046,-3.1499,1.5712,0.1074,1739334728345.6924
1127,2374112512,0,1.6353,2.196,-3.4368,-3.1499,1.5712,0.1141,1739334728355.6938
1128,2541884672,0,1.6353,2.2422,-3.4368,-3.1964,1.5712,0.1141,1739334728365.6953
1129,2709656832,0,1.6353,2.2653,-3.4368,-3.2521,1.5531,0.1343,1739334728375.6968
1130,2877428992,0,1.5432,2.2653,-3.4368,-3.28,1.4899,0.141,1739334728385.6982
1131,3045201152,0,1.4511,2.2884,-3.569,-3.3079,1.4087,0.1343,1739334728395.6997
1132,3212973312,0,1.428,2.3347,-3.569,-3.3543,1.3454,0.1141,1739334728405.7012
1133,3380745472,0,1.428,2.3347,-3.4368,-3.3543,1.3184,0.1141,1739334728415.703
1134,3548517632,0,1.405,2.3116,-3.4368,-3.3451,1.2822,0.1074,1739334728425.7043
1135,3716289792,0,1.3589,2.2884,-3.3046,-3.3079,1.2461,0.094,1739334728435.7058
1136,3884061952,0,1.3129,2.2653,-3.4368,-3.2893,1.201,0.094,1739334728445.7073
1137,4051834112,0,1.2898,2.2653,-3.4368,-3.2893,1.1558,0.0873,1739334728455.7087
1138,4219606272,0,1.2438,2.2191,-3.4368,-3.2986,1.1468,0.0873,1739334728465.7102
1139,92476672,0,1.3129,2.2422,-3.3046,-3.2986,1.1739,0.094,1739334728475.7117
1140,260248832,0,1.3359,2.2191,-3.3046,-3.2428,1.201,0.1007,1739334728485.7134
1141,428020992,0,1.3359,2.1729,-3.1725,-3.2057,1.2281,0.1007,1739334728495.7148
1142,595793152,0,1.382,2.1729,-3.3046,-3.1871,1.2281,0.0806,1739334728505.7163
1143,763565312,0,1.382,2.1497,-3.3046,-3.1592,1.219,0.0738,1739334728515.7178
1144,931337472,0,1.3129,2.1497,-3.4368,-3.1685,1.21,0.0738,1739334728525.7192
1145,1099109632,0,1.3129,2.1497,-3.3046,-3.1685,1.21,0.0806,1739334728535.7207
1146,1266881792,0,1.3359,2.1497,-3.4368,-3.1778,1.201,0.0738,1739334728545.7222
1147,1434653952,0,1.3589,2.1497,-3.3046,-3.1964,1.219,0.0873,1739334728555.7239
1148,1602426112,0,1.3359,2.1266,-3.3046,-3.1871,1.2281,0.1007,1739334728565.7253
1149,1770198272,0,1.3589,2.0573,-3.3046,-3.1313,1.2371,0.094,1739334728575.7268
1150,1937970432,0,1.382,2.0804,-3.3046,-3.1313,1.2371,0.0873,1739334728585.7283
1151,2105742592,0,1.382,2.1266,-3.0403,-3.1592,1.2642,0.0873,1739334728595.7297
1152,2273514752,0,1.3359,2.0804,-3.1725,-3.122,1.2281,0.0873,1739334728605.7312
1153,2441286912,0,1.3129,2.011,-3.1725,-3.057,1.1739,0.0806,1739334728615.733
1154,2609059072,0,1.2668,1.9648,-3.3046,-3.0198,1.1648,0.0604,1739334728625.7344
1155,2776831232,0,1.2668,1.9186,-3.1725,-2.9734,1.1648,0.0537,1739334728635.7358
1156,2944603392,0,1.2668,1.8492,-3.3046,-2.9083,1.1648,0.0335,1739334728645.7373
1157,3112375552,0,1.2438,1.803,-3.1725,-2.8433,1.1468,0.0134,1739334728655.7388
1158,3280147712,0,1.2207,1.7568,-3.0403,-2.7875,1.1287,0.0,1739334728665.7402
1159,3447919872,0,1.1747,1.6643,-3.0403,-2.7225,1.0836,-0.0067,1739334728675.7417
1160,3615692032,0,1.0825,1.5718,-3.1725,-2.6203,1.0294,-0.0201,1739334728685.7434
1161,3783464192,0,1.0365,1.5256,-3.3046,-2.5552,0.9933,-0.0335,1739334728695.7449
1162,3951236352,0,1.0595,1.5487,-3.3046,-2.5274,0.9842,-0.0671,1739334728705.7463
1163,4119008512,0,1.1056,1.5718,-3.1725,-2.5274,1.0294,-0.094,1739334728715.7478
1164,4286780672,0,1.1516,1.5256,-3.1725,-2.4902,1.0655,-0.1141,1739334728725.7493
1165,159651072,0,1.1286,1.4563,-3.1725,-2.3787,1.0655,-0.141,1739334728735.7507
1166,327423232,0,1.1056,1.3869,-3.0403,-2.3136,1.0294,-0.1813,1739334728745.7522
1167,495195392,0,1.0825,1.3638,-3.0403,-2.2579,0.9933,-0.2082,1739334728755.754
1168,662967552,0,0.9904,1.2944,-3.1725,-2.2021,0.9391,-0.2283,1739334728765.7554
1169,830739712,0,0.9213,1.3176,-3.1725,-2.2114,0.8849,-0.2418,1739334728775.7568
1170,998511872,0,0.9213,1.2944,-3.1725,-2.1929,0.8488,-0.2619,1739334728785.7583
1171,1166284032,0,0.9443,1.3407,-3.3046,-2.23,0.8759,-0.2686,1739334728795.7598
1172,1334056192,0,0.9443,1.3407,-3.3046,-2.23,0.8939,-0.2753,1739334728805.7612
1173,1501828352,0,0.9674,1.3407,-3.0403,-2.23,0.903,-0.3022,1739334728815.7627
1174,1669600512,0,0.9674,1.4563,-3.1725,-2.2858,0.912,-0.2955,1739334728825.7644
1175,1837372672,0,0.9674,1.4331,-3.0403,-2.3136,0.903,-0.3022,1739334728835.7659
1176,2005144832,0,0.9213,1.4331,-3.1725,-2.2858,0.8668,-0.3089,1739334728845.7673
1177,2172916992,0,0.8983,1.4563,-3.1725,-2.3229,0.8398,-0.3224,1739334728855.7688
1178,2340689152,0,0.8752,1.4563,-3.3046,-2.3136,0.8307,-0.3291,1739334728865.7703
1179,2508461312,0,0.8522,1.41,-3.1725,-2.2765,0.8127,-0.3358,1739334728875.7717
1180,2676233472,0,0.7601,1.3869,-3.3046,-2.2393,0.7585,-0.3425,1739334728885.7732
1181,2844005632,0,0.737,1.4331,-3.3046,-2.2858,0.7133,-0.3559,1739334728895.775
1182,3011777792,0,0.737,1.4331,-3.1725,-2.2951,0.6953,-0.3425,1739334728905.7764
1183,3179549952,0,0.691,1.3638,-3.3046,-2.2486,0.6682,-0.3425,1739334728915.7778
1184,3347322112,0,0.691,1.3869,-3.3046,-2.2207,0.6862,-0.3492,1739334728925.7793
1185,3515094272,0,0.7831,1.3407,-3.3046,-2.2021,0.7224,-0.3425,1739334728935.7808
1186,3682866432,0,0.8752,1.3407,-3.1725,-2.1743,0.8127,-0.3358,1739334728945.7822
1187,3850638592,0,0.8752,1.3176,-3.1725,-2.1278,0.8398,-0.3358,1739334728955.7837
1188,4018410752,0,0.8752,1.3176,-3.1725,-2.1278,0.8578,-0.3358,1739334728965.7854
1189,4186182912,0,0.8983,1.3176,-3.1725,-2.1464,0.8488,-0.3291,1739334728975.7869
1190,59053312,0,0.8752,1.2944,-3.1725,-2.1278,0.8488,-0.3224,1739334728985.7883
1191,226825472,0,0.8522,1.3176,-3.1725,-2.1371,0.8307,-0.3089,1739334728995.7898
1192,394597632,0,0.8752,1.3176,-3.1725,-2.165,0.8307,-0.3089,1739334729005.7913
1193,562369792,0,0.8983,1.3638,-3.1725,-2.1929,0.8398,-0.3022,1739334729015.7927
1194,730141952,0,0.8983,1.3638,-3.1725,-2.1836,0.8398,-0.2955,1739334729025.7942
1195,897914112,0,0.8522,1.3407,-3.1725,-2.1836,0.8398,-0.3022,1739334729035.796
1196,1065686272,0,0.9213,1.3638,-3.1725,-2.1929,0.8488,-0.3022,1739334729045.7974
1197,1233458432,0,0.9443,1.3869,-3.1725,-2.2021,0.8939,-0.3089,1739334729055.7988
1198,1401230592,0,0.9443,1.3869,-3.0403,-2.2021,0.921,-0.3022,1739334729065.8003
1199,1569002752,0,0.9904,1.3407,-3.1725,-2.2021,0.921,-0.2955,1739334729075.8018
1200,1736774912,0,0.9674,1.3869,-3.3046,-2.2207,0.912,-0.2955,1739334729085.8032
1201,1904547072,0,0.8983,1.4331,-3.3046,-2.2579,0.8759,-0.2888,1739334729095.8047
1202,2072319232,0,0.8752,1.5025,-3.3046,-2.3229,0.8398,-0.2888,1739334729105.8064
1203,2240091392,0,0.8061,1.5025,-3.3046,-2.3601,0.7765,-0.2753,1739334729115.8079
1204,2407863552,0,0.7831,1.5025,-3.3046,-2.3787,0.7404,-0.2753,1739334729125.8093
1205,2575635712,0,0.7601,1.5487,-3.3046,-2.4066,0.7224,-0.2686,1739334729135.8108
1206,2743407872,0,0.7601,1.595,-3.3046,-2.4437,0.7224,-0.2619,1739334729145.8123
1207,2911180032,0,0.7831,1.6181,-3.3046,-2.4902,0.7043,-0.2619,1739334729155.8137
1208,3078952192,0,0.714,1.6412,-3.3046,-2.5459,0.6592,-0.2485,1739334729165.8152
1209,3246724352,0,0.6679,1.7337,-3.3046,-2.6296,0.5959,-0.235,1739334729175.817
1210,3414496512,0,0.5528,1.8492,-3.3046,-2.7504,0.5147,-0.2283,1739334729185.8184
1211,3582268672,0,0.4837,1.9648,-3.3046,-2.899,0.4424,-0.2082,1739334729195.8198
1212,3750040832,0,0.4606,2.0804,-3.4368,-3.0384,0.4153,-0.188,1739334729205.8213
1213,3917812992,0,0.4837,2.196,-3.4368,-3.1592,0.4153,-0.1612,1739334729215.8228
1214,4085585152,0,0.4606,2.196,-3.4368,-3.2057,0.4244,-0.1343,1739334729225.8242
1215,4253357312,0,0.4376,2.1729,-3.4368,-3.2057,0.3973,-0.1074,1739334729235.8257
1216,126227712,0,0.3685,2.196,-3.4368,-3.2243,0.3431,-0.094,1739334729245.8274
1217,293999872,0,0.3224,2.2884,-3.569,-3.3543,0.2889,-0.0671,1739334729255.8289
1218,461772032,0,0.2303,2.3578,-3.4368,-3.4194,0.2528,-0.0268,1739334729265.8303
1219,629544192,0,0.1842,2.404,-3.569,-3.4937,0.2257,0.0,1739334729275.8318
1220,797316352,0,0.2073,2.4734,-3.4368,-3.5866,0.2438,0.0268,1739334729285.8333
1221,965088512,0,0.2764,2.4271,-3.569,-3.5866,0.307,0.0537,1739334729295.8347
1222,1132860672,0,0.3455,2.4271,-3.4368,-3.5866,0.3702,0.0738,1739334729305.8364
1223,1300632832,0,0.3915,2.404,-3.4368,-3.5866,0.4153,0.1007,1739334729315.838
1224,1468404992,0,0.4146,2.4965,-3.4368,-3.6517,0.4153,0.1209,1739334729325.8394
1225,1636177152,0,0.3915,2.5196,-3.4368,-3.6796,0.3973,0.1477,1739334729335.8408
1226,1803949312,0,0.3685,2.5427,-3.569,-3.726,0.3792,0.1679,1739334729345.8423
1227,1971721472,0,0.4146,2.5658,-3.4368,-3.7539,0.4153,0.1746,1739334729355.8438
1228,2139493632,0,0.4376,2.5427,-3.569,-3.7353,0.4605,0.2082,1739334729365.8452
1229,2307265792,0,0.5297,2.5658,-3.3046,-3.7446,0.4966,0.2283,1739334729375.847
1230,2475037952,0,0.5758,2.5889,-3.3046,-3.7725,0.5508,0.2485,1739334729385.8484
1231,2642810112,0,0.6449,2.5889,-3.1725,-3.7725,0.5689,0.2686,1739334729395.8499
1232,2810582272,0,0.6449,2.6352,-3.3046,-3.8375,0.5779,0.2686,1739334729405.8513
1233,2978354432,0,0.6679,2.7508,-3.3046,-3.9212,0.605,0.2955,1739334729415.8528
1234,3146126592,0,0.714,2.797,-3.4368,-3.949,0.6592,0.3089,1739334729425.8542
1235,3313898752,0,0.7831,2.7276,-3.4368,-3.9397,0.7043,0.3089,1739334729435.8557
1236,3481670912,0,0.8752,2.7508,-3.3046,-3.9026,0.7675,0.2955,1739334729445.8574
1237,3649443072,0,0.9213,2.7508,-3.3046,-3.884,0.8127,0.2955,1739334729455.859
1238,3817215232,0,0.9213,2.7276,-3.3046,-3.8747,0.8127,0.2888,1739334729465.8604
1239,3984987392,0,0.8752,2.7276,-3.3046,-3.8747,0.7946,0.2821,1739334729475.8618
1240,4152759552,0,0.8522,2.7739,-3.3046,-3.9119,0.7765,0.2888,1739334729485.8633
1241,25629952,0,0.8983,2.7739,-3.1725,-3.9397,0.8036,0.2888,1739334729495.8647
1242,193402112,0,0.8983,2.7739,-3.3046,-3.949,0.8127,0.2955,1739334729505.8662
1243,361174272,0,0.9213,2.7508,-3.1725,-3.9304,0.8127,0.2888,1739334729515.868
1244,528946432,0,0.9674,2.7508,-3.1725,-3.949,0.8036,0.2821,1739334729525.8694
1245,696718592,0,0.9443,2.7739,-3.3046,-3.9676,0.8127,0.2753,1739334729535.8708
1246,864490752,0,0.8983,2.7508,-3.3046,-3.949,0.7856,0.2888,1739334729545.8723
1247,1032262912,0,0.8292,2.7276,-3.3046,-3.9212,0.7224,0.2821,1739334729555.8738
1248,1200035072,0,0.8061,2.7045,-3.3046,-3.884,0.6953,0.2686,1739334729565.8752
1249,1367807232,0,0.7601,2.6583,-3.4368,-3.8468,0.6772,0.2619,1739334729575.8767
1250,1535579392,0,0.737,2.6352,-3.3046,-3.8189,0.6501,0.2552,1739334729585.8784
1251,1703351552,0,0.6679,2.6121,-3.3046,-3.8004,0.614,0.2485,1739334729595.88
1252,1871123712,0,0.6449,2.5889,-3.4368,-3.7911,0.5779,0.2418,1739334729605.8813
1253,2038895872,0,0.6219,2.5427,-3.4368,-3.7725,0.5508,0.2418,1739334729615.8828
1254,2206668032,0,0.5988,2.5196,-3.4368,-3.7446,0.5418,0.2283,1739334729625.8843
1255,2374440192,0,0.5988,2.5196,-3.3046,-3.7074,0.5418,0.2082,1739334729635.8857
1256,2542212352,0,0.6449,2.5427,-3.3046,-3.7167,0.5869,0.2015,1739334729645.8872
1257,2709984512,0,0.691,2.4734,-3.3046,-3.6981,0.5959,0.2015,1739334729655.889
1258,2877756672,0,0.5988,2.404,-3.3046,-3.6238,0.5779,0.2082,1739334729665.8904
1259,3045528832,0,0.5988,2.3578,-3.4368,-3.6052,0.5327,0.188,1739334729675.8918
1260,3213300992,0,0.5988,2.3578,-3.4368,-3.5774,0.5237,0.1813,1739334729685.8933
1261,3381073152,0,0.5758,2.2884,-3.569,-3.5309,0.5147,0.1746,1739334729695.8948
1262,3548845312,0,0.6219,2.2422,-3.4368,-3.4751,0.5418,0.1679,1739334729705.8962
1263,3716617472,0,0.691,2.196,-3.3046,-3.3822,0.623,0.1477,1739334729715.8977
1264,3884389632,0,0.8061,2.0804,-3.3046,-3.28,0.6862,0.1276,1739334729725.8994
1265,4052161792,0,0.8522,1.9648,-3.1725,-3.1406,0.7314,0.1007,1739334729735.901
1266,4219933952,0,0.8983,1.8261,-3.1725,-2.9827,0.7585,0.0671,1739334729745.9023
1267,92804352,0,0.8983,1.7568,-3.1725,-2.8897,0.7946,0.0268,1739334729755.9038
1268,260576512,0,0.9674,1.6874,-3.1725,-2.8154,0.8307,0.0,1739334729765.9053
1269,428348672,0,1.0365,1.595,-3.0403,-2.7318,0.8488,-0.0335,1739334729775.9067
1270,596120832,0,0.9904,1.5256,-3.3046,-2.6203,0.8217,-0.0738,1739334729785.9082
1271,763892992,0,1.0134,1.4794,-3.1725,-2.5552,0.8217,-0.1007,1739334729795.91
1272,931665152,0,1.0595,1.3638,-3.1725,-2.4251,0.8217,-0.1477,1739334729805.9114
1273,1099437312,0,1.0595,1.3638,-3.1725,-2.3694,0.8488,-0.1813,1739334729815.9128
1274,1267209472,0,1.0134,1.2944,-3.1725,-2.2951,0.8127,-0.2283,1739334729825.9143
1275,1434981632,0,0.9443,1.2713,-3.1725,-2.2765,0.7585,-0.2686,1739334729835.9158
1276,1602753792,0,0.9213,1.202,-3.1725,-2.2207,0.7043,-0.3022,1739334729845.9172
1277,1770525952,0,0.9213,1.202,-3.1725,-2.1464,0.6953,-0.3425,1739334729855.9187
1278,1938298112,0,1.0134,1.2251,-3.3046,-2.165,0.7675,-0.3761,1739334729865.9204
1279,2106070272,0,1.0595,1.202,-3.1725,-2.1278,0.8217,-0.3963,1739334729875.9219
1280,2273842432,0,1.0365,1.202,-3.1725,-2.1092,0.8127,-0.4298,1739334729885.9233
1281,2441614592,0,0.9904,1.1558,-3.0403,-2.0628,0.7856,-0.4567,1739334729895.9248
1282,2609386752,0,0.9674,1.1095,-3.3046,-2.0256,0.7495,-0.4903,1739334729905.9263
1283,2777158912,0,0.9674,1.0864,-3.1725,-1.9884,0.7224,-0.5172,1739334729915.9277
1284,2944931072,0,0.8983,1.1558,-3.3046,-2.0256,0.6953,-0.5373,1739334729925.9294
1285,3112703232,0,0.8522,1.1095,-3.4368,-1.9977,0.6411,-0.5575,1739334729935.931
1286,3280475392,0,0.8752,1.1095,-3.4368,-1.9606,0.6411,-0.5776,1739334729945.9324
1287,3448247552,0,0.9443,1.0402,-3.3046,-1.8955,0.6772,-0.5978,1739334729955.9338
1288,3616019712,0,0.9213,0.9477,-3.3046,-1.8212,0.6953,-0.6246,1739334729965.9353
1289,3783791872,0,0.8752,0.9939,-3.1725,-1.8212,0.6501,-0.6246,1739334729975.9368
1290,3951564032,0,0.8292,0.9015,-3.3046,-1.7468,0.605,-0.6582,1739334729985.9382
1291,4119336192,0,0.8061,0.9708,-3.4368,-1.7747,0.5689,-0.6582,1739334729995.94
1292,4287108352,0,0.8061,0.9477,-3.3046,-1.784,0.5779,-0.6649,1739334730005.9414
1293,159978752,0,0.7831,0.8552,-3.3046,-1.7283,0.5508,-0.6649,1739334730015.9429
1294,327750912,0,0.691,0.9246,-3.569,-1.7561,0.5147,-0.6784,1739334730025.9443
1295,495523072,0,0.691,0.9477,-3.569,-1.784,0.5147,-0.6784,1739334730035.9458
1296,663295232,0,0.6679,0.8321,-3.569,-1.7283,0.5056,-0.6716,1739334730045.9473
1297,831067392,0,0.5528,0.7628,-3.4368,-1.6632,0.4153,-0.6582,1739334730055.9487
1298,998839552,0,0.5067,0.7165,-3.569,-1.5889,0.3431,-0.6784,1739334730065.9504
1299,1166611712,0,0.4146,0.6934,-3.569,-1.5982,0.2979,-0.6784,1739334730075.952
1300,1334383872,0,0.3685,0.6703,-3.7012,-1.5796,0.2618,-0.6716,1739334730085.9534
1301,1502156032,0,0.3915,0.6472,-3.7012,-1.5517,0.2438,-0.6716,1739334730095.9548
1302,1669928192,0,0.3224,0.5779,-3.7012,-1.5238,0.2076,-0.6784,1739334730105.9563
1303,1837700352,0,0.2994,0.5316,-3.8334,-1.4774,0.1896,-0.6784,1739334730115.9578
1304,2005472512,0,0.2533,0.5085,-3.8334,-1.4588,0.1535,-0.6649,1739334730125.9592
1305,2173244672,0,0.2764,0.5085,-3.8334,-1.4402,0.1354,-0.6649,1739334730135.961
1306,2341016832,0,0.2303,0.5085,-3.8334,-1.4495,0.1173,-0.6515,1739334730145.9624
1307,2508788992,0,0.2073,0.4854,-3.8334,-1.4495,0.1083,-0.6582,1739334730155.9639
1308,2676561152,0,0.0921,0.4854,-3.8334,-1.4681,0.0541,-0.6313,1739334730165.9653
1309,2844333312,0,0.0691,0.4623,-3.8334,-1.4588,0.009,-0.6381,1739334730175.9668
1310,3012105472,0,0.0691,0.416,-3.9656,-1.4309,-0.009,-0.6381,1739334730185.9683
1311,3179877632,0,0.046,0.4392,-3.8334,-1.4309,0.0,-0.6448,1739334730195.9697
1312,3347649792,0,0.046,0.4623,-3.8334,-1.4588,-0.018,-0.6448,1739334730205.9714
1313,3515421952,0,-0.023,0.4854,-3.8334,-1.4867,-0.0722,-0.6381,1739334730215.973
1314,3683194112,0,-0.2303,0.5316,-3.9656,-1.561,-0.1806,-0.6313,1739334730225.9744
1315,3850966272,0,-0.2994,0.6703,-3.9656,-1.719,-0.2889,-0.6313,1739334730235.9758
1316,4018738432,0,-0.4146,0.809,-3.9656,-1.8398,-0.3973,-0.6179,1739334730245.9773
1317,4186510592,0,-0.5067,0.8552,-4.0978,-1.9141,-0.4695,-0.6045,1739334730255.9788
1318,59380992,0,-0.5988,0.9015,-4.0978,-1.9698,-0.5237,-0.5776,1739334730265.9802
1319,227153152,0,-0.6219,0.9477,-4.0978,-2.0163,-0.5779,-0.5709,1739334730275.982
1320,394925312,0,-0.691,1.0171,-4.0978,-2.0721,-0.6411,-0.5507,1739334730285.9834
1321,562697472,0,-0.7831,1.0633,-4.23,-2.1371,-0.7133,-0.5239,1739334730295.9849
1322,730469632,0,-0.8752,1.1095,-4.23,-2.23,-0.8036,-0.497,1739334730305.9863
1323,898241792,0,-0.9674,1.0864,-4.3621,-2.23,-0.8849,-0.4836,1739334730315.9878
1324,1066013952,0,-1.0595,1.0633,-4.3621,-2.1929,-0.9662,-0.4567,1739334730325.9893
1325,1233786112,0,-1.0365,1.1326,-4.3621,-2.2765,-0.9571,-0.45,1739334730335.9907
1326,1401558272,0,-1.0134,1.1789,-4.3621,-2.3136,-0.921,-0.4097,1739334730345.9924
1327,1569330432,0,-0.9904,1.1789,-4.3621,-2.3415,-0.8759,-0.3828,1739334730355.994
1328,1737102592,0,-0.9904,1.2251,-4.3621,-2.4159,-0.8939,-0.3559,1739334730365.9954
1329,1904874752,0,-1.0365,1.2944,-4.3621,-2.4623,-0.912,-0.3425,1739334730375.9968
1330,2072646912,0,-1.0595,1.2944,-4.4943,-2.5181,-0.9301,-0.3291,1739334730385.9983
1331,2240419072,0,-1.0365,1.3638,-4.4943,-2.5738,-0.9391,-0.3156,1739334730395.9998
1332,2408191232,0,-0.9904,1.3869,-4.4943,-2.6017,-0.8939,-0.2888,1739334730406.0012
1333,2575963392,0,-0.8752,1.41,-4.4943,-2.6482,-0.8307,-0.2821,1739334730416.003
1334,2743735552,0,-0.8292,1.4563,-4.3621,-2.6853,-0.7946,-0.2619,1739334730426.0044
1335,2911507712,0,-0.8061,1.4331,-4.3621,-2.7039,-0.7585,-0.2552,1739334730436.0059
1336,3079279872,0,-0.7831,1.4563,-4.4943,-2.7039,-0.7495,-0.2485,1739334730446.0073
1337,3247052032,0,-0.7831,1.4794,-4.3621,-2.7318,-0.7404,-0.2418,1739334730456.0088
1338,3414824192,0,-0.737,1.5025,-4.4943,-2.769,-0.7224,-0.2418,1739334730466.0103
1339,3582596352,0,-0.714,1.5256,-4.3621,-2.8061,-0.7043,-0.235,1739334730476.0117
1340,3750368512,0,-0.714,1.5487,-4.3621,-2.8154,-0.7133,-0.2283,1739334730486.0134
1341,3918140672,0,-0.737,1.595,-4.23,-2.8526,-0.7314,-0.2283,1739334730496.015
1342,4085912832,0,-0.691,1.5718,-4.23,-2.8526,-0.7404,-0.2418,1739334730506.0164
1343,4253684992,0,-0.737,1.595,-4.23,-2.8712,-0.7495,-0.2418,1739334730516.0178
1344,126555392,0,-0.714,1.6181,-4.23,-2.8897,-0.7314,-0.235,1739334730526.0193
1345,294327552,0,-0.691,1.6412,-4.23,-2.899,-0.7314,-0.2485,1739334730536.0208
1346,462099712,0,-0.7601,1.595,-4.23,-2.8805,-0.7495,-0.2418,1739334730546.0222
1347,629871872,0,-0.8061,1.595,-4.23,-2.8712,-0.7946,-0.2418,1739334730556.024
1348,797644032,0,-0.8522,1.595,-4.0978,-2.8897,-0.8398,-0.2418,1739334730566.0254
1349,965416192,0,-0.8752,1.6643,-4.23,-2.9362,-0.8398,-0.2418,1739334730576.0269
1350,1133188352,0,-0.8752,1.6874,-4.3621,-2.9362,-0.8578,-0.235,1739334730586.0283
1351,1300960512,0,-0.8983,1.6412,-4.23,-2.9083,-0.8488,-0.235,1739334730596.0298
1352,1468732672,0,-0.8752,1.5718,-4.23,-2.8526,-0.8488,-0.235,1739334730606.0312
1353,1636504832,0,-0.8292,1.5487,-4.23,-2.7968,-0.8217,-0.2418,1739334730616.033
1354,1804276992,0,-0.7831,1.5256,-4.23,-2.7875,-0.7856,-0.2552,1739334730626.0344
1355,1972049152,0,-0.737,1.5025,-4.23,-2.769,-0.7765,-0.2485,1739334730636.036
1356,2139821312,0,-0.7601,1.5256,-4.23,-2.769,-0.7675,-0.2619,1739334730646.0374
1357,2307593472,0,-0.7601,1.5025,-4.0978,-2.7597,-0.7675,-0.2619,1739334730656.0388
1358,2475365632,0,-0.7601,1.4794,-4.0978,-2.7597,-0.7675,-0.2619,1739334730666.0403
1359,2643137792,0,-0.7831,1.5025,-4.0978,-2.7411,-0.7495,-0.2552,1739334730676.0417
1360,2810909952,0,-0.714,1.4794,-4.3621,-2.7597,-0.7043,-0.2686,1739334730686.0435
1361,2978682112,0,-0.691,1.4794,-4.23,-2.7597,-0.7043,-0.2686,1739334730696.045
1362,3146454272,0,-0.7831,1.4331,-4.3621,-2.6853,-0.7224,-0.2552,1739334730706.0464
1363,3314226432,0,-0.7601,1.3638,-4.23,-2.6296,-0.7856,-0.2753,1739334730716.0479
1364,3481998592,0,-0.7601,1.41,-4.23,-2.6296,-0.7495,-0.2686,1739334730726.0493
1365,3649770752,0,-0.714,1.41,-4.0978,-2.6574,-0.7043,-0.2686,1739334730736.0508
1366,3817542912,0,-0.6679,1.4331,-4.23,-2.6574,-0.6411,-0.2619,1739334730746.0522
1367,3985315072,0,-0.6219,1.4331,-4.0978,-2.6667,-0.623,-0.2552,1739334730756.054
1368,4153087232,0,-0.5758,1.4563,-4.0978,-2.6946,-0.605,-0.2485,1739334730766.0554
1369,25957632,0,-0.5528,1.5025,-4.0978,-2.7782,-0.5959,-0.2418,1739334730776.057
1370,193729792,0,-0.5758,1.6181,-4.0978,-2.8619,-0.605,-0.2149,1739334730786.0583
1371,361501952,0,-0.5528,1.7105,-4.0978,-2.9548,-0.5959,-0.1947,1739334730796.0598
1372,529274112,0,-0.5297,1.803,-4.0978,-3.0756,-0.5689,-0.1679,1739334730806.0613
1373,697046272,0,-0.5297,1.803,-4.0978,-3.0942,-0.5598,-0.1477,1739334730816.0627
1374,864818432,0,-0.5988,1.7799,-4.0978,-3.0756,-0.5869,-0.1276,1739334730826.0645
1375,1032590592,0,-0.6679,1.803,-4.0978,-3.0756,-0.6411,-0.1007,1739334730836.066
1376,1200362752,0,-0.6449,1.8723,-4.3621,-3.1778,-0.6411,-0.0738,1739334730846.0674
1377,1368134912,0,-0.6449,1.9186,-4.23,-3.2521,-0.614,-0.047,1739334730856.0688
1378,1535907072,0,-0.6679,1.9417,-4.3621,-3.3079,-0.5869,-0.0268,1739334730866.0703
1379,1703679232,0,-0.5988,2.0342,-4.23,-3.4008,-0.5598,-0.0067,1739334730876.0718
1380,1871451392,0,-0.5758,2.0573,-4.23,-3.438,-0.5508,0.0268,1739334730886.0732
1381,2039223552,0,-0.5528,2.0804,-4.0978,-3.4473,-0.5237,0.0403,1739334730896.075
1382,2206995712,0,-0.4606,2.0573,-3.9656,-3.438,-0.4876,0.0537,1739334730906.0764
1383,2374767872,0,-0.4146,2.011,-3.9656,-3.4008,-0.4244,0.0806,1739334730916.078
1384,2542540032,0,-0.3455,2.011,-3.8334,-3.4008,-0.3702,0.1007,1739334730926.0793
1385,2710312192,0,-0.3455,1.9186,-3.9656,-3.3451,-0.3431,0.1141,1739334730936.0808
1386,2878084352,0,-0.3685,1.9417,-3.9656,-3.3265,-0.3521,0.1276,1739334730946.0823
1387,3045856512,0,-0.3455,1.9417,-3.9656,-3.3543,-0.3341,0.141,1739334730956.0837
1388,3213628672,0,-0.2994,1.8723,-3.9656,-3.3172,-0.307,0.1612,1739334730966.0854
1389,3381400832,0,-0.2533,1.8723,-3.9656,-3.3079,-0.2438,0.1679,1739334730976.087
1390,3549172992,0,-0.1612,1.8723,-4.0978,-3.2893,-0.1444,0.1746,1739334730986.0884
1391,3716945152,0,-0.046,1.8955,-3.9656,-3.2707,-0.0632,0.1813,1739334730996.0898
1392,3884717312,0,0.0,1.8492,-3.9656,-3.215,-0.027,0.1813,1739334731006.0913
1393,4052489472,0,0.023,1.803,-3.9656,-3.1592,-0.009,0.1679,1739334731016.0928
1394,4220261632,0,0.046,1.8261,-3.9656,-3.1685,0.018,0.1544,1739334731026.0942
1395,93132032,0,0.0921,1.8492,-3.9656,-3.2057,0.0541,0.1544,1739334731036.096
1396,260904192,0,0.0921,1.8723,-3.9656,-3.2614,0.0632,0.1612,1739334731046.0974
1397,428676352,0,0.0921,1.9879,-3.9656,-3.3451,0.0812,0.1746,1739334731056.0989
1398,596448512,0,0.0691,2.0573,-3.9656,-3.4101,0.0812,0.1813,1739334731066.1003
1399,764220672,0,0.046,2.1035,-3.9656,-3.4566,0.0632,0.1813,1739334731076.1018
1400,931992832,0,0.0921,2.1035,-4.0978,-3.4937,0.0451,0.1746,1739334731086.1033
1401,1099764992,0,0.0921,2.1266,-3.9656,-3.4751,0.0541,0.1746,1739334731096.1047
1402,1267537152,0,0.1151,2.1035,-3.9656,-3.4937,0.0632,0.1612,1739334731106.1064
1403,1435309312,0,0.1151,2.1266,-3.9656,-3.4844,0.0632,0.1679,1739334731116.108
1404,1603081472,0,0.0921,2.1729,-3.9656,-3.5123,0.0541,0.1679,1739334731126.1094
1405,1770853632,0,0.0921,2.2191,-3.8334,-3.5402,0.0451,0.1612,1739334731136.1108
1406,1938625792,0,0.0691,2.2191,-4.0978,-3.5588,0.0361,0.1679,1739334731146.1123
1407,2106397952,0,0.1151,2.2191,-3.9656,-3.5774,0.0451,0.1544,1739334731156.1138
1408,2274170112,0,0.0921,2.2191,-3.9656,-3.5402,0.0541,0.1612,1739334731166.1152
1409,2441942272,0,0.1151,2.196,-3.9656,-3.5123,0.0722,0.141,1739334731176.117
1410,2609714432,0,0.1382,2.1497,-4.0978,-3.4937,0.0903,0.1343,1739334731186.1184
1411,2777486592,0,0.1842,2.1497,-3.9656,-3.4751,0.0993,0.1276,1739334731196.1199
1412,2945258752,0,0.1612,2.1497,-3.9656,-3.4658,0.0903,0.1276,1739334731206.1213
1413,3113030912,0,0.1382,2.1266,-3.9656,-3.4566,0.0903,0.1209,1739334731216.1228
1414,3280803072,0,0.1612,2.1497,-3.9656,-3.4473,0.0903,0.1141,1739334731226.1243
1415,3448575232,0,0.2073,2.1729,-3.9656,-3.4751,0.1354,0.1209,1739334731236.1257
1416,3616347392,0,0.2303,2.1729,-3.9656,-3.4658,0.1444,0.1074,1739334731246.1274
1417,3784119552,0,0.2303,2.1266,-3.9656,-3.4287,0.1444,0.1007,1739334731256.129
1418,3951891712,0,0.2073,2.0804,-3.9656,-3.3915,0.1444,0.0806,1739334731266.1304
1419,4119663872,0,0.2303,2.0573,-4.0978,-3.3543,0.1535,0.094,1739334731276.1318
1420,4287436032,0,0.2764,2.0573,-3.9656,-3.3451,0.1715,0.0873,1739334731286.1333
1421,160306432,0,0.2994,1.9879,-3.9656,-3.2986,0.2076,0.0873,1739334731296.1348
1422,328078592,0,0.3455,1.9648,-3.9656,-3.2614,0.2528,0.0806,1739334731306.1365
1423,495850752,0,0.3915,1.8723,-3.9656,-3.1685,0.2799,0.0671,1739334731316.138
1424,663622912,0,0.4376,1.7799,-3.9656,-3.0663,0.316,0.0335,1739334731326.1394
1425,831395072,0,0.4837,1.6874,-3.8334,-2.9734,0.3521,0.0,1739334731336.1409
1426,999167232,0,0.5297,1.6643,-3.9656,-2.9083,0.3792,-0.0268,1739334731346.1423
1427,1166939392,0,0.5988,1.7105,-3.8334,-2.899,0.4334,-0.0604,1739334731356.1438
1428,1334711552,0,0.6679,1.7105,-3.8334,-2.8897,0.4785,-0.0738,1739334731366.1453
1429,1502483712,0,0.6679,1.6412,-3.8334,-2.8247,0.4785,-0.0873,1739334731376.147
1430,1670255872,0,0.6219,1.6412,-3.9656,-2.7968,0.4334,-0.1141,1739334731386.1484
1431,1838028032,0,0.5758,1.6874,-3.9656,-2.8154,0.3973,-0.1544,1739334731396.15
1432,2005800192,0,0.5528,1.6643,-3.9656,-2.8061,0.3702,-0.1679,1739334731406.1514
1433,2173572352,0,0.5297,1.6874,-3.9656,-2.7968,0.3341,-0.1947,1739334731416.1528
1434,2341344512,0,0.4837,1.7337,-3.9656,-2.8247,0.307,-0.2149,1739334731426.1543
1435,2509116672,0,0.4606,1.7568,-3.8334,-2.8433,0.307,-0.2149,1739334731436.1558
1436,2676888832,0,0.4146,1.7568,-3.9656,-2.8526,0.2618,-0.2216,1739334731446.1575
1437,2844660992,0,0.3455,1.8492,-3.8334,-2.9362,0.2257,-0.235,1739334731456.159
1438,3012433152,0,0.3455,1.9417,-3.9656,-3.0105,0.1896,-0.2418,1739334731466.1604
1439,3180205312,0,0.3455,1.9417,-3.8334,-3.0198,0.1806,-0.2418,1739334731476.1619
1440,3347977472,0,0.2994,1.9186,-3.8334,-2.9827,0.1535,-0.2619,1739334731486.1633
1441,3515749632,0,0.3224,1.9648,-3.9656,-3.0291,0.1444,-0.2753,1739334731496.1648
1442,3683521792,0,0.3224,1.9879,-3.9656,-3.0384,0.1535,-0.2821,1739334731506.1663
1443,3851293952,0,0.2303,1.9648,-3.8334,-3.0198,0.0903,-0.2821,1739334731516.168
1444,4019066112,0,0.1151,1.9417,-3.9656,-3.0291,0.018,-0.2821,1739334731526.1694
1445,4186838272,0,0.0691,1.9648,-3.9656,-3.0663,-0.027,-0.2753,1739334731536.171
1446,59708672,0,0.046,1.9648,-3.9656,-3.0756,-0.0361,-0.2753,1739334731546.1724
1447,227480832,0,0.0691,1.9417,-3.9656,-3.0477,-0.027,-0.2821,1739334731556.1738
1448,395252992,0,0.0921,1.8955,-4.0978,-3.0013,-0.027,-0.2821,1739334731566.1753
1449,563025152,0,0.1151,1.8261,-3.9656,-2.9455,0.0,-0.2888,1739334731576.1768
1450,730797312,0,0.0921,1.803,-3.9656,-2.9083,-0.009,-0.2888,1739334731586.1785
1451,898569472,0,0.0921,1.7799,-3.8334,-2.8712,-0.027,-0.2888,1739334731596.18
1452,1066341632,0,0.0691,1.803,-3.9656,-2.9083,-0.0541,-0.2888,1739334731606.1814
1453,1234113792,0,0.0691,1.8492,-3.9656,-2.9455,-0.0632,-0.2821,1739334731616.1829
1454,1401885952,0,0.0691,1.8492,-3.9656,-2.9641,-0.027,-0.2686,1739334731626.1843
1455,1569658112,0,0.0921,1.8492,-3.9656,-2.9455,0.018,-0.2619,1739334731636.1858
1456,1737430272,0,0.1612,1.8492,-3.9656,-2.9362,0.0451,-0.2686,1739334731646.1873
1457,1905202432,0,0.2073,1.8492,-3.8334,-2.9269,0.0812,-0.2753,1739334731656.189
1458,2072974592,0,0.1842,1.8261,-3.8334,-2.899,0.0812,-0.2686,1739334731666.1904
1459,2240746752,0,0.1842,1.803,-3.8334,-2.8619,0.0541,-0.2686,1739334731676.192
1460,2408518912,0,0.1382,1.7799,-3.9656,-2.8433,0.0361,-0.2821,1739334731686.1934
1461,2576291072,0,0.1612,1.7799,-3.9656,-2.8433,0.0361,-0.2821,1739334731696.1948
1462,2744063232,0,0.1612,1.7799,-3.8334,-2.8526,0.0632,-0.2753,1739334731706.1963
1463,2911835392,0,0.2073,1.7799,-3.8334,-2.8526,0.0903,-0.2686,1739334731716.1978
1464,3079607552,0,0.2303,1.8261,-3.8334,-2.8619,0.0993,-0.2686,1739334731726.1995
1465,3247379712,0,0.2073,1.803,-3.9656,-2.8712,0.0903,-0.2552,1739334731736.201
1466,3415151872,0,0.1842,1.803,-3.8334,-2.8712,0.0722,-0.2619,1739334731746.2024
1467,3582924032,0,0.2073,1.8492,-3.8334,-2.9362,0.0812,-0.2619,1739334731756.2039
1468,3750696192,0,0.2073,1.8723,-3.9656,-2.9548,0.0903,-0.2552,1739334731766.2053
1469,3918468352,0,0.1612,1.8723,-3.8334,-2.9362,0.0451,-0.2418,1739334731776.2068
1470,4086240512,0,0.0921,1.803,-3.9656,-2.8897,0.009,-0.2485,1739334731786.2083
1471,4254012672,0,0.0691,1.803,-4.0978,-2.8619,-0.0361,-0.2552,1739334731796.21
1472,126883072,0,0.046,1.803,-3.9656,-2.8712,-0.0632,-0.2552,1739334731806.2114
1473,294655232,0,-0.023,1.8261,-3.9656,-2.899,-0.1173,-0.2485,1739334731816.213
1474,462427392,0,-0.0691,1.8723,-4.0978,-2.9455,-0.1715,-0.2552,1739334731826.2144
1475,630199552,0,-0.1151,1.9186,-3.9656,-3.0105,-0.2076,-0.2552,1739334731836.2158
1476,797971712,0,-0.1612,1.9417,-3.9656,-3.0477,-0.2528,-0.2485,1739334731846.2173
1477,965743872,0,-0.1842,1.9186,-4.0978,-3.0384,-0.2618,-0.2485,1739334731856.2188
1478,1133516032,0,-0.2073,1.9648,-4.0978,-3.057,-0.2618,-0.2552,1739334731866.2205
1479,1301288192,0,-0.1612,1.9417,-3.9656,-3.0756,-0.2528,-0.2619,1739334731876.222
1480,1469060352,0,-0.1842,1.9186,-3.8334,-3.0756,-0.2889,-0.2686,1739334731886.2234
1481,1636832512,0,-0.2533,1.9186,-3.9656,-3.0384,-0.3521,-0.2686,1739334731896.2249
1482,1804604672,0,-0.3455,1.8955,-3.9656,-3.0384,-0.4244,-0.2619,1739334731906.2263
1483,1972376832,0,-0.3915,1.9417,-3.9656,-3.0663,-0.4695,-0.2619,1739334731916.2278
1484,2140148992,0,-0.4376,1.9417,-3.9656,-3.0756,-0.4966,-0.2485,1739334731926.2295
1485,2307921152,0,-0.4376,1.9417,-3.9656,-3.057,-0.5147,-0.2418,1739334731936.231
1486,2475693312,0,-0.4606,1.9417,-4.0978,-3.057,-0.5147,-0.2485,1739334731946.2324
1487,2643465472,0,-0.4376,1.9186,-4.0978,-3.0477,-0.4966,-0.2418,1739334731956.234
1488,2811237632,0,-0.3915,1.8955,-3.9656,-3.0477,-0.4695,-0.2485,1739334731966.2354
1489,2979009792,0,-0.3915,1.8955,-3.9656,-3.0198,-0.4695,-0.2418,1739334731976.2368
1490,3146781952,0,-0.3685,1.8492,-3.9656,-3.0013,-0.4605,-0.2552,1739334731986.2383
1491,3314554112,0,-0.3455,1.8955,-3.9656,-3.0198,-0.4605,-0.2485,1739334731996.24
1492,3482326272,0,-0.3685,1.9186,-3.9656,-3.0384,-0.4876,-0.2485,1739334732006.2415
1493,3650098432,0,-0.4146,1.9879,-3.9656,-3.1128,-0.5147,-0.235,1739334732016.243
1494,3817870592,0,-0.4146,2.0342,-3.9656,-3.1964,-0.5056,-0.2216,1739334732026.2444
1495,3985642752,0,-0.3685,2.0573,-3.8334,-3.2335,-0.4695,-0.2015,1739334732036.2458
1496,4153414912,0,-0.3224,2.011,-3.8334,-3.1964,-0.4334,-0.2149,1739334732046.2473
1497,26285312,0,-0.2764,1.9417,-3.8334,-3.122,-0.3882,-0.2149,1739334732056.2488
1498,194057472,0,-0.2073,1.8723,-3.7012,-3.057,-0.3521,-0.2283,1739334732066.2505
1499,361829632,0,-0.1612,1.8261,-3.8334,-2.992,-0.316,-0.235,1739334732076.252
1500,529601792,0,-0.1842,1.803,-3.8334,-2.9455,-0.307,-0.235,1739334732086.2534
1501,697373952,0,-0.1842,1.7799,-3.8334,-2.9362,-0.307,-0.235,1739334732096.255
1502,865146112,0,-0.1382,1.803,-3.8334,-2.9548,-0.307,-0.235,1739334732106.2563
1503,1032918272,0,-0.1151,1.7799,-3.8334,-2.9827,-0.2889,-0.2216,1739334732116.2578
1504,1200690432,0,-0.1151,1.8261,-3.8334,-3.0105,-0.2799,-0.2149,1739334732126.2593
1505,1368462592,0,-0.1151,1.8261,-3.8334,-3.0291,-0.2799,-0.2082,1739334732136.261
1506,1536234752,0,-0.1382,1.8261,-3.8334,-3.0198,-0.307,-0.2015,1739334732146.2625
1507,1704006912,0,-0.1612,1.8261,-3.9656,-3.0198,-0.325,-0.2082,1739334732156.264
1508,1871779072,0,-0.2303,1.8492,-3.9656,-3.0013,-0.3521,-0.2149,1739334732166.2654
1509,2039551232,0,-0.2303,1.8261,-3.8334,-2.992,-0.3882,-0.2149,1739334732176.2668
1510,2207323392,0,-0.2533,1.8261,-3.7012,-2.992,-0.3973,-0.2216,1739334732186.2683
1511,2375095552,0,-0.2533,1.8261,-3.8334,-3.0105,-0.4063,-0.2283,1739334732196.2698
1512,2542867712,0,-0.2303,1.8492,-3.7012,-3.0198,-0.4063,-0.2283,1739334732206.2715
1513,2710639872,0,-0.2303,1.8723,-3.7012,-3.057,-0.3973,-0.2149,1739334732216.273
1514,2878412032,0,-0.2303,1.8955,-3.8334,-3.0663,-0.3882,-0.2082,1739334732226.2744
1515,3046184192,0,-0.2303,1.8955,-3.7012,-3.0849,-0.3882,-0.2149,1739334732236.276
1516,3213956352,0,-0.2303,1.9186,-3.7012,-3.0942,-0.4063,-0.2216,1739334732246.2773
1517,3381728512,0,-0.2764,1.9186,-3.7012,-3.0849,-0.4153,-0.2149,1739334732256.2788
1518,3549500672,0,-0.2764,1.9417,-3.7012,-3.122,-0.4244,-0.2149,1739334732266.2803
1519,3717272832,0,-0.2994,1.9417,-3.7012,-3.122,-0.4515,-0.2149,1739334732276.282
1520,3885044992,0,-0.3685,1.9417,-3.8334,-3.1035,-0.5056,-0.2082,1739334732286.2834
1521,4052817152,0,-0.3455,1.9186,-3.8334,-3.0942,-0.4876,-0.2149,1739334732296.285
1522,4220589312,0,-0.2994,1.9648,-3.8334,-3.1128,-0.4424,-0.2149,1739334732306.2864
1523,93459712,0,-0.2764,2.011,-3.7012,-3.1406,-0.4153,-0.2149,1739334732316.2878
1524,261231872,0,-0.2303,1.9879,-3.8334,-3.1778,-0.4153,-0.2082,1739334732326.2893
1525,429004032,0,-0.2764,2.0573,-3.8334,-3.2243,-0.4153,-0.2015,1739334732336.2908
1526,596776192,0,-0.2764,2.1035,-3.9656,-3.28,-0.4424,-0.1947,1739334732346.2925
1527,764548352,0,-0.2764,2.1035,-3.9656,-3.3265,-0.4424,-0.1746,1739334732356.294
1528,932320512,0,-0.2533,2.196,-3.9656,-3.3915,-0.4334,-0.1679,1739334732366.2954
1529,1100092672,0,-0.2303,2.2191,-3.9656,-3.4287,-0.4063,-0.141,1739334732376.2969
1530,1267864832,0,-0.2303,2.2422,-3.8334,-3.4658,-0.3882,-0.1209,1739334732386.2983
1531,1435636992,0,-0.2533,2.2191,-3.9656,-3.4751,-0.4063,-0.094,1739334732396.2998
1532,1603409152,0,-0.2764,2.2653,-3.9656,-3.5216,-0.4244,-0.0738,1739334732406.3013
1533,1771181312,0,-0.2764,2.2653,-3.9656,-3.5402,-0.4153,-0.047,1739334732416.303
1534,1938953472,0,-0.2533,2.196,-3.9656,-3.5216,-0.3792,-0.0335,1739334732426.3044
1535,2106725632,0,-0.2073,2.1729,-3.8334,-3.4751,-0.3341,-0.0201,1739334732436.306
1536,2274497792,0,-0.1382,2.196,-3.9656,-3.503,-0.2618,0.0067,1739334732446.3074
1537,2442269952,0,-0.0691,2.2191,-3.9656,-3.5123,-0.2167,0.0201,1739334732456.3088
1538,2610042112,0,-0.023,2.196,-3.8334,-3.5309,-0.1625,0.0268,1739334732466.3103
1539,2777814272,0,0.0,2.1729,-3.8334,-3.4937,-0.1625,0.0403,1739334732476.3118
1540,2945586432,0,0.0,2.2191,-3.8334,-3.5402,-0.1625,0.047,1739334732486.3135
1541,3113358592,0,0.0691,2.2422,-3.8334,-3.5495,-0.0993,0.0604,1739334732496.315
1542,3281130752,0,0.1612,2.1729,-3.9656,-3.5123,-0.027,0.0738,1739334732506.3164
1543,3448902912,0,0.2533,2.1035,-3.9656,-3.4287,0.0361,0.0738,1739334732516.3179
1544,3616675072,0,0.2764,2.0573,-3.8334,-3.3636,0.1083,0.0604,1739334732526.3193
1545,3784447232,0,0.2994,2.0573,-3.8334,-3.3451,0.1083,0.0604,1739334732536.3208
1546,3952219392,0,0.3224,2.0804,-3.8334,-3.3543,0.1173,0.0537,1739334732546.3223
1547,4119991552,0,0.2994,2.1266,-3.8334,-3.4008,0.1264,0.0604,1739334732556.324
1548,4287763712,0,0.2994,2.1729,-3.8334,-3.4566,0.1535,0.0671,1739334732566.3254
1549,160634112,0,0.3915,2.1729,-3.7012,-3.4751,0.2076,0.0738,1739334732576.327
1550,328406272,0,0.4146,2.196,-3.7012,-3.4751,0.2167,0.0671,1739334732586.3284
1551,496178432,0,0.3915,2.1729,-3.7012,-3.4658,0.1986,0.0671,1739334732596.3298
1552,663950592,0,0.3685,2.2191,-3.8334,-3.5309,0.1535,0.0671,1739334732606.3313
1553,831722752,0,0.3224,2.2653,-3.8334,-3.5774,0.1264,0.0604,1739334732616.333
1554,999494912,0,0.2533,2.2653,-3.9656,-3.5681,0.0632,0.0604,1739334732626.3345
1555,1167267072,0,0.1842,2.2422,-3.9656,-3.5588,0.027,0.0604,1739334732636.336
1556,1335039232,0,0.1612,2.2653,-3.9656,-3.5774,0.009,0.0537,1739334732646.3374
1557,1502811392,0,0.1842,2.2653,-3.9656,-3.5774,0.018,0.0604,1739334732656.3389
1558,1670583552,0,0.1612,2.2653,-3.9656,-3.5681,0.009,0.0604,1739334732666.3403
1559,1838355712,0,0.1612,2.2653,-3.9656,-3.5774,-0.009,0.0537,1739334732676.3418
1560,2006127872,0,0.1612,2.2422,-3.9656,-3.5959,-0.018,0.0604,1739334732686.3435
1561,2173900032,0,0.1612,2.2422,-3.9656,-3.6052,-0.009,0.0604,1739334732696.345
1562,2341672192,0,0.1612,2.2653,-4.0978,-3.6145,0.009,0.0604,1739334732706.3464
1563,2509444352,0,0.2073,2.2653,-3.9656,-3.6331,0.018,0.0537,1739334732716.348
1564,2677216512,0,0.2073,2.2653,-3.9656,-3.6424,0.018,0.0537,1739334732726.3494
1565,2844988672,0,0.2073,2.2653,-4.0978,-3.6517,0.0,0.047,1739334732736.3508
1566,3012760832,0,0.1612,2.2653,-4.0978,-3.6517,-0.0361,0.0403,1739334732746.3523
1567,3180532992,0,0.1612,2.2884,-4.0978,-3.6703,-0.0451,0.047,1739334732756.354
1568,3348305152,0,0.1382,2.2884,-4.0978,-3.661,-0.027,0.0403,1739334732766.3555
1569,3516077312,0,0.2073,2.2653,-4.0978,-3.6331,0.009,0.0335,1739334732776.357
1570,3683849472,0,0.2764,2.2884,-3.9656,-3.6424,0.0541,0.0335,1739334732786.3584
1571,3851621632,0,0.3455,2.2884,-3.9656,-3.6424,0.0812,0.0403,1739334732796.3599
1572,4019393792,0,0.2994,2.2422,-3.9656,-3.6145,0.0541,0.0403,1739334732806.3613
1573,4187165952,0,0.2764,2.2422,-4.0978,-3.6052,0.0361,0.0335,1739334732816.3628
1574,60036352,0,0.2994,2.3116,-3.9656,-3.6703,0.0632,0.0403,1739334732826.3645
1575,227808512,0,0.3455,2.3578,-3.9656,-3.7074,0.0993,0.047,1739334732836.366
1576,395580672,0,0.3685,2.3578,-3.9656,-3.7446,0.1354,0.0604,1739334732846.3674
1577,563352832,0,0.4146,2.4271,-3.8334,-3.7818,0.1535,0.0604,1739334732856.369
1578,731124992,0,0.4146,2.4271,-3.8334,-3.8189,0.1535,0.0738,1739334732866.3704
1579,898897152,0,0.3915,2.4503,-3.8334,-3.8468,0.1444,0.094,1739334732876.3718
1580,1066669312,0,0.3685,2.4965,-3.8334,-3.8933,0.1173,0.1074,1739334732886.3733
1581,1234441472,0,0.3455,2.5658,-3.8334,-3.9769,0.1083,0.1209,1739334732896.375
1582,1402213632,0,0.2994,2.6352,-3.8334,-4.0512,0.1083,0.141,1739334732906.3765
1583,1569985792,0,0.2533,2.6814,-3.8334,-4.107,0.0632,0.1612,1739334732916.378
1584,1737757952,0,0.2303,2.7276,-4.0978,-4.1442,0.0541,0.1746,1739334732926.3794
1585,1905530112,0,0.2073,2.7508,-4.0978,-4.1813,0.0632,0.1947,1739334732936.3809
1586,2073302272,0,0.2073,2.7276,-4.0978,-4.1627,0.0632,0.2082,1739334732946.3823
1587,2241074432,0,0.2073,2.6814,-4.0978,-4.1256,0.0632,0.2149,1739334732956.3838
1588,2408846592,0,0.2073,2.6814,-4.0978,-4.1442,0.0812,0.2149,1739334732966.3855
1589,2576618752,0,0.2994,2.7508,-3.8334,-4.1906,0.1264,0.235,1739334732976.387
1590,2744390912,0,0.3685,2.7508,-3.8334,-4.1813,0.1896,0.2552,1739334732986.3884
1591,2912163072,0,0.4146,2.6583,-3.9656,-4.1442,0.2167,0.2552,1739334732996.39
1592,3079935232,0,0.4376,2.6352,-3.8334,-4.1349,0.2438,0.2552,1739334733006.3914
1593,3247707392,0,0.4606,2.7045,-3.9656,-4.1535,0.2709,0.2821,1739334733016.3928
1594,3415479552,0,0.4606,2.7045,-3.9656,-4.172,0.2799,0.2888,1739334733026.3943
1595,3583251712,0,0.4606,2.7276,-3.9656,-4.172,0.2618,0.3022,1739334733036.396
1596,3751023872,0,0.4606,2.7508,-3.9656,-4.172,0.2618,0.2955,1739334733046.3975
1597,3918796032,0,0.4837,2.7276,-3.9656,-4.172,0.2889,0.3022,1739334733056.399
1598,4086568192,0,0.5067,2.7276,-3.9656,-4.1627,0.316,0.3089,1739334733066.4004
1599,4254340352,0,0.5297,2.7508,-3.9656,-4.1627,0.316,0.2955,1739334733076.4019
1600,127210752,0,0.5297,2.8201,-3.9656,-4.1999,0.3341,0.3022,1739334733086.4033
1601,294982912,0,0.5297,2.797,-3.9656,-4.2185,0.307,0.2888,1739334733096.4048
1602,462755072,0,0.4606,2.797,-3.8334,-4.2185,0.2709,0.2888,1739334733106.4065
1603,630527232,0,0.4146,2.8432,-3.7012,-4.2557,0.1986,0.2821,1739334733116.408
1604,798299392,0,0.3685,2.8663,-3.8334,-4.3021,0.1444,0.2753,1739334733126.4094
1605,966071552,0,0.3224,2.9357,-3.8334,-4.33,0.0993,0.2753,1739334733136.411
1606,1133843712,0,0.2764,2.9126,-4.0978,-4.3672,0.0722,0.2753,1739334733146.4124
1607,1301615872,0,0.2533,2.9357,-3.9656,-4.3765,0.0361,0.2753,1739334733156.4138
1608,1469388032,0,0.2073,2.9357,-4.0978,-4.3858,0.018,0.2619,1739334733166.4153
1609,1637160192,0,0.2073,2.9588,-4.0978,-4.3765,0.009,0.2552,1739334733176.417
1610,1804932352,0,0.2073,2.9357,-4.0978,-4.3393,-0.009,0.2619,1739334733186.4185
1611,1972704512,0,0.2073,2.9357,-4.0978,-4.3207,0.0,0.2619,1739334733196.42
1612,2140476672,0,0.2303,2.9126,-4.0978,-4.3207,-0.009,0.2552,1739334733206.4214
1613,2308248832,0,0.2073,2.8895,-4.0978,-4.3021,0.0,0.2418,1739334733216.4229
1614,2476020992,0,0.2073,2.9126,-4.0978,-4.3114,-0.018,0.2418,1739334733226.4243
1615,2643793152,0,0.1842,2.9126,-4.0978,-4.3207,-0.027,0.2418,1739334733236.426
1616,2811565312,0,0.1382,2.9126,-4.0978,-4.3579,-0.0722,0.2418,1739334733246.4275
1617,2979337472,0,0.1382,2.9588,-4.0978,-4.3858,-0.0903,0.2418,1739334733256.429
1618,3147109632,0,0.1151,2.9588,-4.0978,-4.4043,-0.0993,0.2418,1739334733266.4304
1619,3314881792,0,0.1151,2.9819,-4.23,-4.4136,-0.0993,0.2418,1739334733276.432
1620,3482653952,0,0.1382,2.9588,-4.0978,-4.395,-0.1083,0.2283,1739334733286.4333
1621,3650426112,0,0.0921,2.9588,-4.0978,-4.3858,-0.1354,0.2283,1739334733296.4348
1622,3818198272,0,0.0921,2.9588,-3.9656,-4.3765,-0.1444,0.2283,1739334733306.4365
1623,3985970432,0,0.023,2.9588,-4.0978,-4.3858,-0.1806,0.2216,1739334733316.438
1624,4153742592,0,0.046,2.9588,-4.0978,-4.395,-0.1896,0.2149,1739334733326.4395
1625,26612992,0,0.0921,3.005,-3.9656,-4.4322,-0.1715,0.2216,1739334733336.441
1626,194385152,0,0.0691,3.0282,-4.0978,-4.4322,-0.1806,0.2216,1739334733346.4424
1627,362157312,0,0.0691,2.9588,-4.0978,-4.395,-0.1806,0.2283,1739334733356.4438
1628,529929472,0,0.046,2.8895,-4.23,-4.3486,-0.1986,0.2082,1739334733366.4453
1629,697701632,0,0.0,2.8895,-4.23,-4.3021,-0.2347,0.2015,1739334733376.447
1630,865473792,0,0.0,2.7739,-4.3621,-4.265,-0.2438,0.188,1739334733386.4485
1631,1033245952,0,0.0,2.8201,-4.23,-4.2371,-0.2528,0.1679,1739334733396.45
1632,1201018112,0,0.023,2.7739,-4.23,-4.1999,-0.2167,0.1544,1739334733406.4514
1633,1368790272,0,0.046,2.7508,-4.23,-4.172,-0.2167,0.1477,1739334733416.453
1634,1536562432,0,0.0691,2.7045,-4.3621,-4.107,-0.1986,0.1276,1739334733426.4543
1635,1704334592,0,0.0691,2.6583,-4.3621,-4.0605,-0.1896,0.1074,1739334733436.4558
1636,1872106752,0,0.0921,2.6583,-4.23,-4.0419,-0.1896,0.0873,1739334733446.4575
1637,2039878912,0,0.1151,2.6814,-4.0978,-4.0512,-0.1715,0.0604,1739334733456.459
1638,2207651072,0,0.1382,2.7045,-4.23,-4.0698,-0.1535,0.0335,1739334733466.4604
1639,2375423232,0,0.1151,2.7045,-4.23,-4.0605,-0.1806,0.0268,1739334733476.462
1640,2543195392,0,0.0921,2.6814,-4.3621,-4.0327,-0.2257,0.0201,1739334733486.4634
1641,2710967552,0,0.0,2.7045,-4.23,-4.0327,-0.2889,0.0,1739334733496.4648
1642,2878739712,0,-0.023,2.797,-4.3621,-4.0977,-0.316,-0.0268,1739334733506.4663
1643,3046511872,0,0.0,2.8895,-4.23,-4.1813,-0.307,-0.0201,1739334733516.468
1644,3214284032,0,0.023,2.8663,-4.3621,-4.2092,-0.2889,-0.0268,1739334733526.4695
1645,3382056192,0,0.0,2.8432,-4.3621,-4.1535,-0.2709,-0.0201,1739334733536.471
1646,3549828352,0,0.0,2.797,-4.23,-4.0977,-0.2979,-0.0403,1739334733546.4724
1647,3717600512,0,-0.023,2.8201,-4.3621,-4.107,-0.307,-0.0604,1739334733556.4739
1648,3885372672,0,-0.046,2.8663,-4.23,-4.1442,-0.316,-0.0671,1739334733566.4753
1649,4053144832,0,-0.023,2.8663,-4.3621,-4.1627,-0.3341,-0.0604,1739334733576.4768
1650,4220916992,0,-0.0691,2.8432,-4.23,-4.1349,-0.3612,-0.0671,1739334733586.4785
1651,93787392,0,-0.0921,2.7739,-4.23,-4.0791,-0.3792,-0.0604,1739334733596.48
1652,261559552,0,-0.1382,2.7508,-4.23,-4.0419,-0.3973,-0.0738,1739334733606.4814
1653,429331712,0,-0.1612,2.7739,-4.23,-4.0419,-0.4334,-0.0806,1739334733616.483
1654,597103872,0,-0.1612,2.797,-4.23,-4.0605,-0.4424,-0.0806,1739334733626.4844
1655,764876032,0,-0.1382,2.7739,-4.23,-4.0605,-0.4244,-0.0738,1739334733636.4858
1656,932648192,0,-0.2073,2.7045,-4.23,-3.9862,-0.4334,-0.0604,1739334733646.4873
1657,1100420352,0,-0.2073,2.6583,-4.0978,-3.9304,-0.4785,-0.0671,1739334733656.489
1658,1268192512,0,-0.1842,2.6814,-4.23,-3.9397,-0.4605,-0.0738,1739334733666.4905
1659,1435964672,0,-0.1382,2.7276,-4.23,-3.9862,-0.4063,-0.0604,1739334733676.492
1660,1603736832,0,-0.0921,2.7276,-4.0978,-3.9862,-0.3882,-0.0604,1739334733686.4934
1661,1771508992,0,-0.0691,2.7045,-3.9656,-3.949,-0.3612,-0.0604,1739334733696.4949
1662,1939281152,0,-0.0691,2.6814,-4.23,-3.949,-0.3431,-0.0537,1739334733706.4963
1663,2107053312,0,-0.1151,2.7276,-4.0978,-3.9397,-0.3341,-0.0537,1739334733716.4978
1664,2274825472,0,-0.1151,2.7508,-4.23,-3.9583,-0.3521,-0.0537,1739334733726.4995
1665,2442597632,0,-0.1612,2.7508,-4.0978,-3.9583,-0.3792,-0.0537,1739334733736.501
1666,2610369792,0,-0.1842,2.7508,-4.0978,-3.9583,-0.3882,-0.0403,1739334733746.5024
1667,2778141952,0,-0.1842,2.7045,-4.0978,-3.9212,-0.3973,-0.0537,1739334733756.504
1668,2945914112,0,-0.2073,2.6814,-4.23,-3.8747,-0.4063,-0.0537,1739334733766.5054
1669,3113686272,0,-0.1842,2.6814,-4.0978,-3.8747,-0.3973,-0.0537,1739334733776.5068
1670,3281458432,0,-0.1382,2.6814,-4.0978,-3.884,-0.3702,-0.0537,1739334733786.5083
1671,3449230592,0,-0.1382,2.7045,-3.9656,-3.884,-0.3521,-0.0537,1739334733796.51
1672,3617002752,0,-0.1151,2.6814,-3.9656,-3.8561,-0.3612,-0.047,1739334733806.5115
1673,3784774912,0,-0.1612,2.6814,-4.23,-3.8654,-0.3612,-0.0403,1739334733816.513
1674,3952547072,0,-0.1842,2.6814,-4.0978,-3.8747,-0.3702,-0.047,1739334733826.5144
1675,4120319232,0,-0.1842,2.6352,-4.0978,-3.8375,-0.3973,-0.047,1739334733836.5159
1676,4288091392,0,-0.1842,2.6814,-4.0978,-3.8375,-0.4153,-0.0604,1739334733846.5173
1677,160961792,0,-0.2073,2.7045,-3.9656,-3.8468,-0.3882,-0.0671,1739334733856.5188
1678,328733952,0,-0.2764,2.6814,-3.9656,-3.8561,-0.4334,-0.0604,1739334733866.5205
1679,496506112,0,-0.3224,2.6352,-4.0978,-3.8097,-0.4966,-0.0671,1739334733876.522
1680,664278272,0,-0.4146,2.6352,-4.23,-3.7911,-0.5779,-0.0671,1739334733886.5234
1681,832050432,0,-0.4606,2.6352,-4.23,-3.7818,-0.623,-0.0806,1739334733896.525
1682,999822592,0,-0.4606,2.6352,-4.23,-3.7725,-0.623,-0.0738,1739334733906.5264
1683,1167594752,0,-0.4606,2.6121,-4.23,-3.7539,-0.614,-0.0806,1739334733916.5278
1684,1335366912,0,-0.4146,2.5889,-4.23,-3.726,-0.5959,-0.1007,1739334733926.5295
1685,1503139072,0,-0.4376,2.5658,-4.23,-3.6981,-0.5779,-0.094,1739334733936.531
1686,1670911232,0,-0.4146,2.5196,-4.0978,-3.6517,-0.5779,-0.1141,1739334733946.5325
1687,1838683392,0,-0.4376,2.4965,-4.0978,-3.6145,-0.5959,-0.1141,1739334733956.534
1688,2006455552,0,-0.3915,2.5196,-4.23,-3.6238,-0.5959,-0.141,1739334733966.5354
1689,2174227712,0,-0.3915,2.5427,-4.0978,-3.6517,-0.5779,-0.1477,1739334733976.5369
1690,2341999872,0,-0.4146,2.5658,-4.0978,-3.6703,-0.5779,-0.1477,1739334733986.5383
1691,2509772032,0,-0.4146,2.5427,-3.9656,-3.6424,-0.623,-0.1544,1739334733996.54
1692,2677544192,0,-0.5297,2.5196,-4.0978,-3.6331,-0.6862,-0.1679,1739334734006.5415
1693,2845316352,0,-0.5758,2.4965,-4.0978,-3.6424,-0.7404,-0.1679,1739334734016.543
1694,3013088512,0,-0.5758,2.5196,-4.0978,-3.6517,-0.7675,-0.1679,1739334734026.5444
1695,3180860672,0,-0.6449,2.4965,-4.23,-3.6517,-0.7675,-0.1612,1739334734036.546
1696,3348632832,0,-0.6219,2.4734,-4.23,-3.6424,-0.7856,-0.1544,1739334734046.5474
1697,3516404992,0,-0.6449,2.4503,-4.23,-3.6145,-0.7856,-0.1612,1739334734056.5488
1698,3684177152,0,-0.6679,2.4503,-4.23,-3.6238,-0.7765,-0.1477,1739334734066.5505
1699,3851949312,0,-0.5988,2.4503,-4.0978,-3.6145,-0.7675,-0.141,1739334734076.552
1700,4019721472,0,-0.5528,2.4503,-4.23,-3.5959,-0.7314,-0.1477,1739334734086.5535
1701,4187493632,0,-0.5297,2.4271,-4.0978,-3.6052,-0.6862,-0.141,1739334734096.555
1702,60364032,0,-0.4606,2.4503,-4.23,-3.6052,-0.6501,-0.1343,1739334734106.5564
1703,228136192,0,-0.4376,2.4503,-4.23,-3.5774,-0.614,-0.1477,1739334734116.5579
1704,395908352,0,-0.4146,2.4271,-4.23,-3.5495,-0.605,-0.1477,1739334734126.5593
1705,563680512,0,-0.4146,2.404,-4.23,-3.5402,-0.5959,-0.1544,1739334734136.561
1706,731452672,0,-0.4146,2.3809,-4.0978,-3.503,-0.5959,-0.1544,1739334734146.5625
1707,899224832,0,-0.4146,2.3347,-4.0978,-3.4937,-0.605,-0.1544,1739334734156.564
1708,1066996992,0,-0.4837,2.3347,-4.0978,-3.4937,-0.6321,-0.1544,1739334734166.5654
1709,1234769152,0,-0.4376,2.3578,-4.23,-3.5216,-0.623,-0.1477,1739334734176.567
1710,1402541312,0,-0.4376,2.3809,-4.0978,-3.5216,-0.614,-0.1477,1739334734186.5684
1711,1570313472,0,-0.4146,2.3578,-4.23,-3.5216,-0.5869,-0.1544,1739334734196.5698
1712,1738085632,0,-0.3915,2.3578,-4.23,-3.503,-0.5689,-0.1477,1739334734206.5715
1713,1905857792,0,-0.3685,2.3347,-4.0978,-3.4844,-0.5418,-0.1477,1739334734216.573
1714,2073629952,0,-0.3455,2.3347,-4.0978,-3.4658,-0.5327,-0.1544,1739334734226.5745
1715,2241402112,0,-0.3685,2.3116,-4.0978,-3.4751,-0.5508,-0.1477,1739334734236.576
1716,2409174272,0,-0.3685,2.3116,-4.23,-3.4751,-0.5598,-0.1544,1739334734246.5774
1717,2576946432,0,-0.4146,2.3347,-4.0978,-3.4844,-0.5959,-0.1612,1739334734256.5789
1718,2744718592,0,-0.4606,2.3347,-4.23,-3.4937,-0.614,-0.1477,1739334734266.5803
1719,2912490752,0,-0.4606,2.3116,-4.0978,-3.4751,-0.614,-0.141,1739334734276.582
1720,3080262912,0,-0.4376,2.3347,-3.9656,-3.4658,-0.5959,-0.1477,1739334734286.5835
1721,3248035072,0,-0.4376,2.3116,-3.9656,-3.4566,-0.5869,-0.1544,1739334734296.585
1722,3415807232,0,-0.4146,2.2653,-4.0978,-3.4287,-0.5779,-0.1612,1739334734306.5864
1723,3583579392,0,-0.3915,2.2884,-3.9656,-3.4287,-0.5779,-0.1612,1739334734316.588
1724,3751351552,0,-0.4376,2.2884,-4.0978,-3.438,-0.5869,-0.1612,1739334734326.5894
1725,3919123712,0,-0.4376,2.2653,-4.0978,-3.4473,-0.605,-0.1612,1739334734336.5908
1726,4086895872,0,-0.4606,2.2884,-4.0978,-3.4473,-0.623,-0.1612,1739334734346.5925
1727,4254668032,0,-0.4837,2.2884,-4.0978,-3.4566,-0.6321,-0.1612,1739334734356.594
1728,127538432,0,-0.5067,2.2422,-4.0978,-3.438,-0.6592,-0.1544,1739334734366.5955
1729,295310592,0,-0.5067,2.2422,-4.0978,-3.438,-0.6411,-0.1612,1739334734376.597
1730,463082752,0,-0.4376,2.3116,-3.9656,-3.4658,-0.5959,-0.1679,1739334734386.5984
1731,630854912,0,-0.4376,2.2884,-4.0978,-3.4751,-0.5869,-0.1544,1739334734396.5999
1732,798627072,0,-0.4606,2.2422,-4.0978,-3.438,-0.5959,-0.1612,1739334734406.6013
1733,966399232,0,-0.4606,2.2191,-4.0978,-3.3915,-0.623,-0.1679,1739334734416.603
1734,1134171392,0,-0.4837,2.196,-4.0978,-3.3543,-0.614,-0.1679,1739334734426.6045
1735,1301943552,0,-0.4146,2.1266,-4.0978,-3.3079,-0.5689,-0.1679,1739334734436.606
1736,1469715712,0,-0.3685,2.0804,-4.0978,-3.2335,-0.5327,-0.1813,1739334734446.6074
1737,1637487872,0,-0.2994,2.0342,-3.9656,-3.1685,-0.4876,-0.1813,1739334734456.609
1738,1805260032,0,-0.2533,1.9186,-4.0978,-3.0942,-0.4515,-0.2015,1739334734466.6104
1739,1973032192,0,-0.2303,1.8261,-3.9656,-2.9827,-0.4424,-0.2216,1739334734476.6118
1740,2140804352,0,-0.1382,1.803,-3.9656,-2.9362,-0.3882,-0.2418,1739334734486.6135
1741,2308576512,0,-0.0921,1.7799,-3.8334,-2.899,-0.307,-0.2619,1739334734496.615
1742,2476348672,0,0.023,1.6643,-3.8334,-2.8154,-0.2438,-0.2821,1739334734506.6165
1743,2644120832,0,0.0921,1.595,-3.8334,-2.7039,-0.1896,-0.3156,1739334734516.618
1744,2811892992,0,0.1382,1.595,-3.8334,-2.6389,-0.1625,-0.3358,1739334734526.6194
1745,2979665152,0,0.1382,1.5025,-3.7012,-2.5181,-0.1625,-0.3627,1739334734536.6208
1746,3147437312,0,0.0691,1.4563,-3.8334,-2.453,-0.2257,-0.3963,1739334734546.6226
1747,3315209472,0,0.0,1.4331,-3.8334,-2.4159,-0.2618,-0.4433,1739334734556.624
1748,3482981632,0,0.0,1.41,-3.8334,-2.3973,-0.307,-0.4701,1739334734566.6255
1749,3650753792,0,-0.046,1.41,-3.9656,-2.3973,-0.307,-0.4903,1739334734576.627
1750,3818525952,0,-0.046,1.3869,-3.9656,-2.3508,-0.307,-0.5104,1739334734586.6284
1751,3986298112,0,-0.023,1.4563,-3.9656,-2.4159,-0.2799,-0.5239,1739334734596.63
1752,4154070272,0,-0.023,1.4794,-3.8334,-2.4344,-0.2979,-0.5373,1739334734606.6313
1753,26940672,0,-0.0691,1.5025,-3.8334,-2.4716,-0.316,-0.5575,1739334734616.633
1754,194712832,0,-0.1151,1.5487,-3.9656,-2.4716,-0.3973,-0.5843,1739334734626.6345
1755,362484992,0,-0.1612,1.5487,-3.9656,-2.4902,-0.4153,-0.6045,1739334734636.636
1756,530257152,0,-0.1842,1.5718,-4.0978,-2.4809,-0.4515,-0.6246,1739334734646.6375
1757,698029312,0,-0.1842,1.595,-3.9656,-2.5274,-0.4515,-0.6515,1739334734656.639
1758,865801472,0,-0.3224,1.5718,-4.0978,-2.5088,-0.5056,-0.6448,1739334734666.6404
1759,1033573632,0,-0.3915,1.6643,-4.0978,-2.5552,-0.5959,-0.6649,1739334734676.6418
1760,1201345792,0,-0.4146,1.6874,-4.0978,-2.6017,-0.6592,-0.6649,1739334734686.6436
1761,1369117952,0,-0.4837,1.6412,-4.23,-2.5552,-0.7224,-0.6716,1739334734696.645
1762,1536890112,0,-0.5067,1.6643,-4.3621,-2.5645,-0.7675,-0.6985,1739334734706.6465
1763,1704662272,0,-0.5528,1.7337,-4.3621,-2.6203,-0.8036,-0.6985,1739334734716.648
1764,1872434432,0,-0.5758,1.7337,-4.23,-2.6203,-0.8036,-0.6851,1739334734726.6494
1765,2040206592,0,-0.6219,1.6643,-4.23,-2.5738,-0.8217,-0.6851,1739334734736.651
1766,2207978752,0,-0.6219,1.6412,-4.3621,-2.5459,-0.8217,-0.6918,1739334734746.6523
1767,2375750912,0,-0.5758,1.6412,-4.23,-2.5274,-0.7946,-0.6918,1739334734756.654
1768,2543523072,0,-0.5758,1.595,-4.0978,-2.5181,-0.7856,-0.6851,1739334734766.6555
1769,2711295232,0,-0.4837,1.5487,-4.0978,-2.4623,-0.7133,-0.6784,1739334734776.657
1770,2879067392,0,-0.4376,1.5025,-4.23,-2.388,-0.6682,-0.6851,1739334734786.6584
1771,3046839552,0,-0.3685,1.3638,-4.23,-2.3044,-0.6321,-0.6985,1739334734796.66
1772,3214611712,0,-0.3915,1.3176,-4.23,-2.2579,-0.623,-0.6985,1739334734806.6614
1773,3382383872,0,-0.3685,1.3407,-4.3621,-2.2579,-0.605,-0.6918,1739334734816.6628
1774,3550156032,0,-0.3685,1.3176,-4.23,-2.2672,-0.5689,-0.6784,1739334734826.6646
1775,3717928192,0,-0.3455,1.2944,-4.23,-2.2486,-0.5508,-0.6649,1739334734836.666
1776,3885700352,0,-0.2994,1.2482,-4.23,-2.2021,-0.5327,-0.6649,1739334734846.6675
1777,4053472512,0,-0.2764,1.2482,-4.23,-2.2021,-0.5056,-0.6515,1739334734856.669
1778,4221244672,0,-0.1612,1.2251,-4.23,-2.1929,-0.4244,-0.6649,1739334734866.6704
1779,94115072,0,-0.0921,1.202,-4.23,-2.1557,-0.3521,-0.6515,1739334734876.6719
1780,261887232,0,-0.0691,1.1095,-4.0978,-2.0813,-0.3431,-0.6515,1739334734886.6733
1781,429659392,0,-0.0691,1.0633,-4.0978,-2.0163,-0.3521,-0.6649,1739334734896.675
1782,597431552,0,-0.1612,1.0402,-4.0978,-1.9606,-0.3973,-0.6649,1739334734906.6765
1783,765203712,0,-0.2073,1.0171,-4.0978,-1.942,-0.4605,-0.6716,1739334734916.678
1784,932975872,0,-0.2994,0.9708,-4.23,-1.8862,-0.5237,-0.6649,1739334734926.6794
1785,1100748032,0,-0.3455,0.9246,-4.23,-1.8769,-0.5689,-0.6784,1739334734936.681
1786,1268520192,0,-0.3685,0.8784,-4.23,-1.8583,-0.5869,-0.6716,1739334734946.6824
1787,1436292352,0,-0.3915,0.9015,-4.0978,-1.849,-0.623,-0.6784,1739334734956.6838
1788,1604064512,0,-0.5067,0.9015,-4.23,-1.849,-0.6953,-0.6649,1739334734966.6855
1789,1771836672,0,-0.5297,0.9015,-4.23,-1.8676,-0.7675,-0.6716,1739334734976.687
1790,1939608832,0,-0.6219,0.8784,-4.23,-1.849,-0.8307,-0.6649,1739334734986.6885
1791,2107380992,0,-0.691,0.8552,-4.23,-1.8026,-0.8939,-0.6649,1739334734996.69
1792,2275153152,0,-0.737,0.8321,-4.23,-1.7747,-0.9391,-0.6582,1739334735006.6914
1793,2442925312,0,-0.7601,0.8321,-4.23,-1.784,-0.9842,-0.6582,1739334735016.6929
1794,2610697472,0,-0.8752,0.8552,-4.23,-1.7933,-1.0294,-0.6582,1739334735026.6943
1795,2778469632,0,-0.9443,0.8321,-4.3621,-1.7933,-1.1107,-0.6515,1739334735036.696
1796,2946241792,0,-1.0365,0.8552,-4.3621,-1.784,-1.1919,-0.6515,1739334735046.6975
1797,3114013952,0,-1.0825,0.8552,-4.4943,-1.8212,-1.2371,-0.6649,1739334735056.699
1798,3281786112,0,-1.1286,0.8321,-4.4943,-1.8119,-1.2551,-0.6515,1739334735066.7004
1799,3449558272,0,-1.0825,0.8321,-4.4943,-1.8212,-1.2371,-0.6649,1739334735076.702
1800,3617330432,0,-1.0825,0.8552,-4.4943,-1.8212,-1.2461,-0.6716,1739334735086.7034
1801,3785102592,0,-1.1056,0.9015,-4.4943,-1.8583,-1.2642,-0.6716,1739334735096.7048
1802,3952874752,0,-1.1516,0.9477,-4.4943,-1.8862,-1.3364,-0.6649,1739334735106.7065
1803,4120646912,0,-1.2898,0.9708,-4.4943,-1.9327,-1.4267,-0.6582,1739334735116.708
1804,4288419072,0,-1.3359,0.9939,-4.4943,-1.9606,-1.4809,-0.6582,1739334735126.7095
1805,161289472,0,-1.3359,1.0171,-4.4943,-1.9884,-1.499,-0.6448,1739334735136.711
1806,329061632,0,-1.3129,0.9939,-4.4943,-1.9698,-1.4899,-0.6515,1739334735146.7124
1807,496833792,0,-1.2898,0.9477,-4.4943,-1.9327,-1.4899,-0.6448,1739334735156.7139
1808,664605952,0,-1.3129,0.9246,-4.6265,-1.9141,-1.4899,-0.6515,1739334735166.7153
1809,832378112,0,-1.3129,0.8784,-4.4943,-1.8769,-1.4899,-0.6582,1739334735176.717
1810,1000150272,0,-1.3359,0.8784,-4.6265,-1.8676,-1.517,-0.6515,1739334735186.7185
1811,1167922432,0,-1.3359,0.8784,-4.4943,-1.8676,-1.508,-0.6649,1739334735196.72
1812,1335694592,0,-1.3359,0.9015,-4.4943,-1.8862,-1.499,-0.6515,1739334735206.7214
1813,1503466752,0,-1.3359,0.9477,-4.4943,-1.9234,-1.4899,-0.6448,1739334735216.723
1814,1671238912,0,-1.3129,0.9477,-4.4943,-1.9606,-1.517,-0.6448,1739334735226.7244
1815,1839011072,0,-1.3589,0.9708,-4.6265,-1.9606,-1.5531,-0.6448,1739334735236.726
1816,2006783232,0,-1.3589,0.9477,-4.6265,-1.9884,-1.5622,-0.6448,1739334735246.7275
1817,2174555392,0,-1.3589,0.9939,-4.4943,-1.9884,-1.5622,-0.6381,1739334735256.729
1818,2342327552,0,-1.382,0.9477,-4.4943,-1.9698,-1.5531,-0.6381,1739334735266.7305
1819,2510099712,0,-1.3359,0.9015,-4.4943,-1.942,-1.5351,-0.6313,1739334735276.732
1820,2677871872,0,-1.3359,0.9015,-4.4943,-1.9327,-1.5351,-0.6381,1739334735286.7334
1821,2845644032,0,-1.3359,0.9246,-4.4943,-1.9234,-1.517,-0.6246,1739334735296.7349
1822,3013416192,0,-1.3129,0.9246,-4.3621,-1.942,-1.499,-0.6313,1739334735306.7366
1823,3181188352,0,-1.2668,0.9015,-4.3621,-1.9606,-1.4719,-0.6246,1739334735316.738
1824,3348960512,0,-1.2438,0.9015,-4.4943,-1.9327,-1.4448,-0.6381,1739334735326.7395
1825,3516732672,0,-1.2438,0.8784,-4.3621,-1.9048,-1.4357,-0.6448,1739334735336.741
1826,3684504832,0,-1.2668,0.8784,-4.4943,-1.8862,-1.4719,-0.6448,1739334735346.7424
1827,3852276992,0,-1.3359,0.8784,-4.4943,-1.8676,-1.517,-0.6582,1739334735356.744
1828,4020049152,0,-1.405,0.8552,-4.4943,-1.8676,-1.6073,-0.6649,1739334735366.7454
1829,4187821312,0,-1.4741,0.8784,-4.4943,-1.8862,-1.6344,-0.6649,1739334735376.747
1830,60691712,0,-1.4741,0.9015,-4.4943,-1.9048,-1.6434,-0.6515,1739334735386.7485
1831,228463872,0,-1.4511,0.9246,-4.4943,-1.9141,-1.6344,-0.6381,1739334735396.75
1832,396236032,0,-1.4511,0.9246,-4.4943,-1.942,-1.6254,-0.6381,1739334735406.7515
1833,564008192,0,-1.428,0.9477,-4.3621,-1.9884,-1.6163,-0.6313,1739334735416.753
1834,731780352,0,-1.428,0.9939,-4.4943,-2.0256,-1.6163,-0.6313,1739334735426.7544
1835,899552512,0,-1.428,1.0171,-4.4943,-2.0721,-1.6073,-0.6246,1739334735436.7559
1836,1067324672,0,-1.428,0.9708,-4.4943,-2.007,-1.6073,-0.6246,1739334735446.7576
1837,1235096832,0,-1.382,0.9246,-4.4943,-1.9606,-1.5712,-0.6246,1739334735456.759
1838,1402868992,0,-1.3129,0.9477,-4.3621,-1.9698,-1.526,-0.6381,1739334735466.7605
1839,1570641152,0,-1.3129,0.9708,-4.4943,-2.0163,-1.508,-0.6246,1739334735476.762
1840,1738413312,0,-1.405,1.0402,-4.4943,-2.0721,-1.5622,-0.6112,1739334735486.7634
1841,1906185472,0,-1.4511,1.0864,-4.4943,-2.1278,-1.6254,-0.6045,1739334735496.765
1842,2073957632,0,-1.4741,1.1095,-4.6265,-2.1929,-1.6615,-0.5776,1739334735506.7664
1843,2241729792,0,-1.4971,1.202,-4.6265,-2.2672,-1.6615,-0.5642,1739334735516.768
1844,2409501952,0,-1.4511,1.2482,-4.7587,-2.3229,-1.6254,-0.5575,1739334735526.7695
1845,2577274112,0,-1.382,1.3638,-4.6265,-2.4159,-1.5802,-0.5239,1739334735536.771
1846,2745046272,0,-1.405,1.41,-4.4943,-2.4809,-1.5622,-0.5037,1739334735546.7725
1847,2912818432,0,-1.428,1.3869,-4.4943,-2.5274,-1.5893,-0.4769,1739334735556.774
1848,3080590592,0,-1.5432,1.3638,-4.6265,-2.5088,-1.6525,-0.4567,1739334735566.7754
1849,3248362752,0,-1.5893,1.4331,-4.6265,-2.5552,-1.7067,-0.4298,1739334735576.7769
1850,3416134912,0,-1.5662,1.5487,-4.6265,-2.6946,-1.6886,-0.403,1739334735586.7786
1851,3583907072,0,-1.5893,1.5718,-4.6265,-2.769,-1.6886,-0.3627,1739334735596.78
1852,3751679232,0,-1.6123,1.6412,-4.6265,-2.8433,-1.7067,-0.3224,1739334735606.7815
1853,3919451392,0,-1.5893,1.6643,-4.7587,-2.8712,-1.6796,-0.2955,1739334735616.783
1854,4087223552,0,-1.5202,1.6643,-4.7587,-2.899,-1.6163,-0.2619,1739334735626.7844
1855,4254995712,0,-1.428,1.6412,-4.4943,-2.899,-1.5531,-0.2485,1739334735636.786
1856,127866112,0,-1.3359,1.595,-4.4943,-2.8712,-1.4628,-0.2216,1739334735646.7874
1857,295638272,0,-1.2438,1.595,-4.6265,-2.8897,-1.3906,-0.188,1739334735656.789
1858,463410432,0,-1.1516,1.5487,-4.4943,-2.8619,-1.2913,-0.1679,1739334735666.7905
1859,631182592,0,-1.0825,1.5256,-4.3621,-2.8526,-1.219,-0.141,1739334735676.792
1860,798954752,0,-1.0595,1.5256,-4.23,-2.8433,-1.1739,-0.1007,1739334735686.7935
1861,966726912,0,-0.9674,1.595,-4.4943,-2.9083,-1.1107,-0.0671,1739334735696.795
1862,1134499072,0,-0.8983,1.5487,-4.4943,-2.9176,-1.0204,-0.0403,1739334735706.7964
1863,1302271232,0,-0.8292,1.5487,-4.4943,-2.9548,-0.9391,-0.0134,1739334735716.7979
1864,1470043392,0,-0.7601,1.4794,-4.4943,-2.9269,-0.8759,0.0067,1739334735726.7996
1865,1637815552,0,-0.6449,1.4794,-4.6265,-2.899,-0.7675,0.0134,1739334735736.801
1866,1805587712,0,-0.5067,1.5256,-4.4943,-2.9455,-0.6682,0.0268,1739334735746.8025
1867,1973359872,0,-0.4376,1.5718,-4.3621,-2.9734,-0.5869,0.0537,1739334735756.804
1868,2141132032,0,-0.4376,1.5256,-4.3621,-2.9734,-0.5508,0.0671,1739334735766.8054
1869,2308904192,0,-0.4376,1.5718,-4.4943,-2.992,-0.5869,0.0671,1739334735776.807
1870,2476676352,0,-0.4606,1.6412,-4.4943,-3.057,-0.605,0.0604,1739334735786.8083
1871,2644448512,0,-0.4146,1.6643,-4.4943,-3.0849,-0.5689,0.0671,1739334735796.81
1872,2812220672,0,-0.3455,1.6643,-4.4943,-3.0849,-0.5147,0.0604,1739334735806.8115
1873,2979992832,0,-0.2533,1.6874,-4.23,-3.0942,-0.4424,0.0604,1739334735816.813
1874,3147764992,0,-0.1842,1.6643,-4.3621,-3.0942,-0.3973,0.0738,1739334735826.8145
1875,3315537152,0,-0.1842,1.6412,-4.3621,-3.0663,-0.3792,0.0604,1739334735836.816
1876,3483309312,0,-0.2073,1.6412,-4.3621,-3.0663,-0.3882,0.0537,1739334735846.8174
1877,3651081472,0,-0.2073,1.6643,-4.23,-3.0849,-0.4153,0.047,1739334735856.819
1878,3818853632,0,-0.2533,1.6181,-4.3621,-3.0663,-0.4153,0.047,1739334735866.8206
1879,3986625792,0,-0.2764,1.595,-4.3621,-3.057,-0.4424,0.0403,1739334735876.822
1880,4154397952,0,-0.2764,1.6412,-4.3621,-3.0756,-0.4785,0.0335,1739334735886.8235
1881,27268352,0,-0.3224,1.7337,-4.3621,-3.1499,-0.4876,0.0403,1739334735896.825
1882,195040512,0,-0.3455,1.7568,-4.4943,-3.1871,-0.5056,0.0403,1739334735906.8264
1883,362812672,0,-0.3685,1.7568,-4.4943,-3.215,-0.5237,0.0403,1739334735916.828
1884,530584832,0,-0.3685,1.7337,-4.6265,-3.1964,-0.5237,0.0403,1739334735926.8296
1885,698356992,0,-0.3455,1.7105,-4.6265,-3.1499,-0.5147,0.0268,1739334735936.831
1886,866129152,0,-0.2764,1.6412,-4.3621,-3.0849,-0.4785,0.0201,1739334735946.8325
1887,1033901312,0,-0.2764,1.6181,-4.3621,-3.0291,-0.4424,0.0067,1739334735956.834
1888,1201673472,0,-0.2533,1.5487,-4.23,-2.9827,-0.4424,-0.0067,1739334735966.8354
1889,1369445632,0,-0.2303,1.5487,-4.3621,-2.992,-0.4244,0.0,1739334735976.837
1890,1537217792,0,-0.2533,1.5718,-4.3621,-3.0291,-0.4334,0.0,1739334735986.8384
1891,1704989952,0,-0.2533,1.595,-4.4943,-3.0477,-0.4334,0.0067,1739334735996.84
1892,1872762112,0,-0.2303,1.595,-4.4943,-3.0663,-0.4153,0.0,1739334736006.8416
1893,2040534272,0,-0.1842,1.5718,-4.4943,-3.0477,-0.3792,0.0,1739334736016.843
1894,2208306432,0,-0.1612,1.5025,-4.3621,-3.0013,-0.3431,-0.0134,1739334736026.8445
1895,2376078592,0,-0.0921,1.41,-4.3621,-2.9083,-0.307,-0.0268,1739334736036.846
1896,2543850752,0,-0.046,1.3638,-4.3621,-2.8247,-0.2709,-0.047,1739334736046.8474
1897,2711622912,0,0.0691,1.2713,-4.23,-2.7225,-0.1896,-0.0806,1739334736056.8489
1898,2879395072,0,0.0921,1.1789,-4.23,-2.6017,-0.1535,-0.094,1739334736066.8506
1899,3047167232,0,0.2073,1.1326,-4.23,-2.5181,-0.0993,-0.1141,1739334736076.852
1900,3214939392,0,0.2303,1.0402,-4.23,-2.4251,-0.0632,-0.1343,1739334736086.8535
1901,3382711552,0,0.3455,1.0402,-4.0978,-2.3973,0.0,-0.1679,1739334736096.855
1902,3550483712,0,0.4376,1.0633,-4.23,-2.3973,0.0903,-0.1947,1739334736106.8564
1903,3718255872,0,0.4606,1.0402,-4.0978,-2.3415,0.1264,-0.2149,1739334736116.858
1904,3886028032,0,0.4606,0.9477,-4.0978,-2.2672,0.0993,-0.2485,1739334736126.8594
1905,4053800192,0,0.4606,0.9708,-4.0978,-2.2672,0.0722,-0.2821,1739334736136.861
1906,4221572352,0,0.4146,0.9477,-4.23,-2.2114,0.0451,-0.3089,1739334736146.8625
1907,94442752,0,0.4146,0.9939,-4.23,-2.2393,0.018,-0.3425,1739334736156.864
1908,262214912,0,0.3224,0.9708,-4.3621,-2.2021,-0.027,-0.3627,1739334736166.8655
1909,429987072,0,0.2994,1.0402,-4.0978,-2.23,-0.0541,-0.3895,1739334736176.867
1910,597759232,0,0.2303,1.0171,-4.23,-2.2393,-0.0812,-0.403,1739334736186.8684
1911,765531392,0,0.1612,1.1095,-4.23,-2.2672,-0.1715,-0.4298,1739334736196.8699
1912,933303552,0,0.1382,1.1789,-4.0978,-2.3415,-0.2076,-0.4567,1739334736206.8716
1913,1101075712,0,0.1612,1.202,-4.23,-2.3973,-0.2167,-0.4701,1739334736216.873
1914,1268847872,0,0.1612,1.2944,-4.23,-2.4437,-0.1986,-0.4836,1739334736226.8745
1915,1436620032,0,0.1612,1.2482,-4.23,-2.4159,-0.1986,-0.5037,1739334736236.876
1916,1604392192,0,0.1151,1.2482,-4.23,-2.3973,-0.2076,-0.5239,1739334736246.8774
1917,1772164352,0,0.0921,1.3407,-4.23,-2.4809,-0.2438,-0.544,1739334736256.879
1918,1939936512,0,-0.023,1.3638,-4.23,-2.4902,-0.307,-0.544,1739334736266.8804
1919,2107708672,0,-0.1382,1.3407,-4.23,-2.4716,-0.4244,-0.5507,1739334736276.882
1920,2275480832,0,-0.2764,1.3407,-4.4943,-2.4623,-0.5418,-0.5776,1739334736286.8835
1921,2443252992,0,-0.3224,1.4331,-4.4943,-2.5181,-0.5959,-0.5776,1739334736296.885
1922,2611025152,0,-0.3224,1.41,-4.4943,-2.5367,-0.614,-0.5776,1739334736306.8865
1923,2778797312,0,-0.3685,1.3869,-4.4943,-2.5274,-0.6321,-0.5843,1739334736316.888
1924,2946569472,0,-0.4376,1.3869,-4.3621,-2.4902,-0.6682,-0.5843,1739334736326.8894
1925,3114341632,0,-0.4606,1.41,-4.4943,-2.5088,-0.7043,-0.5709,1739334736336.8909
1926,3282113792,0,-0.5297,1.41,-4.4943,-2.5181,-0.7314,-0.5843,1739334736346.8926
1927,3449885952,0,-0.5758,1.41,-4.6265,-2.5367,-0.7765,-0.591,1739334736356.894
1928,3617658112,0,-0.5988,1.4331,-4.7587,-2.5552,-0.8127,-0.5776,1739334736366.8955
1929,3785430272,0,-0.6219,1.4794,-4.7587,-2.5831,-0.8036,-0.5776,1739334736376.897
1930,3953202432,0,-0.6219,1.4563,-4.6265,-2.5645,-0.8217,-0.5709,1739334736386.8984
1931,4120974592,0,-0.6679,1.4563,-4.7587,-2.5552,-0.8578,-0.5642,1739334736396.9
1932,4288746752,0,-0.6449,1.4794,-4.7587,-2.5831,-0.8307,-0.5642,1739334736406.9014
1933,161617152,0,-0.6449,1.5487,-4.7587,-2.6296,-0.8127,-0.5507,1739334736416.903
1934,329389312,0,-0.5988,1.5256,-4.7587,-2.6296,-0.8036,-0.5507,1739334736426.9045
1935,497161472,0,-0.6219,1.5025,-4.7587,-2.5738,-0.8036,-0.5507,1739334736436.906
1936,664933632,0,-0.6449,1.5025,-4.7587,-2.5645,-0.8036,-0.5642,1739334736446.9075
1937,832705792,0,-0.6219,1.5256,-4.7587,-2.5831,-0.7946,-0.5575,1739334736456.909
1938,1000477952,0,-0.6679,1.5256,-4.7587,-2.5738,-0.7946,-0.5575,1739334736466.9104
1939,1168250112,0,-0.6679,1.5487,-4.8909,-2.6203,-0.8217,-0.5373,1739334736476.9119
1940,1336022272,0,-0.714,1.6181,-4.8909,-2.6667,-0.8307,-0.5373,1739334736486.9136
1941,1503794432,0,-0.691,1.6181,-4.8909,-2.676,-0.8398,-0.5239,1739334736496.915
1942,1671566592,0,-0.714,1.595,-4.8909,-2.676,-0.8578,-0.5239,1739334736506.9165
1943,1839338752,0,-0.691,1.6412,-5.0231,-2.7039,-0.8307,-0.5239,1739334736516.918
1944,2007110912,0,-0.691,1.7105,-4.8909,-2.7597,-0.8217,-0.5172,1739334736526.9194
1945,2174883072,0,-0.691,1.7105,-4.8909,-2.7968,-0.8307,-0.5037,1739334736536.921
1946,2342655232,0,-0.737,1.7568,-5.0231,-2.834,-0.8759,-0.497,1739334736546.9226
1947,2510427392,0,-0.8061,1.8261,-5.0231,-2.8805,-0.9662,-0.497,1739334736556.924
1948,2678199552,0,-0.9213,1.8955,-5.1553,-2.9827,-1.0474,-0.4903,1739334736566.9255
1949,2845971712,0,-1.0134,2.011,-5.1553,-3.0756,-1.1468,-0.4701,1739334736576.927
1950,3013743872,0,-1.1286,2.1035,-5.2875,-3.1871,-1.219,-0.45,1739334736586.9285
1951,3181516032,0,-1.1977,2.2191,-5.1553,-3.3079,-1.2732,-0.4231,1739334736596.93
1952,3349288192,0,-1.2898,2.2653,-5.2875,-3.3729,-1.3545,-0.3963,1739334736606.9314
1953,3517060352,0,-1.428,2.2884,-5.1553,-3.4101,-1.4899,-0.3694,1739334736616.933
1954,3684832512,0,-1.5662,2.3809,-5.2875,-3.503,-1.6254,-0.3492,1739334736626.9346
1955,3852604672,0,-1.6814,2.5196,-5.2875,-3.6424,-1.7157,-0.3156,1739334736636.936
1956,4020376832,0,-1.7275,2.5427,-5.2875,-3.6981,-1.7699,-0.2821,1739334736646.9375
1957,4188148992,0,-1.7735,2.6121,-5.4196,-3.7911,-1.806,-0.2485,1739334736656.939
1958,61019392,0,-1.7735,2.6121,-5.2875,-3.8282,-1.8421,-0.2216,1739334736666.9404
1959,228791552,0,-1.8657,2.7045,-5.2875,-3.9397,-1.8782,-0.1813,1739334736676.942
1960,396563712,0,-1.9578,2.7508,-5.2875,-3.9583,-1.9414,-0.1343,1739334736686.9436
1961,564335872,0,-2.0269,2.797,-5.2875,-4.0419,-1.9956,-0.1007,1739334736696.945
1962,732108032,0,-2.0039,2.8663,-5.2875,-4.1163,-2.0137,-0.0537,1739334736706.9465
1963,899880192,0,-1.9808,2.8432,-5.4196,-4.1627,-1.9866,-0.0067,1739334736716.948
1964,1067652352,0,-2.0269,2.8663,-5.2875,-4.1906,-1.9776,0.0335,1739334736726.9495
1965,1235424512,0,-2.0269,2.8663,-5.2875,-4.2092,-1.9505,0.0738,1739334736736.951
1966,1403196672,0,-1.9808,2.8432,-5.1553,-4.1999,-1.9053,0.1209,1739334736746.9524
1967,1570968832,0,-1.8657,2.8432,-5.1553,-4.2092,-1.797,0.1612,1739334736756.954
1968,1738740992,0,-1.8196,2.8201,-5.1553,-4.2185,-1.7067,0.2149,1739334736766.9556
1969,1906513152,0,-1.7275,2.7739,-5.0231,-4.2092,-1.6254,0.2619,1739334736776.957
1970,2074285312,0,-1.6584,2.7045,-5.1553,-4.1906,-1.5351,0.2955,1739334736786.9585
1971,2242057472,0,-1.5893,2.7276,-5.1553,-4.1906,-1.4719,0.3291,1739334736796.96
1972,2409829632,0,-1.5432,2.6814,-5.2875,-4.1813,-1.4087,0.3559,1739334736806.9614
1973,2577601792,0,-1.4741,2.6583,-5.1553,-4.1535,-1.3364,0.3828,1739334736816.963
1974,2745373952,0,-1.3589,2.6583,-5.1553,-4.172,-1.2371,0.403,1739334736826.9646
1975,2913146112,0,-1.2438,2.6814,-5.0231,-4.1999,-1.1378,0.4366,1739334736836.966
1976,3080918272,0,-1.1747,2.6121,-5.0231,-4.1442,-1.0655,0.45,1739334736846.9675
1977,3248690432,0,-1.0825,2.5889,-4.8909,-4.1349,-1.0204,0.4567,1739334736856.969
1978,3416462592,0,-0.9674,2.4965,-5.0231,-4.0605,-0.9391,0.4634,1739334736866.9705
1979,3584234752,0,-0.8522,2.4965,-5.0231,-4.0791,-0.8217,0.4836,1739334736876.972
1980,3752006912,0,-0.714,2.4271,-5.0231,-4.0605,-0.7224,0.5037,1739334736886.9734
1981,3919779072,0,-0.691,2.4503,-4.8909,-4.0512,-0.6682,0.5172,1739334736896.975
1982,4087551232,0,-0.691,2.4734,-4.7587,-4.0698,-0.6592,0.5104,1739334736906.9766
1983,4255323392,0,-0.6679,2.5196,-4.7587,-4.1163,-0.6411,0.5172,1739334736916.978
1984,128193792,0,-0.6449,2.4965,-4.7587,-4.0884,-0.623,0.5239,1739334736926.9795
1985,295965952,0,-0.691,2.4503,-4.7587,-4.0605,-0.6592,0.5104,1739334736936.981
1986,463738112,0,-0.714,2.4734,-5.1553,-4.0605,-0.7043,0.497,1739334736946.9824
1987,631510272,0,-0.714,2.5196,-5.0231,-4.107,-0.7224,0.4903,1739334736956.984
1988,799282432,0,-0.7831,2.5196,-5.1553,-4.1256,-0.7765,0.4903,1739334736966.9856
1989,967054592,0,-0.8522,2.5427,-5.1553,-4.1349,-0.8307,0.4701,1739334736976.987
1990,1134826752,0,-0.9443,2.5427,-4.8909,-4.1535,-0.912,0.4634,1739334736986.9885
1991,1302598912,0,-0.9904,2.5427,-5.0231,-4.1256,-0.9933,0.45,1739334736996.99
1992,1470371072,0,-1.0365,2.4965,-5.0231,-4.107,-1.0565,0.45,1739334737006.9915
1993,1638143232,0,-1.0825,2.5427,-5.0231,-4.1256,-1.1016,0.4366,1739334737016.993
1994,1805915392,0,-1.0825,2.5427,-5.0231,-4.172,-1.1197,0.4366,1739334737026.9944
1995,1973687552,0,-1.1286,2.5427,-5.0231,-4.1535,-1.1648,0.4366,1739334737036.996
1996,2141459712,0,-1.1977,2.5196,-5.1553,-4.1256,-1.2281,0.4164,1739334737046.9976
1997,2309231872,0,-1.2668,2.5196,-5.0231,-4.1442,-1.2642,0.3895,1739334737056.999
1998,2477004032,0,-1.2438,2.6121,-5.0231,-4.1999,-1.2732,0.3895,1739334737067.0005
1999,2644776192,0,-1.2898,2.6121,-5.0231,-4.1999,-1.3003,0.3895,1739334737077.002
2000,2812548352,0,-1.3129,2.5196,-5.2875,-4.1349,-1.3454,0.3761,1739334737087.0034
2001,2980320512,0,-1.382,2.4965,-5.2875,-4.0791,-1.3725,0.3559,1739334737097.005
2002,3148092672,0,-1.3589,2.4734,-5.2875,-4.0791,-1.3635,0.3492,1739334737107.0066
2003,3315864832,0,-1.3129,2.5196,-5.2875,-4.1163,-1.3454,0.3492,1739334737117.008
2004,3483636992,0,-1.2668,2.5427,-5.1553,-4.172,-1.3003,0.3492,1739334737127.0095
2005,3651409152,0,-1.2438,2.5658,-5.1553,-4.2185,-1.2642,0.3425,1739334737137.011
2006,3819181312,0,-1.2207,2.5427,-5.1553,-4.1813,-1.219,0.3224,1739334737147.0125
2007,3986953472,0,-1.1747,2.4271,-5.2875,-4.0605,-1.1829,0.2888,1739334737157.014
2008,4154725632,0,-1.0365,2.3578,-5.2875,-3.9769,-1.0926,0.2552,1739334737167.0154
2009,27596032,0,-0.8522,2.3578,-5.1553,-3.9397,-0.9662,0.2082,1739334737177.017
2010,195368192,0,-0.691,2.3347,-5.1553,-3.8933,-0.8036,0.1746,1739334737187.0186
2011,363140352,0,-0.5758,2.1497,-5.1553,-3.7353,-0.7404,0.1343,1739334737197.02
2012,530912512,0,-0.5067,2.1035,-5.0231,-3.6331,-0.6953,0.094,1739334737207.0215
2013,698684672,0,-0.4146,1.9879,-5.1553,-3.5216,-0.6411,0.0537,1739334737217.023
2014,866456832,0,-0.3455,1.9879,-5.1553,-3.4751,-0.5689,0.0134,1739334737227.0244
2015,1034228992,0,-0.3224,1.9186,-5.0231,-3.3822,-0.5418,-0.0268,1739334737237.0261
2016,1202001152,0,-0.2994,1.8955,-5.0231,-3.3543,-0.5237,-0.0671,1739334737247.0276
2017,1369773312,0,-0.2303,1.803,-5.0231,-3.2243,-0.4966,-0.1074,1739334737257.029
2018,1537545472,0,-0.1382,1.7105,-5.0231,-3.122,-0.4244,-0.1612,1739334737267.0305
2019,1705317632,0,-0.0691,1.6412,-4.8909,-3.0105,-0.3612,-0.2149,1739334737277.032
2020,1873089792,0,-0.0691,1.5718,-4.8909,-2.8897,-0.3973,-0.2753,1739334737287.0334
2021,2040861952,0,-0.1382,1.5025,-4.8909,-2.7875,-0.4785,-0.3291,1739334737297.035
2022,2208634112,0,-0.1842,1.4794,-4.8909,-2.7225,-0.5237,-0.3627,1739334737307.0366
2023,2376406272,0,-0.2303,1.5025,-4.8909,-2.7039,-0.5508,-0.4097,1739334737317.038
2024,2544178432,0,-0.2994,1.5025,-5.0231,-2.7132,-0.5869,-0.4433,1739334737327.0396
2025,2711950592,0,-0.3455,1.5718,-5.0231,-2.7504,-0.614,-0.4769,1739334737337.041
2026,2879722752,0,-0.3455,1.595,-5.0231,-2.769,-0.6501,-0.5037,1739334737347.0425
2027,3047494912,0,-0.3915,1.595,-5.1553,-2.7782,-0.6862,-0.5306,1739334737357.044
2028,3215267072,0,-0.5067,1.6412,-5.0231,-2.7968,-0.7495,-0.5575,1739334737367.0454
2029,3383039232,0,-0.5297,1.6643,-5.0231,-2.7875,-0.8036,-0.591,1739334737377.047
2030,3550811392,0,-0.5528,1.6412,-5.1553,-2.7411,-0.8398,-0.6179,1739334737387.0486
2031,3718583552,0,-0.5988,1.6412,-5.0231,-2.676,-0.8578,-0.6515,1739334737397.05
2032,3886355712,0,-0.6679,1.6412,-5.1553,-2.6853,-0.9391,-0.6851,1739334737407.0515
2033,4054127872,0,-0.8061,1.6181,-5.1553,-2.611,-1.0655,-0.7052,1739334737417.053
2034,4221900032,0,-0.8983,1.6643,-5.1553,-2.6296,-1.1378,-0.7119,1739334737427.0544
2035,94770432,0,-0.8983,1.595,-5.2875,-2.5831,-1.1558,-0.7187,1739334737437.056
2036,262542592,0,-0.9213,1.6181,-5.2875,-2.6017,-1.1468,-0.7388,1739334737447.0576
2037,430314752,0,-0.8983,1.7105,-5.1553,-2.6667,-1.1378,-0.7388,1739334737457.059
2038,598086912,0,-0.9904,1.6874,-5.1553,-2.6296,-1.1648,-0.7321,1739334737467.0605
2039,765859072,0,-1.0825,1.6643,-5.1553,-2.6017,-1.2461,-0.7388,1739334737477.062
2040,933631232,0,-1.1056,1.7337,-5.0231,-2.676,-1.3093,-0.7455,1739334737487.0635
2041,1101403392,0,-1.1056,1.803,-5.0231,-2.7225,-1.3003,-0.7388,1739334737497.065
2042,1269175552,0,-1.1056,1.7337,-5.2875,-2.7225,-1.2822,-0.7321,1739334737507.0664
2043,1436947712,0,-1.1056,1.6874,-5.2875,-2.6389,-1.2913,-0.7187,1739334737517.068
2044,1604719872,0,-1.0825,1.6643,-5.4196,-2.611,-1.2913,-0.7187,1739334737527.0696
2045,1772492032,0,-1.0825,1.6643,-5.2875,-2.6296,-1.2642,-0.7119,1739334737537.071
2046,1940264192,0,-1.0595,1.6643,-5.2875,-2.6389,-1.2551,-0.7052,1739334737547.0725
2047,2108036352,0,-1.0825,1.6874,-5.2875,-2.6667,-1.2551,-0.7052,1739334737557.074
2048,2275808512,0,-1.0595,1.7337,-5.1553,-2.6946,-1.219,-0.6985,1739334737567.0754
2049,2443580672,0,-0.9674,1.7105,-5.1553,-2.7039,-1.1558,-0.6851,1739334737577.077
2050,2611352832,0,-0.9443,1.6874,-5.1553,-2.676,-1.1197,-0.6784,1739334737587.0786
2051,2779124992,0,-0.8983,1.6874,-5.0231,-2.6574,-1.0926,-0.6716,1739334737597.08
2052,2946897152,0,-0.8522,1.7799,-5.1553,-2.7318,-1.0294,-0.6716,1739334737607.0815
2053,3114669312,0,-0.8061,1.7799,-5.1553,-2.769,-1.0204,-0.6381,1739334737617.083
2054,3282441472,0,-0.8752,1.7568,-5.2875,-2.7782,-1.0474,-0.6313,1739334737627.0845
2055,3450213632,0,-0.8752,1.803,-5.2875,-2.8061,-1.0655,-0.6246,1739334737637.086
2056,3617985792,0,-0.8522,1.8723,-5.2875,-2.8805,-1.0474,-0.6246,1739334737647.0874
2057,3785757952,0,-0.8522,1.9186,-5.1553,-2.9455,-1.0204,-0.6045,1739334737657.089
2058,3953530112,0,-0.8522,1.9648,-5.1553,-2.992,-1.0294,-0.591,1739334737667.0906
2059,4121302272,0,-0.8752,1.9648,-5.1553,-3.0198,-1.0655,-0.591,1739334737677.092
2060,4289074432,0,-0.9443,2.0573,-5.1553,-3.0756,-1.1287,-0.5776,1739334737687.0935
2061,161944832,0,-0.9674,2.1729,-5.0231,-3.1406,-1.1739,-0.5642,1739334737697.095
2062,329716992,0,-1.0595,2.2653,-5.0231,-3.2893,-1.219,-0.5306,1739334737707.0964
2063,497489152,0,-1.0595,2.4271,-5.0231,-3.4566,-1.2551,-0.497,1739334737717.098
2064,665261312,0,-1.1056,2.5196,-5.0231,-3.5681,-1.2822,-0.4567,1739334737727.0996
2065,833033472,0,-1.2438,2.5427,-5.1553,-3.5959,-1.3635,-0.4298,1739334737737.101
2066,1000805632,0,-1.3589,2.5427,-5.1553,-3.6052,-1.508,-0.4164,1739334737747.1025
2067,1168577792,0,-1.4511,2.6814,-5.1553,-3.726,-1.5712,-0.3963,1739334737757.104
2068,1336349952,0,-1.5432,2.6814,-5.2875,-3.8004,-1.6434,-0.3559,1739334737767.1055
2069,1504122112,0,-1.6123,2.797,-5.2875,-3.9026,-1.6976,-0.3156,1739334737777.107
2070,1671894272,0,-1.6814,2.8201,-5.2875,-3.9583,-1.7247,-0.2888,1739334737787.1084
2071,1839666432,0,-1.7044,2.9126,-5.2875,-4.0419,-1.7518,-0.2552,1739334737797.11
2072,2007438592,0,-1.7275,2.9588,-5.2875,-4.0977,-1.7789,-0.2082,1739334737807.1116
2073,2175210752,0,-1.7275,3.0513,-5.1553,-4.2185,-1.7608,-0.1746,1739334737817.113
2074,2342982912,0,-1.7275,3.0975,-5.2875,-4.2835,-1.7518,-0.1276,1739334737827.1145
2075,2510755072,0,-1.7044,3.2131,-5.2875,-4.4136,-1.7157,-0.094,1739334737837.116
2076,2678527232,0,-1.6814,3.2362,-5.2875,-4.5065,-1.6976,-0.0537,1739334737847.1174
2077,2846299392,0,-1.7275,3.3055,-5.2875,-4.5902,-1.7337,-0.0201,1739334737857.1191
2078,3014071552,0,-1.7044,3.3518,-5.4196,-4.6645,-1.7067,0.0268,1739334737867.1206
2079,3181843712,0,-1.6353,3.3749,-5.4196,-4.6924,-1.6163,0.0604,1739334737877.122
2080,3349615872,0,-1.4741,3.398,-5.2875,-4.7481,-1.499,0.1074,1739334737887.1235
2081,3517388032,0,-1.428,3.398,-5.1553,-4.7667,-1.4267,0.1276,1739334737897.125
2082,3685160192,0,-1.4511,3.4674,-5.2875,-4.8782,-1.4357,0.1544,1739334737907.1265
2083,3852932352,0,-1.4741,3.5367,-5.5518,-4.9619,-1.4628,0.188,1739334737917.128
2084,4020704512,0,-1.428,3.5829,-5.5518,-5.0269,-1.4267,0.2149,1739334737927.1296
2085,4188476672,0,-1.3359,3.6523,-5.4196,-5.0641,-1.3364,0.2418,1739334737937.131
2086,61347072,0,-1.2207,3.7216,-5.4196,-5.1663,-1.2281,0.2552,1739334737947.1326
2087,229119232,0,-1.1286,3.7216,-5.2875,-5.1849,-1.1558,0.2821,1739334737957.134
2088,396891392,0,-1.1286,3.7447,-5.2875,-5.222,-1.1107,0.2955,1739334737967.1355
2089,564663552,0,-1.0595,3.8141,-5.2875,-5.2778,-1.0926,0.3022,1739334737977.137
2090,732435712,0,-0.9904,3.8372,-5.1553,-5.3149,-1.0294,0.3156,1739334737987.1384
2091,900207872,0,-0.9213,3.791,-5.1553,-5.3057,-0.9662,0.3224,1739334737997.1401
2092,1067980032,0,-0.8292,3.7679,-5.1553,-5.3149,-0.903,0.3291,1739334738007.1416
2093,1235752192,0,-0.691,3.8603,-5.2875,-5.3893,-0.8127,0.3291,1739334738017.143
2094,1403524352,0,-0.6679,3.9528,-5.1553,-5.4729,-0.7585,0.3425,1739334738027.1445
2095,1571296512,0,-0.6219,3.9528,-5.1553,-5.5287,-0.7404,0.3291,1739334738037.146
2096,1739068672,0,-0.5988,3.999,-5.2875,-5.5751,-0.7224,0.3156,1739334738047.1475
2097,1906840832,0,-0.5297,4.0453,-5.1553,-5.5658,-0.6772,0.3089,1739334738057.149
2098,2074612992,0,-0.4606,3.9759,-5.1553,-5.5194,-0.605,0.2955,1739334738067.1506
2099,2242385152,0,-0.3915,3.9297,-5.1553,-5.4543,-0.5598,0.2753,1739334738077.152
2100,2410157312,0,-0.3685,3.8834,-5.1553,-5.3986,-0.5418,0.2753,1739334738087.1536
2101,2577929472,0,-0.3685,3.8834,-5.1553,-5.3707,-0.5327,0.2619,1739334738097.155
2102,2745701632,0,-0.3915,3.8141,-5.2875,-5.3057,-0.5598,0.2485,1739334738107.1565
2103,2913473792,0,-0.5067,3.7216,-5.2875,-5.222,-0.623,0.235,1739334738117.158
2104,3081245952,0,-0.5528,3.7447,-5.1553,-5.2034,-0.6772,0.2283,1739334738127.1594
2105,3249018112,0,-0.6219,3.791,-5.1553,-5.222,-0.7314,0.2283,1739334738137.1611
2106,3416790272,0,-0.691,3.7447,-5.2875,-5.2499,-0.8217,0.2283,1739334738147.1626
2107,3584562432,0,-0.8061,3.7216,-5.4196,-5.222,-0.903,0.2418,1739334738157.164
2108,3752334592,0,-0.8522,3.7447,-5.4196,-5.222,-0.9662,0.2283,1739334738167.1655
2109,3920106752,0,-0.8522,3.791,-5.2875,-5.2499,-0.9933,0.235,1739334738177.167
2110,4087878912,0,-0.9213,3.7679,-5.1553,-5.2592,-0.9933,0.2418,1739334738187.1685
2111,4255651072,0,-0.9443,3.7447,-5.1553,-5.2406,-1.0113,0.235,1739334738197.17
2112,128521472,0,-0.9674,3.7216,-5.1553,-5.1942,-1.0384,0.2283,1739334738207.1716
2113,296293632,0,-0.9674,3.6523,-5.2875,-5.1384,-1.0384,0.2082,1739334738217.173
2114,464065792,0,-0.9904,3.6292,-5.1553,-5.0826,-1.0474,0.1813,1739334738227.1746
2115,631837952,0,-0.9213,3.6061,-5.1553,-5.0548,-1.0294,0.1679,1739334738237.176
2116,799610112,0,-0.8752,3.5829,-5.0231,-5.0269,-0.9933,0.1746,1739334738247.1775
2117,967382272,0,-0.8292,3.5829,-5.2875,-5.0362,-0.9571,0.1746,1739334738257.179
2118,1135154432,0,-0.8522,3.5598,-5.2875,-5.0362,-0.9301,0.1746,1739334738267.1804
2119,1302926592,0,-0.8292,3.5598,-5.1553,-5.0083,-0.921,0.1746,1739334738277.1821
2120,1470698752,0,-0.8061,3.5367,-5.1553,-4.9804,-0.9301,0.1612,1739334738287.1836
2121,1638470912,0,-0.8292,3.5136,-5.1553,-4.9433,-0.9301,0.1679,1739334738297.185
2122,1806243072,0,-0.8061,3.4905,-5.2875,-4.934,-0.921,0.1679,1739334738307.1865
2123,1974015232,0,-0.7831,3.4674,-5.1553,-4.9247,-0.912,0.188,1739334738317.188
2124,2141787392,0,-0.7831,3.4674,-5.1553,-4.934,-0.903,0.1947,1739334738327.1895
2125,2309559552,0,-0.7601,3.4442,-5.0231,-4.934,-0.903,0.2015,1739334738337.191
2126,2477331712,0,-0.691,3.4442,-5.0231,-4.9154,-0.8488,0.2015,1739334738347.1926
2127,2645103872,0,-0.6219,3.4211,-5.0231,-4.8968,-0.8036,0.188,1739334738357.194
2128,2812876032,0,-0.6219,3.398,-5.0231,-4.8503,-0.7675,0.1813,1739334738367.1956
2129,2980648192,0,-0.5758,3.398,-4.8909,-4.8225,-0.7495,0.1746,1739334738377.197
2130,3148420352,0,-0.5988,3.3749,-5.0231,-4.8132,-0.7495,0.1746,1739334738387.1985
2131,3316192512,0,-0.5988,3.3518,-5.0231,-4.8132,-0.7585,0.1746,1739334738397.2
2132,3483964672,0,-0.6219,3.3749,-5.0231,-4.8225,-0.7765,0.1746,1739334738407.2014
2133,3651736832,0,-0.6449,3.4211,-5.0231,-4.8596,-0.7946,0.1813,1739334738417.2031
2134,3819508992,0,-0.6679,3.398,-5.0231,-4.8689,-0.8217,0.1947,1739334738427.2046
2135,3987281152,0,-0.6679,3.398,-5.0231,-4.8411,-0.8398,0.1813,1739334738437.206
2136,4155053312,0,-0.691,3.3749,-4.8909,-4.8039,-0.8217,0.1746,1739334738447.2075
2137,27923712,0,-0.6679,3.3518,-4.8909,-4.776,-0.8036,0.1679,1739334738457.209
2138,195695872,0,-0.6449,3.3287,-4.7587,-4.7667,-0.8036,0.1612,1739334738467.2104
2139,363468032,0,-0.6449,3.3287,-4.7587,-4.7667,-0.8127,0.1544,1739334738477.212
2140,531240192,0,-0.691,3.3287,-4.7587,-4.7574,-0.8398,0.1544,1739334738487.2136
2141,699012352,0,-0.714,3.3518,-4.7587,-4.7667,-0.8578,0.1679,1739334738497.215
2142,866784512,0,-0.714,3.3749,-4.7587,-4.7853,-0.8488,0.1746,1739334738507.2166
2143,1034556672,0,-0.691,3.3749,-4.7587,-4.7946,-0.8398,0.1947,1739334738517.218
2144,1202328832,0,-0.691,3.3749,-4.8909,-4.8039,-0.8217,0.1813,1739334738527.2195
2145,1370100992,0,-0.714,3.3518,-4.7587,-4.7574,-0.8307,0.1813,1739334738537.221
2146,1537873152,0,-0.737,3.3055,-4.7587,-4.711,-0.8578,0.1746,1739334738547.2227
2147,1705645312,0,-0.7601,3.2593,-4.7587,-4.6459,-0.903,0.1679,1739334738557.224
2148,1873417472,0,-0.8292,3.19,-4.6265,-4.5716,-0.921,0.1612,1739334738567.2256
2149,2041189632,0,-0.8061,3.1437,-4.6265,-4.5251,-0.9391,0.1544,1739334738577.227
2150,2208961792,0,-0.7831,3.1206,-4.6265,-4.4973,-0.912,0.1544,1739334738587.2285
2151,2376733952,0,-0.7831,3.1437,-4.6265,-4.4973,-0.8849,0.1612,1739334738597.23
2152,2544506112,0,-0.714,3.2362,-4.7587,-4.5809,-0.8488,0.1746,1739334738607.2314
2153,2712278272,0,-0.714,3.2593,-4.7587,-4.6459,-0.8668,0.1746,1739334738617.2332
2154,2880050432,0,-0.8061,3.2362,-4.8909,-4.5995,-0.912,0.188,1739334738627.2346
2155,3047822592,0,-0.8061,3.1668,-4.7587,-4.5623,-0.9481,0.1813,1739334738637.236
2156,3215594752,0,-0.8061,3.1206,-4.7587,-4.488,-0.9571,0.1679,1739334738647.2375
2157,3383366912,0,-0.7831,3.0282,-4.6265,-4.4043,-0.9301,0.1544,1739334738657.239
2158,3551139072,0,-0.7831,2.9588,-4.6265,-4.33,-0.903,0.141,1739334738667.2405
2159,3718911232,0,-0.737,2.8895,-4.6265,-4.2371,-0.8939,0.1141,1739334738677.242
2160,3886683392,0,-0.7831,2.797,-4.6265,-4.1535,-0.912,0.1007,1739334738687.2437
2161,4054455552,0,-0.8061,2.7276,-4.8909,-4.0698,-0.9481,0.0671,1739334738697.245
2162,4222227712,0,-0.8292,2.7045,-4.8909,-4.0048,-0.9842,0.0403,1739334738707.2466
2163,95098112,0,-0.8292,2.6583,-4.8909,-3.949,-0.9842,0.0067,1739334738717.248
2164,262870272,0,-0.8061,2.5427,-4.7587,-3.8468,-0.9933,-0.0268,1739334738727.2495
2165,430642432,0,-0.8292,2.4734,-4.6265,-3.7446,-0.9752,-0.0604,1739334738737.251
2166,598414592,0,-0.737,2.4503,-4.7587,-3.6889,-0.9481,-0.0873,1739334738747.2524
2167,766186752,0,-0.737,2.3809,-4.7587,-3.5866,-0.9662,-0.1141,1739334738757.2542
2168,933958912,0,-0.7601,2.3809,-4.7587,-3.5681,-0.9842,-0.1544,1739334738767.2556
2169,1101731072,0,-0.8292,2.3347,-4.7587,-3.4844,-1.0655,-0.188,1739334738777.257
2170,1269503232,0,-0.9213,2.3347,-4.7587,-3.4844,-1.1107,-0.2216,1739334738787.2585
2171,1437275392,0,-0.9674,2.2884,-4.8909,-3.4101,-1.1648,-0.2485,1739334738797.26
2172,1605047552,0,-0.9674,2.3347,-4.8909,-3.4287,-1.1739,-0.2888,1739334738807.2615
2173,1772819712,0,-0.8983,2.3347,-4.8909,-3.4101,-1.1378,-0.3089,1739334738817.263
2174,1940591872,0,-0.8292,2.404,-4.7587,-3.4566,-1.0474,-0.3291,1739334738827.2646
2175,2108364032,0,-0.8522,2.3116,-4.7587,-3.4008,-1.0745,-0.3627,1739334738837.266
2176,2276136192,0,-0.8983,2.3578,-4.7587,-3.3915,-1.1287,-0.3963,1739334738847.2676
2177,2443908352,0,-0.8983,2.3116,-4.7587,-3.3358,-1.1468,-0.4366,1739334738857.269
2178,2611680512,0,-0.8752,2.2884,-4.7587,-3.3079,-1.1197,-0.4634,1739334738867.2705
2179,2779452672,0,-0.8061,2.1729,-4.8909,-3.2057,-1.0926,-0.4769,1739334738877.272
2180,2947224832,0,-0.8061,2.1729,-4.7587,-3.1499,-1.0655,-0.497,1739334738887.2734
2181,3114996992,0,-0.8752,2.1266,-4.7587,-3.0849,-1.1287,-0.5172,1739334738897.2751
2182,3282769152,0,-0.9904,2.1497,-4.7587,-3.1035,-1.2281,-0.5373,1739334738907.2766
2183,3450541312,0,-1.0595,2.1035,-4.6265,-3.0663,-1.3093,-0.5507,1739334738917.278
2184,3618313472,0,-1.1516,2.1266,-4.7587,-3.0756,-1.3635,-0.5575,1739334738927.2795
2185,3786085632,0,-1.1516,2.2191,-4.7587,-3.1128,-1.3725,-0.5709,1739334738937.281
2186,3953857792,0,-1.1286,2.196,-4.7587,-3.1406,-1.3545,-0.5709,1739334738947.2825
2187,4121629952,0,-1.1056,2.1266,-4.7587,-3.0756,-1.3545,-0.5776,1739334738957.284
2188,4289402112,0,-1.2207,2.0804,-4.7587,-3.0384,-1.3996,-0.5776,1739334738967.2856
2189,162272512,0,-1.2207,2.1035,-4.6265,-3.0384,-1.4357,-0.591,1739334738977.287
2190,330044672,0,-1.2668,2.1266,-4.6265,-3.057,-1.4628,-0.591,1739334738987.2886
2191,497816832,0,-1.3129,2.0573,-4.8909,-3.0198,-1.517,-0.591,1739334738997.29
2192,665588992,0,-1.3589,2.011,-4.8909,-2.9641,-1.5531,-0.591,1739334739007.2915
2193,833361152,0,-1.382,1.9879,-4.8909,-2.9362,-1.5441,-0.591,1739334739017.293
2194,1001133312,0,-1.3359,1.9417,-4.8909,-2.9083,-1.5351,-0.5843,1739334739027.2944
2195,1168905472,0,-1.3359,1.9648,-5.0231,-2.9176,-1.508,-0.5843,1739334739037.2961
2196,1336677632,0,-1.3129,2.011,-5.0231,-2.9455,-1.4809,-0.5776,1739334739047.2976
2197,1504449792,0,-1.2668,2.011,-4.8909,-2.9548,-1.4357,-0.5642,1739334739057.299
2198,1672221952,0,-1.2668,1.9648,-4.8909,-2.9176,-1.3996,-0.5776,1739334739067.3005
2199,1839994112,0,-1.1747,1.9186,-4.8909,-2.8712,-1.3725,-0.5776,1739334739077.302
2200,2007766272,0,-1.1516,1.9648,-4.8909,-2.9176,-1.3364,-0.5642,1739334739087.3035
2201,2175538432,0,-1.0595,2.0342,-5.0231,-2.9548,-1.2642,-0.544,1739334739097.305
2202,2343310592,0,-1.0134,2.011,-4.8909,-2.9641,-1.219,-0.544,1739334739107.3066
2203,2511082752,0,-0.9904,2.011,-4.8909,-2.9455,-1.1829,-0.5239,1739334739117.308
2204,2678854912,0,-1.0134,1.9648,-4.8909,-2.9176,-1.1829,-0.5239,1739334739127.3096
2205,2846627072,0,-1.0365,1.9648,-5.0231,-2.9083,-1.219,-0.5306,1739334739137.311
2206,3014399232,0,-1.0134,2.011,-5.0231,-2.9548,-1.201,-0.5172,1739334739147.3125
2207,3182171392,0,-0.9904,2.1035,-5.0231,-3.0198,-1.1829,-0.5172,1739334739157.314
2208,3349943552,0,-1.0134,2.1266,-5.0231,-3.057,-1.1739,-0.5104,1739334739167.3157
2209,3517715712,0,-1.0134,2.1266,-5.0231,-3.1035,-1.201,-0.5037,1739334739177.3171
2210,3685487872,0,-1.0365,2.196,-5.0231,-3.1406,-1.2281,-0.4903,1739334739187.3186
2211,3853260032,0,-1.0595,2.2884,-4.8909,-3.215,-1.2461,-0.4836,1739334739197.32
2212,4021032192,0,-1.1056,2.3347,-4.8909,-3.2986,-1.2913,-0.4701,1739334739207.3215
2213,4188804352,0,-1.1747,2.404,-5.0231,-3.3729,-1.3364,-0.45,1739334739217.323
2214,61674752,0,-1.2207,2.4271,-5.0231,-3.4101,-1.3906,-0.4366,1739334739227.3245
2215,229446912,0,-1.3359,2.4734,-5.0231,-3.438,-1.4719,-0.4097,1739334739237.3262
2216,397219072,0,-1.382,2.4734,-5.0231,-3.4844,-1.517,-0.403,1739334739247.3276
2217,564991232,0,-1.428,2.5658,-5.1553,-3.5588,-1.5351,-0.3761,1739334739257.329
2218,732763392,0,-1.405,2.5658,-5.0231,-3.6052,-1.526,-0.3492,1739334739267.3306
2219,900535552,0,-1.405,2.5196,-5.0231,-3.5588,-1.526,-0.3224,1739334739277.332
2220,1068307712,0,-1.428,2.4734,-5.0231,-3.5309,-1.5441,-0.3089,1739334739287.3335
2221,1236079872,0,-1.428,2.5658,-5.0231,-3.5866,-1.526,-0.2888,1739334739297.335
2222,1403852032,0,-1.405,2.6121,-4.8909,-3.6424,-1.499,-0.2753,1739334739307.3367
2223,1571624192,0,-1.428,2.6121,-4.8909,-3.6703,-1.499,-0.2552,1739334739317.3381
2224,1739396352,0,-1.4511,2.6121,-5.0231,-3.661,-1.508,-0.2418,1739334739327.3396
2225,1907168512,0,-1.428,2.5889,-5.1553,-3.6517,-1.4719,-0.2418,1739334739337.341
2226,2074940672,0,-1.382,2.5889,-5.1553,-3.6517,-1.4177,-0.235,1739334739347.3425
2227,2242712832,0,-1.2898,2.5196,-5.1553,-3.5774,-1.3635,-0.235,1739334739357.344
2228,2410484992,0,-1.2668,2.4503,-5.1553,-3.4937,-1.3545,-0.2418,1739334739367.3455
2229,2578257152,0,-1.2438,2.404,-5.1553,-3.438,-1.3454,-0.2418,1739334739377.3472
2230,2746029312,0,-1.2207,2.404,-5.1553,-3.438,-1.3184,-0.2485,1739334739387.3486
2231,2913801472,0,-1.1977,2.404,-5.0231,-3.4566,-1.3093,-0.235,1739334739397.35
2232,3081573632,0,-1.1516,2.4734,-5.1553,-3.5123,-1.2642,-0.235,1739334739407.3516
2233,3249345792,0,-1.1056,2.5658,-5.0231,-3.5866,-1.2281,-0.2149,1739334739417.353
2234,3417117952,0,-1.0825,2.5658,-5.0231,-3.6145,-1.1829,-0.2149,1739334739427.3545
2235,3584890112,0,-1.1056,2.5427,-5.0231,-3.6424,-1.1919,-0.2216,1739334739437.356
2236,3752662272,0,-1.0825,2.5658,-5.0231,-3.6517,-1.1919,-0.2149,1739334739447.3577
2237,3920434432,0,-1.0825,2.6352,-5.0231,-3.6889,-1.1919,-0.2216,1739334739457.3591
2238,4088206592,0,-1.0825,2.6121,-5.0231,-3.6889,-1.1829,-0.2082,1739334739467.3606
2239,4255978752,0,-1.1056,2.5427,-5.1553,-3.6424,-1.201,-0.2216,1739334739477.362
2240,128849152,0,-1.1516,2.5889,-5.0231,-3.6052,-1.2371,-0.2283,1739334739487.3635
2241,296621312,0,-1.2207,2.5658,-5.1553,-3.6052,-1.2642,-0.2283,1739334739497.365
2242,464393472,0,-1.1747,2.5658,-5.1553,-3.6238,-1.2551,-0.235,1739334739507.3665
2243,632165632,0,-1.1747,2.5658,-5.0231,-3.6145,-1.2461,-0.235,1739334739517.3682
2244,799937792,0,-1.1747,2.5889,-5.1553,-3.5774,-1.2371,-0.2485,1739334739527.3696
2245,967709952,0,-1.1516,2.5427,-5.0231,-3.5495,-1.21,-0.2418,1739334739537.371
2246,1135482112,0,-1.1056,2.5196,-5.1553,-3.5216,-1.201,-0.2552,1739334739547.3726
2247,1303254272,0,-1.1056,2.5196,-5.0231,-3.503,-1.201,-0.2686,1739334739557.374
2248,1471026432,0,-1.1516,2.5196,-5.1553,-3.5402,-1.21,-0.2552,1739334739567.3755
2249,1638798592,0,-1.1286,2.5196,-5.1553,-3.5495,-1.2371,-0.2619,1739334739577.377
2250,1806570752,0,-1.1747,2.5427,-5.1553,-3.5681,-1.2461,-0.2619,1739334739587.3787
2251,1974342912,0,-1.1747,2.5427,-5.1553,-3.5588,-1.2551,-0.2686,1739334739597.3801
2252,2142115072,0,-1.1977,2.5427,-5.1553,-3.5588,-1.2642,-0.2619,1739334739607.3816
2253,2309887232,0,-1.1977,2.5196,-5.1553,-3.5402,-1.2642,-0.2619,1739334739617.383
2254,2477659392,0,-1.2207,2.4965,-5.1553,-3.5123,-1.2822,-0.2821,1739334739627.3845
2255,2645431552,0,-1.2668,2.4734,-5.1553,-3.4937,-1.3184,-0.2888,1739334739637.386
2256,2813203712,0,-1.2668,2.4734,-5.1553,-3.4937,-1.3274,-0.2955,1739334739647.3875
2257,2980975872,0,-1.2207,2.5196,-5.1553,-3.5309,-1.2913,-0.2888,1739334739657.3892
2258,3148748032,0,-1.1977,2.5196,-5.1553,-3.5309,-1.2822,-0.2888,1739334739667.3906
2259,3316520192,0,-1.1747,2.4734,-5.1553,-3.4844,-1.2642,-0.3022,1739334739677.392
2260,3484292352,0,-1.1747,2.3809,-5.1553,-3.4194,-1.2281,-0.3089,1739334739687.3936
2261,3652064512,0,-1.1286,2.3116,-5.1553,-3.3451,-1.201,-0.3089,1739334739697.395
2262,3819836672,0,-1.1056,2.2653,-5.1553,-3.28,-1.1829,-0.3224,1739334739707.3965
2263,3987608832,0,-1.0595,2.2191,-5.0231,-3.2243,-1.1558,-0.3224,1739334739717.398
2264,4155380992,0,-1.0365,2.1729,-5.1553,-3.215,-1.1287,-0.3358,1739334739727.3997
2265,28251392,0,-1.0134,2.1497,-5.0231,-3.1685,-1.1287,-0.3492,1739334739737.4011
2266,196023552,0,-1.0365,2.0804,-5.1553,-3.0849,-1.1287,-0.3559,1739334739747.4026
2267,363795712,0,-1.0134,2.0573,-5.1553,-3.0477,-1.1016,-0.3761,1739334739757.404
2268,531567872,0,-0.9674,2.0573,-5.1553,-3.0477,-1.0565,-0.3963,1739334739767.4055
2269,699340032,0,-0.8752,2.0804,-5.0231,-3.0663,-0.9933,-0.4164,1739334739777.407
2270,867112192,0,-0.8983,2.0573,-5.0231,-3.0291,-0.9933,-0.4298,1739334739787.4084
2271,1034884352,0,-0.9213,2.011,-4.8909,-2.9827,-1.0474,-0.4567,1739334739797.4102
2272,1202656512,0,-0.9674,2.0342,-5.0231,-2.9641,-1.1107,-0.4836,1739334739807.4116
2273,1370428672,0,-0.9674,2.0573,-5.0231,-3.0198,-1.1287,-0.4903,1739334739817.413
2274,1538200832,0,-0.9904,2.0573,-5.0231,-3.0013,-1.1287,-0.5104,1739334739827.4146
2275,1705972992,0,-1.0365,2.011,-5.0231,-2.9455,-1.1648,-0.5172,1739334739837.416
2276,1873745152,0,-1.0825,2.011,-5.1553,-2.9176,-1.21,-0.5373,1739334739847.4175
2277,2041517312,0,-1.1747,2.0804,-5.1553,-2.9641,-1.2461,-0.544,1739334739857.4192
2278,2209289472,0,-1.1516,2.1266,-5.0231,-3.0198,-1.2822,-0.5507,1739334739867.4207
2279,2377061632,0,-1.2207,2.1729,-5.1553,-3.0663,-1.3093,-0.5507,1739334739877.422
2280,2544833792,0,-1.2207,2.196,-5.0231,-3.122,-1.3274,-0.5575,1739334739887.4236
2281,2712605952,0,-1.2207,2.1729,-5.1553,-3.122,-1.3364,-0.5507,1739334739897.425
2282,2880378112,0,-1.2207,2.1266,-5.1553,-3.0849,-1.3454,-0.5575,1739334739907.4265
2283,3048150272,0,-1.2438,2.1497,-5.0231,-3.057,-1.3545,-0.5575,1739334739917.428
2284,3215922432,0,-1.2668,2.2191,-5.1553,-3.0756,-1.3635,-0.5642,1739334739927.4297
2285,3383694592,0,-1.3129,2.1729,-5.0231,-3.0756,-1.4177,-0.5507,1739334739937.4312
2286,3551466752,0,-1.405,2.1266,-5.1553,-3.0291,-1.4899,-0.5575,1739334739947.4326
2287,3719238912,0,-1.428,2.0804,-5.1553,-3.0105,-1.5351,-0.5575,1739334739957.434
2288,3887011072,0,-1.382,2.1035,-5.1553,-3.0105,-1.4899,-0.544,1739334739967.4355
2289,4054783232,0,-1.2668,2.0573,-5.1553,-3.0013,-1.4087,-0.5373,1739334739977.437
2290,4222555392,0,-1.2207,1.9879,-5.1553,-2.9362,-1.3545,-0.5373,1739334739987.4385
2291,95425792,0,-1.1516,1.9648,-5.0231,-2.9083,-1.3093,-0.5373,1739334739997.4402
2292,263197952,0,-1.1286,1.9879,-5.0231,-2.899,-1.2642,-0.544,1739334740007.4417
2293,430970112,0,-1.0825,1.9879,-5.1553,-2.8897,-1.2461,-0.5373,1739334740017.443
2294,598742272,0,-1.0595,1.9417,-5.1553,-2.8897,-1.2281,-0.5373,1739334740027.4446
2295,766514432,0,-1.0365,1.9648,-5.1553,-2.9083,-1.21,-0.5306,1739334740037.446
2296,934286592,0,-1.0365,1.9879,-5.1553,-2.9362,-1.219,-0.5306,1739334740047.4475
2297,1102058752,0,-1.0595,1.9879,-5.0231,-2.9455,-1.2371,-0.5239,1739334740057.449
2298,1269830912,0,-1.1056,1.9879,-5.0231,-2.9641,-1.2281,-0.5239,1739334740067.4507
2299,1437603072,0,-1.0365,2.011,-5.0231,-2.992,-1.219,-0.5172,1739334740077.4521
2300,1605375232,0,-0.9904,2.011,-5.0231,-2.992,-1.1739,-0.5037,1739334740087.4536
2301,1773147392,0,-0.9904,1.9648,-4.8909,-2.9455,-1.1468,-0.5104,1739334740097.455
2302,1940919552,0,-0.9674,1.9186,-5.0231,-2.899,-1.1468,-0.5172,1739334740107.4565
2303,2108691712,0,-0.9674,1.9417,-5.0231,-2.8897,-1.1558,-0.5306,1739334740117.458
2304,2276463872,0,-0.9904,1.9417,-5.1553,-2.8712,-1.1829,-0.5172,1739334740127.4595
2305,2444236032,0,-1.0595,1.9648,-5.1553,-2.9083,-1.2281,-0.5172,1739334740137.4612
2306,2612008192,0,-1.1056,1.9879,-5.2875,-2.9362,-1.2732,-0.5037,1739334740147.4626
2307,2779780352,0,-1.1286,2.0573,-5.1553,-2.992,-1.3003,-0.4903,1739334740157.464
2308,2947552512,0,-1.1286,2.0342,-5.1553,-3.0384,-1.2913,-0.497,1739334740167.4656
2309,3115324672,0,-1.1747,2.0573,-5.1553,-3.057,-1.3184,-0.4903,1739334740177.467
2310,3283096832,0,-1.1977,2.0342,-5.2875,-3.0198,-1.3635,-0.4903,1739334740187.4685
2311,3450868992,0,-1.2207,2.0573,-5.1553,-3.0105,-1.3816,-0.4903,1739334740197.47
2312,3618641152,0,-1.2438,2.0804,-5.2875,-3.0663,-1.3906,-0.4903,1739334740207.4717
2313,3786413312,0,-1.1977,2.1266,-5.2875,-3.122,-1.3906,-0.4903,1739334740217.4731
2314,3954185472,0,-1.2207,2.1729,-5.1553,-3.1592,-1.3906,-0.4903,1739334740227.4746
2315,4121957632,0,-1.2207,2.2191,-5.1553,-3.1871,-1.3996,-0.4836,1739334740237.476
2316,4289729792,0,-1.2438,2.2191,-5.1553,-3.215,-1.4357,-0.4769,1739334740247.4775
2317,162600192,0,-1.3129,2.2653,-5.0231,-3.2521,-1.499,-0.4634,1739334740257.479
2318,330372352,0,-1.4511,2.3578,-5.1553,-3.3358,-1.5983,-0.45,1739334740267.4805
2319,498144512,0,-1.5432,2.4734,-5.1553,-3.4751,-1.7067,-0.4298,1739334740277.4822
2320,665916672,0,-1.6353,2.5658,-5.1553,-3.5774,-1.797,-0.4097,1739334740287.4836
2321,833688832,0,-1.7044,2.6814,-5.1553,-3.6981,-1.8692,-0.3828,1739334740297.485
2322,1001460992,0,-1.7505,2.7276,-5.1553,-3.7632,-1.9234,-0.3425,1739334740307.4866
2323,1169233152,0,-1.7966,2.7276,-5.1553,-3.8004,-1.9505,-0.3156,1739334740317.488
2324,1337005312,0,-1.8196,2.7508,-5.1553,-3.8282,-1.9776,-0.2888,1739334740327.4895
2325,1504777472,0,-1.8426,2.8201,-5.2875,-3.9026,-1.9685,-0.2619,1739334740337.491
2326,1672549632,0,-1.8426,2.8432,-5.2875,-3.9397,-1.9776,-0.2149,1739334740347.4927
2327,1840321792,0,-1.8426,2.8895,-5.2875,-4.0048,-1.9685,-0.1813,1739334740357.4941
2328,2008093952,0,-1.7966,2.9126,-5.1553,-4.0234,-1.9414,-0.1544,1739334740367.4956
2329,2175866112,0,-1.7505,2.9357,-5.1553,-4.0977,-1.8602,-0.1141,1739334740377.497
2330,2343638272,0,-1.6814,2.9126,-5.2875,-4.0791,-1.7699,-0.0873,1739334740387.4985
2331,2511410432,0,-1.5893,2.8432,-5.2875,-4.0698,-1.6705,-0.0604,1739334740397.5
2332,2679182592,0,-1.4741,2.8432,-5.2875,-4.0605,-1.5802,-0.0268,1739334740407.5015
2333,2846954752,0,-1.3589,2.7508,-5.2875,-4.0234,-1.4809,-0.0067,1739334740417.5032
2334,3014726912,0,-1.2668,2.7508,-5.1553,-4.0048,-1.3906,0.0134,1739334740427.5046
2335,3182499072,0,-1.2207,2.6814,-5.1553,-3.9397,-1.3274,0.0403,1739334740437.506
2336,3350271232,0,-1.1747,2.6583,-5.0231,-3.9397,-1.2732,0.0537,1739334740447.5076
2337,3518043392,0,-1.0825,2.6814,-4.8909,-3.9769,-1.201,0.0738,1739334740457.509
2338,3685815552,0,-0.9904,2.6352,-5.1553,-3.9304,-1.1107,0.1007,1739334740467.5105
2339,3853587712,0,-0.8983,2.5889,-5.1553,-3.9026,-1.0294,0.1074,1739334740477.5122
2340,4021359872,0,-0.8292,2.6121,-5.0231,-3.9119,-0.9481,0.1007,1739334740487.5137
2341,4189132032,0,-0.737,2.6121,-4.7587,-3.9212,-0.8668,0.1074,1739334740497.5151
2342,62002432,0,-0.714,2.5658,-4.7587,-3.8933,-0.8488,0.1141,1739334740507.5166
2343,229774592,0,-0.737,2.5196,-4.8909,-3.8654,-0.8939,0.1007,1739334740517.518
2344,397546752,0,-0.8061,2.6121,-5.0231,-3.9119,-0.9571,0.1007,1739334740527.5195
2345,565318912,0,-0.8752,2.6814,-5.0231,-4.0048,-1.0113,0.1074,1739334740537.521
2346,733091072,0,-0.8983,2.7276,-5.1553,-4.0791,-1.0565,0.1141,1739334740547.5227
2347,900863232,0,-0.9213,2.8201,-5.1553,-4.1535,-1.0836,0.1276,1739334740557.5242
2348,1068635392,0,-0.9443,2.8432,-5.1553,-4.2185,-1.0655,0.1276,1739334740567.5256
2349,1236407552,0,-0.9674,2.8663,-5.0231,-4.2371,-1.1107,0.1209,1739334740577.527
2350,1404179712,0,-1.0365,2.8663,-5.0231,-4.2371,-1.1648,0.1141,1739334740587.5286
2351,1571951872,0,-1.0595,2.8895,-5.0231,-4.2742,-1.2281,0.1074,1739334740597.53
2352,1739724032,0,-1.0595,2.9357,-5.0231,-4.3021,-1.2371,0.1007,1739334740607.5315
2353,1907496192,0,-1.1286,2.9126,-5.0231,-4.2928,-1.2732,0.1007,1739334740617.5332
2354,2075268352,0,-1.1516,2.8895,-5.0231,-4.2557,-1.3184,0.0806,1739334740627.5347
2355,2243040512,0,-1.1977,2.8663,-5.0231,-4.2464,-1.3545,0.0738,1739334740637.5361
2356,2410812672,0,-1.2207,2.8895,-5.0231,-4.2742,-1.3545,0.0738,1739334740647.5376
2357,2578584832,0,-1.2438,2.8895,-5.0231,-4.2742,-1.3816,0.0738,1739334740657.539
2358,2746356992,0,-1.3129,2.8895,-5.0231,-4.2928,-1.4087,0.0738,1739334740667.5405
2359,2914129152,0,-1.2668,2.8895,-5.1553,-4.2835,-1.4177,0.0671,1739334740677.542
2360,3081901312,0,-1.2668,2.8663,-5.1553,-4.2835,-1.4177,0.0671,1739334740687.5437
2361,3249673472,0,-1.2438,2.8663,-5.1553,-4.2742,-1.4087,0.047,1739334740697.5452
2362,3417445632,0,-1.1977,2.8895,-5.0231,-4.3114,-1.3635,0.0537,1739334740707.5466
2363,3585217792,0,-1.1286,2.8895,-5.1553,-4.3207,-1.3184,0.0537,1739334740717.548
2364,3752989952,0,-1.1516,2.8432,-5.1553,-4.2557,-1.3274,0.0537,1739334740727.5496
2365,3920762112,0,-1.1516,2.7508,-5.1553,-4.1813,-1.3364,0.0403,1739334740737.551
2366,4088534272,0,-1.1056,2.6814,-5.1553,-4.1163,-1.3093,0.0268,1739334740747.5525
2367,4256306432,0,-1.0825,2.6583,-5.1553,-4.0698,-1.2551,0.0201,1739334740757.5542
2368,129176832,0,-0.9904,2.6121,-5.1553,-4.0419,-1.201,0.0134,1739334740767.5557
2369,296948992,0,-0.9213,2.5427,-5.1553,-3.9676,-1.1378,0.0,1739334740777.5571
2370,464721152,0,-0.8522,2.4271,-5.1553,-3.8747,-1.0836,-0.0134,1739334740787.5586
2371,632493312,0,-0.7601,2.3347,-5.1553,-3.7446,-1.0384,-0.0335,1739334740797.56
2372,800265472,0,-0.691,2.2884,-5.0231,-3.6796,-0.9662,-0.0537,1739334740807.5615
2373,968037632,0,-0.5758,2.2422,-4.8909,-3.6424,-0.8849,-0.0806,1739334740817.563
2374,1135809792,0,-0.5067,2.1497,-4.7587,-3.5495,-0.8217,-0.1074,1739334740827.5647
2375,1303581952,0,-0.5067,2.0342,-4.8909,-3.4008,-0.7946,-0.141,1739334740837.5662
2376,1471354112,0,-0.4837,2.011,-4.7587,-3.3172,-0.7856,-0.188,1739334740847.5676
2377,1639126272,0,-0.4606,1.9648,-4.8909,-3.28,-0.7675,-0.2216,1739334740857.569
2378,1806898432,0,-0.3915,1.9879,-4.8909,-3.2893,-0.7314,-0.2619,1739334740867.5706
2379,1974670592,0,-0.3915,1.9879,-4.8909,-3.2614,-0.7314,-0.2955,1739334740877.572
2380,2142442752,0,-0.3915,2.011,-4.7587,-3.2521,-0.7675,-0.3358,1739334740887.5735
2381,2310214912,0,-0.4376,1.9648,-4.8909,-3.1871,-0.8036,-0.3694,1739334740897.5752
2382,2477987072,0,-0.4376,1.9417,-5.1553,-3.1406,-0.8127,-0.4164,1739334740907.5767
2383,2645759232,0,-0.3685,1.8955,-4.8909,-3.057,-0.7765,-0.4634,1739334740917.5781
2384,2813531392,0,-0.3455,1.8955,-4.8909,-3.0384,-0.6953,-0.497,1739334740927.5796
2385,2981303552,0,-0.2994,1.8492,-4.7587,-2.9641,-0.6862,-0.5373,1739334740937.581
2386,3149075712,0,-0.3455,1.7568,-4.6265,-2.8433,-0.7585,-0.5709,1739334740947.5825
2387,3316847872,0,-0.4146,1.7105,-4.8909,-2.7782,-0.8036,-0.6112,1739334740957.584
2388,3484620032,0,-0.4606,1.7105,-4.8909,-2.7411,-0.8127,-0.6381,1739334740967.5857
2389,3652392192,0,-0.4376,1.7105,-4.8909,-2.7504,-0.7765,-0.6716,1739334740977.5872
2390,3820164352,0,-0.4606,1.6874,-5.0231,-2.7039,-0.8217,-0.6985,1739334740987.5886
2391,3987936512,0,-0.5758,1.6643,-4.8909,-2.6667,-0.921,-0.7187,1739334740997.59
2392,4155708672,0,-0.6449,1.7105,-5.0231,-2.6946,-1.0384,-0.7388,1739334741007.5916
2393,28579072,0,-0.7601,1.7337,-5.1553,-2.7039,-1.1197,-0.759,1739334741017.593
2394,196351232,0,-0.8522,1.7799,-5.1553,-2.7411,-1.201,-0.7724,1739334741027.5945
2395,364123392,0,-0.8983,1.8955,-5.1553,-2.8526,-1.2822,-0.7858,1739334741037.5962
2396,531895552,0,-1.0134,1.9186,-5.1553,-2.8526,-1.3635,-0.7858,1739334741047.5977
2397,699667712,0,-1.1056,1.9417,-5.1553,-2.899,-1.4538,-0.7926,1739334741057.599
2398,867439872,0,-1.1516,1.9879,-5.1553,-2.9083,-1.4899,-0.7993,1739334741067.6006
2399,1035212032,0,-1.1977,1.9417,-5.1553,-2.8897,-1.526,-0.806,1739334741077.602
2400,1202984192,0,-1.2668,1.8955,-5.0231,-2.8433,-1.5983,-0.8127,1739334741087.6035
2401,1370756352,0,-1.3589,1.8955,-5.1553,-2.834,-1.6796,-0.8261,1739334741097.605
2402,1538528512,0,-1.428,1.9879,-5.1553,-2.8805,-1.7067,-0.806,1739334741107.6067
2403,1706300672,0,-1.405,1.9648,-5.2875,-2.8805,-1.6976,-0.806,1739334741117.6082
2404,1874072832,0,-1.405,1.8955,-5.2875,-2.8247,-1.6796,-0.7993,1739334741127.6096
2405,2041844992,0,-1.405,1.8955,-5.4196,-2.7875,-1.6344,-0.7926,1739334741137.611
2406,2209617152,0,-1.3359,1.8492,-5.4196,-2.7504,-1.5893,-0.7993,1739334741147.6125
2407,2377389312,0,-1.2668,1.8492,-5.2875,-2.7132,-1.526,-0.7993,1739334741157.614
2408,2545161472,0,-1.2438,1.803,-5.2875,-2.7039,-1.508,-0.7858,1739334741167.6157
2409,2712933632,0,-1.1977,1.803,-5.2875,-2.7039,-1.4719,-0.7791,1739334741177.6172
2410,2880705792,0,-1.2207,1.8261,-5.2875,-2.6946,-1.4628,-0.7657,1739334741187.6187
2411,3048477952,0,-1.2207,1.7568,-5.2875,-2.676,-1.4538,-0.7522,1739334741197.62
2412,3216250112,0,-1.1286,1.8261,-5.2875,-2.6946,-1.3996,-0.7455,1739334741207.6216
2413,3384022272,0,-1.0365,1.8492,-5.1553,-2.7504,-1.3274,-0.7388,1739334741217.623
2414,3551794432,0,-1.0365,1.8261,-5.4196,-2.7225,-1.3093,-0.7119,1739334741227.6245
2415,3719566592,0,-0.9904,1.7799,-5.4196,-2.6853,-1.2822,-0.7254,1739334741237.6262
2416,3887338752,0,-0.9904,1.8492,-5.2875,-2.7132,-1.2551,-0.7187,1739334741247.6277
2417,4055110912,0,-0.9904,1.8955,-5.1553,-2.7504,-1.219,-0.7119,1739334741257.6292
2418,4222883072,0,-1.0365,1.9186,-5.1553,-2.8061,-1.2371,-0.7052,1739334741267.6306
2419,95753472,0,-1.0825,1.9879,-5.0231,-2.8619,-1.3274,-0.6985,1739334741277.632
2420,263525632,0,-1.1516,2.0804,-5.0231,-2.9269,-1.4087,-0.6784,1739334741287.6335
2421,431297792,0,-1.2438,2.1729,-5.1553,-3.0291,-1.4809,-0.6582,1739334741297.635
2422,599069952,0,-1.3359,2.2653,-5.2875,-3.1592,-1.5531,-0.6448,1739334741307.6367
2423,766842112,0,-1.3589,2.4271,-5.1553,-3.2893,-1.5983,-0.6179,1739334741317.6382
2424,934614272,0,-1.428,2.4271,-5.1553,-3.3543,-1.6344,-0.5978,1739334741327.6396
2425,1102386432,0,-1.5432,2.4503,-5.1553,-3.4194,-1.7157,-0.5709,1739334741337.641
2426,1270158592,0,-1.6353,2.5889,-5.1553,-3.5123,-1.815,-0.544,1739334741347.6426
2427,1437930752,0,-1.7505,2.6814,-5.2875,-3.6331,-1.9414,-0.5037,1739334741357.644
2428,1605702912,0,-1.8426,2.7508,-5.1553,-3.726,-2.0498,-0.4634,1739334741367.6455
2429,1773475072,0,-1.9348,2.8663,-5.2875,-3.8561,-2.1311,-0.4298,1739334741377.6472
2430,1941247232,0,-1.9578,2.9357,-5.4196,-3.9304,-2.1582,-0.3828,1739334741387.6487
2431,2109019392,0,-1.9808,2.9819,-5.2875,-4.0791,-2.1672,-0.3425,1739334741397.6501
2432,2276791552,0,-2.0269,3.005,-5.2875,-4.0977,-2.2304,-0.3022,1739334741407.6516
2433,2444563712,0,-2.1421,3.0513,-5.1553,-4.1627,-2.2936,-0.2619,1739334741417.653
2434,2612335872,0,-2.1881,3.1206,-5.0231,-4.2092,-2.3478,-0.235,1739334741427.6545
2435,2780108032,0,-2.2342,3.0975,-5.0231,-4.2278,-2.3568,-0.1947,1739334741437.656
2436,2947880192,0,-2.1881,3.0975,-5.0231,-4.265,-2.3297,-0.1477,1739334741447.6577
2437,3115652352,0,-2.1881,3.2131,-5.2875,-4.3579,-2.3207,-0.0873,1739334741457.6592
2438,3283424512,0,-2.119,3.2593,-5.2875,-4.4508,-2.2846,-0.0403,1739334741467.6606
2439,3451196672,0,-2.119,3.3055,-5.2875,-4.5437,-2.2394,0.0268,1739334741477.662
2440,3618968832,0,-2.0269,3.3518,-5.4196,-4.5995,-2.1401,0.0806,1739334741487.6636
2441,3786740992,0,-1.9578,3.3749,-5.1553,-4.6645,-2.0408,0.1209,1739334741497.665
2442,3954513152,0,-1.9348,3.398,-5.2875,-4.7296,-1.9685,0.1746,1739334741507.6665
2443,4122285312,0,-1.8657,3.3749,-5.2875,-4.7481,-1.9053,0.2216,1739334741517.6682
2444,4290057472,0,-1.7966,3.3055,-5.2875,-4.7296,-1.8331,0.2753,1739334741527.6697
2445,162927872,0,-1.7044,3.2824,-5.1553,-4.7017,-1.7247,0.3089,1739334741537.6711
2446,330700032,0,-1.5432,3.2131,-5.2875,-4.7017,-1.5712,0.3492,1739334741547.6726
2447,498472192,0,-1.4511,3.2131,-5.1553,-4.7017,-1.4357,0.3828,1739334741557.674
2448,666244352,0,-1.3589,3.1437,-5.2875,-4.6645,-1.3545,0.4164,1739334741567.6755
2449,834016512,0,-1.2668,3.1206,-5.2875,-4.6552,-1.2732,0.4433,1739334741577.677
2450,1001788672,0,-1.1286,3.0975,-5.2875,-4.6552,-1.1378,0.4634,1739334741587.6787
2451,1169560832,0,-1.0134,3.0744,-5.1553,-4.6088,-1.0023,0.4769,1739334741597.6802
2452,1337332992,0,-0.8983,3.0744,-5.1553,-4.6366,-0.903,0.4903,1739334741607.6816
2453,1505105152,0,-0.8522,3.0513,-4.8909,-4.5809,-0.8759,0.5104,1739334741617.683
2454,1672877312,0,-0.8292,3.0744,-5.0231,-4.6181,-0.8578,0.5104,1739334741627.6846
2455,1840649472,0,-0.8061,3.0513,-5.0231,-4.6273,-0.8307,0.5373,1739334741637.686
2456,2008421632,0,-0.7601,3.0513,-5.0231,-4.6181,-0.7856,0.5373,1739334741647.6875
2457,2176193792,0,-0.714,3.0744,-5.0231,-4.6552,-0.7314,0.544,1739334741657.6892
2458,2343965952,0,-0.6449,3.005,-4.8909,-4.6273,-0.6682,0.5507,1739334741667.6907
2459,2511738112,0,-0.5988,2.9357,-4.8909,-4.553,-0.6772,0.5373,1739334741677.6921
2460,2679510272,0,-0.6679,2.9126,-5.0231,-4.488,-0.7314,0.5239,1739334741687.6936
2461,2847282432,0,-0.714,2.9357,-5.0231,-4.5065,-0.7675,0.5104,1739334741697.695
2462,3015054592,0,-0.7601,3.005,-5.1553,-4.5809,-0.8127,0.4903,1739334741707.6965
2463,3182826752,0,-0.8292,3.0282,-5.1553,-4.6181,-0.8759,0.497,1739334741717.698
2464,3350598912,0,-0.8983,3.0744,-5.2875,-4.6366,-0.9301,0.497,1739334741727.6997
2465,3518371072,0,-0.9213,3.0975,-5.2875,-4.6738,-0.9391,0.4836,1739334741737.7012
2466,3686143232,0,-0.9443,3.1206,-5.1553,-4.6924,-0.9662,0.4769,1739334741747.7026
2467,3853915392,0,-0.9904,3.1206,-5.1553,-4.6738,-1.0294,0.4567,1739334741757.704
2468,4021687552,0,-1.0595,3.1206,-5.2875,-4.6645,-1.0655,0.4567,1739334741767.7056
2469,4189459712,0,-1.1286,3.0513,-5.4196,-4.6459,-1.1287,0.4567,1739334741777.707
2470,62330112,0,-1.1747,3.0282,-5.4196,-4.5995,-1.1739,0.45,1739334741787.7085
2471,230102272,0,-1.2207,3.005,-5.4196,-4.5809,-1.219,0.45,1739334741797.7102
2472,397874432,0,-1.2207,2.9819,-5.4196,-4.5716,-1.21,0.4231,1739334741807.7117
2473,565646592,0,-1.1516,3.0513,-5.4196,-4.6181,-1.1648,0.4164,1739334741817.7131
2474,733418752,0,-1.0825,3.0513,-5.4196,-4.5995,-1.1378,0.4164,1739334741827.7146
2475,901190912,0,-1.0595,2.9588,-5.4196,-4.5251,-1.1107,0.403,1739334741837.716
2476,1068963072,0,-1.0595,2.8895,-5.5518,-4.4508,-1.1107,0.3828,1739334741847.7175
2477,1236735232,0,-1.0134,2.8432,-5.5518,-4.395,-1.0565,0.3627,1739334741857.7192
2478,1404507392,0,-0.9674,2.7739,-5.4196,-4.3579,-1.0113,0.3627,1739334741867.7207
2479,1572279552,0,-0.8522,2.7045,-5.4196,-4.2928,-0.921,0.3425,1739334741877.7222
2480,1740051712,0,-0.7601,2.7045,-5.1553,-4.2278,-0.8307,0.3224,1739334741887.7236
2481,1907823872,0,-0.6679,2.5889,-5.1553,-4.1256,-0.7765,0.3089,1739334741897.725
2482,2075596032,0,-0.6219,2.4271,-5.2875,-3.9769,-0.7314,0.2888,1739334741907.7266
2483,2243368192,0,-0.5758,2.3116,-5.4196,-3.8468,-0.7043,0.2418,1739334741917.728
2484,2411140352,0,-0.5067,2.3116,-5.4196,-3.7818,-0.6321,0.2082,1739334741927.7297
2485,2578912512,0,-0.3455,2.2884,-5.2875,-3.7539,-0.5418,0.188,1739334741937.7312
2486,2746684672,0,-0.2533,2.1497,-5.1553,-3.6424,-0.4785,0.1544,1739334741947.7327
2487,2914456832,0,-0.2533,2.0804,-5.2875,-3.5588,-0.4785,0.1007,1739334741957.7341
2488,3082228992,0,-0.3455,2.0573,-5.1553,-3.4844,-0.5237,0.0604,1739334741967.7356
2489,3250001152,0,-0.3685,2.011,-5.2875,-3.4287,-0.5689,0.0134,1739334741977.737
2490,3417773312,0,-0.3915,1.9879,-5.4196,-3.3451,-0.605,-0.0335,1739334741987.7385
2491,3585545472,0,-0.3455,1.9879,-5.4196,-3.3265,-0.5959,-0.0806,1739334741997.7402
2492,3753317632,0,-0.2764,1.8955,-5.2875,-3.2428,-0.5508,-0.1209,1739334742007.7417
2493,3921089792,0,-0.2994,1.8492,-5.4196,-3.1778,-0.5508,-0.1746,1739334742017.7432
2494,4088861952,0,-0.3685,1.7799,-5.684,-3.0849,-0.6411,-0.235,1739334742027.7446
2495,4256634112,0,-0.4606,1.7799,-5.8162,-3.0291,-0.7133,-0.2821,1739334742037.746
2496,129504512,0,-0.3915,1.7799,-5.8162,-3.0198,-0.6772,-0.3291,1739334742047.7476
2497,297276672,0,-0.2994,1.8261,-5.4196,-3.0198,-0.614,-0.3828,1739334742057.749
2498,465048832,0,-0.3224,1.7337,-5.4196,-2.9362,-0.5959,-0.4298,1739334742067.7507
2499,632820992,0,-0.3455,1.7105,-5.5518,-2.8805,-0.6321,-0.4701,1739334742077.7522
2500,800593152,0,-0.3224,1.7337,-5.5518,-2.8247,-0.6592,-0.5104,1739334742087.7537
2501,968365312,0,-0.3455,1.6643,-5.684,-2.7504,-0.6592,-0.5507,1739334742097.7551
2502,1136137472,0,-0.4146,1.595,-5.5518,-2.6482,-0.7224,-0.5776,1739334742107.7566
2503,1303909632,0,-0.4606,1.595,-5.5518,-2.5924,-0.7675,-0.6179,1739334742117.758
2504,1471681792,0,-0.4837,1.5718,-5.684,-2.5552,-0.7765,-0.6515,1739334742127.7595
2505,1639453952,0,-0.5297,1.4563,-5.684,-2.4809,-0.8127,-0.6851,1739334742137.7612
2506,1807226112,0,-0.6449,1.4563,-5.684,-2.4623,-0.8939,-0.7052,1739334742147.7627
2507,1974998272,0,-0.7831,1.4563,-5.8162,-2.4066,-1.0204,-0.7254,1739334742157.7642
2508,2142770432,0,-0.8522,1.4563,-5.9484,-2.4344,-1.0926,-0.7455,1739334742167.7656
2509,2310542592,0,-0.8983,1.4794,-5.9484,-2.4251,-1.1378,-0.759,1739334742177.767
2510,2478314752,0,-0.9674,1.595,-5.8162,-2.5274,-1.1919,-0.7724,1739334742187.7686
2511,2646086912,0,-1.1056,1.5718,-5.8162,-2.5367,-1.2913,-0.7791,1739334742197.77
2512,2813859072,0,-1.2438,1.6181,-5.9484,-2.5552,-1.4267,-0.7926,1739334742207.7717
2513,2981631232,0,-1.3359,1.7105,-5.8162,-2.6203,-1.526,-0.7926,1739334742217.7732
2514,3149403392,0,-1.3359,1.7105,-5.8162,-2.6389,-1.5441,-0.7926,1739334742227.7747
2515,3317175552,0,-1.405,1.6643,-5.8162,-2.611,-1.5802,-0.7926,1739334742237.7761
2516,3484947712,0,-1.4971,1.6643,-5.9484,-2.5738,-1.6434,-0.7993,1739334742247.7776
2517,3652719872,0,-1.5202,1.7105,-5.9484,-2.6017,-1.6525,-0.7926,1739334742257.779
2518,3820492032,0,-1.4971,1.6874,-5.9484,-2.5831,-1.6434,-0.7926,1739334742267.7805
2519,3988264192,0,-1.5432,1.6181,-5.8162,-2.5274,-1.6615,-0.7926,1739334742277.7822
2520,4156036352,0,-1.5662,1.6412,-5.8162,-2.4995,-1.6796,-0.7858,1739334742287.7837
2521,28906752,0,-1.6123,1.6412,-5.8162,-2.4995,-1.6886,-0.7791,1739334742297.7852
2522,196678912,0,-1.6123,1.6412,-5.9484,-2.5088,-1.7157,-0.7791,1739334742307.7866
2523,364451072,0,-1.5893,1.6643,-6.0806,-2.5459,-1.7067,-0.7791,1739334742317.788
2524,532223232,0,-1.5432,1.7337,-6.0806,-2.6017,-1.6525,-0.7657,1739334742327.7896
2525,699995392,0,-1.5662,1.7337,-5.9484,-2.611,-1.6344,-0.7455,1739334742337.791
2526,867767552,0,-1.5432,1.7105,-5.9484,-2.5924,-1.6434,-0.7388,1739334742347.7927
2527,1035539712,0,-1.5432,1.7568,-5.9484,-2.6203,-1.6615,-0.7388,1739334742357.7942
2528,1203311872,0,-1.5893,1.7799,-5.9484,-2.6389,-1.6615,-0.7321,1739334742367.7957
2529,1371084032,0,-1.5662,1.7799,-6.0806,-2.6482,-1.6796,-0.7254,1739334742377.797
2530,1538856192,0,-1.5432,1.803,-6.0806,-2.6667,-1.6525,-0.7187,1739334742387.7986
2531,1706628352,0,-1.5432,1.8955,-5.8162,-2.7225,-1.6525,-0.7119,1739334742397.8
2532,1874400512,0,-1.5202,1.9417,-5.8162,-2.7782,-1.6615,-0.7119,1739334742407.8015
2533,2042172672,0,-1.6123,2.0342,-5.8162,-2.8619,-1.7337,-0.7052,1739334742417.8032
2534,2209944832,0,-1.7044,2.1266,-5.9484,-2.9734,-1.8331,-0.7052,1739334742427.8047
2535,2377716992,0,-1.7966,2.2422,-5.8162,-3.0756,-1.9053,-0.6784,1739334742437.8062
2536,2545489152,0,-1.7966,2.3116,-5.8162,-3.1499,-1.9776,-0.6582,1739334742447.8076
2537,2713261312,0,-1.8657,2.3809,-5.8162,-3.2428,-2.0317,-0.6381,1739334742457.809
2538,2881033472,0,-1.9578,2.4734,-5.684,-3.3172,-2.0949,-0.6112,1739334742467.8105
2539,3048805632,0,-2.0499,2.4965,-5.8162,-3.3543,-2.1943,-0.5843,1739334742477.8123
2540,3216577792,0,-2.1881,2.5427,-5.8162,-3.4287,-2.3026,-0.5507,1739334742487.8137
2541,3384349952,0,-2.3033,2.6814,-5.684,-3.5309,-2.402,-0.5239,1739334742497.8152
2542,3552122112,0,-2.3724,2.7276,-5.684,-3.6145,-2.4652,-0.497,1739334742507.8167
2543,3719894272,0,-2.4185,2.7276,-5.8162,-3.6424,-2.5194,-0.4769,1739334742517.818
2544,3887666432,0,-2.4415,2.7739,-5.684,-3.6981,-2.5645,-0.45,1739334742527.8196
2545,4055438592,0,-2.4185,2.8201,-5.684,-3.7446,-2.5465,-0.4298,1739334742537.821
2546,4223210752,0,-2.3954,2.7739,-5.684,-3.7446,-2.5194,-0.403,1739334742547.8228
2547,96081152,0,-2.4185,2.8432,-5.5518,-3.7725,-2.5194,-0.3761,1739334742557.8242
2548,263853312,0,-2.3724,2.8201,-5.5518,-3.8004,-2.5284,-0.3492,1739334742567.8257
2549,431625472,0,-2.4185,2.797,-5.684,-3.8004,-2.5465,-0.3224,1739334742577.8271
2550,599397632,0,-2.4645,2.797,-5.684,-3.8004,-2.5555,-0.3156,1739334742587.8286
2551,767169792,0,-2.4876,2.7739,-5.684,-3.8004,-2.5465,-0.2821,1739334742597.83
2552,934941952,0,-2.4645,2.797,-5.5518,-3.8189,-2.5374,-0.2619,1739334742607.8315
2553,1102714112,0,-2.3724,2.7739,-5.684,-3.8468,-2.4652,-0.2418,1739334742617.8333
2554,1270486272,0,-2.3033,2.7045,-5.5518,-3.8004,-2.3929,-0.2283,1739334742627.8347
2555,1438258432,0,-2.2112,2.6352,-5.684,-3.7446,-2.3297,-0.2283,1739334742637.8362
2556,1606030592,0,-2.119,2.6583,-5.684,-3.7353,-2.2575,-0.2149,1739334742647.8376
2557,1773802752,0,-2.0269,2.6583,-5.5518,-3.7446,-2.1582,-0.2082,1739334742657.839
2558,1941574912,0,-1.9348,2.6121,-5.684,-3.726,-2.0859,-0.1947,1739334742667.8406
2559,2109347072,0,-1.9117,2.5889,-5.684,-3.6889,-2.0588,-0.1947,1739334742677.842
2560,2277119232,0,-1.8887,2.5889,-5.684,-3.7074,-2.0498,-0.188,1739334742687.8438
2561,2444891392,0,-1.8887,2.6352,-5.684,-3.7818,-2.0498,-0.1947,1739334742697.8452
2562,2612663552,0,-1.8887,2.7276,-5.8162,-3.8468,-2.0498,-0.1813,1739334742707.8467
2563,2780435712,0,-1.8657,2.7508,-5.8162,-3.8933,-2.0408,-0.1746,1739334742717.8481
2564,2948207872,0,-1.8426,2.7508,-5.684,-3.9119,-2.0046,-0.188,1739334742727.8496
2565,3115980032,0,-1.7966,2.7045,-5.5518,-3.8747,-1.9866,-0.1947,1739334742737.851
2566,3283752192,0,-1.7966,2.6583,-5.5518,-3.8375,-1.9956,-0.2082,1739334742747.8525
2567,3451524352,0,-1.7966,2.6814,-5.5518,-3.8189,-1.9866,-0.2082,1739334742757.8542
2568,3619296512,0,-1.7966,2.7045,-5.5518,-3.8468,-1.9595,-0.2216,1739334742767.8557
2569,3787068672,0,-1.7966,2.6583,-5.5518,-3.8282,-1.9776,-0.2082,1739334742777.8572
2570,3954840832,0,-1.7966,2.6121,-5.684,-3.7632,-2.0227,-0.2149,1739334742787.8586
2571,4122612992,0,-1.8426,2.6121,-5.684,-3.7632,-2.0408,-0.2216,1739334742797.86
2572,4290385152,0,-1.7966,2.6352,-5.5518,-3.7911,-2.0227,-0.2149,1739334742807.8616
2573,163255552,0,-1.8196,2.6121,-5.4196,-3.7818,-2.0408,-0.2216,1739334742817.863
2574,331027712,0,-1.8887,2.5427,-5.4196,-3.7446,-2.104,-0.2283,1739334742827.8647
2575,498799872,0,-1.9578,2.5196,-5.5518,-3.6981,-2.1762,-0.2418,1739334742837.8662
2576,666572032,0,-2.0039,2.4965,-5.5518,-3.6703,-2.2214,-0.2552,1739334742847.8677
2577,834344192,0,-2.0499,2.4965,-5.5518,-3.661,-2.2394,-0.2619,1739334742857.8691
2578,1002116352,0,-2.0269,2.4271,-5.684,-3.6331,-2.2304,-0.2686,1739334742867.8706
2579,1169888512,0,-1.9808,2.404,-5.5518,-3.5959,-2.2033,-0.2821,1739334742877.872
2580,1337660672,0,-1.9348,2.3347,-5.5518,-3.4937,-2.1672,-0.3022,1739334742887.8735
2581,1505432832,0,-1.8657,2.2422,-5.5518,-3.4008,-2.1311,-0.3224,1739334742897.8752
2582,1673204992,0,-1.8426,2.196,-5.5518,-3.3358,-2.0859,-0.3492,1739334742907.8767
2583,1840977152,0,-1.7735,2.1497,-5.4196,-3.2614,-2.0046,-0.3694,1739334742917.8782
2584,2008749312,0,-1.7044,2.0342,-5.5518,-3.1499,-1.9595,-0.403,1739334742927.8796
2585,2176521472,0,-1.6814,1.9648,-5.5518,-3.0663,-1.9234,-0.4433,1739334742937.881
2586,2344293632,0,-1.6353,2.0342,-5.5518,-3.0849,-1.8873,-0.4567,1739334742947.8826
2587,2512065792,0,-1.5893,1.9879,-5.4196,-3.0663,-1.8692,-0.4836,1739334742957.884
2588,2679837952,0,-1.6123,1.9417,-5.5518,-3.0291,-1.8692,-0.5104,1739334742967.8857
2589,2847610112,0,-1.5662,1.9648,-5.4196,-3.0105,-1.8511,-0.5306,1739334742977.8872
2590,3015382272,0,-1.5202,1.9186,-5.2875,-2.9455,-1.815,-0.5575,1739334742987.8887
2591,3183154432,0,-1.4741,1.9417,-5.2875,-2.9362,-1.7879,-0.591,1739334742997.8901
2592,3350926592,0,-1.4741,1.8955,-5.2875,-2.8897,-1.7608,-0.6112,1739334743007.8916
2593,3518698752,0,-1.4741,1.9879,-5.1553,-2.9548,-1.7518,-0.6246,1739334743017.893
2594,3686470912,0,-1.4741,2.0342,-5.1553,-2.9827,-1.7428,-0.6448,1739334743027.8945
2595,3854243072,0,-1.5202,1.9879,-5.1553,-2.9176,-1.7789,-0.6582,1739334743037.8962
2596,4022015232,0,-1.5893,2.0573,-5.2875,-2.9548,-1.8511,-0.6784,1739334743047.8977
2597,4189787392,0,-1.5432,2.0804,-5.2875,-2.9827,-1.8421,-0.6985,1739334743057.8992
2598,62657792,0,-1.5202,2.0342,-5.4196,-2.9641,-1.806,-0.7052,1739334743067.9006
2599,230429952,0,-1.4741,2.0342,-5.4196,-2.9641,-1.797,-0.7187,1739334743077.902
2600,398202112,0,-1.4741,2.0804,-5.4196,-3.0013,-1.7789,-0.7187,1739334743087.9036
2601,565974272,0,-1.4971,2.0573,-5.4196,-2.9827,-1.797,-0.7254,1739334743097.905
2602,733746432,0,-1.5893,2.0342,-5.5518,-2.9362,-1.8692,-0.7254,1739334743107.9067
2603,901518592,0,-1.6584,1.9879,-5.5518,-2.899,-1.9234,-0.7321,1739334743117.9082
2604,1069290752,0,-1.6814,2.011,-5.5518,-2.9269,-1.9414,-0.7388,1739334743127.9097
2605,1237062912,0,-1.6584,2.0342,-5.5518,-2.9362,-1.9324,-0.7388,1739334743137.9111
2606,1404835072,0,-1.6584,2.011,-5.5518,-2.9269,-1.9234,-0.7388,1739334743147.9126
2607,1572607232,0,-1.6584,1.9879,-5.5518,-2.899,-1.9053,-0.7254,1739334743157.914
2608,1740379392,0,-1.6814,1.9186,-5.684,-2.8619,-1.9053,-0.7321,1739334743167.9158
2609,1908151552,0,-1.7275,1.9417,-5.5518,-2.8526,-1.9324,-0.7388,1739334743177.9172
2610,2075923712,0,-1.7275,2.011,-5.5518,-2.899,-1.9595,-0.7254,1739334743187.9187
2611,2243695872,0,-1.7275,2.0342,-5.5518,-2.9269,-1.9595,-0.7187,1739334743197.9202
2612,2411468032,0,-1.7275,2.0342,-5.5518,-2.9176,-1.9595,-0.7119,1739334743207.9216
2613,2579240192,0,-1.7044,1.9417,-5.684,-2.8805,-1.9505,-0.7119,1739334743217.923
2614,2747012352,0,-1.7044,1.9417,-5.684,-2.8712,-1.9234,-0.7119,1739334743227.9246
2615,2914784512,0,-1.6353,1.9648,-5.684,-2.8897,-1.8782,-0.7052,1739334743237.9263
2616,3082556672,0,-1.5893,2.011,-5.5518,-2.8897,-1.815,-0.7052,1739334743247.9277
2617,3250328832,0,-1.5432,1.9879,-5.5518,-2.8805,-1.7879,-0.7052,1739334743257.9292
2618,3418100992,0,-1.5202,1.9417,-5.2875,-2.8433,-1.7699,-0.6985,1739334743267.9307
2619,3585873152,0,-1.4511,1.9186,-5.2875,-2.834,-1.7157,-0.6918,1739334743277.9321
2620,3753645312,0,-1.405,1.9417,-5.2875,-2.834,-1.6796,-0.6918,1739334743287.9336
2621,3921417472,0,-1.382,1.9879,-5.2875,-2.8712,-1.6434,-0.6851,1739334743297.935
2622,4089189632,0,-1.3359,1.9879,-5.2875,-2.8805,-1.6073,-0.6851,1739334743307.9368
2623,4256961792,0,-1.3589,2.011,-5.2875,-2.899,-1.5983,-0.6716,1739334743317.9382
2624,129832192,0,-1.405,1.9417,-5.4196,-2.8712,-1.6344,-0.6716,1739334743327.9397
2625,297604352,0,-1.428,1.9648,-5.4196,-2.8805,-1.6434,-0.6649,1739334743337.9412
2626,465376512,0,-1.428,2.0342,-5.4196,-2.9641,-1.6434,-0.6582,1739334743347.9426
2627,633148672,0,-1.3589,2.1035,-5.4196,-3.0477,-1.6073,-0.6448,1739334743357.944
2628,800920832,0,-1.3589,2.1035,-5.4196,-3.0849,-1.5983,-0.6313,1739334743367.9456
2629,968692992,0,-1.3359,2.1729,-5.4196,-3.122,-1.5983,-0.6246,1739334743377.9473
2630,1136465152,0,-1.3359,2.196,-5.4196,-3.1592,-1.6163,-0.6112,1739334743387.9487
2631,1304237312,0,-1.428,2.2884,-5.5518,-3.215,-1.6796,-0.5978,1739334743397.9502
2632,1472009472,0,-1.5202,2.3578,-5.4196,-3.2986,-1.7428,-0.591,1739334743407.9517
2633,1639781632,0,-1.5893,2.4271,-5.4196,-3.3729,-1.824,-0.5776,1739334743417.9531
2634,1807553792,0,-1.6814,2.5427,-5.4196,-3.4844,-1.8873,-0.544,1739334743427.9546
2635,1975325952,0,-1.7735,2.6583,-5.5518,-3.6052,-1.9685,-0.5104,1739334743437.956
2636,2143098112,0,-1.8196,2.797,-5.5518,-3.7446,-2.0317,-0.4836,1739334743447.9578
2637,2310870272,0,-1.8887,2.797,-5.684,-3.8097,-2.0949,-0.4366,1739334743457.9592
2638,2478642432,0,-1.9808,2.8201,-5.684,-3.8468,-2.1672,-0.403,1739334743467.9607
2639,2646414592,0,-2.073,2.9357,-5.5518,-3.9212,-2.2304,-0.3627,1739334743477.9622
2640,2814186752,0,-2.1651,2.9588,-5.4196,-3.9955,-2.3117,-0.3291,1739334743487.9636
2641,2981958912,0,-2.2112,3.0282,-5.2875,-4.1163,-2.3659,-0.2888,1739334743497.965
2642,3149731072,0,-2.2342,3.1206,-5.4196,-4.2092,-2.402,-0.2485,1739334743507.9666
2643,3317503232,0,-2.2342,3.19,-5.4196,-4.3393,-2.402,-0.1947,1739334743517.9683
2644,3485275392,0,-2.3033,3.3055,-5.2875,-4.4508,-2.4381,-0.141,1739334743527.9697
2645,3653047552,0,-2.3494,3.3055,-5.5518,-4.5065,-2.4742,-0.094,1739334743537.9712
2646,3820819712,0,-2.3263,3.398,-5.5518,-4.5902,-2.4471,-0.0403,1739334743547.9727
2647,3988591872,0,-2.2342,3.4442,-5.4196,-4.6552,-2.3478,0.0067,1739334743557.974
2648,4156364032,0,-2.1421,3.4211,-5.4196,-4.6738,-2.2304,0.0671,1739334743567.9756
2649,29234432,0,-2.096,3.3749,-5.4196,-4.6552,-2.1762,0.1209,1739334743577.977
2650,197006592,0,-2.0499,3.3518,-5.4196,-4.6645,-2.1491,0.1679,1739334743587.9788
2651,364778752,0,-2.0039,3.3518,-5.5518,-4.6831,-2.0769,0.2149,1739334743597.9802
2652,532550912,0,-1.9348,3.3287,-5.5518,-4.7017,-2.0046,0.2619,1739334743607.9817
2653,700323072,0,-1.7966,3.3055,-5.5518,-4.7203,-1.8692,0.2955,1739334743617.9832
2654,868095232,0,-1.7275,3.2362,-5.5518,-4.6645,-1.7337,0.3291,1739334743627.9846
2655,1035867392,0,-1.7044,3.1668,-5.5518,-4.6273,-1.6796,0.3559,1739334743637.986
2656,1203639552,0,-1.6353,3.1206,-5.5518,-4.5995,-1.6344,0.3895,1739334743647.9875
2657,1371411712,0,-1.5432,3.0744,-5.5518,-4.553,-1.5351,0.4231,1739334743657.9893
2658,1539183872,0,-1.4511,3.0513,-5.4196,-4.5623,-1.4538,0.45,1739334743667.9907
2659,1706956032,0,-1.382,3.0975,-5.4196,-4.5995,-1.3906,0.4836,1739334743677.9922
2660,1874728192,0,-1.3589,3.0744,-5.5518,-4.6273,-1.3454,0.5104,1739334743687.9937
2661,2042500352,0,-1.3129,3.1437,-5.4196,-4.711,-1.3093,0.5373,1739334743697.995
2662,2210272512,0,-1.2438,3.1206,-5.5518,-4.7296,-1.2461,0.5709,1739334743707.9966
2663,2378044672,0,-1.1516,3.1206,-5.5518,-4.776,-1.1468,0.5843,1739334743717.998
2664,2545816832,0,-1.1286,3.1668,-5.5518,-4.7853,-1.0926,0.6045,1739334743727.9998
2665,2713588992,0,-1.0825,3.2131,-5.4196,-4.8225,-1.0836,0.6179,1739334743738.0012
2666,2881361152,0,-1.0825,3.1668,-5.2875,-4.7946,-1.0926,0.6246,1739334743748.0027
2667,3049133312,0,-1.1056,3.1206,-5.4196,-4.7574,-1.1287,0.6112,1739334743758.0042
2668,3216905472,0,-1.1516,3.1206,-5.5518,-4.7667,-1.1648,0.591,1739334743768.0056
2669,3384677632,0,-1.1747,3.19,-5.5518,-4.8318,-1.1829,0.591,1739334743778.007
2670,3552449792,0,-1.1286,3.19,-5.5518,-4.8596,-1.1648,0.5978,1739334743788.0088
2671,3720221952,0,-1.0825,3.1668,-5.4196,-4.8318,-1.1468,0.5843,1739334743798.0103
2672,3887994112,0,-1.0595,3.2131,-5.4196,-4.8411,-1.1287,0.5709,1739334743808.0117
2673,4055766272,0,-1.0595,3.2131,-5.4196,-4.8875,-1.1378,0.5575,1739334743818.0132
2674,4223538432,0,-1.1056,3.2824,-5.2875,-4.9154,-1.1919,0.5507,1739334743828.0146
2675,96408832,0,-1.1977,3.3287,-5.4196,-4.9804,-1.2551,0.544,1739334743838.016
2676,264180992,0,-1.2207,3.398,-5.2875,-5.0455,-1.2822,0.5306,1739334743848.0176
2677,431953152,0,-1.2207,3.3518,-5.4196,-5.0548,-1.3274,0.5306,1739334743858.0193
2678,599725312,0,-1.2898,3.3287,-5.4196,-5.0269,-1.3816,0.5239,1739334743868.0208
2679,767497472,0,-1.3129,3.3518,-5.4196,-5.0362,-1.4357,0.5172,1739334743878.0222
2680,935269632,0,-1.382,3.398,-5.5518,-5.0734,-1.4899,0.5037,1739334743888.0237
2681,1103041792,0,-1.4511,3.398,-5.5518,-5.0919,-1.5622,0.4903,1739334743898.0251
2682,1270813952,0,-1.4741,3.4674,-5.684,-5.1663,-1.6163,0.4903,1739334743908.0266
2683,1438586112,0,-1.5432,3.5367,-5.684,-5.2406,-1.6525,0.497,1739334743918.028
2684,1606358272,0,-1.5662,3.5367,-5.5518,-5.2592,-1.6796,0.5037,1739334743928.0298
2685,1774130432,0,-1.5662,3.5367,-5.684,-5.2592,-1.6796,0.4903,1739334743938.0312
2686,1941902592,0,-1.5202,3.4905,-5.5518,-5.2127,-1.6525,0.4769,1739334743948.0327
2687,2109674752,0,-1.405,3.4211,-5.5518,-5.1384,-1.5802,0.45,1739334743958.0342
2688,2277446912,0,-1.3589,3.3518,-5.684,-5.0548,-1.4809,0.4231,1739334743968.0356
2689,2445219072,0,-1.2438,3.2593,-5.684,-4.9619,-1.3725,0.3963,1739334743978.037
2690,2612991232,0,-1.1286,3.19,-5.5518,-4.8503,-1.2822,0.3895,1739334743988.0386
2691,2780763392,0,-1.0595,3.1206,-5.5518,-4.776,-1.21,0.3559,1739334743998.0403
2692,2948535552,0,-0.9674,3.0513,-5.5518,-4.7296,-1.1468,0.3358,1739334744008.0417
2693,3116307712,0,-0.8983,3.0744,-5.4196,-4.711,-1.1016,0.3089,1739334744018.0432
2694,3284079872,0,-0.8061,3.005,-5.4196,-4.6645,-1.0384,0.2888,1739334744028.0447
2695,3451852032,0,-0.7601,2.9588,-5.4196,-4.6088,-0.9933,0.2552,1739334744038.0461
2696,3619624192,0,-0.6679,2.9819,-5.4196,-4.5995,-0.9301,0.2149,1739334744048.0476
2697,3787396352,0,-0.5988,2.9819,-5.4196,-4.5623,-0.8668,0.1813,1739334744058.049
2698,3955168512,0,-0.5297,2.9126,-5.2875,-4.5065,-0.8398,0.141,1739334744068.0508
2699,4122940672,0,-0.4606,2.8895,-5.2875,-4.4787,-0.8127,0.1074,1739334744078.0522
2700,4290712832,0,-0.4606,2.8663,-5.2875,-4.4322,-0.7946,0.0873,1739334744088.0537
2701,163583232,0,-0.4606,2.9126,-5.2875,-4.4694,-0.8036,0.0537,1739334744098.0552
2702,331355392,0,-0.5297,2.9126,-5.4196,-4.4415,-0.8488,0.0134,1739334744108.0566
2703,499127552,0,-0.5528,2.9588,-5.4196,-4.4694,-0.8849,-0.0067,1739334744118.058
2704,666899712,0,-0.5067,2.9588,-5.2875,-4.4601,-0.8759,-0.0403,1739334744128.0596
2705,834671872,0,-0.4837,3.005,-5.2875,-4.4694,-0.8578,-0.0671,1739334744138.0613
2706,1002444032,0,-0.4606,3.0282,-5.4196,-4.4415,-0.8307,-0.0873,1739334744148.0627
2707,1170216192,0,-0.5297,3.0744,-5.2875,-4.4694,-0.8759,-0.1074,1739334744158.0642
2708,1337988352,0,-0.5758,3.1437,-5.2875,-4.5251,-0.9391,-0.1276,1739334744168.0657
2709,1505760512,0,-0.6449,3.1206,-5.4196,-4.5158,-0.9662,-0.1477,1739334744178.0671
2710,1673532672,0,-0.6679,3.2131,-5.4196,-4.5809,-0.9752,-0.1679,1739334744188.0686
2711,1841304832,0,-0.5988,3.19,-5.2875,-4.5809,-0.9301,-0.1813,1739334744198.07
2712,2009076992,0,-0.5758,3.0975,-5.2875,-4.4787,-0.8939,-0.2015,1739334744208.0718
2713,2176849152,0,-0.6219,3.0744,-5.2875,-4.4043,-0.921,-0.2216,1739334744218.0732
2714,2344621312,0,-0.6449,3.0975,-5.2875,-4.4136,-0.9752,-0.2283,1739334744228.0747
2715,2512393472,0,-0.714,3.1437,-5.4196,-4.4322,-1.0113,-0.2216,1739334744238.0762
2716,2680165632,0,-0.8061,3.0744,-5.5518,-4.395,-1.0745,-0.2216,1739334744248.0776
2717,2847937792,0,-0.8752,3.0282,-5.4196,-4.3672,-1.1287,-0.2216,1739334744258.079
2718,3015709952,0,-0.8752,3.0513,-5.4196,-4.3486,-1.1107,-0.2283,1739334744268.0806
2719,3183482112,0,-0.8522,2.9819,-5.4196,-4.2928,-1.0926,-0.2283,1739334744278.0823
2720,3351254272,0,-0.8752,2.9357,-5.2875,-4.2185,-1.1016,-0.2283,1739334744288.0837
2721,3519026432,0,-0.8983,2.8895,-5.4196,-4.1627,-1.1197,-0.2418,1739334744298.0852
2722,3686798592,0,-0.9213,2.8432,-5.4196,-4.1163,-1.1468,-0.2418,1739334744308.0867
2723,3854570752,0,-0.9674,2.8432,-5.4196,-4.0791,-1.1919,-0.2418,1739334744318.0881
2724,4022342912,0,-0.9904,2.8201,-5.4196,-4.0605,-1.1919,-0.2418,1739334744328.0896
2725,4190115072,0,-0.9904,2.8201,-5.4196,-4.0605,-1.201,-0.2216,1739334744338.091
2726,62985472,0,-0.9443,2.8432,-5.2875,-4.0605,-1.1739,-0.2283,1739334744348.0928
2727,230757632,0,-0.9213,2.8663,-5.2875,-4.0977,-1.1378,-0.2216,1739334744358.0942
2728,398529792,0,-0.9213,2.7739,-5.2875,-4.0419,-1.1378,-0.2082,1739334744368.0957
2729,566301952,0,-0.9443,2.7739,-5.2875,-3.9769,-1.1558,-0.2015,1739334744378.0972
2730,734074112,0,-1.0134,2.7739,-5.2875,-3.9769,-1.201,-0.1947,1739334744388.0986
2731,901846272,0,-0.9904,2.797,-5.2875,-3.9955,-1.219,-0.2015,1739334744398.1
2732,1069618432,0,-1.0365,2.797,-5.2875,-4.0048,-1.2461,-0.2015,1739334744408.1016
2733,1237390592,0,-1.0595,2.797,-5.2875,-3.9862,-1.2913,-0.2082,1739334744418.1033
2734,1405162752,0,-1.0825,2.797,-5.2875,-4.0048,-1.3093,-0.2149,1739334744428.1047
2735,1572934912,0,-1.1056,2.797,-5.2875,-3.9955,-1.3274,-0.2082,1739334744438.1062
2736,1740707072,0,-1.1286,2.7739,-5.1553,-3.9676,-1.3454,-0.2082,1739334744448.1077
2737,1908479232,0,-1.2207,2.797,-5.2875,-3.9676,-1.3816,-0.2082,1739334744458.1091
2738,2076251392,0,-1.2207,2.797,-5.2875,-3.9397,-1.4087,-0.2149,1739334744468.1106
2739,2244023552,0,-1.2668,2.7508,-5.2875,-3.9119,-1.4267,-0.2015,1739334744478.1123
2740,2411795712,0,-1.2898,2.7276,-5.2875,-3.8747,-1.4628,-0.2149,1739334744488.1138
2741,2579567872,0,-1.3359,2.7508,-5.4196,-3.8468,-1.499,-0.2283,1739334744498.1152
2742,2747340032,0,-1.382,2.7508,-5.4196,-3.8561,-1.5441,-0.2283,1739334744508.1167
2743,2915112192,0,-1.4511,2.7045,-5.2875,-3.8282,-1.6163,-0.2283,1739334744518.1182
2744,3082884352,0,-1.5893,2.7276,-5.2875,-3.8189,-1.7067,-0.2485,1739334744528.1196
2745,3250656512,0,-1.6814,2.7508,-5.2875,-3.8654,-1.797,-0.2418,1739334744538.121
2746,3418428672,0,-1.7275,2.8201,-5.2875,-3.9026,-1.8421,-0.2418,1739334744548.1228
2747,3586200832,0,-1.7735,2.8663,-5.4196,-3.9583,-1.8782,-0.2283,1739334744558.1243
2748,3753972992,0,-1.7735,2.8895,-5.2875,-3.9676,-1.9143,-0.2216,1739334744568.1257
2749,3921745152,0,-1.7966,2.8663,-5.2875,-3.9862,-1.9324,-0.2283,1739334744578.1272
2750,4089517312,0,-1.7966,2.8663,-5.2875,-3.9583,-1.9505,-0.2283,1739334744588.1287
2751,4257289472,0,-1.7966,2.8201,-5.4196,-3.9119,-1.9776,-0.2485,1739334744598.1301
2752,130159872,0,-1.8426,2.7739,-5.4196,-3.8747,-2.0137,-0.2485,1739334744608.1316
2753,297932032,0,-1.8887,2.7739,-5.4196,-3.8654,-2.0408,-0.2485,1739334744618.1333
2754,465704192,0,-1.9808,2.797,-5.4196,-3.8468,-2.0859,-0.2418,1739334744628.1348
2755,633476352,0,-2.0269,2.797,-5.4196,-3.8561,-2.1401,-0.2418,1739334744638.1362
2756,801248512,0,-2.0499,2.8432,-5.4196,-3.9026,-2.1943,-0.235,1739334744648.1377
2757,969020672,0,-2.0499,2.8895,-5.5518,-3.9583,-2.1852,-0.2283,1739334744658.1392
2758,1136792832,0,-2.0269,2.9126,-5.4196,-3.9862,-2.1762,-0.2216,1739334744668.1406
2759,1304564992,0,-1.9808,2.8895,-5.4196,-3.9955,-2.1491,-0.2149,1739334744678.142
2760,1472337152,0,-1.9578,2.8895,-5.2875,-3.9676,-2.122,-0.2149,1739334744688.1438
2761,1640109312,0,-1.8887,2.8432,-5.2875,-3.9583,-2.104,-0.2216,1739334744698.1453
2762,1807881472,0,-1.9117,2.8432,-5.2875,-3.9212,-2.0859,-0.2216,1739334744708.1467
2763,1975653632,0,-1.9348,2.797,-5.4196,-3.884,-2.0769,-0.2216,1739334744718.1482
2764,2143425792,0,-1.8887,2.7508,-5.4196,-3.8375,-2.0408,-0.2216,1739334744728.1497
2765,2311197952,0,-1.8887,2.7508,-5.4196,-3.8097,-2.0046,-0.2216,1739334744738.1511
2766,2478970112,0,-1.8426,2.7045,-5.4196,-3.7818,-1.9685,-0.2283,1739334744748.1526
2767,2646742272,0,-1.7966,2.7045,-5.4196,-3.7725,-1.9324,-0.2216,1739334744758.1543
2768,2814514432,0,-1.7505,2.7276,-5.2875,-3.7911,-1.9053,-0.2283,1739334744768.1558
2769,2982286592,0,-1.7275,2.7045,-5.2875,-3.7725,-1.8873,-0.235,1739334744778.1572
2770,3150058752,0,-1.7275,2.7276,-5.2875,-3.7539,-1.8782,-0.2418,1739334744788.1587
2771,3317830912,0,-1.7275,2.7045,-5.2875,-3.7539,-1.8782,-0.2418,1739334744798.1602
2772,3485603072,0,-1.7275,2.7045,-5.2875,-3.7725,-1.8602,-0.2418,1739334744808.1616
2773,3653375232,0,-1.7275,2.7276,-5.2875,-3.7818,-1.8692,-0.2418,1739334744818.163
2774,3821147392,0,-1.7275,2.7276,-5.4196,-3.7818,-1.8602,-0.235,1739334744828.1648
2775,3988919552,0,-1.7505,2.7276,-5.4196,-3.8097,-1.8511,-0.2283,1739334744838.1663
2776,4156691712,0,-1.7275,2.7276,-5.2875,-3.8004,-1.8602,-0.2216,1739334744848.1677
2777,29562112,0,-1.7735,2.7508,-5.4196,-3.8189,-1.8782,-0.235,1739334744858.1692
2778,197334272,0,-1.7735,2.7739,-5.2875,-3.8468,-1.8963,-0.235,1739334744868.1707
2779,365106432,0,-1.7966,2.7739,-5.4196,-3.8375,-1.9324,-0.2216,1739334744878.172
2780,532878592,0,-1.8196,2.7508,-5.4196,-3.8189,-1.9505,-0.2283,1739334744888.1736
2781,700650752,0,-1.7966,2.7276,-5.4196,-3.8189,-1.9505,-0.2418,1739334744898.1753
2782,868422912,0,-1.7966,2.797,-5.2875,-3.8747,-1.9324,-0.2418,1739334744908.1768
2783,1036195072,0,-1.7966,2.7739,-5.2875,-3.8933,-1.9143,-0.2485,1739334744918.1782
2784,1203967232,0,-1.7966,2.7276,-5.2875,-3.8282,-1.9234,-0.2418,1739334744928.1797
2785,1371739392,0,-1.7966,2.6814,-5.4196,-3.7911,-1.9143,-0.2552,1739334744938.1812
2786,1539511552,0,-1.7735,2.6121,-5.4196,-3.726,-1.8782,-0.2552,1739334744948.1826
2787,1707283712,0,-1.7275,2.5889,-5.2875,-3.6517,-1.824,-0.2619,1739334744958.184
2788,1875055872,0,-1.6814,2.4965,-5.1553,-3.5681,-1.7789,-0.2686,1739334744968.1858
2789,2042828032,0,-1.5893,2.4271,-5.1553,-3.5123,-1.6976,-0.2821,1739334744978.1873
2790,2210600192,0,-1.5432,2.3578,-5.1553,-3.4287,-1.6525,-0.3022,1739334744988.1887
2791,2378372352,0,-1.5432,2.2884,-5.2875,-3.3451,-1.6254,-0.3156,1739334744998.1902
2792,2546144512,0,-1.4971,2.196,-5.2875,-3.2707,-1.6163,-0.3358,1739334745008.1917
2793,2713916672,0,-1.4741,2.1266,-5.4196,-3.1778,-1.6073,-0.3627,1739334745018.193
2794,2881688832,0,-1.405,2.1497,-5.2875,-3.1685,-1.5531,-0.3895,1739334745028.1946
2795,3049460992,0,-1.2898,2.1266,-5.2875,-3.1592,-1.4628,-0.4164,1739334745038.1963
2796,3217233152,0,-1.2207,2.0342,-5.2875,-3.0477,-1.4087,-0.4366,1739334745048.1978
2797,3385005312,0,-1.1977,1.9879,-5.2875,-2.992,-1.3725,-0.4701,1739334745058.1992
2798,3552777472,0,-1.1977,1.9186,-5.0231,-2.8712,-1.3725,-0.497,1739334745068.2007
2799,3720549632,0,-1.2207,1.8955,-5.1553,-2.8154,-1.3906,-0.5373,1739334745078.2021
2800,3888321792,0,-1.1977,1.8723,-5.0231,-2.769,-1.3906,-0.5642,1739334745088.2036
2801,4056093952,0,-1.1516,1.8955,-5.1553,-2.7968,-1.3635,-0.5843,1739334745098.2053
2802,4223866112,0,-1.1056,1.8955,-5.2875,-2.7782,-1.3274,-0.6045,1739334745108.2068
2803,96736512,0,-1.0595,1.9186,-5.2875,-2.7968,-1.2642,-0.6179,1739334745118.2083
2804,264508672,0,-1.0825,1.8723,-5.1553,-2.7411,-1.2913,-0.6448,1739334745128.2097
2805,432280832,0,-1.1056,1.9417,-5.1553,-2.7968,-1.3274,-0.6851,1739334745138.2112
2806,600052992,0,-1.1977,1.9879,-5.1553,-2.8247,-1.3816,-0.6985,1739334745148.2126
2807,767825152,0,-1.1977,2.1035,-5.4196,-2.9455,-1.3996,-0.7052,1739334745158.214
2808,935597312,0,-1.1977,2.2191,-5.4196,-3.0756,-1.3906,-0.6985,1739334745168.2158
2809,1103369472,0,-1.2438,2.2653,-5.5518,-3.1592,-1.3906,-0.7052,1739334745178.2173
2810,1271141632,0,-1.3359,2.3578,-5.2875,-3.2057,-1.4719,-0.7321,1739334745188.2188
2811,1438913792,0,-1.3589,2.3578,-5.4196,-3.1964,-1.508,-0.7388,1739334745198.2202
2812,1606685952,0,-1.3589,2.404,-5.4196,-3.215,-1.4719,-0.759,1739334745208.2217
2813,1774458112,0,-1.2668,2.3347,-5.4196,-3.1592,-1.3996,-0.7724,1739334745218.2231
2814,1942230272,0,-1.1977,2.2422,-5.4196,-3.0291,-1.3635,-0.7926,1739334745228.2246
2815,2110002432,0,-1.1747,2.2191,-5.2875,-2.9734,-1.3364,-0.8261,1739334745238.2263
2816,2277774592,0,-1.1747,2.1266,-5.4196,-2.8805,-1.3454,-0.8329,1739334745248.2278
2817,2445546752,0,-1.2438,1.9879,-5.2875,-2.7504,-1.3996,-0.8329,1739334745258.2292
2818,2613318912,0,-1.3359,2.011,-5.1553,-2.7318,-1.4628,-0.8463,1739334745268.2307
2819,2781091072,0,-1.3129,2.0804,-5.2875,-2.7875,-1.4628,-0.8396,1739334745278.2322
2820,2948863232,0,-1.2668,2.0573,-5.2875,-2.8061,-1.4448,-0.8194,1739334745288.2336
2821,3116635392,0,-1.2668,1.9879,-5.2875,-2.7597,-1.4448,-0.8194,1739334745298.235
2822,3284407552,0,-1.2898,1.9879,-5.4196,-2.7597,-1.4538,-0.8261,1739334745308.2368
2823,3452179712,0,-1.3129,2.0342,-5.2875,-2.7875,-1.4809,-0.8194,1739334745318.2383
2824,3619951872,0,-1.382,2.0573,-5.4196,-2.8247,-1.526,-0.8127,1739334745328.2397
2825,3787724032,0,-1.4511,2.0804,-5.4196,-2.8526,-1.5712,-0.806,1739334745338.2412
2826,3955496192,0,-1.428,2.1035,-5.5518,-2.8619,-1.5622,-0.806,1739334745348.2427
2827,4123268352,0,-1.382,2.0804,-5.4196,-2.8526,-1.517,-0.7993,1739334745358.2441
2828,4291040512,0,-1.3589,1.9417,-5.4196,-2.7597,-1.508,-0.7993,1739334745368.2456
2829,163910912,0,-1.382,1.9186,-5.5518,-2.7039,-1.5351,-0.806,1739334745378.2473
2830,331683072,0,-1.382,1.9417,-5.5518,-2.7225,-1.5531,-0.7993,1739334745388.2488
2831,499455232,0,-1.382,1.9648,-5.4196,-2.7504,-1.5622,-0.7993,1739334745398.2502
2832,667227392,0,-1.382,1.9648,-5.4196,-2.7782,-1.5712,-0.7926,1739334745408.2517
2833,834999552,0,-1.405,2.0342,-5.4196,-2.7875,-1.5802,-0.7926,1739334745418.2532
2834,1002771712,0,-1.405,2.0342,-5.4196,-2.834,-1.5622,-0.7858,1739334745428.2546
2835,1170543872,0,-1.382,1.9879,-5.4196,-2.7782,-1.5622,-0.7858,1739334745438.256
2836,1338316032,0,-1.3589,1.9417,-5.4196,-2.7039,-1.526,-0.7858,1739334745448.2578
2837,1506088192,0,-1.3129,1.9417,-5.4196,-2.7039,-1.499,-0.7858,1739334745458.2593
2838,1673860352,0,-1.3359,1.9879,-5.4196,-2.7132,-1.4899,-0.7791,1739334745468.2607
2839,1841632512,0,-1.3589,2.0342,-5.4196,-2.7875,-1.5351,-0.7724,1739334745478.2622
2840,2009404672,0,-1.428,2.0573,-5.5518,-2.8247,-1.6073,-0.7657,1739334745488.2637
2841,2177176832,0,-1.4971,2.1497,-5.4196,-2.8897,-1.6525,-0.759,1739334745498.2651
2842,2344948992,0,-1.5662,2.2191,-5.4196,-2.9827,-1.6976,-0.7388,1739334745508.2666
2843,2512721152,0,-1.5893,2.2884,-5.5518,-3.0663,-1.7337,-0.7187,1739334745518.2683
2844,2680493312,0,-1.6123,2.4271,-5.4196,-3.1499,-1.7518,-0.7052,1739334745528.2698
2845,2848265472,0,-1.6584,2.4734,-5.2875,-3.2521,-1.7879,-0.6851,1739334745538.2712
2846,3016037632,0,-1.7275,2.4965,-5.2875,-3.3079,-1.8602,-0.6582,1739334745548.2727
2847,3183809792,0,-1.8196,2.5196,-5.4196,-3.3265,-1.9866,-0.6313,1739334745558.2742
2848,3351581952,0,-1.9117,2.6121,-5.4196,-3.438,-2.0949,-0.6045,1739334745568.2756
2849,3519354112,0,-1.9117,2.6814,-5.4196,-3.5309,-2.1401,-0.5709,1739334745578.277
2850,3687126272,0,-1.9578,2.6583,-5.4196,-3.5681,-2.1401,-0.5239,1739334745588.2788
2851,3854898432,0,-1.9808,2.7045,-5.4196,-3.6145,-2.1582,-0.497,1739334745598.2803
2852,4022670592,0,-2.0269,2.7045,-5.4196,-3.6331,-2.1852,-0.4634,1739334745608.2817
2853,4190442752,0,-2.073,2.7276,-5.4196,-3.6796,-2.2123,-0.4298,1739334745618.2832
2854,63313152,0,-2.1421,2.7508,-5.4196,-3.726,-2.2485,-0.403,1739334745628.2847
2855,231085312,0,-2.1651,2.8432,-5.4196,-3.8004,-2.2846,-0.3559,1739334745638.2861
2856,398857472,0,-2.1421,2.8432,-5.684,-3.8561,-2.2665,-0.3358,1739334745648.2876
2857,566629632,0,-2.0269,2.8201,-5.5518,-3.8654,-2.2033,-0.3089,1739334745658.2893
2858,734401792,0,-2.0039,2.8201,-5.5518,-3.8747,-2.113,-0.2821,1739334745668.2908
2859,902173952,0,-1.9578,2.7739,-5.5518,-3.8468,-2.0769,-0.2552,1739334745678.2922
2860,1069946112,0,-1.9348,2.7739,-5.5518,-3.8654,-2.0498,-0.2283,1739334745688.2937
2861,1237718272,0,-1.8887,2.7739,-5.5518,-3.8468,-1.9956,-0.2015,1739334745698.2952
2862,1405490432,0,-1.7966,2.7508,-5.5518,-3.8654,-1.9143,-0.1813,1739334745708.2966
2863,1573262592,0,-1.7275,2.6352,-5.4196,-3.8004,-1.8511,-0.1746,1739334745718.298
2864,1741034752,0,-1.6814,2.6352,-5.4196,-3.7725,-1.7699,-0.1679,1739334745728.2998
2865,1908806912,0,-1.6123,2.6352,-5.4196,-3.7725,-1.7157,-0.1477,1739334745738.3013
2866,2076579072,0,-1.5432,2.5889,-5.5518,-3.7539,-1.6615,-0.1477,1739334745748.3027
2867,2244351232,0,-1.4971,2.5196,-5.5518,-3.7074,-1.6073,-0.1343,1739334745758.3042
2868,2412123392,0,-1.4741,2.5427,-5.4196,-3.7167,-1.5531,-0.141,1739334745768.3057
2869,2579895552,0,-1.382,2.6121,-5.4196,-3.7725,-1.4899,-0.1209,1739334745778.3071
2870,2747667712,0,-1.3129,2.6121,-5.4196,-3.7911,-1.4538,-0.1276,1739334745788.3088
2871,2915439872,0,-1.382,2.6121,-5.2875,-3.7725,-1.4899,-0.1209,1739334745798.3103
2872,3083212032,0,-1.428,2.6352,-5.4196,-3.8004,-1.5441,-0.1209,1739334745808.3118
2873,3250984192,0,-1.4741,2.6814,-5.4196,-3.8375,-1.6073,-0.1276,1739334745818.3132
2874,3418756352,0,-1.4971,2.6814,-5.5518,-3.8561,-1.6254,-0.1276,1739334745828.3147
2875,3586528512,0,-1.4511,2.7276,-5.4196,-3.9026,-1.6073,-0.1209,1739334745838.3162
2876,3754300672,0,-1.4511,2.7276,-5.4196,-3.9119,-1.5983,-0.1209,1739334745848.3176
2877,3922072832,0,-1.4741,2.6814,-5.4196,-3.884,-1.6344,-0.1276,1739334745858.3193
2878,4089844992,0,-1.5432,2.6814,-5.1553,-3.8747,-1.7157,-0.141,1739334745868.3208
2879,4257617152,0,-1.6123,2.7508,-5.2875,-3.9304,-1.797,-0.1544,1739334745878.3223
2880,130487552,0,-1.6814,2.797,-5.2875,-3.9955,-1.8421,-0.1544,1739334745888.3237
2881,298259712,0,-1.7275,2.797,-5.4196,-4.0048,-1.8873,-0.1544,1739334745898.3252
2882,466031872,0,-1.7275,2.797,-5.4196,-4.0048,-1.8873,-0.1612,1739334745908.3267
2883,633804032,0,-1.7275,2.7508,-5.2875,-3.9676,-1.8873,-0.1612,1739334745918.3281
2884,801576192,0,-1.7275,2.7739,-5.2875,-3.9676,-1.8963,-0.1679,1739334745928.3298
2885,969348352,0,-1.7275,2.7276,-5.2875,-3.9676,-1.9324,-0.1746,1739334745938.3313
2886,1137120512,0,-1.7505,2.7276,-5.1553,-3.9397,-1.9776,-0.1746,1739334745948.3328
2887,1304892672,0,-1.7735,2.6814,-5.2875,-3.8933,-1.9776,-0.1813,1739334745958.3342
2888,1472664832,0,-1.7275,2.7045,-5.2875,-3.9304,-1.9324,-0.1813,1739334745968.3357
2889,1640436992,0,-1.7044,2.7276,-5.2875,-3.9397,-1.8873,-0.1813,1739334745978.3372
2890,1808209152,0,-1.6353,2.7045,-5.2875,-3.9212,-1.824,-0.188,1739334745988.3386
2891,1975981312,0,-1.5662,2.5889,-5.2875,-3.8375,-1.797,-0.188,1739334745998.3403
2892,2143753472,0,-1.5432,2.5196,-5.4196,-3.7725,-1.7699,-0.2015,1739334746008.3418
2893,2311525632,0,-1.5432,2.4734,-5.2875,-3.6981,-1.7699,-0.2082,1739334746018.3433
2894,2479297792,0,-1.5432,2.4271,-5.2875,-3.6424,-1.7699,-0.2216,1739334746028.3447
2895,2647069952,0,-1.4971,2.3809,-5.2875,-3.5959,-1.7337,-0.2418,1739334746038.3462
2896,2814842112,0,-1.428,2.3578,-5.1553,-3.5402,-1.6705,-0.2552,1739334746048.3477
2897,2982614272,0,-1.3359,2.2884,-5.2875,-3.4658,-1.5893,-0.2686,1739334746058.349
2898,3150386432,0,-1.2207,2.196,-5.2875,-3.3729,-1.499,-0.2888,1739334746068.3508
2899,3318158592,0,-1.1286,2.1266,-5.1553,-3.3079,-1.4357,-0.3089,1739334746078.3523
2900,3485930752,0,-1.0825,2.0573,-5.1553,-3.2428,-1.3906,-0.3291,1739334746088.3538
2901,3653702912,0,-1.0365,2.0342,-5.1553,-3.1964,-1.3635,-0.3627,1739334746098.3552
2902,3821475072,0,-1.0134,2.0804,-5.1553,-3.2335,-1.3454,-0.3895,1739334746108.3567
2903,3989247232,0,-0.9904,2.0804,-5.1553,-3.215,-1.3364,-0.3963,1739334746118.3582
2904,4157019392,0,-1.0134,2.0342,-5.2875,-3.1685,-1.3725,-0.4231,1739334746128.3596
2905,29889792,0,-1.0365,2.0573,-5.1553,-3.1685,-1.3725,-0.45,1739334746138.3613
2906,197661952,0,-1.0134,2.0342,-5.1553,-3.1778,-1.3545,-0.4634,1739334746148.3628
2907,365434112,0,-1.0365,2.011,-5.1553,-3.122,-1.3816,-0.4836,1739334746158.3643
2908,533206272,0,-1.1286,2.0342,-5.0231,-3.1035,-1.4628,-0.5104,1739334746168.3657
2909,700978432,0,-1.1747,2.0342,-5.1553,-3.1128,-1.508,-0.5239,1739334746178.3672
2910,868750592,0,-1.1747,2.0342,-5.1553,-3.1035,-1.517,-0.544,1739334746188.3687
2911,1036522752,0,-1.2898,2.0342,-5.1553,-3.0663,-1.5893,-0.5642,1739334746198.37
2912,1204294912,0,-1.3129,2.1035,-5.1553,-3.122,-1.6163,-0.5642,1739334746208.3718
2913,1372067072,0,-1.2898,2.1497,-5.1553,-3.1499,-1.5983,-0.5709,1739334746218.3733
2914,1539839232,0,-1.2898,2.1035,-5.1553,-3.1035,-1.5712,-0.5709,1739334746228.3748
2915,1707611392,0,-1.2898,2.0342,-5.1553,-3.0384,-1.5983,-0.591,1739334746238.3762
2916,1875383552,0,-1.3359,2.0342,-5.2875,-2.992,-1.6254,-0.6112,1739334746248.3777
2917,2043155712,0,-1.3129,1.9879,-5.1553,-2.9827,-1.6254,-0.6045,1739334746258.3792
2918,2210927872,0,-1.3129,1.9186,-5.2875,-2.9362,-1.6344,-0.6045,1739334746268.3806
2919,2378700032,0,-1.3589,1.8492,-5.1553,-2.8619,-1.6615,-0.6112,1739334746278.3823
2920,2546472192,0,-1.382,1.7799,-5.1553,-2.7968,-1.6796,-0.6112,1739334746288.3838
2921,2714244352,0,-1.4511,1.7568,-5.2875,-2.7504,-1.6886,-0.6112,1739334746298.3853
2922,2882016512,0,-1.382,1.6874,-5.4196,-2.7039,-1.6434,-0.6045,1739334746308.3867
2923,3049788672,0,-1.3129,1.7105,-5.4196,-2.7225,-1.5802,-0.6112,1739334746318.3882
2924,3217560832,0,-1.2668,1.7105,-5.4196,-2.6853,-1.526,-0.5978,1739334746328.3896
2925,3385332992,0,-1.2438,1.6412,-5.2875,-2.6296,-1.517,-0.5978,1739334746338.391
2926,3553105152,0,-1.2898,1.595,-5.2875,-2.5831,-1.5622,-0.6112,1739334746348.3928
2927,3720877312,0,-1.3589,1.6643,-5.1553,-2.6296,-1.5983,-0.6045,1739334746358.3943
2928,3888649472,0,-1.3589,1.7568,-5.2875,-2.6946,-1.6163,-0.6112,1739334746368.3958
2929,4056421632,0,-1.3359,1.7568,-5.2875,-2.7597,-1.5983,-0.5978,1739334746378.3972
2930,4224193792,0,-1.3129,1.7337,-5.2875,-2.7411,-1.5712,-0.591,1739334746388.3987
2931,97064192,0,-1.2668,1.7337,-5.2875,-2.7132,-1.5351,-0.591,1739334746398.4001
2932,264836352,0,-1.2207,1.7105,-5.2875,-2.7039,-1.4899,-0.5978,1739334746408.4019
2933,432608512,0,-1.2207,1.7105,-5.2875,-2.6946,-1.4899,-0.5776,1739334746418.4033
2934,600380672,0,-1.2207,1.7105,-5.2875,-2.6946,-1.508,-0.5843,1739334746428.4048
2935,768152832,0,-1.2668,1.6874,-5.2875,-2.6853,-1.5351,-0.5709,1739334746438.4062
2936,935924992,0,-1.2898,1.6874,-5.2875,-2.676,-1.5622,-0.5776,1739334746448.4077
2937,1103697152,0,-1.3129,1.7105,-5.2875,-2.676,-1.5531,-0.591,1739334746458.4092
2938,1271469312,0,-1.2668,1.7337,-5.2875,-2.6946,-1.5531,-0.5776,1739334746468.4106
2939,1439241472,0,-1.2898,1.7799,-5.2875,-2.769,-1.5351,-0.5642,1739334746478.4124
2940,1607013632,0,-1.3129,1.7568,-5.2875,-2.7597,-1.5893,-0.5575,1739334746488.4138
2941,1774785792,0,-1.405,1.7799,-5.4196,-2.7782,-1.6525,-0.5575,1739334746498.4153
2942,1942557952,0,-1.4511,1.8492,-5.4196,-2.834,-1.6886,-0.5575,1739334746508.4167
2943,2110330112,0,-1.4741,1.9186,-5.4196,-2.8712,-1.6886,-0.5507,1739334746518.4182
2944,2278102272,0,-1.5202,1.9417,-5.2875,-2.899,-1.6976,-0.5373,1739334746528.4197
2945,2445874432,0,-1.4971,1.9186,-5.2875,-2.8805,-1.7247,-0.5373,1739334746538.4211
2946,2613646592,0,-1.5202,1.9186,-5.2875,-2.899,-1.7699,-0.5373,1739334746548.4229
2947,2781418752,0,-1.6123,2.011,-5.2875,-2.9548,-1.8331,-0.5373,1739334746558.4243
2948,2949190912,0,-1.7275,2.0573,-5.5518,-3.0477,-1.9234,-0.5239,1739334746568.4258
2949,3116963072,0,-1.7966,2.196,-5.4196,-3.1778,-2.0317,-0.5037,1739334746578.4272
2950,3284735232,0,-1.8887,2.3116,-5.4196,-3.2893,-2.104,-0.4634,1739334746588.4287
2951,3452507392,0,-1.9578,2.404,-5.4196,-3.3822,-2.1852,-0.4366,1739334746598.4302
2952,3620279552,0,-2.0039,2.4734,-5.4196,-3.4844,-2.2485,-0.4164,1739334746608.4316
2953,3788051712,0,-2.0269,2.5658,-5.4196,-3.5774,-2.2756,-0.3761,1739334746618.4333
2954,3955823872,0,-2.073,2.5427,-5.5518,-3.5866,-2.3026,-0.3358,1739334746628.4348
2955,4123596032,0,-2.1421,2.5889,-5.5518,-3.6517,-2.3478,-0.3156,1739334746638.4363
2956,4291368192,0,-2.2342,2.6583,-5.4196,-3.7353,-2.3929,-0.2686,1739334746648.4377
2957,164238592,0,-2.2572,2.7508,-5.2875,-3.8375,-2.42,-0.2216,1739334746658.4392
2958,332010752,0,-2.2112,2.7739,-5.2875,-3.9026,-2.42,-0.1813,1739334746668.4407
2959,499782912,0,-2.1651,2.8663,-5.2875,-3.9955,-2.3478,-0.141,1739334746678.4421
2960,667555072,0,-2.096,2.8432,-5.2875,-4.0141,-2.2665,-0.094,1739334746688.4438
2961,835327232,0,-2.0269,2.8663,-5.4196,-4.0512,-2.1943,-0.0537,1739334746698.4453
2962,1003099392,0,-1.9808,2.797,-5.4196,-4.0234,-2.1311,-0.0134,1739334746708.4468
2963,1170871552,0,-1.8657,2.8432,-5.4196,-4.0698,-2.0317,0.0268,1739334746718.4482
2964,1338643712,0,-1.7735,2.8201,-5.2875,-4.0512,-1.9053,0.0671,1739334746728.4497
2965,1506415872,0,-1.7044,2.7508,-5.2875,-4.0419,-1.7879,0.094,1739334746738.4512
2966,1674188032,0,-1.7044,2.7276,-5.2875,-4.0141,-1.7608,0.1343,1739334746748.4526
2967,1841960192,0,-1.7044,2.6814,-5.2875,-3.9769,-1.7518,0.1612,1739334746758.4543
2968,2009732352,0,-1.5893,2.7045,-5.4196,-4.0141,-1.6525,0.188,1739334746768.4558
2969,2177504512,0,-1.428,2.6352,-5.4196,-3.9769,-1.508,0.2082,1739334746778.4573
2970,2345276672,0,-1.2668,2.6352,-5.4196,-3.9676,-1.3545,0.2283,1739334746788.4587
2971,2513048832,0,-1.1747,2.5427,-5.2875,-3.9304,-1.2642,0.235,1739334746798.4602
2972,2680820992,0,-1.1747,2.5427,-5.2875,-3.8933,-1.2642,0.2418,1739334746808.4617
2973,2848593152,0,-1.2207,2.5658,-5.2875,-3.9119,-1.3003,0.2485,1739334746818.4631
2974,3016365312,0,-1.2438,2.5427,-5.4196,-3.9026,-1.3003,0.2619,1739334746828.4648
2975,3184137472,0,-1.2207,2.5658,-5.4196,-3.9119,-1.2732,0.2753,1739334746838.4663
2976,3351909632,0,-1.1516,2.5889,-5.2875,-3.9676,-1.21,0.2753,1739334746848.4678
2977,3519681792,0,-1.1286,2.6352,-5.2875,-4.0048,-1.1829,0.2955,1739334746858.4692
2978,3687453952,0,-1.1516,2.6121,-5.2875,-4.0327,-1.1919,0.2753,1739334746868.4707
2979,3855226112,0,-1.1977,2.6583,-5.2875,-4.0698,-1.2461,0.2888,1739334746878.4722
2980,4022998272,0,-1.2207,2.7508,-5.4196,-4.1442,-1.2913,0.2888,1739334746888.4736
2981,4190770432,0,-1.2207,2.8201,-5.2875,-4.2185,-1.2822,0.2821,1739334746898.4753
2982,63640832,0,-1.1977,2.8432,-5.4196,-4.2557,-1.2913,0.2753,1739334746908.4768
2983,231412992,0,-1.2207,2.8432,-5.4196,-4.2742,-1.3454,0.2753,1739334746918.4783
2984,399185152,0,-1.3129,2.8895,-5.4196,-4.3114,-1.4177,0.2552,1739334746928.4797
2985,566957312,0,-1.4971,2.9126,-5.4196,-4.3393,-1.517,0.2485,1739334746938.4812
2986,734729472,0,-1.5893,2.9819,-5.4196,-4.3858,-1.6705,0.2485,1739334746948.4827
2987,902501632,0,-1.6584,3.0513,-5.4196,-4.4508,-1.7247,0.2283,1739334746958.4841
2988,1070273792,0,-1.7044,3.0513,-5.4196,-4.4973,-1.7428,0.2418,1739334746968.4858
2989,1238045952,0,-1.7275,3.0513,-5.4196,-4.4694,-1.7608,0.2283,1739334746978.4873
2990,1405818112,0,-1.7275,3.0282,-5.4196,-4.4229,-1.7789,0.2149,1739334746988.4888
2991,1573590272,0,-1.7275,3.0282,-5.4196,-4.4136,-1.7879,0.1947,1739334746998.4902
2992,1741362432,0,-1.7044,3.005,-5.4196,-4.4043,-1.7789,0.188,1739334747008.4917
2993,1909134592,0,-1.7505,3.005,-5.4196,-4.3765,-1.815,0.1947,1739334747018.4932
2994,2076906752,0,-1.7735,3.0282,-5.5518,-4.4136,-1.8602,0.1947,1739334747028.4946
2995,2244678912,0,-1.7505,3.0744,-5.5518,-4.488,-1.8331,0.188,1739334747038.4963
2996,2412451072,0,-1.7275,3.0975,-5.5518,-4.5158,-1.797,0.2015,1739334747048.4978
2997,2580223232,0,-1.6814,3.005,-5.5518,-4.4508,-1.7428,0.1947,1739334747058.4993
2998,2747995392,0,-1.6584,2.9819,-5.5518,-4.4136,-1.6976,0.188,1739334747068.5007
2999,2915767552,0,-1.5432,2.9588,-5.5518,-4.3672,-1.6525,0.1679,1739334747078.5022
3000,3083539712,0,-1.4741,2.9126,-5.4196,-4.3207,-1.5893,0.1612,1739334747088.5037
3001,3251311872,0,-1.4511,2.8432,-5.4196,-4.2742,-1.5712,0.1612,1739334747098.5054
3002,3419084032,0,-1.428,2.8663,-5.4196,-4.2557,-1.5622,0.1544,1739334747108.5068
3003,3586856192,0,-1.428,2.8663,-5.4196,-4.265,-1.5351,0.1544,1739334747118.5083
3004,3754628352,0,-1.382,2.8432,-5.4196,-4.265,-1.499,0.1612,1739334747128.5098
3005,3922400512,0,-1.3129,2.8432,-5.2875,-4.2742,-1.4538,0.1544,1739334747138.5112
3006,4090172672,0,-1.2668,2.8663,-5.2875,-4.3021,-1.4087,0.1544,1739334747148.5127
3007,4257944832,0,-1.2438,2.8895,-5.4196,-4.3114,-1.3725,0.1679,1739334747158.5142
3008,130815232,0,-1.2438,2.8432,-5.4196,-4.3114,-1.3725,0.1679,1739334747168.5159
3009,298587392,0,-1.2438,2.8895,-5.4196,-4.3114,-1.3725,0.1612,1739334747178.5173
3010,466359552,0,-1.2207,2.8895,-5.5518,-4.3393,-1.3454,0.1612,1739334747188.5188
3011,634131712,0,-1.1747,2.8895,-5.4196,-4.3393,-1.3093,0.1612,1739334747198.5203
3012,801903872,0,-1.1977,2.8895,-5.4196,-4.2928,-1.3093,0.1612,1739334747208.5217
3013,969676032,0,-1.2207,2.8432,-5.4196,-4.2835,-1.3184,0.1544,1739334747218.5232
3014,1137448192,0,-1.2207,2.8663,-5.2875,-4.265,-1.3274,0.1477,1739334747228.5247
3015,1305220352,0,-1.1977,2.8663,-5.2875,-4.265,-1.3274,0.141,1739334747238.5264
3016,1472992512,0,-1.2207,2.8663,-5.4196,-4.2835,-1.3184,0.1477,1739334747248.5278
3017,1640764672,0,-1.1747,2.8663,-5.4196,-4.2742,-1.3093,0.1544,1739334747258.5293
3018,1808536832,0,-1.2438,2.8663,-5.5518,-4.2928,-1.3003,0.1477,1739334747268.5308
3019,1976308992,0,-1.2438,2.8895,-5.5518,-4.2928,-1.3184,0.1544,1739334747278.5322
3020,2144081152,0,-1.2438,2.9126,-5.5518,-4.3114,-1.3454,0.1544,1739334747288.5337
3021,2311853312,0,-1.2438,2.8895,-5.4196,-4.3114,-1.3454,0.1477,1739334747298.5352
3022,2479625472,0,-1.2668,2.8895,-5.4196,-4.2835,-1.3545,0.1477,1739334747308.5369
3023,2647397632,0,-1.2668,2.8663,-5.2875,-4.265,-1.3274,0.141,1739334747318.5383
3024,2815169792,0,-1.2438,2.8432,-5.2875,-4.2464,-1.3274,0.1343,1739334747328.5398
3025,2982941952,0,-1.2438,2.8663,-5.2875,-4.2278,-1.3274,0.1343,1739334747338.5413
3026,3150714112,0,-1.2438,2.8201,-5.2875,-4.2092,-1.3454,0.1209,1739334747348.5427
3027,3318486272,0,-1.2898,2.8201,-5.2875,-4.2092,-1.3545,0.1276,1739334747358.5442
3028,3486258432,0,-1.3359,2.8432,-5.4196,-4.2185,-1.3725,0.1209,1739334747368.5457
3029,3654030592,0,-1.3589,2.8895,-5.2875,-4.2464,-1.3816,0.1276,1739334747378.5474
3030,3821802752,0,-1.3359,2.8895,-5.4196,-4.2557,-1.3816,0.1276,1739334747388.5488
3031,3989574912,0,-1.3589,2.9126,-5.2875,-4.2742,-1.3816,0.1276,1739334747398.5503
3032,4157347072,0,-1.3589,2.9126,-5.2875,-4.265,-1.3906,0.1343,1739334747408.5518
3033,30217472,0,-1.3359,2.9126,-5.2875,-4.2464,-1.3816,0.1343,1739334747418.5532
3034,197989632,0,-1.3129,2.8663,-5.4196,-4.2464,-1.3545,0.1209,1739334747428.5547
3035,365761792,0,-1.3359,2.8895,-5.2875,-4.2371,-1.3545,0.1343,1739334747438.5562
3036,533533952,0,-1.2898,2.8663,-5.2875,-4.2371,-1.3364,0.1343,1739334747448.5579
3037,701306112,0,-1.2898,2.8663,-5.2875,-4.2278,-1.3364,0.1276,1739334747458.5593
3038,869078272,0,-1.2898,2.8663,-5.2875,-4.2185,-1.3364,0.1343,1739334747468.5608
3039,1036850432,0,-1.2438,2.8432,-5.1553,-4.1999,-1.3184,0.1209,1739334747478.5623
3040,1204622592,0,-1.2438,2.8432,-5.1553,-4.2092,-1.2913,0.1276,1739334747488.5637
3041,1372394752,0,-1.2438,2.8663,-5.4196,-4.1999,-1.2913,0.141,1739334747498.5652
3042,1540166912,0,-1.2438,2.8432,-5.2875,-4.2092,-1.3003,0.1343,1739334747508.5667
3043,1707939072,0,-1.2438,2.8663,-5.2875,-4.2092,-1.3003,0.1343,1739334747518.5684
3044,1875711232,0,-1.2438,2.8432,-5.4196,-4.1999,-1.2822,0.141,1739334747528.5698
3045,2043483392,0,-1.1977,2.8432,-5.4196,-4.2185,-1.2461,0.1477,1739334747538.5713
3046,2211255552,0,-1.1747,2.8663,-5.4196,-4.2092,-1.2281,0.1343,1739334747548.5728
3047,2379027712,0,-1.1747,2.8201,-5.4196,-4.172,-1.2371,0.1276,1739334747558.5742
3048,2546799872,0,-1.1977,2.7508,-5.2875,-4.0977,-1.2461,0.1209,1739334747568.5757
3049,2714572032,0,-1.2438,2.7045,-5.4196,-4.0234,-1.2822,0.1141,1739334747578.5771
3050,2882344192,0,-1.2668,2.6583,-5.4196,-3.9769,-1.3003,0.1007,1739334747588.5789
3051,3050116352,0,-1.2668,2.6352,-5.4196,-3.9583,-1.3003,0.0873,1739334747598.5803
3052,3217888512,0,-1.2668,2.6121,-5.2875,-3.9119,-1.2913,0.0806,1739334747608.5818
3053,3385660672,0,-1.2207,2.5427,-5.2875,-3.884,-1.2822,0.0604,1739334747618.5833
3054,3553432832,0,-1.2668,2.5196,-5.2875,-3.8189,-1.3274,0.047,1739334747628.5847
3055,3721204992,0,-1.2898,2.4503,-5.2875,-3.7632,-1.3545,0.0268,1739334747638.5862
3056,3888977152,0,-1.2898,2.4271,-5.4196,-3.7167,-1.3545,-0.0067,1739334747648.5876
3057,4056749312,0,-1.2207,2.4734,-5.2875,-3.7074,-1.3003,-0.0403,1739334747658.5894
3058,4224521472,0,-1.1516,2.404,-5.2875,-3.661,-1.2461,-0.0604,1739334747668.5908
3059,97391872,0,-1.1286,2.2884,-5.1553,-3.5495,-1.2461,-0.1007,1739334747678.5923
3060,265164032,0,-1.1977,2.2884,-5.1553,-3.503,-1.3093,-0.141,1739334747688.5938
3061,432936192,0,-1.2898,2.2884,-5.2875,-3.503,-1.3816,-0.1746,1739334747698.5952
3062,600708352,0,-1.3359,2.2653,-5.4196,-3.4658,-1.4899,-0.1947,1739334747708.5967
3063,768480512,0,-1.428,2.3347,-5.2875,-3.5216,-1.5622,-0.2149,1739334747718.5981
3064,936252672,0,-1.4741,2.3578,-5.2875,-3.5495,-1.6254,-0.2418,1739334747728.5999
3065,1104024832,0,-1.4971,2.404,-5.4196,-3.5774,-1.6615,-0.2619,1739334747738.6013
3066,1271796992,0,-1.5202,2.5196,-5.2875,-3.6331,-1.6796,-0.2821,1739334747748.6028
3067,1439569152,0,-1.4971,2.5196,-5.2875,-3.6424,-1.6705,-0.3022,1739334747758.6042
3068,1607341312,0,-1.5202,2.5658,-5.2875,-3.6796,-1.6886,-0.3224,1739334747768.6057
3069,1775113472,0,-1.5202,2.6121,-5.2875,-3.7353,-1.7157,-0.3358,1739334747778.6072
3070,1942885632,0,-1.5662,2.5658,-5.4196,-3.6981,-1.7608,-0.3492,1739334747788.609
3071,2110657792,0,-1.6353,2.5658,-5.2875,-3.6703,-1.824,-0.3694,1739334747798.6104
3072,2278429952,0,-1.6584,2.6121,-5.4196,-3.6889,-1.8511,-0.3828,1739334747808.6118
3073,2446202112,0,-1.6353,2.6583,-5.2875,-3.6981,-1.8421,-0.3895,1739334747818.6133
3074,2613974272,0,-1.6123,2.5427,-5.2875,-3.6331,-1.8331,-0.3963,1739334747828.6147
3075,2781746432,0,-1.6584,2.4503,-5.2875,-3.5309,-1.8602,-0.403,1739334747838.6162
3076,2949518592,0,-1.6353,2.404,-5.2875,-3.4937,-1.8602,-0.4231,1739334747848.6177
3077,3117290752,0,-1.6584,2.404,-5.2875,-3.4844,-1.8511,-0.4097,1739334747858.6194
3078,3285062912,0,-1.6584,2.3809,-5.2875,-3.4658,-1.8692,-0.4097,1739334747868.6208
3079,3452835072,0,-1.6584,2.3809,-5.2875,-3.4566,-1.8331,-0.403,1739334747878.6223
3080,3620607232,0,-1.6123,2.3578,-5.2875,-3.438,-1.824,-0.3963,1739334747888.6238
3081,3788379392,0,-1.5893,2.2653,-5.2875,-3.3543,-1.7879,-0.3828,1739334747898.6252
3082,3956151552,0,-1.6123,2.2653,-5.2875,-3.3451,-1.7879,-0.3963,1739334747908.6267
3083,4123923712,0,-1.5893,2.2653,-5.1553,-3.3729,-1.7879,-0.3895,1739334747918.6282
3084,4291695872,0,-1.5662,2.2884,-5.1553,-3.4008,-1.7789,-0.3828,1739334747928.63
3085,164566272,0,-1.6123,2.2653,-5.1553,-3.3729,-1.797,-0.3761,1739334747938.6313
3086,332338432,0,-1.6353,2.2653,-5.2875,-3.3636,-1.815,-0.3761,1739334747948.6328
3087,500110592,0,-1.5893,2.2653,-5.1553,-3.3822,-1.797,-0.3761,1739334747958.6343
3088,667882752,0,-1.6123,2.2653,-5.1553,-3.4008,-1.7789,-0.3627,1739334747968.6357
3089,835654912,0,-1.5432,2.2884,-5.1553,-3.3822,-1.7518,-0.3694,1739334747978.6372
3090,1003427072,0,-1.5432,2.2653,-5.1553,-3.3543,-1.7337,-0.3694,1739334747988.6387
3091,1171199232,0,-1.5432,2.2422,-5.1553,-3.3358,-1.7428,-0.3627,1739334747998.6404
3092,1338971392,0,-1.5432,2.2422,-5.1553,-3.3543,-1.7608,-0.3694,1739334748008.6418
3093,1506743552,0,-1.5662,2.2884,-5.1553,-3.3915,-1.7879,-0.3627,1739334748018.6433
3094,1674515712,0,-1.5432,2.2884,-5.1553,-3.4194,-1.7879,-0.3627,1739334748028.6448
3095,1842287872,0,-1.5432,2.3116,-5.0231,-3.4287,-1.7789,-0.3492,1739334748038.6462
3096,2010060032,0,-1.5202,2.2653,-5.1553,-3.4008,-1.7518,-0.3492,1739334748048.6477
3097,2177832192,0,-1.4971,2.2191,-5.0231,-3.3636,-1.7247,-0.3627,1739334748058.6492
3098,2345604352,0,-1.428,2.2884,-5.0231,-3.4101,-1.6796,-0.3627,1739334748068.651
3099,2513376512,0,-1.428,2.3116,-5.0231,-3.4287,-1.6615,-0.3492,1739334748078.6523
3100,2681148672,0,-1.4741,2.2422,-5.0231,-3.3822,-1.7337,-0.3492,1739334748088.6538
3101,2848920832,0,-1.5893,2.196,-5.1553,-3.3172,-1.797,-0.3492,1739334748098.6553
3102,3016692992,0,-1.6123,2.1729,-5.2875,-3.2986,-1.824,-0.3627,1739334748108.6567
3103,3184465152,0,-1.5893,2.1497,-5.1553,-3.28,-1.797,-0.3694,1739334748118.6582
3104,3352237312,0,-1.5432,2.1266,-5.1553,-3.2335,-1.7518,-0.3761,1739334748128.6597
3105,3520009472,0,-1.5202,2.1035,-5.1553,-3.1871,-1.7247,-0.3828,1739334748138.6614
3106,3687781632,0,-1.4741,2.0342,-5.0231,-3.1406,-1.6976,-0.3963,1739334748148.6628
3107,3855553792,0,-1.4971,1.9648,-5.0231,-3.0477,-1.7247,-0.4164,1739334748158.6643
3108,4023325952,0,-1.4971,1.8492,-5.1553,-2.9734,-1.7337,-0.45,1739334748168.6658
3109,4191098112,0,-1.4971,1.8492,-5.1553,-2.9269,-1.7608,-0.4701,1739334748178.6672
3110,63968512,0,-1.428,1.8955,-5.1553,-2.9455,-1.7157,-0.497,1739334748188.6687
3111,231740672,0,-1.3589,1.8955,-5.0231,-2.9455,-1.6525,-0.5104,1739334748198.6702
3112,399512832,0,-1.3359,1.803,-5.0231,-2.8619,-1.6254,-0.5239,1739334748208.6719
3113,567284992,0,-1.3359,1.7799,-5.1553,-2.8061,-1.6615,-0.544,1739334748218.6733
3114,735057152,0,-1.382,1.8261,-5.1553,-2.8619,-1.6886,-0.5575,1739334748228.6748
3115,902829312,0,-1.428,1.8492,-5.0231,-2.8712,-1.7067,-0.5843,1739334748238.6763
3116,1070601472,0,-1.428,1.8955,-5.1553,-2.9083,-1.7247,-0.5978,1739334748248.6777
3117,1238373632,0,-1.405,1.9186,-5.1553,-2.9269,-1.6886,-0.6112,1739334748258.6792
3118,1406145792,0,-1.3589,1.8723,-5.0231,-2.8805,-1.6615,-0.6179,1739334748268.6807
3119,1573917952,0,-1.3589,1.8492,-5.0231,-2.8433,-1.6525,-0.6381,1739334748278.6824
3120,1741690112,0,-1.3589,1.8261,-5.1553,-2.7875,-1.6434,-0.6582,1739334748288.6838
3121,1909462272,0,-1.3359,1.8492,-5.0231,-2.769,-1.6434,-0.6716,1739334748298.6853
3122,2077234432,0,-1.3589,1.9186,-5.1553,-2.834,-1.6615,-0.6918,1739334748308.6868
3123,2245006592,0,-1.428,1.9417,-5.1553,-2.8526,-1.6976,-0.6918,1739334748318.6882
3124,2412778752,0,-1.4511,1.9186,-5.1553,-2.8247,-1.7428,-0.6985,1739334748328.6897
3125,2580550912,0,-1.4971,2.011,-5.4196,-2.8805,-1.7699,-0.7119,1739334748338.6912
3126,2748323072,0,-1.4971,2.0342,-5.2875,-2.9269,-1.7608,-0.7119,1739334748348.6929
3127,2916095232,0,-1.5202,1.9648,-5.2875,-2.8897,-1.806,-0.7119,1739334748358.6943
3128,3083867392,0,-1.5893,1.8955,-5.4196,-2.8433,-1.8782,-0.7119,1739334748368.6958
3129,3251639552,0,-1.6353,1.9186,-5.2875,-2.834,-1.9234,-0.7187,1739334748378.6973
3130,3419411712,0,-1.6584,1.9417,-5.2875,-2.8433,-1.9053,-0.7254,1739334748388.6987
3131,3587183872,0,-1.6123,1.9648,-5.4196,-2.8433,-1.8963,-0.7119,1739334748398.7002
3132,3754956032,0,-1.5893,1.8955,-5.4196,-2.8154,-1.8602,-0.7187,1739334748408.702
3133,3922728192,0,-1.5893,1.8261,-5.4196,-2.7597,-1.8331,-0.7119,1739334748418.7034
3134,4090500352,0,-1.6123,1.7568,-5.5518,-2.676,-1.8331,-0.7119,1739334748428.7048
3135,4258272512,0,-1.6123,1.7568,-5.4196,-2.6389,-1.8421,-0.7187,1739334748438.7063
3136,131142912,0,-1.6123,1.7799,-5.5518,-2.676,-1.8421,-0.7119,1739334748448.7078
3137,298915072,0,-1.6353,1.8261,-5.4196,-2.7132,-1.8331,-0.7052,1739334748458.7092
3138,466687232,0,-1.6123,1.803,-5.5518,-2.7411,-1.8331,-0.7052,1739334748468.7107
3139,634459392,0,-1.6584,1.7799,-5.5518,-2.7225,-1.8511,-0.7052,1739334748478.7124
3140,802231552,0,-1.6584,1.8261,-5.5518,-2.7318,-1.8421,-0.7052,1739334748488.7139
3141,970003712,0,-1.6123,1.8261,-5.2875,-2.769,-1.824,-0.6985,1739334748498.7153
3142,1137775872,0,-1.6123,1.8261,-5.2875,-2.7782,-1.815,-0.6851,1739334748508.7168
3143,1305548032,0,-1.6123,1.8261,-5.2875,-2.769,-1.824,-0.6851,1739334748518.7183
3144,1473320192,0,-1.6123,1.803,-5.2875,-2.7411,-1.806,-0.6918,1739334748528.7197
3145,1641092352,0,-1.5662,1.803,-5.2875,-2.7411,-1.7789,-0.6918,1739334748538.7212
3146,1808864512,0,-1.5202,1.8261,-5.1553,-2.7504,-1.7518,-0.6851,1739334748548.723
3147,1976636672,0,-1.4511,1.8261,-5.0231,-2.769,-1.7067,-0.6851,1739334748558.7244
3148,2144408832,0,-1.4741,1.8261,-5.0231,-2.7597,-1.6976,-0.6716,1739334748568.7258
3149,2312180992,0,-1.4741,1.8261,-5.0231,-2.769,-1.6976,-0.6582,1739334748578.7273
3150,2479953152,0,-1.5202,1.803,-5.1553,-2.7318,-1.7518,-0.6515,1739334748588.7288
3151,2647725312,0,-1.5432,1.8492,-5.2875,-2.7411,-1.7518,-0.6515,1739334748598.7302
3152,2815497472,0,-1.5202,1.8723,-5.0231,-2.8154,-1.7247,-0.6448,1739334748608.7317
3153,2983269632,0,-1.5202,1.9186,-5.0231,-2.8433,-1.7428,-0.6381,1739334748618.7334
3154,3151041792,0,-1.5432,1.9417,-5.1553,-2.8712,-1.7699,-0.6381,1739334748628.7349
3155,3318813952,0,-1.5893,1.9879,-5.1553,-2.9455,-1.797,-0.6313,1739334748638.7363
3156,3486586112,0,-1.6353,2.1035,-5.1553,-3.0291,-1.8331,-0.6112,1739334748648.7378
3157,3654358272,0,-1.6584,2.1729,-5.2875,-3.1128,-1.8692,-0.5978,1739334748658.7393
3158,3822130432,0,-1.7044,2.2191,-5.2875,-3.1499,-1.9234,-0.5776,1739334748668.7407
3159,3989902592,0,-1.7275,2.3116,-5.1553,-3.2428,-1.9776,-0.5575,1739334748678.7422
3160,4157674752,0,-1.7966,2.404,-5.1553,-3.3265,-2.0679,-0.5373,1739334748688.744
3161,30545152,0,-1.9117,2.4734,-5.1553,-3.4287,-2.1582,-0.5239,1739334748698.7454
3162,198317312,0,-1.9808,2.5889,-5.1553,-3.5681,-2.2485,-0.4836,1739334748708.7468
3163,366089472,0,-2.096,2.6121,-5.2875,-3.6238,-2.3207,-0.45,1739334748718.7483
3164,533861632,0,-2.1651,2.6814,-5.4196,-3.7074,-2.3929,-0.4164,1739334748728.7498
3165,701633792,0,-2.2342,2.797,-5.2875,-3.8282,-2.411,-0.3828,1739334748738.7512
3166,869405952,0,-2.2572,2.8663,-5.2875,-3.9304,-2.4381,-0.3291,1739334748748.7527
3167,1037178112,0,-2.2803,3.005,-5.2875,-4.0419,-2.4652,-0.2955,1739334748758.7544
3168,1204950272,0,-2.2572,3.0744,-5.1553,-4.1349,-2.4652,-0.2485,1739334748768.7559
3169,1372722432,0,-2.2572,3.0282,-5.1553,-4.172,-2.4291,-0.2015,1739334748778.7573
3170,1540494592,0,-2.2112,3.0282,-5.2875,-4.1813,-2.3929,-0.1612,1739334748788.7588
3171,1708266752,0,-2.2112,3.005,-5.1553,-4.1813,-2.3659,-0.1209,1739334748798.7603
3172,1876038912,0,-2.1881,3.0282,-5.2875,-4.2371,-2.3478,-0.0671,1739334748808.7617
3173,2043811072,0,-2.119,3.0744,-5.2875,-4.3021,-2.2846,-0.0134,1739334748818.7632
3174,2211583232,0,-2.0499,3.0282,-5.5518,-4.3207,-2.1852,0.0537,1739334748828.765
3175,2379355392,0,-1.9348,3.005,-5.4196,-4.3393,-2.0769,0.1007,1739334748838.7664
3176,2547127552,0,-1.8887,3.0513,-5.2875,-4.3765,-2.0046,0.1544,1739334748848.7678
3177,2714899712,0,-1.8196,3.0282,-5.5518,-4.395,-1.9414,0.2015,1739334748858.7693
3178,2882671872,0,-1.7966,3.0282,-5.5518,-4.4136,-1.8963,0.2485,1739334748868.7708
3179,3050444032,0,-1.7966,3.0282,-5.4196,-4.4415,-1.8511,0.2821,1739334748878.7722
3180,3218216192,0,-1.7505,3.0744,-5.4196,-4.5065,-1.797,0.3156,1739334748888.7737
3181,3385988352,0,-1.6814,3.0282,-5.5518,-4.5065,-1.7157,0.3425,1739334748898.7754
3182,3553760512,0,-1.5893,2.9819,-5.5518,-4.5158,-1.6254,0.3761,1739334748908.7769
3183,3721532672,0,-1.5202,3.0513,-5.4196,-4.5437,-1.526,0.4097,1739334748918.7783
3184,3889304832,0,-1.4741,3.0282,-5.2875,-4.5437,-1.4899,0.4366,1739334748928.7798
3185,4057076992,0,-1.405,2.9819,-5.4196,-4.5437,-1.4267,0.4634,1739334748938.7812
3186,4224849152,0,-1.3359,3.005,-5.4196,-4.5716,-1.3725,0.4836,1739334748948.7827
3187,97719552,0,-1.2438,3.005,-5.4196,-4.5623,-1.2913,0.4903,1739334748958.7842
3188,265491712,0,-1.2207,3.005,-5.2875,-4.5902,-1.2371,0.5037,1739334748968.786
3189,433263872,0,-1.1747,3.0282,-5.2875,-4.6552,-1.219,0.5239,1739334748978.7874
3190,601036032,0,-1.1747,3.0744,-5.1553,-4.6831,-1.201,0.544,1739334748988.7888
3191,768808192,0,-1.1747,3.0975,-5.1553,-4.7388,-1.2281,0.5575,1739334748998.7903
3192,936580352,0,-1.1747,3.1668,-5.2875,-4.8132,-1.2371,0.5575,1739334749008.7917
3193,1104352512,0,-1.1286,3.2131,-5.4196,-4.8875,-1.219,0.5575,1739334749018.7932
3194,1272124672,0,-1.1056,3.2131,-5.5518,-4.9154,-1.1919,0.5575,1739334749028.7947
3195,1439896832,0,-1.1056,3.19,-5.4196,-4.9061,-1.201,0.544,1739334749038.7964
3196,1607668992,0,-1.1056,3.2593,-5.2875,-4.9247,-1.201,0.5306,1739334749048.7979
3197,1775441152,0,-1.1056,3.3055,-5.2875,-4.9804,-1.219,0.5172,1739334749058.7993
3198,1943213312,0,-1.1286,3.3287,-5.2875,-4.9804,-1.2371,0.5172,1739334749068.8008
3199,2110985472,0,-1.0825,3.3055,-5.2875,-5.0083,-1.2281,0.5104,1739334749078.8022
3200,2278757632,0,-1.0595,3.3518,-5.0231,-5.0269,-1.2281,0.5172,1739334749088.8037
3201,2446529792,0,-1.0825,3.3287,-5.2875,-5.0176,-1.2461,0.497,1739334749098.8054
3202,2614301952,0,-1.1516,3.3749,-5.2875,-5.0548,-1.3003,0.4836,1739334749108.807
3203,2782074112,0,-1.2207,3.398,-5.4196,-5.0919,-1.3635,0.4836,1739334749118.8083
3204,2949846272,0,-1.2668,3.4442,-5.4196,-5.1291,-1.4177,0.4836,1739334749128.8098
3205,3117618432,0,-1.2898,3.398,-5.4196,-5.1291,-1.4448,0.4701,1739334749138.8113
3206,3285390592,0,-1.3129,3.4442,-5.2875,-5.1291,-1.4899,0.4567,1739334749148.8127
3207,3453162752,0,-1.3589,3.4905,-5.4196,-5.157,-1.499,0.4366,1739334749158.8142
3208,3620934912,0,-1.382,3.398,-5.4196,-5.1384,-1.5441,0.4366,1739334749168.816
3209,3788707072,0,-1.428,3.398,-5.4196,-5.1198,-1.5712,0.4298,1739334749178.8174
3210,3956479232,0,-1.4511,3.398,-5.4196,-5.0826,-1.5983,0.4231,1739334749188.8188
3211,4124251392,0,-1.428,3.3749,-5.4196,-5.0734,-1.5712,0.4298,1739334749198.8203
3212,4292023552,0,-1.3359,3.3518,-5.2875,-5.0548,-1.517,0.4164,1739334749208.8218
3213,164893952,0,-1.2668,3.3287,-5.4196,-5.0176,-1.4177,0.403,1739334749218.8232
3214,332666112,0,-1.1747,3.2593,-5.4196,-4.9804,-1.3364,0.3761,1739334749228.8247
3215,500438272,0,-1.0825,3.19,-5.4196,-4.8689,-1.2822,0.3559,1739334749238.8264
3216,668210432,0,-1.0595,3.1206,-5.4196,-4.7946,-1.2461,0.3224,1739334749248.828
3217,835982592,0,-0.9674,3.0975,-5.2875,-4.7667,-1.1919,0.2888,1739334749258.8293
3218,1003754752,0,-0.9213,3.0744,-5.1553,-4.7296,-1.1378,0.2619,1739334749268.8308
3219,1171526912,0,-0.8522,3.005,-5.1553,-4.6366,-1.0926,0.235,1739334749278.8323
3220,1339299072,0,-0.8061,2.9588,-5.1553,-4.5809,-1.0745,0.2015,1739334749288.8337
3221,1507071232,0,-0.737,2.9357,-5.1553,-4.5623,-1.0384,0.1612,1739334749298.8352
3222,1674843392,0,-0.6679,2.9126,-5.1553,-4.5251,-0.9933,0.1477,1739334749308.837
3223,1842615552,0,-0.6449,2.9357,-5.1553,-4.5158,-0.9842,0.1141,1739334749318.8384
3224,2010387712,0,-0.6219,2.9588,-5.2875,-4.553,-0.9752,0.094,1739334749328.8398
3225,2178159872,0,-0.5988,2.9357,-5.2875,-4.5344,-0.9662,0.0738,1739334749338.8413
3226,2345932032,0,-0.5758,2.9819,-5.2875,-4.553,-0.9391,0.047,1739334749348.8428
3227,2513704192,0,-0.5758,3.005,-5.2875,-4.553,-0.9301,0.0201,1739334749358.8442
3228,2681476352,0,-0.5758,3.0744,-5.2875,-4.553,-0.9391,0.0067,1739334749368.8457
3229,2849248512,0,-0.5528,3.0975,-5.1553,-4.5809,-0.921,-0.0134,1739334749378.8474
3230,3017020672,0,-0.5528,3.0744,-5.2875,-4.5623,-0.921,-0.0335,1739334749388.8489
3231,3184792832,0,-0.5528,3.1437,-5.1553,-4.5809,-0.9301,-0.0604,1739334749398.8503
3232,3352564992,0,-0.5528,3.2131,-5.2875,-4.6738,-0.9301,-0.0671,1739334749408.8518
3233,3520337152,0,-0.5528,3.1668,-5.2875,-4.6459,-0.912,-0.0738,1739334749418.8533
3234,3688109312,0,-0.5988,3.1668,-5.0231,-4.6088,-0.9391,-0.0873,1739334749428.8547
3235,3855881472,0,-0.6219,3.2362,-5.0231,-4.6645,-0.9571,-0.1007,1739334749438.8562
3236,4023653632,0,-0.5988,3.3055,-5.0231,-4.7203,-0.9301,-0.1074,1739334749448.858
3237,4191425792,0,-0.6219,3.3287,-5.0231,-4.7481,-0.9301,-0.094,1739334749458.8594
3238,64296192,0,-0.714,3.3055,-5.0231,-4.711,-0.9752,-0.094,1739334749468.8608
3239,232068352,0,-0.714,3.3055,-5.1553,-4.7203,-1.0204,-0.1007,1739334749478.8623
3240,399840512,0,-0.7601,3.2824,-5.1553,-4.7017,-1.0474,-0.1074,1739334749488.8638
3241,567612672,0,-0.7601,3.2362,-5.2875,-4.6552,-1.0565,-0.1141,1739334749498.8652
3242,735384832,0,-0.7601,3.19,-5.1553,-4.5995,-1.0474,-0.1141,1739334749508.8667
3243,903156992,0,-0.714,3.1437,-5.0231,-4.5158,-1.0113,-0.1209,1739334749518.8684
3244,1070929152,0,-0.7601,3.0744,-5.0231,-4.4601,-1.0113,-0.1141,1739334749528.8699
3245,1238701312,0,-0.7831,3.005,-5.1553,-4.3858,-1.0384,-0.1209,1739334749538.8713
3246,1406473472,0,-0.8061,3.005,-5.1553,-4.3672,-1.0745,-0.1209,1739334749548.8728
3247,1574245632,0,-0.8292,3.005,-5.2875,-4.3858,-1.1016,-0.1276,1739334749558.8743
3248,1742017792,0,-0.8752,3.005,-5.2875,-4.3765,-1.1197,-0.1141,1739334749568.8757
3249,1909789952,0,-0.9443,3.0282,-5.4196,-4.3765,-1.1468,-0.1141,1739334749578.8772
3250,2077562112,0,-0.9674,3.0282,-5.4196,-4.3672,-1.21,-0.1209,1739334749588.879
3251,2245334272,0,-1.0134,3.0513,-5.4196,-4.3765,-1.2461,-0.1141,1739334749598.8804
3252,2413106432,0,-1.0365,3.0513,-5.4196,-4.3858,-1.2371,-0.1209,1739334749608.8818
3253,2580878592,0,-1.0595,2.9819,-5.4196,-4.33,-1.2732,-0.1141,1739334749618.8833
3254,2748650752,0,-1.0595,2.9126,-5.4196,-4.2928,-1.2822,-0.1141,1739334749628.8848
3255,2916422912,0,-1.0134,3.005,-5.2875,-4.3207,-1.2551,-0.1209,1739334749638.8862
3256,3084195072,0,-0.9904,3.0513,-5.2875,-4.3579,-1.2371,-0.1209,1739334749648.8877
3257,3251967232,0,-1.0365,2.9819,-5.2875,-4.3207,-1.2732,-0.1074,1739334749658.8894
3258,3419739392,0,-1.1286,2.9126,-5.4196,-4.2185,-1.3093,-0.1141,1739334749668.8909
3259,3587511552,0,-1.1056,2.8432,-5.2875,-4.1535,-1.3274,-0.1343,1739334749678.8923
3260,3755283712,0,-1.1286,2.8201,-5.2875,-4.1163,-1.3093,-0.1343,1739334749688.8938
3261,3923055872,0,-1.1286,2.8432,-5.1553,-4.0884,-1.3003,-0.1477,1739334749698.8953
3262,4090828032,0,-1.1056,2.797,-5.0231,-4.0698,-1.3274,-0.1477,1739334749708.8967
3263,4258600192,0,-1.1516,2.797,-5.1553,-4.0234,-1.3635,-0.1477,1739334749718.8984
3264,131470592,0,-1.1977,2.7276,-5.1553,-3.9583,-1.4087,-0.1746,1739334749728.9
3265,299242752,0,-1.2898,2.7045,-5.1553,-3.8933,-1.4719,-0.1813,1739334749738.9014
3266,467014912,0,-1.3129,2.7045,-5.1553,-3.8654,-1.517,-0.2082,1739334749748.9028
3267,634787072,0,-1.3359,2.7045,-5.2875,-3.8747,-1.5351,-0.2216,1739334749758.9043
3268,802559232,0,-1.405,2.7045,-5.1553,-3.8654,-1.5712,-0.2418,1739334749768.9058
3269,970331392,0,-1.4741,2.7276,-5.1553,-3.8654,-1.6434,-0.2485,1739334749778.9072
3270,1138103552,0,-1.5893,2.7739,-5.2875,-3.9026,-1.7699,-0.2686,1739334749788.909
3271,1305875712,0,-1.7044,2.8432,-5.2875,-3.9676,-1.8692,-0.2686,1739334749798.9104
3272,1473647872,0,-1.7966,2.9357,-5.2875,-4.0141,-2.0046,-0.2552,1739334749808.9119
3273,1641420032,0,-1.8657,2.9357,-5.1553,-4.0419,-2.104,-0.2552,1739334749818.9133
3274,1809192192,0,-1.9578,2.9588,-5.2875,-4.0698,-2.1762,-0.2552,1739334749828.9148
3275,1976964352,0,-1.9808,2.9357,-5.1553,-4.0698,-2.2214,-0.2619,1739334749838.9163
3276,2144736512,0,-2.0269,2.9588,-5.2875,-4.0698,-2.2575,-0.2552,1739334749848.9177
3277,2312508672,0,-2.0499,2.9819,-5.2875,-4.0884,-2.2575,-0.2418,1739334749858.9194
3278,2480280832,0,-2.0499,3.005,-5.2875,-4.0884,-2.2575,-0.2418,1739334749868.921
3279,2648052992,0,-2.0269,2.9588,-5.2875,-4.0605,-2.2394,-0.2418,1739334749878.9224
3280,2815825152,0,-2.0039,2.9357,-5.4196,-4.0327,-2.2304,-0.2485,1739334749888.9238
3281,2983597312,0,-2.0039,2.8895,-5.2875,-4.0141,-2.2214,-0.2418,1739334749898.9253
3282,3151369472,0,-2.0499,2.8895,-5.2875,-3.9955,-2.2485,-0.2552,1739334749908.9268
3283,3319141632,0,-2.073,2.8895,-5.2875,-3.9769,-2.2756,-0.2552,1739334749918.9282
3284,3486913792,0,-2.119,2.8895,-5.2875,-3.9862,-2.2936,-0.2552,1739334749928.93
3285,3654685952,0,-2.1421,2.9126,-5.1553,-3.9955,-2.3026,-0.2552,1739334749938.9314
3286,3822458112,0,-2.096,2.8895,-5.2875,-3.9769,-2.2936,-0.2619,1739334749948.9329
3287,3990230272,0,-2.073,2.8895,-5.2875,-3.9676,-2.2575,-0.2552,1739334749958.9343
3288,4158002432,0,-1.9808,2.8432,-5.2875,-3.9304,-2.2033,-0.2619,1739334749968.9358
3289,30872832,0,-1.9808,2.8201,-5.1553,-3.8933,-2.1762,-0.2619,1739334749978.9373
3290,198644992,0,-1.9578,2.797,-5.1553,-3.8561,-2.1491,-0.2686,1739334749988.9387
3291,366417152,0,-1.9117,2.797,-5.1553,-3.8561,-2.113,-0.2619,1739334749998.9404
3292,534189312,0,-1.9117,2.797,-5.1553,-3.8468,-2.0859,-0.2619,1739334750008.942
3293,701961472,0,-1.8887,2.7739,-5.1553,-3.8375,-2.0679,-0.2619,1739334750018.9434
3294,869733632,0,-1.8887,2.7739,-5.2875,-3.8282,-2.0769,-0.2552,1739334750028.9448
3295,1037505792,0,-1.8887,2.7508,-5.2875,-3.8282,-2.0769,-0.2552,1739334750038.9463
3296,1205277952,0,-1.8887,2.7508,-5.2875,-3.8282,-2.0859,-0.2552,1739334750048.9478
3297,1373050112,0,-1.9348,2.7508,-5.2875,-3.8468,-2.0949,-0.2552,1739334750058.9492
3298,1540822272,0,-1.9348,2.797,-5.2875,-3.8561,-2.104,-0.2418,1739334750068.951
3299,1708594432,0,-1.9348,2.7739,-5.2875,-3.8747,-2.104,-0.2418,1739334750078.9524
3300,1876366592,0,-1.9117,2.797,-5.2875,-3.8747,-2.0859,-0.235,1739334750088.9539
3301,2044138752,0,-1.8887,2.797,-5.2875,-3.884,-2.0588,-0.235,1739334750098.9553
3302,2211910912,0,-1.8426,2.7739,-5.2875,-3.8654,-2.0408,-0.2485,1739334750108.9568
3303,2379683072,0,-1.8196,2.7739,-5.2875,-3.8747,-2.0137,-0.2552,1739334750118.9583
3304,2547455232,0,-1.8196,2.7739,-5.2875,-3.8561,-2.0317,-0.2418,1739334750128.9597
3305,2715227392,0,-1.8426,2.7739,-5.2875,-3.8654,-2.0317,-0.2418,1739334750138.9614
3306,2882999552,0,-1.8426,2.797,-5.2875,-3.8468,-2.0317,-0.2283,1739334750148.963
3307,3050771712,0,-1.7966,2.797,-5.2875,-3.8933,-1.9866,-0.2552,1739334750158.9644
3308,3218543872,0,-1.7735,2.8432,-5.1553,-3.9304,-1.9143,-0.2485,1739334750168.9658
3309,3386316032,0,-1.7966,2.8201,-5.2875,-3.9397,-1.9414,-0.235,1739334750178.9673
3310,3554088192,0,-1.7966,2.7276,-5.4196,-3.8747,-1.9595,-0.2418,1739334750188.9688
3311,3721860352,0,-1.7966,2.7045,-5.4196,-3.8375,-1.9685,-0.2418,1739334750198.9702
3312,3889632512,0,-1.7735,2.6814,-5.4196,-3.7911,-1.9324,-0.2485,1739334750208.972
3313,4057404672,0,-1.7275,2.6583,-5.2875,-3.7446,-1.8782,-0.2552,1739334750218.9734
3314,4225176832,0,-1.6814,2.6352,-5.2875,-3.7074,-1.797,-0.2686,1739334750228.9749
3315,98047232,0,-1.5893,2.5889,-5.2875,-3.6703,-1.7428,-0.2753,1739334750238.9763
3316,265819392,0,-1.5662,2.5427,-5.2875,-3.6052,-1.7157,-0.2888,1739334750248.9778
3317,433591552,0,-1.5432,2.4734,-5.2875,-3.5402,-1.6976,-0.3089,1739334750258.9792
3318,601363712,0,-1.5202,2.404,-5.4196,-3.4844,-1.6886,-0.3224,1739334750268.9807
3319,769135872,0,-1.4511,2.3809,-5.4196,-3.4566,-1.6525,-0.3425,1739334750278.9824
3320,936908032,0,-1.405,2.3347,-5.4196,-3.3915,-1.6254,-0.3694,1739334750288.984
3321,1104680192,0,-1.382,2.3578,-5.4196,-3.3729,-1.6073,-0.3895,1739334750298.9854
3322,1272452352,0,-1.382,2.3809,-5.4196,-3.3915,-1.5893,-0.4097,1739334750308.9868
3323,1440224512,0,-1.382,2.3578,-5.4196,-3.3915,-1.5802,-0.4231,1739334750318.9883
3324,1607996672,0,-1.382,2.3347,-5.4196,-3.3543,-1.5983,-0.4366,1739334750328.9897
3325,1775768832,0,-1.382,2.3809,-5.2875,-3.3729,-1.6073,-0.4567,1739334750338.9912
3326,1943540992,0,-1.382,2.4271,-5.4196,-3.4101,-1.6073,-0.4634,1739334750348.993
3327,2111313152,0,-1.405,2.404,-5.2875,-3.3915,-1.6434,-0.4769,1739334750358.9944
3328,2279085312,0,-1.428,2.4271,-5.2875,-3.4101,-1.6796,-0.4903,1739334750368.9958
3329,2446857472,0,-1.405,2.5196,-5.2875,-3.4937,-1.6615,-0.497,1739334750378.9973
3330,2614629632,0,-1.382,2.5427,-5.2875,-3.5402,-1.6434,-0.4903,1739334750388.9988
3331,2782401792,0,-1.405,2.4965,-5.2875,-3.5216,-1.6615,-0.5037,1739334750399.0002
3332,2950173952,0,-1.4741,2.5196,-5.4196,-3.5216,-1.7067,-0.5104,1739334750409.002
3333,3117946112,0,-1.4511,2.6352,-5.2875,-3.6052,-1.7067,-0.5172,1739334750419.0034
3334,3285718272,0,-1.428,2.6583,-5.2875,-3.6331,-1.6796,-0.5037,1739334750429.005
3335,3453490432,0,-1.428,2.5658,-5.2875,-3.5866,-1.6796,-0.497,1739334750439.0063
3336,3621262592,0,-1.4511,2.5427,-5.2875,-3.5402,-1.6976,-0.4903,1739334750449.0078
3337,3789034752,0,-1.4741,2.5196,-5.2875,-3.5123,-1.6796,-0.497,1739334750459.0093
3338,3956806912,0,-1.4971,2.4734,-5.2875,-3.4658,-1.6976,-0.497,1739334750469.0107
3339,4124579072,0,-1.4741,2.4271,-5.2875,-3.4008,-1.6886,-0.5172,1739334750479.0125
3340,4292351232,0,-1.4741,2.3809,-5.2875,-3.3543,-1.6796,-0.5104,1739334750489.014
3341,165221632,0,-1.428,2.3578,-5.2875,-3.3172,-1.6434,-0.5104,1739334750499.0154
3342,332993792,0,-1.382,2.2884,-5.2875,-3.2707,-1.6254,-0.497,1739334750509.0168
3343,500765952,0,-1.382,2.2191,-5.1553,-3.2335,-1.6073,-0.5037,1739334750519.0183
3344,668538112,0,-1.382,2.2653,-5.1553,-3.2335,-1.6073,-0.5037,1739334750529.0198
3345,836310272,0,-1.3359,2.3116,-5.1553,-3.2707,-1.5893,-0.497,1739334750539.0212
3346,1004082432,0,-1.3359,2.3116,-5.1553,-3.2986,-1.5983,-0.4903,1739334750549.023
3347,1171854592,0,-1.405,2.3116,-5.1553,-3.2986,-1.6344,-0.4836,1739334750559.0244
3348,1339626752,0,-1.428,2.3578,-5.1553,-3.3358,-1.6525,-0.4836,1739334750569.026
3349,1507398912,0,-1.405,2.3578,-5.1553,-3.3543,-1.6344,-0.4836,1739334750579.0273
3350,1675171072,0,-1.3589,2.3347,-5.1553,-3.3358,-1.6163,-0.4769,1739334750589.0288
3351,1842943232,0,-1.405,2.3116,-5.1553,-3.3079,-1.6254,-0.4769,1739334750599.0303
3352,2010715392,0,-1.405,2.2884,-5.1553,-3.2893,-1.6254,-0.4836,1739334750609.0317
3353,2178487552,0,-1.428,2.3116,-5.1553,-3.2893,-1.6434,-0.4836,1739334750619.0334
3354,2346259712,0,-1.4741,2.3116,-5.1553,-3.28,-1.6796,-0.4836,1739334750629.035
3355,2514031872,0,-1.4741,2.3116,-5.1553,-3.3265,-1.6976,-0.4769,1739334750639.0364
3356,2681804032,0,-1.4741,2.3578,-5.1553,-3.3636,-1.7157,-0.4634,1739334750649.0378
3357,2849576192,0,-1.4971,2.404,-5.1553,-3.3729,-1.7067,-0.4634,1739334750659.0393
3358,3017348352,0,-1.4511,2.3809,-5.1553,-3.3822,-1.7067,-0.4567,1739334750669.0408
3359,3185120512,0,-1.405,2.3347,-5.0231,-3.3543,-1.6615,-0.4634,1739334750679.0422
3360,3352892672,0,-1.3589,2.3116,-5.0231,-3.3265,-1.6073,-0.4634,1739334750689.044
3361,3520664832,0,-1.2898,2.3116,-5.0231,-3.3265,-1.5531,-0.4769,1739334750699.0454
3362,3688436992,0,-1.3359,2.3116,-5.0231,-3.3265,-1.5712,-0.4701,1739334750709.0469
3363,3856209152,0,-1.428,2.3116,-5.1553,-3.28,-1.6525,-0.4769,1739334750719.0483
3364,4023981312,0,-1.4741,2.2884,-5.1553,-3.2986,-1.7157,-0.4701,1739334750729.0498
3365,4191753472,0,-1.4741,2.2884,-5.2875,-3.2614,-1.7067,-0.4634,1739334750739.0513
3366,64623872,0,-1.405,2.2422,-5.1553,-3.2335,-1.6615,-0.4769,1739334750749.0527
3367,232396032,0,-1.3589,2.2191,-5.0231,-3.1871,-1.6073,-0.4836,1739334750759.0544
3368,400168192,0,-1.2898,2.1497,-5.1553,-3.1313,-1.5622,-0.5037,1739334750769.056
3369,567940352,0,-1.3129,2.0804,-5.0231,-3.0663,-1.5712,-0.5104,1739334750779.0574
3370,735712512,0,-1.3359,2.011,-5.0231,-3.0013,-1.6073,-0.5373,1739334750789.0588
3371,903484672,0,-1.3359,2.011,-5.1553,-2.9827,-1.6254,-0.544,1739334750799.0603
3372,1071256832,0,-1.3129,2.0342,-5.0231,-2.9827,-1.6073,-0.5507,1739334750809.0618
3373,1239028992,0,-1.2668,2.011,-5.0231,-2.9734,-1.5622,-0.5642,1739334750819.0632
3374,1406801152,0,-1.2898,1.9879,-5.0231,-2.9269,-1.5712,-0.5843,1739334750829.065
3375,1574573312,0,-1.2898,2.0573,-5.1553,-2.9641,-1.6073,-0.6112,1739334750839.0664
3376,1742345472,0,-1.3129,2.1035,-5.1553,-3.0105,-1.6344,-0.6112,1739334750849.0679
3377,1910117632,0,-1.405,2.0804,-5.0231,-3.0013,-1.6886,-0.6313,1739334750859.0693
3378,2077889792,0,-1.5202,2.0342,-5.1553,-2.9641,-1.7789,-0.6448,1739334750869.0708
3379,2245661952,0,-1.5893,2.1266,-5.1553,-2.992,-1.8421,-0.6649,1739334750879.0723
3380,2413434112,0,-1.6353,2.1729,-5.1553,-3.057,-1.8782,-0.6716,1739334750889.0737
3381,2581206272,0,-1.6353,2.196,-5.1553,-3.0942,-1.8963,-0.6582,1739334750899.0754
3382,2748978432,0,-1.6814,2.2422,-5.1553,-3.1128,-1.9234,-0.6649,1739334750909.077
3383,2916750592,0,-1.7044,2.2884,-5.1553,-3.1685,-1.9505,-0.6716,1739334750919.0784
3384,3084522752,0,-1.6814,2.3809,-5.1553,-3.2521,-1.9234,-0.6716,1739334750929.0798
3385,3252294912,0,-1.6814,2.404,-5.1553,-3.28,-1.9234,-0.6649,1739334750939.0813
3386,3420067072,0,-1.7044,2.3809,-5.1553,-3.2707,-1.9234,-0.6716,1739334750949.0828
3387,3587839232,0,-1.7044,2.3347,-5.1553,-3.2335,-1.9414,-0.6716,1739334750959.0842
3388,3755611392,0,-1.7275,2.2884,-5.2875,-3.1778,-1.9505,-0.6716,1739334750969.086
3389,3923383552,0,-1.7044,2.196,-5.2875,-3.1035,-1.9776,-0.6784,1739334750979.0874
3390,4091155712,0,-1.7044,2.1729,-5.2875,-3.0663,-1.9956,-0.6851,1739334750989.0889
3391,4258927872,0,-1.7275,2.1729,-5.2875,-3.0291,-1.9956,-0.6851,1739334750999.0903
3392,131798272,0,-1.7275,2.1266,-5.2875,-3.0198,-1.9866,-0.6784,1739334751009.0918
3393,299570432,0,-1.7275,2.0804,-5.2875,-2.9827,-1.9776,-0.6716,1739334751019.0933
3394,467342592,0,-1.7505,2.0573,-5.2875,-2.9734,-1.9776,-0.6784,1739334751029.095
3395,635114752,0,-1.7044,2.1035,-5.2875,-2.992,-1.9505,-0.6784,1739334751039.0964
3396,802886912,0,-1.6584,2.1497,-5.1553,-3.0477,-1.9053,-0.6649,1739334751049.098
3397,970659072,0,-1.6584,2.1729,-5.1553,-3.057,-1.8782,-0.6582,1739334751059.0994
3398,1138431232,0,-1.6584,2.1497,-5.1553,-3.0477,-1.9053,-0.6515,1739334751069.1008
3399,1306203392,0,-1.6584,2.1729,-5.1553,-3.057,-1.9053,-0.6515,1739334751079.1023
3400,1473975552,0,-1.6584,2.1729,-5.0231,-3.0849,-1.8873,-0.6381,1739334751089.1038
3401,1641747712,0,-1.6353,2.196,-5.1553,-3.0942,-1.8782,-0.6313,1739334751099.1055
3402,1809519872,0,-1.6123,2.1729,-5.1553,-3.0849,-1.8873,-0.6381,1739334751109.107
3403,1977292032,0,-1.6123,2.1729,-5.1553,-3.0663,-1.8873,-0.6313,1739334751119.1084
3404,2145064192,0,-1.5893,2.1035,-5.1553,-3.0105,-1.8511,-0.6313,1739334751129.1099
3405,2312836352,0,-1.5662,2.0804,-5.0231,-2.9827,-1.806,-0.6246,1739334751139.1113
3406,2480608512,0,-1.5202,2.1035,-4.8909,-2.992,-1.7608,-0.6246,1739334751149.1128
3407,2648380672,0,-1.4971,2.1266,-4.8909,-3.0013,-1.7337,-0.6112,1739334751159.1143
3408,2816152832,0,-1.4741,2.1497,-4.8909,-3.0291,-1.7247,-0.6179,1739334751169.116
3409,2983924992,0,-1.4971,2.1497,-5.0231,-3.0291,-1.7337,-0.6112,1739334751179.1174
3410,3151697152,0,-1.5202,2.1729,-5.0231,-3.0477,-1.7518,-0.6112,1739334751189.119
3411,3319469312,0,-1.5662,2.196,-5.0231,-3.0291,-1.7699,-0.6045,1739334751199.1204
3412,3487241472,0,-1.5432,2.1497,-5.0231,-3.0477,-1.7879,-0.6112,1739334751209.1218
3413,3655013632,0,-1.6123,2.1266,-5.0231,-3.0198,-1.8331,-0.6112,1739334751219.1233
3414,3822785792,0,-1.6353,2.1035,-5.1553,-2.992,-1.8602,-0.6179,1739334751229.1248
3415,3990557952,0,-1.6123,2.1266,-5.1553,-3.0013,-1.8511,-0.6179,1739334751239.1265
3416,4158330112,0,-1.6123,2.1729,-5.1553,-3.057,-1.8602,-0.6045,1739334751249.128
3417,31200512,0,-1.6353,2.2191,-5.0231,-3.0849,-1.8692,-0.5978,1739334751259.1294
3418,198972672,0,-1.6584,2.2422,-5.0231,-3.122,-1.9234,-0.591,1739334751269.1309
3419,366744832,0,-1.7275,2.3116,-5.0231,-3.1685,-1.9866,-0.5776,1739334751279.1323
3420,534516992,0,-1.7735,2.3809,-5.0231,-3.2428,-2.0408,-0.5776,1739334751289.1338
3421,702289152,0,-1.8657,2.4271,-5.0231,-3.3172,-2.122,-0.5507,1739334751299.1353
3422,870061312,0,-1.9578,2.5658,-5.1553,-3.4101,-2.2214,-0.544,1739334751309.137
3423,1037833472,0,-2.0499,2.6583,-5.1553,-3.5402,-2.2936,-0.5172,1739334751319.1384
3424,1205605632,0,-2.119,2.6814,-5.1553,-3.5959,-2.3659,-0.4903,1739334751329.14
3425,1373377792,0,-2.2342,2.7045,-5.1553,-3.6238,-2.4381,-0.4567,1739334751339.1414
3426,1541149952,0,-2.2572,2.7739,-5.1553,-3.6889,-2.4832,-0.4366,1739334751349.1428
3427,1708922112,0,-2.2572,2.8432,-5.1553,-3.7911,-2.4742,-0.3963,1739334751359.1443
3428,1876694272,0,-2.2342,2.8895,-5.0231,-3.8282,-2.4652,-0.3559,1739334751369.1458
3429,2044466432,0,-2.2803,2.8895,-5.0231,-3.884,-2.4832,-0.3291,1739334751379.1475
3430,2212238592,0,-2.3263,2.9357,-5.0231,-3.9304,-2.5194,-0.2955,1739334751389.149
3431,2380010752,0,-2.3263,2.9819,-5.1553,-4.0141,-2.5103,-0.2619,1739334751399.1504
3432,2547782912,0,-2.2572,2.9588,-5.1553,-4.0327,-2.4562,-0.2283,1739334751409.1519
3433,2715555072,0,-2.119,2.9126,-5.1553,-4.0234,-2.3388,-0.1947,1739334751419.1533
3434,2883327232,0,-1.9808,2.9126,-5.1553,-4.0234,-2.1943,-0.1544,1739334751429.1548
3435,3051099392,0,-1.9117,2.8895,-5.1553,-4.0141,-2.104,-0.1209,1739334751439.1562
3436,3218871552,0,-1.9117,2.8663,-5.2875,-4.0234,-2.113,-0.0873,1739334751449.158
3437,3386643712,0,-1.9117,2.9126,-5.2875,-4.0419,-2.113,-0.047,1739334751459.1594
3438,3554415872,0,-1.8426,2.9357,-5.0231,-4.107,-2.0227,-0.0201,1739334751469.161
3439,3722188032,0,-1.7735,2.8663,-5.1553,-4.0698,-1.9143,0.0067,1739334751479.1624
3440,3889960192,0,-1.6353,2.8201,-5.1553,-4.0512,-1.7789,0.0201,1739334751489.1638
3441,4057732352,0,-1.5432,2.7045,-5.0231,-3.949,-1.6886,0.0335,1739334751499.1653
3442,4225504512,0,-1.4741,2.6583,-5.0231,-3.9119,-1.6344,0.0335,1739334751509.1667
3443,98374912,0,-1.4511,2.6352,-5.0231,-3.8933,-1.6073,0.047,1739334751519.1685
3444,266147072,0,-1.405,2.6352,-5.1553,-3.8933,-1.5622,0.0671,1739334751529.17
3445,433919232,0,-1.3589,2.6583,-5.1553,-3.9212,-1.517,0.0873,1739334751539.1714
3446,601691392,0,-1.3359,2.7276,-5.1553,-3.9769,-1.4719,0.094,1739334751549.1729
3447,769463552,0,-1.2898,2.7739,-5.0231,-4.0791,-1.4357,0.1074,1739334751559.1743
3448,937235712,0,-1.2898,2.7739,-5.0231,-4.0977,-1.4448,0.1209,1739334751569.1758
3449,1105007872,0,-1.3589,2.7739,-5.1553,-4.107,-1.517,0.1141,1739334751579.1772
3450,1272780032,0,-1.428,2.8201,-5.1553,-4.1813,-1.5622,0.1141,1739334751589.179
3451,1440552192,0,-1.4511,2.9126,-5.2875,-4.2464,-1.5893,0.1074,1739334751599.1804
3452,1608324352,0,-1.4741,2.9588,-5.2875,-4.2928,-1.6163,0.1074,1739334751609.182
3453,1776096512,0,-1.382,2.9819,-5.1553,-4.33,-1.5802,0.1007,1739334751619.1833
3454,1943868672,0,-1.382,3.0282,-5.0231,-4.3486,-1.5802,0.0873,1739334751629.1848
3455,2111640832,0,-1.405,2.9819,-5.1553,-4.3207,-1.6163,0.0806,1739334751639.1863
3456,2279412992,0,-1.4741,2.9819,-5.0231,-4.3021,-1.6796,0.0604,1739334751649.1877
3457,2447185152,0,-1.5662,3.005,-5.1553,-4.3486,-1.7608,0.0604,1739334751659.1895
3458,2614957312,0,-1.6123,3.0513,-5.1553,-4.3858,-1.7789,0.0537,1739334751669.191
3459,2782729472,0,-1.6353,3.0513,-5.1553,-4.4043,-1.806,0.0537,1739334751679.1924
3460,2950501632,0,-1.6814,3.0282,-5.1553,-4.3858,-1.8331,0.047,1739334751689.1938
3461,3118273792,0,-1.6814,3.0513,-5.1553,-4.3765,-1.8331,0.0335,1739334751699.1953
3462,3286045952,0,-1.6814,3.0513,-5.0231,-4.3858,-1.8421,0.0335,1739334751709.1968
3463,3453818112,0,-1.7275,3.0513,-5.1553,-4.3672,-1.8873,0.0268,1739334751719.1985
3464,3621590272,0,-1.7275,2.9819,-5.2875,-4.3579,-1.9234,0.0134,1739334751729.2
3465,3789362432,0,-1.7275,2.9819,-5.2875,-4.33,-1.9324,0.0067,1739334751739.2014
3466,3957134592,0,-1.7044,3.005,-5.2875,-4.3672,-1.8873,0.0,1739334751749.203
3467,4124906752,0,-1.7275,3.0282,-5.1553,-4.3672,-1.8692,0.0134,1739334751759.2043
3468,4292678912,0,-1.6814,2.9819,-5.2875,-4.3579,-1.8331,0.0134,1739334751769.2058
3469,165549312,0,-1.6584,2.9588,-5.2875,-4.33,-1.824,0.0201,1739334751779.2073
3470,333321472,0,-1.5893,2.8663,-5.2875,-4.265,-1.7879,0.0,1739334751789.209
3471,501093632,0,-1.5662,2.8432,-5.1553,-4.1999,-1.7518,-0.0067,1739334751799.2104
3472,668865792,0,-1.4741,2.7739,-5.1553,-4.1256,-1.7067,-0.0268,1739334751809.212
3473,836637952,0,-1.382,2.6814,-5.1553,-4.0512,-1.6344,-0.0403,1739334751819.2134
3474,1004410112,0,-1.3359,2.6121,-5.0231,-3.9397,-1.5712,-0.0537,1739334751829.2148
3475,1172182272,0,-1.2438,2.4965,-5.0231,-3.8189,-1.499,-0.0806,1739334751839.2163
3476,1339954432,0,-1.1516,2.4271,-5.0231,-3.7353,-1.4087,-0.1074,1739334751849.2178
3477,1507726592,0,-1.0134,2.3347,-4.8909,-3.6331,-1.3364,-0.1276,1739334751859.2195
3478,1675498752,0,-0.9904,2.1729,-5.0231,-3.4751,-1.2732,-0.1746,1739334751869.221
3479,1843270912,0,-0.9213,2.1729,-5.0231,-3.4101,-1.2461,-0.2082,1739334751879.2224
3480,2011043072,0,-0.9213,2.1035,-5.1553,-3.3358,-1.2461,-0.2485,1739334751889.2239
3481,2178815232,0,-0.9213,2.0573,-5.1553,-3.2614,-1.2461,-0.2888,1739334751899.2253
3482,2346587392,0,-0.9213,2.0573,-5.0231,-3.215,-1.2642,-0.3291,1739334751909.2268
3483,2514359552,0,-0.8752,2.0342,-5.1553,-3.1964,-1.2281,-0.3627,1739334751919.2283
3484,2682131712,0,-0.8061,2.0342,-5.0231,-3.1871,-1.1829,-0.4097,1739334751929.23
3485,2849903872,0,-0.8752,2.0342,-5.0231,-3.1313,-1.21,-0.45,1739334751939.2314
3486,3017676032,0,-0.8752,2.011,-5.1553,-3.1128,-1.2461,-0.4836,1739334751949.233
3487,3185448192,0,-0.8522,2.0573,-5.1553,-3.1035,-1.219,-0.5239,1739334751959.2344
3488,3353220352,0,-0.737,2.011,-5.0231,-3.0013,-1.1648,-0.5776,1739334751969.2358
3489,3520992512,0,-0.714,1.9648,-5.0231,-2.9455,-1.1107,-0.6045,1739334751979.2373
3490,3688764672,0,-0.714,1.9186,-5.0231,-2.899,-1.1016,-0.6448,1739334751989.2388
3491,3856536832,0,-0.7831,1.9186,-5.0231,-2.8433,-1.1468,-0.6716,1739334751999.2405
3492,4024308992,0,-0.8292,1.8955,-5.1553,-2.8154,-1.1648,-0.7052,1739334752009.242
3493,4192081152,0,-0.8061,1.8723,-5.1553,-2.7782,-1.1558,-0.7321,1739334752019.2434
3494,64951552,0,-0.8061,1.8492,-5.1553,-2.7132,-1.1558,-0.7724,1739334752029.2449
3495,232723712,0,-0.9443,1.8723,-5.1553,-2.6853,-1.2461,-0.7926,1739334752039.2463
3496,400495872,0,-1.0595,1.7568,-5.1553,-2.5924,-1.3816,-0.8329,1739334752049.2478
3497,568268032,0,-1.1286,1.7799,-5.0231,-2.5738,-1.4628,-0.8664,1739334752059.2493
3498,736040192,0,-1.1977,1.8261,-5.1553,-2.5738,-1.499,-0.8866,1739334752069.251
3499,903812352,0,-1.2207,1.9417,-5.0231,-2.676,-1.526,-0.9067,1739334752079.2524
3500,1071584512,0,-1.3589,1.8955,-5.1553,-2.6667,-1.6254,-0.9135,1739334752089.254
3501,1239356672,0,-1.4511,2.0342,-5.0231,-2.7504,-1.7337,-0.9269,1739334752099.2554
3502,1407128832,0,-1.5202,1.9879,-5.0231,-2.7411,-1.797,-0.9336,1739334752109.2568
3503,1574900992,0,-1.5893,1.9879,-5.0231,-2.7039,-1.8602,-0.947,1739334752119.2583
3504,1742673152,0,-1.6353,2.011,-5.0231,-2.7132,-1.9053,-0.9605,1739334752129.2598
3505,1910445312,0,-1.7044,2.0573,-5.1553,-2.7318,-1.9324,-0.9538,1739334752139.2615
3506,2078217472,0,-1.7275,1.9648,-5.4196,-2.6946,-1.9866,-0.9538,1739334752149.263
3507,2245989632,0,-1.7966,1.8955,-5.2875,-2.6017,-2.0498,-0.9538,1739334752159.2644
3508,2413761792,0,-1.8196,1.8955,-5.1553,-2.5645,-2.0498,-0.9605,1739334752169.2659
3509,2581533952,0,-1.7966,1.8955,-5.1553,-2.5459,-2.0227,-0.9538,1739334752179.2673
3510,2749306112,0,-1.7735,1.8492,-5.4196,-2.5088,-1.9776,-0.947,1739334752189.2688
3511,2917078272,0,-1.7275,1.803,-5.4196,-2.4716,-1.9505,-0.9403,1739334752199.2703
3512,3084850432,0,-1.7044,1.7568,-5.2875,-2.4437,-1.9234,-0.9403,1739334752209.272
3513,3252622592,0,-1.7275,1.7105,-5.2875,-2.3787,-1.9053,-0.9403,1739334752219.2734
3514,3420394752,0,-1.7044,1.6874,-5.4196,-2.3787,-1.8873,-0.9269,1739334752229.275
3515,3588166912,0,-1.6584,1.6874,-5.4196,-2.3694,-1.8782,-0.9269,1739334752239.2764
3516,3755939072,0,-1.6584,1.7105,-5.2875,-2.3694,-1.8331,-0.9135,1739334752249.2778
3517,3923711232,0,-1.6353,1.7105,-5.2875,-2.3601,-1.797,-0.9067,1739334752259.2793
3518,4091483392,0,-1.6353,1.6412,-5.2875,-2.3136,-1.7789,-0.8933,1739334752269.2808
3519,4259255552,0,-1.6353,1.5256,-5.2875,-2.23,-1.7879,-0.8933,1739334752279.2825
3520,132125952,0,-1.6353,1.5256,-5.2875,-2.2021,-1.7879,-0.9,1739334752289.284
3521,299898112,0,-1.6584,1.595,-5.2875,-2.23,-1.7699,-0.9,1739334752299.2854
3522,467670272,0,-1.6123,1.6181,-5.2875,-2.2765,-1.7518,-0.8933,1739334752309.2869
3523,635442432,0,-1.6353,1.6874,-5.4196,-2.3136,-1.7789,-0.8732,1739334752319.2883
3524,803214592,0,-1.7044,1.7105,-5.2875,-2.3694,-1.797,-0.8799,1739334752329.2898
3525,970986752,0,-1.7275,1.7568,-5.4196,-2.4251,-1.8602,-0.853,1739334752339.2915
3526,1138758912,0,-1.7966,1.8492,-5.4196,-2.4809,-1.9234,-0.8396,1739334752349.293
3527,1306531072,0,-1.8887,1.9186,-5.1553,-2.5738,-2.0227,-0.8329,1739334752359.2944
3528,1474303232,0,-1.9578,2.0342,-5.2875,-2.6574,-2.0949,-0.806,1739334752369.296
3529,1642075392,0,-2.0499,2.0804,-5.1553,-2.7318,-2.1762,-0.7858,1739334752379.2974
3530,1809847552,0,-2.119,2.1035,-5.2875,-2.769,-2.2756,-0.759,1739334752389.2988
3531,1977619712,0,-2.2112,2.1266,-5.2875,-2.769,-2.3478,-0.7522,1739334752399.3003
3532,2145391872,0,-2.3033,2.0573,-5.4196,-2.7225,-2.42,-0.7321,1739334752409.302
3533,2313164032,0,-2.3494,2.011,-5.2875,-2.6853,-2.4923,-0.7254,1739334752419.3035
3534,2480936192,0,-2.3954,2.0342,-5.2875,-2.7318,-2.5194,-0.7119,1739334752429.305
3535,2648708352,0,-2.4185,2.0804,-5.1553,-2.769,-2.5284,-0.6985,1739334752439.3064
3536,2816480512,0,-2.4185,2.0573,-5.1553,-2.769,-2.5555,-0.6851,1739334752449.3079
3537,2984252672,0,-2.4876,2.0573,-5.1553,-2.7782,-2.5826,-0.6716,1739334752459.3093
3538,3152024832,0,-2.5106,2.1035,-5.4196,-2.8433,-2.6097,-0.6515,1739334752469.3108
3539,3319796992,0,-2.5106,2.1035,-5.4196,-2.8712,-2.6187,-0.6313,1739334752479.3125
3540,3487569152,0,-2.5336,2.0804,-5.4196,-2.8619,-2.6277,-0.6179,1739334752489.314
3541,3655341312,0,-2.5567,2.1035,-5.4196,-2.8712,-2.6277,-0.6179,1739334752499.3154
3542,3823113472,0,-2.4876,2.1035,-5.2875,-2.8805,-2.6097,-0.6112,1739334752509.317
3543,3990885632,0,-2.4876,2.1035,-5.1553,-2.834,-2.5916,-0.5978,1739334752519.3184
3544,4158657792,0,-2.4415,2.0342,-5.1553,-2.7875,-2.5645,-0.6045,1739334752529.3198
3545,31528192,0,-2.4185,2.011,-5.1553,-2.7597,-2.5465,-0.6045,1739334752539.3213
3546,199300352,0,-2.3954,2.011,-5.1553,-2.769,-2.5465,-0.6045,1739334752549.323
3547,367072512,0,-2.3724,2.0342,-5.1553,-2.7875,-2.5374,-0.6045,1739334752559.3245
3548,534844672,0,-2.3494,2.0804,-5.1553,-2.834,-2.5374,-0.5978,1739334752569.326
3549,702616832,0,-2.3263,2.1266,-5.0231,-2.8619,-2.4923,-0.591,1739334752579.3274
3550,870388992,0,-2.3033,2.1035,-5.0231,-2.8805,-2.4562,-0.591,1739334752589.3289
3551,1038161152,0,-2.3033,2.0573,-5.0231,-2.8526,-2.4832,-0.591,1739334752599.3303
3552,1205933312,0,-2.3954,2.0804,-5.0231,-2.8247,-2.5645,-0.5978,1739334752609.3318
3553,1373705472,0,-2.3954,2.1035,-5.1553,-2.8433,-2.5916,-0.6112,1739334752619.3335
3554,1541477632,0,-2.4185,2.1035,-5.2875,-2.8712,-2.6006,-0.6045,1739334752629.335
3555,1709249792,0,-2.4415,2.0804,-5.2875,-2.8712,-2.6187,-0.591,1739334752639.3364
3556,1877021952,0,-2.5106,2.0804,-5.2875,-2.8712,-2.6187,-0.6045,1739334752649.338
3557,2044794112,0,-2.5336,2.1035,-5.1553,-2.8897,-2.6548,-0.5978,1739334752659.3394
3558,2212566272,0,-2.5106,2.1497,-5.1553,-2.9269,-2.6638,-0.6045,1739334752669.3408
3559,2380338432,0,-2.5336,2.1729,-5.1553,-2.9362,-2.6729,-0.6045,1739334752679.3423
3560,2548110592,0,-2.5106,2.1729,-5.2875,-2.9734,-2.6638,-0.6112,1739334752689.344
3561,2715882752,0,-2.5106,2.1497,-5.2875,-2.9548,-2.6638,-0.6179,1739334752699.3455
3562,2883654912,0,-2.5106,2.1266,-5.1553,-2.9548,-2.6548,-0.6112,1739334752709.347
3563,3051427072,0,-2.5106,2.1729,-5.1553,-2.9362,-2.6729,-0.6179,1739334752719.3484
3564,3219199232,0,-2.5336,2.1497,-5.2875,-2.9734,-2.6638,-0.6179,1739334752729.3499
3565,3386971392,0,-2.5336,2.1497,-5.2875,-2.9827,-2.6729,-0.6246,1739334752739.3513
3566,3554743552,0,-2.5336,2.1266,-5.1553,-2.9641,-2.6819,-0.6313,1739334752749.3528
3567,3722515712,0,-2.5567,2.1266,-5.1553,-2.9548,-2.6909,-0.6313,1739334752759.3545
3568,3890287872,0,-2.5336,2.1035,-5.1553,-2.9548,-2.6819,-0.6313,1739334752769.356
3569,4058060032,0,-2.5106,2.1497,-5.0231,-2.9827,-2.7,-0.6313,1739334752779.3574
3570,4225832192,0,-2.5336,2.196,-5.1553,-3.0198,-2.718,-0.6179,1739334752789.359
3571,98702592,0,-2.6027,2.1497,-5.0231,-3.0105,-2.7632,-0.6112,1739334752799.3604
3572,266474752,0,-2.5797,2.1497,-5.1553,-3.0013,-2.7541,-0.6045,1739334752809.3618
3573,434246912,0,-2.4645,2.196,-5.1553,-3.0384,-2.6819,-0.5978,1739334752819.3633
3574,602019072,0,-2.3724,2.2191,-5.0231,-3.0663,-2.6006,-0.6045,1739334752829.365
3575,769791232,0,-2.3033,2.196,-5.0231,-3.0477,-2.5374,-0.5978,1739334752839.3665
3576,937563392,0,-2.2572,2.2191,-5.1553,-3.057,-2.5374,-0.5978,1739334752849.368
3577,1105335552,0,-2.3263,2.2191,-5.0231,-3.0849,-2.5645,-0.5843,1739334752859.3694
3578,1273107712,0,-2.3954,2.3116,-5.0231,-3.1499,-2.6187,-0.5776,1739334752869.3708
3579,1440879872,0,-2.4415,2.4271,-5.0231,-3.2428,-2.6638,-0.5642,1739334752879.3723
3580,1608652032,0,-2.4645,2.5196,-5.0231,-3.3822,-2.6368,-0.5373,1739334752889.3738
3581,1776424192,0,-2.3724,2.5889,-4.8909,-3.4473,-2.5916,-0.497,1739334752899.3755
3582,1944196352,0,-2.3724,2.5658,-4.8909,-3.4566,-2.5735,-0.4836,1739334752909.377
3583,2111968512,0,-2.3724,2.5427,-4.8909,-3.4287,-2.5916,-0.4567,1739334752919.3784
3584,2279740672,0,-2.3724,2.6121,-4.8909,-3.4751,-2.6006,-0.4366,1739334752929.38
3585,2447512832,0,-2.3494,2.6814,-4.8909,-3.5681,-2.5735,-0.403,1739334752939.3813
3586,2615284992,0,-2.3494,2.6352,-5.0231,-3.5774,-2.5645,-0.3559,1739334752949.3828
3587,2783057152,0,-2.3494,2.6814,-5.0231,-3.661,-2.5555,-0.3358,1739334752959.3843
3588,2950829312,0,-2.3724,2.7276,-5.0231,-3.6981,-2.5013,-0.2955,1739334752969.386
3589,3118601472,0,-2.3033,2.6814,-5.1553,-3.7074,-2.4562,-0.2619,1739334752979.3875
3590,3286373632,0,-2.2572,2.7508,-5.1553,-3.7353,-2.402,-0.2418,1739334752989.389
3591,3454145792,0,-2.1881,2.7508,-5.0231,-3.7725,-2.3749,-0.2216,1739334752999.3904
3592,3621917952,0,-2.1421,2.797,-5.1553,-3.8468,-2.3207,-0.1947,1739334753009.3918
3593,3789690112,0,-2.119,2.7508,-5.0231,-3.8004,-2.2665,-0.1612,1739334753019.3933
3594,3957462272,0,-2.0039,2.7045,-5.2875,-3.8004,-2.1852,-0.1343,1739334753029.395
3595,4125234432,0,-1.9348,2.6583,-5.1553,-3.7446,-2.104,-0.1007,1739334753039.3965
3596,4293006592,0,-1.8426,2.6121,-5.1553,-3.7353,-2.0137,-0.0806,1739334753049.398
3597,165876992,0,-1.7966,2.5889,-5.0231,-3.7074,-1.9505,-0.0671,1739334753059.3994
3598,333649152,0,-1.7966,2.5427,-5.1553,-3.6889,-1.9234,-0.047,1739334753069.401
3599,501421312,0,-1.7275,2.5658,-5.1553,-3.7446,-1.8421,-0.0403,1739334753079.4023
3600,669193472,0,-1.6353,2.5427,-5.0231,-3.7446,-1.7608,-0.0201,1739334753089.4038
3601,836965632,0,-1.5432,2.4503,-5.0231,-3.6796,-1.7067,-0.0067,1739334753099.4055
3602,1004737792,0,-1.4741,2.4503,-5.0231,-3.6703,-1.6344,-0.0067,1739334753109.407
3603,1172509952,0,-1.405,2.4734,-5.0231,-3.6889,-1.5802,0.0,1739334753119.4084
3604,1340282112,0,-1.3359,2.5196,-5.0231,-3.726,-1.526,-0.0067,1739334753129.41
3605,1508054272,0,-1.382,2.4965,-5.1553,-3.7167,-1.526,0.0067,1739334753139.4114
3606,1675826432,0,-1.405,2.4965,-5.0231,-3.7074,-1.5531,0.0,1739334753149.4128
3607,1843598592,0,-1.405,2.5658,-5.1553,-3.7632,-1.5712,0.0,1739334753159.4143
3608,2011370752,0,-1.382,2.6121,-5.1553,-3.8189,-1.5441,-0.0067,1739334753169.416
3609,2179142912,0,-1.3589,2.6583,-5.0231,-3.8561,-1.5351,0.0,1739334753179.4175
3610,2346915072,0,-1.3359,2.7045,-5.0231,-3.9119,-1.508,0.0,1739334753189.419
3611,2514687232,0,-1.3359,2.7276,-5.0231,-3.9676,-1.526,-0.0067,1739334753199.4204
3612,2682459392,0,-1.405,2.7508,-5.0231,-3.9862,-1.5802,0.0067,1739334753209.4219
3613,2850231552,0,-1.428,2.7508,-5.1553,-3.9955,-1.6073,-0.0067,1739334753219.4233
3614,3018003712,0,-1.382,2.797,-5.1553,-4.0512,-1.5712,-0.0134,1739334753229.4248
3615,3185775872,0,-1.3129,2.797,-5.0231,-4.0605,-1.5441,-0.0134,1739334753239.4265
3616,3353548032,0,-1.3129,2.7739,-5.0231,-4.0327,-1.526,-0.0134,1739334753249.428
3617,3521320192,0,-1.3589,2.7276,-5.0231,-4.0048,-1.5802,-0.0201,1739334753259.4294
3618,3689092352,0,-1.428,2.7508,-5.0231,-4.0327,-1.6163,-0.0201,1739334753269.431
3619,3856864512,0,-1.4511,2.8432,-5.1553,-4.0884,-1.6344,-0.0067,1739334753279.4324
3620,4024636672,0,-1.428,2.8663,-5.1553,-4.1442,-1.6163,-0.0134,1739334753289.4338
3621,4192408832,0,-1.382,2.8663,-5.1553,-4.1442,-1.5712,-0.0067,1739334753299.4353
3622,65279232,0,-1.3129,2.8663,-5.0231,-4.1535,-1.508,-0.0201,1739334753309.437
3623,233051392,0,-1.2668,2.8201,-5.0231,-4.1163,-1.4719,-0.0268,1739334753319.4385
3624,400823552,0,-1.3129,2.7508,-5.1553,-4.0234,-1.526,-0.0268,1739334753329.44
3625,568595712,0,-1.3129,2.7276,-5.0231,-3.9769,-1.517,-0.0403,1739334753339.4414
3626,736367872,0,-1.3129,2.7508,-5.0231,-3.9862,-1.499,-0.0403,1739334753349.4429
3627,904140032,0,-1.2668,2.7739,-5.0231,-4.0234,-1.4719,-0.0268,1739334753359.4443
3628,1071912192,0,-1.2898,2.8201,-5.0231,-4.0512,-1.499,-0.0201,1739334753369.4458
3629,1239684352,0,-1.2898,2.8663,-5.0231,-4.1535,-1.517,-0.0134,1739334753379.4475
3630,1407456512,0,-1.3359,2.9357,-5.2875,-4.2278,-1.5441,0.0067,1739334753389.449
3631,1575228672,0,-1.3589,2.9819,-5.2875,-4.3207,-1.5802,0.0201,1739334753399.4504
3632,1743000832,0,-1.3589,3.0744,-5.2875,-4.4229,-1.5893,0.0335,1739334753409.452
3633,1910772992,0,-1.2898,3.1668,-5.1553,-4.5251,-1.5441,0.0537,1739334753419.4534
3634,2078545152,0,-1.2898,3.19,-5.1553,-4.553,-1.517,0.0738,1739334753429.4548
3635,2246317312,0,-1.3129,3.1437,-5.1553,-4.5158,-1.526,0.0806,1739334753439.4563
3636,2414089472,0,-1.405,3.1206,-5.2875,-4.4973,-1.5441,0.094,1739334753449.458
3637,2581861632,0,-1.428,3.1437,-5.2875,-4.5344,-1.5802,0.1141,1739334753459.4595
3638,2749633792,0,-1.405,3.2131,-5.2875,-4.6273,-1.5531,0.1544,1739334753469.461
3639,2917405952,0,-1.3359,3.2131,-5.1553,-4.6459,-1.508,0.1746,1739334753479.4624
3640,3085178112,0,-1.2898,3.1668,-5.1553,-4.6181,-1.4719,0.1947,1739334753489.4639
3641,3252950272,0,-1.2207,3.1437,-5.2875,-4.6181,-1.4087,0.1947,1739334753499.4653
3642,3420722432,0,-1.1516,3.19,-5.1553,-4.6366,-1.3364,0.2082,1739334753509.4668
3643,3588494592,0,-1.1056,3.1437,-5.0231,-4.6181,-1.2913,0.2283,1739334753519.4685
3644,3756266752,0,-1.0595,3.1437,-5.1553,-4.6088,-1.2642,0.235,1739334753529.47
3645,3924038912,0,-1.0365,3.1668,-5.0231,-4.6459,-1.2461,0.2418,1739334753539.4714
3646,4091811072,0,-1.0134,3.1668,-5.1553,-4.6831,-1.219,0.2552,1739334753549.473
3647,4259583232,0,-1.0365,3.1206,-5.1553,-4.6366,-1.219,0.2619,1739334753559.4744
3648,132453632,0,-1.0365,3.0975,-5.1553,-4.5995,-1.201,0.2552,1739334753569.4758
3649,300225792,0,-0.9674,3.1437,-5.0231,-4.6366,-1.1197,0.2619,1739334753579.4773
3650,467997952,0,-0.8752,3.1206,-5.0231,-4.5995,-1.0565,0.2619,1739334753589.479
3651,635770112,0,-0.8292,3.0744,-4.8909,-4.5809,-1.0023,0.2552,1739334753599.4805
3652,803542272,0,-0.8292,3.0975,-5.0231,-4.5716,-1.0023,0.2552,1739334753609.482
3653,971314432,0,-0.8061,3.1206,-4.8909,-4.6088,-0.9752,0.2485,1739334753619.4834
3654,1139086592,0,-0.8292,3.1668,-5.0231,-4.6273,-0.9933,0.2552,1739334753629.4849
3655,1306858752,0,-0.8522,3.1668,-5.0231,-4.6552,-1.0113,0.2552,1739334753639.4863
3656,1474630912,0,-0.8752,3.2362,-5.0231,-4.7296,-1.0474,0.2552,1739334753649.4878
3657,1642403072,0,-0.8752,3.2824,-5.0231,-4.7574,-1.0745,0.2552,1739334753659.4895
3658,1810175232,0,-0.9443,3.2593,-5.0231,-4.7667,-1.1378,0.2619,1739334753669.491
3659,1977947392,0,-1.0365,3.2824,-5.0231,-4.7853,-1.201,0.2552,1739334753679.4924
3660,2145719552,0,-1.1286,3.3287,-5.1553,-4.8225,-1.2822,0.2552,1739334753689.494
3661,2313491712,0,-1.1516,3.3287,-5.2875,-4.8411,-1.3274,0.2552,1739334753699.4954
3662,2481263872,0,-1.1747,3.3518,-5.2875,-4.8411,-1.3635,0.2485,1739334753709.4968
3663,2649036032,0,-1.1747,3.3055,-5.2875,-4.8411,-1.3635,0.235,1739334753719.4985
3664,2816808192,0,-1.2207,3.3055,-5.1553,-4.8411,-1.3906,0.235,1739334753729.5
3665,2984580352,0,-1.2898,3.3518,-5.2875,-4.8503,-1.4448,0.2283,1739334753739.5015
3666,3152352512,0,-1.3589,3.3749,-5.2875,-4.8782,-1.4899,0.2283,1739334753749.503
3667,3320124672,0,-1.382,3.3749,-5.2875,-4.9154,-1.526,0.235,1739334753759.5044
3668,3487896832,0,-1.405,3.398,-5.2875,-4.9247,-1.5441,0.2216,1739334753769.5059
3669,3655668992,0,-1.405,3.3749,-5.2875,-4.9061,-1.5531,0.2216,1739334753779.5073
3670,3823441152,0,-1.405,3.3749,-5.2875,-4.8968,-1.5531,0.2149,1739334753789.509
3671,3991213312,0,-1.405,3.3518,-5.1553,-4.8782,-1.5531,0.2149,1739334753799.5105
3672,4158985472,0,-1.428,3.3287,-5.1553,-4.8596,-1.5712,0.2082,1739334753809.512
3673,31855872,0,-1.4511,3.3287,-5.2875,-4.8596,-1.5893,0.2082,1739334753819.5134
3674,199628032,0,-1.4511,3.3749,-5.1553,-4.8411,-1.5983,0.2015,1739334753829.515
3675,367400192,0,-1.4511,3.3287,-5.2875,-4.8596,-1.5712,0.2015,1739334753839.5164
3676,535172352,0,-1.405,3.3518,-5.1553,-4.8225,-1.5441,0.1947,1739334753849.5178
3677,702944512,0,-1.3589,3.2824,-5.4196,-4.8039,-1.499,0.1947,1739334753859.5195
3678,870716672,0,-1.3589,3.2593,-5.4196,-4.776,-1.4899,0.2015,1739334753869.521
3679,1038488832,0,-1.3359,3.3055,-5.2875,-4.7574,-1.4809,0.2082,1739334753879.5225
3680,1206260992,0,-1.3359,3.2593,-5.4196,-4.7946,-1.4809,0.2149,1739334753889.524
3681,1374033152,0,-1.3589,3.3055,-5.4196,-4.8225,-1.4899,0.2216,1739334753899.5254
3682,1541805312,0,-1.3589,3.3518,-5.4196,-4.8596,-1.517,0.2283,1739334753909.5269
3683,1709577472,0,-1.3589,3.3518,-5.2875,-4.8689,-1.508,0.2283,1739334753919.5283
3684,1877349632,0,-1.3589,3.3287,-5.2875,-4.8503,-1.499,0.2283,1739334753929.53
3685,2045121792,0,-1.3129,3.3055,-5.2875,-4.8225,-1.4809,0.2283,1739334753939.5315
3686,2212893952,0,-1.2898,3.3055,-5.1553,-4.7946,-1.4538,0.2283,1739334753949.533
3687,2380666112,0,-1.2898,3.3055,-5.1553,-4.7946,-1.4538,0.2149,1739334753959.5344
3688,2548438272,0,-1.3129,3.3287,-5.1553,-4.8132,-1.4628,0.2149,1739334753969.536
3689,2716210432,0,-1.3129,3.3518,-5.1553,-4.8411,-1.4538,0.2216,1739334753979.5374
3690,2883982592,0,-1.2898,3.3518,-5.2875,-4.8411,-1.4538,0.2216,1739334753989.5388
3691,3051754752,0,-1.2668,3.3287,-5.2875,-4.8596,-1.4267,0.2216,1739334753999.5405
3692,3219526912,0,-1.2438,3.3287,-5.2875,-4.8318,-1.3906,0.2216,1739334754009.542
3693,3387299072,0,-1.1977,3.3055,-5.2875,-4.776,-1.3725,0.2149,1739334754019.5435
3694,3555071232,0,-1.1977,3.2362,-5.2875,-4.7388,-1.3545,0.1947,1739334754029.545
3695,3722843392,0,-1.2207,3.2362,-5.2875,-4.7017,-1.3725,0.188,1739334754039.5464
3696,3890615552,0,-1.2668,3.2131,-5.2875,-4.6924,-1.4087,0.188,1739334754049.5479
3697,4058387712,0,-1.3129,3.2593,-5.0231,-4.7017,-1.4628,0.1813,1739334754059.5493
3698,4226159872,0,-1.3359,3.3055,-5.0231,-4.7296,-1.4899,0.1746,1739334754069.551
3699,99030272,0,-1.3359,3.3055,-5.1553,-4.7574,-1.499,0.1813,1739334754079.5525
3700,266802432,0,-1.3589,3.3055,-5.1553,-4.7574,-1.499,0.188,1739334754089.554
3701,434574592,0,-1.3359,3.3055,-5.0231,-4.7481,-1.508,0.188,1739334754099.5554
3702,602346752,0,-1.3359,3.3055,-5.0231,-4.7481,-1.508,0.188,1739334754109.557
3703,770118912,0,-1.3589,3.3287,-5.1553,-4.7574,-1.5441,0.188,1739334754119.5583
3704,937891072,0,-1.405,3.3287,-5.1553,-4.7667,-1.5802,0.188,1739334754129.5598
3705,1105663232,0,-1.4971,3.3518,-5.1553,-4.8039,-1.6344,0.188,1739334754139.5615
3706,1273435392,0,-1.5432,3.398,-5.0231,-4.8225,-1.6705,0.188,1739334754149.563
3707,1441207552,0,-1.5662,3.398,-5.1553,-4.8689,-1.6976,0.1813,1739334754159.5645
3708,1608979712,0,-1.5662,3.3749,-5.1553,-4.8596,-1.6976,0.188,1739334754169.566
3709,1776751872,0,-1.5662,3.3749,-5.1553,-4.8318,-1.7067,0.1746,1739334754179.5674
3710,1944524032,0,-1.5662,3.3287,-5.1553,-4.7946,-1.7067,0.1679,1739334754189.5688
3711,2112296192,0,-1.5662,3.3287,-5.0231,-4.776,-1.7247,0.1679,1739334754199.5703
3712,2280068352,0,-1.6123,3.3287,-5.1553,-4.7574,-1.7518,0.1477,1739334754209.572
3713,2447840512,0,-1.6353,3.3055,-5.1553,-4.7667,-1.7699,0.1477,1739334754219.5735
3714,2615612672,0,-1.6584,3.3287,-5.1553,-4.7667,-1.7789,0.1612,1739334754229.575
3715,2783384832,0,-1.6353,3.3518,-5.1553,-4.7946,-1.7428,0.1679,1739334754239.5764
3716,2951156992,0,-1.6123,3.3749,-5.1553,-4.8039,-1.7247,0.1612,1739334754249.578
3717,3118929152,0,-1.5432,3.3287,-5.0231,-4.7853,-1.7067,0.1612,1739334754259.5793
3718,3286701312,0,-1.5662,3.3055,-5.1553,-4.7574,-1.6796,0.1679,1739334754269.5808
3719,3454473472,0,-1.5432,3.2824,-5.0231,-4.7296,-1.6705,0.1612,1739334754279.5825
3720,3622245632,0,-1.5432,3.2824,-5.1553,-4.6924,-1.6615,0.1544,1739334754289.584
3721,3790017792,0,-1.5202,3.2362,-5.0231,-4.6831,-1.6525,0.1544,1739334754299.5854
3722,3957789952,0,-1.5202,3.2362,-5.1553,-4.6645,-1.6525,0.1477,1739334754309.587
3723,4125562112,0,-1.5202,3.2362,-5.0231,-4.6552,-1.6434,0.1477,1739334754319.5884
3724,4293334272,0,-1.4741,3.2362,-5.0231,-4.6645,-1.6254,0.1544,1739334754329.5898
3725,166204672,0,-1.4511,3.2593,-5.0231,-4.6738,-1.6073,0.1477,1739334754339.5916
3726,333976832,0,-1.428,3.2593,-5.1553,-4.6738,-1.5893,0.141,1739334754349.593
3727,501748992,0,-1.428,3.2131,-5.1553,-4.6459,-1.5712,0.1343,1739334754359.5945
3728,669521152,0,-1.428,3.2131,-5.1553,-4.6181,-1.5712,0.141,1739334754369.596
3729,837293312,0,-1.428,3.2131,-5.1553,-4.5902,-1.5802,0.1343,1739334754379.5974
3730,1005065472,0,-1.4511,3.2131,-5.1553,-4.5902,-1.6073,0.1343,1739334754389.5989
3731,1172837632,0,-1.4511,3.2131,-5.1553,-4.5995,-1.6344,0.1276,1739334754399.6003
3732,1340609792,0,-1.4971,3.2131,-5.1553,-4.6088,-1.6615,0.1343,1739334754409.602
3733,1508381952,0,-1.5202,3.19,-5.1553,-4.6181,-1.6615,0.1276,1739334754419.6035
3734,1676154112,0,-1.5202,3.2362,-5.1553,-4.6088,-1.6796,0.1343,1739334754429.605
3735,1843926272,0,-1.5432,3.2131,-5.0231,-4.6181,-1.6886,0.1276,1739334754439.6064
3736,2011698432,0,-1.5893,3.2362,-5.1553,-4.6181,-1.7067,0.1343,1739334754449.608
3737,2179470592,0,-1.6123,3.2362,-5.1553,-4.6273,-1.7337,0.1343,1739334754459.6094
3738,2347242752,0,-1.6353,3.2362,-5.1553,-4.6273,-1.7518,0.1276,1739334754469.6108
3739,2515014912,0,-1.6353,3.2593,-5.2875,-4.6366,-1.7608,0.1343,1739334754479.6125
3740,2682787072,0,-1.6123,3.2593,-5.1553,-4.6273,-1.7518,0.1209,1739334754489.614
3741,2850559232,0,-1.5893,3.2362,-5.1553,-4.6088,-1.7337,0.1209,1739334754499.6155
3742,3018331392,0,-1.5893,3.2131,-5.1553,-4.5995,-1.7337,0.1209,1739334754509.617
3743,3186103552,0,-1.6123,3.19,-5.2875,-4.5809,-1.7428,0.1141,1739334754519.6184
3744,3353875712,0,-1.6353,3.1668,-5.2875,-4.553,-1.7518,0.1141,1739334754529.6199
3745,3521647872,0,-1.6123,3.1668,-5.2875,-4.5344,-1.7699,0.1141,1739334754539.6213
3746,3689420032,0,-1.6353,3.19,-5.2875,-4.5158,-1.7699,0.1007,1739334754549.623
3747,3857192192,0,-1.6353,3.1437,-5.2875,-4.5065,-1.7608,0.1007,1739334754559.6245
3748,4024964352,0,-1.6353,3.1206,-5.2875,-4.488,-1.7518,0.1074,1739334754569.626
3749,4192736512,0,-1.6353,3.1206,-5.2875,-4.488,-1.7337,0.1007,1739334754579.6274
3750,65606912,0,-1.6353,3.1437,-5.2875,-4.4694,-1.7337,0.1074,1739334754589.629
3751,233379072,0,-1.6123,3.1206,-5.2875,-4.4694,-1.7337,0.1141,1739334754599.6304
3752,401151232,0,-1.6123,3.1437,-5.2875,-4.4973,-1.7247,0.1141,1739334754609.6318
3753,568923392,0,-1.5893,3.19,-5.2875,-4.5251,-1.7157,0.1276,1739334754619.6335
3754,736695552,0,-1.5432,3.19,-5.4196,-4.5437,-1.6886,0.1276,1739334754629.635
3755,904467712,0,-1.5202,3.1668,-5.1553,-4.5251,-1.6525,0.1209,1739334754639.6365
3756,1072239872,0,-1.4971,3.1206,-5.1553,-4.4973,-1.6344,0.1209,1739334754649.638
3757,1240012032,0,-1.4971,3.1206,-5.2875,-4.4601,-1.6254,0.1209,1739334754659.6394
3758,1407784192,0,-1.4971,3.1206,-5.2875,-4.4601,-1.6254,0.1074,1739334754669.6409
3759,1575556352,0,-1.4741,3.0975,-5.2875,-4.4601,-1.6163,0.1141,1739334754679.6423
3760,1743328512,0,-1.4741,3.1206,-5.1553,-4.4508,-1.6073,0.1074,1739334754689.644
3761,1911100672,0,-1.4511,3.1206,-5.0231,-4.4415,-1.5893,0.1209,1739334754699.6455
3762,2078872832,0,-1.4511,3.0975,-5.0231,-4.4136,-1.5712,0.1209,1739334754709.647
3763,2246644992,0,-1.4511,3.0744,-5.0231,-4.4136,-1.5712,0.1209,1739334754719.6484
3764,2414417152,0,-1.4971,3.0975,-5.1553,-4.4136,-1.6073,0.1209,1739334754729.65
3765,2582189312,0,-1.5432,3.0975,-5.1553,-4.4229,-1.6344,0.1276,1739334754739.6514
3766,2749961472,0,-1.5662,3.1206,-5.1553,-4.4229,-1.6525,0.1141,1739334754749.6528
3767,2917733632,0,-1.5432,3.0975,-5.2875,-4.4043,-1.6434,0.1074,1739334754759.6545
3768,3085505792,0,-1.5662,3.0513,-5.1553,-4.3672,-1.6344,0.1007,1739334754769.656
3769,3253277952,0,-1.5432,3.0282,-5.1553,-4.3207,-1.6434,0.1007,1739334754779.6575
3770,3421050112,0,-1.5662,3.0513,-5.1553,-4.2928,-1.6615,0.094,1739334754789.659
3771,3588822272,0,-1.6123,3.0282,-5.1553,-4.2835,-1.7157,0.0873,1739334754799.6604
3772,3756594432,0,-1.6584,3.0513,-5.1553,-4.3021,-1.7518,0.0873,1739334754809.6619
3773,3924366592,0,-1.6584,3.0744,-5.0231,-4.3207,-1.7789,0.1007,1739334754819.6633
3774,4092138752,0,-1.6584,3.1206,-5.0231,-4.3393,-1.7699,0.0806,1739334754829.665
3775,4259910912,0,-1.6353,3.0744,-5.0231,-4.3207,-1.7518,0.0806,1739334754839.6665
3776,132781312,0,-1.6584,3.0744,-5.0231,-4.2928,-1.7608,0.0806,1739334754849.668
3777,300553472,0,-1.6814,3.0744,-5.1553,-4.3021,-1.7879,0.0738,1739334754859.6694
3778,468325632,0,-1.7044,3.0744,-5.1553,-4.3114,-1.806,0.0806,1739334754869.671
3779,636097792,0,-1.7275,3.0744,-5.1553,-4.3021,-1.815,0.0806,1739334754879.6724
3780,803869952,0,-1.7044,3.0513,-5.1553,-4.2928,-1.815,0.0806,1739334754889.6738
3781,971642112,0,-1.7044,3.0744,-5.1553,-4.265,-1.824,0.0738,1739334754899.6755
3782,1139414272,0,-1.7044,3.0513,-5.1553,-4.2464,-1.815,0.0806,1739334754909.677
3783,1307186432,0,-1.7044,3.0282,-5.0231,-4.2278,-1.8421,0.0806,1739334754919.6785
3784,1474958592,0,-1.7505,3.0282,-5.0231,-4.1999,-1.8782,0.0738,1739334754929.68
3785,1642730752,0,-1.7966,3.0282,-5.1553,-4.2092,-1.8963,0.0806,1739334754939.6814
3786,1810502912,0,-1.7735,3.0513,-5.1553,-4.2185,-1.8963,0.0738,1739334754949.6829
3787,1978275072,0,-1.7275,3.005,-5.0231,-4.2278,-1.8421,0.0806,1739334754959.6843
3788,2146047232,0,-1.6353,2.9588,-5.0231,-4.1906,-1.7699,0.0738,1739334754969.686
3789,2313819392,0,-1.5662,2.9588,-5.0231,-4.1535,-1.7337,0.0738,1739334754979.6875
3790,2481591552,0,-1.5893,2.9126,-5.0231,-4.107,-1.7247,0.0604,1739334754989.689
3791,2649363712,0,-1.6123,2.8895,-5.0231,-4.0791,-1.7789,0.0604,1739334754999.6904
3792,2817135872,0,-1.6814,2.8663,-5.0231,-4.0512,-1.797,0.0738,1739334755009.692
3793,2984908032,0,-1.6814,2.8895,-5.1553,-4.0698,-1.806,0.0738,1739334755019.6934
3794,3152680192,0,-1.6584,2.9126,-5.0231,-4.0698,-1.7789,0.0806,1739334755029.695
3795,3320452352,0,-1.5893,2.8895,-5.0231,-4.0605,-1.7428,0.0806,1739334755039.6965
3796,3488224512,0,-1.5432,2.8663,-4.8909,-4.0419,-1.7067,0.0806,1739334755049.698
3797,3655996672,0,-1.5432,2.8432,-4.8909,-4.0234,-1.7157,0.0671,1739334755059.6995
3798,3823768832,0,-1.6123,2.8201,-4.8909,-4.0048,-1.7518,0.0671,1739334755069.701
3799,3991540992,0,-1.6584,2.8432,-4.8909,-4.0234,-1.815,0.0671,1739334755079.7024
3800,4159313152,0,-1.6814,2.8432,-5.0231,-4.0141,-1.8421,0.0738,1739334755089.7039
3801,32183552,0,-1.6584,2.8663,-5.0231,-4.0327,-1.8511,0.0738,1739334755099.7056
3802,199955712,0,-1.6353,2.8432,-5.0231,-4.0141,-1.815,0.0671,1739334755109.707
3803,367727872,0,-1.5893,2.8201,-4.8909,-3.9862,-1.7789,0.0671,1739334755119.7085
3804,535500032,0,-1.5662,2.797,-4.8909,-3.9583,-1.7699,0.0604,1739334755129.71
3805,703272192,0,-1.5893,2.7739,-4.8909,-3.9304,-1.797,0.0604,1739334755139.7114
3806,871044352,0,-1.6584,2.7508,-4.8909,-3.9119,-1.8331,0.0537,1739334755149.713
3807,1038816512,0,-1.6814,2.7739,-4.8909,-3.9026,-1.8692,0.047,1739334755159.7144
3808,1206588672,0,-1.7044,2.7508,-4.8909,-3.8933,-1.8963,0.047,1739334755169.716
3809,1374360832,0,-1.6814,2.7508,-4.8909,-3.8933,-1.9053,0.047,1739334755179.7175
3810,1542132992,0,-1.6814,2.7508,-4.8909,-3.8654,-1.9143,0.0403,1739334755189.719
3811,1709905152,0,-1.6353,2.7045,-4.7587,-3.8189,-1.9053,0.0403,1739334755199.7205
3812,1877677312,0,-1.6123,2.6814,-4.6265,-3.7818,-1.9234,0.0403,1739334755209.722
3813,2045449472,0,-1.6353,2.6583,-4.6265,-3.7539,-1.9324,0.0403,1739334755219.7234
3814,2213221632,0,-1.6353,2.6121,-4.6265,-3.7074,-1.9505,0.0335,1739334755229.7249
3815,2380993792,0,-1.6353,2.5889,-4.6265,-3.6703,-1.9685,0.0403,1739334755239.7266
3816,2548765952,0,-1.6353,2.5427,-4.6265,-3.6238,-1.9776,0.0537,1739334755249.728
3817,2716538112,0,-1.6123,2.4734,-4.4943,-3.5495,-1.9685,0.047,1739334755259.7295
3818,2884310272,0,-1.5662,2.4503,-4.3621,-3.4751,-1.9414,0.047,1739334755269.731
3819,3052082432,0,-1.5202,2.3809,-4.3621,-3.3822,-1.9234,0.0537,1739334755279.7324
3820,3219854592,0,-1.4971,2.3116,-4.23,-3.2986,-1.9234,0.0537,1739334755289.734
3821,3387626752,0,-1.5202,2.2422,-3.9656,-3.2057,-1.9053,0.047,1739334755299.7354
3822,3555398912,0,-1.5202,2.196,-3.9656,-3.1313,-1.9324,0.0403,1739334755309.737
3823,3723171072,0,-1.5202,2.1497,-3.8334,-3.0663,-1.9324,0.0403,1739334755319.7385
3824,3890943232,0,-1.4971,2.0804,-3.7012,-2.9548,-1.8963,0.0403,1739334755329.74
3825,4058715392,0,-1.405,2.011,-3.569,-2.8526,-1.824,0.0268,1739334755339.7415
3826,4226487552,0,-1.3359,1.9417,-3.4368,-2.7597,-1.7699,0.0268,1739334755349.743
3827,99357952,0,-1.2207,1.8723,-3.1725,-2.6482,-1.7067,0.0067,1739334755359.7444
3828,267130112,0,-1.1977,1.7568,-2.9081,-2.5088,-1.6073,0.0,1739334755369.7458
3829,434902272,0,-1.0595,1.6412,-2.7759,-2.3415,-1.5351,-0.0134,1739334755379.7476
3830,602674432,0,-0.9674,1.5256,-2.5115,-2.1929,-1.4448,-0.0335,1739334755389.749
3831,770446592,0,-0.8752,1.41,-2.2471,-1.9977,-1.3274,-0.0403,1739334755399.7505
3832,938218752,0,-0.737,1.2251,-1.9828,-1.8212,-1.21,-0.0268,1739334755409.752
3833,1105990912,0,-0.5988,1.1558,-1.7184,-1.6353,-1.0836,-0.0335,1739334755419.7534
3834,1273763072,0,-0.4837,1.0402,-1.7184,-1.4867,-0.9301,-0.0335,1739334755429.755
3835,1441535232,0,-0.3455,0.9246,-1.454,-1.3659,-0.7765,-0.047,1739334755439.7563
3836,1609307392,0,-0.2303,0.8321,-1.3218,-1.2451,-0.6592,-0.0537,1739334755449.758
3837,1777079552,0,-0.1612,0.7397,-1.1896,-1.1243,-0.5689,-0.0671,1739334755459.7595
3838,1944851712,0,-0.1842,0.6703,-0.9253,-1.0035,-0.5147,-0.0806,1739334755469.761
3839,2112623872,0,-0.1151,0.5316,-0.5287,-0.8641,-0.4153,-0.094,1739334755479.7625
3840,2280396032,0,-0.046,0.3929,-0.3965,-0.6504,-0.3521,-0.0873,1739334755489.764
3841,2448168192,0,0.0921,0.208,-0.2643,-0.446,-0.2528,-0.0806,1739334755499.7654
3842,2615940352,0,0.2303,0.1155,-0.1321,-0.2973,-0.0903,-0.094,1739334755509.7668
3843,2783712512,0,0.1382,0.0693,0.1321,-0.223,-0.0812,-0.0604,1739334755519.7686
3844,2951484672,0,0.1382,0.0,0.1321,-0.1486,-0.0361,-0.0268,1739334755529.77
3845,3119256832,0,0.1612,-0.0462,0.2643,-0.1207,0.0361,-0.0067,1739334755539.7715
3846,3287028992,0,0.2073,-0.0231,0.3965,-0.1393,0.1354,0.0268,1739334755549.773
3847,3454801152,0,0.3224,-0.0462,0.7931,-0.1672,0.2076,0.0604,1739334755559.7744
3848,3622573312,0,0.3915,-0.0924,0.9253,-0.1672,0.307,0.0806,1739334755569.776
3849,3790345472,0,0.3915,-0.0231,1.0575,-0.2322,0.3702,0.0873,1739334755579.7773
3850,3958117632,0,0.2533,0.0231,0.5287,-0.2601,0.2257,0.0604,1739334755589.779
3851,4125889792,0,0.0691,0.0693,0.0,-0.2322,0.0541,0.0268,1739334755599.7805
3852,4293661952,0,0.046,0.0,-0.1321,-0.1393,-0.0361,0.0067,1739334755609.782
3853,166532352,0,-0.046,-0.0462,-0.2643,-0.0743,-0.0903,0.0067,1739334755619.7834
3854,334304512,0,-0.0691,-0.1155,-0.2643,-0.0371,-0.1083,0.0067,1739334755629.785
3855,502076672,0,-0.046,-0.0924,-0.2643,-0.0464,-0.1264,0.0067,1739334755639.7864
3856,669848832,0,-0.0691,-0.0462,-0.2643,-0.0743,-0.1264,-0.0067,1739334755649.788
3857,837620992,0,-0.0921,0.0231,-0.3965,-0.1207,-0.1264,0.0,1739334755659.7896
3858,1005393152,0,-0.023,0.0693,-0.3965,-0.1672,-0.0632,-0.0067,1739334755669.791
3859,1173165312,0,0.0921,0.0924,-0.3965,-0.1951,0.0812,0.0067,1739334755679.7925
3860,1340937472,0,0.1612,0.0924,-0.2643,-0.1765,0.1806,0.0067,1739334755689.794
3861,1508709632,0,0.2764,0.0693,-0.1321,-0.0836,0.3882,0.0134,1739334755699.7954
3862,1676481792,0,0.3455,0.0924,0.0,-0.0743,0.5056,0.0134,1739334755709.7969
3863,1844253952,0,0.2994,0.1155,-0.1321,-0.1486,0.4424,0.0,1739334755719.7986
3864,2012026112,0,0.2533,0.1155,-0.1321,-0.1858,0.4063,0.0134,1739334755729.8
3865,2179798272,0,0.2303,0.1155,-0.2643,-0.2044,0.3521,0.0067,1739334755739.8015
3866,2347570432,0,0.0691,0.1155,-0.2643,-0.223,0.1444,0.0067,1739334755749.803
3867,2515342592,0,0.046,0.1155,-0.3965,-0.2322,0.027,0.0067,1739334755759.8044
3868,2683114752,0,0.0,0.1155,-0.5287,-0.223,-0.018,0.0067,1739334755769.806
3869,2850886912,0,-0.023,0.1155,-0.3965,-0.223,-0.0361,0.0,1739334755779.8074
3870,3018659072,0,-0.023,0.1155,-0.5287,-0.223,-0.0632,0.0067,1739334755789.809
3871,3186431232,0,-0.023,0.1155,-0.3965,-0.223,-0.0541,0.0067,1739334755799.8105
3872,3354203392,0,-0.046,0.1155,-0.3965,-0.2322,-0.0632,0.0067,1739334755809.812
3873,3521975552,0,-0.046,0.0924,-0.5287,-0.223,-0.0632,0.0067,1739334755819.8135
3874,3689747712,0,-0.023,0.1155,-0.5287,-0.223,-0.0632,0.0,1739334755829.815
3875,3857519872,0,-0.046,0.1155,-0.5287,-0.223,-0.0722,0.0067,1739334755839.8164
3876,4025292032,0,0.0,0.0924,-0.5287,-0.223,-0.0632,0.0134,1739334755849.8179
3877,4193064192,0,-0.023,0.1155,-0.5287,-0.223,-0.0722,0.0134,1739334755859.8196
3878,65934592,0,-0.046,0.1155,-0.3965,-0.2137,-0.0632,0.0,1739334755869.821
3879,233706752,0,-0.023,0.1155,-0.3965,-0.2137,-0.0722,0.0,1739334755879.8225
3880,401478912,0,-0.046,0.1155,-0.3965,-0.2137,-0.0722,0.0067,1739334755889.824
3881,569251072,0,-0.046,0.0924,-0.3965,-0.2137,-0.0722,0.0067,1739334755899.8254
3882,737023232,0,-0.023,0.0924,-0.5287,-0.2137,-0.0632,0.0,1739334755909.827
3883,904795392,0,-0.046,0.1155,-0.5287,-0.2044,-0.0722,0.0067,1739334755919.8284
3884,1072567552,0,-0.046,0.1155,-0.3965,-0.2044,-0.0632,0.0067,1739334755929.83
3885,1240339712,0,-0.023,0.0924,-0.3965,-0.2137,-0.0722,0.0,1739334755939.8315
3886,1408111872,0,-0.046,0.1155,-0.5287,-0.2137,-0.0632,0.0067,1739334755949.833
3887,1575884032,0,-0.046,0.0924,-0.5287,-0.2044,-0.0722,0.0067,1739334755959.8345
3888,1743656192,0,0.0,0.0924,-0.3965,-0.2044,-0.0632,0.0,1739334755969.836
3889,1911428352,0,-0.023,0.1155,-0.3965,-0.1951,-0.0632,0.0067,1739334755979.8374
3890,2079200512,0,-0.023,0.0924,-0.3965,-0.1951,-0.0632,0.0,1739334755989.8389
3891,2246972672,0,-0.046,0.0924,-0.3965,-0.1951,-0.0632,0.0067,1739334755999.8406
3892,2414744832,0,0.0,0.0924,-0.3965,-0.1951,-0.0632,0.0,1739334756009.842
3893,2582516992,0,-0.023,0.1155,-0.3965,-0.1951,-0.0632,0.0067,1739334756019.8435
3894,2750289152,0,-0.023,0.0924,-0.5287,-0.2137,-0.0632,0.0,1739334756029.845
3895,2918061312,0,-0.046,0.1155,-0.3965,-0.1951,-0.0632,0.0067,1739334756039.8464
3896,3085833472,0,-0.023,0.0924,-0.3965,-0.1951,-0.0632,0.0,1739334756049.848
3897,3253605632,0,0.0,0.1155,-0.3965,-0.1951,-0.0632,0.0067,1739334756059.8494
3898,3421377792,0,-0.023,0.0924,-0.5287,-0.1858,-0.0632,0.0067,1739334756069.851
3899,3589149952,0,-0.046,0.1155,-0.5287,-0.1858,-0.0632,0.0134,1739334756079.8525
3900,3756922112,0,-0.023,0.0924,-0.5287,-0.1858,-0.0632,0.0067,1739334756089.854
3901,3924694272,0,-0.046,0.1155,-0.5287,-0.1858,-0.0632,0.0067,1739334756099.8555
3902,4092466432,0,-0.046,0.0924,-0.5287,-0.1858,-0.0632,0.0067,1739334756109.857
3903,4260238592,0,-0.046,0.0924,-0.5287,-0.1858,-0.0632,0.0067,1739334756119.8584
3904,133108992,0,-0.023,0.0924,-0.5287,-0.1858,-0.0632,0.0067,1739334756129.8599
3905,300881152,0,-0.046,0.0924,-0.3965,-0.1858,-0.0632,0.0134,1739334756139.8616
3906,468653312,0,0.0,0.0693,-0.3965,-0.1951,-0.0632,0.0,1739334756149.863
3907,636425472,0,-0.023,0.0924,-0.3965,-0.1951,-0.0632,0.0067,1739334756159.8645
3908,804197632,0,-0.023,0.0924,-0.3965,-0.1951,-0.0632,0.0,1739334756169.866
3909,971969792,0,0.0,0.0693,-0.3965,-0.1951,-0.0632,-0.0067,1739334756179.8674
3910,1139741952,0,-0.046,0.0924,-0.3965,-0.1858,-0.0632,0.0067,1739334756189.869
3911,1307514112,0,-0.046,0.0924,-0.3965,-0.1951,-0.0632,0.0067,1739334756199.8704
3912,1475286272,0,-0.023,0.0924,-0.3965,-0.1858,-0.0632,0.0067,1739334756209.872
3913,1643058432,0,0.023,0.0693,-0.2643,-0.1858,-0.0632,0.0,1739334756219.8735
3914,1810830592,0,-0.023,0.0924,-0.3965,-0.1858,-0.0632,0.0067,1739334756229.875
3915,1978602752,0,-0.023,0.0924,-0.3965,-0.1858,-0.0722,0.0134,1739334756239.8765
3916,2146374912,0,-0.023,0.0924,-0.3965,-0.1858,-0.0632,0.0067,1739334756249.878
3917,2314147072,0,0.023,0.0924,-0.3965,-0.1765,-0.0451,0.0,1739334756259.8794
3918,2481919232,0,-0.023,0.0924,-0.3965,-0.1858,-0.0632,0.0067,1739334756269.8809
3919,2649691392,0,-0.023,0.0924,-0.3965,-0.1765,-0.0632,0.0067,1739334756279.8826
3920,2817463552,0,-0.023,0.0924,-0.3965,-0.1765,-0.0541,0.0,1739334756289.884
3921,2985235712,0,-0.023,0.0924,-0.3965,-0.1765,-0.0632,0.0134,1739334756299.8855
3922,3153007872,0,-0.023,0.0924,-0.3965,-0.1765,-0.0541,0.0,1739334756309.887
3923,3320780032,0,-0.023,0.0693,-0.2643,-0.1672,-0.0541,0.0,1739334756319.8884
3924,3488552192,0,-0.023,0.0924,-0.3965,-0.1765,-0.0541,0.0,1739334756329.89
3925,3656324352,0,-0.023,0.0924,-0.2643,-0.1765,-0.0451,0.0067,1739334756339.8916
3926,3824096512,0,-0.023,0.0693,-0.3965,-0.1765,-0.0632,0.0067,1739334756349.893
3927,3991868672,0,-0.046,0.0924,-0.3965,-0.1765,-0.0632,0.0134,1739334756359.8945
3928,4159640832,0,-0.023,0.0693,-0.3965,-0.1765,-0.0541,0.0,1739334756369.896
3929,32511232,0,-0.046,0.0693,-0.2643,-0.1765,-0.0451,0.0,1739334756379.8975
3930,200283392,0,0.0,0.0693,-0.2643,-0.1672,-0.0541,0.0,1739334756389.899
3931,368055552,0,-0.046,0.0924,-0.2643,-0.1672,-0.0632,0.0067,1739334756399.9004
3932,535827712,0,-0.046,0.0693,-0.3965,-0.1765,-0.0632,0.0067,1739334756409.902
3933,703599872,0,-0.023,0.0693,-0.2643,-0.1672,-0.0541,0.0,1739334756419.9036
3934,871372032,0,-0.023,0.0924,-0.3965,-0.1672,-0.0541,0.0,1739334756429.905
3935,1039144192,0,-0.046,0.0693,-0.2643,-0.1672,-0.0541,0.0067,1739334756439.9065
3936,1206916352,0,-0.023,0.0693,-0.3965,-0.1579,-0.0632,0.0134,1739334756449.908
3937,1374688512,0,-0.023,0.0924,-0.2643,-0.1579,-0.0541,0.0134,1739334756459.9094
3938,1542460672,0,0.0,0.0924,-0.3965,-0.1765,-0.0541,0.0,1739334756469.911
3939,1710232832,0,0.0,0.0693,-0.3965,-0.1672,-0.0632,0.0,1739334756479.9126
3940,1878004992,0,-0.023,0.0924,-0.3965,-0.1672,-0.0541,0.0067,1739334756489.914
3941,2045777152,0,-0.046,0.0924,-0.3965,-0.1672,-0.0451,0.0,1739334756499.9155
3942,2213549312,0,-0.046,0.0924,-0.2643,-0.1765,-0.0451,0.0067,1739334756509.917
3943,2381321472,0,-0.046,0.0924,-0.2643,-0.1765,-0.0451,0.0067,1739334756519.9185
3944,2549093632,0,-0.046,0.0924,-0.3965,-0.1672,-0.0541,0.0067,1739334756529.92
3945,2716865792,0,-0.023,0.0693,-0.3965,-0.1672,-0.0632,0.0067,1739334756539.9214
3946,2884637952,0,0.0,0.0693,-0.3965,-0.1672,-0.0632,0.0067,1739334756549.923
3947,3052410112,0,-0.023,0.0693,-0.2643,-0.1765,-0.0541,0.0067,1739334756559.9246
3948,3220182272,0,-0.046,0.0924,-0.3965,-0.1672,-0.0632,0.0067,1739334756569.926
3949,3387954432,0,0.0,0.0693,-0.2643,-0.1672,-0.0541,0.0067,1739334756579.9275
3950,3555726592,0,-0.023,0.0693,-0.3965,-0.1672,-0.0541,0.0067,1739334756589.929
3951,3723498752,0,-0.023,0.0924,-0.3965,-0.1579,-0.0541,0.0134,1739334756599.9304
3952,3891270912,0,0.0,0.0924,-0.3965,-0.1672,-0.0451,0.0,1739334756609.932
3953,4059043072,0,-0.023,0.0924,-0.2643,-0.1486,-0.0541,0.0067,1739334756619.9336
3954,4226815232,0,-0.023,0.0693,-0.3965,-0.1672,-0.0541,0.0067,1739334756629.935
3955,99685632,0,-0.023,0.0693,-0.3965,-0.1672,-0.0541,0.0067,1739334756639.9365
3956,267457792,0,0.0,0.0693,-0.2643,-0.1486,-0.0451,0.0067,1739334756649.938
3957,435229952,0,-0.023,0.0693,-0.3965,-0.1579,-0.0541,0.0134,1739334756659.9395
3958,603002112,0,0.0,0.0693,-0.3965,-0.1672,-0.0541,0.0067,1739334756669.941
3959,770774272,0,-0.046,0.0924,-0.2643,-0.1486,-0.0451,0.0067,1739334756679.9424
3960,938546432,0,-0.023,0.0693,-0.2643,-0.1486,-0.0541,0.0067,1739334756689.944
3961,1106318592,0,-0.023,0.0693,-0.3965,-0.1672,-0.0541,0.0067,1739334756699.9456
3962,1274090752,0,-0.023,0.0462,-0.2643,-0.1486,-0.0451,0.0067,1739334756709.947
3963,1441862912,0,-0.046,0.0693,-0.3965,-0.1486,-0.0361,0.0067,1739334756719.9485
3964,1609635072,0,-0.023,0.0693,-0.2643,-0.1486,-0.0451,0.0067,1739334756729.95
3965,1777407232,0,-0.023,0.0693,-0.2643,-0.1579,-0.0451,0.0,1739334756739.9514
3966,1945179392,0,-0.046,0.0693,-0.2643,-0.1486,-0.0451,0.0134,1739334756749.953
3967,2112951552,0,-0.023,0.0693,-0.2643,-0.1579,-0.0451,0.0,1739334756759.9546
3968,2280723712,0,0.0,0.0693,-0.2643,-0.1579,-0.0451,0.0,1739334756769.956
3969,2448495872,0,0.0,0.0693,-0.2643,-0.1486,-0.0451,0.0067,1739334756779.9575
3970,2616268032,0,-0.046,0.0693,-0.2643,-0.1393,-0.0451,0.0067,1739334756789.959
3971,2784040192,0,0.0,0.0693,-0.2643,-0.1393,-0.0451,0.0067,1739334756799.9604
3972,2951812352,0,0.0,0.0693,-0.2643,-0.1393,-0.0451,0.0,1739334756809.962
3973,3119584512,0,0.0,0.0924,-0.2643,-0.1393,-0.0451,0.0134,1739334756819.9634
3974,3287356672,0,0.0,0.0693,-0.2643,-0.1486,-0.0451,0.0067,1739334756829.965
3975,3455128832,0,0.0,0.0693,-0.2643,-0.1393,-0.0451,0.0067,1739334756839.9666
3976,3622900992,0,0.0,0.0693,-0.2643,-0.1486,-0.0451,0.0067,1739334756849.968
3977,3790673152,0,-0.023,0.0693,-0.2643,-0.1486,-0.0451,0.0067,1739334756859.9695
3978,3958445312,0,0.0,0.0693,-0.2643,-0.1393,-0.0451,0.0067,1739334756869.971
3979,4126217472,0,-0.023,0.0693,-0.2643,-0.1393,-0.0451,0.0067,1739334756879.9724
3980,4293989632,0,-0.046,0.0693,-0.2643,-0.1486,-0.0451,0.0067,1739334756889.9739
3981,166860032,0,-0.046,0.0924,-0.2643,-0.1393,-0.0451,0.0134,1739334756899.9756
3982,334632192,0,0.0,0.0924,-0.2643,-0.1393,-0.0451,0.0067,1739334756909.977
3983,502404352,0,-0.046,0.0924,-0.2643,-0.1393,-0.0451,0.0134,1739334756919.9785
3984,670176512,0,0.0,0.0462,-0.2643,-0.1393,-0.0451,0.0134,1739334756929.98
3985,837948672,0,-0.023,0.0693,-0.2643,-0.1486,-0.0451,0.0134,1739334756939.9814
3986,1005720832,0,-0.023,0.0693,-0.2643,-0.1486,-0.0451,0.0067,1739334756949.983
3987,1173492992,0,0.0,0.0693,-0.1321,-0.1486,-0.0451,0.0067,1739334756959.9846
3988,1341265152,0,0.0,0.0924,-0.1321,-0.1486,-0.0451,0.0067,1739334756969.986
3989,1509037312,0,-0.023,0.0693,-0.2643,-0.1393,-0.0451,0.0067,1739334756979.9875
3990,1676809472,0,-0.023,0.0693,-0.2643,-0.1393,-0.0451,0.0067,1739334756989.989
3991,1844581632,0,0.0,0.0693,-0.1321,-0.1486,-0.0451,0.0134,1739334756999.9905
3992,2012353792,0,-0.023,0.0693,-0.2643,-0.1486,-0.0451,0.0067,1739334757009.992
3993,2180125952,0,-0.023,0.0693,-0.2643,-0.1393,-0.0451,0.0067,1739334757019.9934
3994,2347898112,0,-0.046,0.0924,-0.2643,-0.1393,-0.0451,0.0134,1739334757029.995
3995,2515670272,0,0.0,0.0693,-0.2643,-0.1393,-0.0451,0.0,1739334757039.9966
3996,2683442432,0,0.0,0.0693,-0.2643,-0.1393,-0.0451,0.0067,1739334757049.998
3997,2851214592,0,-0.023,0.0693,-0.1321,-0.1486,-0.0541,0.0067,1739334757059.9995
3998,3018986752,0,-0.023,0.0462,-0.2643,-0.1393,-0.0451,0.0,1739334757070.001
3999,3186758912,0,-0.023,0.0462,-0.2643,-0.1393,-0.0451,0.0,1739334757080.0024
4000,3354531072,0,0.0,0.0693,-0.2643,-0.1393,-0.0451,0.0067,1739334757090.004
4001,3522303232,0,0.0,0.0693,-0.1321,-0.1486,-0.0451,0.0134,1739334757100.0056
4002,3690075392,0,-0.023,0.0693,-0.2643,-0.1393,-0.0451,0.0,1739334757110.007
4003,3857847552,0,0.0,0.0924,-0.2643,-0.1393,-0.0451,0.0067,1739334757120.0085
4004,4025619712,0,0.0,0.0693,-0.2643,-0.1486,-0.0451,0.0067,1739334757130.01
4005,4193391872,0,0.0,0.0462,-0.2643,-0.1393,-0.0451,0.0067,1739334757140.0115
4006,66262272,0,-0.023,0.0693,-0.2643,-0.1393,-0.0451,0.0067,1739334757150.013
4007,234034432,0,-0.023,0.0462,-0.2643,-0.1393,-0.0451,0.0067,1739334757160.0144
4008,401806592,0,0.0,0.0693,-0.2643,-0.1393,-0.0451,0.0067,1739334757170.016
4009,569578752,0,0.023,0.0693,-0.2643,-0.1486,-0.0451,-0.0067,1739334757180.0176
4010,737350912,0,-0.023,0.0693,-0.2643,-0.1393,-0.0451,0.0,1739334757190.019
4011,905123072,0,-0.023,0.0693,-0.2643,-0.1393,-0.0451,0.0134,1739334757200.0205
4012,1072895232,0,0.0,0.0693,-0.2643,-0.1393,-0.0451,0.0067,1739334757210.022
4013,1240667392,0,-0.023,0.0462,-0.2643,-0.1486,-0.0451,0.0067,1739334757220.0234
4014,1408439552,0,-0.023,0.0693,-0.2643,-0.1393,-0.0451,0.0067,1739334757230.025
4015,1576211712,0,-0.023,0.0462,-0.2643,-0.1486,-0.0451,0.0067,1739334757240.0266
4016,1743983872,0,-0.023,0.0693,-0.2643,-0.1393,-0.0451,0.0134,1739334757250.028
4017,1911756032,0,0.0,0.0693,-0.2643,-0.1393,-0.0451,0.0067,1739334757260.0295
4018,2079528192,0,-0.023,0.0462,-0.2643,-0.1393,-0.0451,0.0067,1739334757270.031
4019,2247300352,0,-0.023,0.0462,-0.1321,-0.1579,-0.0541,0.0067,1739334757280.0325
4020,2415072512,0,0.0,0.0462,-0.2643,-0.1393,-0.0451,0.0067,1739334757290.034
4021,2582844672,0,0.0,0.0462,-0.2643,-0.1393,-0.0451,0.0067,1739334757300.0354
4022,2750616832,0,0.0,0.0462,-0.1321,-0.1486,-0.0451,0.0134,1739334757310.037
4023,2918388992,0,0.0,0.0462,-0.2643,-0.1393,-0.0451,0.0067,1739334757320.0386
4024,3086161152,0,0.0,0.0693,-0.2643,-0.1393,-0.0451,0.0067,1739334757330.04
4025,3253933312,0,-0.023,0.0693,-0.2643,-0.1393,-0.0451,0.0067,1739334757340.0415
4026,3421705472,0,0.0,0.0693,-0.2643,-0.1486,-0.0451,0.0067,1739334757350.043
4027,3589477632,0,0.0,0.0693,-0.2643,-0.1393,-0.0451,0.0067,1739334757360.0444
4028,3757249792,0,0.0,0.0693,-0.2643,-0.1579,-0.0451,0.0,1739334757370.046
4029,3925021952,0,0.023,0.0693,-0.2643,-0.1393,-0.0451,0.0134,1739334757380.0476
4030,4092794112,0,-0.023,0.0693,-0.2643,-0.1486,-0.0451,0.0067,1739334757390.049
4031,4260566272,0,-0.023,0.0693,-0.2643,-0.1393,-0.0451,0.0,1739334757400.0505
4032,133436672,0,0.0,0.0693,-0.2643,-0.1393,-0.0451,0.0134,1739334757410.052
4033,301208832,0,0.0,0.0693,-0.2643,-0.1393,-0.0451,0.0,1739334757420.0535
4034,468980992,0,-0.023,0.0462,-0.2643,-0.1486,-0.0451,0.0134,1739334757430.055
4035,636753152,0,-0.023,0.0462,-0.2643,-0.1393,-0.0451,0.0,1739334757440.0564
4036,804525312,0,0.0,0.0462,-0.2643,-0.1486,-0.0451,0.0067,1739334757450.058
4037,972297472,0,-0.023,0.0693,-0.2643,-0.1393,-0.0451,0.0,1739334757460.0596
4038,1140069632,0,0.0,0.0462,-0.2643,-0.1393,-0.0451,0.0067,1739334757470.061
4039,1307841792,0,-0.023,0.0462,-0.1321,-0.1393,-0.0361,0.0,1739334757480.0625
4040,1475613952,0,-0.023,0.0693,-0.1321,-0.1393,-0.0361,0.0067,1739334757490.064
4041,1643386112,0,-0.023,0.0462,-0.1321,-0.1393,-0.0361,0.0134,1739334757500.0654
4042,1811158272,0,0.023,0.0462,-0.1321,-0.1579,-0.0451,0.0,1739334757510.067
4043,1978930432,0,0.0,0.0462,-0.2643,-0.1393,-0.0451,0.0,1739334757520.0686
4044,2146702592,0,0.0,0.0693,-0.2643,-0.1393,-0.0451,0.0067,1739334757530.07
4045,2314474752,0,-0.023,0.0693,-0.2643,-0.1393,-0.0451,0.0067,1739334757540.0715
4046,2482246912,0,-0.023,0.0693,-0.2643,-0.1393,-0.0451,0.0,1739334757550.073
4047,2650019072,0,0.0,0.0693,-0.1321,-0.1393,-0.0361,0.0,1739334757560.0745
4048,2817791232,0,-0.023,0.0693,-0.2643,-0.1393,-0.0451,0.0067,1739334757570.076
4049,2985563392,0,-0.023,0.0462,-0.1321,-0.1486,-0.0451,0.0067,1739334757580.0774
4050,3153335552,0,-0.023,0.0462,-0.2643,-0.1393,-0.0451,0.0,1739334757590.079
4051,3321107712,0,-0.046,0.0462,-0.2643,-0.1393,-0.0451,0.0067,1739334757600.0806
4052,3488879872,0,0.0,0.0462,-0.2643,-0.1393,-0.0451,0.0067,1739334757610.082
4053,3656652032,0,0.0,0.0693,-0.1321,-0.13,-0.0361,0.0,1739334757620.0835
4054,3824424192,0,0.0,0.0693,-0.1321,-0.13,-0.0361,0.0,1739334757630.085
4055,3992196352,0,0.0,0.0462,-0.1321,-0.1393,-0.0361,0.0067,1739334757640.0864
4056,4159968512,0,0.0,0.0693,-0.2643,-0.1393,-0.0451,0.0067,1739334757650.0881
4057,32838912,0,0.0,0.0462,-0.2643,-0.1393,-0.0451,0.0067,1739334757660.0896
4058,200611072,0,0.0,0.0462,-0.1321,-0.13,-0.0361,0.0067,1739334757670.091
4059,368383232,0,-0.023,0.0462,-0.1321,-0.1393,-0.0451,0.0067,1739334757680.0925
4060,536155392,0,-0.023,0.0693,-0.2643,-0.1393,-0.0451,0.0067,1739334757690.094
4061,703927552,0,0.0,0.0462,-0.1321,-0.1393,-0.0361,0.0067,1739334757700.0955
4062,871699712,0,-0.023,0.0693,-0.1321,-0.13,-0.0451,0.0067,1739334757710.097
4063,1039471872,0,0.0,0.0462,-0.1321,-0.13,-0.0451,0.0,1739334757720.0986
4064,1207244032,0,-0.023,0.0693,-0.1321,-0.13,-0.0361,0.0067,1739334757730.1
4065,1375016192,0,0.0,0.0693,-0.1321,-0.13,-0.0451,0.0067,1739334757740.1016
4066,1542788352,0,0.0,0.0462,-0.1321,-0.13,-0.0361,0.0067,1739334757750.103
4067,1710560512,0,0.0,0.0462,-0.1321,-0.13,-0.0361,0.0067,1739334757760.1045
4068,1878332672,0,-0.023,0.0462,-0.1321,-0.13,-0.0361,0.0067,1739334757770.106
4069,2046104832,0,0.0,0.0462,-0.1321,-0.13,-0.0451,0.0067,1739334757780.1074
4070,2213876992,0,0.0,0.0462,-0.1321,-0.13,-0.0451,0.0067,1739334757790.1091
4071,2381649152,0,-0.023,0.0693,-0.2643,-0.1393,-0.0451,0.0067,1739334757800.1106
4072,2549421312,0,-0.023,0.0693,-0.2643,-0.1393,-0.0451,0.0,1739334757810.112
4073,2717193472,0,0.0,0.0462,-0.1321,-0.13,-0.0361,0.0,1739334757820.1135
4074,2884965632,0,-0.023,0.0693,-0.1321,-0.13,-0.0361,0.0067,1739334757830.115
4075,3052737792,0,-0.023,0.0462,-0.1321,-0.13,-0.0451,0.0067,1739334757840.1165
4076,3220509952,0,0.0,0.0462,-0.1321,-0.1393,-0.0541,0.0067,1739334757850.118
4077,3388282112,0,0.0,0.0462,-0.1321,-0.13,-0.0451,0.0067,1739334757860.1196
4078,3556054272,0,0.0,0.0693,-0.1321,-0.1393,-0.0541,0.0067,1739334757870.121
4079,3723826432,0,0.0,0.0693,-0.1321,-0.1393,-0.0541,0.0067,1739334757880.1226
4080,3891598592,0,0.0,0.0462,-0.1321,-0.13,-0.0451,0.0067,1739334757890.124
4081,4059370752,0,-0.023,0.0693,-0.1321,-0.13,-0.0361,0.0067,1739334757900.1255
4082,4227142912,0,0.0,0.0693,-0.1321,-0.1486,-0.0541,0.0,1739334757910.127
4083,100013312,0,0.0,0.0693,-0.1321,-0.13,-0.0361,0.0,1739334757920.1284
4084,267785472,0,0.023,0.0462,-0.1321,-0.1393,-0.0451,0.0067,1739334757930.1301
4085,435557632,0,0.0,0.0693,-0.1321,-0.13,-0.0451,0.0134,1739334757940.1316
4086,603329792,0,0.0,0.0693,-0.1321,-0.13,-0.0451,0.0134,1739334757950.133
4087,771101952,0,0.0,0.0462,-0.1321,-0.13,-0.0451,0.0134,1739334757960.1345
4088,938874112,0,0.0,0.0462,-0.1321,-0.1207,-0.0451,0.0067,1739334757970.136
4089,1106646272,0,0.023,0.0462,-0.1321,-0.13,-0.0451,0.0,1739334757980.1375
4090,1274418432,0,0.0,0.0462,-0.1321,-0.13,-0.0451,0.0067,1739334757990.139
4091,1442190592,0,-0.023,0.0693,-0.1321,-0.13,-0.0451,0.0067,1739334758000.1406
4092,1609962752,0,0.0,0.0693,-0.1321,-0.13,-0.0451,0.0,1739334758010.142
4093,1777734912,0,0.0,0.0693,-0.1321,-0.13,-0.0451,0.0,1739334758020.1436
4094,1945507072,0,0.0,0.0693,-0.1321,-0.1486,-0.0541,0.0,1739334758030.145
4095,2113279232,0,0.0,0.0693,-0.1321,-0.1393,-0.0541,0.0067,1739334758040.1465
4096,2281051392,0,-0.023,0.0462,-0.1321,-0.1393,-0.0541,0.0134,1739334758050.148
4097,2448823552,0,-0.023,0.0693,-0.2643,-0.13,-0.0541,0.0067,1739334758060.1494
4098,2616595712,0,0.0,0.0462,-0.1321,-0.1393,-0.0541,0.0067,1739334758070.1511
4099,2784367872,0,0.0,0.0462,-0.1321,-0.1393,-0.0541,0.0067,1739334758080.1526
4100,2952140032,0,0.023,0.0693,-0.1321,-0.13,-0.0361,0.0,1739334758090.154
4101,3119912192,0,0.0,0.0693,-0.2643,-0.1207,-0.0361,0.0,1739334758100.1555
4102,3287684352,0,0.0,0.0693,-0.2643,-0.13,-0.0541,0.0,1739334758110.157
4103,3455456512,0,0.0,0.0462,-0.1321,-0.1207,-0.0451,0.0067,1739334758120.1584
4104,3623228672,0,-0.023,0.0693,-0.1321,-0.13,-0.0451,0.0067,1739334758130.16
4105,3791000832,0,-0.023,0.0462,-0.1321,-0.13,-0.0451,0.0067,1739334758140.1616
4106,3958772992,0,0.0,0.0693,-0.1321,-0.13,-0.0451,0.0,1739334758150.163
4107,4126545152,0,0.0,0.0462,-0.1321,-0.13,-0.0361,0.0,1739334758160.1646
4108,4294317312,0,0.0,0.0462,-0.1321,-0.13,-0.0451,0.0,1739334758170.166
4109,167187712,0,0.0,0.0462,-0.1321,-0.13,-0.0451,0.0,1739334758180.1675
4110,334959872,0,-0.023,0.0462,-0.1321,-0.13,-0.0361,0.0067,1739334758190.169
4111,502732032,0,0.0,0.0462,-0.1321,-0.13,-0.0451,0.0067,1739334758200.1704
4112,670504192,0,0.0,0.0462,-0.1321,-0.13,-0.0451,0.0067,1739334758210.172
4113,838276352,0,-0.023,0.0462,-0.1321,-0.13,-0.0451,0.0134,1739334758220.1736
4114,1006048512,0,-0.023,0.0693,-0.1321,-0.13,-0.0451,0.0067,1739334758230.175
4115,1173820672,0,0.0,0.0693,-0.1321,-0.13,-0.0361,0.0,1739334758240.1765
4116,1341592832,0,0.0,0.0462,-0.1321,-0.13,-0.0451,0.0067,1739334758250.178
4117,1509364992,0,-0.023,0.0693,0.0,-0.1207,-0.0451,0.0,1739334758260.1794
4118,1677137152,0,0.023,0.0462,-0.1321,-0.1393,-0.0541,0.0067,1739334758270.181
4119,1844909312,0,0.0,0.0462,-0.1321,-0.1207,-0.0541,0.0067,1739334758280.1826
4120,2012681472,0,0.023,0.0462,0.0,-0.1207,-0.0451,0.0067,1739334758290.184
4121,2180453632,0,0.0,0.0693,-0.1321,-0.1207,-0.0541,0.0067,1739334758300.1855
4122,2348225792,0,0.0,0.0462,-0.1321,-0.13,-0.0451,0.0067,1739334758310.187
4123,2515997952,0,0.0,0.0462,-0.1321,-0.13,-0.0451,0.0067,1739334758320.1885
4124,2683770112,0,0.023,0.0462,-0.1321,-0.13,-0.0361,0.0067,1739334758330.19
4125,2851542272,0,-0.023,0.0693,0.0,-0.1207,-0.0451,0.0,1739334758340.1917
4126,3019314432,0,0.0,0.0462,-0.1321,-0.1207,-0.0541,0.0,1739334758350.193
4127,3187086592,0,0.023,0.0462,-0.1321,-0.1207,-0.0541,0.0067,1739334758360.1946
4128,3354858752,0,0.023,0.0462,-0.1321,-0.1207,-0.0541,0.0067,1739334758370.196
4129,3522630912,0,0.023,0.0462,0.0,-0.1207,-0.0451,0.0067,1739334758380.1975
4130,3690403072,0,0.0,0.0693,-0.1321,-0.1207,-0.0361,0.0,1739334758390.199
4131,3858175232,0,0.023,0.0462,0.0,-0.1207,-0.0451,0.0067,1739334758400.2004
4132,4025947392,0,0.0,0.0693,-0.1321,-0.13,-0.0451,0.0067,1739334758410.2021
4133,4193719552,0,0.0,0.0693,0.0,-0.1207,-0.0451,0.0067,1739334758420.2036
4134,66589952,0,0.0,0.0462,-0.1321,-0.13,-0.0361,0.0067,1739334758430.205
4135,234362112,0,0.023,0.0462,-0.1321,-0.1207,-0.0361,0.0134,1739334758440.2065
4136,402134272,0,0.0,0.0462,-0.1321,-0.1207,-0.0451,0.0134,1739334758450.208
4137,569906432,0,0.0,0.0693,-0.1321,-0.1207,-0.0541,0.0134,1739334758460.2095
4138,737678592,0,-0.023,0.0231,-0.1321,-0.1207,-0.0541,0.0134,1739334758470.211
4139,905450752,0,0.0,0.0462,-0.1321,-0.1115,-0.0451,0.0134,1739334758480.2126
4140,1073222912,0,-0.023,0.0462,-0.1321,-0.1115,-0.0451,0.0067,1739334758490.214
4141,1240995072,0,0.0,0.0693,-0.1321,-0.1115,-0.0541,0.0067,1739334758500.2156
4142,1408767232,0,0.0,0.0462,0.0,-0.1207,-0.0451,0.0134,1739334758510.217
4143,1576539392,0,-0.023,0.0462,0.0,-0.1207,-0.0541,0.0,1739334758520.2185
4144,1744311552,0,-0.023,0.0693,0.0,-0.1207,-0.0541,0.0067,1739334758530.22
4145,1912083712,0,-0.023,0.0462,-0.1321,-0.1115,-0.0541,0.0134,1739334758540.2214
4146,2079855872,0,0.0,0.0462,-0.1321,-0.1207,-0.0541,0.0067,1739334758550.2231
4147,2247628032,0,0.0,0.0693,0.0,-0.1207,-0.0451,0.0067,1739334758560.2246
4148,2415400192,0,0.0,0.0462,0.0,-0.1207,-0.0451,0.0,1739334758570.226
4149,2583172352,0,-0.046,0.0693,0.0,-0.1207,-0.0451,0.0067,1739334758580.2275
4150,2750944512,0,0.0,0.0693,-0.1321,-0.1207,-0.0541,0.0067,1739334758590.229
4151,2918716672,0,0.0,0.0462,0.0,-0.1207,-0.0451,0.0067,1739334758600.2305
4152,3086488832,0,-0.023,0.0462,-0.1321,-0.1115,-0.0451,0.0067,1739334758610.232
4153,3254260992,0,0.0,0.0462,0.0,-0.1207,-0.0451,0.0,1739334758620.2336
4154,3422033152,0,0.0,0.0462,0.0,-0.1207,-0.0451,0.0,1739334758630.235
4155,3589805312,0,-0.023,0.0462,0.0,-0.1115,-0.0361,0.0,1739334758640.2366
4156,3757577472,0,0.0,0.0462,0.0,-0.1207,-0.0451,0.0,1739334758650.238
4157,3925349632,0,0.0,0.0462,0.0,-0.1207,-0.0451,0.0067,1739334758660.2395
4158,4093121792,0,0.0,0.0462,0.0,-0.1207,-0.0451,0.0,1739334758670.241
4159,4260893952,0,0.0,0.0462,0.0,-0.1207,-0.0451,0.0067,1739334758680.2424
4160,133764352,0,-0.023,0.0462,-0.1321,-0.1115,-0.0451,0.0067,1739334758690.2441
4161,301536512,0,0.0,0.0693,-0.1321,-0.13,-0.0451,0.0134,1739334758700.2456
4162,469308672,0,-0.023,0.0462,-0.1321,-0.1207,-0.0451,0.0067,1739334758710.247
4163,637080832,0,-0.023,0.0462,-0.1321,-0.1207,-0.0361,0.0,1739334758720.2485
4164,804852992,0,0.0,0.0693,-0.1321,-0.1115,-0.0451,0.0067,1739334758730.25
4165,972625152,0,0.0,0.0462,-0.1321,-0.1115,-0.0451,0.0,1739334758740.2515
4166,1140397312,0,-0.046,0.0693,0.0,-0.1207,-0.0451,0.0,1739334758750.253
4167,1308169472,0,-0.046,0.0693,0.0,-0.1207,-0.0451,0.0067,1739334758760.2546
4168,1475941632,0,-0.046,0.0462,0.0,-0.1207,-0.0451,0.0134,1739334758770.256
4169,1643713792,0,-0.023,0.0462,0.0,-0.1207,-0.0451,0.0134,1739334758780.2576
4170,1811485952,0,-0.023,0.0462,0.0,-0.1207,-0.0451,0.0134,1739334758790.259
4171,1979258112,0,0.0,0.0462,0.0,-0.1115,-0.0361,0.0067,1739334758800.2605
4172,2147030272,0,0.0,0.0693,0.0,-0.1207,-0.0451,0.0067,1739334758810.262
4173,2314802432,0,0.0,0.0462,0.0,-0.1207,-0.0451,0.0067,1739334758820.2634
4174,2482574592,0,0.023,0.0462,-0.1321,-0.1115,-0.0451,0.0067,1739334758830.2651
4175,2650346752,0,0.0,0.0693,-0.1321,-0.1115,-0.0451,0.0,1739334758840.2666
4176,2818118912,0,0.023,0.0462,0.0,-0.1207,-0.0451,0.0,1739334758850.268
4177,2985891072,0,0.0,0.0462,-0.1321,-0.1115,-0.0451,0.0,1739334758860.2695
4178,3153663232,0,0.0,0.0462,0.0,-0.1207,-0.0451,0.0067,1739334758870.271
4179,3321435392,0,0.0,0.0462,0.0,-0.1207,-0.0451,0.0067,1739334758880.2725
4180,3489207552,0,-0.023,0.0693,0.0,-0.1207,-0.0541,0.0067,1739334758890.274
4181,3656979712,0,0.023,0.0693,0.0,-0.1115,-0.0361,0.0067,1739334758900.2756
4182,3824751872,0,-0.023,0.0462,0.1321,-0.1207,-0.0451,0.0067,1739334758910.277
4183,3992524032,0,0.0,0.0462,0.0,-0.1115,-0.0361,0.0,1739334758920.2786
4184,4160296192,0,0.0,0.0462,0.0,-0.1115,-0.0361,0.0,1739334758930.28
4185,33166592,0,0.023,0.0231,0.0,-0.1115,-0.0361,0.0067,1739334758940.2815
4186,200938752,0,0.0,0.0462,0.0,-0.1022,-0.0361,0.0,1739334758950.283
4187,368710912,0,0.0,0.0693,0.0,-0.1115,-0.0451,0.0067,1739334758960.2847
4188,536483072,0,-0.023,0.0231,0.0,-0.1207,-0.0451,0.0134,1739334758970.2861
4189,704255232,0,0.023,0.0462,0.0,-0.1022,-0.0361,0.0067,1739334758980.2876
4190,872027392,0,-0.023,0.0693,-0.1321,-0.1115,-0.0451,0.0067,1739334758990.289
4191,1039799552,0,-0.023,0.0462,0.0,-0.1115,-0.0361,0.0067,1739334759000.2905
4192,1207571712,0,0.0,0.0231,0.0,-0.1115,-0.0361,0.0067,1739334759010.292
4193,1375343872,0,0.0,0.0462,0.0,-0.1115,-0.0361,0.0,1739334759020.2935
4194,1543116032,0,0.0,0.0462,0.0,-0.1115,-0.0361,0.0,1739334759030.2952
4195,1710888192,0,0.0,0.0462,0.0,-0.1115,-0.0361,0.0,1739334759040.2966
4196,1878660352,0,0.0,0.0462,0.0,-0.1115,-0.0361,0.0067,1739334759050.298
4197,2046432512,0,0.0,0.0462,0.0,-0.1115,-0.0451,0.0,1739334759060.2996
4198,2214204672,0,0.023,0.0462,0.0,-0.1207,-0.0451,0.0,1739334759070.301
4199,2381976832,0,-0.023,0.0462,-0.1321,-0.1115,-0.0451,0.0067,1739334759080.3025
4200,2549748992,0,0.0,0.0231,-0.1321,-0.1115,-0.0451,0.0134,1739334759090.304
4201,2717521152,0,0.0,0.0462,0.0,-0.1022,-0.0361,0.0134,1739334759100.3057
4202,2885293312,0,0.0,0.0462,0.0,-0.1115,-0.0451,0.0067,1739334759110.3071
4203,3053065472,0,0.0,0.0462,0.0,-0.1115,-0.0361,0.0134,1739334759120.3086
4204,3220837632,0,0.023,0.0462,0.0,-0.1115,-0.0361,0.0,1739334759130.31
4205,3388609792,0,0.0,0.0462,-0.1321,-0.1115,-0.0451,0.0134,1739334759140.3115
4206,3556381952,0,0.023,0.0231,-0.1321,-0.1115,-0.0451,0.0134,1739334759150.313
4207,3724154112,0,0.023,0.0462,0.0,-0.1115,-0.0361,0.0067,1739334759160.3145
4208,3891926272,0,0.0,0.0693,-0.1321,-0.1115,-0.0361,0.0201,1739334759170.3162
4209,4059698432,0,0.0,0.0462,0.0,-0.1115,-0.0361,0.0067,1739334759180.3176
4210,4227470592,0,0.0,0.0462,0.0,-0.1115,-0.0361,0.0,1739334759190.319
4211,100340992,0,0.0,0.0462,0.0,-0.1115,-0.0361,0.0134,1739334759200.3206
4212,268113152,0,0.0,0.0462,-0.1321,-0.1115,-0.0451,0.0067,1739334759210.322
4213,435885312,0,0.0,0.0462,0.0,-0.1022,-0.0361,0.0067,1739334759220.3235
4214,603657472,0,0.0,0.0462,0.0,-0.1115,-0.0361,0.0067,1739334759230.325
4215,771429632,0,0.0,0.0462,0.0,-0.1115,-0.0361,0.0134,1739334759240.3267
4216,939201792,0,0.0,0.0693,0.0,-0.1115,-0.0361,0.0,1739334759250.3281
4217,1106973952,0,0.023,0.0693,0.0,-0.1115,-0.0361,0.0067,1739334759260.3296
4218,1274746112,0,0.0,0.0231,-0.1321,-0.1115,-0.0451,0.0,1739334759270.331
4219,1442518272,0,0.023,0.0231,-0.1321,-0.1207,-0.0361,0.0,1739334759280.3325
4220,1610290432,0,0.0,0.0462,0.0,-0.1022,-0.0361,0.0067,1739334759290.334
4221,1778062592,0,0.0,0.0462,0.0,-0.1022,-0.0361,0.0067,1739334759300.3354
4222,1945834752,0,0.023,0.0462,0.0,-0.1022,-0.0361,0.0067,1739334759310.3372
4223,2113606912,0,0.0,0.0462,0.0,-0.1022,-0.0361,0.0067,1739334759320.3386
4224,2281379072,0,0.0,0.0231,0.0,-0.1115,-0.0361,0.0067,1739334759330.34
4225,2449151232,0,0.023,0.0693,-0.1321,-0.1115,-0.0451,0.0,1739334759340.3416
4226,2616923392,0,0.0,0.0462,-0.1321,-0.1207,-0.0361,0.0,1739334759350.343
4227,2784695552,0,0.0,0.0462,-0.1321,-0.1115,-0.0451,0.0067,1739334759360.3445
4228,2952467712,0,-0.023,0.0231,0.0,-0.1022,-0.0361,0.0,1739334759370.346
4229,3120239872,0,0.023,0.0231,0.0,-0.1022,-0.0361,0.0,1739334759380.3477
4230,3288012032,0,0.0,0.0462,-0.1321,-0.1115,-0.0451,0.0067,1739334759390.349
4231,3455784192,0,0.0,0.0462,0.0,-0.1022,-0.0361,0.0067,1739334759400.3506
4232,3623556352,0,0.023,0.0231,0.0,-0.1022,-0.0361,0.0,1739334759410.352
4233,3791328512,0,0.023,0.0462,-0.1321,-0.1207,-0.0361,0.0,1739334759420.3535
4234,3959100672,0,0.0,0.0462,-0.1321,-0.1115,-0.0451,0.0067,1739334759430.355
4235,4126872832,0,0.0,0.0462,-0.1321,-0.1115,-0.0451,0.0067,1739334759440.3564
4236,4294644992,0,0.0,0.0231,-0.1321,-0.1207,-0.0361,0.0134,1739334759450.3582
4237,167515392,0,0.0,0.0462,-0.1321,-0.1115,-0.027,0.0067,1739334759460.3596
4238,335287552,0,0.0,0.0462,-0.1321,-0.1207,-0.0361,0.0067,1739334759470.361
4239,503059712,0,0.0,0.0693,-0.1321,-0.1115,-0.0451,0.0134,1739334759480.3625
4240,670831872,0,0.0,0.0462,-0.1321,-0.1115,-0.0451,0.0067,1739334759490.364
4241,838604032,0,-0.023,0.0231,-0.1321,-0.1115,-0.027,0.0067,1739334759500.3655
4242,1006376192,0,0.0,0.0462,-0.1321,-0.1207,-0.0361,0.0134,1739334759510.367
4243,1174148352,0,0.0,0.0693,-0.1321,-0.1207,-0.0361,0.0,1739334759520.3687
4244,1341920512,0,0.0,0.0693,-0.1321,-0.1207,-0.0361,0.0134,1739334759530.37
4245,1509692672,0,0.023,0.0462,-0.1321,-0.1207,-0.0361,0.0067,1739334759540.3716
4246,1677464832,0,0.0,0.0693,-0.1321,-0.1115,-0.0361,0.0067,1739334759550.373
4247,1845236992,0,-0.023,0.0462,-0.2643,-0.1115,-0.0361,0.0,1739334759560.3745
4248,2013009152,0,0.0,0.0231,-0.2643,-0.1115,-0.0451,0.0134,1739334759570.376
4249,2180781312,0,-0.023,0.0462,-0.1321,-0.1115,-0.0361,0.0067,1739334759580.3774
4250,2348553472,0,-0.023,0.0231,-0.1321,-0.1207,-0.0361,0.0067,1739334759590.3792
4251,2516325632,0,0.0,0.0462,-0.1321,-0.1207,-0.0361,0.0,1739334759600.3806
4252,2684097792,0,0.0,0.0693,-0.1321,-0.1207,-0.0361,0.0,1739334759610.382
4253,2851869952,0,0.0,0.0693,-0.1321,-0.1207,-0.0361,0.0067,1739334759620.3835
4254,3019642112,0,0.023,0.0462,-0.1321,-0.1207,-0.0361,0.0067,1739334759630.385
4255,3187414272,0,0.0,0.0462,-0.1321,-0.1207,-0.0361,0.0134,1739334759640.3865
4256,3355186432,0,-0.023,0.0462,-0.1321,-0.1207,-0.0361,0.0134,1739334759650.3882
4257,3522958592,0,0.023,0.0231,-0.1321,-0.1207,-0.0361,0.0,1739334759660.3896
4258,3690730752,0,0.0,0.0462,-0.1321,-0.1115,-0.0361,0.0,1739334759670.391
4259,3858502912,0,0.0,0.0462,-0.1321,-0.1207,-0.0451,0.0,1739334759680.3926
4260,4026275072,0,0.0,0.0462,-0.1321,-0.1207,-0.0361,0.0134,1739334759690.394
4261,4194047232,0,0.023,0.0462,-0.1321,-0.1115,-0.0361,0.0067,1739334759700.3955
4262,66917632,0,0.0,0.0462,-0.1321,-0.1115,-0.0361,0.0067,1739334759710.397
4263,234689792,0,0.0,0.0462,-0.1321,-0.1115,-0.0361,0.0067,1739334759720.3987
4264,402461952,0,0.023,0.0462,-0.2643,-0.1115,-0.027,0.0067,1739334759730.4001
4265,570234112,0,0.0,0.0462,-0.2643,-0.1115,-0.027,0.0,1739334759740.4016
4266,738006272,0,0.0,0.0693,-0.1321,-0.1207,-0.0361,0.0067,1739334759750.403
4267,905778432,0,0.0,0.0462,-0.1321,-0.1207,-0.0361,0.0,1739334759760.4045
4268,1073550592,0,-0.023,0.0462,-0.1321,-0.1115,-0.0361,0.0067,1739334759770.406
4269,1241322752,0,0.0,0.0231,-0.1321,-0.1115,-0.0361,0.0067,1739334759780.4075
4270,1409094912,0,-0.023,0.0462,-0.1321,-0.1207,-0.0361,0.0134,1739334759790.4092
4271,1576867072,0,-0.023,0.0462,-0.1321,-0.1207,-0.0361,0.0134,1739334759800.4106
4272,1744639232,0,0.0,0.0462,-0.1321,-0.1115,-0.0361,0.0134,1739334759810.412
4273,1912411392,0,0.0,0.0462,-0.1321,-0.1115,-0.027,0.0067,1739334759820.4136
4274,2080183552,0,0.0,0.0231,-0.1321,-0.1115,-0.0361,0.0,1739334759830.415
4275,2247955712,0,0.0,0.0462,-0.1321,-0.1207,-0.0361,0.0134,1739334759840.4165
4276,2415727872,0,0.0,0.0462,-0.2643,-0.1115,-0.027,0.0067,1739334759850.418
4277,2583500032,0,0.0,0.0462,-0.2643,-0.1115,-0.027,-0.0067,1739334759860.4197
4278,2751272192,0,0.023,0.0462,-0.1321,-0.1115,-0.0361,-0.0134,1739334759870.4211
4279,2919044352,0,-0.023,0.0462,-0.2643,-0.1115,-0.027,0.0067,1739334759880.4226
4280,3086816512,0,0.0,0.0231,-0.3965,-0.1115,-0.027,0.0134,1739334759890.424
4281,3254588672,0,0.0,0.0462,-0.1321,-0.1115,-0.0361,0.0067,1739334759900.4255
4282,3422360832,0,-0.023,0.0231,-0.2643,-0.1115,-0.027,0.0067,1739334759910.427
4283,3590132992,0,0.0,0.0231,-0.1321,-0.1115,-0.0361,0.0067,1739334759920.4285
4284,3757905152,0,0.0,0.0462,-0.2643,-0.1115,-0.027,0.0,1739334759930.4302
4285,3925677312,0,-0.023,0.0462,-0.2643,-0.1115,-0.027,0.0067,1739334759940.4316
4286,4093449472,0,0.0,0.0231,-0.2643,-0.1115,-0.027,0.0067,1739334759950.433
4287,4261221632,0,0.0,0.0231,-0.2643,-0.1115,-0.027,0.0,1739334759960.4346
4288,134092032,0,0.0,0.0462,-0.2643,-0.1115,-0.027,0.0067,1739334759970.436
4289,301864192,0,0.023,0.0462,-0.1321,-0.1115,-0.0361,0.0067,1739334759980.4375
4290,469636352,0,0.0,0.0462,-0.2643,-0.1115,-0.027,0.0,1739334759990.439
4291,637408512,0,-0.023,0.0462,-0.1321,-0.1115,-0.027,0.0,1739334760000.4407
4292,805180672,0,0.0,0.0462,-0.1321,-0.1022,-0.027,0.0,1739334760010.4421
4293,972952832,0,-0.023,0.0231,-0.1321,-0.1115,-0.027,0.0067,1739334760020.4436
4294,1140724992,0,0.0,0.0231,-0.1321,-0.1115,-0.027,0.0,1739334760030.445
4295,1308497152,0,0.0,0.0231,-0.1321,-0.1115,-0.027,0.0,1739334760040.4465
4296,1476269312,0,-0.046,0.1155,-0.1321,-0.2137,-0.0451,0.0134,1739334760050.448
4297,1644041472,0,-0.1151,0.5316,0.0,-0.5575,-0.0722,-0.0134,1739334760060.4495
4298,1811813632,0,-0.2764,1.0864,-0.1321,-1.1336,-0.2076,-0.047,1739334760070.4512
4299,1979585792,0,-0.4146,1.5025,-0.1321,-1.6353,-0.3521,-0.094,1739334760080.4526
4300,2147357952,0,-0.5758,1.6643,-0.1321,-1.8676,-0.5147,-0.1209,1739334760090.454
4301,2315130112,0,-0.7601,1.8261,-0.1321,-2.1092,-0.7224,-0.1612,1739334760100.4556
4302,2482902272,0,-1.0365,2.0342,-0.1321,-2.4066,-1.0204,-0.1947,1739334760110.457
4303,2650674432,0,-1.3359,2.2653,0.0,-2.7875,-1.3725,-0.2283,1739334760120.4585
4304,2818446592,0,-1.6814,2.5658,-0.1321,-3.2335,-1.7337,-0.2485,1739334760130.46
4305,2986218752,0,-1.8887,2.9357,-0.1321,-3.7911,-2.0408,-0.2686,1739334760140.4617
4306,3153990912,0,-2.0269,3.4211,-0.1321,-4.4415,-2.1943,-0.2619,1739334760150.4631
4307,3321763072,0,-1.9808,3.8603,-0.1321,-5.0362,-2.2123,-0.235,1739334760160.4646
4308,3489535232,0,-2.0039,4.0915,-0.2643,-5.3707,-2.2033,-0.1813,1739334760170.466
4309,3657307392,0,-2.119,4.2071,-0.1321,-5.5287,-2.3207,-0.1343,1739334760180.4675
4310,3825079552,0,-2.3033,4.3689,-0.2643,-5.7517,-2.4562,-0.0671,1739334760190.469
4311,3992851712,0,-2.3263,4.5538,0.0,-6.0397,-2.3839,0.0067,1739334760200.4705
4312,4160623872,0,-2.1421,4.7387,0.2643,-6.2627,-2.0408,0.1007,1739334760210.4722
4313,33494272,0,-1.7505,4.7619,0.5287,-6.2999,-1.4809,0.2149,1739334760220.4736
4314,201266432,0,-1.1977,4.7619,1.0575,-6.3742,-0.6772,0.3425,1739334760230.475
4315,369038592,0,-0.4837,4.7619,1.454,-6.3835,0.2438,0.4433,1739334760240.4766
4316,536810752,0,0.2533,4.6925,1.454,-6.1977,1.1648,0.5507,1739334760250.478
4317,704582912,0,0.8983,4.7156,1.5862,-6.1141,1.9956,0.6313,1739334760260.4795
4318,872355072,0,1.3129,4.785,1.1896,-6.1048,2.5826,0.6649,1739334760270.4812
4319,1040127232,0,1.3359,4.8543,0.6609,-6.1141,2.7451,0.6582,1739334760280.4827
4320,1207899392,0,0.8522,4.9006,0.2643,-6.1512,2.3659,0.6246,1739334760290.4841
4321,1375671552,0,0.046,5.0161,-0.1321,-6.1977,1.6886,0.6045,1739334760300.4856
4322,1543443712,0,-0.6449,5.1548,-0.3965,-6.3464,0.9571,0.5978,1739334760310.487
4323,1711215872,0,-1.1056,5.4091,-0.2643,-6.6716,0.4424,0.5978,1739334760320.4885
4324,1878988032,0,-1.3359,5.6634,0.0,-7.0433,0.0903,0.6112,1739334760330.49
4325,2046760192,0,-1.4741,5.8021,0.1321,-7.3127,-0.1806,0.6045,1739334760340.4917
4326,2214532352,0,-1.4741,5.8483,0.0,-7.48,-0.4785,0.544,1739334760350.4932
4327,2382304512,0,-1.4741,5.8021,0.1321,-7.545,-0.8307,0.45,1739334760360.4946
4328,2550076672,0,-1.3359,5.6634,0.5287,-7.5357,-1.1016,0.3156,1739334760370.496
4329,2717848832,0,-1.2668,5.5016,1.1896,-7.5078,-1.4267,0.1612,1739334760380.4976
4330,2885620992,0,-1.382,5.3166,1.5862,-7.4335,-1.9143,0.0134,1739334760390.499
4331,3053393152,0,-1.6353,5.1779,1.9828,-7.3499,-2.4832,-0.1209,1739334760400.5005
4332,3221165312,0,-1.7966,5.0161,1.8506,-7.322,-2.9709,-0.2015,1739334760410.5022
4333,3388937472,0,-1.7735,4.8774,1.8506,-7.3127,-3.1786,-0.2418,1739334760420.5037
4334,3556709632,0,-1.405,4.7619,1.9828,-7.2941,-2.9618,-0.2485,1739334760430.5051
4335,3724481792,0,-0.737,4.4613,1.8506,-7.1362,-2.3388,-0.2619,1739334760440.5066
4336,3892253952,0,0.046,4.0915,1.8506,-6.8667,-1.4719,-0.2216,1739334760450.508
4337,4060026112,0,0.9443,3.791,1.8506,-6.6437,-0.4605,-0.1679,1739334760460.5095
4338,4227798272,0,1.7275,3.5136,1.8506,-6.4114,0.4063,-0.1007,1739334760470.511
4339,83891712,0,2.1881,3.3749,1.8506,-6.3371,0.9481,-0.0268,1739334760480.5127
4340,251663872,0,2.3724,3.3055,1.8506,-6.43,1.0384,0.0134,1739334760490.5142
4341,419436032,0,2.119,3.3055,1.8506,-6.6158,0.6953,0.0201,1739334760500.5156
4342,587208192,0,1.5893,3.3287,1.5862,-6.8946,-0.027,-0.0201,1739334760510.517
4343,754980352,0,0.7831,3.4442,1.0575,-7.1269,-0.9752,-0.0671,1739334760520.5186
4344,922752512,0,0.0,3.5829,0.6609,-7.3963,-2.0137,-0.1007,1739334760530.52
4345,1090524672,0,-0.691,3.791,0.2643,-7.7866,-2.9709,-0.1141,1739334760540.5215
4346,1258296832,0,-1.3129,4.0221,0.1321,-8.2698,-3.8016,-0.0806,1739334760550.5232
4347,1426068992,0,-1.6584,4.2995,0.0,-8.7808,-4.3525,-0.0537,1739334760560.5247
4348,1593841152,0,-1.7275,4.5076,0.0,-9.2547,-4.6415,-0.0268,1739334760570.5261
4349,1761613312,0,-1.6123,4.6232,0.2643,-9.6729,-4.7679,0.0134,1739334760580.5276
4350,1929385472,0,-1.4511,4.6925,0.6609,-9.9795,-4.8221,0.0537,1739334760590.529
4351,2097157632,0,-1.2898,4.7387,1.0575,-10.2118,-4.9214,0.094,1739334760600.5305
4352,2264929792,0,-1.2438,4.7156,1.3218,-10.3233,-5.111,0.1074,1739334760610.532
4353,2432701952,0,-1.3589,4.6925,1.7184,-10.3512,-5.3458,0.0671,1739334760620.5337
4354,2600474112,0,-1.405,4.6232,1.7184,-10.2676,-5.5535,0.0134,1739334760630.5352
4355,2768246272,0,-1.382,4.5538,1.8506,-10.1932,-5.5896,-0.0604,1739334760640.5366
4356,2936018432,0,-1.2438,4.4151,1.8506,-10.0724,-5.4993,-0.1276,1739334760650.538
4357,3103790592,0,-0.9674,4.2764,1.9828,-10.026,-5.3097,-0.1746,1739334760660.5396
4358,3271562752,0,-0.6679,4.2302,2.2471,-10.091,-5.093,-0.188,1739334760670.541
4359,3439334912,0,-0.4837,4.1608,2.3793,-10.1375,-4.9394,-0.188,1739334760680.5425
4360,3607107072,0,-0.2994,4.1146,2.6437,-10.091,-4.8582,-0.188,1739334760690.5442
4361,3774879232,0,-0.2073,3.9528,2.9081,-9.8866,-4.804,-0.2082,1739334760700.5457
4362,3942651392,0,-0.0921,3.7679,3.4368,-9.645,-4.6776,-0.2418,1739334760710.547
4363,4110423552,0,0.0691,3.5829,3.7012,-9.4127,-4.5692,-0.2955,1739334760720.5486
4364,4278195712,0,0.2073,3.398,3.9656,-9.1525,-4.4428,-0.3492,1739334760730.55
4365,151066112,0,0.3224,3.2131,4.23,-8.9016,-4.3344,-0.4298,1739334760740.5515
4366,318838272,0,0.3224,3.0513,4.4943,-8.5671,-4.2983,-0.5104,1739334760750.553
4367,486610432,0,0.2764,2.9126,4.4943,-8.2791,-4.2351,-0.5843,1739334760760.5547
4368,654382592,0,0.3685,2.7508,4.7587,-7.9724,-4.0364,-0.6381,1739334760770.5562
4369,822154752,0,0.6679,2.5889,5.0231,-7.7494,-3.7384,-0.6716,1739334760780.5576
4370,989926912,0,0.8983,2.4734,5.4196,-7.5729,-3.4675,-0.6716,1739334760790.559
4371,1157699072,0,1.0134,2.3809,5.8162,-7.4242,-3.3682,-0.6918,1739334760800.5605
4372,1325471232,0,0.8292,2.2653,5.8162,-7.2384,-3.4856,-0.7119,1739334760810.562
4373,1493243392,0,0.4376,2.196,5.9484,-7.0433,-3.7926,-0.759,1739334760820.5635
4374,1661015552,0,0.0,2.196,6.2128,-6.9039,-4.0906,-0.8261,1739334760830.5652
4375,1828787712,0,-0.3685,2.2191,6.345,-6.7831,-4.3073,-0.9,1739334760840.5667
4376,1996559872,0,-0.6679,2.2191,6.6093,-6.6065,-4.4067,-0.9605,1739334760850.568
4377,2164332032,0,-0.714,2.1729,6.7415,-6.4486,-4.3164,-1.0008,1739334760860.5696
4378,2332104192,0,-0.6449,2.1035,7.1381,-6.3278,-4.0996,-1.0142,1739334760870.571
4379,2499876352,0,-0.5758,2.1035,7.5346,-6.3185,-3.91,-1.0008,1739334760880.5725
4380,2667648512,0,-0.5988,2.1497,7.799,-6.3278,-3.8829,-0.9806,1739334760890.574
4381,2835420672,0,-0.8061,2.1497,7.9312,-6.2627,-4.0274,-0.9806,1739334760900.5757
4382,3003192832,0,-1.0825,2.1266,8.1956,-6.1605,-4.2622,-0.9806,1739334760910.5771
4383,3170964992,0,-1.428,2.1497,8.1956,-6.0769,-4.4699,-0.9739,1739334760920.5786
4384,3338737152,0,-1.6353,2.2191,8.46,-6.0583,-4.5602,-0.9739,1739334760930.58
4385,3506509312,0,-1.7275,2.2422,8.8565,-6.0583,-4.506,-0.9605,1739334760940.5815
4386,3674281472,0,-1.7044,2.2422,9.2531,-5.9468,-4.2893,-0.9202,1739334760950.583
4387,3842053632,0,-1.5662,2.1729,9.6497,-5.7981,-4.0364,-0.8597,1739334760960.5847
4388,4009825792,0,-1.5662,2.1035,9.7818,-5.6587,-3.8558,-0.8127,1739334760970.5862
4389,4177597952,0,-1.7275,2.1266,10.0462,-5.5751,-3.8287,-0.7858,1739334760980.5876
4390,50468352,0,-1.9578,2.1729,9.914,-5.5937,-3.919,-0.7724,1739334760990.589
4391,218240512,0,-2.2112,2.3116,9.7818,-5.6402,-4.0274,-0.759,1739334761000.5906
4392,386012672,0,-2.5106,2.4734,9.6497,-5.6866,-4.0816,-0.7724,1739334761010.592
4393,553784832,0,-2.6718,2.5196,9.3853,-5.6402,-4.0364,-0.7724,1739334761020.5935
4394,721556992,0,-2.764,2.5427,9.2531,-5.5008,-3.8919,-0.7455,1739334761030.5952
4395,889329152,0,-2.7409,2.5658,8.9887,-5.3614,-3.6391,-0.7052,1739334761040.5967
4396,1057101312,0,-2.6949,2.5658,8.46,-5.2034,-3.4134,-0.6582,1739334761050.5981
4397,1224873472,0,-2.6488,2.4734,7.799,-4.9711,-3.2327,-0.6112,1739334761060.5996
4398,1392645632,0,-2.5336,2.3809,6.7415,-4.7481,-2.998,-0.544,1739334761070.601
4399,1560417792,0,-2.2572,2.3578,5.8162,-4.5251,-2.6638,-0.4769,1739334761080.6025
4400,1728189952,0,-1.9808,2.2422,5.1553,-4.2835,-2.3297,-0.4231,1739334761090.604
4401,1895962112,0,-1.7966,2.1729,4.4943,-4.0884,-2.0679,-0.3761,1739334761100.6057
4402,2063734272,0,-1.6814,2.0342,3.9656,-3.8282,-1.9324,-0.3291,1739334761110.6072
4403,2231506432,0,-1.5893,1.9417,3.1725,-3.5774,-1.8873,-0.2619,1739334761120.6086
4404,2399278592,0,-1.5202,1.9186,2.3793,-3.4566,-1.8421,-0.2082,1739334761130.61
4405,2567050752,0,-1.4971,1.9186,1.7184,-3.4101,-1.8511,-0.1612,1739334761140.6116
4406,2734822912,0,-1.4971,1.9648,1.0575,-3.4101,-1.9143,-0.1276,1739334761150.613
4407,2902595072,0,-1.5893,1.9879,0.3965,-3.3822,-2.0317,-0.0873,1739334761160.6145
4408,3070367232,0,-1.6584,1.9879,-0.2643,-3.3079,-2.1672,-0.0604,1739334761170.6162
4409,3238139392,0,-1.7735,1.9879,-0.7931,-3.1964,-2.2756,-0.0268,1739334761180.6177
4410,3405911552,0,-1.8657,1.9879,-0.9253,-3.0849,-2.42,-0.0067,1739334761190.6191
4411,3573683712,0,-2.0499,1.9648,-1.1896,-2.9455,-2.6006,0.0201,1739334761200.6206
4412,3741455872,0,-2.2342,1.8955,-1.3218,-2.769,-2.7812,0.0134,1739334761210.622
4413,3909228032,0,-2.3033,1.7568,-1.3218,-2.5645,-2.8625,-0.0067,1739334761220.6235
4414,4077000192,0,-2.3033,1.6643,-1.3218,-2.388,-2.8896,-0.0067,1739334761230.625
4415,4244772352,0,-2.2342,1.5718,-1.454,-2.2579,-2.7993,-0.0134,1739334761240.6267
4416,117642752,0,-2.1881,1.5025,-1.5862,-2.0999,-2.6458,-0.0067,1739334761250.6282
4417,285414912,0,-2.0039,1.4331,-1.454,-1.9606,-2.411,0.0268,1739334761260.6296
4418,453187072,0,-1.8657,1.2944,-1.5862,-1.7933,-2.1943,0.0335,1739334761270.631
4419,620959232,0,-1.7966,1.1558,-1.454,-1.6446,-2.0227,0.0403,1739334761280.6326
4420,788731392,0,-1.7044,0.9939,-1.454,-1.5052,-1.8782,0.0201,1739334761290.634
4421,956503552,0,-1.5893,0.8784,-1.3218,-1.3845,-1.7337,0.0067,1739334761300.6355
4422,1124275712,0,-1.4741,0.809,-1.3218,-1.2822,-1.5983,0.0,1739334761310.6372
4423,1292047872,0,-1.405,0.7397,-1.3218,-1.2358,-1.526,-0.0134,1739334761320.6387
4424,1459820032,0,-1.405,0.7628,-1.3218,-1.2451,-1.499,-0.0067,1739334761330.6401
4425,1627592192,0,-1.4511,0.8784,-1.3218,-1.3473,-1.517,-0.0067,1739334761340.6416
4426,1795364352,0,-1.5662,1.1095,-1.3218,-1.5331,-1.5712,0.0,1739334761350.643
4427,1963136512,0,-1.6814,1.3869,-1.454,-1.7561,-1.6344,0.0,1739334761360.6445
4428,2130908672,0,-1.7966,1.595,-1.5862,-1.942,-1.7247,0.0,1739334761370.646
4429,2298680832,0,-1.9578,1.7799,-1.454,-2.0813,-1.7789,-0.0134,1739334761380.6477
4430,2466452992,0,-2.1421,1.8723,-1.3218,-2.1464,-1.824,-0.0268,1739334761390.6492
4431,2634225152,0,-2.2803,1.803,-1.3218,-2.1557,-1.9143,-0.0604,1739334761400.6506
4432,2801997312,0,-2.5336,1.6874,-1.0575,-2.0813,-2.0859,-0.094,1739334761410.652
4433,2969769472,0,-2.8561,1.595,-0.9253,-2.007,-2.3297,-0.1343,1739334761420.6536
4434,3137541632,0,-3.1555,1.5256,-0.6609,-2.007,-2.6006,-0.1746,1739334761430.655
4435,3305313792,0,-3.501,1.5718,-0.2643,-2.0628,-2.8896,-0.2082,1739334761440.6565
4436,3473085952,0,-3.8235,1.6643,-0.1321,-2.1929,-3.1515,-0.2485,1739334761450.6582
4437,3640858112,0,-4.0769,1.803,0.1321,-2.3973,-3.3953,-0.2955,1739334761460.6597
4438,3808630272,0,-4.3533,1.9879,0.2643,-2.6574,-3.6301,-0.3425,1739334761470.6611
4439,3976402432,0,-4.5836,2.1497,0.5287,-2.8897,-3.8558,-0.3895,1739334761480.6626
4440,4144174592,0,-4.837,2.2653,0.7931,-3.1035,-4.0816,-0.4366,1739334761490.664
4441,17044992,0,-5.0443,2.3809,1.1896,-3.2521,-4.2532,-0.4769,1739334761500.6655
4442,184817152,0,-5.1364,2.4503,1.3218,-3.4101,-4.3344,-0.497,1739334761510.667
4443,352589312,0,-5.1364,2.6121,1.5862,-3.6517,-4.3435,-0.5172,1739334761520.6687
4444,520361472,0,-5.0213,2.7508,1.9828,-3.9862,-4.2802,-0.5104,1739334761530.6702
4445,688133632,0,-4.7449,2.9126,2.115,-4.3393,-4.0816,-0.5104,1739334761540.6716
4446,855905792,0,-4.4685,3.0282,2.6437,-4.6552,-3.7926,-0.497,1739334761550.673
4447,1023677952,0,-4.2151,3.0282,2.9081,-4.8503,-3.5398,-0.4836,1739334761560.6746
4448,1191450112,0,-3.9847,2.9357,2.9081,-4.8875,-3.3772,-0.45,1739334761570.676
4449,1359222272,0,-3.7083,2.8201,3.0403,-4.934,-3.1966,-0.3963,1739334761580.6777
4450,1526994432,0,-3.3168,2.8201,3.3046,-5.1198,-2.9528,-0.3559,1739334761590.6792
4451,1694766592,0,-3.0404,2.8895,4.0978,-5.3986,-2.7903,-0.3022,1739334761600.6807
4452,1862538752,0,-2.8791,3.005,4.6265,-5.6959,-2.8174,-0.2485,1739334761610.6821
4453,2030310912,0,-2.81,2.9819,4.8909,-5.8167,-2.8535,-0.2082,1739334761620.6836
4454,2198083072,0,-2.787,2.8895,5.1553,-5.8167,-2.998,-0.188,1739334761630.685
4455,2365855232,0,-2.81,2.797,5.1553,-5.7331,-3.1695,-0.1813,1739334761640.6865
4456,2533627392,0,-2.764,2.6814,5.0231,-5.6773,-3.2689,-0.1746,1739334761650.6882
4457,2701399552,0,-2.6718,2.5427,5.0231,-5.6309,-3.4314,-0.1343,1739334761660.6897
4458,2869171712,0,-2.6027,2.4271,5.0231,-5.6495,-3.5578,-0.0738,1739334761670.6912
4459,3036943872,0,-2.3724,2.3809,5.1553,-5.6773,-3.5217,-0.0067,1739334761680.6926
4460,3204716032,0,-2.0499,2.2884,5.1553,-5.6495,-3.314,0.0604,1739334761690.694
4461,3372488192,0,-1.6353,2.1729,5.1553,-5.5194,-2.998,0.1209,1739334761700.6956
4462,3540260352,0,-1.2898,1.9879,4.8909,-5.3428,-2.6819,0.1612,1739334761710.697
4463,3708032512,0,-0.9904,1.803,4.7587,-5.1105,-2.5103,0.188,1739334761720.6987
4464,3875804672,0,-0.8292,1.6412,4.3621,-4.934,-2.4562,0.235,1739334761730.7002
4465,4043576832,0,-0.714,1.5256,4.23,-4.8225,-2.4652,0.2619,1739334761740.7017
4466,4211348992,0,-0.6679,1.4331,4.3621,-4.7853,-2.4923,0.2955,1739334761750.7031
4467,84219392,0,-0.714,1.2944,4.23,-4.5995,-2.5826,0.3156,1739334761760.7046
4468,251991552,0,-0.7601,1.1095,4.0978,-4.3207,-2.6368,0.3089,1739334761770.706
4469,419763712,0,-0.8292,0.9246,3.8334,-3.9769,-2.6729,0.2888,1739334761780.7075
4470,587535872,0,-0.9213,0.809,3.4368,-3.8189,-2.8174,0.2552,1739334761790.7092
4471,755308032,0,-1.1516,0.7628,3.0403,-3.7539,-3.0792,0.188,1739334761800.7107
4472,923080192,0,-1.4511,0.7859,2.9081,-3.7353,-3.3863,0.1209,1739334761810.7122
4473,1090852352,0,-1.7505,0.7859,2.7759,-3.7353,-3.6752,0.0671,1739334761820.7136
4474,1258624512,0,-1.8887,0.8784,2.6437,-3.7632,-3.8107,0.0268,1739334761830.715
4475,1426396672,0,-1.9578,0.9477,2.5115,-3.7911,-3.8287,0.0201,1739334761840.7166
4476,1594168832,0,-2.073,1.0633,2.2471,-3.884,-3.8919,0.0134,1739334761850.718
4477,1761940992,0,-2.2572,1.2482,2.3793,-4.0884,-4.0545,-0.0067,1739334761860.7197
4478,1929713152,0,-2.5106,1.41,2.2471,-4.3393,-4.2622,-0.0134,1739334761870.7212
4479,2097485312,0,-2.7409,1.5718,2.2471,-4.5809,-4.497,-0.0067,1739334761880.7227
4480,2265257472,0,-2.81,1.7105,2.3793,-4.7853,-4.5782,0.0134,1739334761890.724
4481,2433029632,0,-2.787,1.8261,2.3793,-4.9804,-4.5421,0.047,1739334761900.7256
4482,2600801792,0,-2.6949,1.8723,2.2471,-5.0826,-4.4157,0.0806,1739334761910.727
4483,2768573952,0,-2.4876,1.8723,1.9828,-5.1291,-4.3164,0.1209,1739334761920.7285
4484,2936346112,0,-2.3494,1.7568,1.8506,-5.1384,-4.3254,0.1746,1739334761930.7302
4485,3104118272,0,-2.1881,1.7337,1.5862,-5.1756,-4.4157,0.2619,1739334761940.7317
4486,3271890432,0,-2.073,1.7799,1.454,-5.3707,-4.506,0.3559,1739334761950.7332
4487,3439662592,0,-1.9117,1.8492,1.1896,-5.5287,-4.515,0.45,1739334761960.7346
4488,3607434752,0,-1.6814,1.8261,1.0575,-5.6123,-4.4518,0.5306,1739334761970.736
4489,3775206912,0,-1.3589,1.7568,1.0575,-5.6587,-4.3164,0.6179,1739334761980.7375
4490,3942979072,0,-0.9904,1.6874,0.7931,-5.668,-4.0816,0.7052,1739334761990.739
4491,4110751232,0,-0.4146,1.595,0.5287,-5.5937,-3.6572,0.7657,1739334762000.7407
4492,4278523392,0,0.2764,1.4331,0.3965,-5.4357,-3.0702,0.7926,1739334762010.7422
4493,151393792,0,0.8061,1.2944,0.1321,-5.2871,-2.4832,0.7926,1739334762020.7437
4494,319165952,0,1.1747,1.202,0.2643,-5.1756,-2.1311,0.7724,1739334762030.745
4495,486938112,0,1.0365,1.2251,0.1321,-5.1384,-2.2123,0.7455,1739334762040.7466
4496,654710272,0,0.714,1.1789,0.0,-5.0734,-2.5645,0.6985,1739334762050.748
4497,822482432,0,0.5297,1.0633,-0.3965,-4.9433,-2.8715,0.6851,1739334762060.7495
4498,990254592,0,0.4606,1.0171,-0.5287,-4.8782,-2.9799,0.6784,1739334762070.7512
4499,1158026752,0,0.6679,0.9246,-0.7931,-4.8225,-2.9077,0.7187,1739334762080.7527
4500,1325798912,0,0.8061,0.8784,-0.6609,-4.8503,-2.8806,0.7455,1739334762090.7542
4501,1493571072,0,0.7831,0.8321,-0.6609,-4.8225,-2.9889,0.7926,1739334762100.7556
4502,1661343232,0,0.6679,0.7628,-0.9253,-4.776,-3.1876,0.8261,1739334762110.757
4503,1829115392,0,0.5758,0.7628,-1.1896,-4.7388,-3.323,0.8664,1739334762120.7585
4504,1996887552,0,0.5758,0.809,-1.3218,-4.7203,-3.2689,0.9067,1739334762130.76
4505,2164659712,0,0.6219,0.8784,-1.3218,-4.7296,-3.1515,0.9202,1739334762140.7617
4506,2332431872,0,0.5758,0.9708,-1.454,-4.7853,-3.0973,0.9403,1739334762150.7632
4507,2500204032,0,0.5067,1.0402,-1.5862,-4.9061,-3.1786,0.9605,1739334762160.7646
4508,2667976192,0,0.3455,1.1789,-1.5862,-5.0641,-3.3501,0.9739,1739334762170.766
4509,2835748352,0,0.1842,1.2251,-1.5862,-5.1477,-3.5127,0.9739,1739334762180.7676
4510,3003520512,0,0.0691,1.2251,-1.454,-5.157,-3.6301,0.9672,1739334762190.769
4511,3171292672,0,-0.046,1.2251,-1.454,-5.1477,-3.7565,0.947,1739334762200.7705
4512,3339064832,0,-0.1612,1.2251,-1.5862,-5.0919,-3.8739,0.9202,1739334762210.7722
4513,3506836992,0,-0.2533,1.1558,-1.454,-5.0455,-4.0184,0.9,1739334762220.7737
4514,3674609152,0,-0.3455,1.1789,-1.454,-5.0641,-4.1629,0.9,1739334762230.7751
4515,3842381312,0,-0.3915,1.2251,-1.5862,-5.1477,-4.1899,0.9,1739334762240.7766
4516,4010153472,0,-0.3915,1.2713,-1.5862,-5.1849,-4.1177,0.8597,1739334762250.778
4517,4177925632,0,-0.4146,1.2251,-1.5862,-5.1477,-4.1177,0.8194,1739334762260.7795
4518,50796032,0,-0.5758,1.202,-1.454,-5.1198,-4.2532,0.7724,1739334762270.7812
4519,218568192,0,-0.714,1.2251,-1.5862,-5.1105,-4.4157,0.7522,1739334762280.7827
4520,386340352,0,-0.6679,1.1789,-1.7184,-5.1198,-4.3976,0.7388,1739334762290.7842
4521,554112512,0,-0.4146,1.1326,-1.8506,-5.1012,-4.1538,0.7455,1739334762300.7856
4522,721884672,0,-0.0921,1.1095,-1.9828,-5.0641,-3.7565,0.7388,1739334762310.787
4523,889656832,0,0.1151,1.0864,-1.8506,-4.999,-3.4043,0.7119,1739334762320.7886
4524,1057428992,0,0.2303,1.0402,-1.8506,-4.9433,-3.1605,0.6918,1739334762330.79
4525,1225201152,0,0.2533,1.0171,-1.9828,-4.9061,-3.1063,0.6784,1739334762340.7917
4526,1392973312,0,0.2303,1.0171,-2.115,-4.8782,-3.1154,0.6918,1739334762350.7932
4527,1560745472,0,0.1842,1.0171,-2.115,-4.8411,-3.1424,0.7052,1739334762360.7947
4528,1728517632,0,0.1151,1.0402,-1.9828,-4.8503,-3.2418,0.7187,1739334762370.7961
4529,1896289792,0,0.0,1.0633,-1.9828,-4.8689,-3.3411,0.7119,1739334762380.7976
4530,2064061952,0,-0.0691,1.1095,-2.115,-4.9247,-3.4404,0.7052,1739334762390.799
4531,2231834112,0,-0.1842,1.1789,-2.115,-4.9711,-3.4675,0.6918,1739334762400.8005
4532,2399606272,0,-0.1842,1.202,-2.115,-4.9897,-3.4134,0.6515,1739334762410.8022
4533,2567378432,0,-0.1151,1.1558,-2.3793,-4.8875,-3.2508,0.6246,1739334762420.8037
4534,2735150592,0,0.023,1.1095,-2.2471,-4.7667,-2.9889,0.6313,1739334762430.8052
4535,2902922752,0,0.2764,1.0633,-2.115,-4.7203,-2.6909,0.6716,1739334762440.8066
4536,3070694912,0,0.4606,1.0402,-1.9828,-4.6738,-2.5013,0.7254,1739334762450.808
4537,3238467072,0,0.4837,1.0633,-2.115,-4.7296,-2.5013,0.7657,1739334762460.8096
4538,3406239232,0,0.3685,1.0633,-1.9828,-4.7946,-2.6187,0.806,1739334762470.811
4539,3574011392,0,0.2994,1.1095,-2.115,-4.8318,-2.6909,0.8463,1739334762480.8127
4540,3741783552,0,0.4376,1.1326,-2.2471,-4.8596,-2.5826,0.8664,1739334762490.8142
4541,3909555712,0,0.691,1.1326,-2.115,-4.8411,-2.2936,0.8866,1739334762500.8157
4542,4077327872,0,0.9674,1.1326,-2.115,-4.7946,-1.9505,0.8799,1739334762510.8171
4543,4245100032,0,1.2207,1.0633,-2.115,-4.6924,-1.6344,0.8597,1739334762520.8186
4544,117970432,0,1.405,1.0171,-2.115,-4.5716,-1.3545,0.8396,1739334762530.82
4545,285742592,0,1.5202,0.9708,-2.115,-4.488,-1.1558,0.8261,1739334762540.8215
4546,453514752,0,1.5662,0.9477,-1.9828,-4.4415,-1.0836,0.8329,1739334762550.8232
4547,621286912,0,1.4971,0.9708,-1.9828,-4.4415,-1.1829,0.853,1739334762560.8247
4548,789059072,0,1.3359,0.9708,-1.9828,-4.4415,-1.3364,0.8799,1739334762570.8262
4549,956831232,0,1.2668,1.0171,-1.9828,-4.4229,-1.4357,0.9,1739334762580.8276
4550,1124603392,0,1.405,0.9939,-1.9828,-4.3579,-1.2913,0.8799,1739334762590.829
4551,1292375552,0,1.6584,0.9477,-2.115,-4.2557,-0.9933,0.853,1739334762600.8306
4552,1460147712,0,1.8887,0.8552,-2.115,-4.1535,-0.7133,0.8194,1739334762610.832
4553,1627919872,0,2.0269,0.8321,-2.115,-4.0884,-0.5237,0.7993,1739334762620.8337
4554,1795692032,0,1.9808,0.8552,-2.2471,-4.0977,-0.4695,0.7993,1739334762630.8352
4555,1963464192,0,1.8426,0.8784,-2.2471,-4.0977,-0.5508,0.7993,1739334762640.8367
4556,2131236352,0,1.7044,0.9015,-2.2471,-4.0605,-0.6411,0.7926,1739334762650.8381
4557,2299008512,0,1.7044,0.8784,-2.2471,-4.0419,-0.6411,0.7791,1739334762660.8396
4558,2466780672,0,1.7275,0.8552,-2.2471,-4.0419,-0.6321,0.7791,1739334762670.841
4559,2634552832,0,1.7505,0.8552,-2.2471,-4.0141,-0.605,0.7791,1739334762680.8425
4560,2802324992,0,1.7275,0.8552,-2.2471,-4.0327,-0.614,0.7657,1739334762690.8442
4561,2970097152,0,1.6584,0.8552,-2.2471,-4.0327,-0.6592,0.759,1739334762700.8457
4562,3137869312,0,1.5893,0.9015,-2.2471,-4.0327,-0.7404,0.759,1739334762710.8472
4563,3305641472,0,1.5202,0.9246,-2.115,-4.0605,-0.7675,0.759,1739334762720.8486
4564,3473413632,0,1.5432,0.9246,-2.115,-4.0419,-0.7043,0.7724,1739334762730.85
4565,3641185792,0,1.7505,0.9015,-2.115,-4.0234,-0.5418,0.7858,1739334762740.8516
4566,3808957952,0,1.9348,0.8552,-2.115,-3.9769,-0.3702,0.7858,1739334762750.853
4567,3976730112,0,2.0499,0.8321,-1.9828,-3.9304,-0.307,0.7791,1739334762760.8547
4568,4144502272,0,2.0039,0.8552,-1.9828,-3.9304,-0.325,0.7858,1739334762770.8562
4569,17372672,0,1.9808,0.8552,-1.8506,-3.8933,-0.325,0.7993,1739334762780.8577
4570,185144832,0,2.1651,0.7859,-1.9828,-3.7539,-0.1896,0.806,1739334762790.8591
4571,352916992,0,2.4185,0.6934,-1.9828,-3.5681,0.0903,0.8261,1739334762800.8606
4572,520689152,0,2.7179,0.6472,-2.115,-3.438,0.3882,0.853,1739334762810.862
4573,688461312,0,2.9713,0.601,-1.9828,-3.3729,0.5779,0.8664,1739334762820.8635
4574,856233472,0,2.9713,0.6472,-2.115,-3.3915,0.5779,0.8933,1739334762830.8652
4575,1024005632,0,2.787,0.6934,-1.9828,-3.4566,0.4785,0.9135,1739334762840.8667
4576,1191777792,0,2.6949,0.7165,-1.9828,-3.4658,0.3882,0.9067,1739334762850.8682
4577,1359549952,0,2.6949,0.7397,-1.9828,-3.4101,0.3973,0.9135,1739334762860.8696
4578,1527322112,0,2.787,0.6472,-1.8506,-3.3172,0.4966,0.9269,1739334762870.871
4579,1695094272,0,2.9943,0.601,-1.8506,-3.2057,0.6501,0.9336,1739334762880.8726
4580,1862866432,0,3.1555,0.6241,-1.7184,-3.1685,0.7856,0.9538,1739334762890.8743
4581,2030638592,0,3.2477,0.6472,-1.7184,-3.1964,0.8578,0.9739,1739334762900.8757
4582,2198410752,0,3.3168,0.6703,-1.7184,-3.2428,0.912,0.9806,1739334762910.8772
4583,2366182912,0,3.4319,0.6934,-1.5862,-3.2521,1.0023,1.0142,1739334762920.8787
4584,2533955072,0,3.7083,0.6472,-1.5862,-3.215,1.1919,1.0142,1739334762930.8801
4585,2701727232,0,3.9387,0.601,-1.3218,-3.1592,1.3816,1.0209,1739334762940.8816
4586,2869499392,0,4.169,0.5547,-1.3218,-3.1035,1.5531,1.0209,1739334762950.883
4587,3037271552,0,4.3533,0.5085,-1.3218,-3.0384,1.7157,1.0344,1739334762960.8848
4588,3205043712,0,4.5145,0.5085,-1.3218,-2.9827,1.8602,1.0344,1739334762970.8862
4589,3372815872,0,4.7218,0.4623,-1.1896,-2.899,2.0679,1.0276,1739334762980.8877
4590,3540588032,0,4.9061,0.416,-1.3218,-2.8061,2.2665,1.0209,1739334762990.8892
4591,3708360192,0,5.0904,0.3698,-1.0575,-2.7504,2.4652,1.0344,1739334763000.8906
4592,3876132352,0,5.2286,0.3467,-1.0575,-2.7132,2.5735,1.0545,1739334763010.892
4593,4043904512,0,5.3207,0.3467,-0.7931,-2.6853,2.6368,1.0747,1739334763020.8936
4594,4211676672,0,5.4589,0.3005,-0.7931,-2.6017,2.7722,1.0814,1739334763030.8953
4595,84547072,0,5.7123,0.2311,-0.7931,-2.4809,3.007,1.0948,1739334763040.8967
4596,252319232,0,6.0347,0.1618,-0.7931,-2.3601,3.3411,1.1082,1739334763050.8982
4597,420091392,0,6.3342,0.1386,-0.7931,-2.2672,3.6481,1.0881,1739334763060.8997
4598,587863552,0,6.4954,0.1386,-0.3965,-2.2393,3.8287,1.0747,1739334763070.9011
4599,755635712,0,6.5415,0.1386,-0.5287,-2.2393,3.901,1.0612,1739334763080.9026
4600,923407872,0,6.5645,0.1618,-0.3965,-2.2579,3.919,1.0545,1739334763090.904
4601,1091180032,0,6.6566,0.1618,-0.3965,-2.2393,3.9913,1.0545,1739334763100.9058
4602,1258952192,0,6.8179,0.1386,-0.3965,-2.1557,4.1538,1.0545,1739334763110.9072
4603,1426724352,0,7.0021,0.1155,-0.5287,-2.0999,4.3073,1.0612,1739334763120.9087
4604,1594496512,0,7.0712,0.1155,-0.5287,-2.0721,4.3796,1.0411,1739334763130.9102
4605,1762268672,0,6.9791,0.1386,-0.5287,-2.0906,4.3344,1.0411,1739334763140.9116
4606,1930040832,0,6.887,0.1618,-0.5287,-2.0721,4.2802,1.0545,1739334763150.913
4607,2097812992,0,6.9791,0.1618,-0.5287,-2.0535,4.3525,1.0814,1739334763160.9146
4608,2265585152,0,7.1864,0.1618,-0.3965,-2.0256,4.506,1.115,1739334763170.9163
4609,2433357312,0,7.3476,0.1386,-0.5287,-1.9977,4.6415,1.1485,1739334763180.9177
4610,2601129472,0,7.4167,0.1618,-0.3965,-1.9977,4.6776,1.1485,1739334763190.9192
4611,2768901632,0,7.2785,0.1618,-0.3965,-1.9884,4.6144,1.1418,1739334763200.9207
4612,2936673792,0,7.1403,0.1618,-0.3965,-2.007,4.497,1.1217,1739334763210.922
4613,3104445952,0,7.0482,0.1618,-0.3965,-1.9977,4.4247,1.1015,1739334763220.9236
4614,3272218112,0,7.0943,0.1618,-0.3965,-1.9698,4.4608,1.1015,1739334763230.925
4615,3439990272,0,7.1864,0.1155,-0.5287,-1.942,4.5873,1.1082,1739334763240.9268
4616,3607762432,0,7.2785,0.1155,-0.3965,-1.8862,4.6685,1.1217,1739334763250.9282
4617,3775534592,0,7.2325,0.1155,-0.3965,-1.8955,4.6595,1.1217,1739334763260.9297
4618,3943306752,0,7.0943,0.1386,-0.3965,-1.9234,4.5241,1.115,1739334763270.9312
4619,4111078912,0,6.91,0.1618,-0.3965,-1.9327,4.4157,1.115,1739334763280.9326
4620,4278851072,0,6.7718,0.1386,-0.3965,-1.8955,4.3344,1.115,1739334763290.934
4621,151721472,0,6.6797,0.1386,-0.3965,-1.8676,4.2802,1.115,1739334763300.9355
4622,319493632,0,6.5415,0.1386,-0.2643,-1.8862,4.1899,1.1015,1739334763310.9373
4623,487265792,0,6.3802,0.1386,-0.5287,-1.9048,4.0635,1.0881,1739334763320.9387
4624,655037952,0,6.1729,0.1386,-0.5287,-1.9048,3.901,1.0814,1739334763330.9402
4625,822810112,0,6.0808,0.1618,-0.5287,-1.9234,3.8197,1.0814,1739334763340.9417
4626,990582272,0,6.0347,0.1849,-0.6609,-1.9327,3.8287,1.1015,1739334763350.943
4627,1158354432,0,6.0808,0.208,-0.7931,-1.9327,3.8739,1.115,1739334763360.9446
4628,1326126592,0,6.1729,0.208,-0.7931,-1.9513,3.9371,1.1217,1739334763370.946
4629,1493898752,0,6.1269,0.2311,-0.6609,-1.9791,3.9371,1.1284,1739334763380.9478
4630,1661670912,0,6.0808,0.2311,-0.7931,-1.9791,3.901,1.115,1739334763390.9492
4631,1829443072,0,5.9196,0.2773,-0.7931,-1.9884,3.8197,1.1217,1739334763400.9507
4632,1997215232,0,5.8044,0.2773,-0.7931,-1.9977,3.7294,1.1217,1739334763410.9521
4633,2164987392,0,5.7123,0.3005,-0.7931,-1.9977,3.6662,1.115,1739334763420.9536
4634,2332759552,0,5.5971,0.3236,-0.7931,-2.0349,3.5759,1.115,1739334763430.955
4635,2500531712,0,5.3668,0.3698,-0.6609,-2.1092,3.3863,1.0948,1739334763440.9565
4636,2668303872,0,5.0443,0.416,-0.7931,-2.2486,3.1063,1.0747,1739334763450.9583
4637,2836076032,0,4.6988,0.5085,-0.9253,-2.3973,2.8083,1.0545,1739334763460.9597
4638,3003848192,0,4.3994,0.5779,-1.1896,-2.4995,2.5555,1.0478,1739334763470.9612
4639,3171620352,0,4.192,0.6241,-1.0575,-2.5924,2.3659,1.0545,1739334763480.9626
4640,3339392512,0,4.0078,0.6703,-1.0575,-2.6667,2.2304,1.0478,1739334763490.964
4641,3507164672,0,3.8235,0.7397,-1.0575,-2.7411,2.0588,1.0478,1739334763500.9656
4642,3674936832,0,3.6392,0.7165,-1.1896,-2.7597,1.8963,1.0411,1739334763510.967
4643,3842708992,0,3.4089,0.7397,-1.1896,-2.7597,1.7518,1.0209,1739334763520.9688
4644,4010481152,0,3.2937,0.7165,-1.3218,-2.7132,1.6976,1.0075,1739334763530.9702
4645,4178253312,0,3.2937,0.6703,-1.3218,-2.6482,1.7247,0.9806,1739334763540.9717
4646,51123712,0,3.1555,0.6703,-1.3218,-2.6017,1.6434,0.9538,1739334763550.9731
4647,218895872,0,2.787,0.6934,-1.454,-2.6574,1.4087,0.9336,1739334763560.9746
4648,386668032,0,2.3724,0.7859,-1.5862,-2.7411,1.0565,0.9135,1739334763570.976
4649,554440192,0,2.0269,0.8784,-1.7184,-2.8061,0.7765,0.8866,1739334763580.9778
4650,722212352,0,1.7735,0.9015,-1.7184,-2.834,0.5779,0.8866,1739334763590.9792
4651,889984512,0,1.6584,0.9015,-1.8506,-2.8433,0.4334,0.8732,1739334763600.9807
4652,1057756672,0,1.4741,0.9015,-1.7184,-2.8805,0.2889,0.8463,1739334763610.9822
4653,1225528832,0,1.1747,0.9477,-1.9828,-2.9734,0.0,0.8329,1739334763620.9836
4654,1393300992,0,0.691,1.0402,-1.8506,-3.0942,-0.4063,0.8329,1739334763630.985
4655,1561073152,0,0.2303,1.1326,-1.8506,-3.1499,-0.8036,0.8329,1739334763640.9866
4656,1728845312,0,-0.046,1.1789,-1.7184,-3.1778,-1.0474,0.8396,1739334763650.9883
4657,1896617472,0,-0.1382,1.202,-1.8506,-3.1778,-1.1107,0.853,1739334763660.9897
4658,2064389632,0,-0.1151,1.202,-1.8506,-3.1499,-1.0745,0.8463,1739334763670.9912
4659,2232161792,0,-0.2073,1.1326,-1.8506,-3.0942,-1.1107,0.8396,1739334763680.9927
4660,2399933952,0,-0.4146,1.1326,-1.9828,-3.0291,-1.2822,0.8329,1739334763690.9941
4661,2567706112,0,-0.714,1.1789,-1.9828,-3.0013,-1.517,0.7993,1739334763700.9956
4662,2735478272,0,-0.9443,1.202,-2.115,-3.0013,-1.7337,0.7993,1739334763710.997
4663,2903250432,0,-1.0365,1.1789,-2.2471,-3.0013,-1.7879,0.806,1739334763720.9988
4664,3071022592,0,-0.9674,1.1789,-2.2471,-3.0105,-1.7518,0.806,1739334763731.0002
4665,3238794752,0,-0.9904,1.202,-2.2471,-3.057,-1.7699,0.8194,1739334763741.0017
4666,3406566912,0,-1.1516,1.2713,-1.9828,-3.122,-1.9324,0.8261,1739334763751.0032
4667,3574339072,0,-1.382,1.3407,-2.115,-3.1871,-2.1582,0.8329,1739334763761.0046
4668,3742111232,0,-1.5432,1.3407,-2.2471,-3.2057,-2.3207,0.8396,1739334763771.006
4669,3909883392,0,-1.4741,1.3176,-2.2471,-3.1964,-2.2756,0.8597,1739334763781.0076
4670,4077655552,0,-1.2668,1.3176,-1.9828,-3.1592,-2.113,0.8799,1739334763791.0093
4671,4245427712,0,-1.1056,1.2713,-1.9828,-3.1313,-1.9595,0.9,1739334763801.0107
4672,118298112,0,-1.0134,1.2713,-1.9828,-3.1128,-1.8963,0.9135,1739334763811.0122
4673,286070272,0,-1.0365,1.2482,-1.9828,-3.1035,-1.9143,0.9135,1739334763821.0137
4674,453842432,0,-1.0825,1.2482,-1.9828,-3.1128,-1.9414,0.9067,1739334763831.0151
4675,621614592,0,-1.0595,1.2251,-2.115,-3.0849,-1.8873,0.9067,1739334763841.0166
4676,789386752,0,-0.8522,1.202,-1.9828,-3.057,-1.7067,0.9067,1739334763851.018
4677,957158912,0,-0.5528,1.1558,-1.9828,-3.0105,-1.4538,0.9202,1739334763861.0198
4678,1124931072,0,-0.3224,1.1326,-1.9828,-2.9827,-1.21,0.9269,1739334763871.0212
4679,1292703232,0,-0.1382,1.1558,-2.115,-3.0013,-1.0565,0.947,1739334763881.0227
4680,1460475392,0,-0.023,1.1558,-2.115,-3.0291,-0.9571,0.9605,1739334763891.0242
4681,1628247552,0,0.046,1.202,-1.9828,-3.0756,-0.912,0.9739,1739334763901.0256
4682,1796019712,0,0.1151,1.202,-1.8506,-3.1035,-0.8668,0.9941,1739334763911.027
4683,1963791872,0,0.2073,1.202,-1.8506,-3.0849,-0.7765,1.0075,1739334763921.0286
4684,2131564032,0,0.4146,1.1095,-1.9828,-2.992,-0.5959,1.0075,1739334763931.0303
4685,2299336192,0,0.691,1.0171,-1.9828,-2.8805,-0.3792,1.0075,1739334763941.0317
4686,2467108352,0,0.9674,0.9708,-2.115,-2.8154,-0.1535,1.0276,1739334763951.0332
4687,2634880512,0,1.1747,0.9708,-2.115,-2.7782,0.018,1.0411,1739334763961.0347
4688,2802652672,0,1.3359,0.9939,-2.115,-2.7968,0.0993,1.0545,1739334763971.0361
4689,2970424832,0,1.4741,1.0171,-1.9828,-2.8061,0.1625,1.0612,1739334763981.0376
4690,3138196992,0,1.5893,1.0171,-1.8506,-2.7782,0.2799,1.0612,1739334763991.039
4691,3305969152,0,1.8196,0.9477,-1.9828,-2.7318,0.4334,1.0478,1739334764001.0408
4692,3473741312,0,2.1421,0.9015,-1.8506,-2.6574,0.6862,1.0545,1739334764011.0422
4693,3641513472,0,2.4645,0.8784,-1.8506,-2.5831,0.9571,1.0679,1739334764021.0437
4694,3809285632,0,2.7179,0.8552,-1.5862,-2.5459,1.1648,1.0881,1739334764031.0452
4695,3977057792,0,2.9713,0.8321,-1.5862,-2.5088,1.3545,1.0881,1739334764041.0466
4696,4144829952,0,3.2246,0.8321,-1.5862,-2.4437,1.5983,1.0948,1739334764051.048
4697,17700352,0,3.5932,0.7859,-1.454,-2.3322,1.9053,1.115,1739334764061.0496
4698,185472512,0,4.0078,0.6934,-1.5862,-2.2114,2.2304,1.1351,1739334764071.0513
4699,353244672,0,4.3072,0.6241,-1.5862,-2.1092,2.5284,1.162,1739334764081.0527
4700,521016832,0,4.5145,0.601,-1.3218,-2.0349,2.7271,1.1485,1739334764091.0542
4701,688788992,0,4.5836,0.601,-1.3218,-2.0349,2.7812,1.1553,1739334764101.0557
4702,856561152,0,4.5606,0.601,-1.3218,-2.0442,2.7632,1.162,1739334764111.0571
4703,1024333312,0,4.5836,0.6241,-1.3218,-2.0721,2.7361,1.1754,1739334764121.0586
4704,1192105472,0,4.6527,0.6472,-1.3218,-2.0813,2.8083,1.1889,1739334764131.06
4705,1359877632,0,4.814,0.6703,-1.1896,-2.0721,2.9167,1.1821,1739334764141.0618
4706,1527649792,0,4.9752,0.6241,-1.3218,-2.0256,3.0341,1.1821,1739334764151.0632
4707,1695421952,0,5.0213,0.601,-1.3218,-1.9791,3.1063,1.1553,1739334764161.0647
4708,1863194112,0,5.0443,0.5547,-1.3218,-1.8955,3.1244,1.1418,1739334764171.0662
4709,2030966272,0,5.0443,0.5085,-1.3218,-1.8398,3.1244,1.1485,1739334764181.0676
4710,2198738432,0,5.0673,0.4854,-1.3218,-1.8026,3.1334,1.1553,1739334764191.069
4711,2366510592,0,5.0904,0.4854,-1.3218,-1.7933,3.1244,1.1754,1739334764201.0706
4712,2534282752,0,5.0904,0.4854,-1.3218,-1.7933,3.1063,1.1956,1739334764211.0723
4713,2702054912,0,5.0213,0.4854,-1.3218,-1.8026,3.007,1.1956,1739334764221.0737
4714,2869827072,0,4.814,0.4854,-1.3218,-1.849,2.8354,1.1956,1739334764231.0752
4715,3037599232,0,4.6067,0.5779,-1.1896,-1.9234,2.6006,1.1956,1739334764241.0767
4716,3205371392,0,4.3303,0.601,-1.454,-1.9698,2.3929,1.1889,1739334764251.0781
4717,3373143552,0,4.2151,0.5779,-1.3218,-1.9977,2.2665,1.1821,1739334764261.0796
4718,3540915712,0,4.192,0.5547,-1.454,-1.942,2.2665,1.1821,1739334764271.0813
4719,3708687872,0,4.2612,0.5316,-1.454,-1.9141,2.3207,1.1956,1739334764281.0828
4720,3876460032,0,4.3303,0.5085,-1.7184,-1.9234,2.3478,1.2023,1739334764291.0842
4721,4044232192,0,4.3072,0.5779,-1.5862,-1.9791,2.3207,1.209,1739334764301.0857
4722,4212004352,0,4.192,0.5779,-1.5862,-2.0256,2.2394,1.2224,1739334764311.0872
4723,84874752,0,4.146,0.5779,-1.5862,-2.0721,2.1491,1.2224,1739334764321.0886
4724,252646912,0,4.0769,0.5779,-1.5862,-2.0535,2.0949,1.2292,1739334764331.09
4725,420419072,0,4.0078,0.5547,-1.5862,-2.0256,2.0498,1.2157,1739334764341.0918
4726,588191232,0,3.9156,0.4854,-1.7184,-1.9884,1.9956,1.2023,1739334764351.0933
4727,755963392,0,3.7544,0.5085,-1.7184,-1.9884,1.8782,1.1889,1739334764361.0947
4728,923735552,0,3.5701,0.5547,-1.7184,-2.0442,1.6886,1.1754,1739334764371.0962
4729,1091507712,0,3.2937,0.601,-1.7184,-2.1371,1.508,1.1821,1739334764381.0977
4730,1259279872,0,3.0634,0.6472,-1.8506,-2.2207,1.3093,1.1821,1739334764391.099
4731,1427052032,0,2.8791,0.6703,-1.7184,-2.2951,1.1378,1.1821,1739334764401.1006
4732,1594824192,0,2.764,0.6703,-1.8506,-2.3044,1.0655,1.1754,1739334764411.1023
4733,1762596352,0,2.787,0.6241,-1.9828,-2.2765,1.0655,1.162,1739334764421.1038
4734,1930368512,0,2.8561,0.5547,-1.9828,-2.2114,1.1107,1.1485,1739334764431.1052
4735,2098140672,0,2.9022,0.5316,-1.8506,-2.1929,1.1287,1.1485,1739334764441.1067
4736,2265912832,0,2.81,0.5779,-1.8506,-2.2114,1.0926,1.1553,1739334764451.1082
4737,2433684992,0,2.7409,0.6241,-1.8506,-2.2672,1.0113,1.1687,1739334764461.1096
4738,2601457152,0,2.6258,0.6241,-1.8506,-2.3044,0.9301,1.1553,1739334764471.111
4739,2769229312,0,2.4876,0.6241,-1.8506,-2.3229,0.8307,1.162,1739334764481.1128
4740,2937001472,0,2.4185,0.6472,-1.8506,-2.2951,0.7946,1.1553,1739334764491.1143
4741,3104773632,0,2.4415,0.6241,-1.8506,-2.2765,0.7856,1.162,1739334764501.1157
4742,3272545792,0,2.5106,0.5547,-1.8506,-2.2393,0.8217,1.1754,1739334764511.1172
4743,3440317952,0,2.6258,0.5779,-1.8506,-2.2114,0.903,1.1754,1739334764521.1187
4744,3608090112,0,2.7179,0.5547,-1.9828,-2.2021,0.9933,1.1821,1739334764531.12
4745,3775862272,0,2.7179,0.5779,-1.9828,-2.1929,1.0113,1.1754,1739334764541.1216
4746,3943634432,0,2.6949,0.5547,-1.9828,-2.1929,1.0023,1.1687,1739334764551.1233
4747,4111406592,0,2.6718,0.5547,-1.9828,-2.165,0.9752,1.1687,1739334764561.1248
4748,4279178752,0,2.6718,0.5316,-1.9828,-2.1278,0.9752,1.1553,1739334764571.1262
4749,152049152,0,2.6718,0.5085,-1.9828,-2.0906,0.9842,1.1485,1739334764581.1277
4750,319821312,0,2.6718,0.5085,-1.9828,-2.0535,0.9752,1.1351,1739334764591.1292
4751,487593472,0,2.6718,0.4854,-1.9828,-2.0442,0.9391,1.1284,1739334764601.1306
4752,655365632,0,2.5797,0.4854,-1.9828,-2.0721,0.8488,1.1418,1739334764611.132
4753,823137792,0,2.4876,0.5085,-1.9828,-2.1278,0.7765,1.1553,1739334764621.1338
4754,990909952,0,2.4876,0.5547,-1.9828,-2.2021,0.7404,1.1687,1739334764631.1353
4755,1158682112,0,2.4645,0.5779,-1.8506,-2.2393,0.7314,1.1754,1739334764641.1367
4756,1326454272,0,2.5106,0.5547,-1.8506,-2.2207,0.7765,1.1687,1739334764651.1382
4757,1494226432,0,2.6488,0.5085,-1.9828,-2.165,0.8939,1.1553,1739334764661.1396
4758,1661998592,0,2.764,0.4854,-1.9828,-2.0813,1.0474,1.1284,1739334764671.141
4759,1829770752,0,2.8791,0.416,-1.9828,-2.007,1.1287,1.1015,1739334764681.1426
4760,1997542912,0,2.8791,0.4392,-1.8506,-2.0163,1.1287,1.0881,1739334764691.1443
4761,2165315072,0,2.787,0.5085,-1.9828,-2.0813,1.0565,1.0747,1739334764701.1458
4762,2333087232,0,2.7179,0.5316,-1.9828,-2.165,0.9752,1.0814,1739334764711.1472
4763,2500859392,0,2.7179,0.601,-1.9828,-2.2393,0.921,1.0881,1739334764721.1487
4764,2668631552,0,2.7409,0.6241,-1.8506,-2.2858,0.9481,1.0948,1739334764731.1501
4765,2836403712,0,2.764,0.6934,-1.9828,-2.3508,0.9481,1.0948,1739334764741.1516
4766,3004175872,0,2.6949,0.7859,-1.9828,-2.4437,0.8939,1.0814,1739334764751.153
4767,3171948032,0,2.5567,0.8784,-2.115,-2.5831,0.7856,1.0612,1739334764761.1548
4768,3339720192,0,2.4415,0.9939,-1.9828,-2.7318,0.6592,1.0679,1739334764771.1562
4769,3507492352,0,2.4415,1.1095,-1.9828,-2.834,0.6501,1.0747,1739334764781.1577
4770,3675264512,0,2.5797,1.1558,-1.9828,-2.8712,0.7765,1.0814,1739334764791.1592
4771,3843036672,0,2.81,1.1789,-1.8506,-2.8247,0.9571,1.0948,1739334764801.1606
4772,4010808832,0,3.0173,1.1326,-1.9828,-2.7504,1.1378,1.0881,1739334764811.162
4773,4178580992,0,3.1095,1.1789,-1.9828,-2.7132,1.2461,1.0814,1739334764821.1636
4774,51451392,0,3.1786,1.1789,-1.9828,-2.7132,1.2822,1.0814,1739334764831.1653
4775,219223552,0,3.1555,1.2482,-1.9828,-2.7968,1.2732,1.0747,1739334764841.1667
4776,386995712,0,3.1325,1.3176,-2.115,-2.8805,1.2461,1.0747,1739334764851.1682
4777,554767872,0,3.1555,1.41,-1.9828,-2.9734,1.219,1.0881,1739334764861.1697
4778,722540032,0,3.1786,1.4331,-1.9828,-3.0198,1.2461,1.1015,1739334764871.1711
4779,890312192,0,3.2937,1.4563,-1.9828,-3.0105,1.3364,1.1015,1739334764881.1726
4780,1058084352,0,3.3859,1.4563,-1.9828,-2.992,1.4357,1.1082,1739334764891.1743
4781,1225856512,0,3.455,1.4794,-1.9828,-2.9827,1.526,1.0948,1739334764901.1758
4782,1393628672,0,3.501,1.5025,-1.9828,-3.0013,1.5441,1.0814,1739334764911.1772
4783,1561400832,0,3.4089,1.5718,-2.115,-3.0756,1.499,1.0679,1739334764921.1787
4784,1729172992,0,3.3398,1.7105,-2.2471,-3.215,1.4177,1.0612,1739334764931.1802
4785,1896945152,0,3.2937,1.8261,-2.2471,-3.3451,1.3906,1.0679,1739334764941.1816
4786,2064717312,0,3.3398,1.9186,-2.115,-3.4473,1.4177,1.0747,1739334764951.183
4787,2232489472,0,3.4319,1.9186,-2.115,-3.4844,1.4899,1.0948,1739334764961.1848
4788,2400261632,0,3.501,1.9417,-1.9828,-3.503,1.5351,1.1082,1739334764971.1863
4789,2568033792,0,3.5701,1.9879,-1.7184,-3.5123,1.5622,1.1082,1739334764981.1877
4790,2735805952,0,3.5701,1.9417,-1.7184,-3.4658,1.5531,1.1082,1739334764991.1892
4791,2903578112,0,3.501,1.8492,-1.8506,-3.3822,1.508,1.1082,1739334765001.1907
4792,3071350272,0,3.5471,1.803,-1.9828,-3.2986,1.508,1.1082,1739334765011.1921
4793,3239122432,0,3.5701,1.7568,-1.9828,-3.2428,1.5441,1.1015,1739334765021.1936
4794,3406894592,0,3.5932,1.6643,-1.9828,-3.1313,1.5712,1.0948,1739334765031.1953
4795,3574666752,0,3.6392,1.5256,-1.9828,-3.0105,1.5893,1.0814,1739334765041.1968
4796,3742438912,0,3.6162,1.3869,-1.9828,-2.8433,1.6163,1.0814,1739334765051.1982
4797,3910211072,0,3.6623,1.202,-1.9828,-2.6574,1.6615,1.0679,1739334765061.1997
4798,4077983232,0,3.6623,1.0402,-1.8506,-2.453,1.7067,1.0545,1739334765071.2012
4799,4245755392,0,3.7314,0.809,-1.7184,-2.2021,1.806,1.0209,1739334765081.2026
4800,118625792,0,3.8465,0.5779,-1.8506,-1.942,1.9053,1.0075,1739334765091.204
4801,286397952,0,3.9847,0.3236,-1.8506,-1.6632,2.0408,0.9672,1739334765101.2058
4802,454170112,0,4.0999,0.0924,-1.7184,-1.3566,2.1582,0.947,1739334765111.2073
4803,621942272,0,4.1229,-0.1849,-1.7184,-1.0128,2.2123,0.9269,1739334765121.2087
4804,789714432,0,4.0769,-0.3929,-1.5862,-0.7712,2.1672,0.9,1739334765131.2102
4805,957486592,0,3.8465,-0.5316,-1.5862,-0.6225,1.9595,0.8732,1739334765141.2117
4806,1125258752,0,3.5241,-0.6934,-1.7184,-0.5389,1.6796,0.8396,1739334765151.2131
4807,1293030912,0,3.2246,-0.7165,-1.7184,-0.5203,1.3996,0.8329,1739334765161.2146
4808,1460803072,0,3.0634,-0.7859,-1.7184,-0.4924,1.2281,0.8194,1739334765171.2163
4809,1628575232,0,2.9943,-0.8321,-1.7184,-0.4553,1.1648,0.8329,1739334765181.2178
4810,1796347392,0,3.0173,-0.9246,-1.7184,-0.3902,1.1829,0.8396,1739334765191.2192
4811,1964119552,0,3.0404,-1.0171,-1.7184,-0.3159,1.1919,0.8396,1739334765201.2207
4812,2131891712,0,2.9713,-1.1326,-1.7184,-0.2137,1.1468,0.8261,1739334765211.2222
4813,2299663872,0,2.8791,-1.2251,-1.7184,-0.1393,1.0655,0.8127,1739334765221.2236
4814,2467436032,0,2.7409,-1.2944,-1.8506,-0.1022,0.921,0.8127,1739334765231.225
4815,2635208192,0,2.5567,-1.2944,-1.7184,-0.1207,0.7765,0.7993,1739334765241.2268
4816,2802980352,0,2.4645,-1.2944,-1.8506,-0.1115,0.6772,0.806,1739334765251.2283
4817,2970752512,0,2.5106,-1.3176,-1.7184,-0.0836,0.7224,0.7926,1739334765261.2297
4818,3138524672,0,2.7179,-1.3869,-1.7184,0.0185,0.8578,0.7791,1739334765271.2312
4819,3306296832,0,2.8791,-1.4331,-1.5862,0.1115,1.0204,0.7791,1739334765281.2327
4820,3474068992,0,2.9943,-1.5025,-1.5862,0.223,1.1648,0.7791,1739334765291.2341
4821,3641841152,0,3.0634,-1.595,-1.454,0.3345,1.2371,0.7657,1739334765301.2356
4822,3809613312,0,3.1325,-1.6181,-1.454,0.3902,1.2913,0.759,1739334765311.2373
4823,3977385472,0,3.1095,-1.595,-1.5862,0.3809,1.3003,0.759,1739334765321.2388
4824,4145157632,0,3.1095,-1.5487,-1.454,0.3159,1.3003,0.7858,1739334765331.2402
4825,18028032,0,3.1555,-1.4331,-1.7184,0.2137,1.3274,0.806,1739334765341.2417
4826,185800192,0,3.2016,-1.2944,-1.7184,0.065,1.3996,0.8329,1739334765351.2432
4827,353572352,0,3.2937,-1.0864,-1.8506,-0.1579,1.4267,0.853,1739334765361.2446
4828,521344512,0,3.2477,-0.8321,-1.8506,-0.4553,1.4177,0.8664,1739334765371.246
4829,689116672,0,3.1786,-0.601,-1.9828,-0.7247,1.3454,0.8933,1739334765381.2478
4830,856888832,0,3.1095,-0.3929,-2.115,-0.9477,1.2371,0.9135,1739334765391.2493
4831,1024660992,0,3.1095,-0.2311,-2.115,-1.115,1.1919,0.947,1739334765401.2507
4832,1192433152,0,3.2016,-0.0693,-2.115,-1.2729,1.219,0.9739,1739334765411.2522
4833,1360205312,0,3.3168,0.0924,-2.115,-1.4588,1.3003,1.0008,1739334765421.2537
4834,1527977472,0,3.3859,0.2773,-2.115,-1.626,1.3545,1.0209,1739334765431.2551
4835,1695749632,0,3.4319,0.4392,-2.115,-1.8026,1.3996,1.0209,1739334765441.2566
4836,1863521792,0,3.478,0.601,-2.115,-1.9606,1.4357,1.0276,1739334765451.2583
4837,2031293952,0,3.501,0.7397,-2.115,-2.0628,1.4628,1.0276,1739334765461.2598
4838,2199066112,0,3.5241,0.809,-2.115,-2.1278,1.4809,1.0276,1739334765471.2612
4839,2366838272,0,3.5471,0.8784,-2.2471,-2.1743,1.526,1.0344,1739334765481.2627
4840,2534610432,0,3.6162,0.9477,-2.3793,-2.2486,1.5531,1.0344,1739334765491.2642
4841,2702382592,0,3.6392,1.0171,-2.3793,-2.2765,1.5802,1.0411,1739334765501.2656
4842,2870154752,0,3.6853,1.0171,-2.3793,-2.2858,1.5983,1.0411,1739334765511.267
4843,3037926912,0,3.6623,0.9708,-2.2471,-2.2672,1.5983,1.0344,1739334765521.2688
4844,3205699072,0,3.6162,0.9246,-2.2471,-2.1836,1.5802,1.0276,1739334765531.2703
4845,3373471232,0,3.5701,0.809,-2.2471,-2.0721,1.5441,1.0276,1739334765541.2717
4846,3541243392,0,3.5241,0.6703,-2.2471,-1.9141,1.4809,1.0344,1739334765551.2732
4847,3709015552,0,3.501,0.4854,-2.2471,-1.7747,1.4448,1.0209,1739334765561.2747
4848,3876787712,0,3.4089,0.3236,-2.3793,-1.6818,1.3635,1.0142,1739334765571.2761
4849,4044559872,0,3.2707,0.2542,-2.3793,-1.5982,1.2642,0.9941,1739334765581.2778
4850,4212332032,0,3.1325,0.1618,-2.3793,-1.5424,1.1648,0.9873,1739334765591.2793
4851,85202432,0,3.0173,0.0462,-2.3793,-1.4681,1.0655,0.9873,1739334765601.2808
4852,252974592,0,2.9482,-0.0462,-2.5115,-1.3473,1.0384,0.9873,1739334765611.2822
4853,420746752,0,2.9482,-0.1155,-2.5115,-1.2637,1.0294,0.9739,1739334765621.2837
4854,588518912,0,2.9482,-0.1849,-2.5115,-1.2358,1.0204,0.9672,1739334765631.2852
4855,756291072,0,2.8561,-0.1386,-2.3793,-1.2637,0.9662,0.9672,1739334765641.2866
4856,924063232,0,2.764,-0.0924,-2.5115,-1.3566,0.8849,0.9605,1739334765651.2883
4857,1091835392,0,2.6718,-0.0231,-2.6437,-1.4774,0.8307,0.9672,1739334765661.2898
4858,1259607552,0,2.6488,0.0924,-2.6437,-1.6167,0.8127,0.9806,1739334765671.2913
4859,1427379712,0,2.787,0.1618,-2.5115,-1.7283,0.8849,0.9873,1739334765681.2927
4860,1595151872,0,2.9252,0.2311,-2.5115,-1.7561,1.0113,1.0075,1739334765691.2942
4861,1762924032,0,3.0864,0.208,-2.5115,-1.7468,1.1739,1.0008,1739334765701.2957
4862,1930696192,0,3.2016,0.2311,-2.3793,-1.7004,1.3003,0.9806,1739334765711.297
4863,2098468352,0,3.2707,0.2311,-2.5115,-1.626,1.3816,0.9672,1739334765721.2988
4864,2266240512,0,3.3398,0.208,-2.5115,-1.5889,1.4628,0.947,1739334765731.3003
4865,2434012672,0,3.3628,0.208,-2.3793,-1.561,1.5441,0.9538,1739334765741.3018
4866,2601784832,0,3.455,0.208,-2.3793,-1.561,1.6163,0.9538,1739334765751.3032
4867,2769556992,0,3.478,0.2311,-2.5115,-1.561,1.6615,0.9739,1739334765761.3047
4868,2937329152,0,3.5701,0.2311,-2.2471,-1.5424,1.7337,0.9873,1739334765771.3062
4869,3105101312,0,3.6392,0.2311,-2.2471,-1.496,1.7879,0.9873,1739334765781.3076
4870,3272873472,0,3.6623,0.208,-2.2471,-1.4495,1.8331,0.9806,1739334765791.3093
4871,3440645632,0,3.6162,0.1849,-2.2471,-1.4402,1.806,0.9739,1739334765801.3108
4872,3608417792,0,3.5932,0.1849,-2.2471,-1.4495,1.7608,0.9739,1739334765811.3123
4873,3776189952,0,3.501,0.208,-2.2471,-1.496,1.6976,0.9739,1739334765821.3137
4874,3943962112,0,3.455,0.2311,-2.3793,-1.5145,1.6434,1.0008,1739334765831.3152
4875,4111734272,0,3.501,0.208,-2.3793,-1.5517,1.6525,1.0276,1739334765841.3167
4876,4279506432,0,3.5471,0.2773,-2.2471,-1.6075,1.6886,1.0344,1739334765851.318
4877,152376832,0,3.5701,0.3005,-2.2471,-1.6725,1.6796,1.0478,1739334765861.3198
4878,320148992,0,3.501,0.3698,-2.2471,-1.7468,1.6434,1.0478,1739334765871.3213
4879,487921152,0,3.4089,0.4392,-2.2471,-1.8398,1.5802,1.0411,1739334765881.3228
4880,655693312,0,3.3168,0.5085,-2.2471,-1.9234,1.4719,1.0276,1739334765891.3242
4881,823465472,0,3.3168,0.5316,-2.3793,-1.9791,1.4087,1.0209,1739334765901.3257
4882,991237632,0,3.2707,0.5547,-2.3793,-1.9791,1.4087,1.0142,1739334765911.3271
4883,1159009792,0,3.3628,0.5316,-2.2471,-1.9698,1.4448,1.0209,1739334765921.3286
4884,1326781952,0,3.455,0.5085,-2.2471,-1.8955,1.4899,1.0142,1739334765931.3303
4885,1494554112,0,3.478,0.4623,-2.115,-1.849,1.517,1.0008,1739334765941.3318
4886,1662326272,0,3.455,0.4623,-2.2471,-1.8583,1.4899,1.0008,1739334765951.3333
4887,1830098432,0,3.3628,0.5779,-2.3793,-1.9606,1.4087,1.0276,1739334765961.3347
4888,1997870592,0,3.1786,0.7165,-2.3793,-2.1278,1.2913,1.0411,1739334765971.3362
4889,2165642752,0,2.9943,0.8784,-2.3793,-2.3136,1.1558,1.0545,1739334765981.3376
4890,2333414912,0,2.81,0.9939,-2.2471,-2.4809,1.0204,1.0679,1739334765991.339
4891,2501187072,0,2.7409,1.1095,-2.2471,-2.6203,0.9481,1.0747,1739334766001.3408
4892,2668959232,0,2.7409,1.2251,-2.3793,-2.769,0.9301,1.0747,1739334766011.3423
4893,2836731392,0,2.7179,1.3638,-2.3793,-2.9455,0.903,1.0881,1739334766021.3438
4894,3004503552,0,2.6949,1.5487,-2.5115,-3.1406,0.8398,1.0881,1739334766031.3452
4895,3172275712,0,2.6258,1.6643,-2.5115,-3.3079,0.7585,1.0881,1739334766041.3467
4896,3340047872,0,2.5567,1.7337,-2.5115,-3.3358,0.6772,1.0679,1739334766051.3481
4897,3507820032,0,2.5567,1.7105,-2.5115,-3.3265,0.6501,1.0411,1739334766061.3496
4898,3675592192,0,2.5567,1.7105,-2.5115,-3.3079,0.6772,1.0411,1739334766071.3513
4899,3843364352,0,2.6488,1.7568,-2.5115,-3.3172,0.7585,1.0411,1739334766081.3528
4900,4011136512,0,2.6949,1.803,-2.3793,-3.3636,0.8036,1.0545,1739334766091.3542
4901,4178908672,0,2.7409,1.8492,-2.3793,-3.4101,0.8398,1.0545,1739334766101.3557
4902,51779072,0,2.787,1.8955,-2.3793,-3.4473,0.8849,1.0478,1739334766111.3572
4903,219551232,0,2.8331,1.9417,-2.5115,-3.4658,0.9481,1.0411,1739334766121.3586
4904,387323392,0,2.9252,1.8955,-2.6437,-3.4194,1.0474,1.0276,1739334766131.36
4905,555095552,0,3.0634,1.8492,-2.6437,-3.3358,1.1558,1.0209,1739334766141.3618
4906,722867712,0,3.1555,1.8261,-2.5115,-3.2428,1.2732,1.0142,1739334766151.3633
4907,890639872,0,3.2477,1.7568,-2.3793,-3.215,1.3635,1.0142,1739334766161.3647
4908,1058412032,0,3.2477,1.7799,-2.5115,-3.1685,1.4087,1.0344,1739334766171.3662
4909,1226184192,0,3.2937,1.7799,-2.5115,-3.122,1.4448,1.0344,1739334766181.3677
4910,1393956352,0,3.3168,1.7568,-2.6437,-3.0756,1.499,1.0411,1739334766191.3691
4911,1561728512,0,3.4089,1.7105,-2.5115,-3.0291,1.5712,1.0411,1739334766201.3708
4912,1729500672,0,3.501,1.6643,-2.5115,-3.0013,1.6615,1.0478,1739334766211.3723
4913,1897272832,0,3.5701,1.6874,-2.5115,-3.0291,1.6976,1.0612,1739334766221.3738
4914,2065044992,0,3.5932,1.7799,-2.6437,-3.0663,1.7157,1.0612,1739334766231.3752
4915,2232817152,0,3.5701,1.7799,-2.6437,-3.1406,1.7067,1.0679,1739334766241.3767
4916,2400589312,0,3.5241,1.7799,-2.6437,-3.1406,1.6796,1.0814,1739334766251.3782
4917,2568361472,0,3.5471,1.7568,-2.5115,-3.122,1.6705,1.0747,1739334766261.3796
4918,2736133632,0,3.5241,1.7105,-2.6437,-3.057,1.6705,1.0814,1739334766271.3813
4919,2903905792,0,3.5701,1.6412,-2.5115,-2.9362,1.7067,1.0545,1739334766281.3828
4920,3071677952,0,3.5701,1.5487,-2.5115,-2.8061,1.7337,1.0411,1739334766291.3843
4921,3239450112,0,3.5471,1.41,-2.5115,-2.7039,1.7337,1.0142,1739334766301.3857
4922,3407222272,0,3.5471,1.3407,-2.5115,-2.611,1.7157,0.9941,1739334766311.3872
4923,3574994432,0,3.501,1.2482,-2.5115,-2.5459,1.6886,0.9806,1739334766321.3887
4924,3742766592,0,3.4319,1.1558,-2.5115,-2.4623,1.6705,0.9806,1739334766331.3901
4925,3910538752,0,3.455,1.0633,-2.6437,-2.3508,1.6615,0.9672,1739334766341.3918
4926,4078310912,0,3.501,0.9246,-2.5115,-2.2765,1.7067,0.9605,1739334766351.3933
4927,4246083072,0,3.455,0.8784,-2.5115,-2.2114,1.6705,0.9605,1739334766361.3948
4928,118953472,0,3.4319,0.7859,-2.5115,-2.1371,1.6525,0.9403,1739334766371.3962
4929,286725632,0,3.4319,0.7397,-2.6437,-2.0999,1.6525,0.9403,1739334766381.3977
4930,454497792,0,3.455,0.6934,-2.6437,-2.0349,1.6886,0.947,1739334766391.3992
4931,622269952,0,3.501,0.6472,-2.5115,-2.007,1.7337,0.9538,1739334766401.4006
4932,790042112,0,3.5701,0.6241,-2.5115,-1.9606,1.7789,0.9538,1739334766411.4023
4933,957814272,0,3.5932,0.5547,-2.5115,-1.942,1.7879,0.947,1739334766421.4038
4934,1125586432,0,3.5701,0.5547,-2.5115,-1.942,1.7608,0.9403,1739334766431.4053
4935,1293358592,0,3.478,0.5547,-2.5115,-1.9141,1.7067,0.9336,1739334766441.4067
4936,1461130752,0,3.4089,0.5316,-2.3793,-1.9141,1.6525,0.9202,1739334766451.4082
4937,1628902912,0,3.3859,0.5316,-2.3793,-1.9234,1.6254,0.9067,1739334766461.4097
4938,1796675072,0,3.3628,0.601,-2.3793,-1.9698,1.6073,0.9,1739334766471.4111
4939,1964447232,0,3.3628,0.6472,-2.3793,-2.0628,1.6163,0.8933,1739334766481.4128
4940,2132219392,0,3.3859,0.7397,-2.3793,-2.0906,1.6254,0.8866,1739334766491.4143
4941,2299991552,0,3.4089,0.7628,-2.3793,-2.0999,1.6705,0.8799,1739334766501.4158
4942,2467763712,0,3.478,0.7859,-2.5115,-2.0999,1.7247,0.8866,1739334766511.4172
4943,2635535872,0,3.5471,0.8321,-2.5115,-2.1185,1.7789,0.9,1739334766521.4187
4944,2803308032,0,3.6162,0.8321,-2.5115,-2.1185,1.8602,0.9067,1739334766531.4202
4945,2971080192,0,3.7314,0.8784,-2.5115,-2.0906,1.9324,0.9135,1739334766541.4216
4946,3138852352,0,3.7774,0.8552,-2.6437,-2.0442,2.0046,0.9269,1739334766551.4233
4947,3306624512,0,3.8235,0.8552,-2.5115,-2.0163,2.0317,0.9067,1739334766561.4248
4948,3474396672,0,3.8465,0.8321,-2.5115,-1.9884,2.0498,0.8933,1739334766571.4263
4949,3642168832,0,3.8926,0.809,-2.5115,-1.942,2.0679,0.8866,1739334766581.4277
4950,3809940992,0,3.9387,0.7628,-2.5115,-1.8862,2.104,0.9,1739334766591.4292
4951,3977713152,0,4.0308,0.7397,-2.3793,-1.8305,2.1762,0.9067,1739334766601.4307
4952,4145485312,0,4.169,0.7165,-2.2471,-1.7747,2.2575,0.9,1739334766611.4321
4953,18355712,0,4.192,0.6934,-2.2471,-1.7468,2.3026,0.8933,1739334766621.4338
4954,186127872,0,4.169,0.6472,-2.2471,-1.7004,2.2936,0.8732,1739334766631.4353
4955,353900032,0,4.1229,0.6472,-2.2471,-1.6725,2.2665,0.8597,1739334766641.4368
4956,521672192,0,4.0769,0.6241,-2.2471,-1.626,2.2485,0.853,1739334766651.4382
4957,689444352,0,4.146,0.5547,-2.115,-1.5703,2.2936,0.8396,1739334766661.4397
4958,857216512,0,4.169,0.5085,-2.115,-1.4867,2.3388,0.8396,1739334766671.4412
4959,1024988672,0,4.2842,0.4854,-1.9828,-1.4123,2.4471,0.8396,1739334766681.4426
4960,1192760832,0,4.4454,0.3929,-1.9828,-1.3752,2.5645,0.8329,1739334766691.4443
4961,1360532992,0,4.5376,0.3467,-1.8506,-1.3008,2.6638,0.8194,1739334766701.4458
4962,1528305152,0,4.6067,0.2542,-1.7184,-1.2358,2.7271,0.7926,1739334766711.4473
4963,1696077312,0,4.5836,0.2311,-1.7184,-1.18,2.7451,0.7993,1739334766721.4487
4964,1863849472,0,4.5836,0.1618,-1.5862,-1.1243,2.7632,0.7791,1739334766731.4502
4965,2031621632,0,4.5606,0.1386,-1.5862,-1.0592,2.7812,0.7657,1739334766741.4517
4966,2199393792,0,4.5145,0.0693,-1.3218,-0.9663,2.7993,0.7522,1739334766751.4531
4967,2367165952,0,4.4685,0.0462,-1.3218,-0.8455,2.8264,0.7119,1739334766761.4548
4968,2534938112,0,4.3994,-0.0462,-1.1896,-0.669,2.8535,0.6918,1739334766771.4563
4969,2702710272,0,4.4685,-0.1849,-0.7931,-0.446,2.9438,0.6851,1739334766781.4578
4970,2870482432,0,4.5145,-0.3467,-0.6609,-0.2137,3.0341,0.6851,1739334766791.4592
4971,3038254592,0,4.5606,-0.4623,-0.5287,-0.0185,3.1154,0.6918,1739334766801.4607
4972,3206026752,0,4.6067,-0.5547,-0.2643,0.1115,3.1786,0.6784,1739334766811.4622
4973,3373798912,0,4.5836,-0.6241,0.0,0.2601,3.1876,0.6582,1739334766821.4636
4974,3541571072,0,4.5145,-0.6934,0.1321,0.3438,3.1966,0.6246,1739334766831.4653
4975,3709343232,0,4.4224,-0.7165,0.2643,0.4274,3.1334,0.591,1739334766841.4668
4976,3877115392,0,4.2842,-0.7859,0.5287,0.511,3.0792,0.5575,1739334766851.4683
4977,4044887552,0,4.1229,-0.7859,0.6609,0.5482,3.016,0.5373,1739334766861.4697
4978,4212659712,0,3.8696,-0.7165,0.7931,0.5296,2.8625,0.4769,1739334766871.4712
4979,85530112,0,3.5241,-0.6703,0.9253,0.5296,2.6819,0.4769,1739334766881.4727
4980,253302272,0,3.2707,-0.6472,1.1896,0.5296,2.6006,0.4298,1739334766891.4744
4981,421074432,0,3.0173,-0.7628,1.1896,0.6504,2.4742,0.3895,1739334766901.4758
4982,588846592,0,2.8561,-0.809,1.1896,0.7247,2.411,0.3963,1739334766911.4773
4983,756618752,0,2.787,-0.8321,1.454,0.7712,2.3839,0.3963,1739334766921.4788
4984,924390912,0,2.5797,-0.9015,1.5862,0.8734,2.2123,0.3828,1739334766931.4802
4985,1092163072,0,2.119,-0.7859,1.1896,0.7154,1.7428,0.2955,1739334766941.4817
4986,1259935232,0,1.3359,-0.6472,0.7931,0.5853,1.0926,0.1813,1739334766951.4832
4987,1427707392,0,1.0825,-0.7859,0.7931,0.7526,0.912,0.1276,1739334766961.4849
4988,1595479552,0,0.9904,-0.8784,0.9253,0.8269,0.8578,0.1141,1739334766971.4863
4989,1763251712,0,0.8983,-0.8321,0.6609,0.7991,0.8036,0.094,1739334766981.4878
4990,1931023872,0,0.7831,-0.7628,0.5287,0.7247,0.6772,0.0873,1739334766991.4893
4991,2098796032,0,0.7601,-0.7165,0.5287,0.6968,0.6321,0.0873,1739334767001.4907
4992,2266568192,0,0.714,-0.6472,0.6609,0.6225,0.605,0.0806,1739334767011.4922
4993,2434340352,0,0.6449,-0.5779,0.5287,0.5482,0.5327,0.0873,1739334767021.4937
4994,2602112512,0,0.5758,-0.4854,0.3965,0.4831,0.5056,0.0671,1739334767031.4954
4995,2769884672,0,0.5297,-0.4392,0.2643,0.446,0.4605,0.0738,1739334767041.4968
4996,2937656832,0,0.5067,-0.3929,0.2643,0.4367,0.4153,0.0738,1739334767051.4983
4997,3105428992,0,0.4376,-0.3698,0.1321,0.3995,0.3702,0.0604,1739334767061.4998
4998,3273201152,0,0.2994,-0.3236,0.1321,0.3252,0.2618,0.0537,1739334767071.5012
4999,3440973312,0,0.2303,-0.2773,0.0,0.2044,0.1535,0.0403,1739334767081.5027
5000,3608745472,0,0.1382,-0.1618,-0.1321,0.0743,0.0632,0.0403,1739334767091.5042
5001,3776517632,0,0.1612,-0.0693,-0.2643,-0.0371,0.0541,0.047,1739334767101.5059
5002,3944289792,0,0.1842,-0.0462,-0.2643,-0.0836,0.0722,0.0537,1739334767111.5073
5003,4112061952,0,0.1612,0.0,-0.2643,-0.0929,0.0722,0.047,1739334767121.5088
5004,4279834112,0,0.1842,0.0,-0.2643,-0.1115,0.0722,0.047,1739334767131.5103
5005,152704512,0,0.1612,0.0231,-0.2643,-0.13,0.0812,0.047,1739334767141.5117
5006,320476672,0,0.1842,0.0,-0.2643,-0.13,0.0812,0.0335,1739334767151.5132
5007,488248832,0,0.1612,0.0231,-0.2643,-0.13,0.0812,0.0403,1739334767161.5146
5008,656020992,0,0.1842,0.0231,-0.2643,-0.13,0.0632,0.0403,1739334767171.5164
5009,823793152,0,0.1612,0.0462,-0.1321,-0.1207,0.0722,0.0403,1739334767181.5178
5010,991565312,0,0.1842,0.0,-0.1321,-0.13,0.0722,0.0335,1739334767191.5193
5011,1159337472,0,0.1382,0.0,-0.2643,-0.13,0.0632,0.0403,1739334767201.5208
5012,1327109632,0,0.1382,0.0231,-0.2643,-0.13,0.0632,0.0403,1739334767211.5222
5013,1494881792,0,0.1382,0.0231,-0.2643,-0.13,0.0632,0.0335,1739334767221.5237
5014,1662653952,0,0.1382,0.0462,-0.1321,-0.13,0.0541,0.0335,1739334767231.5251
5015,1830426112,0,0.1612,0.0231,-0.2643,-0.13,0.0541,0.0335,1739334767241.5269
5016,1998198272,0,0.1382,0.0231,-0.2643,-0.13,0.0451,0.0403,1739334767251.5283
5017,2165970432,0,0.1382,0.0462,-0.2643,-0.13,0.0451,0.0335,1739334767261.5298
5018,2333742592,0,0.1612,0.0231,-0.2643,-0.13,0.0451,0.0403,1739334767271.5312
5019,2501514752,0,0.1382,0.0231,-0.2643,-0.13,0.0451,0.0335,1739334767281.5327
5020,2669286912,0,0.1382,0.0,-0.2643,-0.13,0.0451,0.0268,1739334767291.5342
5021,2837059072,0,0.1151,0.0231,-0.1321,-0.1207,0.0361,0.0335,1739334767301.5356
5022,3004831232,0,0.1382,0.0231,-0.1321,-0.1207,0.0451,0.0268,1739334767311.5374
5023,3172603392,0,0.1382,0.0231,-0.1321,-0.1207,0.0361,0.0335,1739334767321.5388
5024,3340375552,0,0.1151,0.0231,-0.1321,-0.1207,0.0361,0.0403,1739334767331.5403
5025,3508147712,0,0.1382,0.0231,-0.1321,-0.1207,0.0361,0.0335,1739334767341.5417
5026,3675919872,0,0.1151,0.0231,-0.1321,-0.1207,0.0361,0.0335,1739334767351.5432
5027,3843692032,0,0.1151,0.0231,-0.2643,-0.1115,0.0361,0.0268,1739334767361.5447
5028,4011464192,0,0.1612,0.0,-0.2643,-0.13,0.0361,0.0268,1739334767371.5461
5029,4179236352,0,0.1382,0.0231,-0.2643,-0.1207,0.0361,0.0335,1739334767381.5479
5030,52106752,0,0.1382,0.0231,-0.2643,-0.13,0.0361,0.0268,1739334767391.5493
5031,219878912,0,0.1382,0.0,-0.2643,-0.13,0.0361,0.0335,1739334767401.5508
5032,387651072,0,0.1151,0.0231,-0.2643,-0.13,0.0361,0.0335,1739334767411.5522
5033,555423232,0,0.1151,0.0231,-0.2643,-0.13,0.0361,0.0268,1739334767421.5537
5034,723195392,0,0.0921,0.0231,-0.1321,-0.1207,0.027,0.0335,1739334767431.5552
5035,890967552,0,0.1151,0.0,-0.2643,-0.13,0.0361,0.0268,1739334767441.5566
5036,1058739712,0,0.0921,0.0231,-0.2643,-0.13,0.0361,0.0335,1739334767451.5583
5037,1226511872,0,0.1151,0.0231,-0.1321,-0.13,0.027,0.0268,1739334767461.5598
5038,1394284032,0,0.1151,0.0231,-0.1321,-0.13,0.027,0.0268,1739334767471.5613
5039,1562056192,0,0.1151,0.0231,-0.1321,-0.1207,0.027,0.0335,1739334767481.5627
5040,1729828352,0,0.1382,0.0231,-0.1321,-0.13,0.027,0.0268,1739334767491.5642
5041,1897600512,0,0.1151,0.0231,-0.2643,-0.1207,0.027,0.0335,1739334767501.5657
5042,2065372672,0,0.0921,0.0231,-0.2643,-0.1207,0.027,0.0335,1739334767511.5674
5043,2233144832,0,0.1151,0.0231,-0.1321,-0.13,0.027,0.0268,1739334767521.5688
5044,2400916992,0,0.1151,0.0231,-0.1321,-0.1207,0.027,0.0268,1739334767531.5703
5045,2568689152,0,0.0921,0.0231,-0.1321,-0.13,0.027,0.0335,1739334767541.5718
5046,2736461312,0,0.1151,0.0231,-0.1321,-0.13,0.027,0.0268,1739334767551.5732
5047,2904233472,0,0.0921,0.0231,-0.2643,-0.1207,0.027,0.0335,1739334767561.5747
5048,3072005632,0,0.0921,0.0231,-0.2643,-0.13,0.018,0.0268,1739334767571.5762
5049,3239777792,0,0.0921,0.0231,-0.2643,-0.1207,0.027,0.0268,1739334767581.578
5050,3407549952,0,0.1151,0.0231,-0.2643,-0.1207,0.027,0.0268,1739334767591.5793
5051,3575322112,0,0.0921,0.0231,-0.2643,-0.1207,0.018,0.0335,1739334767601.5808
5052,3743094272,0,0.1151,0.0231,-0.2643,-0.1207,0.027,0.0201,1739334767611.5823
5053,3910866432,0,0.0921,0.0231,-0.2643,-0.1207,0.018,0.0268,1739334767621.5837
5054,4078638592,0,0.0921,0.0231,-0.2643,-0.1207,0.018,0.0268,1739334767631.5852
5055,4246410752,0,0.0921,0.0231,-0.2643,-0.1207,0.027,0.0201,1739334767641.5867
5056,119281152,0,0.0921,0.0231,-0.2643,-0.1207,0.018,0.0268,1739334767651.5884
5057,287053312,0,0.0921,0.0231,-0.2643,-0.1207,0.018,0.0201,1739334767661.5898
5058,454825472,0,0.1151,0.0,-0.2643,-0.1207,0.018,0.0268,1739334767671.5913
5059,622597632,0,0.0921,0.0462,-0.2643,-0.1207,0.018,0.0268,1739334767681.5928
5060,790369792,0,0.0921,0.0231,-0.2643,-0.1207,0.018,0.0268,1739334767691.5942
5061,958141952,0,0.0921,0.0231,-0.2643,-0.13,0.009,0.0268,1739334767701.5957
5062,1125914112,0,0.0921,0.0462,-0.2643,-0.1207,0.018,0.0268,1739334767711.5972
5063,1293686272,0,0.0921,0.0231,-0.2643,-0.1207,0.018,0.0268,1739334767721.5989
5064,1461458432,0,0.0921,0.0231,-0.2643,-0.1207,0.018,0.0268,1739334767731.6003
5065,1629230592,0,0.0921,0.0462,-0.2643,-0.1207,0.018,0.0201,1739334767741.6018
5066,1797002752,0,0.0921,0.0231,-0.2643,-0.1207,0.018,0.0201,1739334767751.6033
5067,1964774912,0,0.0921,0.0231,-0.2643,-0.1207,0.027,0.0201,1739334767761.6047
5068,2132547072,0,0.1151,0.0462,-0.2643,-0.1207,0.018,0.0201,1739334767771.6062
5069,2300319232,0,0.0921,0.0462,-0.2643,-0.1207,0.018,0.0201,1739334767781.6077
5070,2468091392,0,0.0921,0.0231,-0.2643,-0.1207,0.018,0.0268,1739334767791.6094
5071,2635863552,0,0.0921,0.0231,-0.2643,-0.1207,0.018,0.0201,1739334767801.6108
5072,2803635712,0,0.0921,0.0231,-0.2643,-0.1207,0.018,0.0268,1739334767811.6123
5073,2971407872,0,0.0921,0.0231,-0.3965,-0.1115,0.027,0.0201,1739334767821.6138
5074,3139180032,0,0.0921,0.0231,-0.2643,-0.1115,0.018,0.0201,1739334767831.6152
5075,3306952192,0,0.0691,0.0231,-0.3965,-0.1115,0.027,0.0268,1739334767841.6167
5076,3474724352,0,0.1151,0.0,-0.3965,-0.1115,0.027,0.0268,1739334767851.6182
5077,3642496512,0,0.0691,0.0,-0.2643,-0.1115,0.018,0.0268,1739334767861.6199
5078,3810268672,0,0.0921,0.0231,-0.3965,-0.13,0.009,0.0201,1739334767871.6213
5079,3978040832,0,0.0921,0.0,-0.3965,-0.1115,0.027,0.0201,1739334767881.6228
5080,4145812992,0,0.0691,0.0231,-0.2643,-0.1115,0.018,0.0268,1739334767891.6243
5081,18683392,0,0.0691,0.0462,-0.2643,-0.1207,0.027,0.0201,1739334767901.6257
5082,186455552,0,0.0921,0.0231,-0.2643,-0.1207,0.018,0.0201,1739334767911.6272
5083,354227712,0,0.0921,0.0231,-0.2643,-0.1207,0.027,0.0201,1739334767921.6287
5084,521999872,0,0.0691,0.0231,-0.2643,-0.1207,0.018,0.0268,1739334767931.6304
5085,689772032,0,0.0691,0.0231,-0.2643,-0.13,0.018,0.0201,1739334767941.6318
5086,857544192,0,0.0691,0.0231,-0.2643,-0.1207,0.018,0.0268,1739334767951.6333
5087,1025316352,0,0.0921,0.0,-0.3965,-0.1115,0.027,0.0134,1739334767961.6348
5088,1193088512,0,0.0921,0.0,-0.3965,-0.1115,0.027,0.0201,1739334767971.6362
5089,1360860672,0,0.0921,0.0,-0.3965,-0.1115,0.027,0.0201,1739334767981.6377
5090,1528632832,0,0.0691,0.0231,-0.2643,-0.1207,0.027,0.0268,1739334767991.6392
5091,1696404992,0,0.0921,0.0231,-0.3965,-0.1115,0.027,0.0201,1739334768001.6409
5092,1864177152,0,0.0921,0.0231,-0.2643,-0.1207,0.018,0.0201,1739334768011.6423
5093,2031949312,0,0.0921,0.0462,-0.2643,-0.1207,0.018,0.0268,1739334768021.6438
5094,2199721472,0,0.0921,0.0,-0.2643,-0.1207,0.018,0.0268,1739334768031.6453
5095,2367493632,0,0.0691,0.0231,-0.2643,-0.1207,0.018,0.0335,1739334768041.6467
5096,2535265792,0,0.0691,0.0231,-0.2643,-0.13,0.018,0.0201,1739334768051.6482
5097,2703037952,0,0.0691,0.0,-0.2643,-0.1115,0.018,0.0201,1739334768061.6497
5098,2870810112,0,0.0921,0.0231,-0.2643,-0.1022,0.009,0.0201,1739334768071.6514
5099,3038582272,0,0.0691,0.0,-0.2643,-0.13,0.018,0.0201,1739334768081.6528
5100,3206354432,0,0.0691,-0.0231,-0.2643,-0.1207,0.027,0.0268,1739334768091.6543
5101,3374126592,0,0.0691,0.0,-0.3965,-0.1115,0.027,0.0268,1739334768101.6558
5102,3541898752,0,0.0921,0.0,-0.2643,-0.1115,0.018,0.0201,1739334768111.6572
5103,3709670912,0,0.0691,0.0,-0.3965,-0.1115,0.027,0.0268,1739334768121.6587
5104,3877443072,0,0.0691,0.0462,-0.2643,-0.1207,0.018,0.0268,1739334768131.6602
5105,4045215232,0,0.0691,0.0231,-0.2643,-0.1207,0.018,0.0268,1739334768141.6619
5106,4212987392,0,0.0691,0.0231,-0.2643,-0.13,0.018,0.0201,1739334768151.6633
5107,85857792,0,0.0691,0.0231,-0.2643,-0.1115,0.018,0.0201,1739334768161.6648
5108,253629952,0,0.0691,0.0,-0.2643,-0.1207,0.018,0.0268,1739334768171.6663
5109,421402112,0,0.0691,0.0,-0.2643,-0.1207,0.018,0.0268,1739334768181.6677
5110,589174272,0,0.0691,0.0231,-0.2643,-0.1115,0.018,0.0201,1739334768191.6692
5111,756946432,0,0.0921,0.0231,-0.2643,-0.1115,0.018,0.0201,1739334768201.671
5112,924718592,0,0.0921,0.0231,-0.2643,-0.1115,0.018,0.0201,1739334768211.6724
5113,1092490752,0,0.0921,0.0231,-0.3965,-0.1115,0.027,0.0134,1739334768221.6738
5114,1260262912,0,0.046,0.0231,-0.3965,-0.13,0.009,0.0134,1739334768231.6753
5115,1428035072,0,0.046,0.0231,-0.3965,-0.1207,0.009,0.0268,1739334768241.6768
5116,1595807232,0,0.0691,0.0462,-0.2643,-0.1115,0.018,0.0268,1739334768251.6782
5117,1763579392,0,0.0691,0.0231,-0.2643,-0.1115,0.018,0.0201,1739334768261.6797
5118,1931351552,0,0.0691,0.0231,-0.3965,-0.1207,0.009,0.0268,1739334768271.6814
5119,2099123712,0,0.0691,0.0,-0.3965,-0.1207,0.009,0.0268,1739334768281.6829
5120,2266895872,0,0.0691,0.0,-0.3965,-0.1207,0.009,0.0268,1739334768291.6843
5121,2434668032,0,0.0691,0.0,-0.2643,-0.1115,0.018,0.0201,1739334768301.6858
5122,2602440192,0,0.0691,0.0,-0.2643,-0.1115,0.018,0.0201,1739334768311.6873
5123,2770212352,0,0.0691,0.0231,-0.1321,-0.1115,0.018,0.0201,1739334768321.6887
5124,2937984512,0,0.0691,0.0,-0.2643,-0.1115,0.009,0.0201,1739334768331.6902
5125,3105756672,0,0.0921,0.0,-0.2643,-0.1022,0.018,0.0201,1739334768341.692
5126,3273528832,0,0.0691,0.0,-0.2643,-0.1207,0.018,0.0268,1739334768351.6934
5127,3441300992,0,0.0921,0.0231,-0.2643,-0.1207,0.018,0.0268,1739334768361.6948
5128,3609073152,0,0.0921,0.0,-0.2643,-0.1022,0.018,0.0201,1739334768371.6963
5129,3776845312,0,0.0691,0.0231,-0.2643,-0.1207,0.018,0.0134,1739334768381.6978
5130,3944617472,0,0.0921,0.0231,-0.2643,-0.1115,0.018,0.0201,1739334768391.6992
5131,4112389632,0,0.0691,0.0462,-0.3965,-0.13,0.009,0.0201,1739334768401.7007
5132,4280161792,0,0.0691,0.0231,-0.2643,-0.1115,0.009,0.0201,1739334768411.7024
5133,153032192,0,0.0921,0.0,-0.2643,-0.1115,0.018,0.0201,1739334768421.7039
5134,320804352,0,0.0691,0.0231,-0.2643,-0.1115,0.018,0.0201,1739334768431.7053
5135,488576512,0,0.0921,0.0231,-0.2643,-0.1207,0.018,0.0134,1739334768441.7068
5136,656348672,0,0.0691,0.0462,-0.2643,-0.1207,0.0,0.0201,1739334768451.7083
5137,824120832,0,0.0691,0.0462,-0.2643,-0.1207,0.0,0.0134,1739334768461.7097
5138,991892992,0,0.0691,0.0,-0.2643,-0.13,0.018,0.0201,1739334768471.7112
5139,1159665152,0,0.0691,0.0231,-0.2643,-0.1207,0.0,0.0201,1739334768481.713
5140,1327437312,0,0.0691,0.0,-0.3965,-0.1207,0.009,0.0134,1739334768491.7144
5141,1495209472,0,0.0691,0.0231,-0.3965,-0.13,0.009,0.0134,1739334768501.7158
5142,1662981632,0,0.0691,0.0231,-0.2643,-0.1207,0.018,0.0134,1739334768511.7173
5143,1830753792,0,0.0691,0.0231,-0.2643,-0.1115,0.018,0.0201,1739334768521.7188
5144,1998525952,0,0.0691,0.0231,-0.2643,-0.1207,0.018,0.0134,1739334768531.7202
5145,2166298112,0,0.0691,0.0,-0.2643,-0.1207,0.018,0.0268,1739334768541.7217
5146,2334070272,0,0.0691,0.0231,-0.2643,-0.1115,0.018,0.0268,1739334768551.7234
5147,2501842432,0,0.0691,0.0231,-0.2643,-0.1115,0.018,0.0335,1739334768561.7249
5148,2669614592,0,0.0921,0.0231,-0.2643,-0.1022,0.009,0.0268,1739334768571.7263
5149,2837386752,0,0.0691,0.0462,-0.2643,-0.1022,0.009,0.0201,1739334768581.7278
5150,3005158912,0,0.0691,0.0231,-0.2643,-0.1115,0.009,0.0268,1739334768591.7292
5151,3172931072,0,0.0691,0.0231,-0.2643,-0.1022,0.009,0.0201,1739334768601.7307
5152,3340703232,0,0.0691,0.0231,-0.3965,-0.13,0.009,0.0201,1739334768611.7322
5153,3508475392,0,0.0691,0.0,-0.2643,-0.1115,0.018,0.0201,1739334768621.734
5154,3676247552,0,0.046,0.0231,-0.3965,-0.13,0.009,0.0201,1739334768631.7354
5155,3844019712,0,0.046,0.0231,-0.2643,-0.1115,0.018,0.0201,1739334768641.7368
5156,4011791872,0,0.0691,0.0231,-0.2643,-0.1115,0.018,0.0201,1739334768651.7383
5157,4179564032,0,0.0691,0.0231,-0.2643,-0.1207,0.018,0.0134,1739334768661.7397
5158,52434432,0,0.0921,0.0231,-0.3965,-0.1022,0.018,0.0134,1739334768671.7412
5159,220206592,0,0.0691,0.0231,-0.3965,-0.1022,0.018,0.0201,1739334768681.7427
5160,387978752,0,0.0691,0.0231,-0.3965,-0.13,0.009,0.0134,1739334768691.7444
5161,555750912,0,0.046,0.0231,-0.3965,-0.1207,0.009,0.0134,1739334768701.7458
5162,723523072,0,0.0691,0.0231,-0.3965,-0.13,0.009,0.0134,1739334768711.7473
5163,891295232,0,0.0691,0.0231,-0.2643,-0.1207,0.0,0.0134,1739334768721.7488
5164,1059067392,0,0.046,0.0462,-0.2643,-0.1022,0.009,0.0201,1739334768731.7502
5165,1226839552,0,0.046,0.0,-0.2643,-0.1115,0.018,0.0201,1739334768741.7517
5166,1394611712,0,0.0691,0.0231,-0.2643,-0.1022,0.009,0.0268,1739334768751.7532
5167,1562383872,0,0.0691,0.0231,-0.2643,-0.1115,0.0,0.0268,1739334768761.755
5168,1730156032,0,0.046,0.0231,-0.2643,-0.1207,0.009,0.0201,1739334768771.7563
5169,1897928192,0,0.0691,0.0,-0.1321,-0.1115,0.018,0.0201,1739334768781.7578
5170,2065700352,0,0.0691,0.0,-0.2643,-0.1115,0.009,0.0134,1739334768791.7593
5171,2233472512,0,0.0691,0.0231,-0.2643,-0.1022,0.009,0.0201,1739334768801.7607
5172,2401244672,0,0.0691,0.0,-0.2643,-0.1115,0.009,0.0134,1739334768811.7622
5173,2569016832,0,0.0691,0.0231,-0.2643,-0.1115,0.009,0.0134,1739334768821.764
5174,2736788992,0,0.0691,0.0462,-0.2643,-0.1022,0.018,0.0134,1739334768831.7654
5175,2904561152,0,0.0691,0.0231,-0.2643,-0.1115,0.009,0.0201,1739334768841.7668
5176,3072333312,0,0.0691,0.0231,-0.2643,-0.1022,0.009,0.0201,1739334768851.7683
5177,3240105472,0,0.046,0.0231,-0.2643,-0.1022,0.009,0.0201,1739334768861.7698
5178,3407877632,0,0.0691,0.0231,-0.2643,-0.1115,0.009,0.0134,1739334768871.7712
5179,3575649792,0,0.0691,0.0231,-0.2643,-0.1022,0.009,0.0268,1739334768881.7727
5180,3743421952,0,0.0691,0.0231,-0.2643,-0.1022,0.009,0.0201,1739334768891.7744
5181,3911194112,0,0.0691,0.0231,-0.2643,-0.1022,0.009,0.0268,1739334768901.776
5182,4078966272,0,0.0691,0.0231,-0.2643,-0.1022,0.009,0.0201,1739334768911.7773
5183,4246738432,0,0.046,0.0231,-0.2643,-0.1115,0.009,0.0134,1739334768921.7788
5184,119608832,0,0.0691,0.0,-0.2643,-0.1115,0.009,0.0201,1739334768931.7803
5185,287380992,0,0.046,0.0231,-0.2643,-0.1115,0.0,0.0201,1739334768941.7817
5186,455153152,0,0.046,0.0,-0.2643,-0.1022,0.018,0.0201,1739334768951.7832
5187,622925312,0,0.046,0.0231,-0.1321,-0.1115,0.0,0.0268,1739334768961.785
5188,790697472,0,0.046,0.0231,-0.1321,-0.1115,0.009,0.0268,1739334768971.7864
5189,958469632,0,0.0691,0.0,-0.2643,-0.1022,0.018,0.0201,1739334768981.7878
5190,1126241792,0,0.046,0.0231,-0.2643,-0.1115,0.009,0.0134,1739334768991.7893
5191,1294013952,0,0.0691,0.0231,-0.2643,-0.0929,0.009,0.0134,1739334769001.7908
5192,1461786112,0,0.0691,0.0231,-0.2643,-0.1115,0.009,0.0134,1739334769011.7922
5193,1629558272,0,0.0691,0.0,-0.2643,-0.1115,0.009,0.0134,1739334769021.7937
5194,1797330432,0,0.046,0.0462,-0.2643,-0.1022,0.0,0.0201,1739334769031.7954
5195,1965102592,0,0.046,0.0231,-0.3965,-0.1022,0.0,0.0201,1739334769041.7969
5196,2132874752,0,0.046,0.0,-0.2643,-0.1022,0.009,0.0201,1739334769051.7983
5197,2300646912,0,0.0691,0.0,-0.2643,-0.1022,0.009,0.0201,1739334769061.7998
5198,2468419072,0,0.0691,0.0231,-0.2643,-0.1022,0.009,0.0201,1739334769071.8013
5199,2636191232,0,0.023,0.0231,-0.2643,-0.1022,0.009,0.0201,1739334769081.8027
5200,2803963392,0,0.0691,0.0231,-0.2643,-0.1022,0.009,0.0268,1739334769091.8042
5201,2971735552,0,0.046,0.0231,-0.2643,-0.1022,0.009,0.0201,1739334769101.806
5202,3139507712,0,0.046,0.0,-0.2643,-0.1022,0.009,0.0201,1739334769111.8074
5203,3307279872,0,0.0691,0.0231,-0.2643,-0.1115,0.0,0.0268,1739334769121.8088
5204,3475052032,0,0.0691,0.0,-0.2643,-0.0929,0.009,0.0201,1739334769131.8103
5205,3642824192,0,0.0691,0.0231,-0.2643,-0.1022,0.009,0.0201,1739334769141.8118
5206,3810596352,0,0.046,0.0231,-0.3965,-0.1022,0.0,0.0201,1739334769151.8132
5207,3978368512,0,0.046,0.0231,-0.2643,-0.1022,0.009,0.0201,1739334769161.8147
5208,4146140672,0,0.0921,0.0231,-0.2643,-0.1115,0.009,0.0134,1739334769171.8164
5209,19011072,0,0.0691,0.0231,-0.2643,-0.1022,0.009,0.0201,1739334769181.8179
5210,186783232,0,0.046,0.0462,-0.1321,-0.1022,0.009,0.0268,1739334769191.8193
5211,354555392,0,0.0691,0.0,-0.2643,-0.1115,0.009,0.0134,1739334769201.8208
5212,522327552,0,0.0691,0.0,-0.2643,-0.1022,0.009,0.0201,1739334769211.8223
5213,690099712,0,0.023,0.0231,-0.2643,-0.1115,0.0,0.0268,1739334769221.8237
5214,857871872,0,0.023,0.0231,-0.2643,-0.1022,0.009,0.0268,1739334769231.8252
5215,1025644032,0,0.0691,0.0,-0.2643,-0.1115,0.009,0.0134,1739334769241.827
5216,1193416192,0,0.046,0.0231,-0.2643,-0.1115,0.009,0.0134,1739334769251.8284
5217,1361188352,0,0.0691,0.0,-0.2643,-0.1022,0.018,0.0134,1739334769261.8298
5218,1528960512,0,0.0691,0.0,-0.1321,-0.1115,0.009,0.0134,1739334769271.8313
5219,1696732672,0,0.0691,0.0,-0.2643,-0.1115,0.018,0.0067,1739334769281.8328
5220,1864504832,0,0.023,0.0231,-0.2643,-0.1115,0.0,0.0201,1739334769291.8342
5221,2032276992,0,0.046,0.0231,-0.2643,-0.1115,0.0,0.0134,1739334769301.8357
5222,2200049152,0,0.046,0.0231,-0.2643,-0.1115,0.009,0.0134,1739334769311.8374
5223,2367821312,0,0.046,0.0231,-0.2643,-0.1115,0.0,0.0134,1739334769321.8389
5224,2535593472,0,0.0691,0.0,-0.1321,-0.1115,0.0,0.0268,1739334769331.8403
5225,2703365632,0,0.046,0.0231,-0.1321,-0.1207,0.009,0.0201,1739334769341.8418
5226,2871137792,0,0.0691,0.0231,-0.2643,-0.1022,0.0,0.0201,1739334769351.8433
5227,3038909952,0,0.0921,0.0231,-0.2643,-0.1115,0.009,0.0067,1739334769361.8447
5228,3206682112,0,0.046,0.0,-0.2643,-0.1115,0.0,0.0201,1739334769371.8462
5229,3374454272,0,0.0691,0.0,-0.2643,-0.0929,0.009,0.0201,1739334769381.848
5230,3542226432,0,0.0691,0.0231,-0.1321,-0.1022,0.009,0.0201,1739334769391.8494
5231,3709998592,0,0.0691,0.0,-0.2643,-0.1115,0.018,0.0067,1739334769401.8508
5232,3877770752,0,0.0691,0.0231,-0.2643,-0.1022,0.018,0.0201,1739334769411.8523
5233,4045542912,0,0.0691,0.0231,-0.1321,-0.1115,0.009,0.0134,1739334769421.8538
5234,4213315072,0,0.0691,0.0231,-0.2643,-0.1115,0.018,0.0067,1739334769431.8552
5235,86185472,0,0.046,0.0231,-0.2643,-0.0929,0.009,0.0201,1739334769441.8567
5236,253957632,0,0.0691,0.0,-0.2643,-0.1022,0.018,0.0201,1739334769451.8584
5237,421729792,0,0.023,0.0231,-0.2643,-0.1115,0.0,0.0201,1739334769461.8599
5238,589501952,0,0.0921,0.0,-0.2643,-0.1022,0.0,0.0201,1739334769471.8613
5239,757274112,0,0.0691,0.0231,-0.2643,-0.1022,0.0,0.0201,1739334769481.8628
5240,925046272,0,0.046,0.0231,-0.2643,-0.1022,0.009,0.0201,1739334769491.8643
5241,1092818432,0,0.046,0.0,-0.2643,-0.1022,0.0,0.0268,1739334769501.8657
5242,1260590592,0,0.046,0.0231,-0.2643,-0.1115,0.0,0.0201,1739334769511.8674
5243,1428362752,0,0.046,0.0231,-0.2643,-0.1115,0.0,0.0201,1739334769521.869
5244,1596134912,0,0.046,0.0231,-0.2643,-0.1115,0.0,0.0134,1739334769531.8704
5245,1763907072,0,0.023,0.0231,-0.2643,-0.1022,0.0,0.0268,1739334769541.8718
5246,1931679232,0,0.046,0.0231,-0.1321,-0.1115,0.009,0.0268,1739334769551.8733
5247,2099451392,0,0.046,0.0,-0.2643,-0.1115,0.0,0.0134,1739334769561.8748
5248,2267223552,0,0.0921,0.0,-0.2643,-0.1115,0.0,0.0134,1739334769571.8762
5249,2434995712,0,0.046,0.0231,-0.2643,-0.0929,0.009,0.0134,1739334769581.878
5250,2602767872,0,0.0691,0.0,-0.2643,-0.0929,0.009,0.0201,1739334769591.8794
5251,2770540032,0,0.046,0.0231,-0.3965,-0.1115,0.0,0.0134,1739334769601.8809
5252,2938312192,0,0.0691,0.0,-0.2643,-0.1022,0.0,0.0201,1739334769611.8823
5253,3106084352,0,0.046,0.0231,-0.1321,-0.1022,0.009,0.0201,1739334769621.8838
5254,3273856512,0,0.0691,0.0,-0.1321,-0.1115,0.009,0.0134,1739334769631.8853
5255,3441628672,0,0.046,0.0231,-0.2643,-0.1022,0.009,0.0201,1739334769641.8867
5256,3609400832,0,0.0691,0.0231,-0.2643,-0.1022,0.0,0.0134,1739334769651.8884
5257,3777172992,0,0.046,0.0231,-0.2643,-0.1022,0.009,0.0201,1739334769661.89
5258,3944945152,0,0.046,0.0,-0.1321,-0.1115,0.009,0.0134,1739334769671.8914
5259,4112717312,0,0.023,0.0462,-0.2643,-0.1115,0.0,0.0201,1739334769681.8928
5260,4280489472,0,0.046,0.0231,-0.2643,-0.1022,0.0,0.0268,1739334769691.8943
5261,153359872,0,0.046,0.0,-0.2643,-0.1115,0.0,0.0134,1739334769701.8958
5262,321132032,0,0.023,0.0231,-0.2643,-0.1115,0.0,0.0201,1739334769711.8972
5263,488904192,0,0.046,0.0,-0.2643,-0.1022,0.009,0.0201,1739334769721.899
5264,656676352,0,0.046,0.0,-0.2643,-0.1115,0.0,0.0201,1739334769731.9004
5265,824448512,0,0.023,0.0231,-0.2643,-0.1022,0.0,0.0268,1739334769741.9019
5266,992220672,0,0.0691,0.0231,-0.2643,-0.1022,0.009,0.0201,1739334769751.9033
5267,1159992832,0,0.046,0.0231,-0.2643,-0.0929,0.009,0.0134,1739334769761.9048
5268,1327764992,0,0.046,0.0231,-0.2643,-0.1115,0.0,0.0134,1739334769771.9062
5269,1495537152,0,0.0691,0.0,-0.2643,-0.1115,0.009,0.0134,1739334769781.9077
5270,1663309312,0,0.046,0.0231,-0.2643,-0.1022,0.009,0.0201,1739334769791.9094
5271,1831081472,0,0.046,0.0231,-0.2643,-0.0929,0.009,0.0134,1739334769801.911
5272,1998853632,0,0.046,0.0231,-0.2643,-0.1022,0.009,0.0201,1739334769811.9124
5273,2166625792,0,0.046,0.0,-0.2643,-0.1022,0.009,0.0134,1739334769821.9138
5274,2334397952,0,0.0691,0.0,-0.2643,-0.1022,0.0,0.0201,1739334769831.9153
5275,2502170112,0,0.046,0.0231,-0.1321,-0.1115,0.009,0.0134,1739334769841.9167
5276,2669942272,0,0.046,0.0,-0.2643,-0.1115,0.0,0.0134,1739334769851.9182
5277,2837714432,0,0.046,0.0231,-0.3965,-0.1022,0.0,0.0201,1739334769861.92
5278,3005486592,0,0.046,0.0231,-0.2643,-0.1115,0.0,0.0134,1739334769871.9214
5279,3173258752,0,0.046,0.0231,-0.2643,-0.1115,0.0,0.0201,1739334769881.9229
5280,3341030912,0,0.046,0.0,-0.1321,-0.1115,0.009,0.0134,1739334769891.9243
5281,3508803072,0,0.046,0.0231,-0.2643,-0.1115,0.0,0.0134,1739334769901.9258
5282,3676575232,0,0.0691,0.0,-0.2643,-0.1115,0.0,0.0067,1739334769911.9272
5283,3844347392,0,0.0691,0.0,-0.2643,-0.1115,0.0,0.0134,1739334769921.9287
5284,4012119552,0,0.046,0.0231,-0.1321,-0.1022,0.009,0.0201,1739334769931.9304
5285,4179891712,0,0.046,0.0,-0.1321,-0.1115,0.009,0.0134,1739334769941.932
5286,52762112,0,0.046,0.0231,-0.2643,-0.1022,0.0,0.0134,1739334769951.9333
5287,220534272,0,0.046,0.0231,-0.1321,-0.1115,0.009,0.0134,1739334769961.9348
5288,388306432,0,0.0691,0.0231,-0.1321,-0.1115,0.009,0.0134,1739334769971.9363
5289,556078592,0,0.023,0.0231,-0.1321,-0.0929,0.009,0.0268,1739334769981.9377
5290,723850752,0,0.046,0.0,-0.1321,-0.1115,0.009,0.0134,1739334769991.9392
5291,891622912,0,0.046,0.0231,-0.1321,-0.1022,0.009,0.0134,1739334770001.941
5292,1059395072,0,0.046,0.0231,-0.1321,-0.1115,0.009,0.0067,1739334770011.9424
5293,1227167232,0,0.046,0.0231,-0.1321,-0.0929,0.009,0.0201,1739334770021.9438
5294,1394939392,0,0.046,0.0,-0.2643,-0.1115,0.0,0.0134,1739334770031.9453
5295,1562711552,0,0.046,0.0231,-0.1321,-0.1115,0.009,0.0134,1739334770041.9468
5296,1730483712,0,0.046,0.0231,-0.2643,-0.0929,0.0,0.0201,1739334770051.9482
5297,1898255872,0,0.046,0.0231,-0.2643,-0.1022,0.009,0.0067,1739334770061.9497
5298,2066028032,0,0.046,0.0231,-0.1321,-0.0929,0.0,0.0201,1739334770071.9514
5299,2233800192,0,0.0691,0.0231,-0.1321,-0.0929,0.009,0.0134,1739334770081.953
5300,2401572352,0,0.046,0.0,-0.1321,-0.1022,0.0,0.0134,1739334770091.9543
5301,2569344512,0,0.046,0.0,-0.2643,-0.1022,0.0,0.0134,1739334770101.9558
5302,2737116672,0,0.046,0.0231,-0.2643,-0.0929,0.009,0.0201,1739334770111.9573
5303,2904888832,0,0.046,0.0,-0.1321,-0.1022,0.009,0.0201,1739334770121.9587
5304,3072660992,0,0.0691,0.0,-0.1321,-0.1115,0.009,0.0134,1739334770131.9602
5305,3240433152,0,0.0691,0.0231,-0.1321,-0.0929,0.009,0.0134,1739334770141.962
5306,3408205312,0,0.0691,0.0,-0.1321,-0.1115,0.009,0.0134,1739334770151.9634
5307,3575977472,0,0.023,0.0231,-0.2643,-0.1115,0.0,0.0201,1739334770161.9648
5308,3743749632,0,0.0691,0.0231,-0.2643,-0.0836,0.0,0.0134,1739334770171.9663
5309,3911521792,0,0.046,0.0231,-0.1321,-0.0929,0.009,0.0201,1739334770181.9678
5310,4079293952,0,0.0691,0.0231,-0.1321,-0.0929,0.009,0.0134,1739334770191.9692
5311,4247066112,0,0.046,0.0231,-0.1321,-0.0929,0.009,0.0201,1739334770201.971
5312,119936512,0,0.046,0.0,-0.1321,-0.0929,0.009,0.0201,1739334770211.9724
5313,287708672,0,0.0691,0.0,-0.1321,-0.0929,0.009,0.0201,1739334770221.9739
5314,455480832,0,0.0691,0.0,-0.1321,-0.0929,0.009,0.0134,1739334770231.9753
5315,623252992,0,0.046,0.0231,-0.1321,-0.1022,0.009,0.0134,1739334770241.9768
5316,791025152,0,0.046,0.0231,-0.1321,-0.1022,0.009,0.0134,1739334770251.9783
5317,958797312,0,0.046,0.0231,-0.1321,-0.0836,0.009,0.0134,1739334770261.9797
5318,1126569472,0,0.0921,0.0231,-0.1321,-0.0929,0.009,0.0134,1739334770271.9814
5319,1294341632,0,0.046,0.0231,-0.2643,-0.0836,0.0,0.0134,1739334770281.983
5320,1462113792,0,0.046,0.0231,-0.1321,-0.1022,0.009,0.0134,1739334770291.9844
5321,1629885952,0,0.0691,0.0,-0.1321,-0.1022,0.009,0.0067,1739334770301.9858
5322,1797658112,0,0.0691,0.0,-0.1321,-0.0929,0.009,0.0134,1739334770311.9873
5323,1965430272,0,0.046,0.0231,-0.1321,-0.1022,0.009,0.0134,1739334770321.9888
5324,2133202432,0,0.0691,0.0,-0.1321,-0.0929,0.009,0.0268,1739334770331.9902
5325,2300974592,0,0.0691,0.0,-0.1321,-0.0929,0.009,0.0134,1739334770341.992
5326,2468746752,0,0.0691,0.0,-0.1321,-0.0929,0.009,0.0134,1739334770351.9934
5327,2636518912,0,0.023,0.0231,-0.1321,-0.0836,0.009,0.0134,1739334770361.9949
5328,2804291072,0,0.0691,0.0,-0.2643,-0.0929,0.009,0.0134,1739334770371.9963
5329,2972063232,0,0.046,0.0231,-0.1321,-0.0836,0.009,0.0134,1739334770381.9978
5330,3139835392,0,0.023,0.0231,-0.1321,-0.0836,0.009,0.0134,1739334770391.9993
5331,3307607552,0,0.046,0.0,-0.1321,-0.0836,0.009,0.0201,1739334770402.0007
5332,3475379712,0,0.046,0.0462,-0.1321,-0.0836,0.009,0.0134,1739334770412.0024
5333,3643151872,0,0.046,0.0231,-0.1321,-0.1022,0.0,0.0134,1739334770422.004
5334,3810924032,0,0.046,0.0231,-0.1321,-0.0836,0.009,0.0134,1739334770432.0054
5335,3978696192,0,0.046,0.0,-0.2643,-0.1022,0.009,0.0134,1739334770442.0068
5336,4146468352,0,0.046,0.0,-0.1321,-0.0929,0.009,0.0201,1739334770452.0083
5337,19338752,0,0.046,0.0231,-0.1321,-0.1022,0.0,0.0134,1739334770462.0098
5338,187110912,0,0.046,0.0231,0.0,-0.0836,0.0,0.0201,1739334770472.0112
5339,354883072,0,0.046,0.0231,0.0,-0.1022,0.0,0.0134,1739334770482.013
5340,522655232,0,0.0691,0.0,-0.1321,-0.1022,0.0,0.0134,1739334770492.0144
5341,690427392,0,0.046,0.0,-0.1321,-0.1022,0.009,0.0067,1739334770502.0159
5342,858199552,0,0.0691,0.0,-0.1321,-0.0929,0.009,0.0134,1739334770512.0173
5343,1025971712,0,0.046,0.0231,-0.1321,-0.1022,0.0,0.0134,1739334770522.0188
5344,1193743872,0,0.046,0.0,0.0,-0.0836,0.0,0.0134,1739334770532.0203
5345,1361516032,0,0.023,0.0231,0.0,-0.0836,0.0,0.0201,1739334770542.0217
5346,1529288192,0,0.046,0.0,-0.1321,-0.1022,0.009,0.0134,1739334770552.0234
5347,1697060352,0,0.046,0.0231,-0.1321,-0.0929,0.009,0.0201,1739334770562.025
5348,1864832512,0,0.0691,0.0231,-0.1321,-0.1022,0.0,0.0134,1739334770572.0264
5349,2032604672,0,0.0691,0.0,-0.1321,-0.0836,0.009,0.0134,1739334770582.0278
5350,2200376832,0,0.046,0.0231,-0.1321,-0.0836,0.0,0.0134,1739334770592.0293
5351,2368148992,0,0.046,0.0231,-0.1321,-0.0836,0.009,0.0134,1739334770602.0308
5352,2535921152,0,0.0691,0.0,-0.1321,-0.0836,0.009,0.0134,1739334770612.0322
5353,2703693312,0,0.046,0.0231,-0.1321,-0.0836,0.009,0.0134,1739334770622.034
5354,2871465472,0,0.023,0.0,0.0,-0.0836,0.0,0.0134,1739334770632.0354
5355,3039237632,0,0.046,0.0231,-0.1321,-0.1022,0.0,0.0134,1739334770642.0369
5356,3207009792,0,0.046,0.0231,-0.1321,-0.1022,0.009,0.0134,1739334770652.0383
5357,3374781952,0,0.046,0.0,-0.1321,-0.1022,0.009,0.0134,1739334770662.0398
5358,3542554112,0,0.0691,0.0231,-0.1321,-0.1022,0.0,0.0067,1739334770672.0413
5359,3710326272,0,0.046,0.0231,-0.1321,-0.0929,0.009,0.0,1739334770682.0427
5360,3878098432,0,0.046,0.0,-0.1321,-0.1022,0.0,0.0067,1739334770692.0444
5361,4045870592,0,0.046,0.0231,-0.1321,-0.1022,0.0,0.0134,1739334770702.046
5362,4213642752,0,0.046,0.0231,-0.1321,-0.0929,0.0,0.0201,1739334770712.0474
5363,86513152,0,0.046,0.0231,-0.1321,-0.0836,0.0,0.0134,1739334770722.0488
5364,254285312,0,0.023,0.0,0.0,-0.0836,0.0,0.0134,1739334770732.0503
5365,422057472,0,0.0691,0.0231,-0.1321,-0.1022,0.0,0.0134,1739334770742.0518
5366,589829632,0,0.046,0.0,-0.1321,-0.0836,0.009,0.0134,1739334770752.0532
5367,757601792,0,0.046,0.0,-0.1321,-0.0836,0.009,0.0134,1739334770762.055
5368,925373952,0,0.023,0.0,0.0,-0.0929,0.0,0.0067,1739334770772.0564
5369,1093146112,0,0.046,0.0231,-0.1321,-0.1022,0.0,0.0067,1739334770782.0579
5370,1260918272,0,0.046,0.0231,0.0,-0.0929,0.0,0.0,1739334770792.0593
5371,1428690432,0,0.046,0.0,-0.1321,-0.1022,0.0,0.0134,1739334770802.0608
5372,1596462592,0,0.046,0.0231,-0.1321,-0.1022,0.0,0.0134,1739334770812.0623
5373,1764234752,0,0.046,0.0,-0.1321,-0.1022,0.0,0.0134,1739334770822.064
5374,1932006912,0,0.023,0.0231,-0.1321,-0.1022,0.0,0.0134,1739334770832.0654
5375,2099779072,0,0.023,0.0,0.0,-0.0836,0.0,0.0134,1739334770842.067
5376,2267551232,0,0.023,0.0,0.0,-0.0929,0.0,0.0067,1739334770852.0684
5377,2435323392,0,0.046,0.0231,-0.1321,-0.1022,0.0,0.0134,1739334770862.0698
5378,2603095552,0,0.046,0.0,0.0,-0.0836,0.0,0.0134,1739334770872.0713
5379,2770867712,0,0.023,0.0,0.0,-0.0836,0.0,0.0134,1739334770882.0728
5380,2938639872,0,0.046,0.0231,-0.1321,-0.0836,0.0,0.0201,1739334770892.0745
5381,3106412032,0,0.046,0.0231,-0.1321,-0.0836,0.0,0.0201,1739334770902.076
5382,3274184192,0,0.023,0.0231,0.0,-0.0743,-0.009,0.0201,1739334770912.0774
5383,3441956352,0,0.023,0.0,0.0,-0.0836,0.0,0.0201,1739334770922.0789
5384,3609728512,0,0.023,0.0231,0.0,-0.0836,0.0,0.0134,1739334770932.0803
5385,3777500672,0,0.023,0.0231,0.0,-0.0836,0.0,0.0134,1739334770942.0818
5386,3945272832,0,0.023,0.0231,0.0,-0.0836,0.0,0.0201,1739334770952.0833
5387,4113044992,0,0.046,0.0231,-0.1321,-0.1022,0.0,0.0134,1739334770962.085
5388,4280817152,0,0.046,0.0,0.0,-0.0836,0.0,0.0134,1739334770972.0864
5389,153687552,0,0.0,0.0231,0.0,-0.0929,0.0,0.0134,1739334770982.088
5390,321459712,0,0.023,0.0231,0.0,-0.0836,-0.009,0.0201,1739334770992.0894
5391,489231872,0,0.023,0.0231,0.0,-0.0929,-0.009,0.0134,1739334771002.0908
5392,657004032,0,0.023,0.0,0.0,-0.1022,0.0,0.0067,1739334771012.0923
5393,824776192,0,0.046,0.0,-0.1321,-0.1022,0.0,0.0134,1739334771022.0938
5394,992548352,0,0.023,0.0231,0.0,-0.0929,0.0,0.0,1739334771032.0955
5395,1160320512,0,0.023,0.0231,0.0,-0.0836,0.0,0.0134,1739334771042.097
5396,1328092672,0,0.023,0.0,0.0,-0.0836,0.0,0.0201,1739334771052.0984
5397,1495864832,0,0.023,0.0231,0.0,-0.0836,0.0,0.0134,1739334771062.0999
5398,1663636992,0,0.0691,0.0,-0.1321,-0.1022,0.0,0.0134,1739334771072.1013
5399,1831409152,0,0.046,0.0,-0.1321,-0.1022,0.009,0.0134,1739334771082.1028
5400,1999181312,0,0.023,0.0231,0.0,-0.0929,0.0,0.0067,1739334771092.1042
5401,2166953472,0,0.046,0.0231,-0.1321,-0.1022,0.0,0.0134,1739334771102.106
5402,2334725632,0,0.046,0.0231,0.0,-0.0929,0.0,0.0067,1739334771112.1074
5403,2502497792,0,0.046,0.0231,-0.1321,-0.0929,0.0,0.0067,1739334771122.109
5404,2670269952,0,0.023,0.0231,0.0,-0.0836,0.0,0.0201,1739334771132.1104
5405,2838042112,0,0.046,0.0,-0.1321,-0.0836,0.0,0.0201,1739334771142.1118
5406,3005814272,0,0.023,0.0462,-0.1321,-0.0929,0.0,0.0134,1739334771152.1133
5407,3173586432,0,0.023,0.0231,-0.1321,-0.0836,0.009,0.0201,1739334771162.1147
5408,3341358592,0,0.046,0.0,-0.1321,-0.0743,0.0,0.0134,1739334771172.1165
5409,3509130752,0,0.023,0.0231,0.0,-0.0836,0.0,0.0134,1739334771182.118
5410,3676902912,0,0.023,0.0,0.0,-0.0836,0.0,0.0134,1739334771192.1194
5411,3844675072,0,0.046,0.0,0.0,-0.0836,0.0,0.0134,1739334771202.1208
5412,4012447232,0,0.023,0.0231,0.0,-0.0836,0.0,0.0134,1739334771212.1223
5413,4180219392,0,0.023,0.0,0.0,-0.0836,0.0,0.0134,1739334771222.1238
5414,53089792,0,0.046,0.0231,0.0,-0.0836,0.0,0.0134,1739334771232.1252
5415,220861952,0,0.023,0.0231,0.0,-0.0929,0.0,0.0067,1739334771242.127
5416,388634112,0,0.023,0.0231,0.0,-0.0743,-0.009,0.0134,1739334771252.1284
5417,556406272,0,0.023,0.0462,0.0,-0.0929,-0.009,0.0134,1739334771262.13
5418,724178432,0,0.023,0.0231,0.0,-0.0743,-0.009,0.0201,1739334771272.1313
5419,891950592,0,0.023,0.0231,-0.1321,-0.0743,0.0,0.0134,1739334771282.1328
5420,1059722752,0,0.023,0.0231,0.0,-0.0836,0.0,0.0201,1739334771292.1343
5421,1227494912,0,0.046,0.0,-0.1321,-0.0743,0.0,0.0201,1739334771302.1357
5422,1395267072,0,0.023,0.0,0.0,-0.0836,0.0,0.0201,1739334771312.1375
5423,1563039232,0,0.023,0.0231,0.0,-0.0743,-0.009,0.0134,1739334771322.139
5424,1730811392,0,0.046,0.0231,-0.1321,-0.0743,0.0,0.0134,1739334771332.1404
5425,1898583552,0,0.046,0.0231,-0.1321,-0.0836,0.0,0.0201,1739334771342.1418
5426,2066355712,0,0.023,0.0231,0.0,-0.0836,0.0,0.0201,1739334771352.1433
5427,2234127872,0,0.023,0.0231,0.0,-0.0836,0.0,0.0134,1739334771362.1448
5428,2401900032,0,0.023,0.0231,0.0,-0.0836,0.0,0.0201,1739334771372.1462
5429,2569672192,0,0.023,0.0462,-0.1321,-0.0743,0.0,0.0134,1739334771382.148
5430,2737444352,0,0.023,0.0231,-0.1321,-0.0836,0.0,0.0067,1739334771392.1494
5431,2905216512,0,0.046,0.0,-0.1321,-0.0743,0.0,0.0134,1739334771402.151
5432,3072988672,0,0.046,0.0231,-0.1321,-0.0836,0.0,0.0067,1739334771412.1523
5433,3240760832,0,0.023,0.0,0.0,-0.0836,0.0,0.0134,1739334771422.1538
5434,3408532992,0,0.023,0.0231,0.0,-0.0836,0.0,0.0134,1739334771432.1553
5435,3576305152,0,0.046,0.0231,-0.1321,-0.0836,0.0,0.0134,1739334771442.1567
5436,3744077312,0,0.023,0.0231,-0.1321,-0.0743,0.0,0.0134,1739334771452.1584
5437,3911849472,0,0.046,0.0,-0.1321,-0.0743,0.0,0.0201,1739334771462.16
5438,4079621632,0,0.046,0.0231,-0.1321,-0.0836,0.0,0.0134,1739334771472.1614
5439,4247393792,0,0.046,0.0,-0.1321,-0.0743,0.0,0.0134,1739334771482.1628
5440,120264192,0,0.023,0.0,0.0,-0.0743,-0.009,0.0134,1739334771492.1643
5441,288036352,0,0.023,0.0,0.0,-0.0743,-0.009,0.0134,1739334771502.1658
5442,455808512,0,0.023,0.0,0.0,-0.0929,0.0,0.0067,1739334771512.1675
5443,623580672,0,0.046,0.0,-0.1321,-0.0743,0.0,0.0201,1739334771522.169
5444,791352832,0,0.046,0.0231,-0.1321,-0.0743,0.0,0.0134,1739334771532.1704
5445,959124992,0,0.046,0.0231,-0.1321,-0.0836,0.009,0.0134,1739334771542.1719
5446,1126897152,0,0.023,0.0462,0.0,-0.0836,0.0,0.0134,1739334771552.1733
5447,1294669312,0,0.0691,0.0231,-0.1321,-0.0743,0.0,0.0067,1739334771562.1748
5448,1462441472,0,0.0691,0.0231,-0.1321,-0.0743,0.0,0.0134,1739334771572.1763
5449,1630213632,0,0.046,0.0231,0.0,-0.0836,-0.009,0.0067,1739334771582.178
5450,1797985792,0,0.023,0.0,0.0,-0.065,-0.009,0.0134,1739334771592.1794
5451,1965757952,0,0.023,0.0231,0.0,-0.0743,-0.009,0.0201,1739334771602.181
5452,2133530112,0,0.023,0.0231,0.0,-0.0743,0.0,0.0134,1739334771612.1824
5453,2301302272,0,0.0,0.0,0.1321,-0.0836,0.0,0.0201,1739334771622.1838
5454,2469074432,0,0.023,0.0231,0.1321,-0.0836,0.0,0.0134,1739334771632.1853
5455,2636846592,0,0.023,0.0231,0.0,-0.0743,-0.009,0.0134,1739334771642.1868
5456,2804618752,0,0.023,0.0462,0.0,-0.0836,0.0,0.0134,1739334771652.1885
5457,2972390912,0,0.023,0.0,0.0,-0.0743,-0.009,0.0134,1739334771662.19
5458,3140163072,0,0.046,0.0231,0.0,-0.065,0.0,0.0201,1739334771672.1914
5459,3307935232,0,0.023,0.0231,0.0,-0.0836,0.009,0.0134,1739334771682.1929
5460,3475707392,0,0.023,0.0,0.0,-0.0743,0.0,0.0201,1739334771692.1943
5461,3643479552,0,0.023,0.0231,0.0,-0.0743,-0.009,0.0134,1739334771702.1958
5462,3811251712,0,0.023,0.0462,0.0,-0.0836,0.0,0.0067,1739334771712.1973
5463,3979023872,0,0.023,0.0231,0.0,-0.0836,0.0,0.0067,1739334771722.199
5464,4146796032,0,0.023,0.0231,0.0,-0.0836,0.0,0.0067,1739334771732.2004
5465,19666432,0,0.023,0.0462,0.0,-0.0743,0.0,0.0134,1739334771742.202
5466,187438592,0,0.0,0.0231,0.0,-0.0743,0.0,0.0134,1739334771752.2034
5467,355210752,0,0.046,0.0,0.0,-0.0743,0.0,0.0134,1739334771762.2048
5468,522982912,0,0.023,0.0231,0.0,-0.0743,0.0,0.0134,1739334771772.2063
5469,690755072,0,0.023,0.0231,0.0,-0.0929,0.009,0.0067,1739334771782.2078
5470,858527232,0,0.023,0.0231,0.0,-0.0743,0.0,0.0134,1739334771792.2095
5471,1026299392,0,0.023,0.0,0.0,-0.0836,0.0,0.0067,1739334771802.211
5472,1194071552,0,0.023,0.0231,0.0,-0.0743,0.0,0.0134,1739334771812.2124
5473,1361843712,0,0.0691,0.0,-0.1321,-0.0743,0.0,0.0134,1739334771822.2139
5474,1529615872,0,0.0,0.0462,0.0,-0.0743,0.0,0.0134,1739334771832.2153
5475,1697388032,0,0.023,0.0231,0.0,-0.0743,-0.009,0.0134,1739334771842.2168
5476,1865160192,0,0.023,0.0,0.0,-0.0743,-0.009,0.0201,1739334771852.2183
5477,2032932352,0,0.023,0.0231,0.0,-0.0836,0.0,0.0134,1739334771862.22
5478,2200704512,0,0.023,0.0,-0.1321,-0.0743,0.0,0.0134,1739334771872.2214
5479,2368476672,0,0.046,0.0,-0.1321,-0.0743,0.0,0.0134,1739334771882.223
5480,2536248832,0,0.023,0.0231,-0.1321,-0.0743,0.0,0.0201,1739334771892.2244
5481,2704020992,0,0.023,0.0,0.0,-0.0836,0.0,0.0201,1739334771902.2258
5482,2871793152,0,0.0,0.0231,0.0,-0.0929,0.0,0.0134,1739334771912.2273
5483,3039565312,0,0.0,0.0231,0.0,-0.0929,0.0,0.0134,1739334771922.2288
5484,3207337472,0,0.0,0.0,0.0,-0.0836,-0.009,0.0134,1739334771932.2305
5485,3375109632,0,0.023,0.0231,0.0,-0.0836,0.0,0.0134,1739334771942.232
5486,3542881792,0,0.023,0.0,0.0,-0.0929,0.0,0.0067,1739334771952.2334
5487,3710653952,0,0.023,0.0,0.0,-0.0836,0.009,0.0134,1739334771962.2349
5488,3878426112,0,0.046,0.0,0.0,-0.0836,0.009,0.0134,1739334771972.2363
5489,4046198272,0,0.0,0.0,0.0,-0.0836,0.009,0.0134,1739334771982.2378
5490,4213970432,0,0.023,0.0,0.0,-0.0929,0.009,0.0067,1739334771992.2393
5491,86840832,0,0.046,0.0231,0.0,-0.0836,0.009,0.0134,1739334772002.241
5492,254612992,0,0.023,0.0231,0.0,-0.0836,-0.009,0.0067,1739334772012.2424
5493,422385152,0,0.023,0.0,0.0,-0.0836,0.0,0.0134,1739334772022.244
5494,590157312,0,0.023,0.0231,0.0,-0.0743,-0.009,0.0134,1739334772032.2454
5495,757929472,0,0.023,0.0,0.0,-0.065,-0.009,0.0201,1739334772042.2468
5496,925701632,0,0.0,0.0231,0.0,-0.0743,-0.009,0.0201,1739334772052.2483
5497,1093473792,0,0.046,0.0231,-0.1321,-0.0743,0.0,0.0134,1739334772062.2498
5498,1261245952,0,0.023,0.0231,0.0,-0.0836,0.009,0.0201,1739334772072.2515
5499,1429018112,0,0.046,0.0,-0.1321,-0.0836,0.0,0.0067,1739334772082.253
5500,1596790272,0,0.046,0.0,-0.1321,-0.0743,0.0,0.0201,1739334772092.2544
5501,1764562432,0,0.023,0.0,0.0,-0.0836,0.009,0.0134,1739334772102.2559
5502,1932334592,0,0.046,0.0231,-0.1321,-0.0836,0.0,0.0067,1739334772112.2573
5503,2100106752,0,0.0,0.0231,0.0,-0.0743,0.0,0.0134,1739334772122.2588
5504,2267878912,0,0.023,0.0231,0.0,-0.0743,0.0,0.0134,1739334772132.2605
5505,2435651072,0,0.023,0.0231,0.0,-0.0743,0.0,0.0134,1739334772142.262
5506,2603423232,0,0.046,0.0462,0.0,-0.0743,-0.009,0.0201,1739334772152.2634
5507,2771195392,0,0.023,0.0462,0.0,-0.0743,0.0,0.0134,1739334772162.265
5508,2938967552,0,0.0691,0.0,-0.1321,-0.0743,0.0,0.0134,1739334772172.2664
5509,3106739712,0,0.0691,0.0231,-0.1321,-0.0743,0.0,0.0067,1739334772182.2678
5510,3274511872,0,0.023,0.0,0.0,-0.0743,0.0,0.0134,1739334772192.2693
5511,3442284032,0,0.023,0.0231,0.0,-0.0743,0.0,0.0134,1739334772202.271
5512,3610056192,0,0.046,0.0,-0.1321,-0.0743,0.0,0.0134,1739334772212.2725
5513,3777828352,0,0.023,0.0231,0.0,-0.0743,0.009,0.0134,1739334772222.274
5514,3945600512,0,0.046,0.0,-0.1321,-0.0743,0.0,0.0134,1739334772232.2754
5515,4113372672,0,0.046,0.0,-0.1321,-0.0743,0.0,0.0134,1739334772242.2769
5516,4281144832,0,0.0691,0.0,-0.1321,-0.0743,0.0,0.0134,1739334772252.2783
5517,154015232,0,0.046,0.0231,-0.1321,-0.0743,0.0,0.0134,1739334772262.2798
5518,321787392,0,0.023,0.0,0.0,-0.0743,-0.009,0.0067,1739334772272.2815
5519,489559552,0,0.046,0.0,-0.1321,-0.0743,0.0,0.0134,1739334772282.283
5520,657331712,0,0.046,0.0231,-0.1321,-0.0743,0.0,0.0134,1739334772292.2844
5521,825103872,0,0.046,0.0231,-0.1321,-0.0743,0.0,0.0134,1739334772302.286
5522,992876032,0,0.0,0.0231,0.0,-0.0743,-0.009,0.0134,1739334772312.2874
5523,1160648192,0,0.046,0.0,-0.1321,-0.0743,0.0,0.0201,1739334772322.2888
5524,1328420352,0,0.046,0.0231,-0.1321,-0.0743,0.0,0.0201,1739334772332.2903
5525,1496192512,0,0.046,0.0,-0.1321,-0.0743,0.0,0.0134,1739334772342.292
5526,1663964672,0,0.046,0.0,-0.1321,-0.0743,0.0,0.0134,1739334772352.2935
5527,1831736832,0,0.046,0.0231,-0.1321,-0.0743,0.0,0.0134,1739334772362.295
5528,1999508992,0,0.046,0.0,0.0,-0.0836,0.0,0.0067,1739334772372.2964
5529,2167281152,0,0.046,0.0231,0.0,-0.0929,0.0,0.0067,1739334772382.2979
5530,2335053312,0,0.023,0.0231,0.0,-0.0836,0.0,0.0067,1739334772392.2993
5531,2502825472,0,0.0,0.0462,0.0,-0.0836,0.0,0.0067,1739334772402.3008
5532,2670597632,0,0.046,0.0231,0.0,-0.0836,0.0,0.0,1739334772412.3025
5533,2838369792,0,0.023,0.0231,0.0,-0.0743,-0.009,0.0067,1739334772422.304
5534,3006141952,0,0.023,0.0231,0.0,-0.0743,0.009,0.0067,1739334772432.3054
5535,3173914112,0,0.023,0.0231,0.0,-0.0743,-0.009,0.0067,1739334772442.307
5536,3341686272,0,0.023,0.0231,0.0,-0.0743,0.0,0.0201,1739334772452.3083
5537,3509458432,0,0.023,0.0231,0.0,-0.0743,0.0,0.0134,1739334772462.3098
5538,3677230592,0,0.023,0.0,0.0,-0.0743,0.0,0.0134,1739334772472.3113
5539,3845002752,0,0.046,0.0231,-0.1321,-0.0743,0.0,0.0134,1739334772482.313
5540,4012774912,0,0.0,0.0231,0.0,-0.0743,0.009,0.0201,1739334772492.3145
5541,4180547072,0,0.0,0.0,0.0,-0.065,0.0,0.0067,1739334772502.316
5542,53417472,0,0.046,0.0,0.0,-0.0743,0.0,0.0134,1739334772512.3174
5543,221189632,0,0.023,0.0231,0.0,-0.0743,0.0,0.0134,1739334772522.3188
5544,388961792,0,0.023,0.0,0.0,-0.0836,0.0,0.0067,1739334772532.3203
5545,556733952,0,0.023,0.0,0.0,-0.0743,0.0,0.0134,1739334772542.3218
5546,724506112,0,0.023,0.0,0.0,-0.0743,0.009,0.0134,1739334772552.3235
5547,892278272,0,0.046,0.0231,-0.1321,-0.0743,0.0,0.0134,1739334772562.325
5548,1060050432,0,0.046,0.0231,0.0,-0.0743,0.0,0.0134,1739334772572.3264
5549,1227822592,0,0.023,0.0231,0.0,-0.0743,0.0,0.0134,1739334772582.328
5550,1395594752,0,0.023,0.0,0.0,-0.0743,0.0,0.0201,1739334772592.3293
5551,1563366912,0,0.023,0.0231,0.0,-0.0743,-0.009,0.0201,1739334772602.3308
5552,1731139072,0,0.023,0.0231,-0.1321,-0.0743,0.0,0.0201,1739334772612.3323
5553,1898911232,0,0.023,0.0231,0.0,-0.0743,0.009,0.0067,1739334772622.334
5554,2066683392,0,0.0,0.0231,0.0,-0.065,0.0,0.0201,1739334772632.3354
5555,2234455552,0,0.046,0.0231,0.0,-0.0836,0.009,0.0134,1739334772642.337
5556,2402227712,0,0.023,0.0231,0.0,-0.0836,0.0,0.0201,1739334772652.3384
5557,2569999872,0,0.046,0.0231,0.0,-0.0743,0.009,0.0134,1739334772662.3398
5558,2737772032,0,0.0921,0.0,-0.1321,-0.0743,0.0,0.0134,1739334772672.3413
5559,2905544192,0,0.023,0.0231,-0.1321,-0.0743,0.0,0.0201,1739334772682.3428
5560,3073316352,0,0.046,0.0231,-0.1321,-0.0743,0.0,0.0134,1739334772692.3445
5561,3241088512,0,0.023,0.0231,-0.1321,-0.0743,0.0,0.0134,1739334772702.346
5562,3408860672,0,0.046,0.0,0.0,-0.0836,0.0,0.0134,1739334772712.3474
5563,3576632832,0,0.0,0.0231,0.0,-0.0743,-0.009,0.0134,1739334772722.3489
5564,3744404992,0,0.023,0.0231,0.0,-0.0743,0.0,0.0134,1739334772732.3503
5565,3912177152,0,0.023,0.0,0.0,-0.0743,0.0,0.0134,1739334772742.3518
5566,4079949312,0,0.023,0.0231,0.0,-0.0836,-0.009,0.0067,1739334772752.3533
5567,4247721472,0,0.023,0.0231,0.0,-0.0743,0.009,0.0134,1739334772762.355
5568,120591872,0,0.023,0.0,0.0,-0.0836,0.0,0.0,1739334772772.3564
5569,288364032,0,0.023,0.0231,0.0,-0.065,-0.009,0.0134,1739334772782.358
5570,456136192,0,0.023,0.0231,0.0,-0.065,0.0,0.0067,1739334772792.3594
5571,623908352,0,0.046,0.0231,-0.1321,-0.0743,0.0,0.0201,1739334772802.3608
5572,791680512,0,0.046,0.0,-0.1321,-0.0743,0.0,0.0201,1739334772812.3623
5573,959452672,0,0.0691,0.0,-0.1321,-0.0743,0.0,0.0067,1739334772822.364
5574,1127224832,0,0.046,0.0,-0.1321,-0.0743,0.0,0.0134,1739334772832.3655
5575,1294996992,0,0.046,0.0,-0.1321,-0.0836,0.0,0.0067,1739334772842.367
5576,1462769152,0,0.023,0.0231,0.0,-0.0743,0.009,0.0067,1739334772852.3684
5577,1630541312,0,0.023,0.0231,0.0,-0.0929,0.0,0.0067,1739334772862.3699
5578,1798313472,0,0.023,0.0231,0.0,-0.065,-0.009,0.0201,1739334772872.3713
5579,1966085632,0,0.023,0.0231,-0.1321,-0.0743,0.0,0.0201,1739334772882.3728
5580,2133857792,0,0.046,0.0,-0.1321,-0.0743,0.0,0.0134,1739334772892.3745
5581,2301629952,0,0.023,0.0231,0.0,-0.0743,-0.009,0.0067,1739334772902.376
5582,2469402112,0,0.023,0.0,0.0,-0.065,0.0,0.0067,1739334772912.3774
5583,2637174272,0,0.0,0.0231,0.0,-0.065,-0.009,0.0201,1739334772922.379
5584,2804946432,0,0.023,0.0,0.0,-0.0743,-0.009,0.0134,1739334772932.3804
5585,2972718592,0,0.0,0.0231,0.0,-0.0743,0.0,0.0134,1739334772942.3818
5586,3140490752,0,-0.023,0.0231,0.0,-0.0743,0.0,0.0134,1739334772952.3833
5587,3308262912,0,0.046,0.0231,0.0,-0.0836,-0.009,0.0067,1739334772962.385
5588,3476035072,0,0.023,0.0,0.0,-0.065,-0.009,0.0134,1739334772972.3865
5589,3643807232,0,0.023,0.0,0.0,-0.0743,0.0,0.0134,1739334772982.388
5590,3811579392,0,0.023,0.0,-0.1321,-0.0743,0.0,0.0201,1739334772992.3894
5591,3979351552,0,0.023,0.0,0.0,-0.0836,0.0,0.0201,1739334773002.3909
5592,4147123712,0,0.0,0.0231,0.0,-0.0743,0.0,0.0134,1739334773012.3923
5593,19994112,0,0.023,0.0,0.0,-0.0743,0.009,0.0067,1739334773022.3938
5594,187766272,0,0.023,0.0231,-0.1321,-0.0743,0.0,0.0134,1739334773032.3955
5595,355538432,0,0.0,-0.0231,0.0,-0.0743,0.0,0.0067,1739334773042.397
5596,523310592,0,0.0,0.0231,0.0,-0.065,0.0,0.0134,1739334773052.3984
5597,691082752,0,0.0,0.0,0.0,-0.0743,0.009,0.0201,1739334773062.4
5598,858854912,0,0.023,0.0,0.0,-0.065,0.0,0.0201,1739334773072.4014
5599,1026627072,0,0.0,0.0231,0.0,-0.065,0.0,0.0201,1739334773082.4028
5600,1194399232,0,0.0,0.0231,0.0,-0.065,-0.009,0.0268,1739334773092.4043
5601,1362171392,0,0.046,0.0231,0.0,-0.0743,0.0,0.0134,1739334773102.406
5602,1529943552,0,0.0,0.0462,0.0,-0.0743,0.0,0.0134,1739334773112.4075
5603,1697715712,0,0.023,0.0,0.0,-0.0836,0.0,0.0067,1739334773122.409
5604,1865487872,0,0.0,0.0231,0.0,-0.0743,0.0,0.0134,1739334773132.4104
5605,2033260032,0,0.023,0.0,0.0,-0.0743,0.0,0.0134,1739334773142.4119
5606,2201032192,0,0.0,0.0231,0.0,-0.0743,0.0,0.0134,1739334773152.4133
5607,2368804352,0,0.023,0.0231,-0.1321,-0.0743,0.0,0.0134,1739334773162.4148
5608,2536576512,0,0.023,0.0,0.0,-0.065,-0.009,0.0134,1739334773172.4165
5609,2704348672,0,0.0,0.0,0.0,-0.0836,0.009,0.0067,1739334773182.418
5610,2872120832,0,0.0,0.0,0.0,-0.0743,0.0,0.0134,1739334773192.4194
5611,3039892992,0,0.046,0.0231,-0.1321,-0.0836,0.0,0.0,1739334773202.421
5612,3207665152,0,0.023,0.0,0.0,-0.0743,0.0,0.0134,1739334773212.4224
5613,3375437312,0,0.023,0.0231,0.0,-0.0929,0.009,0.0067,1739334773222.4238
5614,3543209472,0,0.046,0.0,0.0,-0.0743,0.009,0.0067,1739334773232.4253
5615,3710981632,0,-0.023,0.0,0.0,-0.0743,0.009,0.0201,1739334773242.427
5616,3878753792,0,0.0,0.0,0.0,-0.0743,0.0,0.0134,1739334773252.4285
5617,4046525952,0,0.0,0.0231,0.0,-0.0743,0.009,0.0134,1739334773262.43
5618,4214298112,0,0.0,0.0,0.0,-0.0743,0.0,0.0201,1739334773272.4314
5619,87168512,0,0.023,0.0,0.0,-0.0836,0.009,0.0201,1739334773282.4329
5620,254940672,0,0.023,0.0231,0.0,-0.0743,0.0,0.0134,1739334773292.4343
5621,422712832,0,0.0,0.0231,0.0,-0.0743,0.0,0.0201,1739334773302.4358
5622,590484992,0,0.023,0.0,0.0,-0.065,-0.009,0.0134,1739334773312.4375
5623,758257152,0,0.046,0.0231,0.0,-0.065,-0.009,0.0134,1739334773322.439
5624,926029312,0,0.046,0.0231,-0.1321,-0.0836,0.0,0.0067,1739334773332.4404
5625,1093801472,0,0.023,0.0,-0.1321,-0.0743,0.0,0.0134,1739334773342.442
5626,1261573632,0,0.046,0.0,-0.1321,-0.0836,0.0,0.0067,1739334773352.4434
5627,1429345792,0,0.046,0.0231,-0.1321,-0.0836,0.0,0.0,1739334773362.4448
5628,1597117952,0,0.0691,0.0,-0.1321,-0.0743,0.0,0.0067,1739334773372.4463
5629,1764890112,0,0.023,0.0231,0.0,-0.0743,-0.009,0.0067,1739334773382.448
5630,1932662272,0,0.023,0.0231,0.0,-0.0743,0.0,0.0,1739334773392.4495
5631,2100434432,0,0.0,0.0231,0.0,-0.0743,-0.009,0.0201,1739334773402.451
5632,2268206592,0,0.0,0.0,0.0,-0.065,0.0,0.0201,1739334773412.4524
5633,2435978752,0,0.023,0.0,0.0,-0.065,0.0,0.0134,1739334773422.4539
5634,2603750912,0,0.0,0.0,0.0,-0.0743,0.0,0.0201,1739334773432.4553
5635,2771523072,0,0.0,0.0231,0.0,-0.0743,0.0,0.0201,1739334773442.457
5636,2939295232,0,0.0,0.0231,0.0,-0.0743,0.0,0.0134,1739334773452.4585
5637,3107067392,0,0.0,0.0231,0.0,-0.065,-0.009,0.0134,1739334773462.46
5638,3274839552,0,0.023,0.0,0.0,-0.065,-0.009,0.0134,1739334773472.4614
5639,3442611712,0,0.0,0.0231,0.0,-0.065,-0.009,0.0134,1739334773482.463
5640,3610383872,0,0.023,0.0,0.0,-0.0743,0.0,0.0201,1739334773492.4644
5641,3778156032,0,0.023,0.0462,0.0,-0.0743,-0.009,0.0067,1739334773502.4658
5642,3945928192,0,0.023,0.0231,0.0,-0.065,0.0,0.0067,1739334773512.4675
5643,4113700352,0,0.023,0.0231,0.0,-0.065,0.0,0.0134,1739334773522.469
5644,4281472512,0,0.023,0.0462,0.0,-0.065,-0.009,0.0134,1739334773532.4705
5645,154342912,0,0.0,0.0,0.0,-0.065,-0.009,0.0134,1739334773542.472
5646,322115072,0,0.023,0.0,0.0,-0.0743,-0.009,0.0201,1739334773552.4734
5647,489887232,0,0.023,0.0,0.0,-0.065,-0.009,0.0268,1739334773562.4749
5648,657659392,0,0.046,0.0231,0.0,-0.065,0.0,0.0067,1739334773572.4763
5649,825431552,0,0.046,0.0231,0.0,-0.065,0.0,0.0134,1739334773582.478
5650,993203712,0,0.023,0.0231,0.0,-0.0743,0.0,0.0,1739334773592.4795
5651,1160975872,0,0.023,0.0,0.0,-0.0743,0.0,0.0,1739334773602.481
5652,1328748032,0,0.0,0.0231,0.0,-0.065,-0.009,0.0201,1739334773612.4824
5653,1496520192,0,0.023,0.0231,0.0,-0.065,0.0,0.0134,1739334773622.484
5654,1664292352,0,0.023,0.0,0.0,-0.065,0.0,0.0134,1739334773632.4854
5655,1832064512,0,0.046,-0.0231,-0.1321,-0.0743,0.0,0.0201,1739334773642.4868
5656,1999836672,0,0.023,0.0231,0.0,-0.0743,0.0,0.0134,1739334773652.4885
5657,2167608832,0,0.0,0.0231,0.0,-0.065,-0.009,0.0201,1739334773662.49
5658,2335380992,0,0.0,0.0231,0.0,-0.0836,0.0,0.0067,1739334773672.4915
5659,2503153152,0,0.0,0.0231,0.0,-0.0743,0.0,0.0134,1739334773682.493
5660,2670925312,0,0.0,0.0231,0.0,-0.0743,0.009,0.0134,1739334773692.4944
5661,2838697472,0,0.0,0.0,0.0,-0.065,-0.009,0.0134,1739334773702.4958
5662,3006469632,0,0.046,0.0,-0.1321,-0.0743,0.0,0.0201,1739334773712.4973
5663,3174241792,0,0.023,0.0,0.0,-0.0743,0.009,0.0134,1739334773722.499
5664,3342013952,0,0.0,0.0231,0.0,-0.065,-0.009,0.0201,1739334773732.5005
5665,3509786112,0,0.046,0.0,-0.1321,-0.0557,-0.009,0.0067,1739334773742.502
5666,3677558272,0,0.0,0.0,0.0,-0.065,0.0,0.0201,1739334773752.5034
5667,3845330432,0,0.023,0.0,0.0,-0.065,-0.009,0.0201,1739334773762.505
5668,4013102592,0,0.0,0.0,0.0,-0.065,0.0,0.0134,1739334773772.5063
5669,4180874752,0,0.023,0.0231,-0.1321,-0.0743,0.0,0.0201,1739334773782.5078
5670,53745152,0,0.046,0.0,-0.1321,-0.0743,0.0,0.0134,1739334773792.5095
5671,221517312,0,0.046,0.0231,0.0,-0.0743,0.009,0.0134,1739334773802.511
5672,389289472,0,0.023,0.0231,0.0,-0.065,-0.009,0.0201,1739334773812.5125
5673,557061632,0,0.0691,0.0,-0.1321,-0.065,0.0,0.0134,1739334773822.514
5674,724833792,0,0.023,0.0231,-0.1321,-0.0743,0.0,0.0201,1739334773832.5154
5675,892605952,0,0.046,0.0,-0.1321,-0.0743,0.0,0.0201,1739334773842.5168
5676,1060378112,0,0.0691,0.0,-0.1321,-0.0836,0.0,0.0,1739334773852.5183
5677,1228150272,0,0.046,0.0,-0.1321,-0.0836,0.0,0.0067,1739334773862.52
5678,1395922432,0,0.046,0.0,-0.1321,-0.0743,0.0,0.0134,1739334773872.5215
5679,1563694592,0,0.0921,0.0,-0.1321,-0.0743,0.0,0.0067,1739334773882.523
5680,1731466752,0,0.046,0.0,-0.1321,-0.0836,0.0,0.0067,1739334773892.5244
5681,1899238912,0,0.046,0.0231,-0.1321,-0.0743,0.0,0.0201,1739334773902.526
5682,2067011072,0,0.046,0.0,0.0,-0.065,-0.009,0.0134,1739334773912.5273
5683,2234783232,0,0.023,0.0231,-0.1321,-0.0743,0.0,0.0201,1739334773922.5288
5684,2402555392,0,0.023,0.0,0.0,-0.065,-0.009,0.0201,1739334773932.5305
5685,2570327552,0,0.023,0.0,0.0,-0.065,-0.009,0.0201,1739334773942.532
5686,2738099712,0,0.023,0.0,0.0,-0.0836,0.0,0.0067,1739334773952.5334
5687,2905871872,0,0.023,0.0231,0.0,-0.065,-0.009,0.0134,1739334773962.535
5688,3073644032,0,0.023,0.0,0.0,-0.065,-0.009,0.0134,1739334773972.5364
5689,3241416192,0,0.023,0.0231,-0.1321,-0.0743,0.0,0.0134,1739334773982.5378
5690,3409188352,0,0.0691,0.0231,-0.1321,-0.0743,-0.009,0.0134,1739334773992.5393
5691,3576960512,0,0.023,0.0,0.0,-0.065,-0.009,0.0134,1739334774002.541
5692,3744732672,0,0.046,0.0231,0.0,-0.065,-0.009,0.0134,1739334774012.5425
5693,3912504832,0,0.0,0.0462,0.0,-0.065,-0.009,0.0201,1739334774022.544
5694,4080276992,0,0.023,0.0,0.0,-0.065,-0.009,0.0201,1739334774032.5454
5695,4248049152,0,0.0,0.0,0.0,-0.065,-0.009,0.0134,1739334774042.5469
5696,120919552,0,0.0,0.0231,0.0,-0.065,-0.009,0.0134,1739334774052.5483
5697,288691712,0,0.023,0.0,0.0,-0.0743,-0.009,0.0134,1739334774062.5498
5698,456463872,0,0.023,0.0,0.0,-0.065,-0.009,0.0134,1739334774072.5515
5699,624236032,0,0.023,0.0,0.0,-0.065,-0.009,0.0134,1739334774082.553
5700,792008192,0,0.0,0.0,0.0,-0.065,-0.009,0.0134,1739334774092.5544
5701,959780352,0,0.023,0.0231,0.0,-0.065,-0.009,0.0134,1739334774102.556
5702,1127552512,0,0.023,0.0,0.0,-0.0743,-0.009,0.0067,1739334774112.5574
5703,1295324672,0,0.023,0.0,0.0,-0.0743,-0.009,0.0067,1739334774122.5588
5704,1463096832,0,0.0,0.0231,0.0,-0.065,-0.009,0.0201,1739334774132.5605
5705,1630868992,0,0.023,0.0,0.0,-0.065,-0.009,0.0201,1739334774142.562
5706,1798641152,0,0.0,0.0,0.0,-0.065,-0.009,0.0201,1739334774152.5635
5707,1966413312,0,0.023,0.0,0.0,-0.065,-0.009,0.0201,1739334774162.565
5708,2134185472,0,0.046,0.0,0.0,-0.065,-0.009,0.0067,1739334774172.5664
5709,2301957632,0,0.023,0.0231,0.0,-0.065,-0.009,0.0134,1739334774182.5679
5710,2469729792,0,0.0,0.0231,0.0,-0.065,-0.009,0.0201,1739334774192.5693
5711,2637501952,0,0.046,0.0231,0.0,-0.0743,-0.018,0.0201,1739334774202.571
5712,2805274112,0,0.023,0.0231,0.1321,-0.0836,-0.009,0.0067,1739334774212.5725
5713,2973046272,0,0.023,0.0,0.0,-0.065,-0.009,0.0134,1739334774222.574
5714,3140818432,0,0.023,0.0231,0.0,-0.065,0.0,0.0067,1739334774232.5754
5715,3308590592,0,0.023,0.0,0.0,-0.065,-0.009,0.0134,1739334774242.577
5716,3476362752,0,0.0,0.0,0.0,-0.065,-0.009,0.0134,1739334774252.5784
5717,3644134912,0,0.0,0.0,0.0,-0.065,-0.009,0.0134,1739334774262.5798
5718,3811907072,0,0.023,0.0,0.0,-0.0836,-0.018,0.0134,1739334774272.5815
5719,3979679232,0,0.023,0.0,0.0,-0.0743,-0.009,0.0134,1739334774282.583
5720,4147451392,0,0.0,0.0,0.1321,-0.0836,-0.009,0.0134,1739334774292.5845
5721,20321792,0,0.046,0.0231,0.0,-0.065,0.0,0.0067,1739334774302.586
5722,188093952,0,0.023,0.0231,0.0,-0.065,-0.009,0.0134,1739334774312.5874
5723,355866112,0,0.023,0.0,0.0,-0.065,-0.009,0.0134,1739334774322.5889
5724,523638272,0,0.023,0.0,0.0,-0.065,-0.009,0.0134,1739334774332.5903
5725,691410432,0,0.023,0.0231,-0.1321,-0.0929,0.0,0.0134,1739334774342.592
5726,859182592,0,0.023,0.0,-0.1321,-0.0743,-0.009,0.0134,1739334774352.5935
5727,1026954752,0,0.046,0.0,-0.1321,-0.0743,0.0,0.0134,1739334774362.595
5728,1194726912,0,0.0,0.0231,0.0,-0.065,-0.009,0.0201,1739334774372.5964
5729,1362499072,0,0.046,0.0231,-0.2643,-0.0743,-0.009,0.0134,1739334774382.598
5730,1530271232,0,0.0691,0.0,-0.1321,-0.0743,0.0,0.0134,1739334774392.5994
5731,1698043392,0,0.023,0.0231,-0.1321,-0.0743,-0.009,0.0134,1739334774402.6008
5732,1865815552,0,0.046,0.0,-0.1321,-0.0743,-0.009,0.0134,1739334774412.6025
5733,2033587712,0,0.046,0.0231,-0.1321,-0.0743,0.0,0.0134,1739334774422.604
5734,2201359872,0,0.023,0.0231,-0.1321,-0.0929,0.0,0.0067,1739334774432.6055
5735,2369132032,0,0.023,0.0,-0.1321,-0.0929,0.0,0.0134,1739334774442.607
5736,2536904192,0,0.023,0.0,-0.1321,-0.0836,0.0,0.0067,1739334774452.6084
5737,2704676352,0,0.023,0.0231,-0.2643,-0.0743,-0.009,0.0134,1739334774462.6099
5738,2872448512,0,0.046,-0.0231,-0.1321,-0.0743,0.0,0.0201,1739334774472.6113
5739,3040220672,0,0.046,0.0,-0.1321,-0.0836,0.0,0.0134,1739334774482.613
5740,3207992832,0,0.046,0.0231,-0.1321,-0.0929,0.0,0.0067,1739334774492.6145
5741,3375764992,0,0.023,0.0231,-0.1321,-0.0929,0.0,0.0134,1739334774502.616
5742,3543537152,0,0.0691,0.0,-0.1321,-0.0836,0.0,0.0134,1739334774512.6174
5743,3711309312,0,0.046,0.0,-0.1321,-0.0836,0.0,0.0134,1739334774522.619
5744,3879081472,0,0.046,0.0,-0.1321,-0.0929,0.0,0.0067,1739334774532.6204
5745,4046853632,0,0.023,0.0231,-0.1321,-0.0743,0.0,0.0201,1739334774542.6218
5746,4214625792,0,0.046,0.0231,-0.1321,-0.0836,0.0,0.0201,1739334774552.6235
5747,87496192,0,0.023,0.0,-0.1321,-0.0929,-0.009,0.0134,1739334774562.625
5748,255268352,0,0.0,0.0231,-0.1321,-0.0836,-0.018,0.0134,1739334774572.6265
5749,423040512,0,0.046,0.0,-0.1321,-0.0743,-0.009,0.0134,1739334774582.628
5750,590812672,0,0.046,0.0,-0.1321,-0.0743,-0.009,0.0134,1739334774592.6294
5751,758584832,0,0.046,0.0,-0.1321,-0.0836,0.0,0.0134,1739334774602.6309
5752,926356992,0,0.0691,0.0,-0.1321,-0.0929,0.009,0.0067,1739334774612.6323
5753,1094129152,0,0.046,0.0,-0.2643,-0.0743,-0.009,0.0134,1739334774622.634
5754,1261901312,0,0.0691,0.0,-0.1321,-0.0836,0.0,0.0134,1739334774632.6355
5755,1429673472,0,0.046,0.0,-0.1321,-0.0929,-0.009,0.0134,1739334774642.637
5756,1597445632,0,0.023,0.0231,-0.1321,-0.0743,0.0,0.0134,1739334774652.6384
5757,1765217792,0,0.046,0.0231,-0.1321,-0.0929,0.0,0.0067,1739334774662.64
5758,1932989952,0,0.046,0.0,-0.1321,-0.0836,0.0,0.0,1739334774672.6414
5759,2100762112,0,0.023,0.0,-0.1321,-0.0929,0.0,0.0134,1739334774682.6428
5760,2268534272,0,0.0691,0.0231,-0.1321,-0.0929,0.0,0.0067,1739334774692.6445
5761,2436306432,0,0.046,0.0,-0.1321,-0.0929,0.0,0.0067,1739334774702.646
5762,2604078592,0,0.046,0.0,-0.2643,-0.0836,-0.009,0.0067,1739334774712.6475
5763,2771850752,0,0.046,0.0231,-0.2643,-0.0743,-0.009,0.0268,1739334774722.649
5764,2939622912,0,0.046,0.0,-0.2643,-0.0743,0.0,0.0201,1739334774732.6504
5765,3107395072,0,0.023,0.0,-0.1321,-0.0929,-0.009,0.0134,1739334774742.6519
5766,3275167232,0,0.0,0.0,-0.2643,-0.0836,-0.009,0.0134,1739334774752.6533
5767,3442939392,0,0.023,0.0,-0.2643,-0.0743,0.0,0.0134,1739334774762.655
5768,3610711552,0,0.046,0.0231,-0.1321,-0.0929,0.0,0.0067,1739334774772.6565
5769,3778483712,0,0.0691,0.0,-0.1321,-0.0929,0.0,0.0067,1739334774782.658
5770,3946255872,0,0.0,0.0231,-0.2643,-0.0743,-0.009,0.0201,1739334774792.6594
5771,4114028032,0,0.023,0.0,-0.1321,-0.0929,0.0,0.0134,1739334774802.661
5772,4281800192,0,0.046,0.0,-0.1321,-0.0929,0.0,0.0067,1739334774812.6624
5773,154670592,0,0.046,0.0231,-0.1321,-0.0929,0.0,0.0067,1739334774822.664
5774,322442752,0,0.046,0.0,-0.1321,-0.0836,0.0,0.0134,1739334774832.6655
5775,490214912,0,0.046,0.0,-0.1321,-0.0929,0.009,0.0067,1739334774842.667
5776,657987072,0,0.046,0.0,-0.1321,-0.0836,0.009,0.0201,1739334774852.6685
5777,825759232,0,0.0691,0.0231,-0.1321,-0.0929,0.009,0.0067,1739334774862.67
5778,993531392,0,0.046,0.0231,-0.1321,-0.0836,0.0,0.0134,1739334774872.6714
5779,1161303552,0,0.046,0.0231,-0.1321,-0.0929,0.0,0.0067,1739334774882.6729
5780,1329075712,0,0.046,0.0231,-0.1321,-0.0929,0.009,0.0067,1739334774892.6746
5781,1496847872,0,0.023,0.0231,-0.1321,-0.0836,0.009,0.0201,1739334774902.676
5782,1664620032,0,0.023,0.0231,-0.1321,-0.0743,0.0,0.0134,1739334774912.6775
5783,1832392192,0,0.023,0.0231,-0.1321,-0.0929,0.0,0.0134,1739334774922.679
5784,2000164352,0,0.023,0.0,-0.1321,-0.0743,0.0,0.0134,1739334774932.6804
5785,2167936512,0,0.023,0.0,-0.1321,-0.0929,0.0,0.0134,1739334774942.682
5786,2335708672,0,0.046,0.0,-0.1321,-0.0836,0.0,0.0134,1739334774952.6833
5787,2503480832,0,0.023,0.0231,-0.1321,-0.0929,0.0,0.0134,1739334774962.685
5788,2671252992,0,0.046,-0.0231,-0.1321,-0.0836,0.0,0.0134,1739334774972.6865
5789,2839025152,0,0.046,-0.0231,-0.2643,-0.0743,0.009,0.0067,1739334774982.688
5790,3006797312,0,0.023,0.0,-0.2643,-0.0743,0.009,0.0134,1739334774992.6895
5791,3174569472,0,0.023,0.0,-0.2643,-0.0836,0.009,0.0134,1739334775002.691
5792,3342341632,0,0.046,0.0,-0.2643,-0.0743,0.009,0.0134,1739334775012.6924
5793,3510113792,0,0.023,0.0231,-0.2643,-0.0743,0.009,0.0134,1739334775022.6938
5794,3677885952,0,0.0691,0.0,-0.1321,-0.0836,0.009,0.0134,1739334775032.6956
5795,3845658112,0,0.046,0.0,-0.2643,-0.0743,0.0,0.0134,1739334775042.697
5796,4013430272,0,0.023,0.0,-0.1321,-0.0929,0.009,0.0067,1739334775052.6985
5797,4181202432,0,0.023,0.0231,-0.2643,-0.0836,0.009,0.0067,1739334775062.7
5798,54072832,0,0.023,0.0231,-0.1321,-0.0929,0.0,0.0134,1739334775072.7014
5799,221844992,0,0.046,0.0231,-0.1321,-0.0836,0.009,0.0134,1739334775082.703
5800,389617152,0,0.046,0.0,-0.2643,-0.0743,0.009,0.0134,1739334775092.7043
5801,557389312,0,0.023,0.0,-0.2643,-0.0743,0.009,0.0134,1739334775102.706
5802,725161472,0,0.023,0.0,-0.2643,-0.0743,0.009,0.0201,1739334775112.7075
5803,892933632,0,0.023,0.0231,-0.2643,-0.0743,0.009,0.0134,1739334775122.709
5804,1060705792,0,0.046,0.0,-0.1321,-0.0836,0.009,0.0134,1739334775132.7104
5805,1228477952,0,0.046,0.0,-0.2643,-0.0743,0.0,0.0134,1739334775142.712
5806,1396250112,0,0.046,0.0,-0.1321,-0.0836,0.009,0.0134,1739334775152.7134
5807,1564022272,0,0.046,0.0,-0.2643,-0.0743,0.009,0.0201,1739334775162.7148
5808,1731794432,0,0.0691,0.0,-0.2643,-0.0743,0.009,0.0134,1739334775172.7166
5809,1899566592,0,0.046,0.0,-0.2643,-0.0743,0.009,0.0201,1739334775182.718
5810,2067338752,0,0.046,0.0,-0.1321,-0.0836,0.009,0.0134,1739334775192.7195
5811,2235110912,0,0.023,0.0,-0.2643,-0.0743,0.009,0.0201,1739334775202.721
5812,2402883072,0,0.046,0.0,-0.1321,-0.0836,0.009,0.0201,1739334775212.7224
5813,2570655232,0,0.046,0.0,-0.1321,-0.0929,0.009,0.0067,1739334775222.7239
5814,2738427392,0,0.046,0.0231,-0.1321,-0.0743,0.009,0.0067,1739334775232.7253
5815,2906199552,0,0.023,0.0,-0.1321,-0.0836,0.009,0.0201,1739334775242.727
5816,3073971712,0,0.046,0.0,-0.1321,-0.0836,0.009,0.0134,1739334775252.7285
5817,3241743872,0,0.023,0.0231,-0.1321,-0.0836,0.009,0.0134,1739334775262.73
5818,3409516032,0,0.023,0.0,-0.1321,-0.0929,0.0,0.0134,1739334775272.7314
5819,3577288192,0,0.046,0.0,-0.1321,-0.0836,0.009,0.0134,1739334775282.733
5820,3745060352,0,0.046,0.0,-0.1321,-0.0836,0.009,0.0134,1739334775292.7344
5821,3912832512,0,0.023,0.0,-0.2643,-0.0836,0.009,0.0067,1739334775302.7358
5822,4080604672,0,0.023,0.0,-0.1321,-0.0929,0.0,0.0134,1739334775312.7375
5823,4248376832,0,0.046,0.0,-0.1321,-0.0929,0.009,0.0067,1739334775322.739
5824,121247232,0,0.023,0.0,-0.1321,-0.0929,0.0,0.0067,1739334775332.7405
5825,289019392,0,0.023,0.0,-0.1321,-0.0836,0.009,0.0134,1739334775342.742
5826,456791552,0,0.046,0.0,-0.1321,-0.0743,0.009,0.0201,1739334775352.7434
5827,624563712,0,0.023,0.0,-0.1321,-0.0836,0.009,0.0134,1739334775362.7449
5828,792335872,0,0.0691,-0.0231,-0.2643,-0.0743,0.0,0.0134,1739334775372.7463
5829,960108032,0,0.023,0.0,-0.2643,-0.0743,0.0,0.0201,1739334775382.748
5830,1127880192,0,0.046,0.0,-0.1321,-0.0836,0.009,0.0134,1739334775392.7495
5831,1295652352,0,0.023,0.0,-0.1321,-0.0836,0.009,0.0134,1739334775402.751
5832,1463424512,0,0.023,0.0,-0.1321,-0.0743,0.009,0.0134,1739334775412.7524
5833,1631196672,0,0.0691,0.0,-0.1321,-0.0836,0.009,0.0134,1739334775422.754
5834,1798968832,0,0.046,-0.0231,-0.1321,-0.0743,0.0,0.0134,1739334775432.7554
5835,1966740992,0,0.046,0.0,-0.1321,-0.0836,0.009,0.0201,1739334775442.757
5836,2134513152,0,0.023,0.0,-0.1321,-0.0929,0.009,0.0067,1739334775452.7585
5837,2302285312,0,0.046,-0.0231,-0.1321,-0.0836,0.009,0.0134,1739334775462.76
5838,2470057472,0,0.023,0.0231,-0.1321,-0.0743,0.0,0.0134,1739334775472.7615
5839,2637829632,0,0.046,0.0,-0.1321,-0.0836,0.009,0.0134,1739334775482.763
5840,2805601792,0,0.046,0.0,-0.1321,-0.0836,0.009,0.0201,1739334775492.7644
5841,2973373952,0,0.046,0.0,-0.1321,-0.0836,0.009,0.0134,1739334775502.7659
5842,3141146112,0,0.023,0.0,-0.1321,-0.0836,0.0,0.0201,1739334775512.7676
5843,3308918272,0,0.046,0.0231,-0.1321,-0.0836,0.009,0.0134,1739334775522.769
5844,3476690432,0,0.046,0.0,-0.1321,-0.0836,0.009,0.0134,1739334775532.7705
5845,3644462592,0,0.023,0.0231,-0.2643,-0.0743,0.009,0.0134,1739334775542.772
5846,3812234752,0,0.046,0.0,-0.2643,-0.0743,0.009,0.0067,1739334775552.7734
5847,3980006912,0,0.046,0.0,-0.2643,-0.0743,0.009,0.0134,1739334775562.775
5848,4147779072,0,0.0691,0.0,-0.2643,-0.0743,0.009,0.0067,1739334775572.7764
5849,20649472,0,0.046,0.0231,-0.1321,-0.0836,0.009,0.0134,1739334775582.778
5850,188421632,0,0.023,0.0231,-0.1321,-0.0836,0.009,0.0134,1739334775592.7795
5851,356193792,0,0.046,0.0,-0.1321,-0.0836,0.009,0.0134,1739334775602.781
5852,523965952,0,0.046,0.0231,-0.1321,-0.0836,0.009,0.0201,1739334775612.7825
5853,691738112,0,0.023,0.0231,-0.1321,-0.0836,0.009,0.0134,1739334775622.784
5854,859510272,0,0.023,0.0,-0.1321,-0.0929,0.0,0.0134,1739334775632.7854
5855,1027282432,0,0.023,0.0,-0.1321,-0.0929,0.0,0.0134,1739334775642.7869
5856,1195054592,0,0.023,0.0,-0.1321,-0.0929,0.0,0.0067,1739334775652.7886
5857,1362826752,0,0.046,0.0,-0.1321,-0.0836,0.0,0.0134,1739334775662.79
5858,1530598912,0,0.046,0.0,-0.1321,-0.0836,0.0,0.0134,1739334775672.7915
5859,1698371072,0,0.046,0.0,-0.1321,-0.0743,0.0,0.0134,1739334775682.793
5860,1866143232,0,0.023,0.0,-0.1321,-0.0836,0.009,0.0134,1739334775692.7944
5861,2033915392,0,0.046,0.0,-0.2643,-0.0836,0.0,0.0067,1739334775702.796
5862,2201687552,0,0.046,0.0,-0.2643,-0.0743,0.009,0.0067,1739334775712.7974
5863,2369459712,0,0.023,0.0,-0.1321,-0.0929,0.009,0.0067,1739334775722.799
5864,2537231872,0,0.046,0.0231,-0.1321,-0.0929,0.009,0.0067,1739334775732.8005
5865,2705004032,0,0.023,0.0,-0.2643,-0.0743,0.009,0.0134,1739334775742.802
5866,2872776192,0,0.023,0.0,-0.1321,-0.0929,0.009,0.0067,1739334775752.8035
5867,3040548352,0,0.023,0.0231,-0.2643,-0.0836,0.009,0.0067,1739334775762.805
5868,3208320512,0,0.0691,0.0231,-0.1321,-0.0929,0.009,0.0067,1739334775772.8064
5869,3376092672,0,0.0691,0.0,-0.2643,-0.0743,0.009,0.0067,1739334775782.8079
5870,3543864832,0,0.046,0.0,-0.2643,-0.0743,0.009,0.0067,1739334775792.8096
5871,3711636992,0,0.046,0.0,-0.2643,-0.0743,0.0,0.0134,1739334775802.811
5872,3879409152,0,0.023,-0.0231,-0.2643,-0.0743,0.009,0.0201,1739334775812.8125
5873,4047181312,0,0.023,0.0,-0.1321,-0.0836,0.009,0.0134,1739334775822.814
5874,4214953472,0,0.023,0.0231,-0.1321,-0.0836,0.009,0.0201,1739334775832.8154
5875,87823872,0,0.023,0.0231,-0.2643,-0.0743,0.0,0.0134,1739334775842.817
5876,255596032,0,0.046,0.0,-0.1321,-0.0836,0.009,0.0201,1739334775852.8184
5877,423368192,0,0.046,0.0,-0.1321,-0.0836,0.009,0.0134,1739334775862.82
5878,591140352,0,0.046,-0.0231,-0.1321,-0.0836,0.009,0.0134,1739334775872.8215
5879,758912512,0,0.046,0.0,-0.1321,-0.0743,0.0,0.0134,1739334775882.823
5880,926684672,0,0.0691,0.0,-0.1321,-0.0743,0.0,0.0067,1739334775892.8245
5881,1094456832,0,0.0691,0.0,-0.1321,-0.0929,0.0,0.0067,1739334775902.826
5882,1262228992,0,0.023,0.0,-0.1321,-0.0836,0.009,0.0134,1739334775912.8274
5883,1430001152,0,0.046,0.0,-0.1321,-0.0836,0.009,0.0134,1739334775922.8289
5884,1597773312,0,0.046,0.0,-0.1321,-0.0836,0.009,0.0134,1739334775932.8306
5885,1765545472,0,0.046,-0.0231,-0.1321,-0.0836,0.009,0.0134,1739334775942.832
5886,1933317632,0,0.0691,0.0,-0.1321,-0.0929,0.009,0.0067,1739334775952.8335
5887,2101089792,0,0.046,0.0,-0.1321,-0.0836,0.0,0.0067,1739334775962.835
5888,2268861952,0,0.046,0.0,-0.1321,-0.0743,0.0,0.0134,1739334775972.8364
5889,2436634112,0,0.023,0.0231,-0.1321,-0.0836,0.0,0.0067,1739334775982.838
5890,2604406272,0,0.023,0.0231,-0.1321,-0.1022,0.0,0.0134,1739334775992.8394
5891,2772178432,0,0.046,0.0231,-0.1321,-0.0836,0.0,0.0134,1739334776002.841
5892,2939950592,0,0.046,0.0,-0.1321,-0.0743,0.0,0.0134,1739334776012.8425
5893,3107722752,0,0.046,0.0,-0.1321,-0.0836,0.0,0.0134,1739334776022.844
5894,3275494912,0,0.046,0.0,-0.1321,-0.0836,0.0,0.0134,1739334776032.8455
5895,3443267072,0,0.046,0.0,-0.1321,-0.0836,0.0,0.0067,1739334776042.847
5896,3611039232,0,0.046,0.0231,-0.1321,-0.1022,0.0,0.0134,1739334776052.8484
5897,3778811392,0,0.023,0.0231,-0.1321,-0.0929,0.0,0.0134,1739334776062.8499
5898,3946583552,0,0.023,0.0,-0.1321,-0.0836,0.0,0.0067,1739334776072.8516
5899,4114355712,0,0.023,0.0,-0.1321,-0.0929,0.0,0.0134,1739334776082.853
5900,4282127872,0,0.046,0.0,-0.1321,-0.0836,0.0,0.0134,1739334776092.8545
5901,154998272,0,0.046,0.0231,-0.1321,-0.0836,0.0,0.0067,1739334776102.856
5902,322770432,0,0.023,0.0231,-0.1321,-0.0836,0.0,0.0067,1739334776112.8574
5903,490542592,0,0.046,0.0231,-0.2643,-0.0743,0.009,0.0067,1739334776122.859
5904,658314752,0,0.046,0.0,-0.1321,-0.0929,0.009,0.0067,1739334776132.8606
5905,826086912,0,0.046,0.0,-0.2643,-0.0743,0.009,0.0067,1739334776142.862
5906,993859072,0,0.046,0.0231,-0.2643,-0.0743,0.009,0.0067,1739334776152.8635
5907,1161631232,0,0.023,0.0,-0.1321,-0.0929,0.009,0.0067,1739334776162.865
5908,1329403392,0,0.046,0.0231,-0.1321,-0.0836,0.0,0.0067,1739334776172.8665
5909,1497175552,0,0.046,0.0,-0.1321,-0.0836,0.009,0.0134,1739334776182.868
5910,1664947712,0,0.046,-0.0231,-0.1321,-0.0836,0.009,0.0134,1739334776192.8694
5911,1832719872,0,0.046,0.0,-0.1321,-0.0836,0.009,0.0134,1739334776202.871
5912,2000492032,0,0.023,0.0,-0.2643,-0.0743,0.009,0.0134,1739334776212.8726
5913,2168264192,0,0.023,0.0231,-0.2643,-0.0743,0.009,0.0134,1739334776222.874
5914,2336036352,0,0.023,0.0,-0.1321,-0.0836,0.009,0.0201,1739334776232.8755
5915,2503808512,0,0.023,0.0,-0.2643,-0.0743,0.0,0.0201,1739334776242.877
5916,2671580672,0,0.023,0.0,-0.1321,-0.0836,0.009,0.0201,1739334776252.8784
5917,2839352832,0,0.046,0.0,-0.1321,-0.0836,0.009,0.0134,1739334776262.88
5918,3007124992,0,0.046,0.0,-0.1321,-0.0743,0.009,0.0134,1739334776272.8816
5919,3174897152,0,0.046,0.0231,-0.1321,-0.0929,0.009,0.0067,1739334776282.883
5920,3342669312,0,0.023,0.0,-0.1321,-0.0836,0.009,0.0134,1739334776292.8845
5921,3510441472,0,0.046,0.0,-0.1321,-0.0836,0.009,0.0134,1739334776302.886
5922,3678213632,0,0.046,0.0,-0.1321,-0.0836,0.0,0.0,1739334776312.8875
5923,3845985792,0,0.023,0.0,-0.2643,-0.0929,0.009,0.0067,1739334776322.889
5924,4013757952,0,0.046,0.0231,-0.1321,-0.0929,0.0,0.0067,1739334776332.8904
5925,4181530112,0,0.046,-0.0231,-0.1321,-0.0743,0.0,0.0134,1739334776342.892
5926,54400512,0,0.046,0.0,-0.1321,-0.0836,0.0,0.0134,1739334776352.8936
5927,222172672,0,0.023,0.0,-0.1321,-0.0743,0.0,0.0134,1739334776362.895
5928,389944832,0,0.023,0.0,-0.1321,-0.0743,0.0,0.0134,1739334776372.8965
5929,557716992,0,0.046,0.0,-0.1321,-0.0836,0.0,0.0134,1739334776382.898
5930,725489152,0,0.046,-0.0231,-0.1321,-0.0929,0.009,0.0067,1739334776392.8994
5931,893261312,0,0.046,0.0,-0.1321,-0.0929,0.0,0.0067,1739334776402.901
5932,1061033472,0,0.046,0.0,-0.1321,-0.0836,0.0,0.0134,1739334776412.9026
5933,1228805632,0,0.023,0.0231,-0.1321,-0.0836,0.009,0.0134,1739334776422.904
5934,1396577792,0,0.023,0.0231,-0.1321,-0.0836,0.009,0.0201,1739334776432.9055
5935,1564349952,0,0.046,0.0,-0.1321,-0.0836,0.009,0.0134,1739334776442.907
5936,1732122112,0,0.046,0.0,-0.1321,-0.0743,0.0,0.0134,1739334776452.9084
5937,1899894272,0,0.046,0.0231,-0.1321,-0.0929,0.0,0.0067,1739334776462.91
5938,2067666432,0,0.023,0.0,-0.1321,-0.0836,0.009,0.0134,1739334776472.9114
5939,2235438592,0,0.023,0.0,-0.2643,-0.0743,0.009,0.0134,1739334776482.913
5940,2403210752,0,0.023,0.0,-0.1321,-0.0836,0.009,0.0134,1739334776492.9146
5941,2570982912,0,0.023,0.0231,-0.2643,-0.0743,0.009,0.0134,1739334776502.916
5942,2738755072,0,0.023,0.0231,-0.2643,-0.0743,0.0,0.0134,1739334776512.9175
5943,2906527232,0,0.046,0.0,-0.2643,-0.0743,0.0,0.0134,1739334776522.919
5944,3074299392,0,0.046,0.0,-0.1321,-0.0836,0.009,0.0134,1739334776532.9204
5945,3242071552,0,0.046,0.0231,-0.1321,-0.0743,0.0,0.0134,1739334776542.9219
5946,3409843712,0,0.046,0.0,-0.1321,-0.0743,0.0,0.0201,1739334776552.9236
5947,3577615872,0,0.046,-0.0231,-0.2643,-0.0743,0.009,0.0134,1739334776562.925
5948,3745388032,0,0.046,0.0,-0.2643,-0.0743,0.0,0.0201,1739334776572.9265
5949,3913160192,0,0.0,0.0,-0.2643,-0.0743,0.0,0.0134,1739334776582.928
5950,4080932352,0,0.046,0.0,-0.2643,-0.0743,0.009,0.0134,1739334776592.9294
5951,4248704512,0,0.046,0.0,-0.1321,-0.0836,0.009,0.0134,1739334776602.931
5952,121574912,0,0.046,0.0231,-0.1321,-0.0836,0.0,0.0134,1739334776612.9324
5953,289347072,0,0.046,0.0,-0.2643,-0.0743,0.009,0.0134,1739334776622.934
5954,457119232,0,0.046,0.0231,-0.2643,-0.0743,0.009,0.0067,1739334776632.9355
5955,624891392,0,0.023,0.0231,-0.2643,-0.0743,0.009,0.0134,1739334776642.937
5956,792663552,0,0.046,0.0231,-0.1321,-0.0836,0.009,0.0134,1739334776652.9385
5957,960435712,0,0.046,0.0,-0.2643,-0.0929,0.0,0.0067,1739334776662.94
5958,1128207872,0,0.0691,-0.0231,-0.1321,-0.065,0.009,0.0134,1739334776672.9414
5959,1295980032,0,0.046,0.0231,-0.2643,-0.0743,0.009,0.0134,1739334776682.9429
5960,1463752192,0,0.046,0.0231,-0.2643,-0.0743,0.0,0.0134,1739334776692.9446
5961,1631524352,0,0.046,0.0,-0.2643,-0.0743,0.009,0.0067,1739334776702.946
5962,1799296512,0,0.023,0.0,-0.2643,-0.0743,0.009,0.0134,1739334776712.9475
5963,1967068672,0,0.046,0.0231,-0.2643,-0.0836,0.009,0.0,1739334776722.949
5964,2134840832,0,0.046,0.0,-0.1321,-0.0929,0.009,0.0067,1739334776732.9504
5965,2302612992,0,0.023,0.0231,-0.2643,-0.0836,0.009,0.0067,1739334776742.952
5966,2470385152,0,0.0691,0.0231,-0.2643,-0.0743,0.009,0.0067,1739334776752.9536
5967,2638157312,0,0.023,0.0,-0.2643,-0.0743,0.009,0.0134,1739334776762.955
5968,2805929472,0,0.023,0.0,-0.2643,-0.0836,0.009,0.0067,1739334776772.9565
5969,2973701632,0,0.046,0.0231,-0.2643,-0.0743,0.009,0.0134,1739334776782.958
5970,3141473792,0,0.023,0.0,-0.1321,-0.0836,0.009,0.0134,1739334776792.9595
5971,3309245952,0,0.023,0.0,-0.2643,-0.0836,0.009,0.0067,1739334776802.961
5972,3477018112,0,0.046,0.0,-0.2643,-0.0743,0.009,0.0134,1739334776812.9624
5973,3644790272,0,0.023,0.0,-0.2643,-0.0836,0.009,0.0067,1739334776822.964
5974,3812562432,0,0.046,0.0,-0.2643,-0.0743,0.009,0.0067,1739334776832.9656
5975,3980334592,0,0.046,0.0,-0.2643,-0.0743,0.009,0.0067,1739334776842.967
5976,4148106752,0,0.046,0.0,-0.1321,-0.065,0.009,0.0067,1739334776852.9685
5977,20977152,0,0.046,0.0,-0.1321,-0.0743,0.0,0.0134,1739334776862.97
5978,188749312,0,0.046,0.0,-0.1321,-0.0743,0.0,0.0134,1739334776872.9714
5979,356521472,0,0.046,0.0,-0.2643,-0.0743,0.009,0.0134,1739334776882.973
5980,524293632,0,0.046,0.0,-0.1321,-0.0743,0.0,0.0134,1739334776892.9746
5981,692065792,0,0.023,0.0231,-0.1321,-0.0743,0.0,0.0134,1739334776902.976
5982,859837952,0,0.046,0.0231,-0.1321,-0.0743,0.0,0.0134,1739334776912.9775
5983,1027610112,0,0.046,0.0,-0.2643,-0.0743,0.009,0.0134,1739334776922.979
5984,1195382272,0,0.046,0.0231,-0.1321,-0.0743,0.0,0.0201,1739334776932.9805
5985,1363154432,0,0.0,0.0,-0.2643,-0.0743,0.009,0.0201,1739334776942.982
5986,1530926592,0,0.023,0.0231,-0.2643,-0.0743,0.009,0.0134,1739334776952.9834
5987,1698698752,0,0.046,0.0231,-0.1321,-0.0743,0.0,0.0134,1739334776962.985
5988,1866470912,0,0.046,0.0,-0.1321,-0.0743,0.0,0.0134,1739334776972.9866
5989,2034243072,0,0.0691,0.0,-0.1321,-0.0743,0.0,0.0067,1739334776982.988
5990,2202015232,0,0.046,0.0,-0.1321,-0.0836,0.0,0.0134,1739334776992.9895
5991,2369787392,0,0.023,0.0,-0.2643,-0.0743,0.009,0.0134,1739334777002.991
5992,2537559552,0,0.046,-0.0231,-0.1321,-0.0836,0.009,0.0134,1739334777012.9924
5993,2705331712,0,0.023,0.0231,-0.2643,-0.0836,0.009,0.0067,1739334777022.994
5994,2873103872,0,0.023,0.0,-0.2643,-0.0743,0.009,0.0134,1739334777032.9956
5995,3040876032,0,0.046,0.0,-0.1321,-0.0743,0.0,0.0134,1739334777042.997
5996,3208648192,0,0.023,0.0,-0.1321,-0.065,0.0,0.0134,1739334777052.9985
5997,3376420352,0,0.023,0.0,-0.1321,-0.065,0.0,0.0067,1739334777063.0
