0,1,2,3,4,5,6,7,8,time
64424,2547583488,0,0.0,0.0462,0.2643,0.0092,-0.0722,0.0134,1739364860789.0
64425,2715355648,0,0.0691,0.0231,0.1321,0.0,-0.0812,-0.0067,1739364860799.0015
64426,2883127808,0,0.0,0.0693,0.1321,0.0092,-0.0722,0.0,1739364860809.003
64427,3050899968,0,-0.023,0.0693,0.0,0.0092,-0.0722,0.0,1739364860819.0044
1,3218672128,0,0.023,0.0462,0.1321,0.0,-0.0632,-0.0067,1739364860829.006
2,3386444288,0,0.0,0.0462,0.1321,0.0,-0.0632,0.0,1739364860839.0076
3,3554216448,0,0.023,0.0462,0.1321,0.0,-0.0812,0.0067,1739364860849.009
4,3721988608,0,0.023,0.0462,0.1321,0.0092,-0.0722,0.0,1739364860859.0105
5,3889760768,0,0.0,0.0462,0.1321,0.0,-0.0632,0.0,1739364860869.012
6,4057532928,0,0.023,0.0231,0.1321,0.0092,-0.0541,-0.0134,1739364860879.0134
7,4225305088,0,0.023,0.0462,0.1321,0.0185,-0.0632,-0.0067,1739364860889.015
8,98175488,0,0.0,0.0462,0.2643,0.0092,-0.0632,-0.0067,1739364860899.0166
9,265947648,0,0.0,0.0462,0.2643,0.0092,-0.0632,0.0,1739364860909.018
10,433719808,0,-0.023,0.0693,0.1321,0.0,-0.0722,0.0,1739364860919.0195
11,601491968,0,0.0,0.0462,0.1321,0.0,-0.0722,-0.0067,1739364860929.021
12,769264128,0,0.0,0.0462,0.1321,0.0,-0.0722,-0.0067,1739364860939.0225
13,937036288,0,0.0,0.0231,0.1321,0.0,-0.0812,0.0,1739364860949.024
14,1104808448,0,0.0,0.0462,0.1321,0.0,-0.0632,-0.0067,1739364860959.0254
15,1272580608,0,-0.023,0.0462,0.1321,0.0,-0.0722,-0.0067,1739364860969.027
16,1440352768,0,0.0691,0.0,0.1321,0.0,-0.0722,-0.0134,1739364860979.0286
17,1608124928,0,0.023,0.0462,0.1321,0.0,-0.0722,0.0,1739364860989.03
18,1775897088,0,0.0,0.0462,0.2643,0.0092,-0.0632,0.0,1739364860999.0315
19,1943669248,0,0.0,0.0693,0.2643,0.0092,-0.0632,-0.0067,1739364861009.033
20,2111441408,0,0.0,0.0462,0.2643,0.0092,-0.0722,0.0067,1739364861019.0344
21,2279213568,0,0.023,0.0462,0.2643,0.0092,-0.0722,0.0,1739364861029.036
22,2446985728,0,0.023,0.0462,0.2643,0.0092,-0.0722,0.0,1739364861039.0376
23,2614757888,0,-0.046,0.0693,0.2643,0.0092,-0.0632,0.0067,1739364861049.039
24,2782530048,0,0.0,0.0693,0.2643,0.0,-0.0632,0.0,1739364861059.0405
25,2950302208,0,0.0,0.0693,0.2643,0.0092,-0.0632,0.0,1739364861069.042
26,3118074368,0,-0.023,0.0462,0.2643,0.0,-0.0632,0.0,1739364861079.0435
27,3285846528,0,0.046,0.0,0.2643,0.0,-0.0632,-0.0067,1739364861089.045
28,3453618688,0,0.0,0.0462,0.2643,0.0,-0.0632,-0.0067,1739364861099.0464
29,3621390848,0,0.0,0.0462,0.2643,0.0092,-0.0632,0.0,1739364861109.048
30,3789163008,0,0.0,0.0231,0.1321,0.0,-0.0812,0.0,1739364861119.0496
31,3956935168,0,0.0,0.0693,0.2643,0.0092,-0.0632,-0.0067,1739364861129.051
32,4124707328,0,0.0,0.0462,0.1321,-0.0092,-0.0722,-0.0134,1739364861139.0525
33,4292479488,0,-0.023,0.0462,0.1321,0.0,-0.0722,0.0,1739364861149.054
34,165349888,0,0.0,0.0693,0.1321,0.0092,-0.0722,0.0,1739364861159.0554
35,333122048,0,0.0,0.0462,0.1321,0.0,-0.0812,0.0067,1739364861169.0571
36,500894208,0,0.023,0.0231,0.1321,0.0,-0.0722,-0.0067,1739364861179.0586
37,668666368,0,-0.023,0.0693,0.2643,0.0092,-0.0722,0.0,1739364861189.06
38,836438528,0,0.0,0.0462,0.1321,0.0,-0.0722,0.0,1739364861199.0615
39,1004210688,0,0.023,0.0462,0.1321,-0.0092,-0.0722,-0.0134,1739364861209.063
40,1171982848,0,0.0,0.0693,0.2643,0.0092,-0.0632,0.0,1739364861219.0645
41,1339755008,0,0.0,0.0693,0.1321,0.0,-0.0722,0.0,1739364861229.066
42,1507527168,0,0.0,0.0462,0.1321,0.0,-0.0722,0.0067,1739364861239.0676
43,1675299328,0,0.023,0.0462,0.1321,0.0,-0.0632,-0.0067,1739364861249.069
44,1843071488,0,0.0,0.0693,0.1321,0.0,-0.0632,0.0,1739364861259.0706
45,2010843648,0,0.046,0.0462,0.1321,-0.0092,-0.0722,-0.0134,1739364861269.072
46,2178615808,0,0.023,0.0231,0.1321,0.0,-0.0722,-0.0067,1739364861279.0735
47,2346387968,0,0.0,0.0462,0.1321,0.0092,-0.0812,0.0,1739364861289.075
48,2514160128,0,0.0,0.0462,0.1321,0.0092,-0.0722,-0.0067,1739364861299.0764
49,2681932288,0,0.023,0.0462,0.1321,0.0,-0.0722,-0.0067,1739364861309.0781
50,2849704448,0,0.0,0.0462,0.1321,0.0,-0.0722,0.0,1739364861319.0796
51,3017476608,0,0.0,0.0231,0.1321,0.0,-0.0812,0.0,1739364861329.081
52,3185248768,0,-0.046,0.0693,0.1321,0.0092,-0.0722,0.0067,1739364861339.0825
53,3353020928,0,-0.023,0.0462,0.2643,0.0092,-0.0632,0.0,1739364861349.084
54,3520793088,0,-0.023,0.0693,0.1321,0.0,-0.0722,0.0,1739364861359.0854
55,3688565248,0,-0.046,0.0924,0.1321,0.0092,-0.0722,0.0067,1739364861369.087
56,3856337408,0,0.023,0.0231,0.2643,0.0092,-0.0632,-0.0067,1739364861379.0886
57,4024109568,0,0.023,0.0693,0.1321,0.0,-0.0722,-0.0067,1739364861389.09
58,4191881728,0,0.0,0.0693,0.1321,0.0092,-0.0722,-0.0067,1739364861399.0916
59,64752128,0,-0.046,0.0693,0.1321,0.0092,-0.0812,0.0067,1739364861409.093
60,232524288,0,-0.023,0.0462,0.1321,0.0,-0.0722,0.0,1739364861419.0945
61,400296448,0,0.0,0.0462,0.2643,0.0092,-0.0632,0.0,1739364861429.096
62,568068608,0,-0.023,0.0693,0.1321,0.0,-0.0722,0.0067,1739364861439.0974
63,735840768,0,0.0,0.0462,0.2643,0.0092,-0.0632,0.0,1739364861449.099
64,903612928,0,0.0,0.0693,0.1321,0.0,-0.0812,0.0067,1739364861459.1006
65,1071385088,0,-0.023,0.0693,0.1321,0.0,-0.0722,0.0,1739364861469.102
66,1239157248,0,0.046,0.0231,0.1321,0.0,-0.0812,0.0,1739364861479.1035
67,1406929408,0,0.0,0.0462,0.1321,0.0092,-0.0812,0.0,1739364861489.105
68,1574701568,0,0.046,0.0231,0.1321,0.0092,-0.0722,-0.0067,1739364861499.1064
69,1742473728,0,-0.023,0.0462,0.1321,0.0092,-0.0903,0.0067,1739364861509.108
70,1910245888,0,0.0,0.0462,0.1321,0.0092,-0.0722,-0.0067,1739364861519.1096
71,2078018048,0,0.0,0.0462,0.1321,0.0,-0.0722,0.0,1739364861529.111
72,2245790208,0,0.023,0.0462,0.1321,0.0092,-0.0722,-0.0067,1739364861539.1125
73,2413562368,0,0.0,0.0462,0.2643,0.0092,-0.0632,-0.0067,1739364861549.114
74,2581334528,0,0.0,0.0462,0.1321,0.0,-0.0722,0.0,1739364861559.1155
75,2749106688,0,0.0,0.0462,0.2643,0.0092,-0.0632,-0.0067,1739364861569.117
76,2916878848,0,0.0,0.0462,0.1321,0.0,-0.0812,0.0067,1739364861579.1184
77,3084651008,0,-0.023,0.0462,0.1321,0.0092,-0.0722,-0.0067,1739364861589.12
78,3252423168,0,0.0,0.0462,0.1321,0.0092,-0.0722,-0.0067,1739364861599.1216
79,3420195328,0,0.0,0.0462,0.1321,0.0092,-0.0632,-0.0134,1739364861609.123
80,3587967488,0,0.0,0.0462,0.1321,0.0092,-0.0632,-0.0067,1739364861619.1245
81,3755739648,0,0.0,0.0462,0.1321,0.0,-0.0722,-0.0067,1739364861629.126
82,3923511808,0,0.0,0.0462,0.1321,0.0,-0.0812,0.0067,1739364861639.1274
83,4091283968,0,0.0,0.0693,0.1321,0.0,-0.0722,-0.0067,1739364861649.129
84,4259056128,0,0.0,0.0462,0.1321,0.0,-0.0722,0.0,1739364861659.1306
85,131926528,0,0.023,0.0462,0.2643,0.0092,-0.0632,-0.0134,1739364861669.132
86,299698688,0,-0.023,0.0693,0.2643,0.0092,-0.0632,0.0,1739364861679.1335
87,467470848,0,0.023,0.0462,0.2643,0.0092,-0.0722,0.0,1739364861689.135
88,635243008,0,0.023,0.0462,0.2643,0.0092,-0.0632,-0.0067,1739364861699.1365
89,803015168,0,0.023,0.0462,0.1321,0.0,-0.0722,0.0,1739364861709.138
90,970787328,0,0.0,0.0693,0.1321,0.0092,-0.0722,0.0,1739364861719.1394
91,1138559488,0,-0.023,0.0693,0.1321,0.0092,-0.0722,-0.0067,1739364861729.141
92,1306331648,0,0.0,0.0231,0.1321,0.0,-0.0812,0.0067,1739364861739.1426
93,1474103808,0,0.023,0.0693,0.2643,0.0092,-0.0632,0.0,1739364861749.144
94,1641875968,0,0.0,0.0462,0.2643,0.0092,-0.0632,-0.0067,1739364861759.1455
95,1809648128,0,0.0,0.0462,0.1321,0.0092,-0.0722,-0.0067,1739364861769.147
96,1977420288,0,-0.023,0.0462,0.1321,0.0185,-0.0722,0.0067,1739364861779.1484
97,2145192448,0,0.0,0.0693,0.1321,0.0,-0.0812,0.0067,1739364861789.1501
98,2312964608,0,-0.023,0.0462,0.1321,0.0092,-0.0632,-0.0067,1739364861799.1516
99,2480736768,0,0.023,0.0231,0.1321,0.0,-0.0812,0.0067,1739364861809.153
100,2648508928,0,0.023,0.0693,0.1321,0.0,-0.0722,0.0,1739364861819.1545
101,2816281088,0,0.0,0.0462,0.2643,0.0092,-0.0632,0.0,1739364861829.156
102,2984053248,0,-0.046,0.0693,0.2643,0.0092,-0.0632,-0.0067,1739364861839.1575
103,3151825408,0,-0.023,0.0693,0.1321,0.0,-0.0722,0.0,1739364861849.159
104,3319597568,0,0.0,0.0462,0.1321,0.0,-0.0722,0.0,1739364861859.1606
105,3487369728,0,-0.046,0.0693,0.1321,0.0,-0.0722,0.0067,1739364861869.162
106,3655141888,0,-0.023,0.0693,0.2643,0.0092,-0.0722,0.0067,1739364861879.1636
107,3822914048,0,0.0,0.0231,0.1321,0.0,-0.0812,0.0,1739364861889.165
108,3990686208,0,0.0,0.0462,0.1321,0.0,-0.0722,0.0067,1739364861899.1665
109,4158458368,0,0.0,0.0462,0.2643,0.0,-0.0632,-0.0067,1739364861909.168
110,31328768,0,0.0,0.0462,0.1321,0.0,-0.0722,-0.0067,1739364861919.1694
111,199100928,0,0.0,0.0693,0.2643,0.0092,-0.0632,-0.0067,1739364861929.1711
112,366873088,0,-0.023,0.0462,0.2643,0.0,-0.0722,0.0067,1739364861939.1726
113,534645248,0,0.0,0.0462,0.2643,0.0092,-0.0632,0.0,1739364861949.174
114,702417408,0,0.0,0.0462,0.1321,0.0092,-0.0541,-0.0067,1739364861959.1755
115,870189568,0,0.0,0.0462,0.1321,0.0092,-0.0541,0.0,1739364861969.177
116,1037961728,0,0.0,0.0693,0.1321,0.0,-0.0722,-0.0067,1739364861979.1785
117,1205733888,0,0.0,0.0462,0.2643,0.0092,-0.0632,0.0,1739364861989.18
118,1373506048,0,0.0,0.0462,0.1321,0.0,-0.0632,0.0,1739364861999.1816
119,1541278208,0,0.0,0.0462,0.1321,0.0,-0.0722,0.0,1739364862009.183
120,1709050368,0,-0.023,0.0462,0.1321,0.0,-0.0632,0.0,1739364862019.1846
121,1876822528,0,0.0,0.0462,0.1321,0.0092,-0.0632,0.0,1739364862029.186
122,2044594688,0,0.023,0.0231,0.1321,0.0092,-0.0632,-0.0067,1739364862039.1875
123,2212366848,0,-0.023,0.0462,0.1321,0.0,-0.0722,0.0067,1739364862049.189
124,2380139008,0,0.0,0.0462,0.1321,0.0,-0.0632,0.0,1739364862059.1904
125,2547911168,0,0.023,0.0462,0.1321,0.0,-0.0812,0.0067,1739364862069.1921
126,2715683328,0,-0.046,0.0924,0.1321,0.0,-0.0812,0.0201,1739364862079.1936
127,2883455488,0,-0.023,0.0462,0.1321,0.0,-0.0632,0.0,1739364862089.195
128,3051227648,0,0.0,0.0231,0.1321,0.0,-0.0632,0.0,1739364862099.1965
129,3218999808,0,-0.023,0.0693,0.2643,0.0092,-0.0722,0.0067,1739364862109.198
130,3386771968,0,0.0,0.0462,0.2643,0.0092,-0.0632,0.0,1739364862119.1995
131,3554544128,0,0.0,0.0462,0.1321,0.0,-0.0722,0.0,1739364862129.201
132,3722316288,0,0.0,0.0693,0.1321,0.0092,-0.0541,-0.0067,1739364862139.2026
133,3890088448,0,0.0,0.0462,0.2643,0.0,-0.0541,0.0,1739364862149.204
134,4057860608,0,-0.023,0.0462,0.1321,0.0,-0.0722,0.0067,1739364862159.2056
135,4225632768,0,0.023,0.0462,0.1321,0.0092,-0.0541,-0.0067,1739364862169.207
136,98503168,0,0.0,0.0462,0.1321,0.0092,-0.0541,0.0,1739364862179.2085
137,266275328,0,-0.023,0.0693,0.1321,0.0092,-0.0541,0.0,1739364862189.21
138,434047488,0,0.046,0.0462,0.2643,0.0,-0.0541,-0.0134,1739364862199.2114
139,601819648,0,0.0,0.0462,0.1321,0.0,-0.0722,-0.0067,1739364862209.2131
140,769591808,0,0.023,0.0462,0.1321,0.0092,-0.0632,-0.0067,1739364862219.2146
141,937363968,0,-0.023,0.0693,0.0,0.0092,-0.0812,0.0067,1739364862229.216
142,1105136128,0,-0.023,0.0231,0.0,0.0092,-0.0812,0.0,1739364862239.2175
143,1272908288,0,0.0,0.0462,0.2643,0.0092,-0.0632,0.0,1739364862249.219
144,1440680448,0,0.0,0.0462,0.1321,0.0,-0.0812,0.0067,1739364862259.2205
145,1608452608,0,0.0,0.0231,0.2643,-0.0092,-0.0632,-0.0134,1739364862269.222
146,1776224768,0,0.0,0.0231,0.2643,0.0092,-0.0722,0.0,1739364862279.2236
147,1943996928,0,0.0,0.0462,0.1321,0.0092,-0.0541,-0.0067,1739364862289.225
148,2111769088,0,-0.046,0.0693,0.1321,0.0,-0.0722,0.0134,1739364862299.2266
149,2279541248,0,0.0,0.0462,0.1321,0.0,-0.0812,0.0134,1739364862309.228
150,2447313408,0,0.0,0.0693,0.1321,0.0092,-0.0632,0.0,1739364862319.2295
151,2615085568,0,-0.023,0.0693,0.1321,0.0092,-0.0722,0.0067,1739364862329.231
152,2782857728,0,-0.023,0.0693,0.1321,0.0,-0.0632,0.0067,1739364862339.2324
153,2950629888,0,0.0,0.0693,0.1321,0.0,-0.0632,0.0,1739364862349.2341
154,3118402048,0,0.0,0.0462,0.1321,0.0,-0.0632,0.0,1739364862359.2356
155,3286174208,0,0.0,0.0462,0.1321,0.0,-0.0722,0.0067,1739364862369.237
156,3453946368,0,0.0,0.0693,0.1321,-0.0092,-0.0541,0.0067,1739364862379.2385
157,3621718528,0,-0.023,0.0693,0.1321,0.0,-0.0632,0.0067,1739364862389.24
158,3789490688,0,0.023,0.0462,0.1321,0.0092,-0.0541,-0.0067,1739364862399.2415
159,3957262848,0,0.023,0.0693,0.1321,0.0,-0.0632,-0.0067,1739364862409.243
160,4125035008,0,-0.023,0.0462,0.1321,0.0,-0.0632,-0.0067,1739364862419.2446
161,4292807168,0,-0.046,0.0462,0.1321,0.0,-0.0722,0.0067,1739364862429.246
162,165677568,0,-0.023,0.0693,0.1321,0.0,-0.0632,0.0,1739364862439.2476
163,333449728,0,0.0,0.0462,0.1321,0.0,-0.0632,0.0,1739364862449.249
164,501221888,0,0.023,0.0462,0.1321,0.0,-0.0632,0.0,1739364862459.2505
165,668994048,0,-0.046,0.0693,0.1321,0.0092,-0.0632,0.0067,1739364862469.252
166,836766208,0,0.023,0.0693,0.1321,0.0,-0.0632,0.0,1739364862479.2537
167,1004538368,0,0.023,0.0462,0.1321,0.0,-0.0632,-0.0134,1739364862489.2551
168,1172310528,0,-0.023,0.0693,0.1321,0.0092,-0.0541,0.0,1739364862499.2566
169,1340082688,0,0.0,0.0231,0.1321,0.0,-0.0722,0.0067,1739364862509.258
170,1507854848,0,0.023,0.0231,0.1321,0.0,-0.0722,0.0,1739364862519.2595
171,1675627008,0,-0.023,0.0693,0.1321,0.0092,-0.0541,0.0,1739364862529.261
172,1843399168,0,0.0,0.0462,0.1321,-0.0092,-0.0541,0.0,1739364862539.2625
173,2011171328,0,0.0,0.0462,0.1321,0.0,-0.0722,0.0067,1739364862549.2642
174,2178943488,0,0.023,0.0462,0.1321,0.0,-0.0632,-0.0067,1739364862559.2656
175,2346715648,0,-0.023,0.0693,0.1321,0.0092,-0.0632,0.0,1739364862569.267
176,2514487808,0,-0.0691,0.0693,0.0,0.0,-0.0632,0.0201,1739364862579.2686
177,2682259968,0,0.0,0.0462,0.1321,-0.0092,-0.0451,0.0,1739364862589.27
178,2850032128,0,0.0,0.0462,0.1321,-0.0092,-0.0541,0.0,1739364862599.2715
179,3017804288,0,0.0,0.0462,0.1321,0.0092,-0.0541,-0.0067,1739364862609.273
180,3185576448,0,0.0,0.0462,0.1321,0.0,-0.0722,0.0067,1739364862619.2747
181,3353348608,0,0.0,0.0462,0.1321,0.0,-0.0632,-0.0067,1739364862629.2761
182,3521120768,0,0.023,0.0462,0.2643,0.0,-0.0541,-0.0067,1739364862639.2776
183,3688892928,0,-0.023,0.0693,0.1321,0.0092,-0.0541,0.0,1739364862649.279
184,3856665088,0,-0.023,0.0462,0.1321,0.0,-0.0632,0.0,1739364862659.2805
185,4024437248,0,0.0,0.0462,0.1321,0.0,-0.0722,0.0067,1739364862669.282
186,4192209408,0,-0.0691,0.0462,0.1321,-0.0092,-0.0632,0.0201,1739364862679.2834
187,65079808,0,-0.023,0.0462,0.1321,0.0092,-0.0541,0.0067,1739364862689.2852
188,232851968,0,-0.023,0.0693,0.1321,0.0185,-0.0541,0.0,1739364862699.2866
189,400624128,0,0.0,0.0462,0.1321,0.0092,-0.0541,0.0,1739364862709.288
190,568396288,0,0.0,0.0462,0.1321,0.0,-0.0632,0.0,1739364862719.2896
191,736168448,0,0.0,0.0462,0.1321,0.0092,-0.0541,-0.0067,1739364862729.291
192,903940608,0,0.023,0.0231,0.1321,0.0092,-0.0541,-0.0067,1739364862739.2925
193,1071712768,0,-0.023,0.0462,0.1321,0.0,-0.0722,0.0067,1739364862749.294
194,1239484928,0,0.0,0.0462,0.1321,0.0,-0.0632,0.0,1739364862759.2957
195,1407257088,0,-0.023,0.0462,0.1321,0.0,-0.0632,0.0,1739364862769.297
196,1575029248,0,0.046,0.0231,0.1321,0.0092,-0.0541,-0.0134,1739364862779.2986
197,1742801408,0,0.046,0.0693,0.1321,0.0,-0.0722,-0.0067,1739364862789.3
198,1910573568,0,0.0,0.0462,0.1321,0.0,-0.0632,-0.0067,1739364862799.3015
199,2078345728,0,0.023,0.0462,0.1321,0.0,-0.0632,-0.0134,1739364862809.303
200,2246117888,0,-0.023,0.0924,0.1321,0.0,-0.0632,0.0,1739364862819.3044
201,2413890048,0,0.0,0.0462,0.1321,0.0092,-0.0541,0.0,1739364862829.3062
202,2581662208,0,0.0,0.0462,0.1321,0.0,-0.0722,0.0067,1739364862839.3076
203,2749434368,0,0.046,0.0231,0.1321,0.0092,-0.0632,-0.0067,1739364862849.309
204,2917206528,0,0.046,0.0462,0.1321,0.0,-0.0632,-0.0134,1739364862859.3105
205,3084978688,0,0.023,0.0462,0.1321,0.0092,-0.0541,-0.0067,1739364862869.312
206,3252750848,0,0.023,0.0693,0.1321,0.0,-0.0632,0.0,1739364862879.3135
207,3420523008,0,0.023,0.0462,0.1321,-0.0092,-0.0722,0.0067,1739364862889.315
208,3588295168,0,0.023,0.0462,0.1321,0.0,-0.0722,0.0067,1739364862899.3167
209,3756067328,0,-0.023,0.0693,0.1321,0.0,-0.0632,0.0067,1739364862909.318
210,3923839488,0,-0.023,0.0462,0.1321,0.0,-0.0722,0.0067,1739364862919.3196
211,4091611648,0,0.0,0.0462,0.1321,0.0,-0.0632,0.0,1739364862929.321
212,4259383808,0,-0.046,0.0693,0.1321,0.0,-0.0632,0.0,1739364862939.3225
213,132254208,0,-0.023,0.0462,0.2643,0.0,-0.0632,-0.0067,1739364862949.324
214,300026368,0,0.0,0.0462,0.1321,0.0,-0.0632,0.0,1739364862959.3254
215,467798528,0,-0.023,0.0693,0.1321,0.0092,-0.0541,0.0,1739364862969.3271
216,635570688,0,0.023,0.0,0.1321,0.0,-0.0632,-0.0067,1739364862979.3286
217,803342848,0,0.0,0.0462,0.1321,0.0092,-0.0632,-0.0067,1739364862989.33
218,971115008,0,0.0,0.0231,0.1321,0.0,-0.0632,-0.0067,1739364862999.3315
219,1138887168,0,0.0,0.0693,0.1321,0.0,-0.0632,0.0,1739364863009.333
220,1306659328,0,0.0,0.0462,0.1321,0.0,-0.0632,0.0,1739364863019.3345
221,1474431488,0,0.0,0.0462,0.1321,0.0,-0.0722,0.0067,1739364863029.336
222,1642203648,0,-0.023,0.0462,0.1321,0.0,-0.0722,0.0067,1739364863039.3376
223,1809975808,0,0.0,0.0462,0.1321,0.0,-0.0722,0.0067,1739364863049.339
224,1977747968,0,0.0,0.0462,0.1321,0.0092,-0.0632,0.0,1739364863059.3406
225,2145520128,0,0.0,0.0462,0.1321,-0.0092,-0.0541,0.0,1739364863069.342
226,2313292288,0,0.046,0.0924,0.1321,-0.0092,-0.0632,-0.0201,1739364863079.3435
227,2481064448,0,0.023,0.0693,0.1321,-0.0185,-0.0541,-0.0067,1739364863089.345
228,2648836608,0,0.0,0.0693,0.1321,0.0,-0.0632,0.0,1739364863099.3467
229,2816608768,0,-0.023,0.0693,0.1321,0.0,-0.0632,0.0067,1739364863109.3481
230,2984380928,0,0.023,0.0462,0.1321,0.0,-0.0632,-0.0134,1739364863119.3496
231,3152153088,0,0.0,0.0693,0.1321,0.0,-0.0632,0.0,1739364863129.351
232,3319925248,0,-0.023,0.0693,0.1321,0.0,-0.0632,0.0067,1739364863139.3525
233,3487697408,0,0.023,0.0231,0.2643,0.0,-0.0541,-0.0067,1739364863149.354
234,3655469568,0,0.0,0.0693,0.1321,0.0,-0.0632,0.0,1739364863159.3555
235,3823241728,0,-0.023,0.0693,0.1321,0.0,-0.0632,0.0,1739364863169.3572
236,3991013888,0,-0.023,-0.0231,0.1321,0.0,-0.0722,0.0201,1739364863179.3586
237,4158786048,0,0.0,0.0231,0.1321,0.0092,-0.0632,0.0,1739364863189.36
238,31656448,0,0.023,0.0462,0.1321,0.0,-0.0632,-0.0067,1739364863199.3616
239,199428608,0,-0.023,0.0462,0.1321,0.0,-0.0722,0.0067,1739364863209.363
240,367200768,0,0.023,0.0462,0.0,0.0,-0.0632,0.0,1739364863219.3645
241,534972928,0,0.023,0.0462,0.1321,0.0,-0.0722,0.0067,1739364863229.366
242,702745088,0,0.0,0.0693,0.1321,0.0092,-0.0541,0.0,1739364863239.3677
243,870517248,0,0.0,0.0462,0.1321,0.0,-0.0632,0.0,1739364863249.3691
244,1038289408,0,-0.023,0.0693,0.0,0.0,-0.0541,0.0,1739364863259.3706
245,1206061568,0,0.023,0.0462,0.1321,-0.0092,-0.0541,0.0,1739364863269.372
246,1373833728,0,0.0,0.0462,0.0,0.0,-0.0722,0.0067,1739364863279.3735
247,1541605888,0,0.0,0.0231,0.1321,-0.0092,-0.0541,0.0,1739364863289.375
248,1709378048,0,-0.023,0.0462,0.1321,0.0,-0.0722,0.0134,1739364863299.3765
249,1877150208,0,0.0,0.0693,0.1321,0.0,-0.0632,0.0,1739364863309.3782
250,2044922368,0,0.0,0.0462,0.1321,0.0,-0.0722,0.0134,1739364863319.3796
251,2212694528,0,-0.023,0.0693,0.1321,0.0,-0.0632,0.0067,1739364863329.381
252,2380466688,0,0.046,0.0462,0.1321,0.0,-0.0722,0.0,1739364863339.3826
253,2548238848,0,0.0,0.0462,0.1321,0.0,-0.0632,0.0,1739364863349.384
254,2716011008,0,0.0,0.0462,0.1321,0.0,-0.0632,-0.0067,1739364863359.3855
255,2883783168,0,-0.023,0.0693,0.1321,0.0,-0.0722,-0.0067,1739364863369.387
256,3051555328,0,-0.023,0.0693,0.1321,0.0,-0.0632,0.0067,1739364863379.3887
257,3219327488,0,-0.046,0.0693,0.2643,-0.0092,-0.0722,0.0067,1739364863389.3901
258,3387099648,0,0.0,0.0462,0.1321,0.0,-0.0632,0.0,1739364863399.3916
259,3554871808,0,0.0,0.0462,0.1321,0.0,-0.0632,-0.0067,1739364863409.393
260,3722643968,0,0.0,0.0693,0.1321,0.0,-0.0632,0.0,1739364863419.3945
261,3890416128,0,0.023,0.0693,0.1321,0.0,-0.0632,0.0,1739364863429.396
262,4058188288,0,0.0,0.0462,0.1321,0.0,-0.0632,-0.0067,1739364863439.3975
263,4225960448,0,0.0,0.0462,0.2643,0.0,-0.0632,0.0,1739364863449.3992
264,98830848,0,0.023,0.0462,0.1321,0.0,-0.0632,-0.0067,1739364863459.4006
265,266603008,0,0.023,0.0462,0.0,0.0,-0.0541,-0.0067,1739364863469.402
266,434375168,0,-0.023,0.0462,0.1321,-0.0092,-0.0541,0.0,1739364863479.4036
267,602147328,0,0.0,0.0231,0.1321,-0.0092,-0.0541,0.0,1739364863489.405
268,769919488,0,-0.046,0.0462,0.1321,-0.0092,-0.0541,0.0067,1739364863499.4065
269,937691648,0,-0.023,0.0462,0.1321,0.0092,-0.0632,0.0,1739364863509.408
270,1105463808,0,-0.023,0.0462,0.1321,0.0,-0.0632,0.0,1739364863519.4097
271,1273235968,0,0.023,0.0231,0.1321,0.0,-0.0632,-0.0067,1739364863529.4111
272,1441008128,0,0.0,0.0462,0.1321,0.0,-0.0632,0.0,1739364863539.4126
273,1608780288,0,0.0,0.0693,0.1321,0.0092,-0.0632,0.0,1739364863549.414
274,1776552448,0,0.023,0.0462,0.1321,0.0,-0.0632,-0.0134,1739364863559.4155
275,1944324608,0,0.023,0.0462,0.1321,0.0,-0.0632,-0.0134,1739364863569.417
276,2112096768,0,0.0,0.0462,0.1321,0.0,-0.0632,0.0,1739364863579.4185
277,2279868928,0,0.0,0.0462,0.1321,0.0092,-0.0541,-0.0067,1739364863589.4202
278,2447641088,0,0.0,0.0693,0.2643,0.0092,-0.0632,0.0,1739364863599.4216
279,2615413248,0,0.0,0.0462,0.1321,0.0,-0.0632,-0.0067,1739364863609.423
280,2783185408,0,0.023,0.0462,0.1321,0.0,-0.0632,-0.0067,1739364863619.4246
281,2950957568,0,-0.023,0.0693,0.1321,0.0,-0.0722,0.0134,1739364863629.426
282,3118729728,0,0.0,0.0462,0.1321,0.0,-0.0632,0.0,1739364863639.4275
283,3286501888,0,0.0,0.0462,0.2643,0.0,-0.0632,0.0,1739364863649.429
284,3454274048,0,-0.023,0.0924,0.1321,0.0092,-0.0541,0.0067,1739364863659.4307
285,3622046208,0,-0.023,0.0462,0.2643,-0.0092,-0.0722,0.0,1739364863669.4321
286,3789818368,0,-0.046,0.0462,0.1321,0.0092,-0.0632,0.0134,1739364863679.4336
287,3957590528,0,0.0,0.0231,0.2643,0.0,-0.0541,0.0,1739364863689.435
288,4125362688,0,-0.023,0.0462,0.1321,0.0092,-0.0541,0.0,1739364863699.4365
289,4293134848,0,0.0,0.0462,0.1321,0.0092,-0.0541,0.0,1739364863709.438
290,166005248,0,-0.023,0.0693,0.1321,0.0,-0.0632,0.0,1739364863719.4395
291,333777408,0,0.023,0.0231,0.2643,0.0,-0.0632,0.0,1739364863729.4412
292,501549568,0,0.0,0.0693,0.1321,0.0,-0.0632,0.0,1739364863739.4426
293,669321728,0,-0.046,0.0693,0.1321,0.0,-0.0722,0.0134,1739364863749.444
294,837093888,0,-0.023,0.0462,0.1321,0.0092,-0.0632,0.0067,1739364863759.4456
295,1004866048,0,0.0,0.0462,0.2643,0.0,-0.0722,0.0067,1739364863769.447
296,1172638208,0,0.046,0.0462,0.1321,-0.0092,-0.0722,-0.0201,1739364863779.4485
297,1340410368,0,-0.023,0.0693,0.2643,-0.0185,-0.0722,-0.0067,1739364863789.4502
298,1508182528,0,0.023,0.0462,0.1321,0.0,-0.0632,0.0,1739364863799.4517
299,1675954688,0,-0.023,0.0693,0.1321,0.0092,-0.0722,0.0067,1739364863809.4531
300,1843726848,0,-0.023,0.0462,0.1321,-0.0092,-0.0541,0.0067,1739364863819.4546
301,2011499008,0,-0.023,0.0462,0.1321,0.0,-0.0632,0.0,1739364863829.456
302,2179271168,0,0.0,0.0693,0.1321,0.0092,-0.0632,-0.0067,1739364863839.4575
303,2347043328,0,0.046,0.0231,0.1321,0.0,-0.0632,-0.0067,1739364863849.459
304,2514815488,0,0.0,0.0462,0.1321,0.0,-0.0632,0.0,1739364863859.4607
305,2682587648,0,0.023,0.0462,0.1321,0.0,-0.0632,-0.0067,1739364863869.4622
306,2850359808,0,-0.023,0.0693,0.1321,0.0,-0.0722,0.0,1739364863879.4636
307,3018131968,0,0.0,0.0231,0.1321,-0.0092,-0.0541,0.0,1739364863889.465
308,3185904128,0,0.0,0.0462,0.1321,0.0092,-0.0632,0.0,1739364863899.4666
309,3353676288,0,-0.023,0.0231,0.1321,0.0,-0.0722,0.0067,1739364863909.468
310,3521448448,0,-0.023,0.0462,0.1321,0.0,-0.0722,0.0134,1739364863919.4695
311,3689220608,0,0.0,0.0462,0.1321,0.0,-0.0632,0.0,1739364863929.4712
312,3856992768,0,0.023,0.0462,0.1321,0.0,-0.0632,0.0,1739364863939.4727
313,4024764928,0,-0.023,0.0693,0.1321,0.0,-0.0632,0.0,1739364863949.474
314,4192537088,0,-0.023,0.0693,0.1321,0.0092,-0.0632,0.0,1739364863959.4756
315,65407488,0,-0.023,0.0462,0.1321,0.0092,-0.0632,0.0,1739364863969.477
316,233179648,0,-0.046,-0.0231,0.0,0.0,-0.0541,-0.0067,1739364863979.4785
317,400951808,0,0.0,0.0462,0.1321,0.0,-0.0632,-0.0067,1739364863989.48
318,568723968,0,0.0,0.0462,0.0,0.0,-0.0541,-0.0067,1739364863999.4817
319,736496128,0,0.023,0.0462,0.0,0.0,-0.0632,0.0,1739364864009.4832
320,904268288,0,-0.023,0.0693,0.0,-0.0092,-0.0632,0.0067,1739364864019.4846
321,1072040448,0,-0.023,0.0462,0.1321,0.0,-0.0722,0.0067,1739364864029.486
322,1239812608,0,-0.023,0.0462,0.1321,0.0,-0.0722,0.0067,1739364864039.4875
323,1407584768,0,0.046,0.0231,0.1321,0.0,-0.0632,-0.0067,1739364864049.489
324,1575356928,0,0.023,0.0462,0.1321,0.0,-0.0632,-0.0067,1739364864059.4905
325,1743129088,0,0.0,0.0462,0.1321,0.0,-0.0632,0.0,1739364864069.4922
326,1910901248,0,0.0,0.0693,0.0,0.0092,-0.0722,-0.0134,1739364864079.4937
327,2078673408,0,0.0,0.0462,0.1321,-0.0092,-0.0722,0.0067,1739364864089.495
328,2246445568,0,0.0,0.0693,0.1321,0.0,-0.0722,0.0,1739364864099.4966
329,2414217728,0,0.0,0.0462,0.1321,0.0092,-0.0632,0.0,1739364864109.498
330,2581989888,0,0.0,0.0462,0.0,-0.0092,-0.0632,0.0,1739364864119.4995
331,2749762048,0,0.0,0.0462,0.0,0.0,-0.0632,0.0,1739364864129.501
332,2917534208,0,0.0,0.0693,0.0,0.0,-0.0632,-0.0067,1739364864139.5027
333,3085306368,0,0.0,0.0462,0.1321,0.0092,-0.0722,0.0067,1739364864149.5042
334,3253078528,0,0.0,0.0231,0.0,0.0092,-0.0812,0.0,1739364864159.5056
335,3420850688,0,0.023,0.0462,0.1321,0.0,-0.0632,-0.0067,1739364864169.507
336,3588622848,0,0.0,0.0924,0.0,-0.0092,-0.0632,0.0067,1739364864179.5085
337,3756395008,0,0.023,0.0462,0.2643,0.0,-0.0541,0.0,1739364864189.51
338,3924167168,0,0.0,0.0462,0.1321,0.0,-0.0722,0.0067,1739364864199.5115
339,4091939328,0,0.023,0.0462,0.0,0.0,-0.0632,-0.0067,1739364864209.5132
340,4259711488,0,0.023,0.0462,0.0,0.0,-0.0632,0.0,1739364864219.5146
341,132581888,0,0.0,0.0462,0.0,0.0092,-0.0812,0.0,1739364864229.516
342,300354048,0,0.0,0.0462,0.1321,0.0,-0.0722,-0.0067,1739364864239.5176
343,468126208,0,-0.023,0.0693,0.1321,0.0092,-0.0903,0.0067,1739364864249.519
344,635898368,0,0.0,0.0462,0.0,-0.0092,-0.0812,-0.0067,1739364864259.5205
345,803670528,0,0.023,0.0231,0.0,0.0092,-0.0722,-0.0067,1739364864269.522
346,971442688,0,-0.046,0.0693,0.0,0.0092,-0.0812,0.0134,1739364864279.5237
347,1139214848,0,-0.023,0.0693,0.0,0.0,-0.0541,0.0,1739364864289.5251
348,1306987008,0,0.0,0.0462,0.0,0.0,-0.0722,0.0067,1739364864299.5266
349,1474759168,0,0.023,0.0462,0.1321,0.0,-0.0722,-0.0067,1739364864309.528
350,1642531328,0,0.0,0.0462,0.1321,0.0,-0.0632,0.0,1739364864319.5295
351,1810303488,0,-0.023,0.0462,0.1321,0.0,-0.0632,-0.0067,1739364864329.531
352,1978075648,0,0.0,0.0462,0.1321,-0.0092,-0.0722,-0.0134,1739364864339.5325
353,2145847808,0,-0.046,0.0924,0.1321,0.0,-0.0812,0.0,1739364864349.5342
354,2313619968,0,0.0,0.0462,0.1321,0.0,-0.0722,-0.0067,1739364864359.5356
355,2481392128,0,0.046,0.0462,0.1321,-0.0092,-0.0632,0.0067,1739364864369.537
356,2649164288,0,0.023,0.0693,0.1321,0.0,-0.0722,-0.0067,1739364864379.5386
357,2816936448,0,0.0,0.0462,0.1321,-0.0185,-0.0812,-0.0067,1739364864389.54
358,2984708608,0,0.0,0.0462,0.0,0.0092,-0.0812,0.0,1739364864399.5415
359,3152480768,0,-0.023,0.0462,0.0,0.0092,-0.0812,0.0067,1739364864409.543
360,3320252928,0,0.046,0.0462,0.1321,0.0,-0.0632,-0.0067,1739364864419.5447
361,3488025088,0,-0.023,0.0693,0.1321,0.0,-0.0812,0.0,1739364864429.5461
362,3655797248,0,0.0,0.0462,0.0,0.0,-0.0541,-0.0067,1739364864439.5476
363,3823569408,0,0.023,0.0462,0.1321,0.0,-0.0632,0.0,1739364864449.549
364,3991341568,0,0.0,0.0462,0.0,0.0,-0.0541,0.0,1739364864459.5505
365,4159113728,0,0.0,0.0693,0.0,0.0092,-0.0722,-0.0067,1739364864469.552
366,31984128,0,0.023,0.0693,0.0,0.0092,-0.0722,-0.0067,1739364864479.5537
367,199756288,0,-0.023,0.0693,0.1321,0.0,-0.0722,0.0,1739364864489.5552
368,367528448,0,0.023,0.0462,0.1321,0.0092,-0.0722,0.0,1739364864499.5566
369,535300608,0,-0.023,0.0462,0.1321,0.0092,-0.0812,-0.0067,1739364864509.558
370,703072768,0,0.0,0.0693,0.1321,0.0092,-0.0451,0.0,1739364864519.5596
371,870844928,0,0.0,0.0462,0.1321,0.0092,-0.0632,0.0,1739364864529.561
372,1038617088,0,-0.046,0.0693,0.0,0.0,-0.0903,0.0,1739364864539.5625
373,1206389248,0,-0.023,0.0462,0.0,-0.0092,-0.0903,-0.0067,1739364864549.5642
374,1374161408,0,0.0,0.0693,0.1321,0.0,-0.0812,0.0,1739364864559.5657
375,1541933568,0,0.046,0.0693,0.1321,0.0,-0.0361,-0.0067,1739364864569.5671
376,1709705728,0,0.0,0.0924,0.0,0.0,-0.0451,0.0134,1739364864579.5686
377,1877477888,0,-0.023,0.0693,0.1321,-0.0092,-0.0722,0.0067,1739364864589.57
378,2045250048,0,-0.046,0.0462,0.1321,0.0,-0.0993,0.0067,1739364864599.5715
379,2213022208,0,-0.023,0.0462,0.0,-0.0092,-0.0903,-0.0067,1739364864609.573
380,2380794368,0,-0.046,0.0462,0.0,-0.0092,-0.0903,0.0,1739364864619.5747
381,2548566528,0,-0.023,0.0462,0.0,0.0,-0.0903,0.0,1739364864629.5762
382,2716338688,0,-0.023,0.0462,0.0,0.0,-0.0903,0.0067,1739364864639.5776
383,2884110848,0,0.0,0.0231,0.1321,0.0,-0.0722,-0.0067,1739364864649.579
384,3051883008,0,-0.023,0.0693,0.0,0.0,-0.0903,0.0,1739364864659.5806
385,3219655168,0,0.0,0.0462,0.0,0.0092,-0.0812,0.0,1739364864669.582
386,3387427328,0,0.046,0.0462,0.1321,0.0,-0.0812,0.0,1739364864679.5835
387,3555199488,0,0.046,0.0462,0.1321,0.0092,-0.0451,-0.0067,1739364864689.5852
388,3722971648,0,0.0,0.0462,0.0,0.0,-0.0632,-0.0067,1739364864699.5867
389,3890743808,0,-0.023,0.0462,0.0,0.0,-0.0903,0.0,1739364864709.5881
390,4058515968,0,0.0,0.0462,0.0,0.0,-0.0903,0.0067,1739364864719.5896
391,4226288128,0,0.046,0.0462,0.0,0.0,-0.0903,0.0,1739364864729.591
392,99158528,0,0.023,0.0462,0.0,0.0,-0.0632,0.0067,1739364864739.5925
393,266930688,0,-0.046,0.0693,0.0,0.0,-0.0993,0.0067,1739364864749.594
394,434702848,0,-0.023,0.0462,0.0,-0.0278,-0.1083,0.0,1739364864759.5957
395,602475008,0,0.0,0.0462,0.0,-0.0092,-0.0993,-0.0067,1739364864769.5972
396,770247168,0,0.0,0.0462,0.1321,0.0,-0.0812,0.0,1739364864779.5986
397,938019328,0,0.046,0.0462,0.0,0.0,-0.0541,-0.0134,1739364864789.6
398,1105791488,0,0.0,0.0462,0.0,0.0,-0.0541,0.0067,1739364864799.6016
399,1273563648,0,0.023,0.0231,0.0,0.0,-0.0632,0.0067,1739364864809.603
400,1441335808,0,0.023,0.0231,0.0,0.0092,-0.0541,0.0,1739364864819.6045
401,1609107968,0,-0.023,0.0462,0.0,0.0,-0.0632,0.0067,1739364864829.6062
402,1776880128,0,-0.023,0.0462,0.0,0.0,-0.0812,0.0,1739364864839.6077
403,1944652288,0,-0.0691,0.0462,0.0,-0.0092,-0.1083,0.0,1739364864849.6091
404,2112424448,0,-0.023,0.0462,0.1321,-0.0092,-0.0993,-0.0067,1739364864859.6106
405,2280196608,0,0.023,0.0231,0.1321,0.0092,-0.0632,-0.0067,1739364864869.612
406,2447968768,0,0.023,0.0462,0.0,0.0,-0.0541,0.0,1739364864879.6135
407,2615740928,0,0.046,0.0462,0.0,0.0,-0.0361,0.0,1739364864889.615
408,2783513088,0,0.0691,0.0462,0.0,0.0,-0.0451,-0.0067,1739364864899.6167
409,2951285248,0,-0.023,0.0462,0.0,0.0,-0.0903,0.0,1739364864909.6182
410,3119057408,0,0.0,0.0462,0.0,0.0,-0.0903,0.0,1739364864919.6196
411,3286829568,0,-0.0691,0.0693,0.0,0.0092,-0.0993,0.0067,1739364864929.621
412,3454601728,0,0.0,0.0693,0.1321,-0.0092,-0.0993,0.0134,1739364864939.6226
413,3622373888,0,0.023,0.0693,0.1321,0.0,-0.0722,0.0,1739364864949.624
414,3790146048,0,0.0,0.0693,0.0,0.0,-0.0632,-0.0067,1739364864959.6255
415,3957918208,0,0.046,0.0462,0.1321,-0.0092,-0.0541,0.0,1739364864969.6272
416,4125690368,0,0.023,0.0462,0.0,0.0092,-0.0451,-0.0067,1739364864979.6287
417,4293462528,0,0.0,0.0462,0.0,-0.0185,-0.0722,-0.0067,1739364864989.6301
418,166332928,0,-0.046,0.0462,0.0,-0.0092,-0.0993,-0.0067,1739364864999.6316
419,334105088,0,-0.046,0.0462,0.0,0.0092,-0.0903,0.0067,1739364865009.633
420,501877248,0,-0.023,0.0462,0.0,0.0,-0.0812,0.0,1739364865019.6345
421,669649408,0,0.0,0.0462,0.0,-0.0092,-0.0812,0.0,1739364865029.636
422,837421568,0,0.023,0.0462,0.0,0.0,-0.0632,0.0,1739364865039.6377
423,1005193728,0,-0.023,0.0462,0.0,-0.0092,-0.0812,-0.0067,1739364865049.6392
424,1172965888,0,0.023,0.0462,-0.1321,0.0092,-0.0632,0.0,1739364865059.6406
425,1340738048,0,0.0,0.0231,-0.1321,0.0092,-0.0993,0.0,1739364865069.642
426,1508510208,0,0.0,0.0462,-0.1321,0.0092,-0.0903,-0.0067,1739364865079.6436
427,1676282368,0,0.023,0.0231,0.0,0.0,-0.0541,0.0,1739364865089.645
428,1844054528,0,0.0691,0.0462,0.0,0.0,-0.027,-0.0067,1739364865099.6467
429,2011826688,0,0.0,0.0693,0.0,0.0,-0.0722,0.0067,1739364865109.6482
430,2179598848,0,-0.023,0.0693,0.0,-0.0092,-0.0993,0.0,1739364865119.6497
431,2347371008,0,0.0,0.0231,0.0,0.0092,-0.0993,0.0,1739364865129.6511
432,2515143168,0,-0.023,0.0462,0.0,0.0092,-0.0903,0.0067,1739364865139.6526
433,2682915328,0,-0.023,0.0462,0.0,0.0092,-0.0903,0.0,1739364865149.654
434,2850687488,0,0.0,0.0231,0.0,0.0185,-0.0812,0.0,1739364865159.6555
435,3018459648,0,-0.023,0.0231,0.0,0.0092,-0.0993,0.0,1739364865169.6572
436,3186231808,0,-0.023,0.0462,0.0,0.0092,-0.0993,0.0,1739364865179.6587
437,3354003968,0,0.0691,0.0462,0.0,0.0185,-0.0451,-0.0067,1739364865189.6602
438,3521776128,0,0.046,0.0231,0.0,0.0185,-0.0451,0.0,1739364865199.6616
439,3689548288,0,0.023,0.0231,0.0,0.0092,-0.0722,0.0,1739364865209.663
440,3857320448,0,0.0,0.0462,0.0,-0.0092,-0.0993,-0.0067,1739364865219.6646
441,4025092608,0,-0.023,0.0462,0.0,0.0,-0.0993,-0.0067,1739364865229.666
442,4192864768,0,0.0,0.0693,0.0,0.0185,-0.0722,-0.0134,1739364865239.6677
443,65735168,0,-0.023,0.0462,0.1321,0.0092,-0.0812,0.0,1739364865249.6692
444,233507328,0,-0.046,0.0693,0.0,0.0,-0.0993,0.0067,1739364865259.6707
445,401279488,0,0.0,0.0693,0.0,0.0092,-0.0722,0.0,1739364865269.672
446,569051648,0,0.023,0.0462,0.0,0.0092,-0.0722,0.0,1739364865279.6736
447,736823808,0,0.023,0.0693,0.0,0.0092,-0.0722,0.0067,1739364865289.675
448,904595968,0,0.023,0.0462,0.0,0.0092,-0.0632,-0.0067,1739364865299.6765
449,1072368128,0,0.023,0.0462,0.0,0.0092,-0.0632,-0.0067,1739364865309.6782
450,1240140288,0,0.046,0.0462,0.0,0.0092,-0.0451,-0.0067,1739364865319.6797
451,1407912448,0,0.046,0.0462,0.0,0.0185,-0.0451,0.0,1739364865329.6812
452,1575684608,0,0.0,0.0462,0.0,0.0,-0.0812,0.0,1739364865339.6826
453,1743456768,0,-0.023,0.0693,0.0,0.0092,-0.0993,0.0,1739364865349.684
454,1911228928,0,-0.023,0.0462,0.0,0.0092,-0.0993,0.0,1739364865359.6855
455,2079001088,0,-0.046,0.0462,0.0,0.0092,-0.1173,0.0067,1739364865369.687
456,2246773248,0,-0.023,0.0231,0.0,0.0092,-0.0903,0.0,1739364865379.6887
457,2414545408,0,0.046,0.0462,0.0,0.0,-0.0722,0.0067,1739364865389.6902
458,2582317568,0,0.023,0.0231,-0.1321,0.0,-0.0903,-0.0134,1739364865399.6917
459,2750089728,0,-0.046,0.0462,-0.1321,0.0092,-0.0903,0.0,1739364865409.693
460,2917861888,0,0.0,0.0462,0.0,0.0092,-0.0812,0.0,1739364865419.6946
461,3085634048,0,0.0,0.0462,0.0,0.0185,-0.0722,-0.0067,1739364865429.696
462,3253406208,0,-0.046,0.0462,0.0,-0.0092,-0.0993,0.0,1739364865439.6975
463,3421178368,0,0.023,0.0462,0.0,0.0092,-0.0722,0.0,1739364865449.6992
464,3588950528,0,-0.023,0.0462,-0.1321,0.0092,-0.0903,0.0,1739364865459.7007
465,3756722688,0,0.0,0.0462,0.0,0.0,-0.0722,0.0067,1739364865469.7021
466,3924494848,0,-0.046,0.0231,0.0,0.0092,-0.0812,0.0,1739364865479.7036
467,4092267008,0,0.0,0.0462,0.1321,0.0,-0.0903,0.0067,1739364865489.705
468,4260039168,0,-0.023,0.0693,0.0,0.0185,-0.0722,-0.0067,1739364865499.7065
469,132909568,0,-0.023,0.0462,0.1321,0.0092,-0.0812,0.0,1739364865509.708
470,300681728,0,0.0,0.0693,0.0,0.0185,-0.0812,0.0067,1739364865519.7097
471,468453888,0,-0.046,0.0462,0.0,0.0092,-0.0903,0.0,1739364865529.7112
472,636226048,0,-0.023,0.0462,0.0,0.0092,-0.0903,0.0067,1739364865539.7126
473,803998208,0,0.0,0.0462,0.0,0.0092,-0.0993,0.0,1739364865549.714
474,971770368,0,0.0,0.0462,0.0,0.0,-0.0903,0.0,1739364865559.7156
475,1139542528,0,-0.023,0.0693,0.0,0.0,-0.0812,0.0067,1739364865569.717
476,1307314688,0,-0.046,0.0693,0.0,0.0,-0.0993,0.0134,1739364865579.7185
477,1475086848,0,-0.023,0.0462,0.0,0.0092,-0.1083,0.0067,1739364865589.7202
478,1642859008,0,0.0,0.0462,-0.1321,0.0092,-0.0993,0.0067,1739364865599.7217
479,1810631168,0,0.023,0.0462,-0.1321,0.0,-0.0722,-0.0067,1739364865609.7231
480,1978403328,0,0.0,0.0462,0.0,0.0092,-0.0812,-0.0067,1739364865619.7246
481,2146175488,0,0.023,0.0462,0.0,-0.0092,-0.0903,-0.0067,1739364865629.726
482,2313947648,0,-0.023,0.0231,0.0,0.0,-0.0903,0.0,1739364865639.7275
483,2481719808,0,-0.023,0.0231,0.0,0.0092,-0.0903,0.0,1739364865649.729
484,2649491968,0,0.0,0.0462,-0.1321,0.0092,-0.0993,0.0067,1739364865659.7307
485,2817264128,0,0.0,0.0462,0.0,-0.0092,-0.0812,-0.0067,1739364865669.7322
486,2985036288,0,0.0,0.0462,-0.1321,0.0092,-0.0993,0.0,1739364865679.7336
487,3152808448,0,0.0,0.0693,0.0,0.0092,-0.0812,0.0,1739364865689.735
488,3320580608,0,0.0,0.0462,0.0,0.0185,-0.0722,-0.0067,1739364865699.7366
489,3488352768,0,-0.023,0.0462,0.0,0.0092,-0.0903,0.0067,1739364865709.738
490,3656124928,0,0.0,0.0462,0.0,0.0,-0.0812,0.0,1739364865719.7395
491,3823897088,0,0.0,0.0462,0.0,0.0092,-0.0903,0.0,1739364865729.7412
492,3991669248,0,-0.046,0.0462,0.0,0.0,-0.0812,0.0067,1739364865739.7427
493,4159441408,0,0.0,0.0462,0.0,0.0092,-0.0993,0.0,1739364865749.7441
494,32311808,0,-0.023,0.0462,0.0,0.0,-0.0993,0.0067,1739364865759.7456
495,200083968,0,0.046,0.0231,0.0,0.0092,-0.0812,0.0,1739364865769.747
496,367856128,0,0.023,0.0462,0.0,0.0,-0.0903,0.0,1739364865779.7485
497,535628288,0,0.0,0.0462,0.0,0.0092,-0.0722,-0.0067,1739364865789.7502
498,703400448,0,0.0,0.0231,0.0,0.0092,-0.0722,-0.0067,1739364865799.7517
499,871172608,0,-0.046,0.0693,0.0,0.0,-0.0903,0.0067,1739364865809.7532
500,1038944768,0,0.0,0.0462,0.0,0.0,-0.0903,0.0067,1739364865819.7546
501,1206716928,0,0.0,0.0462,0.1321,0.0092,-0.0903,0.0067,1739364865829.756
502,1374489088,0,0.023,0.0462,0.0,0.0092,-0.0722,-0.0067,1739364865839.7576
503,1542261248,0,0.0,0.0693,0.0,0.0092,-0.0722,-0.0067,1739364865849.759
504,1710033408,0,0.023,0.0231,0.1321,0.0,-0.0812,-0.0067,1739364865859.7607
505,1877805568,0,0.023,0.0462,0.0,0.0185,-0.0812,0.0,1739364865869.7622
506,2045577728,0,0.023,0.0462,0.0,0.0092,-0.0722,0.0,1739364865879.7637
507,2213349888,0,0.023,0.0693,0.0,0.0092,-0.0993,0.0067,1739364865889.7651
508,2381122048,0,0.023,0.0693,0.1321,0.0092,-0.0812,-0.0067,1739364865899.7666
509,2548894208,0,0.0,0.0693,0.1321,0.0092,-0.0812,0.0,1739364865909.768
510,2716666368,0,0.0,0.0462,0.1321,0.0092,-0.0903,0.0,1739364865919.7695
511,2884438528,0,-0.023,0.0462,0.0,0.0092,-0.0903,0.0067,1739364865929.7712
512,3052210688,0,0.0,0.0462,-0.1321,0.0,-0.0722,0.0,1739364865939.7727
513,3219982848,0,0.0,0.0462,0.0,0.0092,-0.0812,0.0,1739364865949.7742
514,3387755008,0,-0.023,0.0462,0.0,0.0,-0.0903,0.0134,1739364865959.7756
515,3555527168,0,-0.023,0.0462,0.0,0.0,-0.0993,0.0067,1739364865969.777
516,3723299328,0,-0.046,0.0462,0.0,0.0092,-0.0812,0.0,1739364865979.7786
517,3891071488,0,0.0,0.0462,0.1321,0.0092,-0.0903,0.0,1739364865989.78
518,4058843648,0,-0.023,0.0462,0.0,0.0185,-0.0812,0.0067,1739364865999.7817
519,4226615808,0,-0.023,0.0462,0.0,0.0092,-0.0722,0.0,1739364866009.7832
520,99486208,0,0.0,0.0462,0.0,0.0092,-0.0812,0.0,1739364866019.7847
521,267258368,0,0.023,0.0231,0.0,0.0,-0.0541,-0.0067,1739364866029.7861
522,435030528,0,0.023,0.0462,0.0,0.0,-0.0632,-0.0067,1739364866039.7876
523,602802688,0,-0.023,0.0693,0.0,0.0,-0.0903,0.0,1739364866049.789
524,770574848,0,-0.023,0.0462,0.0,0.0092,-0.0903,0.0067,1739364866059.7905
525,938347008,0,0.0,0.0231,0.0,0.0,-0.0993,0.0,1739364866069.7922
526,1106119168,0,0.023,0.0462,0.1321,0.0092,-0.0722,0.0,1739364866079.7937
527,1273891328,0,-0.046,0.0231,0.1321,-0.0185,-0.0903,0.0,1739364866089.7952
528,1441663488,0,0.046,0.0231,0.1321,0.0,-0.0632,-0.0067,1739364866099.7966
529,1609435648,0,-0.023,0.0462,0.1321,0.0092,-0.0812,0.0,1739364866109.798
530,1777207808,0,0.046,0.0462,0.0,0.0092,-0.0722,-0.0134,1739364866119.7996
531,1944979968,0,0.023,0.0231,0.1321,0.0092,-0.0812,-0.0067,1739364866129.801
532,2112752128,0,0.0,0.0462,0.0,0.0092,-0.0812,0.0,1739364866139.8027
533,2280524288,0,0.0,0.0462,0.0,0.0092,-0.0722,-0.0067,1739364866149.8042
534,2448296448,0,0.046,0.0231,0.1321,0.0,-0.0722,-0.0067,1739364866159.8057
535,2616068608,0,-0.023,0.0462,0.0,0.0092,-0.0812,-0.0067,1739364866169.8071
536,2783840768,0,0.0,0.0693,0.0,-0.0092,-0.0903,-0.0067,1739364866179.8086
537,2951612928,0,0.0921,0.0462,0.0,0.0092,-0.0361,-0.0134,1739364866189.81
538,3119385088,0,0.023,0.0693,0.0,0.0092,-0.0722,-0.0067,1739364866199.8115
539,3287157248,0,-0.0691,0.0462,0.1321,0.0,-0.0993,0.0067,1739364866209.8132
540,3454929408,0,0.0,0.0462,0.1321,0.0092,-0.0903,0.0,1739364866219.8147
541,3622701568,0,0.046,0.0231,0.1321,0.0092,-0.0541,0.0,1739364866229.8162
542,3790473728,0,0.023,0.0462,0.0,0.0,-0.0722,0.0067,1739364866239.8176
543,3958245888,0,0.0,0.0693,0.0,0.0092,-0.0722,-0.0067,1739364866249.819
544,4126018048,0,0.0,0.0693,0.0,0.0092,-0.0722,0.0,1739364866259.8206
545,4293790208,0,-0.023,0.0462,0.1321,0.0,-0.0722,0.0,1739364866269.822
546,166660608,0,-0.023,0.0231,0.1321,0.0,-0.0812,0.0067,1739364866279.8237
547,334432768,0,-0.023,0.0462,0.0,-0.0092,-0.0903,-0.0067,1739364866289.8252
548,502204928,0,-0.0691,0.0462,0.0,-0.0092,-0.1083,0.0067,1739364866299.8267
549,669977088,0,0.0,0.0462,0.0,-0.0092,-0.0993,-0.0067,1739364866309.8281
550,837749248,0,-0.023,0.0462,0.0,0.0,-0.0812,0.0,1739364866319.8296
551,1005521408,0,0.023,0.0693,0.0,0.0092,-0.0632,-0.0067,1739364866329.831
552,1173293568,0,0.046,0.0462,-0.1321,0.0092,-0.0541,-0.0067,1739364866339.8325
553,1341065728,0,0.023,0.0462,0.0,0.0,-0.0541,0.0,1739364866349.8342
554,1508837888,0,0.023,0.0693,0.0,0.0,-0.0632,0.0,1739364866359.8357
555,1676610048,0,0.023,0.0462,0.0,0.0,-0.0541,0.0,1739364866369.8372
556,1844382208,0,0.0,0.0231,0.0,-0.0092,-0.0812,-0.0067,1739364866379.8386
557,2012154368,0,0.0,0.0693,0.0,-0.0185,-0.0993,-0.0067,1739364866389.84
558,2179926528,0,0.0,0.0462,0.0,0.0,-0.0812,0.0,1739364866399.8416
559,2347698688,0,-0.046,0.0693,0.0,0.0,-0.0903,0.0,1739364866409.8433
560,2515470848,0,0.023,0.0231,0.0,0.0,-0.0812,-0.0067,1739364866419.8447
561,2683243008,0,0.0,0.0693,0.0,-0.0092,-0.0812,-0.0067,1739364866429.8462
562,2851015168,0,0.023,0.0693,0.0,0.0092,-0.0451,0.0,1739364866439.8477
563,3018787328,0,0.0691,0.0462,0.0,0.0092,-0.027,-0.0067,1739364866449.849
564,3186559488,0,0.0,0.0693,-0.1321,0.0,-0.0722,0.0,1739364866459.8506
565,3354331648,0,0.0,0.0462,0.0,0.0092,-0.0812,-0.0067,1739364866469.852
566,3522103808,0,0.023,0.0,0.0,0.0185,-0.0812,0.0,1739364866479.8538
567,3689875968,0,-0.023,0.0462,0.0,0.0092,-0.0903,0.0,1739364866489.8552
568,3857648128,0,-0.023,0.0462,0.0,0.0,-0.1173,0.0067,1739364866499.8567
569,4025420288,0,-0.023,0.0693,0.0,-0.0092,-0.0993,0.0,1739364866509.8582
570,4193192448,0,0.023,0.0462,0.0,0.0092,-0.0812,0.0,1739364866519.8596
571,66062848,0,0.023,0.0693,0.0,0.0092,-0.0812,0.0,1739364866529.861
572,233835008,0,0.046,0.0693,0.0,0.0185,-0.0451,0.0,1739364866539.8625
573,401607168,0,0.046,0.0462,0.0,0.0,-0.0632,-0.0067,1739364866549.8643
574,569379328,0,0.023,0.0693,0.0,0.0092,-0.0632,-0.0067,1739364866559.8657
575,737151488,0,0.023,0.0231,0.0,0.0185,-0.0812,0.0,1739364866569.8672
576,904923648,0,-0.023,0.0693,0.0,0.0092,-0.0812,0.0,1739364866579.8687
577,1072695808,0,0.046,0.0693,0.0,0.0,-0.0541,-0.0067,1739364866589.87
578,1240467968,0,0.0,0.0693,0.1321,-0.0185,-0.0903,-0.0067,1739364866599.8716
579,1408240128,0,-0.046,0.0462,0.0,-0.0092,-0.0903,0.0,1739364866609.873
580,1576012288,0,0.023,0.0462,0.1321,0.0092,-0.0903,0.0,1739364866619.8748
581,1743784448,0,0.0691,0.0462,0.0,0.0185,-0.0541,0.0,1739364866629.8762
582,1911556608,0,0.023,0.0462,0.0,0.0092,-0.0361,-0.0067,1739364866639.8777
583,2079328768,0,0.0,0.0462,0.0,0.0092,-0.0812,0.0,1739364866649.8792
584,2247100928,0,-0.046,0.0462,0.0,0.0092,-0.0993,0.0,1739364866659.8806
585,2414873088,0,-0.0691,0.0231,0.1321,0.0,-0.1173,0.0134,1739364866669.882
586,2582645248,0,0.0,0.0693,0.0,0.0092,-0.0722,0.0,1739364866679.8835
587,2750417408,0,0.046,0.0231,0.1321,0.0,-0.0451,0.0,1739364866689.8853
588,2918189568,0,0.023,0.0231,0.1321,0.0,-0.0722,0.0,1739364866699.8867
589,3085961728,0,-0.0921,0.0693,0.1321,0.0,-0.0903,0.0067,1739364866709.8882
590,3253733888,0,-0.023,0.0462,0.1321,-0.0092,-0.0812,-0.0067,1739364866719.8896
591,3421506048,0,0.046,0.0231,0.1321,0.0092,-0.0541,0.0,1739364866729.891
592,3589278208,0,0.023,0.0462,-0.1321,0.0092,-0.027,0.0067,1739364866739.8926
593,3757050368,0,-0.023,0.0462,0.1321,0.0,-0.0722,0.0,1739364866749.894
594,3924822528,0,-0.0691,0.0693,0.0,-0.0092,-0.1083,0.0,1739364866759.8958
595,4092594688,0,-0.046,0.0462,0.1321,-0.0185,-0.1173,0.0,1739364866769.8972
596,4260366848,0,-0.023,0.0462,0.0,-0.0092,-0.0903,-0.0067,1739364866779.8987
597,133237248,0,0.023,0.0231,0.1321,0.0,-0.0812,0.0,1739364866789.9001
598,301009408,0,0.0,0.0693,0.0,0.0,-0.0812,0.0,1739364866799.9016
599,468781568,0,0.023,0.0462,0.1321,0.0092,-0.0722,0.0,1739364866809.903
600,636553728,0,0.023,0.0462,0.0,0.0,-0.0993,0.0,1739364866819.9045
601,804325888,0,-0.0691,0.0693,0.0,0.0,-0.0993,0.0,1739364866829.9062
602,972098048,0,-0.0691,0.0462,0.1321,0.0,-0.1083,0.0,1739364866839.9077
603,1139870208,0,-0.0691,0.0462,0.1321,-0.0185,-0.1083,0.0067,1739364866849.9092
604,1307642368,0,0.023,0.0462,0.1321,0.0092,-0.0541,-0.0067,1739364866859.9106
605,1475414528,0,0.046,0.0462,0.1321,0.0,-0.0451,-0.0067,1739364866869.912
606,1643186688,0,0.0691,0.0462,0.1321,0.0,-0.0451,0.0,1739364866879.9136
607,1810958848,0,0.0,0.0462,0.2643,-0.0092,-0.0722,0.0,1739364866889.915
608,1978731008,0,-0.023,0.0693,0.1321,0.0,-0.0903,0.0,1739364866899.9167
609,2146503168,0,-0.0691,0.0693,0.1321,-0.0092,-0.0993,0.0,1739364866909.9182
610,2314275328,0,0.0,0.0462,0.2643,0.0,-0.0812,-0.0067,1739364866919.9197
611,2482047488,0,0.0,0.0924,0.3965,0.0092,-0.0541,0.0,1739364866929.9211
612,2649819648,0,0.0,0.0462,0.2643,0.0092,-0.0722,0.0,1739364866939.9226
613,2817591808,0,-0.023,0.0693,0.1321,-0.0092,-0.0903,0.0067,1739364866949.924
614,2985363968,0,0.023,0.0693,0.2643,0.0,-0.0541,0.0,1739364866959.9255
615,3153136128,0,-0.023,0.0693,0.2643,0.0,-0.0722,0.0,1739364866969.9272
616,3320908288,0,0.0691,0.0231,0.2643,0.0,-0.0541,-0.0067,1739364866979.9287
617,3488680448,0,0.023,0.0693,0.2643,0.0,-0.0812,0.0,1739364866989.9302
618,3656452608,0,0.0,0.0693,0.1321,0.0,-0.0812,0.0,1739364866999.9316
619,3824224768,0,0.0,0.0462,0.1321,0.0,-0.0722,0.0,1739364867009.933
620,3991996928,0,-0.023,0.0462,0.1321,0.0,-0.0722,0.0,1739364867019.9346
621,4159769088,0,-0.023,0.0462,0.1321,0.0,-0.0812,0.0,1739364867029.936
622,32639488,0,0.0,0.0462,0.1321,0.0,-0.0722,0.0,1739364867039.9377
623,200411648,0,0.023,0.0462,0.1321,-0.0185,-0.0812,-0.0134,1739364867049.9392
624,368183808,0,0.0,0.0693,0.1321,0.0,-0.0722,-0.0067,1739364867059.9407
625,535955968,0,-0.023,0.0462,0.2643,-0.0092,-0.0722,0.0,1739364867069.9421
626,703728128,0,0.023,0.0462,0.2643,-0.0092,-0.0632,-0.0134,1739364867079.9436
627,871500288,0,0.046,0.0693,0.1321,0.0,-0.0812,-0.0067,1739364867089.945
628,1039272448,0,0.023,0.0693,0.1321,0.0,-0.0812,0.0,1739364867099.9468
629,1207044608,0,-0.023,0.0693,0.2643,0.0092,-0.0632,0.0,1739364867109.9482
630,1374816768,0,0.023,0.0231,0.2643,0.0,-0.0722,-0.0067,1739364867119.9497
631,1542588928,0,-0.023,0.0693,0.2643,0.0,-0.0632,0.0,1739364867129.9512
632,1710361088,0,0.0,0.0462,0.1321,0.0,-0.0722,-0.0067,1739364867139.9526
633,1878133248,0,-0.023,0.0693,0.1321,0.0092,-0.0812,0.0,1739364867149.954
634,2045905408,0,-0.023,0.0462,0.1321,0.0,-0.0722,-0.0067,1739364867159.9556
635,2213677568,0,0.0,0.0462,0.1321,0.0,-0.0722,0.0,1739364867169.9573
636,2381449728,0,0.046,0.0231,0.1321,0.0092,-0.0632,-0.0067,1739364867179.9587
637,2549221888,0,0.023,0.0462,0.2643,0.0,-0.0722,0.0,1739364867189.9602
638,2716994048,0,0.023,0.0462,0.2643,0.0,-0.0812,0.0067,1739364867199.9617
639,2884766208,0,0.0,0.0693,0.2643,0.0092,-0.0632,0.0,1739364867209.9631
640,3052538368,0,0.0,0.0462,0.2643,0.0092,-0.0632,-0.0067,1739364867219.9646
641,3220310528,0,-0.023,0.0462,0.2643,0.0092,-0.0632,0.0,1739364867229.966
642,3388082688,0,0.0,0.0462,0.2643,0.0,-0.0632,-0.0067,1739364867239.9678
643,3555854848,0,-0.023,0.0462,0.2643,0.0,-0.0722,0.0067,1739364867249.9692
644,3723627008,0,-0.023,0.0462,0.2643,0.0,-0.0632,0.0,1739364867259.9707
645,3891399168,0,0.0,0.0462,0.2643,0.0,-0.0722,0.0067,1739364867269.9722
646,4059171328,0,0.046,0.0231,0.1321,0.0092,-0.0632,-0.0067,1739364867279.9736
647,4226943488,0,0.023,0.0462,0.2643,-0.0092,-0.0722,0.0,1739364867289.975
648,99813888,0,0.0,0.0693,0.1321,0.0,-0.0722,0.0,1739364867299.9766
649,267586048,0,0.0,0.0462,0.2643,0.0,-0.0632,0.0,1739364867309.9783
650,435358208,0,0.0,0.0462,0.2643,0.0092,-0.0722,0.0067,1739364867319.9797
651,603130368,0,-0.023,0.0693,0.2643,0.0092,-0.0722,0.0067,1739364867329.9812
652,770902528,0,0.0,0.0462,0.2643,0.0,-0.0722,0.0067,1739364867339.9827
653,938674688,0,0.023,0.0462,0.2643,0.0,-0.0632,0.0,1739364867349.9841
654,1106446848,0,0.0,0.0462,0.2643,0.0092,-0.0451,0.0,1739364867359.9856
655,1274219008,0,-0.023,0.0462,0.2643,0.0,-0.0632,-0.0067,1739364867369.987
656,1441991168,0,0.0,0.0462,0.2643,0.0,-0.0632,-0.0067,1739364867379.9888
657,1609763328,0,0.0,0.0462,0.2643,0.0,-0.0541,-0.0067,1739364867389.9902
658,1777535488,0,-0.046,0.0693,0.2643,0.0,-0.0541,-0.0067,1739364867399.9917
659,1945307648,0,0.0,0.0462,0.2643,0.0,-0.0541,-0.0067,1739364867409.9932
660,2113079808,0,0.0,0.0693,0.2643,0.0,-0.0632,0.0,1739364867419.9946
661,2280851968,0,-0.023,0.0462,0.2643,0.0092,-0.0632,0.0,1739364867429.996
662,2448624128,0,0.023,0.0231,0.2643,0.0,-0.0632,-0.0067,1739364867439.9976
663,2616396288,0,0.0,0.0693,0.2643,0.0,-0.0632,-0.0067,1739364867449.9993
664,2784168448,0,0.0,0.0462,0.2643,0.0,-0.0632,-0.0067,1739364867460.0007
665,2951940608,0,-0.023,0.0693,0.2643,0.0092,-0.0722,0.0067,1739364867470.0022
666,3119712768,0,0.0,0.0693,0.2643,0.0092,-0.0632,-0.0067,1739364867480.0037
667,3287484928,0,0.0,0.0462,0.1321,0.0,-0.0722,-0.0067,1739364867490.0051
668,3455257088,0,-0.046,0.0693,0.2643,0.0092,-0.0722,0.0,1739364867500.0066
669,3623029248,0,0.0,0.0462,0.1321,0.0,-0.0722,-0.0067,1739364867510.008
670,3790801408,0,0.0,0.0462,0.1321,0.0,-0.0632,0.0,1739364867520.0098
671,3958573568,0,0.023,0.0462,0.1321,0.0092,-0.0632,0.0,1739364867530.0112
672,4126345728,0,0.0,0.0693,0.1321,0.0092,-0.0541,0.0,1739364867540.0127
673,4294117888,0,-0.046,0.0693,0.2643,0.0,-0.0632,0.0067,1739364867550.0142
674,166988288,0,-0.023,0.0231,0.2643,0.0092,-0.0632,0.0,1739364867560.0156
675,334760448,0,0.023,0.0462,0.1321,0.0092,-0.0541,-0.0067,1739364867570.017
676,502532608,0,0.0,0.0924,0.2643,-0.0185,-0.0451,0.0,1739364867580.0186
677,670304768,0,-0.023,0.0924,0.2643,-0.0557,-0.0541,-0.0067,1739364867590.0203
678,838076928,0,-0.0691,0.1849,0.1321,-0.0929,-0.0903,-0.0134,1739364867600.0217
679,1005849088,0,-0.023,0.208,0.0,-0.1393,-0.0722,-0.0134,1739364867610.0232
680,1173621248,0,-0.023,0.2311,0.0,-0.1579,-0.0812,-0.0134,1739364867620.0247
681,1341393408,0,-0.046,0.2311,0.0,-0.1579,-0.0903,-0.0134,1739364867630.0261
682,1509165568,0,-0.023,0.2311,0.0,-0.1672,-0.0812,-0.0134,1739364867640.0276
683,1676937728,0,-0.023,0.2311,0.1321,-0.1672,-0.0903,-0.0201,1739364867650.029
684,1844709888,0,-0.046,0.208,0.0,-0.1393,-0.0993,-0.0268,1739364867660.0308
685,2012482048,0,-0.0691,0.1849,0.0,-0.13,-0.1173,-0.0201,1739364867670.0322
686,2180254208,0,-0.0691,0.1849,0.0,-0.1207,-0.1173,-0.0134,1739364867680.0337
687,2348026368,0,-0.0691,0.1849,0.1321,-0.1207,-0.0993,-0.0201,1739364867690.0352
688,2515798528,0,-0.0921,0.1849,0.1321,-0.1486,-0.1083,-0.0134,1739364867700.0366
689,2683570688,0,-0.0691,0.208,0.2643,-0.1765,-0.0722,-0.0067,1739364867710.038
690,2851342848,0,0.0,0.208,0.2643,-0.1951,-0.0361,-0.0134,1739364867720.0398
691,3019115008,0,0.0,0.208,0.2643,-0.1951,-0.009,-0.0067,1739364867730.0413
692,3186887168,0,0.023,0.208,0.3965,-0.1951,0.009,0.0067,1739364867740.0427
693,3354659328,0,0.0921,0.1849,0.3965,-0.1951,0.0361,0.0134,1739364867750.0442
694,3522431488,0,0.1151,0.1849,0.5287,-0.1579,0.0993,0.0134,1739364867760.0457
695,3690203648,0,0.1151,0.1849,0.5287,-0.1486,0.0993,0.0201,1739364867770.047
696,3857975808,0,0.0921,0.1386,0.5287,-0.13,0.0993,0.0134,1739364867780.0486
697,4025747968,0,0.0921,0.1155,0.5287,-0.1115,0.1173,0.0134,1739364867790.0503
698,4193520128,0,0.1612,0.1155,0.3965,-0.0836,0.1535,0.0134,1739364867800.0518
699,66390528,0,0.2764,0.0924,0.5287,-0.0464,0.2618,0.0201,1739364867810.0532
700,234162688,0,0.4146,0.0231,0.6609,-0.0092,0.3792,0.0,1739364867820.0547
701,401934848,0,0.4146,0.0231,0.6609,0.0278,0.4063,-0.0067,1739364867830.0562
702,569707008,0,0.4146,0.0231,0.6609,0.0371,0.4515,-0.0201,1739364867840.0576
703,737479168,0,0.4837,0.0,0.5287,0.0278,0.4966,-0.0335,1739364867850.059
704,905251328,0,0.5067,0.0231,0.5287,0.0185,0.5147,-0.0403,1739364867860.0608
705,1073023488,0,0.4376,0.0693,0.3965,0.0185,0.5056,-0.0604,1739364867870.0623
706,1240795648,0,0.3685,0.0693,0.2643,0.0,0.4424,-0.0806,1739364867880.0637
707,1408567808,0,0.2994,0.0693,0.3965,-0.0185,0.3973,-0.0806,1739364867890.0652
708,1576339968,0,0.2073,0.1386,0.1321,-0.0464,0.307,-0.0873,1739364867900.0667
709,1744112128,0,0.0921,0.1386,0.0,-0.0743,0.2438,-0.0806,1739364867910.068
710,1911884288,0,0.1151,0.1386,0.0,-0.0743,0.2347,-0.0738,1739364867920.0696
711,2079656448,0,0.1842,0.1386,0.1321,-0.0557,0.2979,-0.094,1739364867930.0713
712,2247428608,0,0.2764,0.1155,0.2643,-0.0185,0.3973,-0.094,1739364867940.0728
713,2415200768,0,0.3224,0.1155,0.2643,-0.0185,0.4515,-0.1007,1739364867950.0742
714,2582972928,0,0.3455,0.0924,0.2643,-0.0278,0.4785,-0.1007,1739364867960.0757
715,2750745088,0,0.2994,0.1155,0.2643,-0.0557,0.4515,-0.1074,1739364867970.0771
716,2918517248,0,0.2073,0.1386,0.1321,-0.0929,0.3792,-0.1007,1739364867980.0786
717,3086289408,0,0.1612,0.1386,0.2643,-0.1393,0.307,-0.094,1739364867990.08
718,3254061568,0,0.0691,0.1618,0.1321,-0.1672,0.2438,-0.0873,1739364868000.0818
719,3421833728,0,0.023,0.1849,0.0,-0.1765,0.2076,-0.0873,1739364868010.0833
720,3589605888,0,-0.023,0.1849,0.0,-0.2137,0.1896,-0.0671,1739364868020.0847
721,3757378048,0,-0.046,0.1849,0.0,-0.2137,0.1896,-0.0671,1739364868030.0862
722,3925150208,0,-0.023,0.1618,0.0,-0.223,0.1806,-0.0604,1739364868040.0876
723,4092922368,0,-0.023,0.1849,0.1321,-0.2415,0.1806,-0.0604,1739364868050.089
724,4260694528,0,0.046,0.1618,0.1321,-0.2508,0.1986,-0.0604,1739364868060.0906
725,133564928,0,0.0921,0.1386,0.1321,-0.2415,0.2167,-0.0604,1739364868070.0923
726,301337088,0,0.1151,0.1386,0.1321,-0.223,0.2347,-0.0537,1739364868080.0938
727,469109248,0,0.1382,0.0924,0.1321,-0.2137,0.2528,-0.0537,1739364868090.0952
728,636881408,0,0.1151,0.1155,0.1321,-0.2137,0.2347,-0.0604,1739364868100.0967
729,804653568,0,0.0921,0.1155,0.1321,-0.2044,0.2167,-0.0604,1739364868110.0981
730,972425728,0,0.0691,0.0924,0.1321,-0.2044,0.1896,-0.0604,1739364868120.0996
731,1140197888,0,0.0,0.0924,0.0,-0.1951,0.1535,-0.0537,1739364868130.101
732,1307970048,0,0.0,0.0924,0.0,-0.2044,0.1354,-0.0537,1739364868140.1028
733,1475742208,0,-0.023,0.0924,0.0,-0.1858,0.1264,-0.0403,1739364868150.1042
734,1643514368,0,0.0,0.0693,0.0,-0.1951,0.1444,-0.0403,1739364868160.1057
735,1811286528,0,0.046,0.0924,0.0,-0.1951,0.1896,-0.047,1739364868170.1072
736,1979058688,0,0.0691,0.0462,0.0,-0.1858,0.2167,-0.047,1739364868180.1086
737,2146830848,0,0.1612,0.0231,0.0,-0.1765,0.2438,-0.0537,1739364868190.11
738,2314603008,0,0.0921,0.0462,0.1321,-0.1765,0.2347,-0.0403,1739364868200.1116
739,2482375168,0,0.1382,0.0231,0.1321,-0.1765,0.2438,-0.047,1739364868210.1133
740,2650147328,0,0.1842,0.0231,0.0,-0.1579,0.2438,-0.047,1739364868220.1147
741,2817919488,0,0.1382,0.0462,0.0,-0.1579,0.2528,-0.0335,1739364868230.1162
742,2985691648,0,0.2533,0.0231,0.2643,-0.1579,0.307,-0.047,1739364868240.1177
743,3153463808,0,0.3224,0.0231,0.2643,-0.1207,0.3431,-0.047,1739364868250.1191
744,3321235968,0,0.3455,-0.0231,0.2643,-0.0929,0.3792,-0.0537,1739364868260.1206
745,3489008128,0,0.3455,-0.0462,0.2643,-0.065,0.3702,-0.047,1739364868270.122
746,3656780288,0,0.3224,0.0,0.1321,-0.0557,0.3431,-0.0537,1739364868280.1238
747,3824552448,0,0.2764,-0.0231,0.1321,-0.0743,0.2979,-0.0335,1739364868290.1252
748,3992324608,0,0.2073,0.0,0.0,-0.0836,0.2528,-0.0335,1739364868300.1267
749,4160096768,0,0.2073,-0.0231,0.1321,-0.0929,0.2347,-0.0201,1739364868310.1282
750,32967168,0,0.2303,0.0231,0.1321,-0.0929,0.2528,-0.0201,1739364868320.1296
751,200739328,0,0.2764,0.0231,0.2643,-0.0929,0.316,-0.0201,1739364868330.131
752,368511488,0,0.3455,0.0231,0.1321,-0.0743,0.3882,-0.0201,1739364868340.1326
753,536283648,0,0.4146,0.0,0.1321,-0.0464,0.4424,-0.0268,1739364868350.1343
754,704055808,0,0.4606,-0.0231,0.1321,-0.0371,0.4605,-0.0335,1739364868360.1357
755,871827968,0,0.3915,-0.0231,0.0,-0.0371,0.4334,-0.0268,1739364868370.1372
756,1039600128,0,0.3455,-0.0231,-0.1321,-0.0371,0.3792,-0.0335,1739364868380.1387
757,1207372288,0,0.2764,0.0462,0.0,-0.0743,0.3341,-0.0201,1739364868390.1401
758,1375144448,0,0.2764,0.0231,0.0,-0.0743,0.316,-0.0134,1739364868400.1416
759,1542916608,0,0.2764,0.0462,0.1321,-0.0929,0.2979,-0.0134,1739364868410.1433
760,1710688768,0,0.2533,0.0693,0.0,-0.0836,0.316,0.0,1739364868420.1448
761,1878460928,0,0.3224,0.0693,0.0,-0.0836,0.3521,-0.0067,1739364868430.1462
762,2046233088,0,0.3685,0.0462,0.0,-0.0743,0.3882,0.0,1739364868440.1477
763,2214005248,0,0.3685,0.0462,0.0,-0.0743,0.4063,-0.0067,1739364868450.1492
764,2381777408,0,0.3685,0.0462,0.1321,-0.0836,0.3882,0.0067,1739364868460.1506
765,2549549568,0,0.3685,0.0693,0.0,-0.0836,0.3882,0.0067,1739364868470.152
766,2717321728,0,0.3455,0.0231,0.0,-0.1022,0.3792,0.0067,1739364868480.1538
767,2885093888,0,0.3455,0.0231,0.0,-0.0929,0.3341,0.0134,1739364868490.1553
768,3052866048,0,0.3224,0.0462,0.0,-0.1022,0.316,0.0134,1739364868500.1567
769,3220638208,0,0.2764,0.0693,-0.1321,-0.1022,0.316,0.0268,1739364868510.1582
770,3388410368,0,0.3224,0.0462,0.0,-0.1022,0.316,0.0134,1739364868520.1597
771,3556182528,0,0.3685,0.0462,0.1321,-0.0836,0.3521,0.0201,1739364868530.1611
772,3723954688,0,0.4376,0.0462,0.1321,-0.0743,0.4334,0.0268,1739364868540.1626
773,3891726848,0,0.5067,0.0462,0.1321,-0.065,0.4695,0.0134,1739364868550.1643
774,4059499008,0,0.5067,0.0462,0.1321,-0.0557,0.4876,0.0134,1739364868560.1658
775,4227271168,0,0.4606,0.0462,0.0,-0.065,0.4785,0.0134,1739364868570.1672
776,100141568,0,0.4376,0.0231,-0.1321,-0.0743,0.4515,0.0134,1739364868580.1687
777,267913728,0,0.3915,0.0693,-0.1321,-0.0836,0.4153,0.0134,1739364868590.1702
778,435685888,0,0.3685,0.0693,-0.1321,-0.0836,0.3612,0.0134,1739364868600.1716
779,603458048,0,0.2764,0.0462,-0.1321,-0.0743,0.325,0.0201,1739364868610.173
780,771230208,0,0.2994,0.0462,-0.1321,-0.0557,0.316,0.0201,1739364868620.1748
781,939002368,0,0.3455,0.0462,0.0,-0.065,0.3431,0.0201,1739364868630.1763
782,1106774528,0,0.3455,0.0693,0.0,-0.0371,0.3612,0.0201,1739364868640.1777
783,1274546688,0,0.3224,0.0462,0.1321,-0.0464,0.3521,0.0134,1739364868650.1792
784,1442318848,0,0.3224,0.0462,0.0,-0.0464,0.3521,0.0134,1739364868660.1807
785,1610091008,0,0.3685,0.0231,0.0,-0.0557,0.3431,0.0134,1739364868670.1821
786,1777863168,0,0.3455,0.0693,0.0,-0.065,0.3431,0.0134,1739364868680.1836
787,1945635328,0,0.3455,0.0462,0.0,-0.065,0.3431,0.0134,1739364868690.1853
788,2113407488,0,0.3685,0.0462,0.0,-0.0557,0.3521,0.0201,1739364868700.1868
789,2281179648,0,0.3685,0.0462,0.1321,-0.065,0.3702,0.0335,1739364868710.1882
790,2448951808,0,0.4146,0.0462,0.1321,-0.0557,0.4244,0.0268,1739364868720.1897
791,2616723968,0,0.4606,0.0462,0.1321,-0.0557,0.4605,0.0201,1739364868730.1912
792,2784496128,0,0.4376,0.0693,0.1321,-0.065,0.4605,0.0335,1739364868740.1926
793,2952268288,0,0.4837,0.0924,0.1321,-0.0836,0.4515,0.0268,1739364868750.194
794,3120040448,0,0.4606,0.0924,0.1321,-0.1022,0.4244,0.0268,1739364868760.1958
795,3287812608,0,0.3685,0.1386,0.0,-0.1115,0.4063,0.0403,1739364868770.1973
796,3455584768,0,0.3455,0.1155,-0.1321,-0.1486,0.3702,0.0403,1739364868780.1987
797,3623356928,0,0.3455,0.1155,-0.1321,-0.1393,0.3431,0.047,1739364868790.2002
798,3791129088,0,0.3915,0.1155,0.0,-0.1579,0.3431,0.0403,1739364868800.2017
799,3958901248,0,0.3685,0.1386,-0.1321,-0.1579,0.3431,0.047,1739364868810.2031
800,4126673408,0,0.3915,0.1386,-0.1321,-0.1486,0.3702,0.0335,1739364868820.2046
801,4294445568,0,0.4376,0.1155,0.1321,-0.1207,0.3973,0.0335,1739364868830.2063
802,167315968,0,0.4606,0.1155,0.1321,-0.0929,0.4153,0.0268,1739364868840.2078
803,335088128,0,0.4606,0.0693,0.1321,-0.0836,0.4424,0.0268,1739364868850.2092
804,502860288,0,0.4837,0.0693,0.1321,-0.0557,0.4334,0.0268,1739364868860.2107
805,670632448,0,0.4606,0.0693,0.1321,-0.0371,0.4153,0.0403,1739364868870.2122
806,838404608,0,0.4146,0.0462,0.0,-0.0464,0.4153,0.047,1739364868880.2136
807,1006176768,0,0.4606,0.0462,0.0,-0.0464,0.4153,0.0335,1739364868890.215
808,1173948928,0,0.4837,0.0693,0.0,-0.065,0.4244,0.0403,1739364868900.2168
809,1341721088,0,0.5067,0.0693,0.1321,-0.065,0.4424,0.0335,1739364868910.2183
810,1509493248,0,0.5297,0.0693,0.1321,-0.0557,0.4695,0.0268,1739364868920.2197
811,1677265408,0,0.5297,0.0924,0.1321,-0.0464,0.4785,0.0268,1739364868930.2212
812,1845037568,0,0.5528,0.0693,0.1321,-0.0464,0.4785,0.0201,1739364868940.2227
813,2012809728,0,0.5297,0.0693,0.1321,-0.0557,0.4515,0.0201,1739364868950.224
814,2180581888,0,0.4837,0.0693,0.0,-0.065,0.4063,0.0134,1739364868960.2256
815,2348354048,0,0.4146,0.0693,-0.1321,-0.0836,0.3702,0.0134,1739364868970.2273
816,2516126208,0,0.3915,0.1155,-0.1321,-0.1115,0.3341,0.0201,1739364868980.2288
817,2683898368,0,0.3685,0.1618,-0.2643,-0.13,0.316,0.0134,1739364868990.2302
818,2851670528,0,0.4146,0.1386,-0.2643,-0.1393,0.3341,0.0201,1739364869000.2317
819,3019442688,0,0.4376,0.1618,-0.2643,-0.1672,0.3702,0.0201,1739364869010.2332
820,3187214848,0,0.4606,0.1618,-0.2643,-0.1858,0.3882,0.0201,1739364869020.2346
821,3354987008,0,0.4837,0.1618,-0.1321,-0.1951,0.3882,0.0201,1739364869030.236
822,3522759168,0,0.4606,0.1849,-0.2643,-0.2044,0.3792,0.0201,1739364869040.2378
823,3690531328,0,0.4376,0.1849,-0.2643,-0.2322,0.3612,0.0134,1739364869050.2393
824,3858303488,0,0.4146,0.208,-0.2643,-0.2415,0.3521,0.0201,1739364869060.2407
825,4026075648,0,0.4146,0.208,-0.2643,-0.2508,0.3702,0.0201,1739364869070.2422
826,4193847808,0,0.4376,0.2311,-0.2643,-0.288,0.3882,0.0268,1739364869080.2437
827,66718208,0,0.4146,0.2542,-0.2643,-0.3345,0.3882,0.0268,1739364869090.245
828,234490368,0,0.3685,0.3005,-0.2643,-0.3716,0.3792,0.0335,1739364869100.2468
829,402262528,0,0.3224,0.3467,-0.2643,-0.4088,0.3521,0.0335,1739364869110.2483
830,570034688,0,0.3685,0.3236,-0.2643,-0.4274,0.3431,0.0201,1739364869120.2498
831,737806848,0,0.3224,0.3698,-0.2643,-0.4274,0.3521,0.0201,1739364869130.2512
832,905579008,0,0.3455,0.3236,-0.3965,-0.4088,0.3702,0.0,1739364869140.2527
833,1073351168,0,0.2994,0.3236,-0.3965,-0.3716,0.3612,0.0067,1739364869150.2542
834,1241123328,0,0.2994,0.3236,-0.2643,-0.3716,0.3431,0.0,1739364869160.2556
835,1408895488,0,0.2764,0.3005,-0.3965,-0.3809,0.3431,0.0,1739364869170.2573
836,1576667648,0,0.2533,0.3236,-0.3965,-0.3995,0.307,0.0,1739364869180.2588
837,1744439808,0,0.2533,0.3467,-0.1321,-0.3995,0.2979,-0.0067,1739364869190.2603
838,1912211968,0,0.2533,0.3236,-0.1321,-0.3995,0.2979,-0.0067,1739364869200.2617
839,2079984128,0,0.2764,0.3236,-0.2643,-0.3995,0.3341,-0.0134,1739364869210.2632
840,2247756288,0,0.2764,0.3005,-0.3965,-0.3809,0.3792,-0.0268,1739364869220.2646
841,2415528448,0,0.2764,0.3005,-0.3965,-0.3809,0.3973,-0.0335,1739364869230.266
842,2583300608,0,0.2994,0.3005,-0.3965,-0.3995,0.3882,-0.047,1739364869240.2678
843,2751072768,0,0.2303,0.3236,-0.3965,-0.4181,0.3702,-0.047,1739364869250.2693
844,2918844928,0,0.1842,0.3467,-0.2643,-0.446,0.325,-0.0537,1739364869260.2708
845,3086617088,0,0.1382,0.3698,-0.2643,-0.4924,0.2799,-0.047,1739364869270.2722
846,3254389248,0,0.023,0.3698,-0.3965,-0.5017,0.2257,-0.0403,1739364869280.2737
847,3422161408,0,0.023,0.3929,-0.2643,-0.5296,0.2167,-0.0403,1739364869290.2751
848,3589933568,0,0.0,0.416,-0.2643,-0.5482,0.2076,-0.0403,1739364869300.2766
849,3757705728,0,0.0,0.416,-0.1321,-0.5575,0.2076,-0.0403,1739364869310.2783
850,3925477888,0,0.023,0.4392,-0.1321,-0.5668,0.2347,-0.047,1739364869320.2798
851,4093250048,0,0.0691,0.4392,-0.2643,-0.5761,0.2799,-0.0537,1739364869330.2812
852,4261022208,0,0.0691,0.4392,-0.1321,-0.5761,0.307,-0.0537,1739364869340.2827
853,133892608,0,0.0921,0.4392,-0.2643,-0.5853,0.316,-0.0537,1739364869350.2842
854,301664768,0,0.0921,0.4623,-0.2643,-0.6039,0.2979,-0.0604,1739364869360.2856
855,469436928,0,0.0,0.4854,-0.2643,-0.6504,0.2438,-0.0537,1739364869370.287
856,637209088,0,-0.0691,0.4854,-0.3965,-0.6783,0.1715,-0.0604,1739364869380.2888
857,804981248,0,-0.1151,0.4854,-0.2643,-0.6968,0.1444,-0.0604,1739364869390.2903
858,972753408,0,-0.1382,0.5316,-0.3965,-0.7433,0.0993,-0.047,1739364869400.2917
859,1140525568,0,-0.2073,0.5779,-0.2643,-0.7619,0.0722,-0.047,1739364869410.2932
860,1308297728,0,-0.1842,0.5779,-0.2643,-0.8083,0.0903,-0.0537,1739364869420.2947
861,1476069888,0,-0.1612,0.601,-0.2643,-0.8734,0.0903,-0.0537,1739364869430.2961
862,1643842048,0,-0.1842,0.6472,-0.2643,-0.9477,0.0812,-0.0604,1739364869440.2976
863,1811614208,0,-0.2303,0.6934,-0.2643,-0.9942,0.0361,-0.0604,1739364869450.2993
864,1979386368,0,-0.3224,0.7397,-0.2643,-1.0592,-0.009,-0.0403,1739364869460.3008
865,2147158528,0,-0.3224,0.7628,-0.2643,-1.1057,-0.0361,-0.0335,1739364869470.3022
866,2314930688,0,-0.3915,0.7628,-0.3965,-1.1429,-0.0632,-0.0268,1739364869480.3037
867,2482702848,0,-0.4376,0.7397,-0.2643,-1.1429,-0.0903,-0.0134,1739364869490.3052
868,2650475008,0,-0.4146,0.7397,-0.3965,-1.1429,-0.0632,-0.0067,1739364869500.3066
869,2818247168,0,-0.3455,0.7628,-0.3965,-1.1614,0.0,-0.0067,1739364869510.308
870,2986019328,0,-0.2994,0.7397,-0.2643,-1.1707,0.0632,-0.0134,1739364869520.3098
871,3153791488,0,-0.2764,0.809,-0.1321,-1.1893,0.1896,0.0,1739364869530.3113
872,3321563648,0,-0.0921,0.7859,-0.2643,-1.1893,0.3702,-0.0067,1739364869540.3127
873,3489335808,0,0.023,0.7628,-0.1321,-1.1707,0.5418,0.0067,1739364869550.3142
874,3657107968,0,0.1382,0.7397,-0.2643,-1.1243,0.7133,0.0,1739364869560.3157
875,3824880128,0,0.1842,0.7397,-0.2643,-1.0685,0.8398,0.0,1739364869570.3171
876,3992652288,0,0.1842,0.7165,-0.3965,-1.0314,0.8939,-0.0067,1739364869580.3186
877,4160424448,0,0.0921,0.6934,-0.5287,-1.0128,0.903,-0.0134,1739364869590.3203
878,33294848,0,0.023,0.7165,-0.6609,-1.0035,0.8668,-0.0134,1739364869600.3218
879,201067008,0,-0.0691,0.6934,-0.6609,-0.9942,0.8127,-0.0134,1739364869610.3232
880,368839168,0,-0.0691,0.7165,-0.5287,-0.9942,0.7675,0.0,1739364869620.3247
881,536611328,0,-0.0921,0.7165,-0.5287,-0.9663,0.7495,-0.0067,1739364869630.3262
882,704383488,0,-0.0691,0.6934,-0.6609,-0.957,0.7495,0.0067,1739364869640.3276
883,872155648,0,0.0,0.6703,-0.6609,-0.9199,0.7585,0.0201,1739364869650.329
884,1039927808,0,0.0691,0.6472,-0.6609,-0.892,0.7495,0.0335,1739364869660.3308
885,1207699968,0,0.0921,0.6472,-0.5287,-0.8827,0.7224,0.0403,1739364869670.3323
886,1375472128,0,0.0921,0.601,-0.6609,-0.8734,0.6953,0.0537,1739364869680.3337
887,1543244288,0,0.0921,0.6241,-0.6609,-0.8827,0.6592,0.0604,1739364869690.3352
888,1711016448,0,0.046,0.6241,-0.6609,-0.8827,0.614,0.0873,1739364869700.3367
889,1878788608,0,0.023,0.6241,-0.5287,-0.9199,0.5779,0.094,1739364869710.3381
890,2046560768,0,0.046,0.6241,-0.5287,-0.9384,0.5869,0.094,1739364869720.3398
891,2214332928,0,0.0921,0.6703,-0.5287,-0.9291,0.614,0.1007,1739364869730.3413
892,2382105088,0,0.0921,0.6703,-0.5287,-0.9477,0.6592,0.1074,1739364869740.3428
893,2549877248,0,0.0921,0.6703,-0.5287,-0.9477,0.6592,0.1074,1739364869750.3442
894,2717649408,0,0.046,0.6934,-0.5287,-0.957,0.614,0.1209,1739364869760.3457
895,2885421568,0,-0.046,0.7165,-0.5287,-0.9663,0.5508,0.1209,1739364869770.3472
896,3053193728,0,-0.0921,0.7165,-0.6609,-0.9942,0.4876,0.1276,1739364869780.3486
897,3220965888,0,-0.0921,0.7165,-0.6609,-1.0128,0.4515,0.1276,1739364869790.3503
898,3388738048,0,-0.1612,0.7397,-0.5287,-1.0128,0.4153,0.141,1739364869800.3518
899,3556510208,0,-0.1612,0.7165,-0.6609,-1.0221,0.4063,0.1544,1739364869810.3533
900,3724282368,0,-0.1382,0.7165,-0.5287,-1.0128,0.3882,0.1544,1739364869820.3547
901,3892054528,0,-0.1612,0.7165,-0.5287,-1.0128,0.3702,0.1544,1739364869830.3562
902,4059826688,0,-0.1612,0.7165,-0.5287,-1.0128,0.3792,0.1544,1739364869840.3577
903,4227598848,0,-0.2073,0.7397,-0.3965,-1.0035,0.3612,0.1477,1739364869850.3591
904,100469248,0,-0.1842,0.7165,-0.5287,-1.0128,0.325,0.1612,1739364869860.3608
905,268241408,0,-0.2533,0.7397,-0.5287,-1.0035,0.2799,0.1477,1739364869870.3623
906,436013568,0,-0.3685,0.6934,-0.6609,-0.9942,0.2257,0.1679,1739364869880.3638
907,603785728,0,-0.3915,0.7165,-0.6609,-1.0128,0.1896,0.1544,1739364869890.3652
908,771557888,0,-0.4146,0.7165,-0.6609,-1.0128,0.1625,0.1612,1739364869900.3667
909,939330048,0,-0.4376,0.7628,-0.6609,-1.0035,0.1535,0.1612,1739364869910.3682
910,1107102208,0,-0.4146,0.7165,-0.6609,-1.0128,0.1444,0.1612,1739364869920.3696
911,1274874368,0,-0.3915,0.7165,-0.6609,-1.0128,0.1444,0.1612,1739364869930.3713
912,1442646528,0,-0.3915,0.7397,-0.6609,-1.0221,0.1444,0.1612,1739364869940.3728
913,1610418688,0,-0.3915,0.7397,-0.5287,-1.0128,0.1444,0.1544,1739364869950.3743
914,1778190848,0,-0.4376,0.7628,-0.6609,-1.0128,0.1264,0.1612,1739364869960.3757
915,1945963008,0,-0.4146,0.7628,-0.6609,-1.0128,0.1083,0.1612,1739364869970.3772
916,2113735168,0,-0.4146,0.7397,-0.7931,-1.0406,0.0812,0.1679,1739364869980.3787
917,2281507328,0,-0.4146,0.7628,-0.7931,-1.0499,0.0812,0.1679,1739364869990.3801
918,2449279488,0,-0.4376,0.7628,-0.6609,-1.0778,0.0903,0.1813,1739364870000.3818
919,2617051648,0,-0.4376,0.7628,-0.6609,-1.0871,0.0993,0.188,1739364870010.3833
920,2784823808,0,-0.4146,0.7628,-0.6609,-1.0778,0.1083,0.188,1739364870020.3848
921,2952595968,0,-0.3915,0.7628,-0.6609,-1.0778,0.0812,0.1947,1739364870030.3862
922,3120368128,0,-0.4146,0.7397,-0.6609,-1.0685,0.0812,0.188,1739364870040.3877
923,3288140288,0,-0.4376,0.7628,-0.6609,-1.0499,0.0722,0.188,1739364870050.3892
924,3455912448,0,-0.4146,0.7397,-0.6609,-1.0406,0.0812,0.1813,1739364870060.3906
925,3623684608,0,-0.4376,0.7397,-0.6609,-1.0685,0.0812,0.1813,1739364870070.3923
926,3791456768,0,-0.4146,0.7397,-0.6609,-1.0871,0.0632,0.188,1739364870080.3938
927,3959228928,0,-0.4606,0.7628,-0.6609,-1.0871,0.0632,0.1947,1739364870090.3953
928,4127001088,0,-0.4606,0.7859,-0.6609,-1.1057,0.0812,0.1947,1739364870100.3967
929,4294773248,0,-0.4146,0.7859,-0.6609,-1.0964,0.0722,0.2082,1739364870110.3982
930,167643648,0,-0.4376,0.7628,-0.6609,-1.0964,0.0722,0.1947,1739364870120.3997
931,335415808,0,-0.4606,0.7859,-0.6609,-1.0871,0.0632,0.2015,1739364870130.4011
932,503187968,0,-0.4837,0.7859,-0.6609,-1.0964,0.027,0.2082,1739364870140.4028
933,670960128,0,-0.5067,0.809,-0.7931,-1.1057,0.009,0.2082,1739364870150.4043
934,838732288,0,-0.5067,0.809,-0.7931,-1.1336,0.009,0.2082,1739364870160.4058
935,1006504448,0,-0.4606,0.8321,-0.7931,-1.1429,0.027,0.2015,1739364870170.4072
936,1174276608,0,-0.4837,0.8321,-0.7931,-1.1429,0.0451,0.2149,1739364870180.4087
937,1342048768,0,-0.4837,0.809,-0.7931,-1.115,0.018,0.2149,1739364870190.4102
938,1509820928,0,-0.4606,0.7628,-0.7931,-1.0964,0.009,0.2082,1739364870200.4116
939,1677593088,0,-0.4837,0.7628,-0.7931,-1.0964,0.018,0.1947,1739364870210.4133
940,1845365248,0,-0.5297,0.7859,-0.7931,-1.0871,0.009,0.1947,1739364870220.4148
941,2013137408,0,-0.5067,0.7859,-0.7931,-1.0871,0.009,0.1947,1739364870230.4163
942,2180909568,0,-0.5067,0.7628,-0.7931,-1.0778,0.0,0.1947,1739364870240.4177
943,2348681728,0,-0.4837,0.7628,-0.7931,-1.0778,0.018,0.1813,1739364870250.4192
944,2516453888,0,-0.5067,0.7859,-0.7931,-1.0685,0.018,0.188,1739364870260.4207
945,2684226048,0,-0.4606,0.7859,-0.9253,-1.0499,0.027,0.1947,1739364870270.422
946,2851998208,0,-0.3915,0.7859,-0.7931,-1.0871,0.0451,0.1947,1739364870280.4238
947,3019770368,0,-0.4146,0.809,-0.7931,-1.0871,0.0451,0.2015,1739364870290.4253
948,3187542528,0,-0.4376,0.809,-0.7931,-1.115,0.0361,0.2082,1739364870300.4268
949,3355314688,0,-0.5067,0.809,-0.9253,-1.115,0.009,0.2149,1739364870310.4282
950,3523086848,0,-0.5297,0.809,-0.7931,-1.1336,-0.018,0.2082,1739364870320.4297
951,3690859008,0,-0.5528,0.8552,-0.7931,-1.1707,-0.027,0.2082,1739364870330.4312
952,3858631168,0,-0.5528,0.9015,-0.7931,-1.1986,-0.027,0.2082,1739364870340.4326
953,4026403328,0,-0.4837,0.9246,-0.7931,-1.2358,-0.018,0.2149,1739364870350.4343
954,4194175488,0,-0.5297,0.9708,-0.7931,-1.2544,-0.027,0.2216,1739364870360.4358
955,67045888,0,-0.5528,0.9708,-0.7931,-1.3101,-0.0451,0.2283,1739364870370.4373
956,234818048,0,-0.6219,0.9939,-0.6609,-1.3566,-0.0812,0.2082,1739364870380.4387
957,402590208,0,-0.6679,1.0864,-0.6609,-1.403,-0.1264,0.2283,1739364870390.4402
958,570362368,0,-0.691,1.1326,-0.6609,-1.4588,-0.1625,0.2283,1739364870400.4417
959,738134528,0,-0.737,1.1558,-0.7931,-1.4867,-0.1806,0.2418,1739364870410.4434
960,905906688,0,-0.8061,1.1558,-0.7931,-1.5238,-0.2076,0.2485,1739364870420.4448
961,1073678848,0,-0.8292,1.202,-0.7931,-1.5517,-0.2347,0.2552,1739364870430.4463
962,1241451008,0,-0.8522,1.2251,-0.7931,-1.5982,-0.2618,0.2686,1739364870440.4478
963,1409223168,0,-0.8522,1.2944,-0.7931,-1.6725,-0.2618,0.2686,1739364870450.4492
964,1576995328,0,-0.8292,1.3638,-0.7931,-1.7283,-0.2347,0.2753,1739364870460.4507
965,1744767488,0,-0.7601,1.41,-0.7931,-1.7747,-0.1715,0.2821,1739364870470.4521
966,1912539648,0,-0.7831,1.3869,-0.9253,-1.7654,-0.1535,0.3022,1739364870480.4539
967,2080311808,0,-0.7601,1.4563,-0.7931,-1.8026,-0.1535,0.3156,1739364870490.4553
968,2248083968,0,-0.737,1.5025,-0.7931,-1.8676,-0.1444,0.3224,1739364870500.4568
969,2415856128,0,-0.5988,1.5256,-0.7931,-1.9048,-0.0632,0.3224,1739364870510.4583
970,2583628288,0,-0.5758,1.5256,-0.7931,-1.9141,-0.0451,0.3425,1739364870520.4597
971,2751400448,0,-0.5528,1.5487,-0.6609,-1.942,0.0,0.3492,1739364870530.4612
972,2919172608,0,-0.4837,1.6181,-0.9253,-2.007,0.0361,0.3627,1739364870540.4626
973,3086944768,0,-0.4837,1.5718,-0.9253,-1.9698,0.0541,0.3694,1739364870550.4644
974,3254716928,0,-0.4837,1.595,-0.9253,-1.9606,0.0632,0.3627,1739364870560.4658
975,3422489088,0,-0.5528,1.6643,-1.0575,-2.0349,0.009,0.3828,1739364870570.4673
976,3590261248,0,-0.5988,1.6412,-1.0575,-2.0535,0.018,0.3761,1739364870580.4688
977,3758033408,0,-0.6219,1.7105,-1.0575,-2.1278,0.0,0.3963,1739364870590.4702
978,3925805568,0,-0.5528,1.7337,-0.9253,-2.1371,0.0361,0.403,1739364870600.4717
979,4093577728,0,-0.4376,1.803,-0.9253,-2.165,0.1444,0.403,1739364870610.4731
980,4261349888,0,-0.3455,1.7799,-0.7931,-2.1371,0.2167,0.4164,1739364870620.4749
981,117443328,0,-0.2994,1.803,-0.9253,-2.165,0.2618,0.4366,1739364870630.4763
982,285215488,0,-0.2533,1.7568,-0.9253,-2.1371,0.2889,0.4298,1739364870640.4778
983,452987648,0,-0.2994,1.8492,-0.9253,-2.2207,0.2618,0.4433,1739364870650.4792
984,620759808,0,-0.2994,1.9879,-0.9253,-2.3322,0.2709,0.4366,1739364870660.4807
985,788531968,0,-0.2994,2.1035,-1.0575,-2.4437,0.2709,0.4366,1739364870670.4822
986,956304128,0,-0.3915,2.2422,-1.0575,-2.6017,0.2257,0.45,1739364870680.4836
987,1124076288,0,-0.4606,2.2653,-1.0575,-2.6389,0.1625,0.4701,1739364870690.4854
988,1291848448,0,-0.4146,2.3809,-1.0575,-2.7411,0.1806,0.4701,1739364870700.4868
989,1459620608,0,-0.4146,2.4503,-1.0575,-2.8061,0.2076,0.497,1739364870710.4883
990,1627392768,0,-0.3455,2.4965,-1.0575,-2.899,0.2709,0.5172,1739364870720.4897
991,1795164928,0,-0.3224,2.5427,-0.9253,-2.9548,0.325,0.544,1739364870730.4912
992,1962937088,0,-0.2303,2.5427,-1.0575,-2.9734,0.4153,0.5507,1739364870740.4927
993,2130709248,0,-0.0921,2.5658,-0.9253,-2.9827,0.5418,0.544,1739364870750.4941
994,2298481408,0,-0.1382,2.5889,-0.9253,-3.0013,0.5689,0.5373,1739364870760.4958
995,2466253568,0,-0.1612,2.6583,-0.9253,-3.0942,0.5779,0.5104,1739364870770.4973
996,2634025728,0,-0.2764,2.8432,-1.0575,-3.2243,0.5056,0.5239,1739364870780.4988
997,2801797888,0,-0.2764,2.9126,-1.1896,-3.3265,0.4876,0.5037,1739364870790.5002
998,2969570048,0,-0.3685,3.0513,-1.1896,-3.4473,0.4605,0.5239,1739364870800.5017
999,3137342208,0,-0.3455,3.0744,-1.0575,-3.4844,0.4966,0.5104,1739364870810.5032
1000,3305114368,0,-0.2764,3.19,-1.0575,-3.6145,0.5418,0.5239,1739364870820.5046
1001,3472886528,0,-0.1842,3.2131,-1.0575,-3.6424,0.6411,0.5306,1739364870830.5063
1002,3640658688,0,0.023,3.2362,-1.0575,-3.6331,0.7946,0.5239,1739364870840.5078
1003,3808430848,0,0.1151,3.2362,-1.0575,-3.6052,0.912,0.5239,1739364870850.5093
1004,3976203008,0,0.1612,3.2362,-1.0575,-3.5959,0.9481,0.5306,1739364870860.5107
1005,4143975168,0,0.1382,3.3055,-1.0575,-3.6238,0.9301,0.5306,1739364870870.5122
1006,16845568,0,0.0921,3.2824,-1.1896,-3.6424,0.912,0.5306,1739364870880.5137
1007,184617728,0,0.1151,3.3055,-1.1896,-3.6796,0.912,0.5306,1739364870890.5151
1008,352389888,0,0.1382,3.4211,-1.0575,-3.7539,0.912,0.5507,1739364870900.5168
1009,520162048,0,0.1382,3.398,-1.0575,-3.7446,0.9301,0.5642,1739364870910.5183
1010,687934208,0,0.2073,3.398,-1.0575,-3.7539,0.9752,0.5709,1739364870920.5198
1011,855706368,0,0.2073,3.4674,-1.0575,-3.8004,1.0023,0.5776,1739364870930.5212
1012,1023478528,0,0.1842,3.4905,-1.0575,-3.8561,0.9933,0.591,1739364870940.5227
1013,1191250688,0,0.1612,3.5598,-1.0575,-3.9304,0.9842,0.5978,1739364870950.5242
1014,1359022848,0,0.1842,3.6292,-1.0575,-4.0048,1.0023,0.5978,1739364870960.5256
1015,1526795008,0,0.2303,3.6985,-0.9253,-4.1163,1.0384,0.5843,1739364870970.5273
1016,1694567168,0,0.1382,3.6985,-1.0575,-4.172,0.9933,0.5978,1739364870980.5288
1017,1862339328,0,0.0691,3.6754,-1.0575,-4.1349,0.9481,0.591,1739364870990.5303
1018,2030111488,0,0.046,3.7447,-1.0575,-4.1442,0.921,0.5776,1739364871000.5317
1019,2197883648,0,0.0,3.7447,-1.1896,-4.1906,0.903,0.591,1739364871010.5332
1020,2365655808,0,0.023,3.791,-1.1896,-4.2092,0.912,0.591,1739364871020.5347
1021,2533427968,0,0.046,3.791,-1.0575,-4.2464,0.9391,0.5978,1739364871030.5364
1022,2701200128,0,0.1151,3.8372,-1.0575,-4.2557,0.9842,0.5978,1739364871040.5378
1023,2868972288,0,0.2073,3.791,-1.0575,-4.2278,1.0384,0.6045,1739364871050.5393
1024,3036744448,0,0.2073,3.7679,-1.0575,-4.172,1.0474,0.591,1739364871060.5408
1025,3204516608,0,0.1612,3.7216,-1.0575,-4.1256,1.0294,0.5575,1739364871070.5422
1026,3372288768,0,0.1612,3.7216,-1.1896,-4.1256,1.0023,0.5306,1739364871080.5437
1027,3540060928,0,0.1612,3.6985,-1.0575,-4.0884,0.9933,0.5172,1739364871090.5452
1028,3707833088,0,0.1842,3.5829,-1.0575,-4.0327,0.9752,0.5037,1739364871100.5469
1029,3875605248,0,0.1382,3.5598,-1.0575,-3.9955,0.9391,0.497,1739364871110.5483
1030,4043377408,0,0.1382,3.5598,-1.0575,-3.9955,0.912,0.4903,1739364871120.5498
1031,4211149568,0,0.0921,3.5367,-1.0575,-4.0141,0.903,0.4903,1739364871130.5513
1032,84019968,0,0.0921,3.5829,-1.0575,-4.0234,0.8849,0.4836,1739364871140.5527
1033,251792128,0,0.0921,3.5598,-1.0575,-4.0234,0.8849,0.4769,1739364871150.5542
1034,419564288,0,0.0921,3.5136,-1.0575,-4.0141,0.8578,0.4701,1739364871160.5557
1035,587336448,0,0.046,3.5136,-1.3218,-3.9955,0.8307,0.4634,1739364871170.5574
1036,755108608,0,0.046,3.5136,-1.3218,-4.0141,0.8307,0.4634,1739364871180.5588
1037,922880768,0,0.1151,3.5367,-1.0575,-4.0605,0.8578,0.4701,1739364871190.5603
1038,1090652928,0,0.1151,3.5367,-1.0575,-4.0884,0.8759,0.4903,1739364871200.5618
1039,1258425088,0,0.1382,3.4905,-1.0575,-4.0512,0.8849,0.4903,1739364871210.5632
1040,1426197248,0,0.1612,3.4442,-1.0575,-4.0141,0.8849,0.497,1739364871220.5647
1041,1593969408,0,0.1151,3.4211,-1.0575,-4.0141,0.8578,0.497,1739364871230.5662
1042,1761741568,0,0.0691,3.4211,-1.0575,-4.0141,0.8217,0.5037,1739364871240.5679
1043,1929513728,0,0.0691,3.398,-1.0575,-3.9955,0.8217,0.5037,1739364871250.5693
1044,2097285888,0,0.0921,3.398,-1.0575,-3.9769,0.8217,0.5037,1739364871260.5708
1045,2265058048,0,0.1151,3.3518,-1.0575,-3.949,0.8488,0.497,1739364871270.5723
1046,2432830208,0,0.1842,3.3287,-1.0575,-3.9212,0.8668,0.4769,1739364871280.5737
1047,2600602368,0,0.2073,3.3055,-1.0575,-3.884,0.921,0.4567,1739364871290.5752
1048,2768374528,0,0.2533,3.2593,-1.0575,-3.8282,0.9571,0.4366,1739364871300.5767
1049,2936146688,0,0.2994,3.19,-1.0575,-3.726,0.9842,0.4164,1739364871310.5784
1050,3103918848,0,0.2994,3.0975,-1.0575,-3.6331,0.9933,0.3963,1739364871320.5798
1051,3271691008,0,0.3455,3.005,-1.0575,-3.5588,0.9842,0.3694,1739364871330.5813
1052,3439463168,0,0.3685,3.005,-1.1896,-3.503,0.9933,0.3425,1739364871340.5828
1053,3607235328,0,0.4146,2.9588,-1.0575,-3.4566,1.0294,0.3022,1739364871350.5842
1054,3775007488,0,0.4606,2.8663,-1.1896,-3.3915,1.0474,0.2821,1739364871360.5857
1055,3942779648,0,0.4606,2.797,-1.0575,-3.28,1.0294,0.2552,1739364871370.5872
1056,4110551808,0,0.4606,2.7739,-1.0575,-3.2335,1.0294,0.2216,1739364871380.5889
1057,4278323968,0,0.4837,2.797,-1.0575,-3.2521,1.0204,0.188,1739364871390.5903
1058,151194368,0,0.5297,2.7739,-1.1896,-3.2335,1.0565,0.1746,1739364871400.5918
1059,318966528,0,0.6219,2.7276,-1.1896,-3.1685,1.1197,0.1477,1739364871410.5933
1060,486738688,0,0.6679,2.7276,-1.1896,-3.1313,1.1739,0.1276,1739364871420.5947
1061,654510848,0,0.714,2.5889,-1.1896,-3.0291,1.1829,0.1007,1739364871430.5962
1062,822283008,0,0.6679,2.5196,-1.1896,-2.9548,1.1648,0.0738,1739364871440.5977
1063,990055168,0,0.6679,2.4734,-1.1896,-2.9176,1.1468,0.0403,1739364871450.5994
1064,1157827328,0,0.691,2.404,-1.1896,-2.8526,1.1378,0.0201,1739364871460.6008
1065,1325599488,0,0.737,2.3809,-1.1896,-2.8061,1.1829,0.0,1739364871470.6023
1066,1493371648,0,0.7601,2.3116,-1.1896,-2.7318,1.1739,-0.0335,1739364871480.6038
1067,1661143808,0,0.714,2.2884,-1.0575,-2.6853,1.1468,-0.0604,1739364871490.6052
1068,1828915968,0,0.6679,2.1729,-1.3218,-2.6203,1.0655,-0.0806,1739364871500.6067
1069,1996688128,0,0.691,2.1729,-1.3218,-2.5738,1.0565,-0.1074,1739364871510.6082
1070,2164460288,0,0.7601,2.1035,-1.1896,-2.4809,1.0926,-0.1343,1739364871520.6099
1071,2332232448,0,0.7831,2.0342,-1.0575,-2.4251,1.1197,-0.1544,1739364871530.6113
1072,2500004608,0,0.737,1.9648,-1.1896,-2.3508,1.0836,-0.1813,1739364871540.6128
1073,2667776768,0,0.6449,1.8955,-1.1896,-2.2951,0.9842,-0.2082,1739364871550.6143
1074,2835548928,0,0.6219,1.8492,-1.454,-2.2393,0.921,-0.2283,1739364871560.6157
1075,3003321088,0,0.6449,1.7568,-1.454,-2.1371,0.9301,-0.2485,1739364871570.6172
1076,3171093248,0,0.691,1.7105,-1.454,-2.0999,0.9933,-0.2686,1739364871580.6187
1077,3338865408,0,0.714,1.6874,-1.454,-2.0442,0.9933,-0.2955,1739364871590.6204
1078,3506637568,0,0.737,1.6874,-1.3218,-2.0163,0.9842,-0.3022,1739364871600.6218
1079,3674409728,0,0.8061,1.6412,-1.454,-1.9977,1.0113,-0.3156,1739364871610.6233
1080,3842181888,0,0.8292,1.5487,-1.3218,-1.9234,1.0655,-0.3291,1739364871620.6248
1081,4009954048,0,0.8752,1.5256,-1.3218,-1.9141,1.0836,-0.3425,1739364871630.6262
1082,4177726208,0,0.8752,1.4563,-1.454,-1.8305,1.0926,-0.3492,1739364871640.6277
1083,50596608,0,0.9213,1.3638,-1.454,-1.7654,1.1016,-0.3627,1739364871650.6292
1084,218368768,0,0.9443,1.2944,-1.5862,-1.6818,1.1378,-0.3761,1739364871660.6309
1085,386140928,0,0.9674,1.202,-1.454,-1.6075,1.1378,-0.3694,1739364871670.6323
1086,553913088,0,0.8983,1.1789,-1.454,-1.6167,1.1197,-0.3761,1739364871680.6338
1087,721685248,0,0.9443,1.1095,-1.454,-1.5517,1.1287,-0.3828,1739364871690.6353
1088,889457408,0,0.9904,1.1326,-1.454,-1.5517,1.1829,-0.3895,1739364871700.6367
1089,1057229568,0,1.1516,1.0864,-1.5862,-1.496,1.2642,-0.403,1739364871710.6382
1090,1225001728,0,1.1977,1.0633,-1.454,-1.4495,1.3454,-0.403,1739364871720.64
1091,1392773888,0,1.1977,1.0171,-1.3218,-1.3937,1.3364,-0.4164,1739364871730.6414
1092,1560546048,0,1.1516,0.9708,-1.3218,-1.338,1.2822,-0.4097,1739364871740.6428
1093,1728318208,0,1.1286,0.9477,-1.454,-1.338,1.2642,-0.4231,1739364871750.6443
1094,1896090368,0,1.1056,0.9246,-1.5862,-1.3008,1.2461,-0.4164,1739364871760.6458
1095,2063862528,0,1.1286,0.9015,-1.454,-1.2822,1.2371,-0.4164,1739364871770.6472
1096,2231634688,0,1.1286,0.9015,-1.454,-1.2637,1.2461,-0.4231,1739364871780.6487
1097,2399406848,0,1.1286,0.809,-1.454,-1.18,1.2371,-0.4231,1739364871790.6504
1098,2567179008,0,1.1056,0.7628,-1.3218,-1.0778,1.2371,-0.4298,1739364871800.6519
1099,2734951168,0,1.1056,0.7628,-1.1896,-1.0778,1.201,-0.4433,1739364871810.6533
1100,2902723328,0,1.0825,0.7397,-1.1896,-1.0685,1.1648,-0.4433,1739364871820.6548
1101,3070495488,0,1.0365,0.6703,-1.3218,-0.9756,1.1107,-0.4298,1739364871830.6562
1102,3238267648,0,1.0365,0.6241,-1.1896,-0.9477,1.0836,-0.4298,1739364871840.6577
1103,3406039808,0,0.9904,0.6472,-1.1896,-0.9663,1.0655,-0.4298,1739364871850.6592
1104,3573811968,0,0.9904,0.6703,-1.3218,-0.9756,1.0474,-0.4231,1739364871860.661
1105,3741584128,0,0.9904,0.601,-1.1896,-0.9291,1.0474,-0.4097,1739364871870.6624
1106,3909356288,0,0.9443,0.601,-1.1896,-0.9013,1.0294,-0.3895,1739364871880.6638
1107,4077128448,0,0.9674,0.5316,-1.0575,-0.8827,1.0113,-0.3694,1739364871890.6653
1108,4244900608,0,0.9443,0.5085,-1.1896,-0.8269,0.9842,-0.3492,1739364871900.6667
1109,117771008,0,0.9443,0.4623,-1.0575,-0.7991,0.9481,-0.3291,1739364871910.6682
1110,285543168,0,0.9674,0.4392,-1.0575,-0.7526,0.9481,-0.2955,1739364871920.6697
1111,453315328,0,0.9904,0.3929,-1.0575,-0.6783,0.9391,-0.2686,1739364871930.6714
1112,621087488,0,0.9904,0.3005,-0.9253,-0.5946,0.921,-0.2283,1739364871940.6729
1113,788859648,0,0.9674,0.2311,-0.9253,-0.5296,0.8488,-0.188,1739364871950.6743
1114,956631808,0,0.9443,0.2311,-0.7931,-0.511,0.8127,-0.141,1739364871960.6758
1115,1124403968,0,1.0134,0.208,-0.6609,-0.4367,0.8217,-0.0873,1739364871970.6772
1116,1292176128,0,1.0825,0.1386,-0.6609,-0.3438,0.8307,-0.0268,1739364871980.6787
1117,1459948288,0,1.0825,0.0693,-0.3965,-0.223,0.8668,0.0067,1739364871990.6802
1118,1627720448,0,1.1056,-0.0693,-0.3965,-0.0929,0.8668,0.0335,1739364872000.682
1119,1795492608,0,1.1286,-0.1618,-0.1321,0.0464,0.8668,0.0671,1739364872010.6833
1120,1963264768,0,1.0825,-0.2311,0.0,0.1393,0.8036,0.1007,1739364872020.6848
1121,2131036928,0,0.9213,-0.2542,0.0,0.2137,0.7043,0.0873,1739364872030.6863
1122,2298809088,0,0.6679,-0.2773,0.1321,0.2508,0.4515,0.0671,1739364872040.6877
1123,2466581248,0,0.4376,-0.2542,0.0,0.2601,0.2889,0.0335,1739364872050.6892
1124,2634353408,0,0.2764,-0.208,0.1321,0.2322,0.1715,0.0268,1739364872060.6907
1125,2802125568,0,0.2073,-0.1155,0.1321,0.1765,0.1083,0.0201,1739364872070.6924
1126,2969897728,0,0.1612,-0.0693,0.1321,0.1022,0.1173,0.0201,1739364872080.6938
1127,3137669888,0,0.1151,0.0,0.0,0.0185,0.0632,0.0201,1739364872090.6953
1128,3305442048,0,0.0921,0.0693,0.0,-0.0464,0.018,-0.0067,1739364872100.6968
1129,3473214208,0,0.0691,0.0924,0.0,-0.065,0.009,-0.0067,1739364872110.6982
1130,3640986368,0,0.0691,0.1155,0.0,-0.065,0.0,0.0,1739364872120.6997
1131,3808758528,0,0.046,0.1155,0.0,-0.0836,-0.018,-0.0067,1739364872130.7012
1132,3976530688,0,0.046,0.0924,0.0,-0.065,0.0,-0.0067,1739364872140.703
1133,4144302848,0,0.046,0.0924,0.0,-0.0743,-0.009,0.0,1739364872150.7043
1134,17173248,0,0.046,0.0924,-0.1321,-0.0743,-0.009,-0.0067,1739364872160.7058
1135,184945408,0,0.046,0.1155,0.0,-0.0743,-0.009,0.0,1739364872170.7073
1136,352717568,0,0.046,0.0924,0.0,-0.0836,-0.018,-0.0067,1739364872180.7087
1137,520489728,0,0.0691,0.1155,0.1321,-0.0836,-0.027,-0.0067,1739364872190.7102
1138,688261888,0,0.023,0.1155,0.0,-0.0836,-0.027,0.0,1739364872200.7117
1139,856034048,0,0.023,0.1155,0.0,-0.0836,-0.018,-0.0067,1739364872210.7134
1140,1023806208,0,0.046,0.0924,0.1321,-0.0836,-0.027,-0.0067,1739364872220.7148
1141,1191578368,0,0.023,0.1155,0.0,-0.0743,-0.027,-0.0067,1739364872230.7163
1142,1359350528,0,0.023,0.1155,0.0,-0.0836,-0.018,0.0,1739364872240.7178
1143,1527122688,0,0.023,0.1155,0.0,-0.0743,-0.027,0.0,1739364872250.7192
1144,1694894848,0,0.023,0.0924,0.1321,-0.0557,-0.018,0.0,1739364872260.7207
1145,1862667008,0,0.0,0.0924,0.0,-0.065,-0.027,0.0067,1739364872270.7222
1146,2030439168,0,0.023,0.1155,0.1321,-0.0743,-0.027,-0.0067,1739364872280.7239
1147,2198211328,0,0.023,0.0924,0.0,-0.0743,-0.027,0.0,1739364872290.7253
1148,2365983488,0,0.046,0.0924,0.2643,-0.0743,-0.0361,0.0,1739364872300.7268
1149,2533755648,0,0.023,0.1155,0.2643,-0.0743,-0.0361,0.0,1739364872310.7283
1150,2701527808,0,0.0,0.0924,0.2643,-0.0743,-0.0361,0.0,1739364872320.7297
1151,2869299968,0,0.046,0.0924,0.2643,-0.0836,-0.0361,0.0,1739364872330.7312
1152,3037072128,0,0.023,0.1155,0.1321,-0.065,-0.0361,0.0067,1739364872340.733
1153,3204844288,0,0.023,0.1155,0.0,-0.0743,-0.027,0.0,1739364872350.7344
1154,3372616448,0,0.023,0.1155,0.0,-0.065,-0.027,0.0134,1739364872360.7358
1155,3540388608,0,0.023,0.1155,0.2643,-0.0743,-0.0361,0.0,1739364872370.7373
1156,3708160768,0,0.0,0.1155,0.1321,-0.0464,-0.027,0.0067,1739364872380.7388
1157,3875932928,0,0.023,0.0924,0.0,-0.0464,-0.018,0.0067,1739364872390.7402
1158,4043705088,0,0.0,0.0924,0.0,-0.0557,-0.027,0.0067,1739364872400.7417
1159,4211477248,0,0.0,0.0924,0.1321,-0.0743,-0.0361,0.0067,1739364872410.7434
1160,84347648,0,0.023,0.0924,0.2643,-0.0743,-0.0361,0.0,1739364872420.7449
1161,252119808,0,0.0,0.0924,0.2643,-0.0743,-0.0361,0.0,1739364872430.7463
1162,419891968,0,0.046,0.0924,0.1321,-0.0557,-0.0361,0.0,1739364872440.7478
1163,587664128,0,0.0,0.1155,0.1321,-0.065,-0.0361,0.0,1739364872450.7493
1164,755436288,0,0.0,0.0924,0.0,-0.0557,-0.027,0.0067,1739364872460.7507
1165,923208448,0,0.023,0.0924,0.1321,-0.065,-0.0361,0.0,1739364872470.7522
1166,1090980608,0,0.0,0.0924,0.0,-0.0464,-0.0361,0.0,1739364872480.754
1167,1258752768,0,0.0,0.0924,0.1321,-0.065,-0.0451,0.0,1739364872490.7554
1168,1426524928,0,0.023,0.0924,0.1321,-0.0557,-0.0451,0.0,1739364872500.7568
1169,1594297088,0,0.023,0.0924,0.1321,-0.0557,-0.0451,0.0067,1739364872510.7583
1170,1762069248,0,0.0,0.1155,0.1321,-0.0557,-0.0451,0.0067,1739364872520.7598
1171,1929841408,0,0.0,0.0924,0.0,-0.0464,-0.0361,0.0,1739364872530.7612
1172,2097613568,0,0.0,0.1155,0.1321,-0.0464,-0.0451,0.0067,1739364872540.7627
1173,2265385728,0,0.0,0.1155,0.1321,-0.0464,-0.0361,0.0,1739364872550.7644
1174,2433157888,0,0.0,0.1155,0.1321,-0.0557,-0.0451,-0.0067,1739364872560.7659
1175,2600930048,0,0.023,0.0924,0.0,-0.0557,-0.0361,-0.0067,1739364872570.7673
1176,2768702208,0,0.0,0.1155,0.1321,-0.065,-0.0361,0.0,1739364872580.7688
1177,2936474368,0,0.0,0.1155,0.1321,-0.065,-0.0451,0.0,1739364872590.7703
1178,3104246528,0,0.0,0.1155,0.1321,-0.0557,-0.0451,0.0,1739364872600.7717
1179,3272018688,0,0.0,0.0924,0.0,-0.0464,-0.0361,0.0,1739364872610.7732
1180,3439790848,0,0.023,0.0924,0.1321,-0.0464,-0.0451,0.0067,1739364872620.775
1181,3607563008,0,0.023,0.0924,0.1321,-0.0557,-0.0451,0.0,1739364872630.7764
1182,3775335168,0,0.023,0.1155,0.1321,-0.0557,-0.0451,0.0,1739364872640.7778
1183,3943107328,0,0.023,0.0924,0.1321,-0.0557,-0.0451,0.0067,1739364872650.7793
1184,4110879488,0,0.023,0.0924,0.1321,-0.0464,-0.0451,0.0067,1739364872660.7808
1185,4278651648,0,0.023,0.0924,0.0,-0.0464,-0.0361,0.0067,1739364872670.7822
1186,151522048,0,0.0,0.1155,0.0,-0.0557,-0.0361,0.0067,1739364872680.7837
1187,319294208,0,0.0,0.0924,0.1321,-0.0371,-0.0361,0.0067,1739364872690.7854
1188,487066368,0,0.0,0.0924,0.1321,-0.0371,-0.0451,0.0,1739364872700.7869
1189,654838528,0,0.023,0.0924,0.1321,-0.0371,-0.0451,0.0,1739364872710.7883
1190,822610688,0,0.046,0.0693,0.1321,-0.0557,-0.0361,-0.0067,1739364872720.7898
1191,990382848,0,0.0,0.1155,0.1321,-0.0557,-0.0541,-0.0067,1739364872730.7913
1192,1158155008,0,0.023,0.0924,0.1321,-0.0557,-0.0541,0.0,1739364872740.7927
1193,1325927168,0,0.023,0.0924,0.1321,-0.0557,-0.0451,0.0,1739364872750.7942
1194,1493699328,0,0.023,0.0693,0.1321,-0.065,-0.0361,0.0,1739364872760.796
1195,1661471488,0,0.023,0.0924,0.2643,-0.0464,-0.0451,0.0067,1739364872770.7974
1196,1829243648,0,0.0,0.0924,0.1321,-0.0371,-0.0541,0.0067,1739364872780.7988
1197,1997015808,0,-0.023,0.0693,0.1321,-0.0557,-0.0541,0.0,1739364872790.8003
1198,2164787968,0,0.0,0.0924,0.1321,-0.0557,-0.0451,0.0,1739364872800.8018
1199,2332560128,0,0.0,0.0924,0.1321,-0.0464,-0.0541,-0.0067,1739364872810.8032
1200,2500332288,0,0.0,0.1155,0.1321,-0.0464,-0.0541,-0.0067,1739364872820.8047
1201,2668104448,0,0.023,0.0924,0.1321,-0.0557,-0.0451,0.0,1739364872830.8064
1202,2835876608,0,0.046,0.0693,0.1321,-0.0557,-0.0361,-0.0067,1739364872840.8079
1203,3003648768,0,-0.023,0.0924,0.1321,-0.0464,-0.0541,0.0,1739364872850.8093
1204,3171420928,0,0.0,0.0924,0.1321,-0.0464,-0.0541,0.0,1739364872860.8108
1205,3339193088,0,0.0,0.1386,0.1321,-0.0836,-0.0541,0.0,1739364872870.8123
1206,3506965248,0,-0.0691,0.2311,0.0,-0.1858,-0.0722,0.0,1739364872880.8137
1207,3674737408,0,-0.0691,0.4392,0.0,-0.3252,-0.1083,-0.0335,1739364872890.8152
1208,3842509568,0,-0.1382,0.5316,-0.1321,-0.3902,-0.1535,-0.0335,1739364872900.817
1209,4010281728,0,-0.1382,0.4623,-0.1321,-0.3623,-0.1535,-0.0403,1739364872910.8184
1210,4178053888,0,-0.1842,0.3929,-0.1321,-0.3345,-0.1625,-0.0403,1739364872920.8198
1211,50924288,0,-0.2303,0.3698,-0.1321,-0.3252,-0.2076,-0.0403,1739364872930.8213
1212,218696448,0,-0.2764,0.3236,-0.1321,-0.2973,-0.2438,-0.0403,1739364872940.8228
1213,386468608,0,-0.3224,0.2773,-0.1321,-0.2787,-0.2889,-0.047,1739364872950.8242
1214,554240768,0,-0.3455,0.2773,-0.2643,-0.2694,-0.2889,-0.047,1739364872960.8257
1215,722012928,0,-0.2994,0.3005,-0.1321,-0.3159,-0.2438,-0.0403,1739364872970.8274
1216,889785088,0,-0.2764,0.3698,-0.1321,-0.3995,-0.1715,-0.0268,1739364872980.8289
1217,1057557248,0,-0.1612,0.4392,0.0,-0.4738,-0.0451,-0.0268,1739364872990.8303
1218,1225329408,0,0.0691,0.4854,0.0,-0.511,0.1264,-0.0134,1739364873000.8318
1219,1393101568,0,0.2764,0.4623,-0.1321,-0.4924,0.307,-0.0067,1739364873010.8333
1220,1560873728,0,0.4376,0.4392,0.2643,-0.4274,0.4334,0.0134,1739364873020.8347
1221,1728645888,0,0.5528,0.3698,0.3965,-0.3623,0.5418,0.0201,1739364873030.8364
1222,1896418048,0,0.714,0.3005,0.3965,-0.3159,0.7043,0.0201,1739364873040.838
1223,2064190208,0,0.8983,0.3236,0.3965,-0.2973,0.903,0.0134,1739364873050.8394
1224,2231962368,0,1.1516,0.3467,0.3965,-0.2508,1.1378,-0.0067,1739364873060.8408
1225,2399734528,0,1.3359,0.2542,0.3965,-0.1486,1.3545,-0.0335,1739364873070.8423
1226,2567506688,0,1.5432,0.2542,0.2643,-0.1115,1.5531,-0.0806,1739364873080.8438
1227,2735278848,0,1.7275,0.2542,0.1321,-0.0929,1.7518,-0.1343,1739364873090.8452
1228,2903051008,0,1.7275,0.2311,0.0,-0.0278,1.8421,-0.2015,1739364873100.847
1229,3070823168,0,1.7275,0.2311,-0.2643,0.0092,1.9234,-0.2888,1739364873110.8484
1230,3238595328,0,1.5662,0.3698,-0.3965,-0.065,1.8602,-0.3761,1739364873120.8499
1231,3406367488,0,1.1977,0.5316,-0.6609,-0.2137,1.6073,-0.4433,1739364873130.8513
1232,3574139648,0,0.7601,0.7397,-0.9253,-0.4553,1.3093,-0.497,1739364873140.8528
1233,3741911808,0,0.5988,0.9708,-1.0575,-0.6968,1.219,-0.5575,1739364873150.8542
1234,3909683968,0,0.5758,1.0402,-1.0575,-0.8083,1.2461,-0.6246,1739364873160.8557
1235,4077456128,0,0.5988,1.0864,-0.7931,-0.8455,1.3184,-0.6784,1739364873170.8574
1236,4245228288,0,0.737,1.0402,-0.9253,-0.8548,1.3996,-0.7254,1739364873180.859
1237,118098688,0,0.714,0.9708,-1.0575,-0.8176,1.4177,-0.7455,1739364873190.8604
1238,285870848,0,0.6679,0.8784,-1.0575,-0.7805,1.3725,-0.7724,1739364873200.8618
1239,453643008,0,0.5758,0.8784,-1.0575,-0.8455,1.3093,-0.7858,1739364873210.8633
1240,621415168,0,0.5528,0.9939,-1.0575,-0.9942,1.3003,-0.8127,1739364873220.8647
1241,789187328,0,0.6219,1.0633,-1.1896,-1.0964,1.4087,-0.853,1739364873230.8662
1242,956959488,0,0.691,1.0171,-1.1896,-1.0314,1.517,-0.8933,1739364873240.868
1243,1124731648,0,0.6219,0.9477,-1.3218,-0.9942,1.526,-0.947,1739364873250.8694
1244,1292503808,0,0.4376,0.9477,-1.3218,-0.9756,1.3906,-0.9873,1739364873260.8708
1245,1460275968,0,0.2303,0.9708,-1.3218,-0.9942,1.2642,-0.9941,1739364873270.8723
1246,1628048128,0,0.0921,1.0402,-1.3218,-1.0592,1.1468,-0.9941,1739364873280.8738
1247,1795820288,0,0.0,1.0633,-1.5862,-1.1707,1.0294,-0.9873,1739364873290.8752
1248,1963592448,0,-0.1382,1.1095,-1.5862,-1.2915,0.8939,-1.0008,1739364873300.8767
1249,2131364608,0,-0.3685,1.1326,-1.5862,-1.3937,0.6772,-1.0411,1739364873310.8784
1250,2299136768,0,-0.714,1.2482,-1.7184,-1.5238,0.3702,-1.0679,1739364873320.88
1251,2466908928,0,-1.1286,1.3407,-1.5862,-1.6911,0.009,-1.0948,1739364873330.8813
1252,2634681088,0,-1.428,1.4563,-2.115,-1.8398,-0.2709,-1.1015,1739364873340.8828
1253,2802453248,0,-1.5893,1.5025,-2.115,-1.9141,-0.4695,-1.0814,1739364873350.8843
1254,2970225408,0,-1.7044,1.5256,-2.2471,-1.9698,-0.5508,-1.0545,1739364873360.8857
1255,3137997568,0,-1.7966,1.5718,-2.3793,-2.0349,-0.6682,-1.0478,1739364873370.8872
1256,3305769728,0,-2.0039,1.6874,-2.5115,-2.1836,-0.8759,-1.0344,1739364873380.889
1257,3473541888,0,-2.2572,1.8723,-2.7759,-2.3694,-1.1016,-1.0411,1739364873390.8904
1258,3641314048,0,-2.3724,1.9648,-2.7759,-2.4809,-1.201,-1.0545,1739364873400.8918
1259,3809086208,0,-2.3954,1.9879,-2.9081,-2.4995,-1.219,-1.0747,1739364873410.8933
1260,3976858368,0,-2.3724,1.9648,-3.0403,-2.4902,-1.1739,-1.1082,1739364873420.8948
1261,4144630528,0,-2.2572,1.9648,-3.0403,-2.4995,-1.0565,-1.1015,1739364873430.8962
1262,17500928,0,-2.1421,1.9648,-3.1725,-2.4902,-0.9752,-1.0747,1739364873440.8977
1263,185273088,0,-2.0499,1.9879,-3.1725,-2.5181,-0.912,-1.0411,1739364873450.8994
1264,353045248,0,-2.0499,2.0342,-3.3046,-2.611,-0.8939,-0.9941,1739364873460.901
1265,520817408,0,-2.0269,2.0804,-3.4368,-2.6574,-0.903,-0.9672,1739364873470.9023
1266,688589568,0,-2.096,2.1266,-3.4368,-2.7039,-0.9301,-0.947,1739364873480.9038
1267,856361728,0,-2.2112,2.196,-3.4368,-2.7411,-1.0384,-0.9605,1739364873490.9053
1268,1024133888,0,-2.2803,2.2191,-3.7012,-2.769,-1.1558,-0.9403,1739364873500.9067
1269,1191906048,0,-2.4185,2.2653,-3.7012,-2.8247,-1.2642,-0.9202,1739364873510.9082
1270,1359678208,0,-2.5106,2.3116,-3.8334,-2.9083,-1.3635,-0.8933,1739364873520.91
1271,1527450368,0,-2.5106,2.404,-3.9656,-3.0477,-1.3906,-0.8732,1739364873530.9114
1272,1695222528,0,-2.5567,2.4965,-3.9656,-3.1128,-1.4177,-0.8463,1739364873540.9128
1273,1862994688,0,-2.6258,2.4503,-3.9656,-3.1128,-1.4628,-0.8261,1739364873550.9143
1274,2030766848,0,-2.81,2.5196,-3.9656,-3.1964,-1.6163,-0.806,1739364873560.9158
1275,2198539008,0,-2.9943,2.6352,-3.8334,-3.3079,-1.797,-0.7791,1739364873570.9172
1276,2366311168,0,-3.0864,2.7508,-4.0978,-3.4751,-1.9053,-0.7388,1739364873580.9187
1277,2534083328,0,-3.2707,2.8432,-4.0978,-3.5866,-2.0137,-0.6985,1739364873590.9204
1278,2701855488,0,-3.4089,2.9819,-4.23,-3.7353,-2.0769,-0.6515,1739364873600.9219
1279,2869627648,0,-3.5471,3.005,-4.23,-3.7818,-2.1762,-0.6112,1739364873610.9233
1280,3037399808,0,-3.5471,3.0282,-4.3621,-3.8189,-2.1582,-0.5709,1739364873620.9248
1281,3205171968,0,-3.501,3.0513,-4.3621,-3.8282,-2.0679,-0.5239,1739364873630.9263
1282,3372944128,0,-3.3168,2.9588,-4.4943,-3.7818,-1.8602,-0.4567,1739364873640.9277
1283,3540716288,0,-2.9943,2.9357,-4.6265,-3.7632,-1.5622,-0.3828,1739364873650.9294
1284,3708488448,0,-2.5797,2.797,-4.8909,-3.661,-1.2281,-0.3224,1739364873660.931
1285,3876260608,0,-2.0269,2.5889,-4.7587,-3.4751,-0.7495,-0.2753,1739364873670.9324
1286,4044032768,0,-1.6814,2.4965,-4.6265,-3.3915,-0.3521,-0.2418,1739364873680.9338
1287,4211804928,0,-1.3589,2.4271,-4.3621,-3.3172,-0.0812,-0.2015,1739364873690.9353
1288,84675328,0,-1.0134,2.2884,-4.3621,-3.1685,0.1986,-0.1612,1739364873700.9368
1289,252447488,0,-0.6449,2.1729,-4.23,-3.0291,0.4605,-0.1276,1739364873710.9382
1290,420219648,0,-0.2994,2.1266,-4.0978,-2.9734,0.7224,-0.094,1739364873720.94
1291,587991808,0,-0.1382,2.0342,-3.9656,-2.8897,0.8307,-0.0738,1739364873730.9414
1292,755763968,0,-0.046,1.9879,-4.23,-2.8433,0.903,-0.0671,1739364873740.9429
1293,923536128,0,-0.046,2.0804,-4.3621,-2.9083,0.921,-0.0671,1739364873750.9443
1294,1091308288,0,-0.0691,2.0804,-4.4943,-2.9176,0.8939,-0.0604,1739364873760.9458
1295,1259080448,0,-0.0691,2.0804,-4.4943,-2.9362,0.912,-0.0403,1739364873770.9473
1296,1426852608,0,-0.1151,1.9879,-4.6265,-2.8712,0.9391,-0.0335,1739364873780.9487
1297,1594624768,0,-0.1382,2.0342,-4.6265,-2.9083,0.9662,-0.0268,1739364873790.9504
1298,1762396928,0,-0.1151,2.0342,-4.6265,-2.8805,0.9933,-0.0201,1739364873800.952
1299,1930169088,0,0.023,2.011,-4.6265,-2.8433,1.1107,-0.0201,1739364873810.9534
1300,2097941248,0,0.2073,2.0342,-4.7587,-2.834,1.2732,0.0134,1739364873820.9548
1301,2265713408,0,0.4376,1.9648,-4.6265,-2.7782,1.4809,0.047,1739364873830.9563
1302,2433485568,0,0.6449,1.9879,-4.4943,-2.7968,1.6615,0.0738,1739364873840.9578
1303,2601257728,0,0.9213,2.011,-4.4943,-2.8061,1.8963,0.1007,1739364873850.9592
1304,2769029888,0,1.1056,2.0342,-4.6265,-2.8526,2.0679,0.1276,1739364873860.961
1305,2936802048,0,1.1516,1.9879,-4.6265,-2.8619,2.113,0.1343,1739364873870.9624
1306,3104574208,0,1.1516,1.9879,-4.7587,-2.8805,2.0679,0.1343,1739364873880.9639
1307,3272346368,0,1.0825,2.0573,-4.8909,-2.9176,2.0046,0.1343,1739364873890.9653
1308,3440118528,0,1.0365,2.0804,-5.0231,-2.9734,1.9956,0.1477,1739364873900.9668
1309,3607890688,0,1.0825,2.1035,-5.1553,-3.0105,1.9956,0.1477,1739364873910.9683
1310,3775662848,0,1.1747,2.1266,-5.1553,-3.0198,2.0408,0.1544,1739364873920.9697
1311,3943435008,0,1.3129,2.0573,-5.1553,-2.992,2.1491,0.141,1739364873930.9714
1312,4111207168,0,1.4741,1.9879,-5.1553,-2.8805,2.3207,0.1343,1739364873940.973
1313,4278979328,0,1.6814,1.8955,-5.1553,-2.769,2.4742,0.1276,1739364873950.9744
1314,151849728,0,1.8426,1.8492,-5.0231,-2.6946,2.6277,0.1074,1739364873960.9758
1315,319621888,0,2.096,1.803,-5.0231,-2.5924,2.8354,0.1007,1739364873970.9773
1316,487394048,0,2.3494,1.6874,-4.8909,-2.4251,3.016,0.094,1739364873980.9788
1317,655166208,0,2.4415,1.595,-4.8909,-2.3044,3.1334,0.0873,1739364873990.9802
1318,822938368,0,2.4415,1.6412,-5.0231,-2.3601,3.1154,0.0806,1739364874000.982
1319,990710528,0,2.5336,1.6181,-5.0231,-2.2951,3.1786,0.0738,1739364874010.9834
1320,1158482688,0,2.6718,1.5025,-5.1553,-2.2021,3.2869,0.0671,1739364874020.9849
1321,1326254848,0,2.764,1.4331,-5.1553,-2.1185,3.3682,0.0671,1739364874030.9863
1322,1494027008,0,2.81,1.3638,-5.0231,-2.0535,3.4134,0.0537,1739364874040.9878
1323,1661799168,0,2.9482,1.3176,-5.0231,-1.9513,3.5037,0.047,1739364874050.9893
1324,1829571328,0,3.0634,1.2251,-4.8909,-1.8583,3.612,0.0403,1739364874060.9907
1325,1997343488,0,3.2707,1.1095,-4.8909,-1.7283,3.7475,0.0335,1739364874070.9924
1326,2165115648,0,3.5241,0.9708,-4.7587,-1.5517,3.9552,-0.0067,1739364874080.994
1327,2332887808,0,3.7774,0.809,-4.7587,-1.338,4.1629,-0.0335,1739364874090.9954
1328,2500659968,0,4.0769,0.6934,-4.7587,-1.1336,4.4067,-0.0671,1739364874100.9968
1329,2668432128,0,4.3994,0.601,-4.6265,-1.0035,4.6685,-0.094,1739364874110.9983
1330,2836204288,0,4.5606,0.5316,-4.4943,-0.9013,4.813,-0.1074,1739364874120.9998
1331,3003976448,0,4.5836,0.4623,-4.6265,-0.8176,4.804,-0.141,1739364874131.0012
1332,3171748608,0,4.6297,0.4623,-4.7587,-0.7619,4.8221,-0.1746,1739364874141.003
1333,3339520768,0,4.7679,0.3929,-4.6265,-0.6597,4.9124,-0.2082,1739364874151.0044
1334,3507292928,0,4.837,0.3698,-4.7587,-0.6318,4.9756,-0.2485,1739364874161.0059
1335,3675065088,0,4.9061,0.3236,-4.7587,-0.5668,5.0297,-0.2955,1739364874171.0073
1336,3842837248,0,5.0443,0.3236,-4.7587,-0.5203,5.111,-0.3291,1739364874181.0088
1337,4010609408,0,5.2286,0.1618,-4.6265,-0.3252,5.3187,-0.3761,1739364874191.0103
1338,4178381568,0,5.3437,0.1386,-4.4943,-0.288,5.418,-0.4097,1739364874201.0117
1339,51251968,0,5.505,0.0924,-4.6265,-0.1765,5.5535,-0.45,1739364874211.0134
1340,219024128,0,5.6201,0.0231,-4.4943,-0.1207,5.6438,-0.4769,1739364874221.015
1341,386796288,0,5.8505,-0.0462,-4.3621,0.0185,5.8515,-0.5037,1739364874231.0164
1342,554568448,0,6.0808,-0.1618,-4.3621,0.1579,6.0502,-0.5239,1739364874241.0178
1343,722340608,0,6.2651,-0.2542,-4.0978,0.2787,6.2217,-0.5507,1739364874251.0193
1344,890112768,0,6.3802,-0.2773,-4.23,0.3252,6.3391,-0.5776,1739364874261.0208
1345,1057884928,0,6.4724,-0.3236,-4.23,0.4274,6.4385,-0.5978,1739364874271.0222
1346,1225657088,0,6.6336,-0.3467,-4.4943,0.4645,6.5739,-0.6246,1739364874281.024
1347,1393429248,0,6.8179,-0.3467,-4.4943,0.4831,6.7364,-0.6649,1739364874291.0254
1348,1561201408,0,7.0482,-0.4392,-4.4943,0.6132,6.9171,-0.6985,1739364874301.0269
1349,1728973568,0,7.1864,-0.4854,-4.7587,0.669,7.0254,-0.7254,1739364874311.0283
1350,1896745728,0,7.3707,-0.5547,-4.7587,0.7898,7.1699,-0.7321,1739364874321.0298
1351,2064517888,0,7.601,-0.601,-4.6265,0.8362,7.3686,-0.7522,1739364874331.0312
1352,2232290048,0,7.7622,-0.6703,-4.8909,0.9199,7.504,-0.7657,1739364874341.033
1353,2400062208,0,8.0847,-0.7628,-4.8909,1.0128,7.7388,-0.7791,1739364874351.0344
1354,2567834368,0,8.269,-0.7628,-4.7587,1.0592,7.9194,-0.7858,1739364874361.036
1355,2735606528,0,8.315,-0.8552,-4.7587,1.1057,7.9465,-0.7993,1739364874371.0374
1356,2903378688,0,8.3381,-0.8784,-4.8909,1.1614,7.9555,-0.8127,1739364874381.0388
1357,3071150848,0,8.4072,-0.8321,-5.0231,1.115,8.0278,-0.8127,1739364874391.0403
1358,3238923008,0,8.5224,-0.809,-5.0231,1.1243,8.1452,-0.7926,1739364874401.0417
1359,3406695168,0,8.6145,-0.8552,-5.1553,1.1522,8.2264,-0.7858,1739364874411.0435
1360,3574467328,0,8.6375,-0.8784,-5.2875,1.18,8.2716,-0.7791,1739364874421.045
1361,3742239488,0,8.6375,-0.8321,-5.2875,1.1614,8.2716,-0.7791,1739364874431.0464
1362,3910011648,0,8.6606,-0.8552,-5.4196,1.1614,8.2625,-0.7926,1739364874441.0479
1363,4077783808,0,8.6836,-0.8784,-5.2875,1.2079,8.2987,-0.806,1739364874451.0493
1364,4245555968,0,8.6606,-0.8321,-5.2875,1.1893,8.2896,-0.7926,1739364874461.0508
1365,118426368,0,8.6145,-0.8784,-5.4196,1.1707,8.2355,-0.7858,1739364874471.0522
1366,286198528,0,8.5915,-0.8552,-5.4196,1.1614,8.1813,-0.7858,1739364874481.054
1367,453970688,0,8.4993,-0.7859,-5.2875,1.1429,8.1542,-0.7791,1739364874491.0554
1368,621742848,0,8.4993,-0.7628,-5.5518,1.115,8.1542,-0.7724,1739364874501.057
1369,789515008,0,8.4302,-0.7165,-5.4196,1.0685,8.1181,-0.7657,1739364874511.0583
1370,957287168,0,8.3611,-0.6703,-5.5518,1.0314,8.0458,-0.7522,1739364874521.0598
1371,1125059328,0,8.3841,-0.6703,-5.684,1.0221,8.0729,-0.7522,1739364874531.0613
1372,1292831488,0,8.4302,-0.6241,-5.9484,0.9849,8.091,-0.7254,1739364874541.0627
1373,1460603648,0,8.3381,-0.601,-5.684,0.9199,8.0549,-0.7187,1739364874551.0645
1374,1628375808,0,8.1768,-0.5085,-5.684,0.8362,7.9013,-0.7254,1739364874561.066
1375,1796147968,0,8.0617,-0.4392,-5.684,0.7619,7.811,-0.7119,1739364874571.0674
1376,1963920128,0,7.9926,-0.416,-5.8162,0.6968,7.811,-0.6918,1739364874581.0688
1377,2131692288,0,7.9926,-0.3698,-5.684,0.6132,7.7478,-0.7052,1739364874591.0703
1378,2299464448,0,7.8774,-0.3236,-5.684,0.5575,7.6304,-0.7187,1739364874601.0718
1379,2467236608,0,7.8083,-0.2542,-5.684,0.5017,7.5401,-0.7254,1739364874611.0732
1380,2635008768,0,7.7853,-0.208,-5.5518,0.4181,7.4769,-0.7254,1739364874621.075
1381,2802780928,0,7.578,-0.1386,-5.2875,0.3066,7.2783,-0.7388,1739364874631.0764
1382,2970553088,0,7.3476,-0.0693,-5.2875,0.1858,7.0074,-0.7455,1739364874641.078
1383,3138325248,0,7.1634,-0.0462,-5.1553,0.0929,6.7906,-0.7455,1739364874651.0793
1384,3306097408,0,7.0712,-0.0462,-5.1553,0.0557,6.61,-0.759,1739364874661.0808
1385,3473869568,0,7.0021,-0.0462,-5.0231,0.0371,6.4746,-0.759,1739364874671.0823
1386,3641641728,0,6.8409,-0.0231,-4.8909,-0.065,6.2217,-0.7724,1739364874681.0837
1387,3809413888,0,6.6106,0.0693,-4.8909,-0.223,5.9328,-0.7858,1739364874691.0854
1388,3977186048,0,6.3342,0.1618,-4.8909,-0.3623,5.5625,-0.7858,1739364874701.087
1389,4144958208,0,6.1499,0.208,-4.8909,-0.4738,5.3277,-0.806,1739364874711.0884
1390,17828608,0,6.1038,0.2311,-4.8909,-0.5668,5.111,-0.8127,1739364874721.0898
1391,185600768,0,5.9426,0.2311,-4.7587,-0.6411,4.8762,-0.8194,1739364874731.0913
1392,353372928,0,5.7583,0.2311,-4.6265,-0.7433,4.5692,-0.8329,1739364874741.0928
1393,521145088,0,5.528,0.2773,-4.4943,-0.8641,4.2802,-0.8597,1739364874751.0942
1394,688917248,0,5.3668,0.3467,-4.4943,-1.0035,3.9642,-0.8732,1739364874761.096
1395,856689408,0,5.1595,0.416,-4.3621,-1.1522,3.6391,-0.8732,1739364874771.0974
1396,1024461568,0,4.7909,0.4854,-4.23,-1.2822,3.2779,-0.8664,1739364874781.0989
1397,1192233728,0,4.4915,0.4854,-4.23,-1.3937,2.9077,-0.8732,1739364874791.1003
1398,1360005888,0,4.3072,0.5316,-4.23,-1.4867,2.6277,-0.8933,1739364874801.1018
1399,1527778048,0,4.2151,0.6241,-4.0978,-1.6075,2.4471,-0.9067,1739364874811.1033
1400,1695550208,0,4.2612,0.6472,-3.9656,-1.6539,2.3659,-0.9,1739364874821.1047
1401,1863322368,0,4.2842,0.6241,-3.8334,-1.6725,2.3207,-0.9067,1739364874831.1064
1402,2031094528,0,4.2612,0.5779,-3.7012,-1.6632,2.2575,-0.9202,1739364874841.108
1403,2198866688,0,4.1229,0.601,-3.569,-1.7004,2.0859,-0.9403,1739364874851.1094
1404,2366638848,0,4.0078,0.6934,-3.569,-1.7747,1.8873,-0.9538,1739364874861.1108
1405,2534411008,0,3.9617,0.7628,-3.7012,-1.8676,1.7699,-0.9538,1739364874871.1123
1406,2702183168,0,3.8926,0.7628,-3.7012,-1.9234,1.6705,-0.9269,1739364874881.1138
1407,2869955328,0,3.8696,0.7397,-3.4368,-1.8955,1.6163,-0.9135,1739364874891.1152
1408,3037727488,0,3.9156,0.6934,-3.3046,-1.849,1.5983,-0.9269,1739364874901.117
1409,3205499648,0,3.8696,0.6703,-3.1725,-1.8305,1.526,-0.9202,1739364874911.1184
1410,3373271808,0,3.8926,0.7165,-3.1725,-1.9048,1.4899,-0.9135,1739364874921.1199
1411,3541043968,0,3.8465,0.809,-3.0403,-2.007,1.3996,-0.9067,1739364874931.1213
1412,3708816128,0,3.8005,0.809,-3.0403,-2.0256,1.3364,-0.9,1739364874941.1228
1413,3876588288,0,3.7314,0.809,-3.0403,-2.0256,1.2732,-0.8866,1739364874951.1243
1414,4044360448,0,3.7083,0.7859,-3.0403,-2.007,1.2461,-0.8732,1739364874961.1257
1415,4212132608,0,3.8005,0.7628,-2.9081,-1.9977,1.3364,-0.8664,1739364874971.1274
1416,85003008,0,3.8696,0.809,-2.9081,-2.0442,1.3906,-0.8597,1739364874981.129
1417,252775168,0,3.9387,0.8321,-2.9081,-2.0721,1.4538,-0.8463,1739364874991.1304
1418,420547328,0,3.9387,0.8321,-2.9081,-2.0813,1.4448,-0.8329,1739364875001.1318
1419,588319488,0,3.9387,0.809,-3.0403,-2.0349,1.4719,-0.8261,1739364875011.1333
1420,756091648,0,3.9847,0.809,-3.0403,-2.007,1.5351,-0.8127,1739364875021.1348
1421,923863808,0,4.0308,0.8784,-3.0403,-2.0442,1.5983,-0.7993,1739364875031.1365
1422,1091635968,0,4.0999,0.9015,-3.0403,-2.0999,1.7067,-0.7791,1739364875041.138
1423,1259408128,0,4.2151,0.8784,-3.0403,-2.0813,1.815,-0.759,1739364875051.1394
1424,1427180288,0,4.3303,0.9015,-3.0403,-2.0813,1.9143,-0.7455,1739364875061.1409
1425,1594952448,0,4.3533,0.9246,-3.0403,-2.1185,1.9866,-0.7455,1739364875071.1423
1426,1762724608,0,4.3533,0.9246,-3.0403,-2.1557,1.9776,-0.7388,1739364875081.1438
1427,1930496768,0,4.3763,0.9477,-3.1725,-2.165,1.9956,-0.7254,1739364875091.1453
1428,2098268928,0,4.4224,0.9246,-3.3046,-2.1464,2.0588,-0.7119,1739364875101.147
1429,2266041088,0,4.5145,0.9015,-3.3046,-2.1185,2.1672,-0.6985,1739364875111.1484
1430,2433813248,0,4.6527,0.8784,-3.3046,-2.0999,2.3388,-0.6716,1739364875121.15
1431,2601585408,0,4.6988,0.9015,-3.3046,-2.0721,2.4381,-0.6716,1739364875131.1514
1432,2769357568,0,4.6758,0.9246,-3.4368,-2.0813,2.42,-0.6649,1739364875141.1528
1433,2937129728,0,4.6758,0.9708,-3.7012,-2.1185,2.42,-0.6716,1739364875151.1543
1434,3104901888,0,4.7679,0.9477,-3.8334,-2.0906,2.5284,-0.6649,1739364875161.1558
1435,3272674048,0,4.86,0.9246,-3.8334,-2.0628,2.6187,-0.6448,1739364875171.1575
1436,3440446208,0,4.9291,0.9477,-3.8334,-2.0256,2.6548,-0.6515,1739364875181.159
1437,3608218368,0,4.9982,0.8784,-4.0978,-1.9884,2.7541,-0.6448,1739364875191.1604
1438,3775990528,0,5.0673,0.8784,-4.0978,-1.942,2.8625,-0.6246,1739364875201.1619
1439,3943762688,0,5.1134,0.8552,-4.23,-1.8862,2.9257,-0.6179,1739364875211.1633
1440,4111534848,0,5.1825,0.8321,-4.3621,-1.8119,3.0431,-0.6045,1739364875221.1648
1441,4279307008,0,5.2977,0.7859,-4.6265,-1.719,3.2147,-0.5776,1739364875231.1663
1442,152177408,0,5.3437,0.7165,-4.6265,-1.6353,3.3411,-0.5709,1739364875241.168
1443,319949568,0,5.3207,0.7165,-4.8909,-1.5517,3.4134,-0.5843,1739364875251.1694
1444,487721728,0,5.4359,0.6703,-4.8909,-1.4588,3.5669,-0.5978,1739364875261.171
1445,655493888,0,5.4589,0.6472,-5.0231,-1.3937,3.6752,-0.6045,1739364875271.1724
1446,823266048,0,5.4589,0.6241,-5.1553,-1.3473,3.7475,-0.6045,1739364875281.1738
1447,991038208,0,5.4359,0.6241,-5.2875,-1.2637,3.8649,-0.5843,1739364875291.1753
1448,1158810368,0,5.5741,0.601,-5.5518,-1.2172,4.0003,-0.5642,1739364875301.1768
1449,1326582528,0,5.7123,0.5547,-5.5518,-1.1336,4.2622,-0.544,1739364875311.1785
1450,1494354688,0,5.8505,0.5547,-5.5518,-1.0685,4.4608,-0.5373,1739364875321.18
1451,1662126848,0,5.8735,0.4854,-5.684,-0.9849,4.6234,-0.5239,1739364875331.1814
1452,1829899008,0,5.8965,0.5085,-5.8162,-0.957,4.7679,-0.5104,1739364875341.1829
1453,1997671168,0,5.9656,0.5547,-5.9484,-0.9477,4.9214,-0.4836,1739364875351.1843
1454,2165443328,0,5.9887,0.5547,-6.2128,-0.9477,5.0749,-0.45,1739364875361.1858
1455,2333215488,0,5.9887,0.5316,-6.4771,-0.9106,5.1923,-0.4298,1739364875371.1873
1456,2500987648,0,6.0578,0.5085,-6.6093,-0.8455,5.3639,-0.4097,1739364875381.189
1457,2668759808,0,6.1269,0.4623,-6.7415,-0.8176,5.5354,-0.4097,1739364875391.1904
1458,2836531968,0,6.219,0.5085,-6.8737,-0.8176,5.7431,-0.3963,1739364875401.192
1459,3004304128,0,6.1729,0.5547,-6.8737,-0.7991,5.8605,-0.3828,1739364875411.1934
1460,3172076288,0,6.0347,0.4854,-7.0059,-0.7154,5.8786,-0.3895,1739364875421.1948
1461,3339848448,0,5.9887,0.4623,-7.0059,-0.6411,5.9689,-0.3895,1739364875431.1963
1462,3507620608,0,6.0808,0.4854,-7.2703,-0.5853,6.1134,-0.403,1739364875441.1978
1463,3675392768,0,6.2651,0.4623,-7.1381,-0.5389,6.3662,-0.3895,1739364875451.1995
1464,3843164928,0,6.4724,0.3698,-7.1381,-0.4274,6.6281,-0.3761,1739364875461.201
1465,4010937088,0,6.5645,0.3005,-7.4025,-0.2973,6.8087,-0.3761,1739364875471.2024
1466,4178709248,0,6.5875,0.3005,-7.5346,-0.2415,6.9532,-0.3694,1739364875481.2039
1467,51579648,0,6.5415,0.2542,-7.6668,-0.1858,7.0344,-0.3694,1739364875491.2053
1468,219351808,0,6.5184,0.2311,-7.9312,-0.13,7.1157,-0.3694,1739364875501.2068
1469,387123968,0,6.4954,0.2311,-8.0634,-0.0743,7.188,-0.3761,1739364875511.2083
1470,554896128,0,6.5184,0.2311,-8.0634,-0.0278,7.2602,-0.3895,1739364875521.21
1471,722668288,0,6.5645,0.1849,-8.1956,0.0185,7.3505,-0.4097,1739364875531.2114
1472,890440448,0,6.6106,0.1849,-8.1956,0.0557,7.4498,-0.4231,1739364875541.213
1473,1058212608,0,6.6106,0.1618,-8.3278,0.0929,7.4769,-0.4298,1739364875551.2144
1474,1225984768,0,6.5645,0.1386,-8.46,0.1022,7.5221,-0.4433,1739364875561.2158
1475,1393756928,0,6.5184,0.1386,-8.46,0.1115,7.5221,-0.4433,1739364875571.2173
1476,1561529088,0,6.4493,0.0693,-8.46,0.1486,7.513,-0.4433,1739364875581.2188
1477,1729301248,0,6.3342,0.1618,-8.46,0.0836,7.3957,-0.45,1739364875591.2205
1478,1897073408,0,6.219,0.208,-8.5922,0.0371,7.3415,-0.45,1739364875601.222
1479,2064845568,0,6.1499,0.2311,-8.5922,-0.0092,7.2963,-0.4634,1739364875611.2234
1480,2232617728,0,5.9196,0.2311,-8.5922,-0.0278,7.1338,-0.4567,1739364875621.2249
1481,2400389888,0,5.7583,0.1849,-8.5922,-0.0278,6.9712,-0.4769,1739364875631.2263
1482,2568162048,0,5.6662,0.1618,-8.46,-0.0185,6.8629,-0.497,1739364875641.2278
1483,2735934208,0,5.528,0.208,-8.3278,-0.0557,6.7545,-0.5037,1739364875651.2295
1484,2903706368,0,5.3437,0.2311,-8.1956,-0.0929,6.5829,-0.5104,1739364875661.231
1485,3071478528,0,5.1364,0.208,-8.1956,-0.1022,6.3572,-0.5172,1739364875671.2324
1486,3239250688,0,4.9752,0.1386,-8.0634,-0.0557,6.1946,-0.5239,1739364875681.234
1487,3407022848,0,4.9061,0.0924,-8.0634,-0.0278,6.0502,-0.544,1739364875691.2354
1488,3574795008,0,4.7679,0.1155,-7.799,-0.0278,5.9147,-0.5709,1739364875701.2368
1489,3742567168,0,4.6297,0.1155,-7.799,-0.0092,5.7702,-0.5978,1739364875711.2383
1490,3910339328,0,4.4685,0.0924,-7.6668,-0.0092,5.5986,-0.5978,1739364875721.24
1491,4078111488,0,4.3303,0.0693,-7.6668,-0.0092,5.4271,-0.5978,1739364875731.2415
1492,4245883648,0,4.169,0.0693,-7.5346,-0.0185,5.2736,-0.6045,1739364875741.243
1493,118754048,0,4.0538,0.0924,-7.4025,-0.0185,5.1652,-0.591,1739364875751.2444
1494,286526208,0,4.0078,0.1155,-7.2703,-0.0464,5.0659,-0.5843,1739364875761.2458
1495,454298368,0,3.9617,0.1155,-7.2703,-0.0371,5.0207,-0.5642,1739364875771.2473
1496,622070528,0,3.9847,0.0,-7.0059,0.0371,4.9846,-0.5709,1739364875781.2488
1497,789842688,0,3.9847,-0.0231,-7.1381,0.0929,4.9936,-0.5642,1739364875791.2505
1498,957614848,0,3.9617,0.0231,-7.0059,0.0836,5.0027,-0.5575,1739364875801.252
1499,1125387008,0,3.9847,0.0462,-6.8737,0.0464,4.9846,-0.5507,1739364875811.2534
1500,1293159168,0,3.9847,0.0693,-6.4771,0.0185,4.9394,-0.5373,1739364875821.255
1501,1460931328,0,4.0308,0.0924,-6.4771,0.0,4.9214,-0.5306,1739364875831.2563
1502,1628703488,0,3.9617,0.1155,-6.4771,-0.0836,4.8401,-0.5104,1739364875841.2578
1503,1796475648,0,3.7774,0.1849,-6.4771,-0.1579,4.6595,-0.5037,1739364875851.2593
1504,1964247808,0,3.5932,0.2311,-6.4771,-0.2601,4.4518,-0.497,1739364875861.261
1505,2132019968,0,3.455,0.2773,-6.4771,-0.3716,4.2983,-0.4769,1739364875871.2625
1506,2299792128,0,3.3628,0.3467,-6.4771,-0.4738,4.1899,-0.4567,1739364875881.264
1507,2467564288,0,3.3168,0.3929,-6.2128,-0.5482,4.0996,-0.4298,1739364875891.2654
1508,2635336448,0,3.0864,0.416,-6.2128,-0.6318,3.8829,-0.4097,1739364875901.2668
1509,2803108608,0,2.8561,0.4623,-6.2128,-0.734,3.6391,-0.3963,1739364875911.2683
1510,2970880768,0,2.787,0.5085,-6.0806,-0.8083,3.4766,-0.3963,1739364875921.2698
1511,3138652928,0,2.6488,0.6241,-5.9484,-0.9384,3.296,-0.3828,1739364875931.2715
1512,3306425088,0,2.5336,0.6472,-5.684,-1.0221,3.1424,-0.3761,1739364875941.273
1513,3474197248,0,2.3033,0.6241,-5.684,-1.0964,2.8806,-0.3694,1739364875951.2744
1514,3641969408,0,2.0499,0.6703,-5.4196,-1.1707,2.6097,-0.3694,1739364875961.276
1515,3809741568,0,1.8657,0.809,-5.2875,-1.3473,2.3568,-0.3559,1739364875971.2773
1516,3977513728,0,1.5202,0.9015,-5.1553,-1.4867,2.0227,-0.3358,1739364875981.2788
1517,4145285888,0,1.2668,0.9477,-5.1553,-1.626,1.6976,-0.3425,1739364875991.2803
1518,18156288,0,1.0134,1.0171,-5.1553,-1.7468,1.4087,-0.3425,1739364876001.282
1519,185928448,0,0.714,1.0402,-4.7587,-1.849,1.0926,-0.3425,1739364876011.2834
1520,353700608,0,0.4837,1.1326,-4.6265,-2.0163,0.7856,-0.3425,1739364876021.285
1521,521472768,0,0.2764,1.2251,-4.4943,-2.1185,0.5237,-0.3291,1739364876031.2864
1522,689244928,0,0.1612,1.3407,-4.3621,-2.2858,0.325,-0.3291,1739364876041.2878
1523,857017088,0,-0.0691,1.3638,-4.23,-2.4066,0.0361,-0.3089,1739364876051.2893
1524,1024789248,0,-0.2073,1.41,-4.23,-2.5181,-0.1986,-0.3022,1739364876061.2908
1525,1192561408,0,-0.3685,1.3869,-4.23,-2.5367,-0.4063,-0.2821,1739364876071.2925
1526,1360333568,0,-0.4606,1.5256,-4.0978,-2.6667,-0.623,-0.2686,1739364876081.294
1527,1528105728,0,-0.6219,1.5718,-3.8334,-2.7597,-0.8578,-0.2552,1739364876091.2954
1528,1695877888,0,-0.8983,1.6874,-3.8334,-2.9083,-1.1648,-0.2418,1739364876101.2969
1529,1863650048,0,-1.2898,1.7799,-3.8334,-3.0291,-1.5622,-0.2418,1739364876111.2983
1530,2031422208,0,-1.7044,1.8723,-3.9656,-3.1499,-2.0317,-0.2485,1739364876121.2998
1531,2199194368,0,-2.0269,2.0573,-3.569,-3.2986,-2.4832,-0.2485,1739364876131.3013
1532,2366966528,0,-2.1881,2.1035,-3.7012,-3.4101,-2.7361,-0.2552,1739364876141.303
1533,2534738688,0,-2.1881,2.196,-3.569,-3.5588,-2.8445,-0.2552,1739364876151.3044
1534,2702510848,0,-2.2572,2.2884,-3.4368,-3.6889,-3.016,-0.2485,1739364876161.306
1535,2870283008,0,-2.3494,2.404,-3.1725,-3.8375,-3.1876,-0.235,1739364876171.3074
1536,3038055168,0,-2.4415,2.3578,-3.3046,-3.8561,-3.3682,-0.2283,1739364876181.3088
1537,3205827328,0,-2.5106,2.4271,-3.1725,-3.9212,-3.5217,-0.2216,1739364876191.3103
1538,3373599488,0,-2.5567,2.4734,-3.3046,-4.0048,-3.6301,-0.2149,1739364876201.3118
1539,3541371648,0,-2.5567,2.5196,-3.0403,-4.0698,-3.7113,-0.2283,1739364876211.3135
1540,3709143808,0,-2.6258,2.5658,-3.1725,-4.1163,-3.8287,-0.2283,1739364876221.315
1541,3876915968,0,-2.7179,2.6121,-3.1725,-4.1627,-3.9732,-0.2216,1739364876231.3164
1542,4044688128,0,-2.8561,2.6352,-3.3046,-4.2092,-4.1629,-0.2283,1739364876241.3179
1543,4212460288,0,-2.9482,2.7276,-3.1725,-4.2557,-4.2532,-0.2149,1739364876251.3193
1544,85330688,0,-2.9482,2.7276,-3.0403,-4.2742,-4.3254,-0.2149,1739364876261.3208
1545,253102848,0,-2.8331,2.7276,-3.0403,-4.2928,-4.2893,-0.2015,1739364876271.3223
1546,420875008,0,-2.787,2.797,-3.0403,-4.3765,-4.2983,-0.2015,1739364876281.324
1547,588647168,0,-2.7179,2.8663,-3.1725,-4.4601,-4.2802,-0.188,1739364876291.3254
1548,756419328,0,-2.7179,2.8201,-3.1725,-4.4415,-4.2712,-0.1679,1739364876301.327
1549,924191488,0,-2.7409,2.7739,-3.1725,-4.4229,-4.3344,-0.1813,1739364876311.3284
1550,1091963648,0,-2.787,2.797,-3.3046,-4.4043,-4.3525,-0.1746,1739364876321.3298
1551,1259735808,0,-2.7409,2.8201,-3.3046,-4.4229,-4.3164,-0.1746,1739364876331.3313
1552,1427507968,0,-2.6718,2.797,-3.1725,-4.3765,-4.2441,-0.1813,1739364876341.333
1553,1595280128,0,-2.6027,2.7508,-3.0403,-4.3765,-4.1899,-0.188,1739364876351.3345
1554,1763052288,0,-2.5797,2.7508,-3.1725,-4.3672,-4.1719,-0.188,1739364876361.336
1555,1930824448,0,-2.5567,2.7276,-3.1725,-4.3486,-4.1267,-0.1813,1739364876371.3374
1556,2098596608,0,-2.5797,2.7276,-3.3046,-4.3021,-4.1087,-0.1813,1739364876381.3389
1557,2266368768,0,-2.5567,2.7045,-3.3046,-4.3207,-4.0635,-0.1813,1739364876391.3403
1558,2434140928,0,-2.4876,2.7045,-3.3046,-4.3207,-4.0093,-0.1746,1739364876401.3418
1559,2601913088,0,-2.3263,2.6814,-3.1725,-4.2742,-3.8829,-0.1544,1739364876411.3435
1560,2769685248,0,-2.1651,2.6121,-3.4368,-4.2185,-3.6933,-0.1612,1739364876421.345
1561,2937457408,0,-2.0499,2.5889,-3.4368,-4.1906,-3.5488,-0.1544,1739364876431.3464
1562,3105229568,0,-2.0269,2.5658,-3.4368,-4.1813,-3.5307,-0.1544,1739364876441.348
1563,3273001728,0,-2.096,2.5658,-3.4368,-4.172,-3.5307,-0.1544,1739364876451.3494
1564,3440773888,0,-2.0269,2.5427,-3.7012,-4.1256,-3.4856,-0.1544,1739364876461.3508
1565,3608546048,0,-1.9578,2.5196,-3.7012,-4.0605,-3.3501,-0.141,1739364876471.3523
1566,3776318208,0,-1.8887,2.4734,-3.8334,-4.0512,-3.2689,-0.1343,1739364876481.354
1567,3944090368,0,-1.7735,2.4503,-3.8334,-3.9955,-3.1605,-0.1276,1739364876491.3555
1568,4111862528,0,-1.6584,2.404,-3.9656,-3.949,-3.0341,-0.1276,1739364876501.357
1569,4279634688,0,-1.4971,2.3809,-3.9656,-3.9212,-2.8896,-0.1343,1739364876511.3584
1570,152505088,0,-1.4511,2.3347,-4.0978,-3.8933,-2.7903,-0.1141,1739364876521.3599
1571,320277248,0,-1.405,2.3116,-4.23,-3.8468,-2.7451,-0.1074,1739364876531.3613
1572,488049408,0,-1.382,2.2884,-4.23,-3.8097,-2.6638,-0.094,1739364876541.3628
1573,655821568,0,-1.2668,2.2653,-4.3621,-3.7818,-2.5194,-0.0806,1739364876551.3645
1574,823593728,0,-1.1056,2.2191,-4.6265,-3.7632,-2.3568,-0.0671,1739364876561.366
1575,991365888,0,-0.9904,2.2191,-4.6265,-3.7167,-2.1762,-0.047,1739364876571.3674
1576,1159138048,0,-0.9213,2.1497,-4.6265,-3.6703,-2.0498,-0.0403,1739364876581.369
1577,1326910208,0,-0.9674,2.1035,-4.6265,-3.6145,-1.9956,-0.0335,1739364876591.3704
1578,1494682368,0,-0.8522,2.1035,-5.0231,-3.5402,-1.8602,-0.0201,1739364876601.3718
1579,1662454528,0,-0.691,2.0804,-5.0231,-3.503,-1.6434,-0.0134,1739364876611.3733
1580,1830226688,0,-0.6449,2.1266,-5.0231,-3.5402,-1.517,0.0067,1739364876621.375
1581,1997998848,0,-0.5758,2.1266,-5.1553,-3.5309,-1.3545,0.0134,1739364876631.3765
1582,2165771008,0,-0.4837,2.1266,-5.0231,-3.5123,-1.21,0.0335,1739364876641.378
1583,2333543168,0,-0.3224,2.0804,-5.2875,-3.4658,-0.9842,0.047,1739364876651.3794
1584,2501315328,0,-0.2303,2.0573,-5.1553,-3.438,-0.8036,0.0671,1739364876661.3809
1585,2669087488,0,-0.2073,2.1035,-5.1553,-3.4658,-0.7133,0.0873,1739364876671.3823
1586,2836859648,0,-0.1842,2.1266,-5.2875,-3.4751,-0.6321,0.1007,1739364876681.3838
1587,3004631808,0,-0.1612,2.1266,-5.5518,-3.4937,-0.5327,0.1209,1739364876691.3855
1588,3172403968,0,-0.0921,2.1497,-5.684,-3.4844,-0.3882,0.141,1739364876701.387
1589,3340176128,0,-0.023,2.2191,-5.5518,-3.5123,-0.2709,0.1612,1739364876711.3884
1590,3507948288,0,-0.023,2.2191,-5.8162,-3.503,-0.1806,0.1679,1739364876721.39
1591,3675720448,0,0.046,2.2191,-5.8162,-3.4658,-0.0722,0.188,1739364876731.3914
1592,3843492608,0,0.0921,2.2191,-5.9484,-3.4566,0.018,0.188,1739364876741.3928
1593,4011264768,0,0.2303,2.2191,-6.2128,-3.4194,0.1625,0.1746,1739364876751.3943
1594,4179036928,0,0.2764,2.196,-6.345,-3.3915,0.2076,0.141,1739364876761.396
1595,51907328,0,0.1842,2.2653,-6.4771,-3.4566,0.1986,0.1477,1739364876771.3975
1596,219679488,0,0.1151,2.2191,-6.4771,-3.4194,0.2076,0.1544,1739364876781.399
1597,387451648,0,0.0921,2.2422,-6.4771,-3.4101,0.2076,0.1612,1739364876791.4004
1598,555223808,0,0.0921,2.2191,-6.6093,-3.3915,0.2528,0.1612,1739364876801.4019
1599,722995968,0,0.0921,2.196,-6.7415,-3.3822,0.2528,0.1612,1739364876811.4033
1600,890768128,0,0.0,2.2422,-6.7415,-3.4101,0.2167,0.1544,1739364876821.4048
1601,1058540288,0,-0.1612,2.2653,-6.6093,-3.4566,0.0812,0.141,1739364876831.4065
1602,1226312448,0,-0.3455,2.2422,-6.7415,-3.4658,-0.0541,0.1343,1739364876841.408
1603,1394084608,0,-0.4376,2.2422,-6.8737,-3.4566,-0.1535,0.1141,1739364876851.4094
1604,1561856768,0,-0.5528,2.2653,-6.7415,-3.4658,-0.2257,0.1074,1739364876861.411
1605,1729628928,0,-0.6219,2.2422,-6.7415,-3.4566,-0.2799,0.094,1739364876871.4124
1606,1897401088,0,-0.6679,2.2191,-6.7415,-3.438,-0.3521,0.0806,1739364876881.4138
1607,2065173248,0,-0.737,2.196,-6.7415,-3.4101,-0.3973,0.0604,1739364876891.4153
1608,2232945408,0,-0.7601,2.1497,-6.7415,-3.3729,-0.4515,0.0604,1739364876901.417
1609,2400717568,0,-0.8292,2.1266,-6.7415,-3.3451,-0.5418,0.0403,1739364876911.4185
1610,2568489728,0,-0.9443,2.1266,-6.7415,-3.3265,-0.6501,0.0268,1739364876921.42
1611,2736261888,0,-0.9904,2.1266,-6.7415,-3.2893,-0.6953,0.0268,1739364876931.4214
1612,2904034048,0,-0.9443,2.0804,-6.7415,-3.2521,-0.6772,0.0134,1739364876941.4229
1613,3071806208,0,-0.8292,2.0573,-6.6093,-3.215,-0.5959,0.0201,1739364876951.4243
1614,3239578368,0,-0.8292,2.0342,-6.6093,-3.2057,-0.5869,0.0134,1739364876961.426
1615,3407350528,0,-0.8983,2.0342,-6.7415,-3.1964,-0.623,0.0,1739364876971.4275
1616,3575122688,0,-0.8983,1.9879,-6.6093,-3.1685,-0.6592,-0.0067,1739364876981.429
1617,3742894848,0,-0.9674,1.9879,-6.4771,-3.1685,-0.6592,-0.0067,1739364876991.4304
1618,3910667008,0,-0.8983,1.9879,-6.6093,-3.1964,-0.6411,-0.0067,1739364877001.432
1619,4078439168,0,-0.8292,1.9879,-6.6093,-3.1778,-0.5959,0.0067,1739364877011.4333
1620,4246211328,0,-0.7831,1.9648,-6.6093,-3.1406,-0.4966,0.0335,1739364877021.4348
1621,119081728,0,-0.714,1.9417,-6.7415,-3.1035,-0.4244,0.047,1739364877031.4365
1622,286853888,0,-0.714,1.9648,-6.7415,-3.1035,-0.3792,0.0604,1739364877041.438
1623,454626048,0,-0.714,1.9648,-6.7415,-3.1128,-0.3341,0.0738,1739364877051.4395
1624,622398208,0,-0.737,1.9879,-6.8737,-3.1313,-0.316,0.0873,1739364877061.441
1625,790170368,0,-0.737,2.011,-6.8737,-3.1592,-0.2618,0.1074,1739364877071.4424
1626,957942528,0,-0.737,2.011,-6.8737,-3.1592,-0.1986,0.1343,1739364877081.4438
1627,1125714688,0,-0.7601,2.0573,-6.8737,-3.1778,-0.1715,0.141,1739364877091.4453
1628,1293486848,0,-0.691,2.0573,-7.0059,-3.1592,-0.0632,0.1679,1739364877101.447
1629,1461259008,0,-0.5988,2.0573,-7.0059,-3.1592,0.0993,0.2082,1739364877111.4485
1630,1629031168,0,-0.4837,2.1035,-6.8737,-3.1592,0.2618,0.2283,1739364877121.45
1631,1796803328,0,-0.3685,2.1266,-7.0059,-3.1592,0.4605,0.2418,1739364877131.4514
1632,1964575488,0,-0.2303,2.1035,-7.0059,-3.122,0.614,0.2015,1739364877141.453
1633,2132347648,0,-0.2073,2.1729,-7.1381,-3.1778,0.7133,0.2149,1739364877151.4543
1634,2300119808,0,-0.1612,2.2422,-7.4025,-3.1964,0.8217,0.2216,1739364877161.4558
1635,2467891968,0,-0.046,2.2422,-7.4025,-3.1406,0.9933,0.235,1739364877171.4575
1636,2635664128,0,0.0921,2.2422,-7.5346,-3.1035,1.21,0.2619,1739364877181.459
1637,2803436288,0,0.2994,2.196,-7.5346,-3.0291,1.4087,0.2283,1739364877191.4604
1638,2971208448,0,0.3455,2.2191,-7.9312,-3.0198,1.508,0.2418,1739364877201.462
1639,3138980608,0,0.2764,2.3347,-7.9312,-3.057,1.5622,0.2686,1739364877211.4634
1640,3306752768,0,0.2994,2.3116,-8.0634,-3.0291,1.6615,0.2619,1739364877221.4648
1641,3474524928,0,0.2764,2.3809,-8.1956,-3.057,1.7428,0.2888,1739364877231.4663
1642,3642297088,0,0.3455,2.4271,-8.1956,-3.0849,1.8692,0.3224,1739364877241.468
1643,3810069248,0,0.3915,2.4271,-8.1956,-3.0663,1.9776,0.3291,1739364877251.4695
1644,3977841408,0,0.4376,2.4503,-8.3278,-3.0477,2.0588,0.3291,1739364877261.471
1645,4145613568,0,0.3915,2.4271,-8.3278,-3.0291,2.0588,0.3022,1739364877271.4724
1646,18483968,0,0.2994,2.4965,-8.5922,-3.1035,2.0137,0.3022,1739364877281.4739
1647,186256128,0,0.1151,2.5889,-8.5922,-3.1685,1.9324,0.3156,1739364877291.4753
1648,354028288,0,0.0691,2.6121,-8.5922,-3.1778,1.9324,0.3291,1739364877301.4768
1649,521800448,0,0.023,2.5889,-8.7243,-3.1964,1.9324,0.3291,1739364877311.4785
1650,689572608,0,-0.1151,2.6352,-8.8565,-3.2335,1.8331,0.3291,1739364877321.48
1651,857344768,0,-0.2303,2.6121,-8.7243,-3.2428,1.7608,0.3156,1739364877331.4814
1652,1025116928,0,-0.3455,2.6121,-8.8565,-3.2521,1.6615,0.3089,1739364877341.483
1653,1192889088,0,-0.4606,2.6352,-8.8565,-3.2335,1.5712,0.3022,1739364877351.4844
1654,1360661248,0,-0.5758,2.6121,-8.9887,-3.2521,1.4719,0.2955,1739364877361.4858
1655,1528433408,0,-0.6679,2.6121,-8.8565,-3.2521,1.3996,0.2888,1739364877371.4873
1656,1696205568,0,-0.691,2.5889,-8.7243,-3.2335,1.3635,0.2753,1739364877381.489
1657,1863977728,0,-0.691,2.5889,-8.7243,-3.1964,1.3454,0.2619,1739364877391.4905
1658,2031749888,0,-0.6679,2.5427,-8.7243,-3.1778,1.3454,0.2418,1739364877401.492
1659,2199522048,0,-0.737,2.5427,-8.8565,-3.1871,1.2642,0.2283,1739364877411.4934
1660,2367294208,0,-0.8292,2.5658,-8.9887,-3.1685,1.1919,0.235,1739364877421.4949
1661,2535066368,0,-0.8292,2.5427,-8.8565,-3.1592,1.1739,0.2149,1739364877431.4963
1662,2702838528,0,-0.8752,2.5196,-8.8565,-3.1685,1.1287,0.2216,1739364877441.4978
1663,2870610688,0,-0.8983,2.5427,-8.7243,-3.1499,1.0836,0.2149,1739364877451.4995
1664,3038382848,0,-0.9443,2.5427,-8.7243,-3.1499,1.0565,0.2283,1739364877461.501
1665,3206155008,0,-0.8983,2.4965,-8.5922,-3.1128,1.0745,0.2283,1739364877471.5024
1666,3373927168,0,-0.9443,2.4734,-8.5922,-3.1313,1.0655,0.2216,1739364877481.504
1667,3541699328,0,-0.8983,2.4503,-8.5922,-3.0849,1.0655,0.2216,1739364877491.5054
1668,3709471488,0,-0.8061,2.4271,-8.5922,-3.0756,1.1107,0.2149,1739364877501.5068
1669,3877243648,0,-0.8292,2.4965,-8.46,-3.122,1.0926,0.2216,1739364877511.5083
1670,4045015808,0,-0.9213,2.5196,-8.3278,-3.1499,1.0384,0.2216,1739364877521.51
1671,4212787968,0,-0.8061,2.4503,-8.1956,-3.1128,1.0836,0.235,1739364877531.5115
1672,85658368,0,-0.6679,2.4271,-8.1956,-3.0756,1.21,0.2283,1739364877541.513
1673,253430528,0,-0.5528,2.4734,-7.799,-3.0663,1.3093,0.2418,1739364877551.5144
1674,421202688,0,-0.4146,2.4271,-7.799,-3.0663,1.3545,0.235,1739364877561.5159
1675,588974848,0,-0.2994,2.404,-7.799,-3.0477,1.3996,0.235,1739364877571.5173
1676,756747008,0,-0.1842,2.3578,-7.9312,-3.0013,1.4719,0.235,1739364877581.5188
1677,924519168,0,0.0,2.3347,-7.6668,-2.9641,1.5983,0.2216,1739364877591.5205
1678,1092291328,0,0.1151,2.3116,-7.6668,-2.9548,1.6525,0.2082,1739364877601.522
1679,1260063488,0,0.2303,2.2884,-7.5346,-2.9455,1.6976,0.2015,1739364877611.5234
1680,1427835648,0,0.4146,2.2653,-7.5346,-2.9362,1.7428,0.1746,1739364877621.525
1681,1595607808,0,0.5297,2.2653,-7.5346,-2.899,1.806,0.1679,1739364877631.5264
1682,1763379968,0,0.6679,2.2191,-7.5346,-2.8712,1.8692,0.141,1739364877641.5278
1683,1931152128,0,0.691,2.2422,-7.2703,-2.8805,1.8421,0.1276,1739364877651.5295
1684,2098924288,0,0.7601,2.2422,-7.2703,-2.9176,1.824,0.1007,1739364877661.531
1685,2266696448,0,0.8522,2.2653,-7.1381,-2.9362,1.8602,0.0873,1739364877671.5325
1686,2434468608,0,1.0365,2.196,-7.1381,-2.9176,1.9505,0.0537,1739364877681.534
1687,2602240768,0,1.1977,2.196,-7.0059,-2.8897,1.9776,0.0537,1739364877691.5354
1688,2770012928,0,1.2668,2.1729,-6.8737,-2.9083,1.9776,0.0134,1739364877701.5369
1689,2937785088,0,1.3359,2.1497,-6.8737,-2.9083,1.9685,0.0067,1739364877711.5383
1690,3105557248,0,1.428,2.196,-6.7415,-2.9269,1.9776,-0.0134,1739364877721.54
1691,3273329408,0,1.5202,2.196,-6.6093,-2.9641,1.9685,-0.0335,1739364877731.5415
1692,3441101568,0,1.5432,2.2191,-6.4771,-3.0198,1.9234,-0.0537,1739364877741.543
1693,3608873728,0,1.4511,2.2653,-6.345,-3.0849,1.797,-0.0738,1739364877751.5444
1694,3776645888,0,1.405,2.2653,-6.4771,-3.0849,1.6796,-0.0873,1739364877761.546
1695,3944418048,0,1.3589,2.2422,-6.4771,-3.122,1.5983,-0.1141,1739364877771.5474
1696,4112190208,0,1.3359,2.2653,-6.4771,-3.1406,1.499,-0.1477,1739364877781.5488
1697,4279962368,0,1.2207,2.3116,-6.4771,-3.1871,1.4177,-0.1544,1739364877791.5505
1698,152832768,0,1.0825,2.3116,-6.4771,-3.2243,1.2371,-0.1612,1739364877801.552
1699,320604928,0,1.0134,2.3116,-6.345,-3.2521,1.1648,-0.1813,1739364877811.5535
1700,488377088,0,0.9904,2.2884,-6.2128,-3.2614,1.1378,-0.1746,1739364877821.555
1701,656149248,0,0.9674,2.3116,-6.345,-3.2893,1.1016,-0.188,1739364877831.5564
1702,823921408,0,0.9213,2.3347,-6.2128,-3.3079,1.0745,-0.1947,1739364877841.5579
1703,991693568,0,0.8292,2.3809,-6.2128,-3.3822,0.9842,-0.1947,1739364877851.5593
1704,1159465728,0,0.8061,2.404,-6.2128,-3.4008,0.9301,-0.188,1739364877861.561
1705,1327237888,0,0.8522,2.4271,-6.345,-3.438,0.9752,-0.1746,1739364877871.5625
1706,1495010048,0,0.9213,2.4503,-6.345,-3.4566,1.0113,-0.1612,1739364877881.564
1707,1662782208,0,0.9213,2.404,-6.2128,-3.4751,1.0294,-0.1679,1739364877891.5654
1708,1830554368,0,0.8522,2.4734,-6.2128,-3.5216,0.9752,-0.1477,1739364877901.567
1709,1998326528,0,0.7601,2.4503,-6.2128,-3.5216,0.9301,-0.141,1739364877911.5684
1710,2166098688,0,0.691,2.4503,-6.2128,-3.5123,0.8668,-0.1343,1739364877921.5698
1711,2333870848,0,0.691,2.404,-6.0806,-3.4844,0.8578,-0.141,1739364877931.5715
1712,2501643008,0,0.691,2.404,-6.2128,-3.4566,0.8398,-0.1477,1739364877941.573
1713,2669415168,0,0.6449,2.3809,-6.2128,-3.4194,0.8307,-0.1477,1739364877951.5745
1714,2837187328,0,0.6449,2.3347,-6.2128,-3.3822,0.8127,-0.1544,1739364877961.576
1715,3004959488,0,0.6219,2.3578,-6.2128,-3.3822,0.7856,-0.1544,1739364877971.5774
1716,3172731648,0,0.5988,2.3578,-6.2128,-3.3822,0.7585,-0.1679,1739364877981.5789
1717,3340503808,0,0.737,2.3116,-6.0806,-3.3543,0.8217,-0.1612,1739364877991.5803
1718,3508275968,0,0.8061,2.2884,-6.2128,-3.28,0.9301,-0.1477,1739364878001.582
1719,3676048128,0,0.7831,2.2884,-6.2128,-3.2707,0.9662,-0.141,1739364878011.5835
1720,3843820288,0,0.737,2.3116,-6.345,-3.3079,0.921,-0.1276,1739364878021.585
1721,4011592448,0,0.7831,2.3347,-6.345,-3.2986,0.9481,-0.1141,1739364878031.5864
1722,4179364608,0,0.8061,2.2653,-6.345,-3.2521,0.9662,-0.1007,1739364878041.588
1723,52235008,0,0.691,2.2884,-6.2128,-3.2335,0.8939,-0.1074,1739364878051.5894
1724,220007168,0,0.5297,2.2653,-6.4771,-3.2614,0.7314,-0.1343,1739364878061.5908
1725,387779328,0,0.2994,2.2884,-6.4771,-3.3079,0.5056,-0.1477,1739364878071.5925
1726,555551488,0,0.0921,2.3116,-6.6093,-3.3079,0.3341,-0.1679,1739364878081.594
1727,723323648,0,-0.023,2.3116,-6.345,-3.3451,0.2167,-0.1813,1739364878091.5955
1728,891095808,0,-0.1151,2.3347,-6.4771,-3.3729,0.0903,-0.2149,1739364878101.597
1729,1058867968,0,-0.2764,2.3347,-6.2128,-3.4008,-0.0722,-0.235,1739364878111.5984
1730,1226640128,0,-0.3685,2.3347,-6.345,-3.4194,-0.2257,-0.2821,1739364878121.5999
1731,1394412288,0,-0.4376,2.3347,-6.4771,-3.3822,-0.316,-0.3022,1739364878131.6013
1732,1562184448,0,-0.5297,2.3578,-6.345,-3.4008,-0.4244,-0.3291,1739364878141.603
1733,1729956608,0,-0.691,2.3578,-6.345,-3.4008,-0.5959,-0.3492,1739364878151.6045
1734,1897728768,0,-0.7601,2.3347,-6.2128,-3.3915,-0.7224,-0.3895,1739364878161.606
1735,2065500928,0,-0.8752,2.3578,-6.2128,-3.4008,-0.8759,-0.4164,1739364878171.6074
1736,2233273088,0,-0.9213,2.3809,-6.2128,-3.4194,-0.9571,-0.4433,1739364878181.609
1737,2401045248,0,-0.9904,2.404,-6.2128,-3.438,-1.1016,-0.4634,1739364878191.6104
1738,2568817408,0,-1.0595,2.404,-6.2128,-3.4194,-1.2281,-0.4836,1739364878201.6118
1739,2736589568,0,-1.1977,2.3809,-6.345,-3.4194,-1.3635,-0.4903,1739364878211.6135
1740,2904361728,0,-1.1747,2.3347,-6.2128,-3.3822,-1.4357,-0.5239,1739364878221.615
1741,3072133888,0,-1.1516,2.3116,-6.2128,-3.3636,-1.4809,-0.5306,1739364878231.6165
1742,3239906048,0,-1.1286,2.3347,-6.2128,-3.3729,-1.4899,-0.544,1739364878241.618
1743,3407678208,0,-1.0365,2.3347,-6.2128,-3.4008,-1.499,-0.5575,1739364878251.6194
1744,3575450368,0,-0.8752,2.3116,-6.345,-3.3822,-1.3996,-0.5507,1739364878261.6208
1745,3743222528,0,-0.737,2.2653,-6.2128,-3.3543,-1.3003,-0.5575,1739364878271.6226
1746,3910994688,0,-0.6219,2.2653,-6.0806,-3.3543,-1.2281,-0.5507,1739364878281.624
1747,4078766848,0,-0.4376,2.2422,-5.9484,-3.3265,-1.1016,-0.5575,1739364878291.6255
1748,4246539008,0,-0.2994,2.2191,-5.8162,-3.2986,-0.9752,-0.5373,1739364878301.627
1749,119409408,0,-0.1151,2.196,-5.9484,-3.28,-0.8217,-0.5306,1739364878311.6284
1750,287181568,0,0.0921,2.1729,-5.8162,-3.2521,-0.6862,-0.5306,1739364878321.63
1751,454953728,0,0.1842,2.1266,-5.8162,-3.2057,-0.5779,-0.5306,1739364878331.6313
1752,622725888,0,0.2073,2.0804,-5.8162,-3.1685,-0.5508,-0.5239,1739364878341.633
1753,790498048,0,0.1612,2.0804,-5.8162,-3.1499,-0.5508,-0.4903,1739364878351.6345
1754,958270208,0,0.2073,2.0804,-5.8162,-3.1592,-0.5327,-0.4903,1739364878361.636
1755,1126042368,0,0.2994,2.0804,-5.8162,-3.1592,-0.4605,-0.4769,1739364878371.6375
1756,1293814528,0,0.4146,2.0342,-5.8162,-3.1592,-0.307,-0.4567,1739364878381.639
1757,1461586688,0,0.5528,2.011,-5.684,-3.1406,-0.1986,-0.45,1739364878391.6404
1758,1629358848,0,0.6679,2.011,-5.8162,-3.1128,-0.1083,-0.4366,1739364878401.6418
1759,1797131008,0,0.737,1.9879,-5.8162,-3.0849,-0.0361,-0.4164,1739364878411.6436
1760,1964903168,0,0.7831,2.011,-5.5518,-3.0942,0.018,-0.3963,1739364878421.645
1761,2132675328,0,0.8522,2.0342,-5.5518,-3.1128,0.0722,-0.3828,1739364878431.6465
1762,2300447488,0,0.8061,2.0804,-5.684,-3.1406,0.0812,-0.3761,1739364878441.648
1763,2468219648,0,0.714,2.0573,-5.8162,-3.122,0.0632,-0.3627,1739364878451.6494
1764,2635991808,0,0.7601,2.0804,-5.8162,-3.0849,0.0993,-0.3694,1739364878461.651
1765,2803763968,0,0.8292,2.1035,-5.8162,-3.1128,0.1806,-0.3627,1739364878471.6523
1766,2971536128,0,0.8522,2.1035,-5.684,-3.1313,0.2257,-0.3694,1739364878481.654
1767,3139308288,0,0.8752,2.0342,-5.684,-3.0756,0.2438,-0.3627,1739364878491.6555
1768,3307080448,0,0.8292,2.0342,-5.684,-3.0384,0.2347,-0.3627,1739364878501.657
1769,3474852608,0,0.7831,1.9648,-5.5518,-3.0198,0.1625,-0.3828,1739364878511.6584
1770,3642624768,0,0.5758,1.9879,-5.8162,-3.0291,0.009,-0.3963,1739364878521.66
1771,3810396928,0,0.4606,1.9648,-5.8162,-3.0105,-0.1264,-0.4164,1739364878531.6614
1772,3978169088,0,0.2994,1.9417,-5.9484,-2.9827,-0.2347,-0.45,1739364878541.6628
1773,4145941248,0,0.1382,1.8492,-5.9484,-2.9083,-0.3702,-0.4903,1739364878551.6646
1774,18811648,0,-0.1151,1.8261,-5.9484,-2.8061,-0.5869,-0.5507,1739364878561.666
1775,186583808,0,-0.4837,1.7799,-6.0806,-2.7132,-0.8849,-0.5978,1739364878571.6675
1776,354355968,0,-0.7831,1.803,-6.2128,-2.7132,-1.1739,-0.6649,1739364878581.669
1777,522128128,0,-1.0365,1.8261,-6.2128,-2.7225,-1.3906,-0.7052,1739364878591.6704
1778,689900288,0,-1.2438,1.7799,-6.2128,-2.676,-1.5893,-0.7455,1739364878601.6719
1779,857672448,0,-1.382,1.7337,-6.0806,-2.5738,-1.7247,-0.7858,1739364878611.6733
1780,1025444608,0,-1.4511,1.7568,-6.2128,-2.5552,-1.7879,-0.8261,1739364878621.675
1781,1193216768,0,-1.5432,1.7105,-6.2128,-2.5088,-1.8692,-0.853,1739364878631.6765
1782,1360988928,0,-1.7735,1.7105,-6.0806,-2.4902,-2.0498,-0.8799,1739364878641.678
1783,1528761088,0,-1.9808,1.7568,-5.8162,-2.5088,-2.2846,-0.9135,1739364878651.6794
1784,1696533248,0,-1.9808,1.6874,-5.9484,-2.4344,-2.3026,-0.9403,1739364878661.681
1785,1864305408,0,-1.8887,1.6412,-5.9484,-2.3694,-2.2123,-0.9605,1739364878671.6824
1786,2032077568,0,-1.8887,1.6181,-5.8162,-2.3508,-2.2214,-0.9672,1739364878681.6838
1787,2199849728,0,-1.9348,1.595,-5.8162,-2.3322,-2.3297,-0.9873,1739364878691.6855
1788,2367621888,0,-1.9578,1.5718,-5.9484,-2.2951,-2.3478,-1.0008,1739364878701.687
1789,2535394048,0,-1.8887,1.5718,-5.9484,-2.3229,-2.3207,-0.9941,1739364878711.6885
1790,2703166208,0,-1.7966,1.5718,-5.9484,-2.3229,-2.2214,-0.9941,1739364878721.69
1791,2870938368,0,-1.7275,1.4794,-5.9484,-2.2858,-2.1401,-0.9873,1739364878731.6914
1792,3038710528,0,-1.7044,1.4794,-5.9484,-2.2765,-2.0949,-0.9941,1739364878741.6929
1793,3206482688,0,-1.5893,1.5025,-5.9484,-2.3322,-2.0137,-1.0008,1739364878751.6943
1794,3374254848,0,-1.4741,1.4563,-6.0806,-2.3136,-1.8692,-0.9806,1739364878761.696
1795,3542027008,0,-1.3359,1.3638,-5.9484,-2.2393,-1.7247,-0.9672,1739364878771.6975
1796,3709799168,0,-1.2898,1.3407,-5.8162,-2.2393,-1.6344,-0.9538,1739364878781.699
1797,3877571328,0,-1.2438,1.3638,-5.8162,-2.2579,-1.6163,-0.947,1739364878791.7004
1798,4045343488,0,-1.2438,1.3176,-6.0806,-2.2486,-1.6163,-0.9269,1739364878801.702
1799,4213115648,0,-1.2207,1.2944,-6.2128,-2.2021,-1.5983,-0.9202,1739364878811.7034
1800,85986048,0,-1.1977,1.2944,-6.2128,-2.2114,-1.5351,-0.8933,1739364878821.7048
1801,253758208,0,-1.1977,1.3176,-6.0806,-2.2486,-1.4899,-0.8866,1739364878831.7065
1802,421530368,0,-1.2438,1.3407,-5.9484,-2.2579,-1.517,-0.8799,1739364878841.708
1803,589302528,0,-1.2438,1.2944,-6.0806,-2.2393,-1.5441,-0.8732,1739364878851.7095
1804,757074688,0,-1.2668,1.3638,-6.0806,-2.2579,-1.517,-0.8732,1739364878861.711
1805,924846848,0,-1.1977,1.3638,-6.0806,-2.2858,-1.4538,-0.853,1739364878871.7124
1806,1092619008,0,-1.1747,1.41,-6.2128,-2.3136,-1.3906,-0.8463,1739364878881.7139
1807,1260391168,0,-1.0365,1.3638,-6.2128,-2.2951,-1.2732,-0.8396,1739364878891.7153
1808,1428163328,0,-0.9904,1.3869,-6.0806,-2.3229,-1.21,-0.8127,1739364878901.717
1809,1595935488,0,-0.9443,1.3407,-6.0806,-2.2765,-1.1739,-0.8127,1739364878911.7185
1810,1763707648,0,-0.8983,1.2944,-5.9484,-2.2207,-1.1197,-0.7993,1739364878921.72
1811,1931479808,0,-0.8061,1.2482,-5.9484,-2.2114,-1.0474,-0.806,1739364878931.7214
1812,2099251968,0,-0.7601,1.2251,-5.9484,-2.1929,-1.0023,-0.8127,1739364878941.723
1813,2267024128,0,-0.691,1.202,-6.0806,-2.1743,-0.9391,-0.7993,1739364878951.7244
1814,2434796288,0,-0.5067,1.1095,-6.0806,-2.1185,-0.7765,-0.7926,1739364878961.726
1815,2602568448,0,-0.2764,1.0864,-5.8162,-2.0628,-0.614,-0.7791,1739364878971.7275
1816,2770340608,0,-0.023,1.0402,-5.8162,-2.0442,-0.4153,-0.7724,1739364878981.729
1817,2938112768,0,0.1842,0.9708,-5.5518,-2.0349,-0.2889,-0.7791,1739364878991.7305
1818,3105884928,0,0.3224,0.9477,-5.5518,-1.9884,-0.1715,-0.7791,1739364879001.732
1819,3273657088,0,0.5528,0.9015,-5.5518,-1.9141,-0.018,-0.7858,1739364879011.7334
1820,3441429248,0,0.691,0.8321,-5.5518,-1.849,0.1173,-0.7724,1739364879021.7349
1821,3609201408,0,0.8292,0.7628,-5.4196,-1.7747,0.2167,-0.7993,1739364879031.7366
1822,3776973568,0,0.9674,0.7628,-5.5518,-1.7561,0.325,-0.7993,1739364879041.738
1823,3944745728,0,1.1056,0.7859,-5.2875,-1.784,0.3882,-0.806,1739364879051.7395
1824,4112517888,0,1.2898,0.6703,-5.2875,-1.7004,0.5056,-0.8396,1739364879061.741
1825,4280290048,0,1.4511,0.601,-5.1553,-1.6167,0.614,-0.853,1739364879071.7424
1826,153160448,0,1.5432,0.5547,-5.1553,-1.6075,0.6682,-0.8866,1739364879081.744
1827,320932608,0,1.5202,0.5547,-5.1553,-1.5889,0.614,-0.8933,1739364879091.7454
1828,488704768,0,1.5432,0.5316,-5.1553,-1.5982,0.5508,-0.9269,1739364879101.747
1829,656476928,0,1.6123,0.601,-5.0231,-1.626,0.5689,-0.9403,1739364879111.7485
1830,824249088,0,1.7044,0.5547,-4.8909,-1.5889,0.6411,-0.9403,1739364879121.75
1831,992021248,0,1.6814,0.5085,-4.8909,-1.5889,0.5508,-0.9672,1739364879131.7515
1832,1159793408,0,1.5893,0.4854,-4.8909,-1.5703,0.4334,-0.9873,1739364879141.753
1833,1327565568,0,1.4741,0.4623,-5.0231,-1.561,0.325,-1.0276,1739364879151.7544
1834,1495337728,0,1.2898,0.5085,-4.8909,-1.6075,0.1535,-1.0478,1739364879161.7559
1835,1663109888,0,1.1286,0.5085,-5.0231,-1.626,0.0361,-1.0814,1739364879171.7576
1836,1830882048,0,0.9904,0.4854,-5.0231,-1.6075,-0.0812,-1.1082,1739364879181.759
1837,1998654208,0,0.8292,0.5316,-5.0231,-1.6353,-0.2076,-1.1351,1739364879191.7605
1838,2166426368,0,0.691,0.5779,-4.8909,-1.7283,-0.325,-1.162,1739364879201.762
1839,2334198528,0,0.5988,0.6472,-4.8909,-1.7933,-0.4063,-1.1553,1739364879211.7634
1840,2501970688,0,0.4606,0.601,-4.8909,-1.7747,-0.4966,-1.1553,1739364879221.765
1841,2669742848,0,0.2303,0.6472,-4.7587,-1.8305,-0.7404,-1.1956,1739364879231.7664
1842,2837515008,0,0.0,0.7628,-5.1553,-1.9327,-0.9571,-1.209,1739364879241.768
1843,3005287168,0,-0.1842,0.7859,-5.1553,-1.9606,-1.1378,-1.209,1739364879251.7695
1844,3173059328,0,-0.3224,0.7165,-5.2875,-1.9513,-1.2551,-1.2157,1739364879261.771
1845,3340831488,0,-0.4606,0.7165,-5.1553,-1.9327,-1.3816,-1.2224,1739364879271.7725
1846,3508603648,0,-0.714,0.7628,-5.0231,-1.9977,-1.5893,-1.2157,1739364879281.774
1847,3676375808,0,-0.9443,0.7397,-5.0231,-1.9977,-1.824,-1.2224,1739364879291.7754
1848,3844147968,0,-1.1286,0.7397,-5.2875,-1.9884,-1.9685,-1.2359,1739364879301.7769
1849,4011920128,0,-1.1747,0.7859,-5.1553,-2.0349,-2.0227,-1.2426,1739364879311.7786
1850,4179692288,0,-1.1977,0.7859,-5.1553,-2.0349,-2.0137,-1.2292,1739364879321.78
1851,52562688,0,-1.1977,0.6934,-5.1553,-1.9884,-2.0227,-1.2359,1739364879331.7815
1852,220334848,0,-1.2438,0.6703,-4.8909,-1.9606,-2.0588,-1.2426,1739364879341.783
1853,388107008,0,-1.2898,0.6934,-4.8909,-1.9513,-2.0949,-1.2359,1739364879351.7844
1854,555879168,0,-1.3129,0.6472,-4.8909,-1.9141,-2.1491,-1.2359,1739364879361.786
1855,723651328,0,-1.3589,0.5779,-4.8909,-1.8398,-2.1762,-1.2292,1739364879371.7874
1856,891423488,0,-1.4971,0.5779,-5.0231,-1.8119,-2.2304,-1.2359,1739364879381.789
1857,1059195648,0,-1.4741,0.5547,-5.1553,-1.8026,-2.2485,-1.2359,1739364879391.7905
1858,1226967808,0,-1.4511,0.4854,-5.0231,-1.7283,-2.2123,-1.2359,1739364879401.792
1859,1394739968,0,-1.5662,0.416,-5.0231,-1.6725,-2.2665,-1.2359,1739364879411.7935
1860,1562512128,0,-1.6814,0.416,-5.1553,-1.6539,-2.3929,-1.2426,1739364879421.795
1861,1730284288,0,-1.7505,0.4623,-5.1553,-1.6725,-2.4832,-1.2426,1739364879431.7964
1862,1898056448,0,-1.7966,0.4623,-5.1553,-1.7004,-2.5374,-1.2426,1739364879441.7979
1863,2065828608,0,-1.8426,0.5316,-5.2875,-1.719,-2.5826,-1.2292,1739364879451.7996
1864,2233600768,0,-1.9348,0.5779,-5.4196,-1.7747,-2.6638,-1.2224,1739364879461.801
1865,2401372928,0,-2.119,0.6472,-5.2875,-1.8026,-2.7812,-1.2157,1739364879471.8025
1866,2569145088,0,-2.3033,0.6472,-5.5518,-1.8398,-2.8986,-1.2224,1739364879481.804
1867,2736917248,0,-2.5336,0.7397,-5.684,-1.9048,-3.0341,-1.209,1739364879491.8054
1868,2904689408,0,-2.787,0.8552,-5.684,-2.0163,-3.1786,-1.2023,1739364879501.807
1869,3072461568,0,-2.9482,0.9477,-5.684,-2.0721,-3.2779,-1.1821,1739364879511.8083
1870,3240233728,0,-3.0404,0.9939,-5.9484,-2.1092,-3.323,-1.162,1739364879521.81
1871,3408005888,0,-3.2016,1.0402,-5.9484,-2.1557,-3.3592,-1.1418,1739364879531.8115
1872,3575778048,0,-3.3398,1.0633,-6.0806,-2.1464,-3.3592,-1.1082,1739364879541.813
1873,3743550208,0,-3.4089,1.1095,-5.9484,-2.1464,-3.305,-1.0881,1739364879551.8145
1874,3911322368,0,-3.6392,1.202,-6.0806,-2.2207,-3.3772,-1.0679,1739364879561.816
1875,4079094528,0,-3.8005,1.2713,-6.0806,-2.2858,-3.4043,-1.0411,1739364879571.8174
1876,4246866688,0,-3.9387,1.3176,-6.345,-2.3136,-3.4043,-1.0075,1739364879581.819
1877,119737088,0,-4.0308,1.3407,-6.4771,-2.3044,-3.3501,-0.9739,1739364879591.8206
1878,287509248,0,-4.0999,1.41,-6.6093,-2.3694,-3.305,-0.9336,1739364879601.822
1879,455281408,0,-4.2381,1.4794,-6.8737,-2.3973,-3.323,-0.8799,1739364879611.8235
1880,623053568,0,-4.3763,1.5025,-7.0059,-2.4066,-3.296,-0.8463,1739364879621.825
1881,790825728,0,-4.3763,1.595,-7.2703,-2.4344,-3.1786,-0.7926,1739364879631.8264
1882,958597888,0,-4.3072,1.595,-7.4025,-2.4344,-2.9618,-0.7321,1739364879641.828
1883,1126370048,0,-4.3303,1.6181,-7.2703,-2.4716,-2.8264,-0.6985,1739364879651.8296
1884,1294142208,0,-4.4224,1.6412,-7.4025,-2.4344,-2.7722,-0.6582,1739364879661.831
1885,1461914368,0,-4.3994,1.6643,-7.2703,-2.3973,-2.6638,-0.6246,1739364879671.8325
1886,1629686528,0,-4.2842,1.7105,-7.2703,-2.4344,-2.4562,-0.5776,1739364879681.834
1887,1797458688,0,-4.2381,1.7105,-7.4025,-2.4159,-2.3026,-0.5373,1739364879691.8354
1888,1965230848,0,-4.192,1.6643,-7.5346,-2.3694,-2.1582,-0.4903,1739364879701.837
1889,2133003008,0,-4.0999,1.6643,-7.5346,-2.388,-2.0046,-0.4567,1739364879711.8384
1890,2300775168,0,-4.0078,1.6181,-7.6668,-2.3415,-1.8331,-0.403,1739364879721.84
1891,2468547328,0,-3.9387,1.595,-7.6668,-2.3229,-1.7337,-0.3694,1739364879731.8416
1892,2636319488,0,-3.9156,1.6181,-7.5346,-2.3136,-1.6525,-0.3492,1739364879741.843
1893,2804091648,0,-3.8696,1.5718,-7.799,-2.2951,-1.6254,-0.3224,1739364879751.8445
1894,2971863808,0,-3.8005,1.5025,-7.9312,-2.2114,-1.5622,-0.3156,1739364879761.846
1895,3139635968,0,-3.7314,1.4563,-7.799,-2.1464,-1.499,-0.3224,1739364879771.8474
1896,3307408128,0,-3.7314,1.4794,-7.9312,-2.1929,-1.517,-0.3291,1739364879781.8489
1897,3475180288,0,-3.8005,1.5256,-8.1956,-2.2114,-1.5351,-0.3291,1739364879791.8506
1898,3642952448,0,-3.7544,1.4794,-8.0634,-2.165,-1.517,-0.3291,1739364879801.852
1899,3810724608,0,-3.7083,1.4794,-8.0634,-2.1464,-1.4719,-0.3291,1739364879811.8535
1900,3978496768,0,-3.7083,1.4563,-7.9312,-2.1743,-1.4809,-0.3358,1739364879821.855
1901,4146268928,0,-3.7314,1.4794,-7.799,-2.1836,-1.526,-0.3492,1739364879831.8564
1902,19139328,0,-3.7083,1.4794,-7.799,-2.1836,-1.5351,-0.3627,1739364879841.858
1903,186911488,0,-3.6853,1.4563,-7.799,-2.2021,-1.5351,-0.3694,1739364879851.8594
1904,354683648,0,-3.7544,1.4794,-7.6668,-2.2114,-1.5983,-0.3492,1739364879861.861
1905,522455808,0,-3.8465,1.4563,-7.799,-2.1929,-1.6976,-0.3627,1739364879871.8625
1906,690227968,0,-3.9617,1.4794,-7.799,-2.2114,-1.7879,-0.3761,1739364879881.864
1907,858000128,0,-4.0538,1.5256,-7.6668,-2.2672,-1.9053,-0.3828,1739364879891.8655
1908,1025772288,0,-4.0999,1.5718,-7.799,-2.3322,-1.9685,-0.3963,1739364879901.867
1909,1193544448,0,-4.146,1.5718,-7.6668,-2.3415,-2.0227,-0.403,1739364879911.8684
1910,1361316608,0,-4.192,1.5487,-7.6668,-2.3136,-2.104,-0.4097,1739364879921.8699
1911,1529088768,0,-4.169,1.5487,-7.6668,-2.3136,-2.104,-0.4164,1739364879931.8716
1912,1696860928,0,-4.146,1.6181,-7.5346,-2.3694,-2.0408,-0.4164,1739364879941.873
1913,1864633088,0,-4.146,1.6412,-7.4025,-2.4066,-2.0408,-0.403,1739364879951.8745
1914,2032405248,0,-4.146,1.6181,-7.2703,-2.3601,-2.0769,-0.4097,1739364879961.876
1915,2200177408,0,-4.146,1.5487,-7.2703,-2.3229,-2.0949,-0.4097,1739364879971.8774
1916,2367949568,0,-4.146,1.5256,-7.2703,-2.2765,-2.1491,-0.4366,1739364879981.879
1917,2535721728,0,-4.2842,1.5025,-7.4025,-2.2207,-2.2846,-0.4567,1739364879991.8804
1918,2703493888,0,-4.3994,1.4563,-7.2703,-2.1557,-2.4562,-0.4836,1739364880001.882
1919,2871266048,0,-4.5836,1.41,-7.2703,-2.1464,-2.5916,-0.5306,1739364880011.8835
1920,3039038208,0,-4.86,1.41,-7.2703,-2.1185,-2.8264,-0.5642,1739364880021.885
1921,3206810368,0,-5.2286,1.3869,-7.1381,-2.0906,-3.1515,-0.5978,1739364880031.8865
1922,3374582528,0,-5.6201,1.41,-7.1381,-2.0813,-3.5488,-0.6381,1739364880041.888
1923,3542354688,0,-5.9426,1.4794,-6.8737,-2.1092,-3.91,-0.6851,1739364880051.8894
1924,3710126848,0,-6.1499,1.4563,-6.8737,-2.0628,-4.1538,-0.7254,1739364880061.8909
1925,3877899008,0,-6.3111,1.41,-6.6093,-1.9977,-4.3615,-0.7657,1739364880071.8926
1926,4045671168,0,-6.5415,1.2944,-6.345,-1.8862,-4.6595,-0.8261,1739364880081.894
1927,4213443328,0,-6.91,1.2251,-6.2128,-1.8026,-5.0388,-0.8933,1739364880091.8955
1928,86313728,0,-7.3246,1.2944,-6.0806,-1.8026,-5.4632,-0.947,1739364880101.897
1929,254085888,0,-7.578,1.2944,-5.9484,-1.784,-5.8154,-0.9941,1739364880111.8984
1930,421858048,0,-7.9004,1.2713,-5.684,-1.7654,-6.2127,-1.0411,1739364880121.9
1931,589630208,0,-8.2229,1.202,-5.5518,-1.6353,-6.5739,-1.1082,1739364880131.9014
1932,757402368,0,-8.4302,1.1558,-5.4196,-1.5889,-6.8629,-1.1687,1739364880141.903
1933,925174528,0,-8.7527,1.1789,-5.0231,-1.5703,-7.2512,-1.2292,1739364880151.9045
1934,1092946688,0,-9.0291,1.0864,-5.0231,-1.4774,-7.5853,-1.2762,1739364880161.906
1935,1260718848,0,-9.2825,1.0864,-4.8909,-1.403,-7.8201,-1.3232,1739364880171.9075
1936,1428491008,0,-9.4207,1.0633,-4.7587,-1.3845,-8.0458,-1.3568,1739364880181.909
1937,1596263168,0,-9.5128,0.9939,-4.7587,-1.2822,-8.1993,-1.3836,1739364880191.9104
1938,1764035328,0,-9.6049,0.9015,-4.7587,-1.1893,-8.2806,-1.4038,1739364880201.9119
1939,1931807488,0,-9.628,0.9015,-4.6265,-1.1893,-8.3528,-1.4374,1739364880211.9136
1940,2099579648,0,-9.5358,0.8552,-4.4943,-1.1522,-8.2445,-1.4374,1739364880221.915
1941,2267351808,0,-9.5819,0.7628,-4.4943,-1.0314,-8.2716,-1.4374,1739364880231.9165
1942,2435123968,0,-9.5819,0.6934,-4.6265,-0.9477,-8.2716,-1.4508,1739364880241.918
1943,2602896128,0,-9.4667,0.6472,-4.4943,-0.8827,-8.1993,-1.4642,1739364880251.9194
1944,2770668288,0,-9.4898,0.601,-4.6265,-0.8362,-8.2174,-1.471,1739364880261.921
1945,2938440448,0,-9.4667,0.5547,-4.4943,-0.7991,-8.1993,-1.471,1739364880271.9226
1946,3106212608,0,-9.3976,0.5547,-4.6265,-0.8083,-8.1903,-1.4777,1739364880281.924
1947,3273984768,0,-9.3746,0.5316,-4.4943,-0.8176,-8.1271,-1.4642,1739364880291.9255
1948,3441756928,0,-9.3285,0.5085,-4.6265,-0.7991,-8.1271,-1.4508,1739364880301.927
1949,3609529088,0,-9.1673,0.4623,-4.7587,-0.7619,-8.0187,-1.4374,1739364880311.9285
1950,3777301248,0,-8.8909,0.3929,-4.8909,-0.734,-7.7749,-1.4239,1739364880321.93
1951,3945073408,0,-8.7757,0.4392,-4.7587,-0.7805,-7.6666,-1.3971,1739364880331.9314
1952,4112845568,0,-8.6375,0.4392,-4.8909,-0.8083,-7.5672,-1.3635,1739364880341.933
1953,4280617728,0,-8.4072,0.3929,-4.8909,-0.7991,-7.3595,-1.3366,1739364880351.9346
1954,153488128,0,-8.0847,0.3467,-4.8909,-0.7619,-7.0615,-1.2896,1739364880361.936
1955,321260288,0,-7.8083,0.3005,-5.0231,-0.7433,-6.7997,-1.256,1739364880371.9375
1956,489032448,0,-7.7392,0.3005,-5.1553,-0.7712,-6.6732,-1.2359,1739364880381.939
1957,656804608,0,-7.7162,0.3236,-5.2875,-0.7991,-6.6191,-1.2292,1739364880391.9404
1958,824576768,0,-7.6931,0.3698,-5.4196,-0.7991,-6.5378,-1.2023,1739364880401.942
1959,992348928,0,-7.5549,0.3236,-5.4196,-0.7619,-6.4294,-1.1889,1739364880411.9436
1960,1160121088,0,-7.4167,0.2773,-5.4196,-0.7433,-6.2669,-1.1687,1739364880421.945
1961,1327893248,0,-7.3016,0.3005,-5.684,-0.7061,-6.1405,-1.1485,1739364880431.9465
1962,1495665408,0,-7.1634,0.2542,-5.5518,-0.6783,-6.005,-1.1553,1739364880441.948
1963,1663437568,0,-7.0482,0.2773,-5.5518,-0.669,-5.8786,-1.1418,1739364880451.9495
1964,1831209728,0,-6.887,0.2311,-5.8162,-0.6597,-5.7702,-1.1418,1739364880461.951
1965,1998981888,0,-6.7718,0.2773,-5.684,-0.7061,-5.6257,-1.1351,1739364880471.9524
1966,2166754048,0,-6.7027,0.3467,-5.684,-0.7712,-5.5535,-1.1082,1739364880481.954
1967,2334526208,0,-6.6336,0.3467,-5.8162,-0.8269,-5.4632,-1.0814,1739364880491.9556
1968,2502298368,0,-6.4954,0.3236,-5.8162,-0.8269,-5.3548,-1.0612,1739364880501.957
1969,2670070528,0,-6.3802,0.3929,-5.8162,-0.8734,-5.2645,-1.0411,1739364880511.9585
1970,2837842688,0,-6.2881,0.4392,-5.9484,-0.957,-5.1471,-1.0209,1739364880521.96
1971,3005614848,0,-6.196,0.5547,-5.8162,-1.0128,-5.0568,-0.9873,1739364880531.9614
1972,3173387008,0,-6.0578,0.5547,-5.9484,-1.0871,-4.9214,-0.9538,1739364880541.963
1973,3341159168,0,-5.9656,0.6241,-5.8162,-1.18,-4.7769,-0.9135,1739364880551.9646
1974,3508931328,0,-5.8044,0.6241,-6.0806,-1.2358,-4.6234,-0.9067,1739364880561.966
1975,3676703488,0,-5.6201,0.6934,-5.9484,-1.2822,-4.4428,-0.8732,1739364880571.9675
1976,3844475648,0,-5.2516,0.6934,-5.9484,-1.2822,-4.1448,-0.8396,1739364880581.969
1977,4012247808,0,-4.837,0.6241,-6.0806,-1.2637,-3.7565,-0.806,1739364880591.9705
1978,4180019968,0,-4.5145,0.6472,-6.0806,-1.2915,-3.4314,-0.7522,1739364880601.972
1979,52890368,0,-4.2151,0.601,-6.0806,-1.2915,-3.1605,-0.7052,1739364880611.9734
1980,220662528,0,-3.8465,0.5547,-6.0806,-1.2637,-2.8535,-0.6784,1739364880621.975
1981,388434688,0,-3.5241,0.5547,-6.2128,-1.2637,-2.5194,-0.6313,1739364880631.9766
1982,556206848,0,-3.2016,0.601,-6.345,-1.3566,-2.2033,-0.5843,1739364880641.978
1983,723979008,0,-2.8331,0.601,-6.2128,-1.3937,-1.9053,-0.5306,1739364880651.9795
1984,891751168,0,-2.3954,0.5085,-6.4771,-1.3473,-1.517,-0.4701,1739364880661.981
1985,1059523328,0,-2.0499,0.4392,-6.4771,-1.3194,-1.1829,-0.4231,1739364880671.9824
1986,1227295488,0,-1.7044,0.5316,-6.4771,-1.4309,-0.8127,-0.3828,1739364880681.984
1987,1395067648,0,-1.4971,0.5779,-6.345,-1.5145,-0.5959,-0.3224,1739364880691.9856
1988,1562839808,0,-1.2438,0.6241,-6.4771,-1.5796,-0.3612,-0.2686,1739364880701.987
1989,1730611968,0,-0.9213,0.6472,-6.345,-1.5982,-0.0903,-0.2082,1739364880711.9885
1990,1898384128,0,-0.5297,0.6241,-6.345,-1.5331,0.2709,-0.1612,1739364880721.99
1991,2066156288,0,-0.1382,0.6241,-6.2128,-1.5052,0.605,-0.1007,1739364880731.9915
1992,2233928448,0,0.023,0.6241,-6.4771,-1.4867,0.8127,-0.0671,1739364880741.993
1993,2401700608,0,0.1151,0.6703,-6.345,-1.4774,0.9301,-0.0201,1739364880751.9944
1994,2569472768,0,0.1612,0.7628,-6.4771,-1.5517,1.0565,0.0134,1739364880761.996
1995,2737244928,0,0.2303,0.7628,-6.345,-1.5052,1.1648,0.0537,1739364880771.9976
1996,2905017088,0,0.2764,0.809,-6.2128,-1.5331,1.219,0.0738,1739364880781.999
1997,3072789248,0,0.1612,0.8552,-6.2128,-1.5796,1.2461,0.1074,1739364880792.0005
1998,3240561408,0,0.1382,0.9246,-6.2128,-1.6167,1.2642,0.141,1739364880802.002
1999,3408333568,0,0.2303,0.9939,-6.0806,-1.6446,1.3725,0.1612,1739364880812.0034
2000,3576105728,0,0.3455,0.9246,-6.2128,-1.5982,1.4899,0.188,1739364880822.005
2001,3743877888,0,0.3455,0.9477,-6.0806,-1.6075,1.508,0.2015,1739364880832.0066
2002,3911650048,0,0.1842,0.9939,-6.0806,-1.6446,1.4357,0.2216,1739364880842.008
2003,4079422208,0,0.046,0.9939,-6.2128,-1.6632,1.3274,0.2216,1739364880852.0095
2004,4247194368,0,-0.0691,0.9939,-6.0806,-1.6632,1.2642,0.2283,1739364880862.011
2005,120064768,0,-0.1842,1.0402,-6.0806,-1.719,1.1739,0.2216,1739364880872.0125
2006,287836928,0,-0.3685,1.0171,-6.2128,-1.719,1.0204,0.2283,1739364880882.014
2007,455609088,0,-0.5067,0.9477,-6.0806,-1.6353,0.912,0.2216,1739364880892.0154
2008,623381248,0,-0.7831,0.9939,-6.2128,-1.6446,0.6772,0.2082,1739364880902.017
2009,791153408,0,-1.0365,1.0633,-6.2128,-1.7468,0.4515,0.1947,1739364880912.0186
2010,958925568,0,-1.2438,1.1095,-6.345,-1.8026,0.307,0.1813,1739364880922.02
2011,1126697728,0,-1.4511,1.1326,-6.0806,-1.849,0.1535,0.1679,1739364880932.0215
2012,1294469888,0,-1.6123,1.0633,-6.0806,-1.849,0.0,0.1477,1739364880942.023
2013,1462242048,0,-1.7275,1.0402,-5.9484,-1.8676,-0.1535,0.1276,1739364880952.0244
2014,1630014208,0,-1.7966,1.0864,-5.9484,-1.8769,-0.2438,0.1007,1739364880962.0261
2015,1797786368,0,-1.8196,1.0864,-5.684,-1.9234,-0.307,0.1007,1739364880972.0276
2016,1965558528,0,-1.8887,1.1095,-5.684,-1.942,-0.4063,0.0873,1739364880982.029
2017,2133330688,0,-2.0499,1.1095,-5.5518,-1.9327,-0.5327,0.0873,1739364880992.0305
2018,2301102848,0,-2.2112,1.0402,-5.684,-1.9048,-0.6772,0.0671,1739364881002.032
2019,2468875008,0,-2.3724,1.0402,-5.5518,-1.8862,-0.8217,0.0604,1739364881012.0334
2020,2636647168,0,-2.5567,1.0633,-5.684,-1.8955,-0.9842,0.047,1739364881022.035
2021,2804419328,0,-2.7179,1.0402,-5.5518,-1.8862,-1.1197,0.0335,1739364881032.0366
2022,2972191488,0,-2.787,1.0171,-5.4196,-1.8212,-1.21,0.0268,1739364881042.038
2023,3139963648,0,-2.8791,0.9015,-5.5518,-1.7747,-1.2822,0.0067,1739364881052.0396
2024,3307735808,0,-2.9713,0.8321,-5.4196,-1.6818,-1.3816,-0.0067,1739364881062.041
2025,3475507968,0,-3.0404,0.8321,-5.2875,-1.6632,-1.4628,-0.0335,1739364881072.0425
2026,3643280128,0,-3.1555,0.8784,-5.2875,-1.7004,-1.5712,-0.0403,1739364881082.044
2027,3811052288,0,-3.2246,0.8321,-5.4196,-1.6725,-1.6705,-0.0403,1739364881092.0454
2028,3978824448,0,-3.3398,0.7165,-5.4196,-1.5889,-1.7699,-0.0537,1739364881102.047
2029,4146596608,0,-3.455,0.6703,-5.1553,-1.5424,-1.8692,-0.0738,1739364881112.0486
2030,19467008,0,-3.5241,0.6472,-5.1553,-1.496,-1.9685,-0.1007,1739364881122.05
2031,187239168,0,-3.5241,0.5779,-5.1553,-1.4402,-1.9776,-0.1141,1739364881132.0515
2032,355011328,0,-3.5471,0.4854,-5.2875,-1.3845,-1.9866,-0.1343,1739364881142.053
2033,522783488,0,-3.5932,0.4392,-5.1553,-1.3473,-2.0498,-0.1612,1739364881152.0544
2034,690555648,0,-3.6853,0.3698,-5.2875,-1.2729,-2.1491,-0.1813,1739364881162.056
2035,858327808,0,-3.7544,0.3236,-5.0231,-1.1986,-2.2304,-0.2149,1739364881172.0576
2036,1026099968,0,-3.7314,0.2773,-5.0231,-1.1522,-2.2394,-0.2418,1739364881182.059
2037,1193872128,0,-3.6853,0.2311,-5.0231,-1.1057,-2.2123,-0.2821,1739364881192.0605
2038,1361644288,0,-3.5701,0.1155,-4.8909,-0.9942,-2.1852,-0.3156,1739364881202.062
2039,1529416448,0,-3.478,0.0693,-4.8909,-0.9106,-2.122,-0.3627,1739364881212.0635
2040,1697188608,0,-3.478,0.0693,-5.0231,-0.9199,-2.1762,-0.403,1739364881222.065
2041,1864960768,0,-3.5701,0.0693,-4.7587,-0.8641,-2.3026,-0.4433,1739364881232.0664
2042,2032732928,0,-3.6853,0.0924,-4.7587,-0.8455,-2.42,-0.4836,1739364881242.068
2043,2200505088,0,-3.8465,0.0693,-4.7587,-0.8176,-2.5555,-0.5172,1739364881252.0696
2044,2368277248,0,-3.9387,0.0924,-4.7587,-0.8455,-2.6638,-0.5507,1739364881262.071
2045,2536049408,0,-4.0308,0.0,-4.7587,-0.7619,-2.7451,-0.5843,1739364881272.0725
2046,2703821568,0,-4.1229,0.0462,-4.6265,-0.7898,-2.8264,-0.6179,1739364881282.074
2047,2871593728,0,-4.3072,0.0462,-4.6265,-0.7712,-2.998,-0.6515,1739364881292.0754
2048,3039365888,0,-4.4224,0.0924,-4.7587,-0.8362,-3.0973,-0.6918,1739364881302.077
2049,3207138048,0,-4.3994,0.0231,-4.8909,-0.7712,-3.1424,-0.7119,1739364881312.0786
2050,3374910208,0,-4.3763,0.0462,-4.7587,-0.8176,-3.1244,-0.7254,1739364881322.08
2051,3542682368,0,-4.4454,0.0462,-4.7587,-0.7991,-3.2057,-0.7455,1739364881332.0815
2052,3710454528,0,-4.5145,0.0924,-4.8909,-0.8362,-3.2689,-0.7724,1739364881342.083
2053,3878226688,0,-4.5145,0.0231,-4.8909,-0.7619,-3.314,-0.7926,1739364881352.0845
2054,4045998848,0,-4.5606,0.0231,-4.6265,-0.7526,-3.3501,-0.8194,1739364881362.086
2055,4213771008,0,-4.6758,0.0231,-4.6265,-0.7712,-3.4495,-0.8396,1739364881372.0874
2056,86641408,0,-4.7679,0.0693,-4.7587,-0.7898,-3.5759,-0.8664,1739364881382.089
2057,254413568,0,-4.86,0.0462,-4.6265,-0.7991,-3.6481,-0.8933,1739364881392.0906
2058,422185728,0,-4.9522,0.0462,-4.6265,-0.7991,-3.7023,-0.9,1739364881402.092
2059,589957888,0,-4.9982,-0.0231,-4.7587,-0.7154,-3.7565,-0.9067,1739364881412.0935
2060,757730048,0,-5.0213,-0.0924,-4.7587,-0.6411,-3.7565,-0.9135,1739364881422.095
2061,925502208,0,-4.9522,-0.0924,-4.7587,-0.6318,-3.6933,-0.9135,1739364881432.0964
2062,1093274368,0,-4.837,-0.0693,-4.6265,-0.6411,-3.621,-0.9135,1739364881442.098
2063,1261046528,0,-4.814,-0.1618,-4.6265,-0.5575,-3.5669,-0.9067,1739364881452.0996
2064,1428818688,0,-4.7679,-0.2542,-4.6265,-0.4738,-3.5578,-0.9135,1739364881462.101
2065,1596590848,0,-4.7909,-0.3005,-4.7587,-0.4367,-3.5759,-0.9202,1739364881472.1025
2066,1764363008,0,-4.814,-0.2773,-4.7587,-0.3995,-3.594,-0.9135,1739364881482.104
2067,1932135168,0,-4.7909,-0.3005,-4.6265,-0.3902,-3.603,-0.9,1739364881492.1055
2068,2099907328,0,-4.7218,-0.2773,-4.6265,-0.3995,-3.5307,-0.9,1739364881502.107
2069,2267679488,0,-4.6067,-0.2773,-4.7587,-0.4274,-3.4585,-0.8866,1739364881512.1084
2070,2435451648,0,-4.5836,-0.3005,-4.6265,-0.3995,-3.3953,-0.8732,1739364881522.11
2071,2603223808,0,-4.5376,-0.3698,-4.6265,-0.3716,-3.3592,-0.8732,1739364881532.1116
2072,2770995968,0,-4.4915,-0.2773,-4.6265,-0.4181,-3.3321,-0.8732,1739364881542.113
2073,2938768128,0,-4.4224,-0.2311,-4.8909,-0.4738,-3.296,-0.853,1739364881552.1145
2074,3106540288,0,-4.3763,-0.2773,-4.8909,-0.446,-3.2327,-0.8396,1739364881562.116
2075,3274312448,0,-4.3533,-0.3005,-4.7587,-0.446,-3.2147,-0.8329,1739364881572.1174
2076,3442084608,0,-4.3303,-0.2311,-5.0231,-0.511,-3.1966,-0.8261,1739364881582.1191
2077,3609856768,0,-4.2381,-0.1618,-4.8909,-0.5668,-3.1063,-0.8127,1739364881592.1206
2078,3777628928,0,-4.2381,-0.0924,-4.8909,-0.6132,-3.0792,-0.7858,1739364881602.122
2079,3945401088,0,-4.3072,-0.0693,-4.8909,-0.6597,-3.1334,-0.7791,1739364881612.1235
2080,4113173248,0,-4.3763,-0.0231,-5.1553,-0.6968,-3.1966,-0.7724,1739364881622.125
2081,4280945408,0,-4.3533,-0.0462,-5.1553,-0.7247,-3.2057,-0.759,1739364881632.1265
2082,153815808,0,-4.3763,0.0462,-5.0231,-0.7712,-3.1876,-0.7455,1739364881642.128
2083,321587968,0,-4.3994,0.1386,-5.0231,-0.8827,-3.1605,-0.7321,1739364881652.1296
2084,489360128,0,-4.4454,0.1849,-5.0231,-0.9384,-3.1876,-0.7052,1739364881662.131
2085,657132288,0,-4.4685,0.1386,-4.8909,-0.9199,-3.1966,-0.6784,1739364881672.1326
2086,824904448,0,-4.4454,0.0924,-5.0231,-0.892,-3.2057,-0.6582,1739364881682.134
2087,992676608,0,-4.4685,0.1386,-5.0231,-0.892,-3.1695,-0.6381,1739364881692.1355
2088,1160448768,0,-4.3994,0.1386,-5.0231,-0.9291,-3.0973,-0.6179,1739364881702.137
2089,1328220928,0,-4.2612,0.0924,-5.0231,-0.8641,-2.9709,-0.591,1739364881712.1384
2090,1495993088,0,-4.0999,-0.0693,-5.0231,-0.7247,-2.8083,-0.5776,1739364881722.1401
2091,1663765248,0,-4.0308,-0.0924,-4.8909,-0.669,-2.718,-0.5709,1739364881732.1416
2092,1831537408,0,-4.0078,-0.0231,-5.0231,-0.7154,-2.709,-0.5709,1739364881742.143
2093,1999309568,0,-4.0769,-0.0231,-5.0231,-0.7154,-2.7451,-0.5507,1739364881752.1445
2094,2167081728,0,-4.0769,-0.0462,-5.0231,-0.6876,-2.7361,-0.5507,1739364881762.146
2095,2334853888,0,-4.0769,-0.0231,-5.0231,-0.7061,-2.6909,-0.5507,1739364881772.1475
2096,2502626048,0,-3.9847,0.0,-5.1553,-0.7433,-2.6458,-0.544,1739364881782.149
2097,2670398208,0,-3.9156,0.0,-5.1553,-0.734,-2.5735,-0.5306,1739364881792.1506
2098,2838170368,0,-3.8465,-0.0231,-5.1553,-0.7433,-2.5013,-0.5306,1739364881802.152
2099,3005942528,0,-3.7774,0.0,-5.2875,-0.7712,-2.4652,-0.5239,1739364881812.1536
2100,3173714688,0,-3.7774,0.0231,-5.1553,-0.8083,-2.4562,-0.5172,1739364881822.155
2101,3341486848,0,-3.7774,0.0693,-5.1553,-0.8548,-2.4742,-0.5172,1739364881832.1565
2102,3509259008,0,-3.8005,0.0693,-5.2875,-0.8734,-2.4923,-0.5239,1739364881842.158
2103,3677031168,0,-3.7774,0.1155,-5.2875,-0.9013,-2.4832,-0.5239,1739364881852.1594
2104,3844803328,0,-3.7774,0.1386,-5.4196,-0.9199,-2.4652,-0.5239,1739364881862.1611
2105,4012575488,0,-3.7774,0.1155,-5.2875,-0.9199,-2.4923,-0.5239,1739364881872.1626
2106,4180347648,0,-3.8696,0.1386,-5.1553,-0.9291,-2.5465,-0.5306,1739364881882.164
2107,53218048,0,-3.9387,0.208,-5.2875,-0.9663,-2.5916,-0.5373,1739364881892.1655
2108,220990208,0,-4.0078,0.2311,-5.2875,-1.0035,-2.6819,-0.5306,1739364881902.167
2109,388762368,0,-4.169,0.2311,-5.2875,-0.9849,-2.7903,-0.5373,1739364881912.1685
2110,556534528,0,-4.169,0.208,-5.4196,-0.957,-2.8083,-0.5373,1739364881922.17
2111,724306688,0,-4.146,0.1849,-5.4196,-0.9663,-2.7632,-0.544,1739364881932.1716
2112,892078848,0,-4.1229,0.208,-5.4196,-0.9942,-2.7451,-0.544,1739364881942.173
2113,1059851008,0,-4.146,0.208,-5.1553,-0.9756,-2.7541,-0.5507,1739364881952.1746
2114,1227623168,0,-4.3072,0.2311,-5.2875,-1.0128,-2.8535,-0.5575,1739364881962.176
2115,1395395328,0,-4.4224,0.2311,-5.2875,-1.0499,-2.998,-0.5575,1739364881972.1775
2116,1563167488,0,-4.5836,0.2773,-5.2875,-1.0592,-3.1424,-0.5709,1739364881982.179
2117,1730939648,0,-4.6988,0.2773,-5.4196,-1.0406,-3.2598,-0.5843,1739364881992.1804
2118,1898711808,0,-4.837,0.3236,-5.2875,-1.0592,-3.3772,-0.6045,1739364882002.1821
2119,2066483968,0,-4.9752,0.3467,-5.1553,-1.0778,-3.5398,-0.6179,1739364882012.1836
2120,2234256128,0,-5.2055,0.3236,-5.2875,-1.0778,-3.7294,-0.6246,1739364882022.185
2121,2402028288,0,-5.5741,0.3698,-5.1553,-1.0964,-4.0184,-0.6448,1739364882032.1865
2122,2569800448,0,-5.9196,0.4392,-5.2875,-1.1243,-4.3435,-0.6649,1739364882042.188
2123,2737572608,0,-6.3111,0.5085,-5.0231,-1.1614,-4.6776,-0.6985,1739364882052.1895
2124,2905344768,0,-6.6566,0.5316,-5.1553,-1.1614,-5.0117,-0.7187,1739364882062.191
2125,3073116928,0,-6.8409,0.5316,-5.1553,-1.1522,-5.1923,-0.7388,1739364882072.1926
2126,3240889088,0,-7.0252,0.5085,-5.0231,-1.1057,-5.3729,-0.7657,1739364882082.194
2127,3408661248,0,-7.2555,0.5316,-4.8909,-1.0964,-5.5896,-0.7926,1739364882092.1956
2128,3576433408,0,-7.4628,0.5316,-4.7587,-1.0314,-5.7612,-0.8261,1739364882102.197
2129,3744205568,0,-7.624,0.5085,-4.6265,-0.9663,-5.9237,-0.853,1739364882112.1985
2130,3911977728,0,-7.7853,0.4854,-4.7587,-0.9477,-6.0772,-0.8732,1739364882122.2
2131,4079749888,0,-8.0617,0.5085,-4.4943,-0.9199,-6.294,-0.8866,1739364882132.2014
2132,4247522048,0,-8.2459,0.5085,-4.6265,-0.9106,-6.5017,-0.8933,1739364882142.2031
2133,120392448,0,-8.3841,0.4854,-4.3621,-0.8548,-6.6461,-0.9202,1739364882152.2046
2134,288164608,0,-8.5224,0.4392,-4.4943,-0.8548,-6.8087,-0.9336,1739364882162.206
2135,455936768,0,-8.5915,0.416,-4.6265,-0.8269,-6.9441,-0.9672,1739364882172.2075
2136,623708928,0,-8.6606,0.3929,-4.6265,-0.7898,-7.0615,-0.9806,1739364882182.209
2137,791481088,0,-8.7757,0.3698,-4.4943,-0.7619,-7.188,-1.0075,1739364882192.2104
2138,959253248,0,-8.8909,0.3236,-4.4943,-0.734,-7.2963,-1.0209,1739364882202.212
2139,1127025408,0,-9.0061,0.2773,-4.4943,-0.6968,-7.4408,-1.0411,1739364882212.2136
2140,1294797568,0,-9.1212,0.2542,-4.6265,-0.6504,-7.5311,-1.0612,1739364882222.215
2141,1462569728,0,-9.1443,0.208,-4.3621,-0.5761,-7.5672,-1.0747,1739364882232.2166
2142,1630341888,0,-9.1212,0.0924,-4.4943,-0.4924,-7.5492,-1.0747,1739364882242.218
2143,1798114048,0,-9.0982,0.0462,-4.4943,-0.4274,-7.5582,-1.0881,1739364882252.2195
2144,1965886208,0,-9.0521,-0.0462,-4.4943,-0.3623,-7.5401,-1.0881,1739364882262.221
2145,2133658368,0,-8.983,-0.0924,-4.3621,-0.2694,-7.504,-1.0881,1739364882272.2227
2146,2301430528,0,-8.937,-0.208,-4.3621,-0.2137,-7.4589,-1.0881,1739364882282.224
2147,2469202688,0,-8.8679,-0.2542,-4.4943,-0.1579,-7.3957,-1.0881,1739364882292.2256
2148,2636974848,0,-8.8909,-0.2542,-4.4943,-0.1579,-7.4137,-1.0881,1739364882302.227
2149,2804747008,0,-8.937,-0.2773,-4.6265,-0.1393,-7.4227,-1.0747,1739364882312.2285
2150,2972519168,0,-8.8448,-0.3698,-4.7587,-0.0743,-7.3054,-1.0747,1739364882322.23
2151,3140291328,0,-8.7297,-0.416,-4.7587,-0.0278,-7.188,-1.0612,1739364882332.2314
2152,3308063488,0,-8.7988,-0.4392,-4.8909,-0.0092,-7.1789,-1.0344,1739364882342.2332
2153,3475835648,0,-8.9139,-0.4392,-4.8909,0.0,-7.2512,-1.0276,1739364882352.2346
2154,3643607808,0,-8.9139,-0.4623,-5.1553,0.0092,-7.2873,-1.0209,1739364882362.236
2155,3811379968,0,-8.8909,-0.4854,-5.2875,0.0278,-7.215,-1.0008,1739364882372.2375
2156,3979152128,0,-8.8448,-0.5316,-5.2875,0.0557,-7.1518,-0.9941,1739364882382.239
2157,4146924288,0,-8.8218,-0.5316,-5.1553,0.0371,-7.0977,-0.9739,1739364882392.2405
2158,19794688,0,-8.7527,-0.5316,-5.1553,0.0278,-7.0344,-0.9605,1739364882402.242
2159,187566848,0,-8.6836,-0.5316,-5.1553,0.0092,-6.9712,-0.947,1739364882412.2437
2160,355339008,0,-8.6836,-0.4623,-5.1553,-0.0557,-6.9171,-0.947,1739364882422.245
2161,523111168,0,-8.6145,-0.416,-5.0231,-0.1115,-6.8629,-0.9403,1739364882432.2466
2162,690883328,0,-8.5684,-0.3698,-5.0231,-0.1393,-6.8358,-0.9336,1739364882442.248
2163,858655488,0,-8.4763,-0.3236,-5.0231,-0.1951,-6.7726,-0.9202,1739364882452.2495
2164,1026427648,0,-8.3841,-0.3236,-5.0231,-0.2137,-6.6642,-0.9135,1739364882462.251
2165,1194199808,0,-8.2459,-0.3236,-5.1553,-0.2044,-6.5468,-0.9,1739364882472.2524
2166,1361971968,0,-8.2229,-0.3005,-5.0231,-0.223,-6.5288,-0.9067,1739364882482.2542
2167,1529744128,0,-8.315,-0.2311,-4.8909,-0.3159,-6.6191,-0.9067,1739364882492.2556
2168,1697516288,0,-8.4302,-0.1849,-5.0231,-0.3623,-6.7184,-0.9135,1739364882502.257
2169,1865288448,0,-8.4993,-0.1155,-4.8909,-0.3995,-6.7816,-0.9135,1739364882512.2585
2170,2033060608,0,-8.4532,-0.0924,-4.7587,-0.4181,-6.7816,-0.9135,1739364882522.26
2171,2200832768,0,-8.4302,-0.0693,-4.7587,-0.4274,-6.7816,-0.9135,1739364882532.2615
2172,2368604928,0,-8.4993,-0.0462,-4.7587,-0.446,-6.8538,-0.9067,1739364882542.263
2173,2536377088,0,-8.5454,-0.0231,-4.6265,-0.5017,-6.9803,-0.9135,1739364882552.2646
2174,2704149248,0,-8.6375,0.0462,-4.6265,-0.5761,-7.0886,-0.9067,1739364882562.266
2175,2871921408,0,-8.7066,0.0924,-4.3621,-0.6597,-7.2331,-0.9067,1739364882572.2676
2176,3039693568,0,-8.7988,0.1386,-4.3621,-0.7247,-7.3957,-0.9202,1739364882582.269
2177,3207465728,0,-8.8448,0.1849,-4.23,-0.7619,-7.5221,-0.9202,1739364882592.2705
2178,3375237888,0,-8.8909,0.1849,-4.23,-0.7805,-7.6124,-0.9202,1739364882602.272
2179,3543010048,0,-8.96,0.1849,-4.0978,-0.7898,-7.7839,-0.9135,1739364882612.2734
2180,3710782208,0,-9.0521,0.1618,-4.0978,-0.7898,-7.9104,-0.9135,1739364882622.2751
2181,3878554368,0,-9.1903,0.2311,-3.9656,-0.8083,-8.0729,-0.9135,1739364882632.2766
2182,4046326528,0,-9.1443,0.2773,-3.9656,-0.8827,-8.1452,-0.9202,1739364882642.278
2183,4214098688,0,-9.2134,0.3467,-3.8334,-0.9942,-8.2716,-0.9135,1739364882652.2795
2184,86969088,0,-9.1673,0.3236,-3.8334,-0.9942,-8.3167,-0.9135,1739364882662.281
2185,254741248,0,-9.1443,0.2542,-3.8334,-0.957,-8.3348,-0.9135,1739364882672.2825
2186,422513408,0,-8.983,0.2773,-3.8334,-1.0128,-8.2987,-0.9202,1739364882682.284
2187,590285568,0,-8.8679,0.3467,-3.7012,-1.0592,-8.2355,-0.9135,1739364882692.2856
2188,758057728,0,-8.7066,0.3005,-3.9656,-1.0592,-8.1632,-0.9,1739364882702.287
2189,925829888,0,-8.5684,0.2311,-3.8334,-0.9756,-8.0368,-0.8799,1739364882712.2886
2190,1093602048,0,-8.3841,0.2311,-3.8334,-0.9849,-7.9375,-0.8799,1739364882722.29
2191,1261374208,0,-8.1768,0.1849,-3.8334,-0.9477,-7.793,-0.8664,1739364882732.2915
2192,1429146368,0,-8.0386,0.208,-3.9656,-0.9477,-7.7117,-0.8597,1739364882742.293
2193,1596918528,0,-7.8544,0.1155,-3.8334,-0.892,-7.5763,-0.8664,1739364882752.2944
2194,1764690688,0,-7.6701,0.0462,-3.8334,-0.7991,-7.4227,-0.8597,1739364882762.2961
2195,1932462848,0,-7.5089,0.0,-3.9656,-0.7526,-7.3234,-0.8396,1739364882772.2976
2196,2100235008,0,-7.4398,-0.0231,-3.9656,-0.734,-7.2602,-0.8329,1739364882782.299
2197,2268007168,0,-7.3476,-0.0231,-3.9656,-0.7526,-7.188,-0.8329,1739364882792.3005
2198,2435779328,0,-7.1864,0.0231,-4.0978,-0.7619,-7.0435,-0.806,1739364882802.302
2199,2603551488,0,-7.0021,0.0,-4.0978,-0.7898,-6.8629,-0.7926,1739364882812.3035
2200,2771323648,0,-6.91,0.0,-3.9656,-0.7805,-6.7455,-0.7791,1739364882822.305
2201,2939095808,0,-6.8639,0.0,-3.9656,-0.7805,-6.7003,-0.7724,1739364882832.3066
2202,3106867968,0,-6.8409,0.0231,-3.9656,-0.8269,-6.6642,-0.7724,1739364882842.308
2203,3274640128,0,-6.7718,0.0462,-4.0978,-0.8827,-6.601,-0.759,1739364882852.3096
2204,3442412288,0,-6.7488,0.0462,-3.9656,-0.892,-6.5468,-0.7455,1739364882862.311
2205,3610184448,0,-6.7488,0.0693,-3.8334,-0.9106,-6.5288,-0.7321,1739364882872.3125
2206,3777956608,0,-6.7488,0.0924,-3.9656,-0.957,-6.5468,-0.7254,1739364882882.314
2207,3945728768,0,-6.8179,0.1155,-3.9656,-0.9849,-6.592,-0.7321,1739364882892.3157
2208,4113500928,0,-6.91,0.1386,-4.0978,-1.0221,-6.6461,-0.7388,1739364882902.3171
2209,4281273088,0,-6.9561,0.1618,-4.0978,-1.0406,-6.6913,-0.7522,1739364882912.3186
2210,154143488,0,-7.0482,0.1618,-3.9656,-1.0406,-6.7545,-0.7522,1739364882922.32
2211,321915648,0,-7.1173,0.208,-3.9656,-1.0685,-6.8087,-0.759,1739364882932.3215
2212,489687808,0,-7.2094,0.208,-4.0978,-1.0685,-6.89,-0.7724,1739364882942.323
2213,657459968,0,-7.3246,0.208,-4.23,-1.0871,-6.9532,-0.7791,1739364882952.3245
2214,825232128,0,-7.3937,0.2311,-4.23,-1.0871,-7.0254,-0.7791,1739364882962.3262
2215,993004288,0,-7.4628,0.2773,-4.0978,-1.1243,-7.0977,-0.7791,1739364882972.3276
2216,1160776448,0,-7.5319,0.3236,-3.9656,-1.18,-7.1428,-0.7926,1739364882982.329
2217,1328548608,0,-7.5089,0.2773,-4.0978,-1.1336,-7.1157,-0.7926,1739364882992.3306
2218,1496320768,0,-7.5089,0.2311,-3.9656,-1.0964,-7.1247,-0.7926,1739364883002.332
2219,1664092928,0,-7.601,0.2311,-3.9656,-1.115,-7.1699,-0.7993,1739364883012.3335
2220,1831865088,0,-7.7853,0.3236,-3.9656,-1.18,-7.3505,-0.8127,1739364883022.335
2221,1999637248,0,-7.8544,0.3698,-4.0978,-1.2265,-7.4679,-0.8261,1739364883032.3367
2222,2167409408,0,-7.9235,0.3698,-4.0978,-1.2729,-7.5221,-0.8194,1739364883042.3381
2223,2335181568,0,-7.9926,0.4623,-3.8334,-1.3566,-7.6124,-0.806,1739364883052.3396
2224,2502953728,0,-8.1538,0.5085,-3.8334,-1.4309,-7.7659,-0.7993,1739364883062.341
2225,2670725888,0,-8.292,0.5547,-3.8334,-1.4774,-7.9375,-0.8127,1739364883072.3425
2226,2838498048,0,-8.3611,0.601,-3.9656,-1.496,-8.0368,-0.8127,1739364883082.344
2227,3006270208,0,-8.4072,0.6241,-3.9656,-1.5331,-8.1,-0.7993,1739364883092.3455
2228,3174042368,0,-8.4763,0.6472,-3.8334,-1.5517,-8.1722,-0.7926,1739364883102.3472
2229,3341814528,0,-8.6836,0.6703,-3.4368,-1.5889,-8.398,-0.7858,1739364883112.3486
2230,3509586688,0,-8.9139,0.7397,-3.569,-1.6539,-8.6599,-0.7926,1739364883122.35
2231,3677358848,0,-9.0061,0.7628,-3.4368,-1.7004,-8.8134,-0.7858,1739364883132.3516
2232,3845131008,0,-9.0061,0.7397,-3.4368,-1.7097,-8.9398,-0.7791,1739364883142.353
2233,4012903168,0,-9.0982,0.7165,-3.3046,-1.7097,-9.0391,-0.7858,1739364883152.3545
2234,4180675328,0,-9.1443,0.8321,-3.4368,-1.8305,-9.2017,-0.7791,1739364883162.356
2235,53545728,0,-9.1903,0.8321,-3.4368,-1.8676,-9.283,-0.759,1739364883172.3577
2236,221317888,0,-9.2134,0.8552,-3.3046,-1.8955,-9.3642,-0.7388,1739364883182.3591
2237,389090048,0,-9.2825,0.8784,-3.1725,-1.9606,-9.4365,-0.7254,1739364883192.3606
2238,556862208,0,-9.3976,0.9015,-2.9081,-2.0163,-9.608,-0.7254,1739364883202.362
2239,724634368,0,-9.4898,0.9708,-2.7759,-2.0906,-9.8157,-0.7254,1739364883212.3635
2240,892406528,0,-9.4898,0.9477,-2.9081,-2.1185,-9.8789,-0.7254,1739364883222.365
2241,1060178688,0,-9.4667,0.9708,-2.9081,-2.1557,-9.9422,-0.7254,1739364883232.3665
2242,1227950848,0,-9.4437,0.9939,-2.9081,-2.2021,-9.9783,-0.7119,1739364883242.3682
2243,1395723008,0,-9.4667,0.9708,-2.7759,-2.1929,-10.0957,-0.7052,1739364883252.3696
2244,1563495168,0,-9.4667,0.9939,-2.7759,-2.23,-10.1408,-0.6985,1739364883262.371
2245,1731267328,0,-9.3746,0.9708,-2.5115,-2.2393,-10.1137,-0.6918,1739364883272.3726
2246,1899039488,0,-9.2364,0.9939,-2.6437,-2.2672,-10.0595,-0.6918,1739364883282.374
2247,2066811648,0,-9.2134,0.9708,-2.5115,-2.2765,-10.0866,-0.6784,1739364883292.3755
2248,2234583808,0,-9.1443,0.9246,-2.5115,-2.23,-10.0415,-0.6784,1739364883302.377
2249,2402355968,0,-9.0521,0.9246,-2.5115,-2.2021,-10.0144,-0.6716,1739364883312.3787
2250,2570128128,0,-8.96,0.8784,-2.3793,-2.1371,-9.9331,-0.6649,1739364883322.3801
2251,2737900288,0,-8.8218,0.8784,-2.3793,-2.1557,-9.8428,-0.6649,1739364883332.3816
2252,2905672448,0,-8.7988,0.8552,-2.3793,-2.1836,-9.7886,-0.6515,1739364883342.383
2253,3073444608,0,-8.7527,0.8321,-2.3793,-2.1278,-9.7616,-0.6649,1739364883352.3845
2254,3241216768,0,-8.7297,0.8321,-2.3793,-2.0906,-9.7254,-0.6716,1739364883362.386
2255,3408988928,0,-8.6606,0.8552,-2.3793,-2.0999,-9.6622,-0.6784,1739364883372.3875
2256,3576761088,0,-8.4993,0.8321,-2.5115,-2.0535,-9.4455,-0.6515,1739364883382.3892
2257,3744533248,0,-8.292,0.7859,-2.5115,-1.9977,-9.2468,-0.6381,1739364883392.3906
2258,3912305408,0,-8.1538,0.7628,-2.5115,-1.9791,-9.1204,-0.6313,1739364883402.392
2259,4080077568,0,-8.1077,0.8321,-2.3793,-2.0628,-9.0843,-0.6246,1739364883412.3936
2260,4247849728,0,-8.0386,0.8784,-2.3793,-2.0999,-9.0482,-0.6112,1739364883422.395
2261,120720128,0,-7.9465,0.8552,-2.3793,-2.1092,-8.9308,-0.5978,1739364883432.3965
2262,288492288,0,-7.9004,0.9015,-2.5115,-2.1464,-8.8495,-0.5843,1739364883442.398
2263,456264448,0,-7.8774,0.9477,-2.5115,-2.2114,-8.8044,-0.5642,1739364883452.3997
2264,624036608,0,-7.9465,0.9939,-2.3793,-2.2579,-8.8405,-0.5642,1739364883462.4011
2265,791808768,0,-7.9235,1.0402,-2.3793,-2.3044,-8.8314,-0.5575,1739364883472.4026
2266,959580928,0,-7.9235,1.1326,-2.3793,-2.4437,-8.8585,-0.5642,1739364883482.404
2267,1127353088,0,-7.9004,1.1789,-2.3793,-2.5181,-8.8405,-0.5575,1739364883492.4055
2268,1295125248,0,-7.8774,1.1558,-2.5115,-2.5274,-8.8044,-0.5507,1739364883502.407
2269,1462897408,0,-7.9004,1.1789,-2.5115,-2.5181,-8.7953,-0.5575,1739364883512.4084
2270,1630669568,0,-7.9235,1.202,-2.5115,-2.5645,-8.8224,-0.5575,1739364883522.4102
2271,1798441728,0,-7.9235,1.2251,-2.5115,-2.5738,-8.8134,-0.5709,1739364883532.4116
2272,1966213888,0,-7.9235,1.1789,-2.3793,-2.5459,-8.8044,-0.5642,1739364883542.413
2273,2133986048,0,-7.9695,1.2251,-2.3793,-2.6296,-8.8495,-0.5642,1739364883552.4146
2274,2301758208,0,-7.9926,1.3176,-2.5115,-2.7039,-8.9127,-0.5642,1739364883562.416
2275,2469530368,0,-7.9695,1.2944,-2.5115,-2.676,-8.8766,-0.5575,1739364883572.4175
2276,2637302528,0,-7.9465,1.2713,-2.6437,-2.6203,-8.8224,-0.5709,1739364883582.4192
2277,2805074688,0,-7.9695,1.2713,-2.6437,-2.6203,-8.8314,-0.5843,1739364883592.4207
2278,2972846848,0,-8.0156,1.2944,-2.6437,-2.6296,-8.8224,-0.5709,1739364883602.422
2279,3140619008,0,-7.9695,1.2482,-2.6437,-2.5831,-8.7682,-0.5776,1739364883612.4236
2280,3308391168,0,-7.8774,1.2251,-2.7759,-2.5645,-8.6689,-0.5843,1739364883622.425
2281,3476163328,0,-7.8083,1.2251,-2.6437,-2.5552,-8.5696,-0.5843,1739364883632.4265
2282,3643935488,0,-7.7162,1.1789,-2.9081,-2.5088,-8.4612,-0.5776,1739364883642.428
2283,3811707648,0,-7.5549,1.0633,-3.1725,-2.4159,-8.2896,-0.5843,1739364883652.4297
2284,3979479808,0,-7.4628,0.9939,-3.1725,-2.3415,-8.1452,-0.5843,1739364883662.4312
2285,4147251968,0,-7.3937,0.9708,-3.1725,-2.3136,-8.0458,-0.5843,1739364883672.4326
2286,20122368,0,-7.2325,0.9246,-3.1725,-2.2486,-7.8923,-0.5978,1739364883682.434
2287,187894528,0,-7.0943,0.8784,-3.4368,-2.1836,-7.6846,-0.591,1739364883692.4355
2288,355666688,0,-7.0252,0.9246,-3.4368,-2.2207,-7.5582,-0.591,1739364883702.437
2289,523438848,0,-6.933,0.9246,-3.4368,-2.1929,-7.4137,-0.5709,1739364883712.4385
2290,691211008,0,-6.8179,0.809,-3.7012,-2.0999,-7.2241,-0.5642,1739364883722.4402
2291,858983168,0,-6.6336,0.7628,-3.7012,-2.0163,-7.0074,-0.5642,1739364883732.4417
2292,1026755328,0,-6.3802,0.7859,-3.9656,-2.007,-6.7094,-0.5642,1739364883742.443
2293,1194527488,0,-6.1499,0.6472,-3.9656,-1.8676,-6.3482,-0.5575,1739364883752.4446
2294,1362299648,0,-5.8965,0.601,-4.0978,-1.8212,-6.0592,-0.5642,1739364883762.446
2295,1530071808,0,-5.7583,0.5316,-3.9656,-1.7468,-5.8786,-0.5709,1739364883772.4475
2296,1697843968,0,-5.505,0.4623,-4.0978,-1.6539,-5.6348,-0.5978,1739364883782.449
2297,1865616128,0,-5.1825,0.3236,-4.3621,-1.4867,-5.2826,-0.6112,1739364883792.4507
2298,2033388288,0,-4.9982,0.3005,-4.3621,-1.403,-4.9756,-0.6045,1739364883802.4521
2299,2201160448,0,-4.86,0.2773,-4.3621,-1.338,-4.7498,-0.6179,1739364883812.4536
2300,2368932608,0,-4.7679,0.2311,-4.3621,-1.2729,-4.5331,-0.6179,1739364883822.455
2301,2536704768,0,-4.6527,0.1849,-4.6265,-1.1986,-4.3705,-0.6381,1739364883832.4565
2302,2704476928,0,-4.3994,0.1618,-4.7587,-1.1243,-4.0816,-0.6649,1739364883842.458
2303,2872249088,0,-4.169,0.0924,-5.0231,-1.0221,-3.8107,-0.6716,1739364883852.4595
2304,3040021248,0,-3.9156,0.0924,-5.1553,-0.9942,-3.5037,-0.6851,1739364883862.4612
2305,3207793408,0,-3.8005,0.0462,-5.0231,-0.9106,-3.2418,-0.6985,1739364883872.4626
2306,3375565568,0,-3.7774,-0.0462,-5.4196,-0.8455,-3.1334,-0.7052,1739364883882.464
2307,3543337728,0,-3.7544,0.0,-5.2875,-0.8362,-2.998,-0.7119,1739364883892.4656
2308,3711109888,0,-3.6623,-0.0462,-5.5518,-0.7898,-2.8445,-0.7254,1739364883902.467
2309,3878882048,0,-3.5241,-0.0693,-5.4196,-0.7247,-2.6729,-0.7321,1739364883912.4685
2310,4046654208,0,-3.4089,-0.1155,-5.2875,-0.6597,-2.4923,-0.7522,1739364883922.47
2311,4214426368,0,-3.3628,-0.1618,-5.4196,-0.5946,-2.3659,-0.7657,1739364883932.4717
2312,87296768,0,-3.3859,-0.1618,-5.4196,-0.5668,-2.3388,-0.7858,1739364883942.4731
2313,255068928,0,-3.3859,-0.2311,-5.4196,-0.5017,-2.3026,-0.8127,1739364883952.4746
2314,422841088,0,-3.2937,-0.208,-5.4196,-0.5017,-2.1582,-0.8329,1739364883962.476
2315,590613248,0,-3.2477,-0.2311,-5.5518,-0.4645,-2.0859,-0.8396,1739364883972.4775
2316,758385408,0,-3.1786,-0.1386,-5.4196,-0.5203,-1.9685,-0.8396,1739364883982.479
2317,926157568,0,-3.2937,-0.2311,-5.2875,-0.4553,-1.9866,-0.8463,1739364883992.4805
2318,1093929728,0,-3.2937,-0.208,-5.5518,-0.4645,-1.9685,-0.8799,1739364884002.4822
2319,1261701888,0,-3.2937,-0.2542,-5.4196,-0.4088,-1.9324,-0.8933,1739364884012.4836
2320,1429474048,0,-3.3168,-0.208,-5.1553,-0.4553,-1.9234,-0.9135,1739364884022.485
2321,1597246208,0,-3.3168,-0.1618,-5.4196,-0.5017,-1.8873,-0.9202,1739364884032.4866
2322,1765018368,0,-3.2937,-0.208,-5.684,-0.4645,-1.815,-0.9269,1739364884042.488
2323,1932790528,0,-3.2707,-0.2542,-5.4196,-0.4181,-1.7879,-0.9269,1739364884052.4895
2324,2100562688,0,-3.2707,-0.2311,-5.5518,-0.4645,-1.7428,-0.9403,1739364884062.491
2325,2268334848,0,-3.3628,-0.1849,-5.4196,-0.4645,-1.797,-0.9336,1739364884072.4927
2326,2436107008,0,-3.3398,-0.2542,-5.4196,-0.4274,-1.806,-0.9336,1739364884082.4941
2327,2603879168,0,-3.3628,-0.3467,-5.4196,-0.353,-1.797,-0.947,1739364884092.4956
2328,2771651328,0,-3.4089,-0.2773,-5.4196,-0.3902,-1.8421,-0.9605,1739364884102.497
2329,2939423488,0,-3.501,-0.2311,-5.4196,-0.4274,-1.9143,-0.9605,1739364884112.4985
2330,3107195648,0,-3.5241,-0.2773,-5.5518,-0.3716,-1.9324,-0.9605,1739364884122.5
2331,3274967808,0,-3.501,-0.3236,-5.4196,-0.2973,-1.9324,-0.9739,1739364884132.5015
2332,3442739968,0,-3.5471,-0.3698,-5.4196,-0.2787,-1.9776,-0.9806,1739364884142.5032
2333,3610512128,0,-3.7083,-0.3698,-5.4196,-0.2601,-2.104,-0.9806,1739364884152.5046
2334,3778284288,0,-3.7774,-0.416,-5.2875,-0.2137,-2.1943,-1.0008,1739364884162.506
2335,3946056448,0,-3.7544,-0.4392,-5.4196,-0.1672,-2.1852,-1.0008,1739364884172.5076
2336,4113828608,0,-3.6623,-0.4623,-5.4196,-0.1207,-2.113,-0.9941,1739364884182.509
2337,4281600768,0,-3.5932,-0.5547,-5.2875,-0.0743,-2.0588,-0.9873,1739364884192.5105
2338,154471168,0,-3.5932,-0.601,-5.2875,-0.0185,-2.0498,-0.9806,1739364884202.5122
2339,322243328,0,-3.5701,-0.6472,-5.1553,0.0185,-2.0588,-0.9873,1739364884212.5137
2340,490015488,0,-3.5932,-0.6472,-5.2875,0.0371,-2.0679,-0.9739,1739364884222.5151
2341,657787648,0,-3.5471,-0.6934,-5.1553,0.065,-2.0859,-0.9739,1739364884232.5166
2342,825559808,0,-3.5471,-0.7397,-5.1553,0.0836,-2.0859,-0.9672,1739364884242.518
2343,993331968,0,-3.5241,-0.7397,-5.1553,0.0836,-2.0859,-0.9672,1739364884252.5195
2344,1161104128,0,-3.4089,-0.7628,-5.1553,0.0929,-1.9956,-0.9672,1739364884262.521
2345,1328876288,0,-3.3168,-0.7859,-5.2875,0.13,-1.9143,-0.9605,1739364884272.5227
2346,1496648448,0,-3.2246,-0.7859,-5.0231,0.1393,-1.8602,-0.9538,1739364884282.5242
2347,1664420608,0,-3.2477,-0.809,-5.0231,0.1393,-1.8873,-0.947,1739364884292.5256
2348,1832192768,0,-3.2477,-0.8321,-5.0231,0.1486,-1.9053,-0.9538,1739364884302.527
2349,1999964928,0,-3.2937,-0.8552,-4.8909,0.1486,-1.9595,-0.9538,1739364884312.5286
2350,2167737088,0,-3.3168,-0.8784,-4.8909,0.1393,-2.0137,-0.9538,1739364884322.53
2351,2335509248,0,-3.3398,-0.8784,-4.8909,0.1672,-2.0498,-0.947,1739364884332.5315
2352,2503281408,0,-3.3398,-0.9015,-4.7587,0.1579,-2.0769,-0.947,1739364884342.5332
2353,2671053568,0,-3.3398,-0.9246,-4.6265,0.1765,-2.104,-0.9605,1739364884352.5347
2354,2838825728,0,-3.2477,-0.9477,-4.6265,0.1765,-2.0859,-0.9672,1739364884362.5361
2355,3006597888,0,-3.1555,-0.9939,-4.4943,0.1951,-2.0317,-0.9672,1739364884372.5376
2356,3174370048,0,-3.0634,-1.0171,-4.3621,0.223,-2.0859,-0.9806,1739364884382.539
2357,3342142208,0,-3.1555,-1.0171,-4.23,0.2415,-2.2123,-0.9873,1739364884392.5405
2358,3509914368,0,-3.2477,-1.0402,-4.23,0.288,-2.3659,-1.0075,1739364884402.542
2359,3677686528,0,-3.2246,-1.1095,-4.0978,0.3345,-2.4471,-1.0276,1739364884412.5437
2360,3845458688,0,-3.2246,-1.1558,-4.0978,0.3809,-2.5465,-1.0545,1739364884422.5452
2361,4013230848,0,-3.2707,-1.202,-3.9656,0.4367,-2.6638,-1.0814,1739364884432.5466
2362,4181003008,0,-3.2937,-1.202,-3.8334,0.4645,-2.8174,-1.1082,1739364884442.548
2363,53873408,0,-3.3859,-1.2713,-3.8334,0.511,-2.9799,-1.1351,1739364884452.5496
2364,221645568,0,-3.4319,-1.2713,-3.7012,0.511,-3.1154,-1.1553,1739364884462.551
2365,389417728,0,-3.478,-1.3176,-3.4368,0.5203,-3.2779,-1.1687,1739364884472.5525
2366,557189888,0,-3.5241,-1.2713,-3.4368,0.5017,-3.4495,-1.2023,1739364884482.5542
2367,724962048,0,-3.6162,-1.2713,-3.4368,0.4924,-3.621,-1.2157,1739364884492.5557
2368,892734208,0,-3.6392,-1.2944,-3.3046,0.4924,-3.7294,-1.2359,1739364884502.5571
2369,1060506368,0,-3.5701,-1.3176,-3.1725,0.4645,-3.7926,-1.2426,1739364884512.5586
2370,1228278528,0,-3.501,-1.2944,-3.0403,0.446,-3.8468,-1.256,1739364884522.56
2371,1396050688,0,-3.4319,-1.3176,-3.0403,0.4274,-3.919,-1.2695,1739364884532.5615
2372,1563822848,0,-3.455,-1.2944,-2.9081,0.3995,-4.0364,-1.2762,1739364884542.563
2373,1731595008,0,-3.478,-1.2944,-2.7759,0.3345,-4.1448,-1.2762,1739364884552.5647
2374,1899367168,0,-3.478,-1.2944,-2.9081,0.2787,-4.2802,-1.2896,1739364884562.5662
2375,2067139328,0,-3.478,-1.2482,-3.0403,0.2044,-4.3705,-1.2896,1739364884572.5676
2376,2234911488,0,-3.4319,-1.2251,-2.9081,0.1579,-4.4067,-1.2896,1739364884582.569
2377,2402683648,0,-3.3168,-1.2482,-2.7759,0.1115,-4.3976,-1.2829,1739364884592.5706
2378,2570455808,0,-3.1095,-1.2713,-2.7759,0.1115,-4.3073,-1.2762,1739364884602.572
2379,2738227968,0,-2.9713,-1.2944,-2.7759,0.1115,-4.2261,-1.2627,1739364884612.5735
2380,2906000128,0,-2.81,-1.3407,-2.7759,0.13,-4.1267,-1.256,1739364884622.5752
2381,3073772288,0,-2.7179,-1.3638,-2.7759,0.1858,-4.0635,-1.2493,1739364884632.5767
2382,3241544448,0,-2.6258,-1.4331,-2.6437,0.2044,-3.9913,-1.2426,1739364884642.5781
2383,3409316608,0,-2.4876,-1.4794,-2.6437,0.2322,-3.91,-1.2359,1739364884652.5796
2384,3577088768,0,-2.4185,-1.5256,-2.3793,0.2508,-3.8649,-1.2426,1739364884662.581
2385,3744860928,0,-2.3724,-1.5487,-2.3793,0.2508,-3.8378,-1.2359,1739364884672.5825
2386,3912633088,0,-2.2342,-1.5718,-2.5115,0.2694,-3.7565,-1.2157,1739364884682.584
2387,4080405248,0,-2.1651,-1.5256,-2.3793,0.2508,-3.6752,-1.209,1739364884692.5857
2388,4248177408,0,-2.096,-1.5718,-2.3793,0.2415,-3.612,-1.1821,1739364884702.5872
2389,121047808,0,-2.0039,-1.5718,-2.2471,0.2322,-3.5578,-1.1821,1739364884712.5886
2390,288819968,0,-2.0039,-1.5487,-2.2471,0.2137,-3.5217,-1.1754,1739364884722.59
2391,456592128,0,-2.0269,-1.5487,-2.2471,0.1951,-3.5127,-1.162,1739364884732.5916
2392,624364288,0,-2.0269,-1.5487,-2.3793,0.1672,-3.4946,-1.1485,1739364884742.593
2393,792136448,0,-1.9808,-1.5487,-2.3793,0.1765,-3.4314,-1.1418,1739364884752.5945
2394,959908608,0,-1.9578,-1.5487,-2.3793,0.2044,-3.3501,-1.1217,1739364884762.5962
2395,1127680768,0,-1.8657,-1.595,-2.5115,0.223,-3.2779,-1.1217,1739364884772.5977
2396,1295452928,0,-1.8657,-1.595,-2.5115,0.2415,-3.2598,-1.1284,1739364884782.599
2397,1463225088,0,-1.9117,-1.5718,-2.3793,0.2787,-3.2779,-1.1284,1739364884792.6006
2398,1630997248,0,-1.9578,-1.6412,-2.5115,0.2973,-3.305,-1.1351,1739364884802.602
2399,1798769408,0,-1.9808,-1.6412,-2.5115,0.3438,-3.305,-1.1418,1739364884812.6035
2400,1966541568,0,-2.0269,-1.6181,-2.7759,0.3438,-3.323,-1.1485,1739364884822.605
2401,2134313728,0,-2.096,-1.595,-2.7759,0.353,-3.3953,-1.1553,1739364884832.6067
2402,2302085888,0,-2.096,-1.595,-2.9081,0.353,-3.4043,-1.1754,1739364884842.6082
2403,2469858048,0,-2.119,-1.6181,-2.9081,0.3716,-3.3953,-1.1553,1739364884852.6096
2404,2637630208,0,-2.1421,-1.6412,-2.9081,0.3902,-3.4314,-1.162,1739364884862.611
2405,2805402368,0,-2.1651,-1.6874,-3.0403,0.446,-3.4585,-1.1687,1739364884872.6125
2406,2973174528,0,-2.2572,-1.7105,-3.0403,0.4738,-3.5127,-1.1687,1739364884882.614
2407,3140946688,0,-2.3494,-1.7105,-3.1725,0.4738,-3.5849,-1.1754,1739364884892.6157
2408,3308718848,0,-2.4645,-1.6874,-3.1725,0.4924,-3.7475,-1.1889,1739364884902.6172
2409,3476491008,0,-2.6027,-1.7105,-3.3046,0.5203,-3.8649,-1.1889,1739364884912.6187
2410,3644263168,0,-2.6949,-1.6874,-3.4368,0.5296,-3.9642,-1.1956,1739364884922.62
2411,3812035328,0,-2.8561,-1.6412,-3.4368,0.4831,-4.0996,-1.1956,1739364884932.6216
2412,3979807488,0,-3.0634,-1.6181,-3.569,0.4645,-4.2622,-1.209,1739364884942.623
2413,4147579648,0,-3.2937,-1.5256,-3.4368,0.4181,-4.4789,-1.2157,1739364884952.6245
2414,20450048,0,-3.5471,-1.4563,-3.4368,0.3716,-4.7137,-1.2224,1739364884962.6262
2415,188222208,0,-3.8005,-1.4794,-3.569,0.3252,-4.9575,-1.2426,1739364884972.6277
2416,355994368,0,-3.9156,-1.4563,-3.4368,0.3159,-5.093,-1.2426,1739364884982.6292
2417,523766528,0,-4.0769,-1.3869,-3.3046,0.2694,-5.2013,-1.2359,1739364884992.6306
2418,691538688,0,-4.3072,-1.3407,-3.3046,0.2044,-5.4632,-1.2493,1739364885002.632
2419,859310848,0,-4.4454,-1.3638,-3.4368,0.2415,-5.5896,-1.2493,1739364885012.6335
2420,1027083008,0,-4.6527,-1.3638,-3.3046,0.2787,-5.7431,-1.2493,1739364885022.635
2421,1194855168,0,-4.7909,-1.3176,-3.1725,0.223,-5.9057,-1.2627,1739364885032.6367
2422,1362627328,0,-4.8831,-1.2944,-3.1725,0.2322,-6.0231,-1.2627,1739364885042.6382
2423,1530399488,0,-4.9291,-1.2482,-3.3046,0.1858,-6.1043,-1.2627,1739364885052.6396
2424,1698171648,0,-4.9061,-1.2944,-3.3046,0.2322,-6.0863,-1.2493,1739364885062.641
2425,1865943808,0,-4.9291,-1.3176,-3.3046,0.2601,-6.1314,-1.2493,1739364885072.6426
2426,2033715968,0,-4.9982,-1.41,-3.4368,0.3438,-6.1405,-1.2292,1739364885082.644
2427,2201488128,0,-5.0673,-1.4331,-3.4368,0.3809,-6.2037,-1.2426,1739364885092.6455
2428,2369260288,0,-5.0673,-1.4331,-3.569,0.3902,-6.1856,-1.2426,1739364885102.6472
2429,2537032448,0,-5.0213,-1.41,-3.4368,0.4181,-6.1766,-1.2359,1739364885112.6487
2430,2704804608,0,-4.9061,-1.4794,-3.4368,0.4553,-6.014,-1.2023,1739364885122.6501
2431,2872576768,0,-4.7679,-1.5487,-3.569,0.5296,-5.8605,-1.1821,1739364885132.6516
2432,3040348928,0,-4.6067,-1.6412,-3.4368,0.6132,-5.6799,-1.162,1739364885142.653
2433,3208121088,0,-4.4685,-1.7105,-3.569,0.6504,-5.5264,-1.1485,1739364885152.6545
2434,3375893248,0,-4.3072,-1.6643,-3.569,0.6597,-5.4,-1.1284,1739364885162.656
2435,3543665408,0,-4.169,-1.6181,-3.569,0.6318,-5.2194,-1.1082,1739364885172.6577
2436,3711437568,0,-4.0308,-1.595,-3.569,0.5761,-5.1381,-1.0948,1739364885182.6592
2437,3879209728,0,-3.9387,-1.595,-3.7012,0.6039,-4.9936,-1.0612,1739364885192.6606
2438,4046981888,0,-3.8465,-1.6643,-3.8334,0.6132,-4.8582,-1.0344,1739364885202.662
2439,4214754048,0,-3.8005,-1.6181,-3.8334,0.5853,-4.804,-1.0075,1739364885212.6636
2440,87624448,0,-3.8235,-1.5718,-3.8334,0.4924,-4.795,-1.0075,1739364885222.665
2441,255396608,0,-3.9156,-1.5025,-3.8334,0.446,-4.8491,-1.0008,1739364885232.6665
2442,423168768,0,-3.8926,-1.4563,-3.8334,0.4181,-4.8311,-0.9806,1739364885242.6682
2443,590940928,0,-3.9156,-1.4794,-3.9656,0.3902,-4.813,-0.9806,1739364885252.6697
2444,758713088,0,-3.9617,-1.4331,-3.9656,0.3623,-4.8311,-0.9605,1739364885262.6711
2445,926485248,0,-3.9387,-1.4331,-3.9656,0.3438,-4.8311,-0.9605,1739364885272.6726
2446,1094257408,0,-3.9847,-1.3638,-4.0978,0.2787,-4.8311,-0.9538,1739364885282.674
2447,1262029568,0,-4.0308,-1.3407,-4.0978,0.2415,-4.8401,-0.9672,1739364885292.6755
2448,1429801728,0,-4.0078,-1.3407,-3.9656,0.223,-4.8491,-0.9739,1739364885302.677
2449,1597573888,0,-4.0538,-1.2713,-4.0978,0.2044,-4.8491,-0.9672,1739364885312.6787
2450,1765346048,0,-4.169,-1.2713,-4.0978,0.1951,-4.9124,-0.9672,1739364885322.6802
2451,1933118208,0,-4.3072,-1.2713,-4.0978,0.1951,-5.0297,-0.9941,1739364885332.6816
2452,2100890368,0,-4.3994,-1.2251,-4.23,0.2044,-5.102,-1.0075,1739364885342.683
2453,2268662528,0,-4.4685,-1.202,-4.0978,0.1207,-5.1471,-1.0075,1739364885352.6846
2454,2436434688,0,-4.4454,-1.1558,-4.0978,0.065,-5.1471,-1.0142,1739364885362.686
2455,2604206848,0,-4.5145,-1.0864,-3.9656,0.0185,-5.1742,-1.0075,1739364885372.6875
2456,2771979008,0,-4.5836,-1.0171,-4.0978,-0.0464,-5.2284,-1.0075,1739364885382.6892
2457,2939751168,0,-4.6297,-0.9708,-4.23,-0.13,-5.2916,-1.0008,1739364885392.6907
2458,3107523328,0,-4.7218,-0.9246,-4.3621,-0.2044,-5.3277,-0.9941,1739364885402.6921
2459,3275295488,0,-4.7909,-0.8321,-4.4943,-0.2601,-5.3097,-0.9806,1739364885412.6936
2460,3443067648,0,-4.814,-0.7628,-4.6265,-0.3623,-5.3007,-0.9538,1739364885422.695
2461,3610839808,0,-4.8831,-0.6703,-4.7587,-0.4553,-5.2645,-0.9269,1739364885432.6965
2462,3778611968,0,-4.9752,-0.5779,-4.7587,-0.5296,-5.2194,-0.8933,1739364885442.698
2463,3946384128,0,-5.0904,-0.4854,-4.8909,-0.6504,-5.2555,-0.8597,1739364885452.6997
2464,4114156288,0,-5.0904,-0.4392,-5.0231,-0.734,-5.1471,-0.8194,1739364885462.7012
2465,4281928448,0,-4.9982,-0.4392,-5.2875,-0.7247,-4.9575,-0.7657,1739364885472.7026
2466,154798848,0,-4.86,-0.3698,-5.5518,-0.7898,-4.7047,-0.7254,1739364885482.704
2467,322571008,0,-4.7218,-0.3236,-5.2875,-0.8641,-4.4428,-0.6716,1739364885492.7056
2468,490343168,0,-4.5606,-0.3467,-5.4196,-0.892,-4.217,-0.6112,1739364885502.707
2469,658115328,0,-4.3994,-0.2773,-5.684,-0.9384,-3.919,-0.5575,1739364885512.7085
2470,825887488,0,-4.192,-0.2773,-5.8162,-0.9942,-3.621,-0.497,1739364885522.7102
2471,993659648,0,-4.0078,-0.2542,-5.9484,-1.0314,-3.3501,-0.4366,1739364885532.7117
2472,1161431808,0,-3.9387,-0.3005,-6.2128,-1.0314,-3.1424,-0.3694,1739364885542.7131
2473,1329203968,0,-3.8926,-0.208,-6.4771,-1.0964,-2.9799,-0.3156,1739364885552.7146
2474,1496976128,0,-3.8926,-0.1155,-6.6093,-1.1707,-2.8445,-0.2552,1739364885562.716
2475,1664748288,0,-3.8465,-0.0924,-6.8737,-1.2265,-2.6909,-0.188,1739364885572.7175
2476,1832520448,0,-3.7314,-0.0231,-6.8737,-1.2822,-2.4923,-0.1209,1739364885582.7192
2477,2000292608,0,-3.6853,-0.0231,-7.1381,-1.3473,-2.3117,-0.0537,1739364885592.7207
2478,2168064768,0,-3.6392,0.0693,-7.0059,-1.4309,-2.1762,0.0067,1739364885602.7222
2479,2335836928,0,-3.5471,0.1386,-7.2703,-1.5052,-2.0227,0.0671,1739364885612.7236
2480,2503609088,0,-3.455,0.1849,-7.6668,-1.5145,-1.824,0.141,1739364885622.725
2481,2671381248,0,-3.2707,0.2311,-7.6668,-1.5331,-1.5983,0.2015,1739364885632.7266
2482,2839153408,0,-3.2246,0.2311,-7.9312,-1.5331,-1.4357,0.2552,1739364885642.728
2483,3006925568,0,-3.2246,0.3698,-7.9312,-1.5889,-1.3635,0.2955,1739364885652.7297
2484,3174697728,0,-3.2477,0.416,-8.1956,-1.5796,-1.2822,0.3425,1739364885662.7312
2485,3342469888,0,-3.2016,0.5085,-8.46,-1.6353,-1.1829,0.3761,1739364885672.7327
2486,3510242048,0,-3.2707,0.5316,-8.5922,-1.6446,-1.1558,0.4097,1739364885682.7341
2487,3678014208,0,-3.3398,0.601,-8.46,-1.6818,-1.1468,0.4298,1739364885692.7356
2488,3845786368,0,-3.4089,0.6472,-8.46,-1.6818,-1.1558,0.45,1739364885702.737
2489,4013558528,0,-3.5241,0.6472,-8.5922,-1.6632,-1.21,0.4567,1739364885712.7385
2490,4181330688,0,-3.5701,0.6934,-8.7243,-1.6632,-1.219,0.4634,1739364885722.7402
2491,54201088,0,-3.6162,0.8321,-8.7243,-1.7561,-1.2461,0.4634,1739364885732.7417
2492,221973248,0,-3.7774,0.8784,-8.7243,-1.8305,-1.3545,0.4769,1739364885742.7432
2493,389745408,0,-3.9156,0.9015,-8.5922,-1.849,-1.499,0.4701,1739364885752.7446
2494,557517568,0,-3.9847,0.9246,-8.8565,-1.849,-1.5802,0.4634,1739364885762.746
2495,725289728,0,-4.0769,0.9939,-8.5922,-1.9234,-1.6344,0.4701,1739364885772.7476
2496,893061888,0,-4.2381,1.0633,-8.5922,-1.9977,-1.7608,0.4567,1739364885782.749
2497,1060834048,0,-4.4915,1.1326,-8.46,-2.0813,-1.9505,0.4433,1739364885792.7507
2498,1228606208,0,-4.7218,1.2482,-8.46,-2.165,-2.1762,0.4231,1739364885802.7522
2499,1396378368,0,-4.86,1.2713,-8.46,-2.2114,-2.3297,0.4097,1739364885812.7537
2500,1564150528,0,-4.9291,1.2713,-8.46,-2.2393,-2.4562,0.3761,1739364885822.7551
2501,1731922688,0,-5.0904,1.3407,-8.1956,-2.2579,-2.6097,0.3559,1739364885832.7566
2502,1899694848,0,-5.2286,1.3869,-8.3278,-2.2858,-2.7541,0.3559,1739364885842.758
2503,2067467008,0,-5.3437,1.3638,-8.3278,-2.2765,-2.8806,0.3224,1739364885852.7595
2504,2235239168,0,-5.505,1.3638,-8.3278,-2.2858,-2.9889,0.3022,1739364885862.7612
2505,2403011328,0,-5.6892,1.3869,-8.1956,-2.2858,-3.1334,0.2955,1739364885872.7627
2506,2570783488,0,-5.8274,1.3869,-8.0634,-2.2858,-3.2508,0.2821,1739364885882.7642
2507,2738555648,0,-5.9656,1.3869,-8.0634,-2.2951,-3.3863,0.2619,1739364885892.7656
2508,2906327808,0,-5.9426,1.4331,-8.0634,-2.2858,-3.4043,0.2418,1739364885902.767
2509,3074099968,0,-5.9196,1.41,-7.9312,-2.2672,-3.3953,0.2418,1739364885912.7686
2510,3241872128,0,-5.8965,1.3638,-7.9312,-2.2393,-3.3682,0.2283,1739364885922.77
2511,3409644288,0,-5.8505,1.3176,-7.799,-2.1929,-3.3321,0.235,1739364885932.7717
2512,3577416448,0,-5.7353,1.2713,-7.6668,-2.1743,-3.2598,0.2283,1739364885942.7732
2513,3745188608,0,-5.5971,1.2482,-7.6668,-2.1743,-3.1605,0.2216,1739364885952.7747
2514,3912960768,0,-5.4589,1.2251,-7.6668,-2.1557,-3.0521,0.235,1739364885962.7761
2515,4080732928,0,-5.2286,1.1558,-7.6668,-2.0999,-2.9167,0.2418,1739364885972.7776
2516,4248505088,0,-4.9982,1.1095,-7.6668,-2.0442,-2.7271,0.2418,1739364885982.779
2517,121375488,0,-4.7449,1.0171,-7.4025,-1.9791,-2.5374,0.235,1739364885992.7805
2518,289147648,0,-4.5145,0.9246,-7.4025,-1.9234,-2.3839,0.2082,1739364886002.7822
2519,456919808,0,-4.3533,0.9015,-7.4025,-1.8862,-2.2756,0.188,1739364886012.7837
2520,624691968,0,-4.0308,0.809,-7.4025,-1.7933,-2.0227,0.1679,1739364886022.7852
2521,792464128,0,-3.6853,0.7628,-7.4025,-1.719,-1.7337,0.1477,1739364886032.7866
2522,960236288,0,-3.5241,0.7397,-7.2703,-1.7375,-1.5893,0.1276,1739364886042.788
2523,1128008448,0,-3.3859,0.6934,-7.4025,-1.6632,-1.499,0.1141,1739364886052.7896
2524,1295780608,0,-3.2477,0.5779,-7.4025,-1.561,-1.3545,0.094,1739364886062.791
2525,1463552768,0,-2.9482,0.5779,-7.4025,-1.5238,-1.1287,0.0806,1739364886072.7927
2526,1631324928,0,-2.6027,0.5779,-7.5346,-1.5331,-0.8398,0.0604,1739364886082.7942
2527,1799097088,0,-2.3494,0.4854,-7.6668,-1.4681,-0.605,0.047,1739364886092.7957
2528,1966869248,0,-2.073,0.4623,-7.799,-1.4309,-0.3702,0.0201,1739364886102.797
2529,2134641408,0,-1.8657,0.416,-7.6668,-1.403,-0.2167,0.0067,1739364886112.7986
2530,2302413568,0,-1.7275,0.3698,-7.799,-1.3473,-0.0722,-0.0268,1739364886122.8
2531,2470185728,0,-1.5893,0.3929,-7.799,-1.3194,0.0632,-0.047,1739364886132.8015
2532,2637957888,0,-1.4741,0.3698,-7.799,-1.2915,0.1535,-0.0671,1739364886142.8032
2533,2805730048,0,-1.428,0.4392,-7.6668,-1.338,0.2257,-0.094,1739364886152.8047
2534,2973502208,0,-1.382,0.416,-7.799,-1.3287,0.2799,-0.1141,1739364886162.8062
2535,3141274368,0,-1.3359,0.3467,-7.799,-1.2544,0.325,-0.1343,1739364886172.8076
2536,3309046528,0,-1.3129,0.3929,-7.799,-1.2358,0.3521,-0.1746,1739364886182.809
2537,3476818688,0,-1.3589,0.3929,-7.6668,-1.2544,0.3431,-0.1947,1739364886192.8105
2538,3644590848,0,-1.4741,0.3698,-7.6668,-1.2451,0.2347,-0.235,1739364886202.8123
2539,3812363008,0,-1.6353,0.416,-7.5346,-1.2822,0.1083,-0.2686,1739364886212.8137
2540,3980135168,0,-1.7505,0.416,-7.799,-1.3008,-0.0361,-0.2888,1739364886222.8152
2541,4147907328,0,-1.8887,0.3929,-7.5346,-1.2915,-0.1264,-0.3089,1739364886232.8167
2542,20777728,0,-2.073,0.4854,-7.6668,-1.403,-0.2618,-0.3291,1739364886242.818
2543,188549888,0,-2.2112,0.5547,-7.5346,-1.4216,-0.3431,-0.3291,1739364886252.8196
2544,356322048,0,-2.4415,0.5316,-7.5346,-1.4402,-0.5418,-0.3425,1739364886262.821
2545,524094208,0,-2.6488,0.4623,-7.799,-1.403,-0.7404,-0.3559,1739364886272.8228
2546,691866368,0,-2.81,0.5085,-7.4025,-1.3845,-0.8668,-0.3627,1739364886282.8242
2547,859638528,0,-3.0634,0.6241,-7.5346,-1.4867,-1.0655,-0.3828,1739364886292.8257
2548,1027410688,0,-3.2477,0.6703,-7.6668,-1.5331,-1.2371,-0.3828,1739364886302.8271
2549,1195182848,0,-3.3628,0.6241,-7.4025,-1.496,-1.3635,-0.3895,1739364886312.8286
2550,1362955008,0,-3.478,0.601,-7.2703,-1.4309,-1.4628,-0.3963,1739364886322.83
2551,1530727168,0,-3.5471,0.5316,-7.4025,-1.3845,-1.5351,-0.3963,1739364886332.8315
2552,1698499328,0,-3.5932,0.5316,-7.2703,-1.3566,-1.6163,-0.403,1739364886342.8333
2553,1866271488,0,-3.6392,0.5316,-7.1381,-1.3473,-1.6525,-0.4097,1739364886352.8347
2554,2034043648,0,-3.6162,0.5316,-7.2703,-1.3566,-1.6796,-0.4164,1739364886362.8362
2555,2201815808,0,-3.6162,0.5316,-7.1381,-1.3473,-1.6886,-0.4097,1739364886372.8376
2556,2369587968,0,-3.7083,0.4854,-7.2703,-1.3101,-1.7428,-0.403,1739364886382.839
2557,2537360128,0,-3.8005,0.4623,-7.1381,-1.2729,-1.8331,-0.4164,1739364886392.8406
2558,2705132288,0,-3.8235,0.4623,-7.1381,-1.2637,-1.9053,-0.4231,1739364886402.842
2559,2872904448,0,-3.9617,0.4854,-7.1381,-1.2822,-2.0137,-0.4164,1739364886412.8438
2560,3040676608,0,-4.0769,0.5085,-7.1381,-1.2915,-2.113,-0.4097,1739364886422.8452
2561,3208448768,0,-4.0769,0.4623,-7.0059,-1.2637,-2.122,-0.4097,1739364886432.8467
2562,3376220928,0,-4.169,0.4854,-7.0059,-1.2915,-2.2123,-0.403,1739364886442.8481
2563,3543993088,0,-4.2842,0.5779,-7.0059,-1.3659,-2.3026,-0.3963,1739364886452.8496
2564,3711765248,0,-4.4454,0.6241,-7.0059,-1.3845,-2.411,-0.3895,1739364886462.851
2565,3879537408,0,-4.6067,0.6241,-7.0059,-1.3845,-2.5645,-0.3895,1739364886472.8525
2566,4047309568,0,-4.837,0.6934,-7.0059,-1.4123,-2.7451,-0.3963,1739364886482.8542
2567,4215081728,0,-5.0673,0.7859,-7.0059,-1.4774,-2.9618,-0.403,1739364886492.8557
2568,87952128,0,-5.3207,0.8321,-7.0059,-1.5145,-3.1515,-0.4097,1739364886502.8572
2569,255724288,0,-5.5741,0.9015,-7.1381,-1.5331,-3.3501,-0.4164,1739364886512.8586
2570,423496448,0,-5.8274,0.9246,-6.8737,-1.5517,-3.594,-0.4433,1739364886522.86
2571,591268608,0,-6.219,0.9708,-6.8737,-1.5796,-3.901,-0.45,1739364886532.8616
2572,759040768,0,-6.5645,1.0171,-6.8737,-1.6167,-4.2261,-0.4701,1739364886542.863
2573,926812928,0,-6.9561,1.1095,-6.7415,-1.6539,-4.5512,-0.4903,1739364886552.8647
2574,1094585088,0,-7.3707,1.202,-6.6093,-1.719,-4.8672,-0.497,1739364886562.8662
2575,1262357248,0,-7.7162,1.2713,-6.4771,-1.8026,-5.1742,-0.5104,1739364886572.8677
2576,1430129408,0,-7.9465,1.2482,-6.345,-1.8026,-5.4,-0.5104,1739364886582.8691
2577,1597901568,0,-8.269,1.3176,-6.345,-1.8583,-5.6709,-0.5239,1739364886592.8706
2578,1765673728,0,-8.5224,1.3638,-6.2128,-1.8862,-5.9147,-0.544,1739364886602.872
2579,1933445888,0,-8.8448,1.41,-6.2128,-1.9513,-6.2127,-0.5507,1739364886612.8735
2580,2101218048,0,-9.2364,1.5025,-6.2128,-2.0349,-6.601,-0.5776,1739364886622.8752
2581,2268990208,0,-9.674,1.5256,-6.2128,-2.0442,-6.9441,-0.5978,1739364886632.8767
2582,2436762368,0,-10.1117,1.6412,-6.0806,-2.1371,-7.3595,-0.6313,1739364886642.8782
2583,2604534528,0,-10.4802,1.595,-6.2128,-2.0906,-7.6666,-0.6582,1739364886652.8796
2584,2772306688,0,-10.8487,1.6412,-6.2128,-2.0721,-8.0187,-0.6918,1739364886662.881
2585,2940078848,0,-11.056,1.595,-6.2128,-2.007,-8.2084,-0.7119,1739364886672.8826
2586,3107851008,0,-11.2403,1.5718,-6.2128,-1.9791,-8.4251,-0.7321,1739364886682.884
2587,3275623168,0,-11.3324,1.5256,-6.0806,-1.9513,-8.5335,-0.7455,1739364886692.8857
2588,3443395328,0,-11.3785,1.5487,-5.9484,-1.942,-8.5876,-0.7388,1739364886702.8872
2589,3611167488,0,-11.3785,1.5256,-6.0806,-1.942,-8.6238,-0.7388,1739364886712.8887
2590,3778939648,0,-11.1712,1.4563,-6.0806,-1.9141,-8.4973,-0.7388,1739364886722.8901
2591,3946711808,0,-11.1482,1.5025,-6.0806,-1.9327,-8.4161,-0.7254,1739364886732.8916
2592,4114483968,0,-11.01,1.4794,-6.0806,-1.9141,-8.2896,-0.7187,1739364886742.893
2593,4282256128,0,-10.7566,1.41,-6.2128,-1.8398,-8.0639,-0.6985,1739364886752.8945
2594,155126528,0,-10.6184,1.3638,-6.345,-1.8026,-7.9194,-0.6985,1739364886762.8962
2595,322898688,0,-10.5954,1.3407,-6.345,-1.7561,-7.8923,-0.6918,1739364886772.8977
2596,490670848,0,-10.5032,1.3176,-6.4771,-1.7375,-7.8743,-0.6985,1739364886782.8992
2597,658443008,0,-10.4572,1.2713,-6.4771,-1.6632,-7.8201,-0.6918,1739364886792.9006
2598,826215168,0,-10.342,1.202,-6.4771,-1.6075,-7.7117,-0.6918,1739364886802.902
2599,993987328,0,-10.2729,1.1789,-6.4771,-1.5517,-7.6666,-0.6918,1739364886812.9036
2600,1161759488,0,-10.2729,1.1326,-6.345,-1.5238,-7.6485,-0.6851,1739364886822.905
2601,1329531648,0,-10.1347,1.1326,-6.345,-1.5238,-7.5763,-0.6784,1739364886832.9067
2602,1497303808,0,-9.9735,1.1326,-6.2128,-1.5331,-7.4318,-0.6582,1739364886842.9082
2603,1665075968,0,-9.8353,1.1558,-6.2128,-1.5889,-7.2963,-0.6313,1739364886852.9097
2604,1832848128,0,-9.6971,1.1326,-6.345,-1.626,-7.206,-0.591,1739364886862.9111
2605,2000620288,0,-9.4898,1.1326,-6.2128,-1.6446,-7.0706,-0.5709,1739364886872.9126
2606,2168392448,0,-9.3285,1.0864,-6.2128,-1.6353,-6.908,-0.544,1739364886882.914
2607,2336164608,0,-9.2134,1.0864,-6.345,-1.6725,-6.7997,-0.5306,1739364886892.9158
2608,2503936768,0,-9.0521,1.1326,-6.345,-1.7004,-6.7094,-0.5172,1739364886902.9172
2609,2671708928,0,-8.9139,1.1095,-6.2128,-1.6725,-6.5378,-0.4903,1739364886912.9187
2610,2839481088,0,-8.8679,1.0633,-6.0806,-1.6725,-6.4926,-0.4701,1739364886922.9202
2611,3007253248,0,-8.8448,1.0864,-5.9484,-1.6911,-6.5017,-0.4634,1739364886932.9216
2612,3175025408,0,-8.7757,1.1095,-6.0806,-1.7468,-6.4475,-0.4701,1739364886942.923
2613,3342797568,0,-8.6145,1.1558,-5.9484,-1.7747,-6.2849,-0.4634,1739364886952.9246
2614,3510569728,0,-8.3841,1.1789,-5.9484,-1.7933,-6.0772,-0.4567,1739364886962.9263
2615,3678341888,0,-8.1768,1.1558,-5.9484,-1.8119,-5.9237,-0.45,1739364886972.9277
2616,3846114048,0,-7.9465,1.1326,-5.8162,-1.8026,-5.7341,-0.4433,1739364886982.9292
2617,4013886208,0,-7.6701,1.1095,-5.8162,-1.7933,-5.5354,-0.4298,1739364886992.9307
2618,4181658368,0,-7.3707,1.0864,-5.8162,-1.7933,-5.3187,-0.4298,1739364887002.9321
2619,54528768,0,-7.0943,1.1095,-5.684,-1.8212,-5.111,-0.4164,1739364887012.9336
2620,222300928,0,-6.7948,1.1095,-5.684,-1.8769,-4.9304,-0.3761,1739364887022.935
2621,390073088,0,-6.6106,1.1095,-5.8162,-1.8769,-4.7679,-0.3627,1739364887032.9368
2622,557845248,0,-6.3802,1.0864,-6.0806,-1.8769,-4.6144,-0.3425,1739364887042.9382
2623,725617408,0,-6.196,1.1095,-6.0806,-1.9234,-4.515,-0.3291,1739364887052.9397
2624,893389568,0,-6.0578,1.1095,-6.2128,-1.9606,-4.4247,-0.3089,1739364887062.9412
2625,1061161728,0,-5.8965,1.1095,-6.0806,-1.9698,-4.2712,-0.2821,1739364887072.9426
2626,1228933888,0,-5.6662,1.1558,-6.2128,-2.0163,-4.1719,-0.2686,1739364887082.944
2627,1396706048,0,-5.4128,1.202,-6.2128,-2.0721,-4.0003,-0.2619,1739364887092.9456
2628,1564478208,0,-5.2286,1.2482,-5.9484,-2.1464,-3.8558,-0.2418,1739364887102.9473
2629,1732250368,0,-4.9982,1.3176,-6.0806,-2.2021,-3.6843,-0.2149,1739364887112.9487
2630,1900022528,0,-4.6758,1.2944,-5.9484,-2.2114,-3.4585,-0.1947,1739364887122.9502
2631,2067794688,0,-4.4685,1.2944,-5.9484,-2.2114,-3.2508,-0.1746,1739364887132.9517
2632,2235566848,0,-4.2842,1.2944,-5.9484,-2.2207,-3.1334,-0.1612,1739364887142.9531
2633,2403339008,0,-4.2151,1.2944,-6.0806,-2.2765,-3.0883,-0.1477,1739364887152.9546
2634,2571111168,0,-4.2151,1.3407,-5.9484,-2.3229,-3.0883,-0.141,1739364887162.956
2635,2738883328,0,-4.2612,1.4331,-6.0806,-2.388,-3.1605,-0.1343,1739364887172.9578
2636,2906655488,0,-4.2612,1.4331,-6.2128,-2.4066,-3.1695,-0.1276,1739364887182.9592
2637,3074427648,0,-4.3072,1.4563,-6.2128,-2.4159,-3.2237,-0.1276,1739364887192.9607
2638,3242199808,0,-4.4685,1.5487,-6.345,-2.4902,-3.3953,-0.141,1739364887202.9622
2639,3409971968,0,-4.6067,1.595,-6.345,-2.5088,-3.4766,-0.1477,1739364887212.9636
2640,3577744128,0,-4.6297,1.595,-6.2128,-2.5274,-3.5037,-0.1612,1739364887222.965
2641,3745516288,0,-4.6758,1.6412,-5.8162,-2.5645,-3.5578,-0.1813,1739364887232.9666
2642,3913288448,0,-4.7218,1.6181,-5.9484,-2.5645,-3.603,-0.188,1739364887242.9683
2643,4081060608,0,-4.7449,1.6181,-5.8162,-2.5088,-3.6391,-0.1947,1739364887252.9697
2644,4248832768,0,-4.7449,1.595,-5.8162,-2.4809,-3.621,-0.2082,1739364887262.9712
2645,121703168,0,-4.7909,1.595,-5.684,-2.4902,-3.6481,-0.2082,1739364887272.9727
2646,289475328,0,-4.837,1.6181,-5.684,-2.4716,-3.6933,-0.2015,1739364887282.974
2647,457247488,0,-4.8831,1.595,-5.5518,-2.4344,-3.7294,-0.2149,1739364887292.9756
2648,625019648,0,-4.8831,1.5718,-5.5518,-2.453,-3.6933,-0.2216,1739364887302.977
2649,792791808,0,-4.86,1.595,-5.684,-2.4623,-3.6933,-0.2149,1739364887312.9788
2650,960563968,0,-4.86,1.595,-5.684,-2.4623,-3.6933,-0.2149,1739364887322.9802
2651,1128336128,0,-4.9291,1.595,-5.684,-2.4251,-3.7475,-0.2149,1739364887332.9817
2652,1296108288,0,-5.0213,1.5718,-5.684,-2.388,-3.8287,-0.2149,1739364887342.9832
2653,1463880448,0,-5.0673,1.5256,-5.684,-2.3415,-3.8558,-0.2082,1739364887352.9846
2654,1631652608,0,-5.0904,1.5256,-5.5518,-2.3044,-3.8558,-0.2149,1739364887362.986
2655,1799424768,0,-5.1364,1.5718,-5.4196,-2.3694,-3.91,-0.2015,1739364887372.9875
2656,1967196928,0,-5.0673,1.5487,-5.5518,-2.3508,-3.8829,-0.2015,1739364887382.9893
2657,2134969088,0,-5.0443,1.4794,-5.5518,-2.2765,-3.8197,-0.2015,1739364887392.9907
2658,2302741248,0,-5.1134,1.4331,-5.5518,-2.23,-3.8829,-0.1947,1739364887402.9922
2659,2470513408,0,-5.3437,1.4563,-5.5518,-2.2486,-4.0635,-0.2082,1739364887412.9937
2660,2638285568,0,-5.551,1.4794,-5.684,-2.2579,-4.217,-0.2216,1739364887422.995
2661,2806057728,0,-5.7123,1.4794,-5.684,-2.2393,-4.3254,-0.2418,1739364887432.9966
2662,2973829888,0,-5.9426,1.5256,-5.5518,-2.23,-4.4608,-0.2552,1739364887442.998
2663,3141602048,0,-6.1729,1.5487,-5.684,-2.2672,-4.6234,-0.2619,1739364887452.9998
2664,3309374208,0,-6.4954,1.5718,-5.684,-2.2579,-4.8672,-0.2686,1739364887463.0012
2665,3477146368,0,-6.8409,1.6181,-5.8162,-2.2393,-5.0749,-0.2888,1739364887473.0027
2666,3644918528,0,-7.0252,1.6181,-5.684,-2.2486,-5.2194,-0.3022,1739364887483.0042
2667,3812690688,0,-7.1864,1.6181,-5.8162,-2.2486,-5.3007,-0.3156,1739364887493.0056
2668,3980462848,0,-7.3246,1.6181,-5.684,-2.2207,-5.3368,-0.3358,1739364887503.007
2669,4148235008,0,-7.5089,1.6181,-5.684,-2.2021,-5.409,-0.3492,1739364887513.0088
2670,21105408,0,-7.7162,1.6412,-5.5518,-2.2021,-5.5445,-0.3694,1739364887523.0103
2671,188877568,0,-7.8313,1.6874,-5.5518,-2.1836,-5.5806,-0.3895,1739364887533.0117
2672,356649728,0,-8.0156,1.7568,-5.5518,-2.2672,-5.689,-0.3963,1739364887543.0132
2673,524421888,0,-8.1538,1.8261,-5.684,-2.3229,-5.7522,-0.3963,1739364887553.0146
2674,692194048,0,-8.3381,1.8492,-5.684,-2.3229,-5.8244,-0.3963,1739364887563.016
2675,859966208,0,-8.4532,1.8492,-5.684,-2.3322,-5.8966,-0.4097,1739364887573.0176
2676,1027738368,0,-8.4763,1.8261,-5.8162,-2.3044,-5.8605,-0.4164,1739364887583.0193
2677,1195510528,0,-8.5684,1.9186,-5.9484,-2.3508,-5.8876,-0.4298,1739364887593.0208
2678,1363282688,0,-8.5684,1.9417,-5.9484,-2.3694,-5.8244,-0.4231,1739364887603.0222
2679,1531054848,0,-8.5224,1.9186,-5.8162,-2.3415,-5.7431,-0.4164,1739364887613.0237
2680,1698827008,0,-8.4993,1.8955,-5.8162,-2.3322,-5.698,-0.4231,1739364887623.0251
2681,1866599168,0,-8.3611,1.803,-5.8162,-2.2486,-5.5625,-0.4097,1739364887633.0266
2682,2034371328,0,-8.292,1.7799,-5.9484,-2.2393,-5.4722,-0.4164,1739364887643.028
2683,2202143488,0,-8.1538,1.8261,-5.9484,-2.23,-5.3729,-0.4298,1739364887653.0298
2684,2369915648,0,-7.9926,1.803,-5.9484,-2.1929,-5.2194,-0.4366,1739364887663.0312
2685,2537687808,0,-7.7853,1.7337,-6.0806,-2.1743,-5.0297,-0.4231,1739364887673.0327
2686,2705459968,0,-7.624,1.6874,-6.2128,-2.1278,-4.9033,-0.4231,1739364887683.0342
2687,2873232128,0,-7.624,1.6412,-6.2128,-2.0999,-4.8762,-0.4097,1739364887693.0356
2688,3041004288,0,-7.5549,1.6181,-6.345,-2.0813,-4.8311,-0.4097,1739364887703.037
2689,3208776448,0,-7.4628,1.6181,-6.345,-2.0999,-4.795,-0.3963,1739364887713.0386
2690,3376548608,0,-7.4628,1.6181,-6.4771,-2.1092,-4.7769,-0.3828,1739364887723.0403
2691,3544320768,0,-7.3937,1.6412,-6.4771,-2.0906,-4.7318,-0.3828,1739364887733.0417
2692,3712092928,0,-7.3246,1.5718,-6.6093,-2.0906,-4.6776,-0.3694,1739364887743.0432
2693,3879865088,0,-7.2325,1.5487,-6.6093,-2.0813,-4.6144,-0.3627,1739364887753.0447
2694,4047637248,0,-7.1634,1.5487,-6.6093,-2.0813,-4.5692,-0.3559,1739364887763.0461
2695,4215409408,0,-7.0712,1.5718,-6.4771,-2.0906,-4.497,-0.3425,1739364887773.0476
2696,88279808,0,-6.91,1.5718,-6.6093,-2.0906,-4.4067,-0.3425,1739364887783.049
2697,256051968,0,-6.91,1.5256,-6.6093,-2.0535,-4.3525,-0.3425,1739364887793.0508
2698,423824128,0,-6.91,1.5487,-6.7415,-2.0721,-4.3615,-0.3559,1739364887803.0522
2699,591596288,0,-6.8179,1.595,-6.7415,-2.0999,-4.3164,-0.3627,1739364887813.0537
2700,759368448,0,-6.6797,1.6181,-6.7415,-2.1185,-4.1809,-0.3559,1739364887823.0552
2701,927140608,0,-6.6797,1.5718,-6.8737,-2.0999,-4.1538,-0.3425,1739364887833.0566
2702,1094912768,0,-6.7718,1.5718,-6.7415,-2.1185,-4.208,-0.3358,1739364887843.058
2703,1262684928,0,-6.8179,1.6412,-6.6093,-2.1464,-4.2441,-0.3291,1739364887853.0596
2704,1430457088,0,-6.7948,1.6181,-6.6093,-2.1464,-4.2261,-0.3492,1739364887863.0613
2705,1598229248,0,-6.6797,1.595,-6.4771,-2.1464,-4.1629,-0.3559,1739364887873.0627
2706,1766001408,0,-6.4954,1.595,-6.6093,-2.1557,-4.0906,-0.3694,1739364887883.0642
2707,1933773568,0,-6.4033,1.5487,-6.4771,-2.1278,-4.0274,-0.3828,1739364887893.0657
2708,2101545728,0,-6.219,1.4331,-6.4771,-2.0349,-3.9281,-0.403,1739364887903.0671
2709,2269317888,0,-6.0578,1.3407,-6.4771,-1.942,-3.8287,-0.4366,1739364887913.0686
2710,2437090048,0,-5.8735,1.2944,-6.4771,-1.9048,-3.7475,-0.4769,1739364887923.07
2711,2604862208,0,-5.7353,1.3638,-6.345,-1.9048,-3.6843,-0.5104,1739364887933.0718
2712,2772634368,0,-5.7353,1.3176,-6.345,-1.8676,-3.7113,-0.544,1739364887943.0732
2713,2940406528,0,-5.6892,1.1789,-6.345,-1.7561,-3.7746,-0.5843,1739364887953.0747
2714,3108178688,0,-5.6201,1.0864,-6.345,-1.6632,-3.7836,-0.6246,1739364887963.0762
2715,3275950848,0,-5.505,1.1326,-6.345,-1.6632,-3.7746,-0.6649,1739364887973.0776
2716,3443723008,0,-5.4128,1.0633,-6.345,-1.5982,-3.7926,-0.7052,1739364887983.079
2717,3611495168,0,-5.3668,1.0402,-6.2128,-1.561,-3.8197,-0.7455,1739364887993.0806
2718,3779267328,0,-5.3437,0.9246,-6.2128,-1.4867,-3.8558,-0.7858,1739364888003.0823
2719,3947039488,0,-5.2977,0.9246,-6.0806,-1.496,-3.8919,-0.8194,1739364888013.0837
2720,4114811648,0,-5.2516,0.8552,-5.9484,-1.4309,-3.9552,-0.8396,1739364888023.0852
2721,4282583808,0,-5.1595,0.9015,-5.8162,-1.4681,-3.9642,-0.8866,1739364888033.0867
2722,155454208,0,-5.0673,0.8784,-5.9484,-1.4495,-3.9552,-0.9135,1739364888043.0881
2723,323226368,0,-4.9291,0.8552,-5.8162,-1.4867,-3.919,-0.9403,1739364888053.0896
2724,490998528,0,-4.86,0.7859,-5.684,-1.4495,-3.9732,-0.9739,1739364888063.091
2725,658770688,0,-4.837,0.8784,-5.684,-1.5145,-4.0364,-1.0142,1739364888073.0928
2726,826542848,0,-4.8831,0.8552,-5.8162,-1.5238,-4.1538,-1.0344,1739364888083.0942
2727,994315008,0,-4.9291,0.9015,-5.8162,-1.5796,-4.2261,-1.0747,1739364888093.0957
2728,1162087168,0,-5.0213,0.8784,-5.684,-1.561,-4.3796,-1.1015,1739364888103.0972
2729,1329859328,0,-5.1825,0.9015,-5.5518,-1.561,-4.5602,-1.1485,1739364888113.0986
2730,1497631488,0,-5.3207,0.9015,-5.684,-1.561,-4.7318,-1.1889,1739364888123.1
2731,1665403648,0,-5.4819,0.9015,-5.4196,-1.561,-4.8853,-1.209,1739364888133.1016
2732,1833175808,0,-5.6432,0.9939,-5.5518,-1.5982,-5.0478,-1.2359,1739364888143.1033
2733,2000947968,0,-5.6892,1.0402,-5.2875,-1.6632,-5.1291,-1.2493,1739364888153.1047
2734,2168720128,0,-5.8044,1.0171,-5.1553,-1.6725,-5.2104,-1.2493,1739364888163.1062
2735,2336492288,0,-5.8735,0.9477,-5.2875,-1.6167,-5.2736,-1.256,1739364888173.1077
2736,2504264448,0,-5.8505,0.9477,-5.1553,-1.5796,-5.2826,-1.2695,1739364888183.1091
2737,2672036608,0,-5.8505,0.9477,-5.1553,-1.5982,-5.3007,-1.2762,1739364888193.1106
2738,2839808768,0,-5.8735,0.9246,-5.1553,-1.5703,-5.3187,-1.2829,1739364888203.1123
2739,3007580928,0,-5.9656,0.809,-5.1553,-1.496,-5.3639,-1.2829,1739364888213.1138
2740,3175353088,0,-6.0347,0.7397,-4.8909,-1.403,-5.409,-1.2829,1739364888223.1152
2741,3343125248,0,-6.1269,0.7165,-4.8909,-1.3659,-5.4903,-1.2829,1739364888233.1167
2742,3510897408,0,-6.219,0.7165,-5.0231,-1.3194,-5.5716,-1.2829,1739364888243.1182
2743,3678669568,0,-6.219,0.6703,-5.0231,-1.2915,-5.5806,-1.2963,1739364888253.1196
2744,3846441728,0,-6.196,0.6472,-5.0231,-1.2822,-5.5535,-1.2963,1739364888263.121
2745,4014213888,0,-6.1499,0.6703,-5.0231,-1.2729,-5.4813,-1.2762,1739364888273.1228
2746,4181986048,0,-6.0578,0.5547,-5.0231,-1.1893,-5.4,-1.2627,1739364888283.1243
2747,54856448,0,-6.0347,0.4623,-4.8909,-1.1336,-5.3548,-1.256,1739364888293.1257
2748,222628608,0,-6.0578,0.5316,-4.8909,-1.18,-5.3458,-1.2493,1739364888303.1272
2749,390400768,0,-6.0347,0.5547,-4.8909,-1.2172,-5.3277,-1.2359,1739364888313.1287
2750,558172928,0,-5.9656,0.5316,-4.8909,-1.1893,-5.2374,-1.209,1739364888323.1301
2751,725945088,0,-5.8735,0.5316,-4.8909,-1.1986,-5.1833,-1.2023,1739364888333.1316
2752,893717248,0,-5.8735,0.5085,-4.8909,-1.1893,-5.2104,-1.1889,1739364888343.1333
2753,1061489408,0,-5.8274,0.4854,-5.0231,-1.1614,-5.2013,-1.1821,1739364888353.1348
2754,1229261568,0,-5.8044,0.4623,-5.1553,-1.1522,-5.1833,-1.1754,1739364888363.1362
2755,1397033728,0,-5.8505,0.5085,-5.1553,-1.2079,-5.2104,-1.1687,1739364888373.1377
2756,1564805888,0,-5.9426,0.5779,-5.0231,-1.2637,-5.2736,-1.162,1739364888383.1392
2757,1732578048,0,-6.0808,0.6241,-4.8909,-1.3194,-5.3548,-1.1485,1739364888393.1406
2758,1900350208,0,-6.1269,0.6934,-4.8909,-1.3937,-5.3819,-1.1485,1739364888403.142
2759,2068122368,0,-6.1499,0.7859,-5.0231,-1.4867,-5.3819,-1.1284,1739364888413.1438
2760,2235894528,0,-6.0808,0.9015,-4.7587,-1.6075,-5.3639,-1.1015,1739364888423.1453
2761,2403666688,0,-6.0117,0.9708,-4.6265,-1.7283,-5.3368,-1.0747,1739364888433.1467
2762,2571438848,0,-5.9656,1.0633,-4.6265,-1.8769,-5.3007,-1.0411,1739364888443.1482
2763,2739211008,0,-5.8965,1.0864,-4.6265,-1.9327,-5.2826,-1.0075,1739364888453.1497
2764,2906983168,0,-5.8505,1.1326,-4.4943,-2.007,-5.2736,-0.9739,1739364888463.1511
2765,3074755328,0,-5.8735,1.2482,-4.3621,-2.1464,-5.2826,-0.9403,1739364888473.1526
2766,3242527488,0,-5.9196,1.3407,-4.3621,-2.2951,-5.3548,-0.9135,1739364888483.1543
2767,3410299648,0,-5.8965,1.3638,-4.4943,-2.3136,-5.391,-0.8597,1739364888493.1558
2768,3578071808,0,-5.8044,1.3869,-4.4943,-2.3973,-5.3277,-0.8127,1739364888503.1572
2769,3745843968,0,-5.7814,1.4563,-4.3621,-2.4902,-5.3548,-0.7657,1739364888513.1587
2770,3913616128,0,-5.8735,1.5256,-4.3621,-2.6389,-5.4903,-0.7388,1739364888523.1602
2771,4081388288,0,-5.9426,1.5718,-4.4943,-2.6946,-5.6077,-0.7119,1739364888533.1616
2772,4249160448,0,-5.9196,1.6643,-4.4943,-2.8061,-5.6438,-0.6716,1739364888543.163
2773,122030848,0,-5.8965,1.7337,-4.3621,-2.9176,-5.6528,-0.6313,1739364888553.1648
2774,289803008,0,-5.8505,1.7568,-4.23,-2.992,-5.6799,-0.591,1739364888563.1663
2775,457575168,0,-5.7583,1.7799,-4.0978,-3.0384,-5.6528,-0.5575,1739364888573.1677
2776,625347328,0,-5.6662,1.8492,-4.0978,-3.122,-5.6619,-0.5306,1739364888583.1692
2777,793119488,0,-5.551,1.8492,-4.0978,-3.1313,-5.6077,-0.497,1739364888593.1707
2778,960891648,0,-5.4819,1.8723,-4.0978,-3.2243,-5.6077,-0.4634,1739364888603.172
2779,1128663808,0,-5.4819,1.8723,-4.0978,-3.2614,-5.6709,-0.4231,1739364888613.1736
2780,1296435968,0,-5.4359,1.8955,-4.0978,-3.28,-5.689,-0.3895,1739364888623.1753
2781,1464208128,0,-5.4359,1.8955,-4.0978,-3.2986,-5.716,-0.3492,1739364888633.1768
2782,1631980288,0,-5.4128,1.9186,-4.0978,-3.3543,-5.7431,-0.3224,1739364888643.1782
2783,1799752448,0,-5.3668,1.9417,-4.0978,-3.3822,-5.7431,-0.2888,1739364888653.1797
2784,1967524608,0,-5.4589,1.8492,-4.23,-3.3451,-5.8244,-0.2619,1739364888663.1812
2785,2135296768,0,-5.505,1.8723,-4.0978,-3.3543,-5.9057,-0.2418,1739364888673.1826
2786,2303068928,0,-5.505,1.8492,-4.0978,-3.3265,-5.9328,-0.2149,1739364888683.184
2787,2470841088,0,-5.4589,1.8492,-4.23,-3.3636,-5.9147,-0.1947,1739364888693.1858
2788,2638613248,0,-5.3898,1.8261,-4.23,-3.3451,-5.8696,-0.1947,1739364888703.1873
2789,2806385408,0,-5.2977,1.8492,-4.23,-3.3729,-5.8244,-0.1813,1739364888713.1887
2790,2974157568,0,-5.2746,1.7799,-4.0978,-3.3079,-5.7793,-0.1679,1739364888723.1902
2791,3141929728,0,-5.2055,1.8261,-4.23,-3.3451,-5.7431,-0.1679,1739364888733.1917
2792,3309701888,0,-5.2055,1.8955,-4.23,-3.4101,-5.716,-0.1544,1739364888743.193
2793,3477474048,0,-5.2286,1.8723,-4.0978,-3.4101,-5.7612,-0.1544,1739364888753.1946
2794,3645246208,0,-5.2516,1.8955,-3.9656,-3.438,-5.7973,-0.1612,1739364888763.1963
2795,3813018368,0,-5.2746,1.9879,-4.0978,-3.4658,-5.8063,-0.1612,1739364888773.1978
2796,3980790528,0,-5.1825,2.011,-4.0978,-3.5495,-5.7973,-0.1746,1739364888783.1992
2797,4148562688,0,-5.1825,1.9879,-3.9656,-3.5402,-5.8063,-0.1746,1739364888793.2007
2798,21433088,0,-5.2516,2.011,-3.9656,-3.5495,-5.8063,-0.1679,1739364888803.2021
2799,189205248,0,-5.3437,2.0573,-3.9656,-3.5866,-5.8425,-0.1612,1739364888813.2036
2800,356977408,0,-5.3668,2.0342,-3.9656,-3.5866,-5.8786,-0.1813,1739364888823.2053
2801,524749568,0,-5.3668,2.0342,-3.9656,-3.5959,-5.8966,-0.1813,1739364888833.2068
2802,692521728,0,-5.3668,2.0573,-3.9656,-3.6238,-5.8966,-0.188,1739364888843.2083
2803,860293888,0,-5.3898,2.0804,-3.9656,-3.6238,-5.9328,-0.1947,1739364888853.2097
2804,1028066048,0,-5.4589,2.0573,-3.9656,-3.5959,-5.9869,-0.2015,1739364888863.2112
2805,1195838208,0,-5.5741,2.0804,-3.8334,-3.5866,-6.0502,-0.2082,1739364888873.2126
2806,1363610368,0,-5.6201,2.0342,-3.9656,-3.5774,-6.1224,-0.2216,1739364888883.214
2807,1531382528,0,-5.6892,2.0804,-3.9656,-3.5774,-6.1675,-0.2283,1739364888893.2158
2808,1699154688,0,-5.7353,2.1035,-3.8334,-3.6052,-6.2037,-0.235,1739364888903.2173
2809,1866926848,0,-5.8274,2.1035,-3.8334,-3.5959,-6.294,-0.2149,1739364888913.2188
2810,2034699008,0,-5.8274,1.9648,-3.8334,-3.4937,-6.312,-0.235,1739364888923.2202
2811,2202471168,0,-5.7583,1.8955,-3.8334,-3.4194,-6.2579,-0.2485,1739364888933.2217
2812,2370243328,0,-5.7583,1.8955,-3.8334,-3.4008,-6.2398,-0.2552,1739364888943.2231
2813,2538015488,0,-5.7583,1.8723,-3.9656,-3.3729,-6.2669,-0.2753,1739364888953.2246
2814,2705787648,0,-5.8274,1.803,-4.0978,-3.2986,-6.3301,-0.2821,1739364888963.2263
2815,2873559808,0,-5.9426,1.7568,-4.0978,-3.2243,-6.3933,-0.3089,1739364888973.2278
2816,3041331968,0,-5.9887,1.6874,-4.0978,-3.1592,-6.4475,-0.3358,1739364888983.2292
2817,3209104128,0,-6.0578,1.6181,-4.0978,-3.0384,-6.4655,-0.3627,1739364888993.2307
2818,3376876288,0,-6.0578,1.5025,-4.0978,-2.9455,-6.4655,-0.3895,1739364889003.2322
2819,3544648448,0,-6.1038,1.4331,-4.0978,-2.8154,-6.4836,-0.4231,1739364889013.2336
2820,3712420608,0,-6.1269,1.41,-4.0978,-2.7411,-6.4565,-0.4701,1739364889023.235
2821,3880192768,0,-6.0578,1.3869,-4.0978,-2.7132,-6.4204,-0.497,1739364889033.2368
2822,4047964928,0,-6.0347,1.3407,-4.23,-2.6203,-6.3662,-0.5239,1739364889043.2383
2823,4215737088,0,-6.0808,1.2713,-4.23,-2.5367,-6.3211,-0.5507,1739364889053.2397
2824,88607488,0,-6.196,1.2251,-4.0978,-2.4623,-6.3662,-0.5978,1739364889063.2412
2825,256379648,0,-6.2651,1.202,-4.23,-2.4159,-6.4023,-0.6448,1739364889073.2427
2826,424151808,0,-6.219,1.1095,-4.3621,-2.2951,-6.3391,-0.6918,1739364889083.2441
2827,591923968,0,-6.196,1.1095,-4.4943,-2.23,-6.2579,-0.7321,1739364889093.2456
2828,759696128,0,-6.242,1.0864,-4.6265,-2.1743,-6.2759,-0.7791,1739364889103.2473
2829,927468288,0,-6.219,1.0633,-4.6265,-2.1092,-6.2398,-0.8194,1739364889113.2488
2830,1095240448,0,-6.1729,0.9708,-4.6265,-1.9977,-6.1856,-0.8597,1739364889123.2502
2831,1263012608,0,-6.1269,0.9015,-4.7587,-1.9141,-6.0953,-0.9067,1739364889133.2517
2832,1430784768,0,-6.0347,0.8784,-4.6265,-1.8955,-5.9508,-0.9336,1739364889143.2532
2833,1598556928,0,-5.9656,0.8784,-4.6265,-1.8955,-5.8786,-0.9739,1739364889153.2546
2834,1766329088,0,-5.9196,0.7628,-4.6265,-1.7933,-5.7883,-1.0075,1739364889163.256
2835,1934101248,0,-5.8735,0.7165,-4.7587,-1.7375,-5.6799,-1.0344,1739364889173.2578
2836,2101873408,0,-5.8735,0.7628,-4.6265,-1.7097,-5.6709,-1.0612,1739364889183.2593
2837,2269645568,0,-5.9426,0.7165,-4.6265,-1.6632,-5.6438,-1.0948,1739364889193.2607
2838,2437417728,0,-5.9426,0.6703,-4.7587,-1.5982,-5.6438,-1.1217,1739364889203.2622
2839,2605189888,0,-5.9426,0.601,-4.7587,-1.5145,-5.6257,-1.1553,1739364889213.2637
2840,2772962048,0,-5.9656,0.6241,-4.7587,-1.4774,-5.6077,-1.1754,1739364889223.2651
2841,2940734208,0,-5.9887,0.601,-4.6265,-1.4495,-5.5806,-1.2023,1739364889233.2666
2842,3108506368,0,-6.0347,0.5316,-4.6265,-1.3659,-5.6077,-1.2292,1739364889243.2683
2843,3276278528,0,-6.0347,0.5316,-4.6265,-1.3101,-5.5986,-1.2627,1739364889253.2698
2844,3444050688,0,-5.9656,0.5547,-4.6265,-1.3101,-5.5264,-1.2762,1739364889263.2712
2845,3611822848,0,-5.9656,0.4854,-4.4943,-1.2358,-5.4722,-1.2762,1739364889273.2727
2846,3779595008,0,-5.9887,0.4392,-4.4943,-1.1707,-5.4993,-1.2896,1739364889283.2742
2847,3947367168,0,-6.1269,0.4854,-4.6265,-1.2265,-5.6077,-1.2963,1739364889293.2756
2848,4115139328,0,-6.196,0.4854,-4.7587,-1.2265,-5.6528,-1.2963,1739364889303.277
2849,4282911488,0,-6.1499,0.416,-4.7587,-1.1707,-5.5806,-1.2829,1739364889313.2788
2850,155781888,0,-6.1038,0.3236,-4.7587,-1.1057,-5.5264,-1.2762,1739364889323.2803
2851,323554048,0,-6.0578,0.3467,-4.7587,-1.1429,-5.5174,-1.2762,1739364889333.2817
2852,491326208,0,-6.0808,0.3698,-4.8909,-1.1893,-5.5264,-1.2627,1739364889343.2832
2853,659098368,0,-6.0347,0.3005,-4.8909,-1.1336,-5.4632,-1.256,1739364889353.2847
2854,826870528,0,-5.9656,0.3005,-5.0231,-1.1336,-5.409,-1.2426,1739364889363.2861
2855,994642688,0,-5.8965,0.3236,-4.8909,-1.1336,-5.3458,-1.2292,1739364889373.2876
2856,1162414848,0,-5.8505,0.3005,-4.8909,-1.1429,-5.3007,-1.2157,1739364889383.2893
2857,1330187008,0,-5.7814,0.3005,-4.7587,-1.1243,-5.2374,-1.2023,1739364889393.2908
2858,1497959168,0,-5.6662,0.2773,-4.8909,-1.0964,-5.1471,-1.1889,1739364889403.2922
2859,1665731328,0,-5.5971,0.2542,-4.8909,-1.1243,-5.0568,-1.1687,1739364889413.2937
2860,1833503488,0,-5.5971,0.2542,-4.8909,-1.115,-5.0478,-1.162,1739364889423.2952
2861,2001275648,0,-5.5741,0.2542,-5.0231,-1.1243,-5.0388,-1.162,1739364889433.2966
2862,2169047808,0,-5.3898,0.2311,-5.0231,-1.0964,-4.8943,-1.1418,1739364889443.298
2863,2336819968,0,-5.2746,0.208,-5.0231,-1.0406,-4.7588,-1.1284,1739364889453.2998
2864,2504592128,0,-5.2746,0.1849,-4.8909,-1.0314,-4.7408,-1.1217,1739364889463.3013
2865,2672364288,0,-5.3207,0.208,-5.0231,-1.0314,-4.804,-1.1284,1739364889473.3027
2866,2840136448,0,-5.3437,0.2311,-4.8909,-1.0406,-4.8672,-1.1485,1739364889483.3042
2867,3007908608,0,-5.4359,0.2542,-4.7587,-1.0778,-4.9575,-1.1485,1739364889493.3057
2868,3175680768,0,-5.6201,0.3236,-4.8909,-1.1522,-5.111,-1.1485,1739364889503.3071
2869,3343452928,0,-5.7814,0.3698,-5.0231,-1.2079,-5.2555,-1.1553,1739364889513.3088
2870,3511225088,0,-5.8965,0.4392,-4.7587,-1.2822,-5.4,-1.1351,1739364889523.3103
2871,3678997248,0,-6.0578,0.4854,-4.6265,-1.3473,-5.5535,-1.1351,1739364889533.3118
2872,3846769408,0,-6.3111,0.5547,-4.6265,-1.4588,-5.8154,-1.1418,1739364889543.3132
2873,4014541568,0,-6.6106,0.6703,-4.3621,-1.561,-6.1585,-1.1418,1739364889553.3147
2874,4182313728,0,-6.8639,0.7397,-4.4943,-1.6075,-6.4385,-1.162,1739364889563.3162
2875,55184128,0,-7.1173,0.7628,-4.4943,-1.6539,-6.6913,-1.162,1739364889573.3176
2876,222956288,0,-7.3937,0.8784,-4.23,-1.7283,-6.9893,-1.1553,1739364889583.3193
2877,390728448,0,-7.578,0.9477,-4.23,-1.8119,-7.206,-1.1553,1739364889593.3208
2878,558500608,0,-7.8313,0.9708,-3.9656,-1.9048,-7.495,-1.162,1739364889603.3223
2879,726272768,0,-8.0386,0.9939,-3.8334,-1.9141,-7.7659,-1.1754,1739364889613.3237
2880,894044928,0,-8.1768,1.0171,-3.7012,-1.9327,-8.0007,-1.1821,1739364889623.3252
2881,1061817088,0,-8.3381,1.0633,-3.7012,-2.007,-8.1903,-1.1889,1739364889633.3267
2882,1229589248,0,-8.6375,1.1326,-3.4368,-2.0906,-8.5515,-1.1889,1739364889643.3281
2883,1397361408,0,-8.8218,1.0864,-3.569,-2.0442,-8.8314,-1.2023,1739364889653.3298
2884,1565133568,0,-8.9139,1.0171,-3.569,-1.9977,-9.0211,-1.2023,1739364889663.3313
2885,1732905728,0,-9.1212,1.1326,-3.569,-2.1185,-9.3191,-1.1956,1739364889673.3328
2886,1900677888,0,-9.2134,1.0633,-3.3046,-2.0813,-9.4906,-1.1956,1739364889683.3342
2887,2068450048,0,-9.4207,1.0864,-3.3046,-2.1464,-9.7525,-1.2023,1739364889693.3357
2888,2236222208,0,-9.5589,1.1558,-3.3046,-2.2207,-9.9963,-1.209,1739364889703.3372
2889,2403994368,0,-9.7662,1.1789,-3.3046,-2.2486,-10.2221,-1.1956,1739364889713.3386
2890,2571766528,0,-9.9965,1.2482,-3.0403,-2.3601,-10.5743,-1.2157,1739364889723.3403
2891,2739538688,0,-10.2268,1.2482,-3.0403,-2.3322,-10.8361,-1.2023,1739364889733.3418
2892,2907310848,0,-10.4111,1.3869,-2.9081,-2.4437,-11.0619,-1.209,1739364889743.3433
2893,3075083008,0,-10.4111,1.3407,-2.9081,-2.4809,-11.1612,-1.1889,1739364889753.3447
2894,3242855168,0,-10.4572,1.2944,-2.7759,-2.4995,-11.2696,-1.1754,1739364889763.3462
2895,3410627328,0,-10.5263,1.3407,-2.7759,-2.5831,-11.396,-1.1687,1739364889773.3477
2896,3578399488,0,-10.5723,1.3176,-2.9081,-2.611,-11.5766,-1.1687,1739364889783.349
2897,3746171648,0,-10.6645,1.3869,-2.6437,-2.6389,-11.7121,-1.162,1739364889793.3508
2898,3913943808,0,-10.7566,1.3638,-2.5115,-2.676,-11.8204,-1.1485,1739364889803.3523
2899,4081715968,0,-10.7796,1.3176,-2.5115,-2.6853,-11.8927,-1.1351,1739364889813.3538
2900,4249488128,0,-10.8257,1.3869,-2.5115,-2.769,-12.0101,-1.1284,1739364889823.3552
2901,122358528,0,-10.8027,1.4331,-2.3793,-2.8433,-12.0462,-1.1082,1739364889833.3567
2902,290130688,0,-10.7796,1.3869,-2.3793,-2.8247,-12.0101,-1.0881,1739364889843.3582
2903,457902848,0,-10.8027,1.3869,-2.3793,-2.8897,-12.0642,-1.0747,1739364889853.3596
2904,625675008,0,-10.7796,1.4563,-2.2471,-2.9548,-12.0552,-1.0478,1739364889863.3613
2905,793447168,0,-10.8487,1.5487,-2.115,-3.0663,-12.1365,-1.0411,1739364889873.3628
2906,961219328,0,-10.9178,1.4563,-1.9828,-3.0198,-12.2087,-1.0344,1739364889883.3643
2907,1128991488,0,-10.8948,1.4563,-1.8506,-2.992,-12.2178,-1.0411,1739364889893.3657
2908,1296763648,0,-10.7796,1.4563,-2.115,-2.992,-12.1094,-1.0276,1739364889903.3672
2909,1464535808,0,-10.8718,1.5025,-1.9828,-3.0384,-12.1275,-1.0142,1739364889913.3687
2910,1632307968,0,-10.9639,1.4331,-1.9828,-2.9827,-12.2268,-1.0008,1739364889923.37
2911,1800080128,0,-10.9178,1.4331,-1.9828,-2.9362,-12.1726,-0.9941,1739364889933.3718
2912,1967852288,0,-10.8027,1.4331,-1.9828,-2.9362,-12.0733,-0.9873,1739364889943.3733
2913,2135624448,0,-10.7796,1.41,-1.8506,-2.9083,-12.0101,-0.9806,1739364889953.3748
2914,2303396608,0,-10.7796,1.4331,-1.9828,-2.899,-12.0101,-0.9873,1739364889963.3762
2915,2471168768,0,-10.7566,1.4563,-1.9828,-2.899,-11.983,-0.9941,1739364889973.3777
2916,2638940928,0,-10.6645,1.4794,-2.115,-2.9176,-11.8566,-0.9873,1739364889983.3792
2917,2806713088,0,-10.5263,1.4794,-2.115,-2.8897,-11.7482,-0.9739,1739364889993.3806
2918,2974485248,0,-10.5723,1.4331,-2.115,-2.8805,-11.7211,-0.9605,1739364890003.3823
2919,3142257408,0,-10.6875,1.4563,-1.9828,-2.8805,-11.7843,-0.9739,1739364890013.3838
2920,3310029568,0,-10.8027,1.5025,-2.115,-2.9083,-11.8566,-0.9739,1739364890023.3853
2921,3477801728,0,-10.8487,1.5487,-2.115,-2.9455,-11.8656,-0.9739,1739364890033.3867
2922,3645573888,0,-10.8487,1.5718,-2.115,-2.9734,-11.8656,-0.9672,1739364890043.3882
2923,3813346048,0,-10.8487,1.6181,-2.115,-3.0105,-11.8475,-0.9605,1739364890053.3896
2924,3981118208,0,-10.8257,1.6412,-2.2471,-3.0384,-11.7933,-0.9538,1739364890063.391
2925,4148890368,0,-10.8487,1.6412,-2.115,-3.0663,-11.7662,-0.9336,1739364890073.3928
2926,21760768,0,-10.8487,1.6412,-1.9828,-3.0756,-11.7662,-0.9403,1739364890083.3943
2927,189532928,0,-10.8487,1.6412,-1.9828,-3.0477,-11.7933,-0.9403,1739364890093.3958
2928,357305088,0,-10.8027,1.6643,-2.115,-3.057,-11.7301,-0.947,1739364890103.3972
2929,525077248,0,-10.7566,1.7105,-2.115,-3.0756,-11.6669,-0.947,1739364890113.3987
2930,692849408,0,-10.6875,1.7337,-2.115,-3.1128,-11.5947,-0.9403,1739364890123.4001
2931,860621568,0,-10.5493,1.7337,-2.2471,-3.1128,-11.4683,-0.9336,1739364890133.4019
2932,1028393728,0,-10.4572,1.7568,-2.3793,-3.1499,-11.2967,-0.9135,1739364890143.4033
2933,1196165888,0,-10.365,1.8261,-2.5115,-3.2057,-11.1793,-0.8866,1739364890153.4048
2934,1363938048,0,-10.342,1.8723,-2.5115,-3.28,-11.08,-0.8597,1739364890163.4062
2935,1531710208,0,-10.2729,1.9417,-2.6437,-3.3543,-10.9445,-0.8329,1739364890173.4077
2936,1699482368,0,-10.1347,2.011,-2.7759,-3.4473,-10.7368,-0.7926,1739364890183.4092
2937,1867254528,0,-9.8583,2.0804,-2.9081,-3.4844,-10.3937,-0.7321,1739364890193.4106
2938,2035026688,0,-9.674,2.0573,-3.0403,-3.5123,-10.0595,-0.6784,1739364890203.4124
2939,2202798848,0,-9.5358,2.0342,-3.1725,-3.5309,-9.8157,-0.6112,1739364890213.4138
2940,2370571008,0,-9.3285,2.0573,-3.3046,-3.5123,-9.4997,-0.5575,1739364890223.4153
2941,2538343168,0,-9.0982,2.0804,-3.3046,-3.5959,-9.1656,-0.4903,1739364890233.4167
2942,2706115328,0,-8.8218,2.1035,-3.3046,-3.6145,-8.7682,-0.4164,1739364890243.4182
2943,2873887488,0,-8.5684,2.011,-3.4368,-3.5866,-8.3799,-0.3492,1739364890253.4197
2944,3041659648,0,-8.315,2.011,-3.569,-3.5774,-8.0278,-0.2753,1739364890263.4211
2945,3209431808,0,-8.0386,2.0342,-3.9656,-3.5959,-7.6756,-0.2216,1739364890273.4229
2946,3377203968,0,-7.8083,2.011,-4.0978,-3.6145,-7.3144,-0.1477,1739364890283.4243
2947,3544976128,0,-7.5319,2.1035,-4.23,-3.6796,-6.9351,-0.0738,1739364890293.4258
2948,3712748288,0,-7.3016,2.0804,-4.4943,-3.6981,-6.5739,-0.0067,1739364890303.4272
2949,3880520448,0,-7.0943,2.1266,-4.4943,-3.7446,-6.2488,0.0671,1739364890313.4287
2950,4048292608,0,-6.91,2.0804,-4.4943,-3.7353,-5.9508,0.1276,1739364890323.4302
2951,4216064768,0,-6.7027,2.1035,-4.6265,-3.7632,-5.6257,0.1813,1739364890333.4316
2952,88935168,0,-6.5875,2.1266,-4.8909,-3.7632,-5.4,0.235,1739364890343.4333
2953,256707328,0,-6.4954,2.1266,-4.8909,-3.7725,-5.2013,0.2753,1739364890353.4348
2954,424479488,0,-6.3802,2.1266,-5.0231,-3.7818,-4.9846,0.3224,1739364890363.4363
2955,592251648,0,-6.2881,2.1266,-5.1553,-3.7539,-4.7859,0.3761,1739364890373.4377
2956,760023808,0,-6.242,2.196,-5.0231,-3.8004,-4.6144,0.403,1739364890383.4392
2957,927795968,0,-6.196,2.2191,-5.0231,-3.8189,-4.5241,0.4433,1739364890393.4407
2958,1095568128,0,-6.242,2.2422,-5.1553,-3.8097,-4.4518,0.4769,1739364890403.4421
2959,1263340288,0,-6.196,2.2653,-5.1553,-3.8282,-4.3525,0.497,1739364890413.4438
2960,1431112448,0,-6.242,2.2422,-5.0231,-3.7911,-4.3164,0.5239,1739364890423.4453
2961,1598884608,0,-6.2881,2.2884,-5.0231,-3.8375,-4.3344,0.5306,1739364890433.4468
2962,1766656768,0,-6.3572,2.3578,-5.1553,-3.884,-4.3435,0.5373,1739364890443.4482
2963,1934428928,0,-6.4263,2.404,-5.1553,-3.9397,-4.3705,0.5575,1739364890453.4497
2964,2102201088,0,-6.4263,2.3347,-5.1553,-3.8933,-4.3435,0.544,1739364890463.4512
2965,2269973248,0,-6.5184,2.3578,-5.1553,-3.8747,-4.3796,0.544,1739364890473.4526
2966,2437745408,0,-6.7027,2.4734,-5.2875,-3.9676,-4.5512,0.5306,1739364890483.4543
2967,2605517568,0,-6.9561,2.5889,-5.0231,-4.0791,-4.7769,0.5239,1739364890493.4558
2968,2773289728,0,-7.0943,2.6352,-5.1553,-4.1256,-4.9394,0.5104,1739364890503.4573
2969,2941061888,0,-7.1403,2.6583,-5.1553,-4.1442,-4.9846,0.497,1739364890513.4587
2970,3108834048,0,-7.1634,2.7276,-5.1553,-4.1999,-5.0027,0.4903,1739364890523.4602
2971,3276606208,0,-7.2555,2.7508,-5.1553,-4.2557,-5.0839,0.4903,1739364890533.4617
2972,3444378368,0,-7.3476,2.7739,-4.7587,-4.265,-5.2013,0.4701,1739364890543.4631
2973,3612150528,0,-7.4167,2.797,-4.8909,-4.3021,-5.2736,0.4701,1739364890553.4648
2974,3779922688,0,-7.4628,2.8201,-4.8909,-4.3207,-5.3277,0.4634,1739364890563.4663
2975,3947694848,0,-7.4858,2.8432,-4.6265,-4.3207,-5.4,0.4366,1739364890573.4678
2976,4115467008,0,-7.5549,2.8432,-4.7587,-4.3114,-5.4451,0.4164,1739364890583.4692
2977,4283239168,0,-7.578,2.8432,-4.6265,-4.2928,-5.5174,0.3963,1739364890593.4707
2978,156109568,0,-7.601,2.797,-4.6265,-4.2278,-5.5264,0.3828,1739364890603.4722
2979,323881728,0,-7.5549,2.7276,-4.6265,-4.1627,-5.5264,0.3492,1739364890613.4736
2980,491653888,0,-7.624,2.7739,-4.4943,-4.1813,-5.5896,0.3425,1739364890623.4753
2981,659426048,0,-7.6701,2.797,-4.6265,-4.1999,-5.6619,0.3492,1739364890633.4768
2982,827198208,0,-7.601,2.7508,-4.7587,-4.1627,-5.6438,0.3492,1739364890643.4783
2983,994970368,0,-7.601,2.6814,-4.6265,-4.107,-5.6438,0.3425,1739364890653.4797
2984,1162742528,0,-7.6471,2.6814,-4.7587,-4.1163,-5.689,0.3358,1739364890663.4812
2985,1330514688,0,-7.6701,2.6583,-4.7587,-4.107,-5.689,0.3358,1739364890673.4827
2986,1498286848,0,-7.601,2.6121,-4.6265,-4.0605,-5.6348,0.3224,1739364890683.4841
2987,1666059008,0,-7.5319,2.5658,-4.6265,-4.0512,-5.5716,0.3089,1739364890693.4858
2988,1833831168,0,-7.4398,2.5196,-4.4943,-4.0048,-5.5174,0.2955,1739364890703.4873
2989,2001603328,0,-7.3707,2.4503,-4.6265,-3.949,-5.4632,0.2753,1739364890713.4888
2990,2169375488,0,-7.2785,2.3578,-4.7587,-3.8375,-5.418,0.2485,1739364890723.4902
2991,2337147648,0,-7.2094,2.2884,-4.7587,-3.7353,-5.3458,0.2149,1739364890733.4917
2992,2504919808,0,-7.0712,2.2653,-4.8909,-3.6889,-5.2013,0.1746,1739364890743.4932
2993,2672691968,0,-6.9561,2.2884,-4.6265,-3.6796,-5.0749,0.141,1739364890753.4946
2994,2840464128,0,-6.91,2.2191,-4.6265,-3.5774,-5.0207,0.1074,1739364890763.4963
2995,3008236288,0,-6.7948,2.1035,-4.8909,-3.4473,-4.9394,0.0671,1739364890773.4978
2996,3176008448,0,-6.6797,2.0342,-4.8909,-3.3358,-4.804,0.0335,1739364890783.4993
2997,3343780608,0,-6.5875,2.0342,-4.8909,-3.2428,-4.6866,0.0,1739364890793.5007
2998,3511552768,0,-6.5184,1.9648,-4.8909,-3.1685,-4.6053,-0.0537,1739364890803.5022
2999,3679324928,0,-6.4954,1.9417,-5.0231,-3.0942,-4.5782,-0.1141,1739364890813.5037
3000,3847097088,0,-6.3111,1.803,-5.0231,-2.9362,-4.4157,-0.1544,1739364890823.5054
3001,4014869248,0,-6.1499,1.7568,-5.0231,-2.899,-4.2532,-0.2082,1739364890833.5068
3002,4182641408,0,-6.1269,1.7337,-5.0231,-2.834,-4.217,-0.235,1739364890843.5083
3003,55511808,0,-6.1038,1.803,-5.1553,-2.8805,-4.1809,-0.2753,1739364890853.5098
3004,223283968,0,-5.9887,1.7568,-5.0231,-2.8712,-4.0726,-0.3022,1739364890863.5112
3005,391056128,0,-5.8965,1.7799,-5.1553,-2.8897,-3.9913,-0.3291,1739364890873.5127
3006,558828288,0,-5.8274,1.8261,-5.1553,-2.9362,-3.919,-0.3627,1739364890883.5142
3007,726600448,0,-5.7583,1.803,-5.1553,-2.8897,-3.8197,-0.3828,1739364890893.5159
3008,894372608,0,-5.8274,1.8492,-5.0231,-2.9083,-3.8649,-0.4231,1739364890903.5173
3009,1062144768,0,-5.8044,1.8955,-5.2875,-2.9455,-3.8558,-0.45,1739364890913.5188
3010,1229916928,0,-5.8044,1.8955,-5.1553,-2.9455,-3.8287,-0.4836,1739364890923.5203
3011,1397689088,0,-5.8735,1.9417,-5.1553,-3.0105,-3.8558,-0.5037,1739364890933.5217
3012,1565461248,0,-6.0117,1.9417,-5.1553,-2.992,-3.9823,-0.5306,1739364890943.5232
3013,1733233408,0,-6.0117,1.9879,-5.1553,-3.0384,-3.9732,-0.5575,1739364890953.5247
3014,1901005568,0,-6.0347,1.9648,-5.0231,-2.9827,-3.9823,-0.5709,1739364890963.5264
3015,2068777728,0,-6.0808,2.011,-5.0231,-3.0477,-4.0274,-0.5978,1739364890973.5278
3016,2236549888,0,-6.1038,1.9879,-5.0231,-2.9827,-4.0545,-0.6045,1739364890983.5293
3017,2404322048,0,-6.1729,1.8955,-5.0231,-2.9362,-4.0906,-0.6381,1739364890993.5308
3018,2572094208,0,-6.3342,1.9417,-4.8909,-2.9176,-4.208,-0.6582,1739364891003.5322
3019,2739866368,0,-6.5415,1.9879,-4.8909,-2.9548,-4.3976,-0.6784,1739364891013.5337
3020,2907638528,0,-6.6336,1.9648,-5.1553,-2.9269,-4.497,-0.6851,1739364891023.5352
3021,3075410688,0,-6.6797,1.9186,-5.0231,-2.8805,-4.4699,-0.6851,1739364891033.5369
3022,3243182848,0,-6.6566,1.8723,-5.0231,-2.8712,-4.4879,-0.6784,1739364891043.5383
3023,3410955008,0,-6.7257,1.9417,-5.0231,-2.8805,-4.5331,-0.6784,1739364891053.5398
3024,3578727168,0,-6.7718,1.8955,-5.1553,-2.8805,-4.5602,-0.6784,1739364891063.5413
3025,3746499328,0,-6.7257,1.8955,-5.0231,-2.8712,-4.5421,-0.6784,1739364891073.5427
3026,3914271488,0,-6.6797,1.9186,-5.0231,-2.8712,-4.497,-0.6716,1739364891083.5442
3027,4082043648,0,-6.6566,1.8955,-5.0231,-2.8526,-4.4879,-0.6515,1739364891093.5457
3028,4249815808,0,-6.6336,1.8492,-5.0231,-2.8247,-4.4699,-0.6582,1739364891103.5474
3029,122686208,0,-6.6336,1.7799,-5.0231,-2.7782,-4.4789,-0.6582,1739364891113.5488
3030,290458368,0,-6.6336,1.7799,-5.0231,-2.769,-4.4518,-0.6448,1739364891123.5503
3031,458230528,0,-6.5415,1.7568,-5.0231,-2.7318,-4.4518,-0.6515,1739364891133.5518
3032,626002688,0,-6.5415,1.7568,-5.0231,-2.6946,-4.4247,-0.6448,1739364891143.5532
3033,793774848,0,-6.5415,1.7799,-5.0231,-2.7039,-4.4157,-0.6313,1739364891153.5547
3034,961547008,0,-6.5875,1.803,-5.0231,-2.7968,-4.497,-0.6313,1739364891163.5562
3035,1129319168,0,-6.5415,1.8261,-5.0231,-2.7968,-4.506,-0.6179,1739364891173.5579
3036,1297091328,0,-6.4954,1.7337,-5.0231,-2.7318,-4.4247,-0.6045,1739364891183.5593
3037,1464863488,0,-6.5184,1.7568,-5.0231,-2.7411,-4.4428,-0.6045,1739364891193.5608
3038,1632635648,0,-6.6797,1.7799,-5.1553,-2.7318,-4.5963,-0.6112,1739364891203.5623
3039,1800407808,0,-6.8639,1.7799,-5.1553,-2.7225,-4.7498,-0.6246,1739364891213.5637
3040,1968179968,0,-6.9791,1.7568,-5.0231,-2.7132,-4.8491,-0.6515,1739364891223.5652
3041,2135952128,0,-7.1173,1.803,-5.0231,-2.7039,-4.9394,-0.6448,1739364891233.5667
3042,2303724288,0,-7.3246,1.803,-5.0231,-2.6946,-5.111,-0.6582,1739364891243.5684
3043,2471496448,0,-7.578,1.8261,-5.0231,-2.6853,-5.3187,-0.6918,1739364891253.5698
3044,2639268608,0,-7.8544,1.8492,-5.1553,-2.676,-5.5174,-0.7187,1739364891263.5713
3045,2807040768,0,-8.0617,1.8955,-5.1553,-2.676,-5.6799,-0.7388,1739364891273.5728
3046,2974812928,0,-8.2459,1.8723,-5.2875,-2.676,-5.7973,-0.7657,1739364891283.5742
3047,3142585088,0,-8.3841,1.9879,-5.0231,-2.6853,-5.9418,-0.7993,1739364891293.5757
3048,3310357248,0,-8.5224,2.0573,-4.8909,-2.7597,-6.014,-0.8261,1739364891303.5771
3049,3478129408,0,-8.5224,2.1035,-4.8909,-2.7782,-6.014,-0.8329,1739364891313.5789
3050,3645901568,0,-8.4993,2.0573,-4.6265,-2.7597,-5.9508,-0.8261,1739364891323.5803
3051,3813673728,0,-8.4993,2.0342,-4.6265,-2.7318,-5.9599,-0.8329,1739364891333.5818
3052,3981445888,0,-8.5915,2.0804,-4.6265,-2.7597,-6.0502,-0.8396,1739364891343.5833
3053,4149218048,0,-8.6145,2.1266,-4.7587,-2.7782,-6.0863,-0.8396,1739364891353.5847
3054,22088448,0,-8.5915,2.1266,-4.7587,-2.7968,-6.0411,-0.8329,1739364891363.5862
3055,189860608,0,-8.5684,2.0804,-4.6265,-2.7782,-5.996,-0.8194,1739364891373.5876
3056,357632768,0,-8.5684,2.0573,-4.6265,-2.7504,-5.996,-0.8127,1739364891383.5894
3057,525404928,0,-8.5224,1.9648,-4.6265,-2.6946,-5.996,-0.8194,1739364891393.5908
3058,693177088,0,-8.4763,1.9417,-4.7587,-2.6667,-5.9689,-0.8261,1739364891403.5923
3059,860949248,0,-8.4763,1.9648,-4.7587,-2.6482,-5.9689,-0.8261,1739364891413.5938
3060,1028721408,0,-8.4763,1.9417,-4.7587,-2.6296,-5.9599,-0.8194,1739364891423.5952
3061,1196493568,0,-8.4072,1.8955,-4.8909,-2.6017,-5.9328,-0.8194,1739364891433.5967
3062,1364265728,0,-8.4072,1.8492,-4.7587,-2.5459,-5.8786,-0.806,1739364891443.5981
3063,1532037888,0,-8.3611,1.8492,-4.7587,-2.5274,-5.8425,-0.806,1739364891453.5999
3064,1699810048,0,-8.3381,1.8492,-4.7587,-2.5645,-5.8244,-0.7858,1739364891463.6013
3065,1867582208,0,-8.3381,1.8492,-4.7587,-2.5738,-5.8334,-0.7724,1739364891473.6028
3066,2035354368,0,-8.292,1.803,-4.8909,-2.5181,-5.8154,-0.7858,1739364891483.6042
3067,2203126528,0,-8.292,1.7568,-5.1553,-2.4623,-5.7793,-0.7724,1739364891493.6057
3068,2370898688,0,-8.292,1.7337,-5.1553,-2.4716,-5.8154,-0.7724,1739364891503.6072
3069,2538670848,0,-8.3381,1.7799,-5.0231,-2.4995,-5.8605,-0.7724,1739364891513.609
3070,2706443008,0,-8.3611,1.803,-5.0231,-2.4995,-5.8425,-0.759,1739364891523.6104
3071,2874215168,0,-8.292,1.7799,-5.0231,-2.5274,-5.7702,-0.7455,1739364891533.6118
3072,3041987328,0,-8.315,1.803,-5.0231,-2.5738,-5.7883,-0.7388,1739364891543.6133
3073,3209759488,0,-8.2459,1.7799,-5.0231,-2.5645,-5.7973,-0.7388,1739364891553.6147
3074,3377531648,0,-8.1308,1.7337,-5.1553,-2.5088,-5.7251,-0.7455,1739364891563.6162
3075,3545303808,0,-8.0617,1.6874,-5.0231,-2.4809,-5.6528,-0.7388,1739364891573.6177
3076,3713075968,0,-8.0386,1.6412,-5.0231,-2.4902,-5.6348,-0.7388,1739364891583.6194
3077,3880848128,0,-8.0847,1.6874,-5.0231,-2.5181,-5.6799,-0.7321,1739364891593.6208
3078,4048620288,0,-8.1077,1.7337,-4.8909,-2.5367,-5.707,-0.7187,1739364891603.6223
3079,4216392448,0,-8.1077,1.7337,-4.8909,-2.5645,-5.7431,-0.7119,1739364891613.6238
3080,89262848,0,-8.1077,1.7799,-4.8909,-2.6203,-5.7973,-0.7119,1739364891623.6252
3081,257035008,0,-8.2459,1.8261,-4.8909,-2.6574,-5.9237,-0.7052,1739364891633.6267
3082,424807168,0,-8.292,1.8261,-4.8909,-2.676,-6.0411,-0.7187,1739364891643.6282
3083,592579328,0,-8.3841,1.8955,-4.6265,-2.7039,-6.1405,-0.7187,1739364891653.63
3084,760351488,0,-8.4763,1.9417,-4.4943,-2.7597,-6.2759,-0.7187,1739364891663.6313
3085,928123648,0,-8.5915,1.9879,-4.3621,-2.8433,-6.4565,-0.7119,1739364891673.6328
3086,1095895808,0,-8.7988,2.0804,-4.23,-2.9083,-6.6732,-0.7187,1739364891683.6343
3087,1263667968,0,-8.9139,2.0804,-4.23,-2.9548,-6.8629,-0.7119,1739364891693.6357
3088,1431440128,0,-8.983,2.0804,-4.0978,-2.9641,-7.0254,-0.7119,1739364891703.6372
3089,1599212288,0,-9.1443,2.1035,-3.8334,-3.0013,-7.2512,-0.7052,1739364891713.6387
3090,1766984448,0,-9.3285,2.196,-3.8334,-3.1313,-7.486,-0.6985,1739364891723.6404
3091,1934756608,0,-9.4437,2.2191,-3.8334,-3.2057,-7.7569,-0.6985,1739364891733.6418
3092,2102528768,0,-9.5358,2.1729,-3.7012,-3.2057,-7.9194,-0.6918,1739364891743.6433
3093,2270300928,0,-9.651,2.2884,-3.4368,-3.2986,-8.1452,-0.6985,1739364891753.6448
3094,2438073088,0,-9.8353,2.3809,-3.1725,-3.4473,-8.4432,-0.6918,1739364891763.6462
3095,2605845248,0,-10.0426,2.4271,-3.3046,-3.5309,-8.7411,-0.6985,1739364891773.6477
3096,2773617408,0,-10.1117,2.4734,-3.1725,-3.6052,-8.9217,-0.6784,1739364891783.6492
3097,2941389568,0,-10.1347,2.4734,-3.0403,-3.6238,-9.0933,-0.6784,1739364891793.651
3098,3109161728,0,-10.1347,2.5196,-3.0403,-3.6981,-9.2378,-0.6784,1739364891803.6523
3099,3276933888,0,-10.1808,2.4503,-3.0403,-3.6796,-9.4274,-0.6784,1739364891813.6538
3100,3444706048,0,-10.2729,2.5196,-2.7759,-3.726,-9.6351,-0.6784,1739364891823.6553
3101,3612478208,0,-10.4341,2.5196,-2.5115,-3.7539,-9.9151,-0.6716,1739364891833.6567
3102,3780250368,0,-10.5032,2.6121,-2.5115,-3.8747,-10.1408,-0.6784,1739364891843.6582
3103,3948022528,0,-10.5493,2.5658,-2.2471,-3.8654,-10.3305,-0.6582,1739364891853.6597
3104,4115794688,0,-10.4572,2.5658,-2.2471,-3.9304,-10.4027,-0.6582,1739364891863.6614
3105,4283566848,0,-10.3881,2.5427,-2.2471,-3.9304,-10.5111,-0.6582,1739364891873.6628
3106,156437248,0,-10.3881,2.5889,-2.115,-4.0234,-10.6014,-0.6515,1739364891883.6643
3107,324209408,0,-10.365,2.5658,-1.9828,-4.0141,-10.7458,-0.6582,1739364891893.6658
3108,491981568,0,-10.3881,2.5658,-1.9828,-4.0512,-10.8813,-0.6515,1739364891903.6672
3109,659753728,0,-10.4111,2.5889,-1.8506,-4.0791,-11.0167,-0.6448,1739364891913.6687
3110,827525888,0,-10.365,2.5658,-1.8506,-4.0605,-11.0619,-0.6515,1739364891923.6702
3111,995298048,0,-10.2729,2.5658,-1.9828,-4.0791,-11.1341,-0.6582,1739364891933.6719
3112,1163070208,0,-10.2499,2.4965,-1.9828,-4.0977,-11.1883,-0.6448,1739364891943.6733
3113,1330842368,0,-10.2268,2.5196,-1.8506,-4.0791,-11.1883,-0.6381,1739364891953.6748
3114,1498614528,0,-10.1577,2.5196,-1.7184,-4.1163,-11.2154,-0.6448,1739364891963.6763
3115,1666386688,0,-10.0886,2.5196,-1.7184,-4.107,-11.1883,-0.6313,1739364891973.6777
3116,1834158848,0,-10.0886,2.4271,-1.5862,-4.0512,-11.2154,-0.6313,1739364891983.6792
3117,2001931008,0,-10.0195,2.4271,-1.454,-4.0234,-11.1973,-0.6381,1739364891993.6807
3118,2169703168,0,-9.9735,2.4965,-1.5862,-4.0977,-11.1612,-0.6246,1739364892003.6824
3119,2337475328,0,-9.8813,2.4965,-1.454,-4.107,-11.1161,-0.6045,1739364892013.6838
3120,2505247488,0,-9.8122,2.4271,-1.454,-4.0605,-11.08,-0.6045,1739364892023.6853
3121,2673019648,0,-9.7662,2.404,-1.454,-4.0419,-11.0167,-0.6045,1739364892033.6868
3122,2840791808,0,-9.7892,2.4965,-1.3218,-4.107,-11.0077,-0.6045,1739364892043.6882
3123,3008563968,0,-9.7892,2.5196,-1.1896,-4.172,-11.0258,-0.591,1739364892053.6897
3124,3176336128,0,-9.651,2.5196,-1.1896,-4.1627,-10.9264,-0.591,1739364892063.6912
3125,3344108288,0,-9.5358,2.4965,-1.3218,-4.1535,-10.8,-0.5843,1739364892073.6929
3126,3511880448,0,-9.5358,2.5427,-1.3218,-4.1999,-10.7549,-0.5843,1739364892083.6943
3127,3679652608,0,-9.6049,2.5427,-1.0575,-4.1999,-10.8091,-0.5843,1739364892093.6958
3128,3847424768,0,-9.7201,2.5658,-1.1896,-4.2092,-10.8994,-0.5978,1739364892103.6973
3129,4015196928,0,-9.7892,2.6352,-1.1896,-4.2557,-10.9445,-0.6045,1739364892113.6987
3130,4182969088,0,-9.7662,2.6814,-1.1896,-4.2928,-10.9355,-0.5978,1739364892123.7002
3131,55839488,0,-9.7431,2.6583,-1.1896,-4.2835,-10.8994,-0.5978,1739364892133.702
3132,223611648,0,-9.7662,2.6583,-1.1896,-4.265,-10.9084,-0.5843,1739364892143.7034
3133,391383808,0,-9.8353,2.6583,-1.3218,-4.2464,-10.9355,-0.5776,1739364892153.7048
3134,559155968,0,-9.7892,2.6121,-1.3218,-4.1999,-10.8723,-0.5776,1739364892163.7063
3135,726928128,0,-9.8353,2.6352,-1.3218,-4.2464,-10.8542,-0.5709,1739364892173.7078
3136,894700288,0,-9.9274,2.7276,-1.1896,-4.3114,-10.9535,-0.5843,1739364892183.7092
3137,1062472448,0,-9.9274,2.7045,-1.3218,-4.2742,-10.9806,-0.5776,1739364892193.7107
3138,1230244608,0,-9.8813,2.6121,-1.454,-4.1906,-10.9174,-0.591,1739364892203.7124
3139,1398016768,0,-9.9274,2.6352,-1.5862,-4.1813,-10.9084,-0.5978,1739364892213.7139
3140,1565788928,0,-10.0195,2.6352,-1.7184,-4.1906,-10.9987,-0.6045,1739364892223.7153
3141,1733561088,0,-10.1117,2.5889,-2.115,-4.1442,-11.089,-0.6179,1739364892233.7168
3142,1901333248,0,-10.2268,2.5427,-2.2471,-4.0884,-11.107,-0.6246,1739364892243.7183
3143,2069105408,0,-10.4341,2.5427,-2.115,-4.0419,-11.1612,-0.6246,1739364892253.7197
3144,2236877568,0,-10.6875,2.5427,-2.115,-3.9862,-11.2877,-0.6381,1739364892263.7212
3145,2404649728,0,-10.9178,2.4965,-2.2471,-3.8747,-11.396,-0.6784,1739364892273.723
3146,2572421888,0,-11.1482,2.4503,-2.3793,-3.8189,-11.5044,-0.6918,1739364892283.7244
3147,2740194048,0,-11.2173,2.4503,-2.3793,-3.7632,-11.4863,-0.7187,1739364892293.7258
3148,2907966208,0,-11.1942,2.3347,-2.7759,-3.5959,-11.3147,-0.7321,1739364892303.7273
3149,3075738368,0,-11.4015,2.2653,-2.6437,-3.4566,-11.3418,-0.7388,1739364892313.7288
3150,3243510528,0,-11.5858,2.2422,-2.9081,-3.3915,-11.4231,-0.7791,1739364892323.7302
3151,3411282688,0,-11.724,2.2191,-2.9081,-3.3265,-11.3328,-0.7926,1739364892333.7317
3152,3579054848,0,-11.747,2.196,-2.9081,-3.2707,-11.1883,-0.7926,1739364892343.7334
3153,3746827008,0,-11.724,2.1729,-2.9081,-3.2243,-10.9535,-0.7724,1739364892353.7349
3154,3914599168,0,-11.701,2.1497,-3.0403,-3.1592,-10.7729,-0.7791,1739364892363.7363
3155,4082371328,0,-11.747,2.1035,-3.1725,-3.057,-10.6194,-0.7724,1739364892373.7378
3156,4250143488,0,-11.7931,2.0573,-3.569,-2.9548,-10.484,-0.7791,1739364892383.7393
3157,123013888,0,-11.8852,2.011,-3.8334,-2.8433,-10.4027,-0.7858,1739364892393.7407
3158,290786048,0,-12.0695,2.0342,-3.8334,-2.8061,-10.3666,-0.7993,1739364892403.7422
3159,458558208,0,-12.1386,2.011,-3.8334,-2.7504,-10.2672,-0.8194,1739364892413.744
3160,626330368,0,-12.0925,2.011,-3.8334,-2.6667,-10.0776,-0.8329,1739364892423.7454
3161,794102528,0,-12.0234,1.9648,-3.8334,-2.6017,-9.8609,-0.8396,1739364892433.7468
3162,961874688,0,-11.9083,1.9186,-4.0978,-2.5181,-9.608,-0.8396,1739364892443.7483
3163,1129646848,0,-11.8622,1.8955,-4.23,-2.453,-9.3913,-0.8463,1739364892453.7498
3164,1297419008,0,-11.9313,1.8955,-4.23,-2.4159,-9.292,-0.8396,1739364892463.7512
3165,1465191168,0,-11.8852,1.8261,-4.23,-2.3322,-9.1385,-0.8597,1739364892473.7527
3166,1632963328,0,-11.8161,1.7799,-4.23,-2.2765,-8.9308,-0.853,1739364892483.7544
3167,1800735488,0,-11.6319,1.7799,-4.23,-2.2486,-8.6779,-0.8463,1739364892493.7559
3168,1968507648,0,-11.4706,1.6874,-4.23,-2.1929,-8.4702,-0.8261,1739364892503.7573
3169,2136279808,0,-11.5167,1.7105,-4.0978,-2.1557,-8.4251,-0.8329,1739364892513.7588
3170,2304051968,0,-11.4937,1.6874,-4.3621,-2.1185,-8.3709,-0.8396,1739364892523.7603
3171,2471824128,0,-11.4246,1.6874,-4.23,-2.1092,-8.2625,-0.8329,1739364892533.7617
3172,2639596288,0,-11.3555,1.6181,-4.23,-2.0906,-8.2084,-0.8329,1739364892543.7632
3173,2807368448,0,-11.3785,1.595,-4.3621,-2.0349,-8.2174,-0.8329,1739364892553.765
3174,2975140608,0,-11.3324,1.595,-4.4943,-2.0442,-8.2264,-0.853,1739364892563.7664
3175,3142912768,0,-11.3094,1.6181,-4.7587,-2.0535,-8.1813,-0.8463,1739364892573.7678
3176,3310684928,0,-11.2864,1.595,-4.7587,-2.0535,-8.1452,-0.8329,1739364892583.7693
3177,3478457088,0,-11.3324,1.595,-4.6265,-2.0442,-8.1813,-0.8329,1739364892593.7708
3178,3646229248,0,-11.4246,1.595,-4.4943,-2.0442,-8.2264,-0.8194,1739364892603.7722
3179,3814001408,0,-11.3785,1.5718,-4.4943,-2.0628,-8.2535,-0.8194,1739364892613.7737
3180,3981773568,0,-11.3785,1.6181,-4.3621,-2.0721,-8.2264,-0.8127,1739364892623.7754
3181,4149545728,0,-11.2864,1.6181,-4.4943,-2.1278,-8.2174,-0.8261,1739364892633.7769
3182,22416128,0,-11.2864,1.6181,-4.4943,-2.1371,-8.2174,-0.8329,1739364892643.7783
3183,190188288,0,-11.2633,1.595,-4.4943,-2.1278,-8.1993,-0.8329,1739364892653.7798
3184,357960448,0,-11.1712,1.595,-4.4943,-2.1278,-8.1722,-0.8463,1739364892663.7812
3185,525732608,0,-11.2864,1.6874,-4.4943,-2.2114,-8.2355,-0.8463,1739364892673.7827
3186,693504768,0,-11.4937,1.7337,-4.3621,-2.2951,-8.4161,-0.8261,1739364892683.7842
3187,861276928,0,-11.5167,1.7105,-4.4943,-2.2951,-8.4612,-0.8261,1739364892693.786
3188,1029049088,0,-11.5167,1.7337,-4.3621,-2.3136,-8.4432,-0.8127,1739364892703.7874
3189,1196821248,0,-11.4706,1.8261,-4.3621,-2.4159,-8.4251,-0.7993,1739364892713.7888
3190,1364593408,0,-11.4476,1.8723,-4.23,-2.4995,-8.389,-0.7791,1739364892723.7903
3191,1532365568,0,-11.3324,1.8955,-4.23,-2.5459,-8.3077,-0.7657,1739364892733.7917
3192,1700137728,0,-11.1942,1.9186,-4.0978,-2.6296,-8.1993,-0.7455,1739364892743.7932
3193,1867909888,0,-11.056,1.9879,-3.9656,-2.6946,-8.1,-0.7254,1739364892753.7947
3194,2035682048,0,-10.8257,1.9879,-3.9656,-2.7782,-7.9736,-0.7187,1739364892763.7964
3195,2203454208,0,-10.5954,2.0342,-3.8334,-2.8154,-7.811,-0.6918,1739364892773.7979
3196,2371226368,0,-10.319,2.0342,-3.8334,-2.8712,-7.6485,-0.6716,1739364892783.7993
3197,2538998528,0,-10.1347,2.0342,-3.7012,-2.8897,-7.5311,-0.6381,1739364892793.8008
3198,2706770688,0,-9.8813,1.9648,-3.569,-2.9083,-7.4498,-0.6112,1739364892803.8022
3199,2874542848,0,-9.7892,2.0342,-3.569,-2.992,-7.4408,-0.5843,1739364892813.8037
3200,3042315008,0,-9.674,2.1035,-3.7012,-3.1313,-7.4769,-0.5507,1739364892823.8054
3201,3210087168,0,-9.5358,2.0804,-3.569,-3.122,-7.4408,-0.5104,1739364892833.807
3202,3377859328,0,-9.3976,2.0573,-3.569,-3.1592,-7.4408,-0.4701,1739364892843.8083
3203,3545631488,0,-9.1903,2.0573,-3.569,-3.2335,-7.4227,-0.4433,1739364892853.8098
3204,3713403648,0,-9.0291,2.0804,-3.4368,-3.28,-7.3866,-0.4097,1739364892863.8113
3205,3881175808,0,-8.7527,2.1266,-3.569,-3.3729,-7.2873,-0.3828,1739364892873.8127
3206,4048947968,0,-8.3841,2.1266,-3.4368,-3.4101,-7.0796,-0.3425,1739364892883.8142
3207,4216720128,0,-8.0156,2.1497,-3.569,-3.503,-6.8538,-0.2888,1739364892893.816
3208,89590528,0,-7.7392,2.1035,-3.3046,-3.503,-6.7184,-0.2418,1739364892903.8174
3209,257362688,0,-7.601,2.1035,-3.4368,-3.5495,-6.6461,-0.1947,1739364892913.8188
3210,425134848,0,-7.5089,2.1035,-3.569,-3.5495,-6.6552,-0.1544,1739364892923.8203
3211,592907008,0,-7.4398,2.1035,-3.4368,-3.6052,-6.6461,-0.1141,1739364892933.8218
3212,760679168,0,-7.2785,2.1497,-3.3046,-3.661,-6.601,-0.0873,1739364892943.8232
3213,928451328,0,-7.1403,2.1497,-3.0403,-3.6889,-6.5468,-0.0604,1739364892953.8247
3214,1096223488,0,-6.9791,2.196,-3.1725,-3.7725,-6.5378,-0.047,1739364892963.8264
3215,1263995648,0,-6.933,2.1729,-3.0403,-3.8004,-6.592,-0.0403,1739364892973.828
3216,1431767808,0,-6.8639,2.2653,-3.0403,-3.8654,-6.6552,-0.0201,1739364892983.8293
3217,1599539968,0,-6.887,2.2422,-3.0403,-3.8654,-6.7726,-0.0268,1739364892993.8308
3218,1767312128,0,-6.933,2.2653,-3.0403,-3.9119,-6.89,-0.0268,1739364893003.8323
3219,1935084288,0,-6.9561,2.2884,-3.0403,-3.949,-7.0254,-0.0403,1739364893013.8337
3220,2102856448,0,-7.0943,2.3809,-2.9081,-4.0141,-7.206,-0.0268,1739364893023.8352
3221,2270628608,0,-7.2325,2.3116,-3.1725,-3.9676,-7.3776,-0.0335,1739364893033.837
3222,2438400768,0,-7.4628,2.3578,-3.3046,-4.0048,-7.6395,-0.047,1739364893043.8384
3223,2606172928,0,-7.7853,2.3347,-3.1725,-3.9676,-7.9465,-0.047,1739364893053.8398
3224,2773945088,0,-8.0156,2.3347,-3.1725,-3.9397,-8.1903,-0.0604,1739364893063.8413
3225,2941717248,0,-8.1308,2.3809,-3.1725,-3.9769,-8.3348,-0.0873,1739364893073.8428
3226,3109489408,0,-8.1999,2.4503,-3.0403,-4.0419,-8.4161,-0.0873,1739364893083.8442
3227,3277261568,0,-8.292,2.4503,-2.9081,-4.0698,-8.5335,-0.094,1739364893093.8457
3228,3445033728,0,-8.3381,2.4503,-2.7759,-4.0419,-8.6147,-0.1074,1739364893103.8474
3229,3612805888,0,-8.3841,2.4965,-2.7759,-4.0698,-8.6508,-0.1141,1739364893113.8489
3230,3780578048,0,-8.3841,2.5427,-2.6437,-4.1442,-8.687,-0.1209,1739364893123.8503
3231,3948350208,0,-8.4532,2.5658,-2.5115,-4.1906,-8.7411,-0.1141,1739364893133.8518
3232,4116122368,0,-8.4763,2.5889,-2.5115,-4.2092,-8.7773,-0.1276,1739364893143.8533
3233,4283894528,0,-8.5224,2.6121,-2.3793,-4.2185,-8.7953,-0.1141,1739364893153.8547
3234,156764928,0,-8.5224,2.5658,-2.3793,-4.2092,-8.8044,-0.1209,1739364893163.8562
3235,324537088,0,-8.5915,2.5658,-2.5115,-4.1999,-8.8676,-0.1343,1739364893173.858
3236,492309248,0,-8.7527,2.6121,-2.5115,-4.2185,-8.994,-0.141,1739364893183.8594
3237,660081408,0,-8.8909,2.6121,-2.2471,-4.2185,-9.1204,-0.1477,1739364893193.8608
3238,827853568,0,-8.96,2.5427,-2.3793,-4.1442,-9.1927,-0.1544,1739364893203.8623
3239,995625728,0,-8.983,2.4965,-2.3793,-4.0791,-9.1927,-0.1679,1739364893213.8638
3240,1163397888,0,-9.0982,2.5196,-2.2471,-4.0512,-9.2468,-0.188,1739364893223.8652
3241,1331170048,0,-9.0982,2.4734,-2.3793,-3.9769,-9.2649,-0.1947,1739364893233.8667
3242,1498942208,0,-9.0752,2.3809,-2.2471,-3.9026,-9.2378,-0.2015,1739364893243.8684
3243,1666714368,0,-9.1903,2.4503,-2.2471,-3.9676,-9.3642,-0.2015,1739364893253.8699
3244,1834486528,0,-9.1903,2.4503,-2.3793,-3.9955,-9.3913,-0.2082,1739364893263.8713
3245,2002258688,0,-9.1443,2.3809,-2.3793,-3.9119,-9.3642,-0.2082,1739364893273.8728
3246,2170030848,0,-9.1903,2.3578,-2.5115,-3.9026,-9.4274,-0.2015,1739364893283.8743
3247,2337803008,0,-9.4207,2.3809,-2.3793,-3.9026,-9.6171,-0.2082,1739364893293.8757
3248,2505575168,0,-9.6971,2.3578,-2.3793,-3.9026,-9.8428,-0.2149,1739364893303.8772
3249,2673347328,0,-9.9044,2.3347,-2.3793,-3.8468,-10.0505,-0.2283,1739364893313.879
3250,2841119488,0,-10.1577,2.3578,-2.5115,-3.8561,-10.2311,-0.2418,1739364893323.8804
3251,3008891648,0,-10.4111,2.404,-2.3793,-3.8468,-10.4569,-0.2485,1739364893333.8818
3252,3176663808,0,-10.7105,2.404,-2.5115,-3.7911,-10.7097,-0.2686,1739364893343.8833
3253,3344435968,0,-11.056,2.3809,-2.6437,-3.7353,-11.0167,-0.3156,1739364893353.8848
3254,3512208128,0,-11.3555,2.3347,-2.5115,-3.6796,-11.2786,-0.3627,1739364893363.8862
3255,3679980288,0,-11.6319,2.3116,-2.5115,-3.5959,-11.5134,-0.403,1739364893373.8877
3256,3847752448,0,-12.0234,2.3116,-2.3793,-3.5495,-11.7933,-0.4634,1739364893383.8894
3257,4015524608,0,-12.392,2.3116,-2.3793,-3.4658,-12.1004,-0.5104,1739364893393.8909
3258,4183296768,0,-12.7375,2.3347,-2.115,-3.4194,-12.3622,-0.5642,1739364893403.8923
3259,56167168,0,-13.106,2.3347,-2.2471,-3.4008,-12.6693,-0.6112,1739364893413.8938
3260,223939328,0,-13.4976,2.3116,-2.3793,-3.3451,-13.0034,-0.6582,1739364893423.8953
3261,391711488,0,-13.9122,2.2422,-2.3793,-3.2243,-13.3104,-0.6918,1739364893433.8967
3262,559483648,0,-14.3498,2.2884,-2.3793,-3.1964,-13.6716,-0.7254,1739364893443.8984
3263,727255808,0,-14.7414,2.404,-2.115,-3.2521,-13.9786,-0.759,1739364893453.9
3264,895027968,0,-14.8796,2.3347,-2.2471,-3.1964,-14.096,-0.7926,1739364893463.9014
3265,1062800128,0,-14.9487,2.2884,-2.115,-3.0942,-14.1051,-0.8194,1739364893473.9028
3266,1230572288,0,-15.0408,2.3116,-2.115,-3.122,-14.1954,-0.8463,1739364893483.9043
3267,1398344448,0,-15.2942,2.3347,-1.9828,-3.122,-14.385,-0.8799,1739364893493.9058
3268,1566116608,0,-15.5245,2.2884,-2.115,-3.0291,-14.5475,-0.9135,1739364893503.9072
3269,1733888768,0,-15.6167,2.2422,-2.115,-2.9827,-14.6198,-0.9605,1739364893513.909
3270,1901660928,0,-15.7088,2.2653,-2.115,-2.9641,-14.6378,-0.9806,1739364893523.9104
3271,2069433088,0,-15.824,2.196,-2.2471,-2.8619,-14.6649,-1.0075,1739364893533.9119
3272,2237205248,0,-15.9161,2.1266,-2.2471,-2.7782,-14.683,-1.0478,1739364893543.9133
3273,2404977408,0,-16.0313,2.1497,-2.115,-2.7597,-14.7823,-1.0814,1739364893553.9148
3274,2572749568,0,-16.0082,2.1266,-2.3793,-2.7039,-14.692,-1.0948,1739364893563.9163
3275,2740521728,0,-15.8931,2.1266,-2.2471,-2.6574,-14.4663,-1.0881,1739364893573.9177
3276,2908293888,0,-15.7088,2.1266,-2.2471,-2.676,-14.2676,-1.0881,1739364893583.9194
3277,3076066048,0,-15.5706,2.0573,-2.3793,-2.6296,-14.087,-1.0814,1739364893593.921
3278,3243838208,0,-15.3633,1.9879,-2.2471,-2.5645,-13.8342,-1.0948,1739364893603.9224
3279,3411610368,0,-15.0178,2.011,-2.3793,-2.5738,-13.4549,-1.0679,1739364893613.9238
3280,3579382528,0,-14.6262,1.9879,-2.3793,-2.5831,-13.0395,-1.0344,1739364893623.9253
3281,3747154688,0,-14.4189,1.9186,-2.5115,-2.5831,-12.7867,-1.0075,1739364893633.9268
3282,3914926848,0,-14.2577,1.8492,-2.5115,-2.4995,-12.6331,-1.0008,1739364893643.9282
3283,4082699008,0,-14.1656,1.803,-2.6437,-2.4716,-12.5248,-0.9941,1739364893653.93
3284,4250471168,0,-14.0965,1.803,-2.9081,-2.4809,-12.4616,-0.9806,1739364893663.9314
3285,123341568,0,-13.9352,1.7799,-3.0403,-2.4251,-12.2719,-0.9538,1739364893673.9329
3286,291113728,0,-13.797,1.7799,-3.0403,-2.4344,-12.1275,-0.9269,1739364893683.9343
3287,458885888,0,-13.7279,1.7799,-3.0403,-2.4344,-12.0552,-0.9135,1739364893693.9358
3288,626658048,0,-13.6588,1.7105,-3.1725,-2.3973,-11.9739,-0.9,1739364893703.9373
3289,794430208,0,-13.4976,1.6412,-3.1725,-2.3322,-11.8204,-0.8866,1739364893713.9387
3290,962202368,0,-13.3594,1.6643,-3.1725,-2.3322,-11.6759,-0.8799,1739364893723.9404
3291,1129974528,0,-13.2212,1.6874,-3.3046,-2.3787,-11.5586,-0.8664,1739364893733.942
3292,1297746688,0,-13.0369,1.6412,-3.3046,-2.3508,-11.3689,-0.8664,1739364893743.9434
3293,1465518848,0,-12.8757,1.6412,-3.4368,-2.3415,-11.2064,-0.8329,1739364893753.9448
3294,1633291008,0,-12.7375,1.6412,-3.3046,-2.3694,-11.0529,-0.8194,1739364893763.9463
3295,1801063168,0,-12.6914,1.7337,-3.1725,-2.4437,-10.9626,-0.806,1739364893773.9478
3296,1968835328,0,-12.6223,1.7568,-3.1725,-2.4995,-10.9355,-0.7993,1739364893783.9492
3297,2136607488,0,-12.5762,1.803,-3.3046,-2.5181,-10.8994,-0.7858,1739364893793.951
3298,2304379648,0,-12.5302,1.7568,-3.3046,-2.5181,-10.8632,-0.7926,1739364893803.9524
3299,2472151808,0,-12.6453,1.803,-3.3046,-2.5738,-10.9445,-0.7858,1739364893813.9539
3300,2639923968,0,-12.7605,1.8723,-3.4368,-2.6389,-11.0619,-0.7993,1739364893823.9553
3301,2807696128,0,-12.8296,1.9417,-3.3046,-2.676,-11.098,-0.806,1739364893833.9568
3302,2975468288,0,-12.8527,1.9648,-3.1725,-2.7318,-11.1341,-0.8194,1739364893843.9583
3303,3143240448,0,-12.8527,1.9879,-3.0403,-2.7504,-11.1161,-0.8127,1739364893853.9597
3304,3311012608,0,-12.7144,1.9417,-3.0403,-2.7318,-10.9987,-0.806,1739364893863.9614
3305,3478784768,0,-12.5071,1.9186,-2.9081,-2.7318,-10.8452,-0.8127,1739364893873.963
3306,3646556928,0,-12.392,1.9186,-2.9081,-2.6946,-10.7097,-0.8127,1739364893883.9644
3307,3814329088,0,-12.2307,1.8955,-2.7759,-2.6853,-10.6014,-0.806,1739364893893.9658
3308,3982101248,0,-12.0695,1.8492,-2.7759,-2.6389,-10.4659,-0.806,1739364893903.9673
3309,4149873408,0,-11.8622,1.7337,-2.9081,-2.5552,-10.3124,-0.8194,1739364893913.9688
3310,22743808,0,-11.701,1.6874,-2.7759,-2.4809,-10.1769,-0.8261,1739364893923.9702
3311,190515968,0,-11.5167,1.6412,-2.6437,-2.4716,-10.0686,-0.8396,1739364893933.972
3312,358288128,0,-11.4015,1.6412,-2.6437,-2.4809,-9.9963,-0.8396,1739364893943.9734
3313,526060288,0,-11.1482,1.6181,-2.9081,-2.4623,-9.8248,-0.8396,1739364893953.9749
3314,693832448,0,-10.8487,1.5487,-2.9081,-2.4066,-9.608,-0.8329,1739364893963.9763
3315,861604608,0,-10.5954,1.4794,-2.7759,-2.3694,-9.4274,-0.8396,1739364893973.9778
3316,1029376768,0,-10.319,1.4331,-2.6437,-2.3415,-9.2559,-0.853,1739364893983.9792
3317,1197148928,0,-10.0656,1.4794,-2.5115,-2.4066,-9.1114,-0.8664,1739364893993.9807
3318,1364921088,0,-9.7201,1.4563,-2.6437,-2.3973,-8.8585,-0.8664,1739364894003.9824
3319,1532693248,0,-9.3746,1.3869,-2.5115,-2.3601,-8.5967,-0.8597,1739364894013.984
3320,1700465408,0,-9.0061,1.3407,-2.6437,-2.3508,-8.3167,-0.8597,1739364894023.9854
3321,1868237568,0,-8.8218,1.2944,-2.5115,-2.3508,-8.1993,-0.8664,1739364894033.9868
3322,2036009728,0,-8.5915,1.2482,-2.6437,-2.2858,-8.0458,-0.8866,1739364894043.9883
3323,2203781888,0,-8.3841,1.2482,-2.9081,-2.3044,-7.8652,-0.9,1739364894053.9897
3324,2371554048,0,-8.1999,1.2482,-2.9081,-2.2858,-7.7027,-0.9,1739364894063.9912
3325,2539326208,0,-8.0847,1.2482,-2.7759,-2.3044,-7.6124,-0.9202,1739364894073.993
3326,2707098368,0,-7.9465,1.202,-2.7759,-2.23,-7.5311,-0.9269,1739364894083.9944
3327,2874870528,0,-7.8313,1.1558,-2.6437,-2.2207,-7.4047,-0.947,1739364894093.9958
3328,3042642688,0,-7.7392,1.1789,-2.5115,-2.2486,-7.3595,-0.9739,1739364894103.9973
3329,3210414848,0,-7.5089,1.1789,-2.3793,-2.2672,-7.2421,-1.0008,1739364894113.9988
3330,3378187008,0,-7.2094,1.1095,-2.115,-2.2114,-7.0344,-1.0075,1739364894124.0002
3331,3545959168,0,-6.8639,0.9939,-2.2471,-2.1092,-6.7816,-1.0209,1739364894134.002
3332,3713731328,0,-6.6336,0.9477,-2.115,-2.0813,-6.6461,-1.0344,1739364894144.0034
3333,3881503488,0,-6.4263,0.8784,-2.2471,-1.9791,-6.5649,-1.0612,1739364894154.005
3334,4049275648,0,-6.4954,0.8321,-2.2471,-1.9606,-6.6281,-1.0881,1739364894164.0063
3335,4217047808,0,-6.6106,0.809,-2.2471,-1.8955,-6.7726,-1.115,1739364894174.0078
3336,89918208,0,-6.7948,0.9015,-2.2471,-1.942,-6.9622,-1.1553,1739364894184.0093
3337,257690368,0,-7.0021,0.9246,-2.3793,-1.9234,-7.1157,-1.1754,1739364894194.0107
3338,425462528,0,-7.2555,0.9015,-2.2471,-1.9141,-7.3505,-1.2292,1739364894204.0125
3339,593234688,0,-7.3937,0.9246,-2.2471,-1.8955,-7.4769,-1.2627,1739364894214.014
3340,761006848,0,-7.4167,0.8784,-2.115,-1.8862,-7.5401,-1.2829,1739364894224.0154
3341,928779008,0,-7.4628,0.9246,-2.115,-1.8862,-7.5672,-1.303,1739364894234.0168
3342,1096551168,0,-7.4628,0.9939,-1.9828,-1.9327,-7.5582,-1.303,1739364894244.0183
3343,1264323328,0,-7.5089,1.0402,-1.8506,-2.0349,-7.6214,-1.303,1739364894254.0198
3344,1432095488,0,-7.5089,1.0402,-1.7184,-2.0628,-7.6395,-1.2963,1739364894264.0212
3345,1599867648,0,-7.4628,1.0171,-1.7184,-2.0721,-7.5943,-1.2896,1739364894274.023
3346,1767639808,0,-7.4167,1.0633,-1.5862,-2.1464,-7.5763,-1.2829,1739364894284.0244
3347,1935411968,0,-7.4858,1.1558,-1.5862,-2.23,-7.6485,-1.2695,1739364894294.026
3348,2103184128,0,-7.6471,1.1558,-1.7184,-2.2672,-7.811,-1.2695,1739364894304.0273
3349,2270956288,0,-7.9004,1.1558,-1.5862,-2.2672,-8.0729,-1.2829,1739364894314.0288
3350,2438728448,0,-8.1077,1.1789,-1.5862,-2.2579,-8.3077,-1.303,1739364894324.0303
3351,2606500608,0,-8.1999,1.1789,-1.8506,-2.2486,-8.4161,-1.3098,1739364894334.0317
3352,2774272768,0,-8.315,1.1558,-1.8506,-2.23,-8.4883,-1.3098,1739364894344.0334
3353,2942044928,0,-8.3611,1.1789,-1.5862,-2.2114,-8.5244,-1.3165,1739364894354.035
3354,3109817088,0,-8.292,1.1095,-1.7184,-2.165,-8.4702,-1.3165,1739364894364.0364
3355,3277589248,0,-8.1077,1.0633,-1.5862,-2.0999,-8.3258,-1.3098,1739364894374.0378
3356,3445361408,0,-8.0156,0.9708,-1.454,-2.0442,-8.1993,-1.303,1739364894384.0393
3357,3613133568,0,-7.9465,0.9708,-1.3218,-2.0256,-8.1361,-1.303,1739364894394.0408
3358,3780905728,0,-7.8544,0.9939,-1.454,-2.007,-8.091,-1.2896,1739364894404.0422
3359,3948677888,0,-7.8774,0.9708,-1.3218,-2.0349,-8.0729,-1.2762,1739364894414.044
3360,4116450048,0,-7.9695,0.9939,-1.454,-2.0813,-8.1361,-1.2627,1739364894424.0454
3361,4284222208,0,-8.0156,1.0171,-1.7184,-2.1185,-8.2174,-1.2493,1739364894434.0469
3362,157092608,0,-8.0386,1.0402,-1.8506,-2.1464,-8.1993,-1.2292,1739364894444.0483
3363,324864768,0,-8.1077,1.0633,-1.8506,-2.2207,-8.2445,-1.2224,1739364894454.0498
3364,492636928,0,-8.1768,1.0864,-1.8506,-2.2114,-8.3077,-1.2157,1739364894464.0513
3365,660409088,0,-8.2229,1.0864,-1.7184,-2.2114,-8.389,-1.2157,1739364894474.0527
3366,828181248,0,-8.3381,1.1095,-1.8506,-2.2393,-8.5244,-1.2359,1739364894484.0544
3367,995953408,0,-8.5224,1.1326,-1.7184,-2.2486,-8.705,-1.2627,1739364894494.056
3368,1163725568,0,-8.7066,1.1558,-1.8506,-2.23,-8.8676,-1.2762,1739364894504.0574
3369,1331497728,0,-8.8448,1.1326,-1.8506,-2.1929,-8.9759,-1.2896,1739364894514.0588
3370,1499269888,0,-8.9139,1.1095,-1.5862,-2.1836,-9.0572,-1.3098,1739364894524.0603
3371,1667042048,0,-9.0061,1.1558,-1.5862,-2.1743,-9.1656,-1.3299,1739364894534.0618
3372,1834814208,0,-9.1903,1.1558,-1.5862,-2.165,-9.31,-1.3433,1739364894544.0632
3373,2002586368,0,-9.4437,1.1789,-1.5862,-2.2021,-9.608,-1.3769,1739364894554.065
3374,2170358528,0,-9.7892,1.2251,-1.8506,-2.23,-9.9512,-1.4038,1739364894564.0664
3375,2338130688,0,-9.9965,1.2251,-1.9828,-2.2207,-10.195,-1.4239,1739364894574.0679
3376,2505902848,0,-10.2038,1.2482,-1.8506,-2.23,-10.3937,-1.4508,1739364894584.0693
3377,2673675008,0,-10.6184,1.3638,-1.5862,-2.3229,-10.791,-1.4642,1739364894594.0708
3378,2841447168,0,-10.9869,1.4331,-1.5862,-2.3508,-11.1793,-1.4911,1739364894604.0723
3379,3009219328,0,-11.3555,1.4563,-1.5862,-2.3601,-11.4863,-1.4911,1739364894614.0737
3380,3176991488,0,-11.6549,1.5487,-1.7184,-2.453,-11.7933,-1.5113,1739364894624.0754
3381,3344763648,0,-12.0004,1.6412,-1.5862,-2.5459,-12.1275,-1.518,1739364894634.077
3382,3512535808,0,-12.2307,1.7105,-1.7184,-2.6203,-12.4074,-1.5247,1739364894644.0784
3383,3680307968,0,-12.5071,1.6874,-1.7184,-2.5924,-12.6512,-1.5314,1739364894654.0798
3384,3848080128,0,-12.8757,1.7337,-1.7184,-2.6017,-12.9492,-1.5314,1739364894664.0813
3385,4015852288,0,-13.1291,1.7568,-1.8506,-2.6203,-13.202,-1.5314,1739364894674.0828
3386,4183624448,0,-13.3364,1.8723,-1.7184,-2.6667,-13.3465,-1.5314,1739364894684.0842
3387,56494848,0,-13.5206,1.9417,-1.8506,-2.7318,-13.491,-1.5113,1739364894694.086
3388,224267008,0,-13.5897,1.8723,-1.7184,-2.6667,-13.5542,-1.5113,1739364894704.0874
3389,392039168,0,-13.6588,1.8492,-1.5862,-2.6203,-13.5813,-1.4978,1739364894714.0889
3390,559811328,0,-13.797,1.9186,-1.7184,-2.676,-13.6897,-1.4777,1739364894724.0903
3391,727583488,0,-13.8201,1.8723,-1.7184,-2.6017,-13.7077,-1.471,1739364894734.0918
3392,895355648,0,-13.774,1.803,-1.5862,-2.5367,-13.6806,-1.4575,1739364894744.0933
3393,1063127808,0,-13.6588,1.8261,-1.7184,-2.5459,-13.5994,-1.4441,1739364894754.095
3394,1230899968,0,-13.5437,1.803,-1.8506,-2.5645,-13.5,-1.4105,1739364894764.0964
3395,1398672128,0,-13.4515,1.6874,-1.9828,-2.4623,-13.4549,-1.3836,1739364894774.098
3396,1566444288,0,-13.3824,1.5487,-2.115,-2.3044,-13.3646,-1.3769,1739364894784.0994
3397,1734216448,0,-13.3364,1.595,-1.9828,-2.2951,-13.3014,-1.3501,1739364894794.1008
3398,1901988608,0,-13.4055,1.6412,-2.115,-2.3694,-13.3285,-1.3433,1739364894804.1023
3399,2069760768,0,-13.4285,1.5487,-2.2471,-2.3229,-13.3104,-1.303,1739364894814.1038
3400,2237532928,0,-13.3133,1.4563,-2.3793,-2.1557,-13.184,-1.2829,1739364894824.1055
3401,2405305088,0,-13.0369,1.3869,-2.3793,-2.1092,-12.8589,-1.2493,1739364894834.107
3402,2573077248,0,-12.8066,1.4331,-2.3793,-2.1557,-12.6151,-1.2359,1739364894844.1084
3403,2740849408,0,-12.5302,1.41,-2.3793,-2.1371,-12.3171,-1.2023,1739364894854.1099
3404,2908621568,0,-12.1847,1.2944,-2.5115,-2.0628,-11.9469,-1.1553,1739364894864.1113
3405,3076393728,0,-11.7701,1.2482,-2.5115,-2.0349,-11.5405,-1.1217,1739364894874.1128
3406,3244165888,0,-11.2633,1.1789,-2.5115,-1.9791,-11.0258,-1.0679,1739364894884.1143
3407,3411938048,0,-10.8718,1.1095,-2.6437,-1.9606,-10.6736,-1.0411,1739364894894.116
3408,3579710208,0,-10.5493,1.0633,-2.9081,-1.8955,-10.3214,-1.0075,1739364894904.1174
3409,3747482368,0,-10.2959,1.0633,-2.7759,-1.8862,-10.0505,-0.9739,1739364894914.119
3410,3915254528,0,-10.1347,1.0402,-2.9081,-1.8769,-9.888,-0.9538,1739364894924.1204
3411,4083026688,0,-9.9735,0.9708,-3.1725,-1.8212,-9.7345,-0.9403,1739364894934.1218
3412,4250798848,0,-9.8813,0.9477,-3.4368,-1.8212,-9.6171,-0.9202,1739364894944.1233
3413,123669248,0,-9.8353,1.0171,-3.4368,-1.8769,-9.5358,-0.9135,1739364894954.1248
3414,291441408,0,-9.8122,1.0633,-3.4368,-1.9141,-9.4816,-0.9067,1739364894964.1265
3415,459213568,0,-9.5589,0.9939,-3.569,-1.8955,-9.283,-0.8933,1739364894974.128
3416,626985728,0,-9.2825,0.9708,-3.4368,-1.8305,-9.0121,-0.9,1739364894984.1294
3417,794757888,0,-9.0061,0.9708,-3.4368,-1.8398,-8.7502,-0.8732,1739364894994.1309
3418,962530048,0,-8.7757,0.9708,-3.3046,-1.8676,-8.5515,-0.8664,1739364895004.1323
3419,1130302208,0,-8.6375,0.9939,-3.3046,-1.8862,-8.4161,-0.853,1739364895014.1338
3420,1298074368,0,-8.4763,0.9708,-3.4368,-1.8583,-8.2535,-0.8396,1739364895024.1353
3421,1465846528,0,-8.2459,0.9477,-3.569,-1.849,-8.0639,-0.8329,1739364895034.137
3422,1633618688,0,-8.1538,0.9708,-3.569,-1.8769,-7.9465,-0.8261,1739364895044.1384
3423,1801390848,0,-8.0847,0.9708,-3.7012,-1.8583,-7.8743,-0.8261,1739364895054.14
3424,1969163008,0,-7.9695,0.8784,-3.8334,-1.7561,-7.7659,-0.8396,1739364895064.1414
3425,2136935168,0,-7.9926,0.9246,-3.7012,-1.7561,-7.7659,-0.8396,1739364895074.1428
3426,2304707328,0,-8.0617,0.9708,-3.7012,-1.8119,-7.7749,-0.8463,1739364895084.1443
3427,2472479488,0,-7.9465,1.0171,-3.7012,-1.8119,-7.7117,-0.8396,1739364895094.1458
3428,2640251648,0,-7.7853,0.9939,-3.8334,-1.849,-7.5311,-0.8396,1739364895104.1475
3429,2808023808,0,-7.5319,1.0402,-3.7012,-1.9141,-7.3144,-0.8127,1739364895114.149
3430,2975795968,0,-7.3016,1.1095,-3.7012,-2.0163,-7.1338,-0.7791,1739364895124.1504
3431,3143568128,0,-7.0021,1.1095,-3.8334,-2.0906,-6.899,-0.7388,1739364895134.1519
3432,3311340288,0,-6.6566,1.1558,-3.569,-2.1557,-6.6191,-0.7119,1739364895144.1533
3433,3479112448,0,-6.3111,1.1789,-3.4368,-2.2486,-6.312,-0.6582,1739364895154.1548
3434,3646884608,0,-5.9196,1.1558,-3.3046,-2.3044,-6.005,-0.6179,1739364895164.1562
3435,3814656768,0,-5.505,1.1095,-3.4368,-2.3322,-5.689,-0.5843,1739364895174.158
3436,3982428928,0,-5.1364,1.1095,-3.3046,-2.3415,-5.3819,-0.5373,1739364895184.1594
3437,4150201088,0,-4.8831,1.1558,-3.4368,-2.388,-5.1652,-0.5037,1739364895194.161
3438,23071488,0,-4.6527,1.1558,-3.3046,-2.4716,-5.0117,-0.4701,1739364895204.1624
3439,190843648,0,-4.2842,1.0633,-3.569,-2.4159,-4.7047,-0.4366,1739364895214.1638
3440,358615808,0,-3.9156,0.9939,-3.569,-2.3322,-4.3615,-0.3895,1739364895224.1653
3441,526387968,0,-3.501,0.9939,-3.569,-2.3694,-4.0093,-0.3559,1739364895234.1667
3442,694160128,0,-3.1786,1.0171,-3.4368,-2.453,-3.7384,-0.3156,1739364895244.1685
3443,861932288,0,-2.8331,0.9939,-3.4368,-2.4716,-3.4314,-0.2753,1739364895254.17
3444,1029704448,0,-2.3033,0.9939,-3.569,-2.5181,-3.016,-0.2216,1739364895264.1714
3445,1197476608,0,-1.8196,0.9477,-3.569,-2.5088,-2.5826,-0.1746,1739364895274.1729
3446,1365248768,0,-1.428,0.9477,-3.3046,-2.5831,-2.2304,-0.1209,1739364895284.1743
3447,1533020928,0,-1.0134,0.9477,-3.0403,-2.6296,-1.8692,-0.0738,1739364895294.1758
3448,1700793088,0,-0.6219,1.0171,-2.7759,-2.7039,-1.5351,-0.0335,1739364895304.1772
3449,1868565248,0,-0.2994,1.0402,-2.7759,-2.8247,-1.2822,0.0067,1739364895314.179
3450,2036337408,0,-0.0691,1.0402,-2.5115,-2.8805,-1.0655,0.0403,1739364895324.1804
3451,2204109568,0,0.2073,1.0633,-2.3793,-2.9362,-0.8759,0.0738,1739364895334.182
3452,2371881728,0,0.3915,1.0402,-2.2471,-2.9455,-0.7224,0.1007,1739364895344.1833
3453,2539653888,0,0.5758,1.0864,-2.2471,-3.0198,-0.5959,0.1276,1739364895354.1848
3454,2707426048,0,0.691,1.1095,-2.3793,-3.0384,-0.5418,0.1477,1739364895364.1863
3455,2875198208,0,0.8522,1.1095,-2.3793,-3.0942,-0.4244,0.1746,1739364895374.1877
3456,3042970368,0,0.8752,1.0864,-2.3793,-3.1035,-0.3882,0.1947,1739364895384.1895
3457,3210742528,0,0.8061,1.2251,-2.3793,-3.2614,-0.4785,0.2082,1739364895394.191
3458,3378514688,0,0.8292,1.2713,-2.2471,-3.3265,-0.5056,0.2216,1739364895404.1924
3459,3546286848,0,0.8292,1.2944,-2.2471,-3.3543,-0.4876,0.2283,1739364895414.1938
3460,3714059008,0,0.8292,1.3869,-2.115,-3.4287,-0.4966,0.235,1739364895424.1953
3461,3881831168,0,0.8061,1.4331,-1.8506,-3.5216,-0.5418,0.2283,1739364895434.1968
3462,4049603328,0,0.714,1.5025,-1.8506,-3.5774,-0.614,0.2216,1739364895444.1985
3463,4217375488,0,0.7601,1.5487,-1.7184,-3.6424,-0.5959,0.2216,1739364895454.2
3464,90245888,0,0.8292,1.6181,-1.5862,-3.7353,-0.5598,0.2216,1739364895464.2014
3465,258018048,0,0.7831,1.6643,-1.454,-3.8189,-0.5869,0.2216,1739364895474.203
3466,425790208,0,0.5988,1.6874,-1.454,-3.8654,-0.7585,0.2015,1739364895484.2043
3467,593562368,0,0.4606,1.7105,-1.454,-3.9026,-0.9481,0.188,1739364895494.2058
3468,761334528,0,0.2764,1.803,-1.454,-3.9769,-1.1107,0.188,1739364895504.2073
3469,929106688,0,0.0,1.8955,-1.3218,-4.0884,-1.3816,0.1544,1739364895514.209
3470,1096878848,0,-0.3224,1.9648,-1.454,-4.1256,-1.6886,0.141,1739364895524.2104
3471,1264651008,0,-0.6219,1.9417,-1.5862,-4.1256,-1.9866,0.1209,1739364895534.212
3472,1432423168,0,-0.9443,1.9648,-1.5862,-4.107,-2.2936,0.0806,1739364895544.2134
3473,1600195328,0,-1.3359,1.9879,-1.8506,-4.107,-2.6097,0.0671,1739364895554.2148
3474,1767967488,0,-1.6584,2.0342,-1.9828,-4.1442,-2.9348,0.0335,1739364895564.2163
3475,1935739648,0,-1.8657,2.0804,-1.8506,-4.1535,-3.1695,0.0067,1739364895574.2178
3476,2103511808,0,-2.0499,1.9879,-1.8506,-4.1256,-3.3501,-0.0134,1739364895584.2195
3477,2271283968,0,-2.1651,1.9648,-1.8506,-4.0698,-3.5037,-0.0268,1739364895594.221
3478,2439056128,0,-2.2572,1.9417,-1.8506,-4.0234,-3.612,-0.0335,1739364895604.2224
3479,2606828288,0,-2.3033,1.8955,-1.9828,-3.9955,-3.6933,-0.0537,1739364895614.2239
3480,2774600448,0,-2.4876,1.9186,-1.8506,-3.9676,-3.8378,-0.0537,1739364895624.2253
3481,2942372608,0,-2.6718,1.8261,-1.8506,-3.9119,-4.0274,-0.0671,1739364895634.2268
3482,3110144768,0,-2.8561,1.7799,-1.9828,-3.8097,-4.208,-0.0806,1739364895644.2283
3483,3277916928,0,-3.1786,1.7568,-1.8506,-3.7725,-4.4518,-0.0873,1739364895654.23
3484,3445689088,0,-3.5241,1.803,-2.115,-3.8004,-4.795,-0.094,1739364895664.2314
3485,3613461248,0,-3.8005,1.803,-1.9828,-3.7911,-5.0749,-0.1074,1739364895674.233
3486,3781233408,0,-4.0078,1.6874,-2.2471,-3.6889,-5.2736,-0.1141,1739364895684.2344
3487,3949005568,0,-4.146,1.6643,-2.3793,-3.6145,-5.4542,-0.1276,1739364895694.2358
3488,4116777728,0,-4.3303,1.6412,-2.5115,-3.5402,-5.6167,-0.141,1739364895704.2373
3489,4284549888,0,-4.4915,1.5487,-2.2471,-3.4473,-5.7612,-0.1544,1739364895714.2388
3490,157420288,0,-4.6758,1.5025,-2.3793,-3.3822,-5.8966,-0.1679,1739364895724.2405
3491,325192448,0,-4.9291,1.5025,-2.5115,-3.3079,-6.0411,-0.1813,1739364895734.242
3492,492964608,0,-5.1595,1.4563,-2.3793,-3.2428,-6.1946,-0.1947,1739364895744.2434
3493,660736768,0,-5.4128,1.4563,-2.6437,-3.1871,-6.4023,-0.2149,1739364895754.2449
3494,828508928,0,-5.6432,1.4331,-2.7759,-3.1313,-6.5829,-0.2418,1739364895764.2463
3495,996281088,0,-5.9887,1.4794,-2.6437,-3.1128,-6.8358,-0.2418,1739364895774.2478
3496,1164053248,0,-6.196,1.4563,-2.9081,-3.0756,-7.0254,-0.2552,1739364895784.2493
3497,1331825408,0,-6.4263,1.4331,-2.7759,-3.0105,-7.1247,-0.2686,1739364895794.251
3498,1499597568,0,-6.7027,1.4794,-2.9081,-3.0198,-7.3234,-0.2821,1739364895804.2524
3499,1667369728,0,-6.9561,1.5256,-3.0403,-3.0384,-7.4589,-0.3022,1739364895814.254
3500,1835141888,0,-7.1634,1.5718,-2.7759,-3.0477,-7.5221,-0.2955,1739364895824.2554
3501,2002914048,0,-7.3476,1.5487,-3.0403,-3.0013,-7.6124,-0.3089,1739364895834.2568
3502,2170686208,0,-7.5549,1.4563,-3.1725,-2.8619,-7.6575,-0.3224,1739364895844.2583
3503,2338458368,0,-7.7162,1.4563,-3.3046,-2.7597,-7.6936,-0.3492,1739364895854.2598
3504,2506230528,0,-7.8313,1.4563,-3.4368,-2.7132,-7.7027,-0.3761,1739364895864.2615
3505,2674002688,0,-8.0386,1.41,-3.569,-2.5831,-7.7117,-0.3761,1739364895874.263
3506,2841774848,0,-8.292,1.41,-3.7012,-2.5367,-7.7659,-0.3828,1739364895884.2644
3507,3009547008,0,-8.5454,1.5025,-3.569,-2.5367,-7.8472,-0.3963,1739364895894.2659
3508,3177319168,0,-8.7066,1.4331,-3.569,-2.4344,-7.802,-0.3895,1739364895904.2673
3509,3345091328,0,-8.8448,1.3869,-3.569,-2.3322,-7.7569,-0.3963,1739364895914.2688
3510,3512863488,0,-9.0752,1.41,-3.4368,-2.3229,-7.8381,-0.4231,1739364895924.2703
3511,3680635648,0,-9.0521,1.3869,-3.569,-2.2486,-7.7659,-0.4433,1739364895934.272
3512,3848407808,0,-8.8679,1.3176,-3.8334,-2.165,-7.5311,-0.4366,1739364895944.2734
3513,4016179968,0,-8.8218,1.2251,-3.7012,-2.0442,-7.4137,-0.4298,1739364895954.275
3514,4183952128,0,-8.8448,1.202,-3.7012,-1.9884,-7.3505,-0.4366,1739364895964.2764
3515,56822528,0,-8.8218,1.2251,-3.9656,-1.9513,-7.2692,-0.4366,1739364895974.2778
3516,224594688,0,-8.7527,1.1326,-4.0978,-1.8583,-7.1338,-0.4298,1739364895984.2793
3517,392366848,0,-8.7757,1.1558,-4.23,-1.8398,-7.0074,-0.4298,1739364895994.2808
3518,560139008,0,-8.7988,1.1789,-4.23,-1.8212,-6.9171,-0.4366,1739364896004.2825
3519,727911168,0,-8.7757,1.0864,-4.23,-1.7283,-6.7816,-0.4433,1739364896014.284
3520,895683328,0,-8.7066,1.0633,-4.23,-1.6539,-6.6191,-0.4366,1739364896024.2854
3521,1063455488,0,-8.7527,1.0864,-4.0978,-1.6353,-6.5197,-0.4298,1739364896034.2869
3522,1231227648,0,-8.7757,1.0633,-4.23,-1.6167,-6.4836,-0.4298,1739364896044.2883
3523,1398999808,0,-8.5915,0.9939,-4.23,-1.5424,-6.303,-0.4433,1739364896054.2898
3524,1566771968,0,-8.269,0.9246,-4.23,-1.4774,-6.014,-0.4567,1739364896064.2915
3525,1734544128,0,-7.9235,0.9477,-4.23,-1.5052,-5.689,-0.45,1739364896074.293
3526,1902316288,0,-7.8083,0.9015,-4.23,-1.496,-5.5625,-0.4366,1739364896084.2944
3527,2070088448,0,-7.7622,0.8784,-4.3621,-1.4495,-5.5264,-0.4433,1739364896094.296
3528,2237860608,0,-7.7622,0.809,-4.3621,-1.403,-5.4993,-0.45,1739364896104.2974
3529,2405632768,0,-7.8544,0.8321,-4.3621,-1.4309,-5.5445,-0.45,1739364896114.2988
3530,2573404928,0,-7.9235,0.9015,-4.23,-1.4588,-5.6167,-0.4433,1739364896124.3003
3531,2741177088,0,-8.0156,0.9477,-4.4943,-1.496,-5.689,-0.4366,1739364896134.302
3532,2908949248,0,-8.0617,0.9246,-4.6265,-1.5238,-5.7431,-0.4433,1739364896144.3035
3533,3076721408,0,-8.1077,0.9015,-4.7587,-1.5052,-5.7702,-0.4433,1739364896154.305
3534,3244493568,0,-8.1308,0.9015,-4.7587,-1.4867,-5.7702,-0.45,1739364896164.3064
3535,3412265728,0,-8.1308,0.9246,-4.7587,-1.4867,-5.7431,-0.45,1739364896174.3079
3536,3580037888,0,-8.0617,0.9708,-4.7587,-1.5331,-5.7251,-0.4567,1739364896184.3093
3537,3747810048,0,-8.0156,1.0171,-4.6265,-1.5796,-5.6799,-0.45,1739364896194.3108
3538,3915582208,0,-7.9695,0.9708,-4.4943,-1.5424,-5.6528,-0.45,1739364896204.3125
3539,4083354368,0,-7.9004,0.9246,-4.4943,-1.5052,-5.6077,-0.4567,1739364896214.314
3540,4251126528,0,-7.8774,0.9246,-4.6265,-1.5052,-5.6077,-0.4634,1739364896224.3154
3541,123996928,0,-7.9004,0.9246,-4.4943,-1.496,-5.6257,-0.4634,1739364896234.317
3542,291769088,0,-7.9695,0.9477,-4.4943,-1.496,-5.716,-0.4769,1739364896244.3184
3543,459541248,0,-8.1077,0.9477,-4.7587,-1.5238,-5.8154,-0.4903,1739364896254.3198
3544,627313408,0,-8.1308,0.9708,-4.6265,-1.561,-5.8605,-0.4903,1739364896264.3213
3545,795085568,0,-8.1999,1.0402,-4.4943,-1.6075,-5.9147,-0.4769,1739364896274.323
3546,962857728,0,-8.2459,1.0402,-4.4943,-1.6539,-5.9599,-0.4701,1739364896284.3245
3547,1130629888,0,-8.269,1.0864,-4.4943,-1.6632,-5.9779,-0.4634,1739364896294.326
3548,1298402048,0,-8.1768,1.0633,-4.3621,-1.7004,-5.9418,-0.4634,1739364896304.3274
3549,1466174208,0,-8.0386,1.0864,-4.23,-1.7468,-5.8244,-0.4567,1739364896314.3289
3550,1633946368,0,-7.8313,1.1095,-3.9656,-1.7375,-5.698,-0.4634,1739364896324.3303
3551,1801718528,0,-7.624,1.0402,-3.8334,-1.7004,-5.5896,-0.4634,1739364896334.3318
3552,1969490688,0,-7.4398,0.9939,-3.7012,-1.6818,-5.4813,-0.4634,1739364896344.3335
3553,2137262848,0,-7.2555,0.9015,-3.569,-1.6075,-5.4,-0.4836,1739364896354.335
3554,2305035008,0,-7.0712,0.8321,-3.7012,-1.5331,-5.3277,-0.4903,1739364896364.3364
3555,2472807168,0,-6.91,0.7165,-3.4368,-1.4774,-5.2736,-0.5037,1739364896374.338
3556,2640579328,0,-6.8179,0.7628,-3.3046,-1.4867,-5.3187,-0.5239,1739364896384.3394
3557,2808351488,0,-6.7027,0.7165,-3.3046,-1.4495,-5.3368,-0.5373,1739364896394.3408
3558,2976123648,0,-6.6106,0.6241,-3.3046,-1.3937,-5.3368,-0.5507,1739364896404.3423
3559,3143895808,0,-6.5415,0.6241,-3.3046,-1.3845,-5.418,-0.5776,1739364896414.344
3560,3311667968,0,-6.4493,0.5779,-3.1725,-1.403,-5.4542,-0.6045,1739364896424.3455
3561,3479440128,0,-6.2881,0.601,-3.1725,-1.3937,-5.4451,-0.6246,1739364896434.347
3562,3647212288,0,-6.0578,0.4854,-3.0403,-1.3194,-5.391,-0.6381,1739364896444.3484
3563,3814984448,0,-5.7814,0.416,-2.9081,-1.2544,-5.2826,-0.6582,1739364896454.3499
3564,3982756608,0,-5.528,0.4392,-2.6437,-1.2822,-5.1833,-0.6649,1739364896464.3513
3565,4150528768,0,-5.2746,0.416,-2.6437,-1.3287,-5.0749,-0.6784,1739364896474.3528
3566,23399168,0,-5.0673,0.3467,-2.5115,-1.2822,-4.9936,-0.6851,1739364896484.3545
3567,191171328,0,-4.7909,0.3005,-2.3793,-1.18,-4.8582,-0.7052,1739364896494.356
3568,358943488,0,-4.5145,0.2773,-2.5115,-1.1522,-4.7227,-0.7187,1739364896504.3574
3569,526715648,0,-4.3763,0.2542,-2.2471,-1.1986,-4.6866,-0.7321,1739364896514.359
3570,694487808,0,-4.3533,0.208,-1.9828,-1.1893,-4.7859,-0.759,1739364896524.3604
3571,862259968,0,-4.3303,0.2311,-2.115,-1.1893,-4.8762,-0.7926,1739364896534.3618
3572,1030032128,0,-4.2381,0.3236,-1.9828,-1.2915,-4.9214,-0.806,1739364896544.3633
3573,1197804288,0,-4.1229,0.3005,-1.8506,-1.3566,-4.9665,-0.8261,1739364896554.365
3574,1365576448,0,-4.0078,0.3005,-1.8506,-1.3845,-4.9846,-0.8329,1739364896564.3665
3575,1533348608,0,-3.8005,0.3005,-1.8506,-1.4123,-4.9214,-0.8463,1739364896574.368
3576,1701120768,0,-3.6162,0.3467,-1.8506,-1.496,-4.8853,-0.8597,1739364896584.3694
3577,1868892928,0,-3.4089,0.2542,-1.9828,-1.4867,-4.813,-0.8664,1739364896594.3708
3578,2036665088,0,-3.2707,0.2311,-1.9828,-1.4402,-4.7408,-0.8866,1739364896604.3723
3579,2204437248,0,-3.1325,0.3005,-1.8506,-1.5145,-4.6685,-0.9,1739364896614.3738
3580,2372209408,0,-3.1325,0.3698,-1.8506,-1.6167,-4.7318,-0.9135,1739364896624.3755
3581,2539981568,0,-3.1095,0.3236,-1.7184,-1.5982,-4.7408,-0.9202,1739364896634.377
3582,2707753728,0,-2.8561,0.2542,-1.8506,-1.5331,-4.5873,-0.9336,1739364896644.3784
3583,2875525888,0,-2.5106,0.3005,-1.7184,-1.5796,-4.3254,-0.9336,1739364896654.38
3584,3043298048,0,-2.119,0.3467,-1.7184,-1.6632,-3.9642,-0.9135,1739364896664.3813
3585,3211070208,0,-1.7966,0.3236,-1.5862,-1.7004,-3.6752,-0.8799,1739364896674.3828
3586,3378842368,0,-1.5432,0.2542,-1.454,-1.7004,-3.4404,-0.8597,1739364896684.3843
3587,3546614528,0,-1.3129,0.2542,-1.454,-1.719,-3.2598,-0.8463,1739364896694.386
3588,3714386688,0,-1.2207,0.3005,-1.454,-1.8026,-3.1966,-0.8261,1739364896704.3875
3589,3882158848,0,-1.0825,0.3005,-1.454,-1.849,-3.0883,-0.7993,1739364896714.389
3590,4049931008,0,-0.9443,0.3467,-1.5862,-1.8955,-2.9799,-0.7858,1739364896724.3904
3591,4217703168,0,-0.8983,0.4392,-1.454,-1.9884,-2.9348,-0.7657,1739364896734.3918
3592,90573568,0,-0.8522,0.3929,-1.454,-2.0256,-2.8896,-0.7522,1739364896744.3933
3593,258345728,0,-0.7601,0.3929,-1.3218,-2.0163,-2.7812,-0.7388,1739364896754.395
3594,426117888,0,-0.6219,0.3929,-1.3218,-2.0349,-2.6277,-0.7187,1739364896764.3965
3595,593890048,0,-0.5067,0.4392,-1.1896,-2.0906,-2.5194,-0.7119,1739364896774.398
3596,761662208,0,-0.3915,0.4392,-1.1896,-2.1185,-2.3929,-0.6851,1739364896784.3994
3597,929434368,0,-0.2303,0.416,-1.1896,-2.0906,-2.2485,-0.6716,1739364896794.401
3598,1097206528,0,-0.0921,0.3929,-1.0575,-2.0442,-2.104,-0.6582,1739364896804.4023
3599,1264978688,0,0.023,0.3467,-1.0575,-2.007,-1.9685,-0.6515,1739364896814.4038
3600,1432750848,0,0.1151,0.3236,-1.1896,-1.9606,-1.8692,-0.6515,1739364896824.4055
3601,1600523008,0,0.1612,0.3005,-1.1896,-1.942,-1.815,-0.6515,1739364896834.407
3602,1768295168,0,0.1612,0.3467,-1.3218,-1.9698,-1.806,-0.6448,1739364896844.4084
3603,1936067328,0,0.1842,0.3236,-1.454,-1.9327,-1.7699,-0.6381,1739364896854.41
3604,2103839488,0,0.2533,0.2311,-1.454,-1.849,-1.6976,-0.6246,1739364896864.4114
3605,2271611648,0,0.2533,0.3005,-1.454,-1.8955,-1.6796,-0.6246,1739364896874.4128
3606,2439383808,0,0.2303,0.3236,-1.454,-1.9606,-1.6705,-0.6179,1739364896884.4143
3607,2607155968,0,0.2764,0.3929,-1.5862,-1.9977,-1.6705,-0.6112,1739364896894.416
3608,2774928128,0,0.2994,0.416,-1.5862,-2.0163,-1.6344,-0.6045,1739364896904.4175
3609,2942700288,0,0.3455,0.4392,-1.5862,-2.0721,-1.5802,-0.591,1739364896914.419
3610,3110472448,0,0.3915,0.5085,-1.5862,-2.1278,-1.517,-0.5575,1739364896924.4204
3611,3278244608,0,0.3915,0.5547,-1.5862,-2.1557,-1.499,-0.5306,1739364896934.4219
3612,3446016768,0,0.3915,0.5779,-1.7184,-2.2114,-1.4719,-0.5172,1739364896944.4233
3613,3613788928,0,0.3915,0.6472,-1.7184,-2.3044,-1.4448,-0.5037,1739364896954.4248
3614,3781561088,0,0.3685,0.7165,-1.7184,-2.388,-1.4177,-0.4836,1739364896964.4265
3615,3949333248,0,0.3224,0.809,-1.7184,-2.453,-1.4267,-0.4567,1739364896974.428
3616,4117105408,0,0.2994,0.809,-1.9828,-2.5274,-1.4087,-0.4298,1739364896984.4294
3617,4284877568,0,0.3455,0.8321,-1.9828,-2.5181,-1.3725,-0.403,1739364896994.431
3618,157747968,0,0.3455,0.8552,-1.9828,-2.5367,-1.3184,-0.3761,1739364897004.4324
3619,325520128,0,0.3455,0.9015,-1.9828,-2.611,-1.2732,-0.3492,1739364897014.4338
3620,493292288,0,0.3224,0.8784,-2.115,-2.611,-1.2371,-0.3224,1739364897024.4353
3621,661064448,0,0.4146,0.9015,-2.115,-2.6296,-1.1287,-0.3022,1739364897034.437
3622,828836608,0,0.4606,0.9246,-2.115,-2.6853,-1.0655,-0.2753,1739364897044.4385
3623,996608768,0,0.4837,0.9477,-1.9828,-2.7039,-0.9933,-0.2485,1739364897054.44
3624,1164380928,0,0.5758,0.9477,-2.115,-2.7411,-0.8668,-0.2149,1739364897064.4414
3625,1332153088,0,0.6679,0.9708,-2.115,-2.7504,-0.7404,-0.1947,1739364897074.4429
3626,1499925248,0,0.691,0.9939,-2.115,-2.7597,-0.6411,-0.1746,1739364897084.4443
3627,1667697408,0,0.7601,1.0171,-2.115,-2.8061,-0.5959,-0.1679,1739364897094.4458
3628,1835469568,0,0.8292,0.9939,-2.115,-2.7504,-0.5147,-0.1544,1739364897104.4475
3629,2003241728,0,0.9213,0.9246,-2.2471,-2.7225,-0.3973,-0.1477,1739364897114.449
3630,2171013888,0,1.0134,0.9939,-2.115,-2.7504,-0.316,-0.1477,1739364897124.4504
3631,2338786048,0,1.0134,1.0171,-2.115,-2.7968,-0.325,-0.1343,1739364897134.452
3632,2506558208,0,0.9674,0.9939,-2.115,-2.7411,-0.325,-0.1141,1739364897144.4534
3633,2674330368,0,1.0365,0.9246,-2.115,-2.676,-0.2979,-0.1209,1739364897154.4548
3634,2842102528,0,1.1056,0.9477,-1.9828,-2.6482,-0.1986,-0.1141,1739364897164.4563
3635,3009874688,0,1.2207,0.9708,-1.9828,-2.6853,-0.1083,-0.1141,1739364897174.458
3636,3177646848,0,1.2668,0.9708,-1.9828,-2.6946,-0.0541,-0.1141,1739364897184.4595
3637,3345419008,0,1.3359,1.0171,-1.9828,-2.6853,-0.0361,-0.1141,1739364897194.461
3638,3513191168,0,1.2898,1.0171,-2.115,-2.7225,-0.0541,-0.1209,1739364897204.4624
3639,3680963328,0,1.2668,0.9939,-1.9828,-2.7597,-0.0903,-0.1276,1739364897214.4639
3640,3848735488,0,1.2207,1.0402,-2.115,-2.8061,-0.1264,-0.1343,1739364897224.4653
3641,4016507648,0,1.1747,1.0864,-2.115,-2.8433,-0.1896,-0.1343,1739364897234.4668
3642,4184279808,0,1.1286,1.1095,-2.115,-2.8897,-0.2347,-0.1276,1739364897244.4685
3643,57150208,0,1.1056,1.1095,-2.115,-2.9176,-0.2889,-0.1276,1739364897254.47
3644,224922368,0,1.0595,1.1095,-2.115,-2.9176,-0.2979,-0.1276,1739364897264.4714
3645,392694528,0,1.0365,1.1095,-2.2471,-2.9548,-0.3341,-0.1209,1739364897274.473
3646,560466688,0,0.9443,1.1095,-2.3793,-2.9455,-0.3431,-0.1209,1739364897284.4744
3647,728238848,0,0.8983,1.1326,-2.3793,-2.9734,-0.3973,-0.1276,1739364897294.4758
3648,896011008,0,0.8061,1.1789,-2.2471,-3.0198,-0.4605,-0.141,1739364897304.4773
3649,1063783168,0,0.737,1.2482,-2.115,-3.0942,-0.5056,-0.1477,1739364897314.479
3650,1231555328,0,0.8292,1.2944,-2.115,-3.1406,-0.4876,-0.141,1739364897324.4805
3651,1399327488,0,0.9213,1.3176,-2.2471,-3.2057,-0.4153,-0.141,1739364897334.482
3652,1567099648,0,0.9674,1.3638,-2.2471,-3.2335,-0.3612,-0.1276,1739364897344.4834
3653,1734871808,0,0.9213,1.3638,-2.3793,-3.2521,-0.3702,-0.1276,1739364897354.4849
3654,1902643968,0,0.8983,1.41,-2.5115,-3.2707,-0.3792,-0.1074,1739364897364.4863
3655,2070416128,0,0.8522,1.5256,-2.3793,-3.3358,-0.3521,-0.0873,1739364897374.4878
3656,2238188288,0,0.9443,1.5256,-2.3793,-3.4101,-0.2799,-0.0604,1739364897384.4895
3657,2405960448,0,1.0134,1.595,-2.3793,-3.4473,-0.1715,-0.0403,1739364897394.491
3658,2573732608,0,1.0595,1.6412,-2.2471,-3.4566,-0.0812,-0.0067,1739364897404.4924
3659,2741504768,0,1.0825,1.595,-2.3793,-3.4287,-0.009,0.0268,1739364897414.494
3660,2909276928,0,1.1056,1.595,-2.3793,-3.4287,0.027,0.047,1739364897424.4954
3661,3077049088,0,1.2438,1.6874,-2.5115,-3.4937,0.1715,0.0671,1739364897434.4968
3662,3244821248,0,1.405,1.6874,-2.5115,-3.4844,0.3521,0.1141,1739364897444.4985
3663,3412593408,0,1.6123,1.7105,-2.5115,-3.4566,0.614,0.1477,1739364897454.5
3664,3580365568,0,1.8196,1.7105,-2.5115,-3.4658,0.8307,0.1813,1739364897464.5015
3665,3748137728,0,1.9578,1.7337,-2.3793,-3.4473,0.9842,0.2283,1739364897474.503
3666,3915909888,0,2.1651,1.7799,-2.5115,-3.4473,1.1919,0.2619,1739364897484.5044
3667,4083682048,0,2.3033,1.7568,-2.5115,-3.3822,1.3635,0.2955,1739364897494.5059
3668,4251454208,0,2.4185,1.8261,-2.5115,-3.438,1.4899,0.3224,1739364897504.5073
3669,124324608,0,2.4645,1.8261,-2.5115,-3.4473,1.5893,0.3627,1739364897514.509
3670,292096768,0,2.6027,1.803,-2.6437,-3.4101,1.7608,0.3895,1739364897524.5105
3671,459868928,0,2.8331,1.8261,-2.6437,-3.3822,1.9595,0.4097,1739364897534.512
3672,627641088,0,2.9943,1.8492,-2.5115,-3.3543,2.1762,0.4298,1739364897544.5134
3673,795413248,0,3.0864,1.8955,-2.5115,-3.3915,2.2665,0.45,1739364897554.515
3674,963185408,0,3.1555,1.9186,-2.3793,-3.3915,2.3207,0.4769,1739364897564.5164
3675,1130957568,0,3.2707,1.8492,-2.3793,-3.28,2.4381,0.4701,1739364897574.5178
3676,1298729728,0,3.3859,1.8261,-2.5115,-3.2057,2.5374,0.4701,1739364897584.5195
3677,1466501888,0,3.3628,1.8955,-2.3793,-3.2707,2.5645,0.4769,1739364897594.521
3678,1634274048,0,3.3168,1.9648,-2.3793,-3.3265,2.5103,0.4836,1739364897604.5225
3679,1802046208,0,3.2707,1.9648,-2.2471,-3.3543,2.4652,0.4634,1739364897614.524
3680,1969818368,0,3.2016,1.9648,-2.2471,-3.3822,2.411,0.4567,1739364897624.5254
3681,2137590528,0,3.2246,2.011,-2.2471,-3.4473,2.3929,0.4567,1739364897634.5269
3682,2305362688,0,3.1555,2.0804,-2.2471,-3.5123,2.3207,0.4567,1739364897644.5283
3683,2473134848,0,3.1095,2.1266,-2.3793,-3.5495,2.2485,0.45,1739364897654.53
3684,2640907008,0,3.0864,2.1266,-2.2471,-3.5774,2.2304,0.4433,1739364897664.5315
3685,2808679168,0,3.0404,2.1497,-2.2471,-3.6052,2.1943,0.4433,1739364897674.533
3686,2976451328,0,3.0634,2.1035,-2.115,-3.6052,2.1762,0.4298,1739364897684.5344
3687,3144223488,0,3.0864,2.1266,-2.115,-3.5959,2.1762,0.4298,1739364897694.536
3688,3311995648,0,3.0634,2.1266,-2.115,-3.6238,2.1491,0.4298,1739364897704.5374
3689,3479767808,0,2.9943,2.1266,-2.115,-3.6238,2.113,0.4298,1739364897714.5388
3690,3647539968,0,2.9482,2.1035,-2.2471,-3.5866,2.0859,0.4298,1739364897724.5405
3691,3815312128,0,2.8791,2.0573,-2.115,-3.5402,2.0498,0.4298,1739364897734.542
3692,3983084288,0,2.81,2.0804,-2.115,-3.5774,1.9776,0.4164,1739364897744.5435
3693,4150856448,0,2.787,2.1035,-2.115,-3.5774,1.9505,0.403,1739364897754.545
3694,23726848,0,2.764,2.1035,-2.115,-3.5309,1.9414,0.403,1739364897764.5464
3695,191499008,0,2.6949,2.0804,-1.9828,-3.5402,1.8511,0.3963,1739364897774.5479
3696,359271168,0,2.4645,2.0804,-2.115,-3.5866,1.6976,0.3761,1739364897784.5493
3697,527043328,0,2.3033,2.1266,-2.115,-3.6331,1.499,0.3761,1739364897794.551
3698,694815488,0,2.073,2.1729,-2.2471,-3.661,1.3906,0.3694,1739364897804.5525
3699,862587648,0,1.9117,2.2191,-2.3793,-3.726,1.2642,0.3694,1739364897814.554
3700,1030359808,0,1.7275,2.2653,-2.2471,-3.7911,1.1016,0.3627,1739364897824.5554
3701,1198131968,0,1.4741,2.3116,-2.3793,-3.8375,0.9391,0.3492,1739364897834.557
3702,1365904128,0,1.2668,2.3347,-2.5115,-3.884,0.7765,0.3425,1739364897844.5583
3703,1533676288,0,1.0825,2.3347,-2.6437,-3.9119,0.6321,0.3358,1739364897854.5598
3704,1701448448,0,0.8752,2.3578,-2.5115,-3.9304,0.4876,0.3291,1739364897864.5615
3705,1869220608,0,0.7601,2.3809,-2.5115,-3.9304,0.4153,0.3089,1739364897874.563
3706,2036992768,0,0.691,2.3116,-2.5115,-3.9026,0.4244,0.3224,1739364897884.5645
3707,2204764928,0,0.6219,2.3578,-2.5115,-3.9119,0.3521,0.3156,1739364897894.566
3708,2372537088,0,0.4376,2.404,-2.6437,-3.9769,0.2528,0.3224,1739364897904.5674
3709,2540309248,0,0.3455,2.4271,-2.7759,-3.9676,0.2167,0.3358,1739364897914.5688
3710,2708081408,0,0.2073,2.4271,-2.6437,-3.9769,0.1535,0.3358,1739364897924.5703
3711,2875853568,0,0.1612,2.4503,-2.5115,-3.9769,0.1625,0.3425,1739364897934.572
3712,3043625728,0,0.1612,2.4503,-2.5115,-3.9676,0.1715,0.3492,1739364897944.5735
3713,3211397888,0,0.1382,2.4271,-2.6437,-3.9955,0.1715,0.3492,1739364897954.575
3714,3379170048,0,0.1842,2.404,-2.6437,-3.9304,0.2438,0.3559,1739364897964.5764
3715,3546942208,0,0.2073,2.404,-2.6437,-3.8654,0.2979,0.3425,1739364897974.578
3716,3714714368,0,0.2994,2.3116,-2.6437,-3.7911,0.4424,0.3492,1739364897984.5793
3717,3882486528,0,0.3915,2.2884,-2.6437,-3.7446,0.5056,0.3492,1739364897994.5808
3718,4050258688,0,0.4606,2.2653,-2.7759,-3.6796,0.5959,0.3425,1739364898004.5825
3719,4218030848,0,0.6449,2.2191,-2.6437,-3.5866,0.7585,0.3492,1739364898014.584
3720,90901248,0,0.7601,2.2653,-2.3793,-3.5588,0.8759,0.3425,1739364898024.5854
3721,258673408,0,0.8752,2.2191,-2.5115,-3.5123,0.9662,0.3559,1739364898034.587
3722,426445568,0,1.0134,2.196,-2.5115,-3.4658,1.0655,0.3627,1739364898044.5884
3723,594217728,0,1.1056,2.1497,-2.5115,-3.4194,1.1558,0.3627,1739364898054.5898
3724,761989888,0,1.1516,2.1729,-2.3793,-3.4008,1.201,0.3559,1739364898064.5916
3725,929762048,0,1.1516,2.1729,-2.5115,-3.4287,1.1919,0.3627,1739364898074.593
3726,1097534208,0,1.1516,2.1729,-2.5115,-3.4287,1.201,0.3694,1739364898084.5945
3727,1265306368,0,1.1516,2.196,-2.5115,-3.4473,1.1829,0.3694,1739364898094.596
3728,1433078528,0,1.1747,2.196,-2.6437,-3.4566,1.1739,0.3627,1739364898104.5974
3729,1600850688,0,1.0825,2.2191,-2.6437,-3.4473,1.1287,0.3694,1739364898114.5989
3730,1768622848,0,1.0825,2.196,-2.6437,-3.438,1.1107,0.3559,1739364898124.6003
3731,1936395008,0,1.0365,2.2422,-2.6437,-3.4287,1.1197,0.3694,1739364898134.602
3732,2104167168,0,1.0825,2.2191,-2.6437,-3.4194,1.1378,0.3627,1739364898144.6035
3733,2271939328,0,1.1056,2.196,-2.6437,-3.4194,1.1558,0.3559,1739364898154.605
3734,2439711488,0,1.0595,2.2191,-2.5115,-3.4008,1.1197,0.3559,1739364898164.6064
3735,2607483648,0,0.9443,2.2422,-2.6437,-3.4473,1.0294,0.3425,1739364898174.608
3736,2775255808,0,0.8752,2.2653,-2.7759,-3.5123,1.0023,0.3492,1739364898184.6094
3737,2943027968,0,0.8983,2.3347,-2.9081,-3.5402,1.0023,0.3291,1739364898194.6108
3738,3110800128,0,0.9213,2.2422,-2.7759,-3.503,1.0204,0.3358,1739364898204.6125
3739,3278572288,0,0.7831,2.2653,-2.6437,-3.5216,0.903,0.3358,1739364898214.614
3740,3446344448,0,0.5528,2.2653,-2.9081,-3.5774,0.7043,0.3224,1739364898224.6155
3741,3614116608,0,0.3685,2.2884,-2.7759,-3.6145,0.5327,0.3156,1739364898234.617
3742,3781888768,0,0.2764,2.3116,-2.7759,-3.6331,0.3882,0.2888,1739364898244.6184
3743,3949660928,0,0.1842,2.3347,-2.6437,-3.6703,0.2709,0.2753,1739364898254.6199
3744,4117433088,0,0.1151,2.2884,-2.6437,-3.6703,0.1625,0.2552,1739364898264.6213
3745,4285205248,0,0.0691,2.1729,-2.5115,-3.5959,0.027,0.2149,1739364898274.623
3746,158075648,0,-0.046,2.0804,-2.5115,-3.5402,-0.0632,0.1679,1739364898284.6245
3747,325847808,0,-0.1382,2.0804,-2.2471,-3.5588,-0.2438,0.1276,1739364898294.626
3748,493619968,0,-0.2764,2.0804,-2.3793,-3.5402,-0.4424,0.0806,1739364898304.6274
3749,661392128,0,-0.3915,1.9648,-2.2471,-3.438,-0.6411,0.0268,1739364898314.629
3750,829164288,0,-0.5067,1.9879,-2.2471,-3.4194,-0.8307,-0.0268,1739364898324.6304
3751,996936448,0,-0.6219,1.9879,-2.2471,-3.4101,-1.0113,-0.0671,1739364898334.6318
3752,1164708608,0,-0.737,1.8955,-2.115,-3.3358,-1.219,-0.1276,1739364898344.6335
3753,1332480768,0,-0.8292,1.8492,-2.2471,-3.2707,-1.4177,-0.1813,1739364898354.635
3754,1500252928,0,-0.9674,1.8261,-2.115,-3.2057,-1.6073,-0.235,1739364898364.6365
3755,1668025088,0,-1.1516,1.7799,-1.8506,-3.1964,-1.8963,-0.2821,1739364898374.638
3756,1835797248,0,-1.1977,1.7799,-1.9828,-3.1778,-2.0679,-0.3291,1739364898384.6394
3757,2003569408,0,-1.2898,1.7568,-1.8506,-3.1871,-2.2123,-0.3627,1739364898394.6409
3758,2171341568,0,-1.3129,1.7568,-1.7184,-3.1685,-2.3839,-0.4097,1739364898404.6423
3759,2339113728,0,-1.3129,1.7337,-1.7184,-3.1964,-2.4652,-0.4298,1739364898414.644
3760,2506885888,0,-1.3129,1.6643,-1.7184,-3.1499,-2.5735,-0.4567,1739364898424.6455
3761,2674658048,0,-1.2207,1.6874,-1.5862,-3.1592,-2.5645,-0.4836,1739364898434.647
3762,2842430208,0,-1.2898,1.7105,-1.5862,-3.1964,-2.6819,-0.497,1739364898444.6484
3763,3010202368,0,-1.3129,1.7337,-1.5862,-3.2057,-2.7812,-0.5239,1739364898454.65
3764,3177974528,0,-1.382,1.7799,-1.454,-3.2614,-2.8715,-0.544,1739364898464.6514
3765,3345746688,0,-1.3129,1.7337,-1.454,-3.2614,-2.9257,-0.5575,1739364898474.6528
3766,3513518848,0,-1.3359,1.6412,-1.454,-3.215,-2.9348,-0.5776,1739364898484.6545
3767,3681291008,0,-1.2898,1.7568,-1.5862,-3.2986,-2.9889,-0.5843,1739364898494.656
3768,3849063168,0,-1.2668,1.7337,-1.454,-3.2614,-2.9889,-0.591,1739364898504.6575
3769,4016835328,0,-1.2668,1.7105,-1.454,-3.2428,-3.0251,-0.5978,1739364898514.659
3770,4184607488,0,-1.2438,1.6412,-1.454,-3.1685,-3.0251,-0.6112,1739364898524.6604
3771,57477888,0,-1.1516,1.6412,-1.3218,-3.1592,-2.9528,-0.6179,1739364898534.6619
3772,225250048,0,-1.0825,1.6643,-1.1896,-3.1778,-2.8806,-0.5978,1739364898544.6633
3773,393022208,0,-1.0825,1.595,-1.1896,-3.1128,-2.8806,-0.6045,1739364898554.665
3774,560794368,0,-1.1516,1.5718,-1.1896,-3.0663,-2.9528,-0.6045,1739364898564.6665
3775,728566528,0,-1.2438,1.595,-1.3218,-3.0663,-3.0251,-0.6112,1739364898574.668
3776,896338688,0,-1.2438,1.595,-1.3218,-3.0756,-3.0521,-0.6045,1739364898584.6694
3777,1064110848,0,-1.2668,1.5487,-1.3218,-3.0942,-3.016,-0.6045,1739364898594.671
3778,1231883008,0,-1.2668,1.6181,-1.3218,-3.122,-3.016,-0.6112,1739364898604.6724
3779,1399655168,0,-1.2668,1.6181,-1.3218,-3.1406,-3.0251,-0.6045,1739364898614.6738
3780,1567427328,0,-1.3129,1.6181,-1.3218,-3.1313,-3.0251,-0.5978,1739364898624.6755
3781,1735199488,0,-1.3359,1.6181,-1.3218,-3.1128,-3.0341,-0.5978,1739364898634.677
3782,1902971648,0,-1.405,1.6412,-1.3218,-3.1406,-3.0792,-0.5776,1739364898644.6785
3783,2070743808,0,-1.428,1.6643,-1.454,-3.2335,-3.1334,-0.5843,1739364898654.68
3784,2238515968,0,-1.4971,1.6874,-1.7184,-3.2057,-3.1605,-0.5776,1739364898664.6814
3785,2406288128,0,-1.5202,1.7105,-1.7184,-3.1964,-3.1605,-0.5843,1739364898674.6829
3786,2574060288,0,-1.6814,1.7105,-1.8506,-3.2428,-3.2508,-0.5978,1739364898684.6843
3787,2741832448,0,-1.8426,1.7568,-1.8506,-3.2614,-3.4404,-0.5978,1739364898694.686
3788,2909604608,0,-1.9348,1.6412,-1.9828,-3.1592,-3.5759,-0.6179,1739364898704.6875
3789,3077376768,0,-2.096,1.595,-1.8506,-3.0756,-3.7384,-0.6381,1739364898714.689
3790,3245148928,0,-2.3033,1.5718,-2.115,-3.0013,-3.9823,-0.6448,1739364898724.6904
3791,3412921088,0,-2.6488,1.5718,-2.2471,-2.9641,-4.3073,-0.6784,1739364898734.692
3792,3580693248,0,-3.0173,1.5718,-2.5115,-2.9176,-4.6234,-0.6985,1739364898744.6934
3793,3748465408,0,-3.3859,1.5487,-2.9081,-2.8526,-4.9575,-0.7187,1739364898754.695
3794,3916237568,0,-3.8005,1.5256,-2.7759,-2.7597,-5.2555,-0.7522,1739364898764.6965
3795,4084009728,0,-4.0999,1.5025,-2.9081,-2.6946,-5.5625,-0.7926,1739364898774.698
3796,4251781888,0,-4.4454,1.4794,-2.7759,-2.611,-5.8063,-0.8329,1739364898784.6995
3797,124652288,0,-4.7218,1.41,-2.9081,-2.5181,-6.0231,-0.853,1739364898794.701
3798,292424448,0,-4.9752,1.3407,-3.1725,-2.4159,-6.2579,-0.8866,1739364898804.7024
3799,460196608,0,-5.2286,1.41,-2.9081,-2.3787,-6.4114,-0.9067,1739364898814.7039
3800,627968768,0,-5.528,1.41,-3.1725,-2.3973,-6.6281,-0.9403,1739364898824.7056
3801,795740928,0,-5.7814,1.3638,-3.0403,-2.2951,-6.8268,-0.9538,1739364898834.707
3802,963513088,0,-5.9656,1.2944,-3.0403,-2.2114,-6.908,-0.9806,1739364898844.7085
3803,1131285248,0,-6.242,1.2713,-2.9081,-2.1743,-7.0886,-1.0142,1739364898854.71
3804,1299057408,0,-6.5875,1.2713,-2.9081,-2.0999,-7.3595,-1.0478,1739364898864.7114
3805,1466829568,0,-6.8639,1.2482,-3.0403,-2.0721,-7.6214,-1.0881,1739364898874.713
3806,1634601728,0,-7.1864,1.2713,-2.9081,-2.0442,-7.9375,-1.1284,1739364898884.7144
3807,1802373888,0,-7.3707,1.2482,-3.0403,-2.0349,-8.091,-1.1485,1739364898894.716
3808,1970146048,0,-7.5319,1.1789,-3.1725,-1.9884,-8.1632,-1.162,1739364898904.7175
3809,2137918208,0,-7.7392,1.1558,-3.3046,-1.9513,-8.3258,-1.1821,1739364898914.719
3810,2305690368,0,-7.8083,1.1326,-3.1725,-1.8955,-8.3438,-1.2224,1739364898924.7205
3811,2473462528,0,-7.9465,1.1789,-3.1725,-1.8769,-8.398,-1.2292,1739364898934.722
3812,2641234688,0,-8.0156,1.1095,-3.3046,-1.8305,-8.4341,-1.2359,1739364898944.7234
3813,2809006848,0,-8.1077,0.9939,-3.4368,-1.7283,-8.4702,-1.256,1739364898954.7249
3814,2976779008,0,-8.1308,0.9939,-3.569,-1.6725,-8.4793,-1.2627,1739364898964.7266
3815,3144551168,0,-8.1538,1.0171,-3.569,-1.6818,-8.4793,-1.2627,1739364898974.728
3816,3312323328,0,-8.1999,0.9708,-3.569,-1.6725,-8.4973,-1.256,1739364898984.7295
3817,3480095488,0,-8.1768,0.8784,-3.7012,-1.5517,-8.4522,-1.2627,1739364898994.731
3818,3647867648,0,-8.1538,0.8321,-3.569,-1.5052,-8.4341,-1.2829,1739364899004.7324
3819,3815639808,0,-8.269,0.8321,-3.8334,-1.4867,-8.5154,-1.2762,1739364899014.734
3820,3983411968,0,-8.3841,0.7859,-3.8334,-1.4216,-8.6147,-1.2829,1739364899024.7354
3821,4151184128,0,-8.5224,0.7628,-3.8334,-1.3845,-8.7321,-1.2896,1739364899034.737
3822,24054528,0,-8.5915,0.7859,-3.8334,-1.3659,-8.7953,-1.2896,1739364899044.7385
3823,191826688,0,-8.5684,0.7628,-3.8334,-1.3566,-8.7863,-1.2762,1739364899054.74
3824,359598848,0,-8.5684,0.6934,-3.8334,-1.3194,-8.8134,-1.2762,1739364899064.7415
3825,527371008,0,-8.5454,0.6703,-3.8334,-1.2729,-8.7773,-1.2896,1739364899074.743
3826,695143168,0,-8.4763,0.7397,-3.8334,-1.338,-8.7411,-1.2829,1739364899084.7444
3827,862915328,0,-8.4763,0.7397,-3.8334,-1.3566,-8.687,-1.256,1739364899094.7458
3828,1030687488,0,-8.3841,0.6703,-3.8334,-1.2822,-8.5696,-1.2426,1739364899104.7476
3829,1198459648,0,-8.3611,0.6703,-3.8334,-1.3008,-8.5515,-1.2359,1739364899114.749
3830,1366231808,0,-8.3841,0.7628,-3.8334,-1.403,-8.5515,-1.2224,1739364899124.7505
3831,1534003968,0,-8.3611,0.809,-3.7012,-1.4495,-8.5244,-1.2157,1739364899134.752
3832,1701776128,0,-8.292,0.809,-3.7012,-1.4309,-8.4973,-1.209,1739364899144.7534
3833,1869548288,0,-8.292,0.809,-3.8334,-1.4774,-8.5154,-1.209,1739364899154.755
3834,2037320448,0,-8.4072,0.8784,-3.9656,-1.5424,-8.5876,-1.2023,1739364899164.7563
3835,2205092608,0,-8.4993,0.9246,-4.0978,-1.5517,-8.6599,-1.1889,1739364899174.758
3836,2372864768,0,-8.6145,1.0171,-3.9656,-1.626,-8.7141,-1.1821,1739364899184.7595
3837,2540636928,0,-8.6375,1.1558,-3.9656,-1.7654,-8.696,-1.1485,1739364899194.761
3838,2708409088,0,-8.6836,1.2944,-3.9656,-1.9234,-8.6418,-1.1015,1739364899204.7625
3839,2876181248,0,-8.7297,1.2482,-4.0978,-1.9513,-8.6057,-1.0478,1739364899214.764
3840,3043953408,0,-8.7527,1.2482,-4.23,-1.9327,-8.5425,-1.0142,1739364899224.7654
3841,3211725568,0,-8.7066,1.3407,-4.23,-2.007,-8.398,-0.9672,1739364899234.7668
3842,3379497728,0,-8.6145,1.3638,-4.4943,-2.0535,-8.1993,-0.9067,1739364899244.7686
3843,3547269888,0,-8.5915,1.3869,-4.4943,-2.0813,-8.0368,-0.853,1739364899254.77
3844,3715042048,0,-8.5915,1.4563,-4.4943,-2.1185,-7.9194,-0.806,1739364899264.7715
3845,3882814208,0,-8.5224,1.41,-4.6265,-2.1092,-7.7388,-0.7455,1739364899274.773
3846,4050586368,0,-8.4532,1.4563,-4.6265,-2.1743,-7.5763,-0.7052,1739364899284.7744
3847,4218358528,0,-8.4072,1.4563,-4.6265,-2.2021,-7.4679,-0.6515,1739364899294.776
3848,91228928,0,-8.292,1.4794,-4.8909,-2.165,-7.2692,-0.6045,1739364899304.7773
3849,259001088,0,-8.2229,1.4794,-4.7587,-2.1557,-7.1067,-0.5575,1739364899314.779
3850,426773248,0,-8.1308,1.4331,-5.0231,-2.1278,-6.9351,-0.5104,1739364899324.7805
3851,594545408,0,-8.0617,1.3869,-4.8909,-2.0535,-6.7455,-0.4634,1739364899334.782
3852,762317568,0,-7.9926,1.41,-4.7587,-2.0906,-6.61,-0.4298,1739364899344.7834
3853,930089728,0,-7.8083,1.4563,-4.7587,-2.1278,-6.4023,-0.3828,1739364899354.785
3854,1097861888,0,-7.7162,1.41,-4.7587,-2.1185,-6.2217,-0.3425,1739364899364.7864
3855,1265634048,0,-7.601,1.41,-4.8909,-2.1092,-6.0863,-0.3224,1739364899374.788
3856,1433406208,0,-7.5319,1.41,-5.0231,-2.0721,-5.9779,-0.2888,1739364899384.7896
3857,1601178368,0,-7.5089,1.3869,-5.0231,-2.0349,-5.9237,-0.2485,1739364899394.791
3858,1768950528,0,-7.4628,1.3407,-5.1553,-1.9977,-5.8605,-0.2485,1739364899404.7925
3859,1936722688,0,-7.4167,1.3638,-5.1553,-1.9698,-5.7702,-0.2216,1739364899414.794
3860,2104494848,0,-7.2555,1.3407,-5.0231,-1.9698,-5.6528,-0.2149,1739364899424.7954
3861,2272267008,0,-7.1634,1.2713,-4.8909,-1.8862,-5.5625,-0.2149,1739364899434.7969
3862,2440039168,0,-7.2094,1.2251,-4.8909,-1.8583,-5.6167,-0.2283,1739364899444.7986
3863,2607811328,0,-7.3246,1.2944,-5.0231,-1.8769,-5.716,-0.2283,1739364899454.8
3864,2775583488,0,-7.3937,1.3638,-5.1553,-1.9327,-5.7883,-0.2418,1739364899464.8015
3865,2943355648,0,-7.4398,1.3407,-5.1553,-1.9234,-5.8515,-0.2485,1739364899474.803
3866,3111127808,0,-7.4398,1.3407,-5.1553,-1.9513,-5.8876,-0.2485,1739364899484.8044
3867,3278899968,0,-7.5089,1.3869,-5.0231,-2.007,-5.9328,-0.2485,1739364899494.806
3868,3446672128,0,-7.5089,1.3869,-5.0231,-2.0535,-5.9508,-0.2485,1739364899504.8074
3869,3614444288,0,-7.4398,1.3869,-4.8909,-2.0721,-5.9689,-0.2686,1739364899514.809
3870,3782216448,0,-7.5089,1.4563,-4.8909,-2.1092,-6.0502,-0.2552,1739364899524.8105
3871,3949988608,0,-7.624,1.4794,-5.0231,-2.165,-6.1495,-0.2619,1739364899534.812
3872,4117760768,0,-7.8083,1.4794,-4.8909,-2.1464,-6.2759,-0.2686,1739364899544.8135
3873,4285532928,0,-7.8774,1.4563,-4.8909,-2.1464,-6.3933,-0.2888,1739364899554.815
3874,158403328,0,-7.9695,1.5025,-4.8909,-2.1557,-6.4565,-0.2955,1739364899564.8164
3875,326175488,0,-7.9695,1.5256,-4.7587,-2.165,-6.4655,-0.3022,1739364899574.8179
3876,493947648,0,-7.9235,1.5025,-4.6265,-2.1743,-6.5017,-0.3089,1739364899584.8196
3877,661719808,0,-7.9235,1.4794,-4.7587,-2.1371,-6.5468,-0.3291,1739364899594.821
3878,829491968,0,-7.9926,1.5025,-4.7587,-2.1464,-6.601,-0.3358,1739364899604.8225
3879,997264128,0,-8.0847,1.5718,-4.6265,-2.1929,-6.6823,-0.3358,1739364899614.824
3880,1165036288,0,-8.0847,1.5256,-4.6265,-2.1929,-6.7184,-0.3425,1739364899624.8254
3881,1332808448,0,-8.0617,1.5487,-4.4943,-2.1836,-6.6913,-0.3559,1739364899634.827
3882,1500580608,0,-8.0156,1.5256,-4.3621,-2.165,-6.6371,-0.3627,1739364899644.8284
3883,1668352768,0,-7.9235,1.5025,-4.23,-2.1743,-6.5829,-0.3627,1739364899654.83
3884,1836124928,0,-7.8083,1.4563,-4.0978,-2.1464,-6.5558,-0.3761,1739364899664.8315
3885,2003897088,0,-7.7162,1.4331,-4.0978,-2.1185,-6.5197,-0.3963,1739364899674.833
3886,2171669248,0,-7.578,1.3638,-4.0978,-2.0999,-6.5017,-0.4097,1739364899684.8345
3887,2339441408,0,-7.3707,1.2713,-4.0978,-2.0256,-6.4655,-0.4298,1739364899694.836
3888,2507213568,0,-7.1634,1.2251,-3.8334,-1.9513,-6.3752,-0.45,1739364899704.8374
3889,2674985728,0,-7.0252,1.1326,-3.8334,-1.9048,-6.3391,-0.4634,1739364899714.8389
3890,2842757888,0,-6.9561,1.1558,-3.7012,-1.9234,-6.3662,-0.4769,1739364899724.8406
3891,3010530048,0,-6.8179,1.1095,-3.7012,-1.9141,-6.3843,-0.5104,1739364899734.842
3892,3178302208,0,-6.7027,1.0864,-3.3046,-1.9048,-6.3933,-0.5239,1739364899744.8435
3893,3346074368,0,-6.4954,1.0402,-3.3046,-1.9141,-6.4023,-0.5507,1739364899754.845
3894,3513846528,0,-6.3111,0.9708,-3.3046,-1.8676,-6.3391,-0.5642,1739364899764.8464
3895,3681618688,0,-6.1038,0.9015,-3.3046,-1.8212,-6.303,-0.5843,1739364899774.848
3896,3849390848,0,-5.9196,0.9246,-3.0403,-1.8398,-6.2849,-0.6179,1739364899784.8494
3897,4017163008,0,-5.8735,0.9246,-3.0403,-1.8955,-6.3211,-0.6515,1739364899794.851
3898,4184935168,0,-5.8044,0.9477,-3.1725,-1.9141,-6.4294,-0.6716,1739364899804.8525
3899,57805568,0,-5.7583,0.8784,-3.0403,-1.8398,-6.5107,-0.6918,1739364899814.854
3900,225577728,0,-5.7123,0.7859,-3.0403,-1.8026,-6.5829,-0.7254,1739364899824.8555
3901,393349888,0,-5.7123,0.8552,-2.9081,-1.8676,-6.6913,-0.7522,1739364899834.857
3902,561122048,0,-5.7583,0.9015,-2.7759,-1.9141,-6.8538,-0.7724,1739364899844.8584
3903,728894208,0,-5.6662,0.8784,-2.7759,-1.9048,-6.89,-0.7926,1739364899854.8599
3904,896666368,0,-5.4359,0.809,-2.7759,-1.8769,-6.7906,-0.806,1739364899864.8616
3905,1064438528,0,-5.2055,0.8552,-2.5115,-1.9606,-6.6642,-0.8194,1739364899874.863
3906,1232210688,0,-5.1364,0.9477,-2.3793,-2.0721,-6.7094,-0.8194,1739364899884.8645
3907,1399982848,0,-5.2746,0.9477,-2.2471,-2.1185,-6.8809,-0.8463,1739364899894.866
3908,1567755008,0,-5.3207,0.9477,-2.2471,-2.1371,-7.0615,-0.8799,1739364899904.8674
3909,1735527168,0,-5.2977,0.9939,-2.2471,-2.2021,-7.1699,-0.8933,1739364899914.869
3910,1903299328,0,-5.2055,1.0402,-2.2471,-2.2672,-7.1789,-0.9067,1739364899924.8704
3911,2071071488,0,-5.2516,1.0402,-2.2471,-2.3044,-7.2602,-0.9067,1739364899934.872
3912,2238843648,0,-5.3668,1.0402,-2.2471,-2.3229,-7.4318,-0.9336,1739364899944.8735
3913,2406615808,0,-5.551,1.0633,-2.2471,-2.3415,-7.6214,-0.9403,1739364899954.875
3914,2574387968,0,-5.7583,1.1095,-2.2471,-2.3694,-7.8291,-0.9538,1739364899964.8765
3915,2742160128,0,-5.8505,1.1326,-1.9828,-2.3973,-7.9375,-0.9739,1739364899974.878
3916,2909932288,0,-5.8044,1.1558,-1.9828,-2.4251,-7.9375,-0.9806,1739364899984.8794
3917,3077704448,0,-5.8044,1.202,-1.9828,-2.4902,-7.9284,-0.9873,1739364899994.8809
3918,3245476608,0,-5.7583,1.202,-1.9828,-2.4995,-7.9104,-0.9672,1739364900004.8826
3919,3413248768,0,-5.6892,1.1789,-1.8506,-2.4809,-7.8381,-0.9739,1739364900014.884
3920,3581020928,0,-5.5971,1.1558,-1.9828,-2.4623,-7.7298,-0.9538,1739364900024.8855
3921,3748793088,0,-5.528,1.1558,-1.7184,-2.4902,-7.6485,-0.9403,1739364900034.887
3922,3916565248,0,-5.505,1.202,-1.7184,-2.5181,-7.6395,-0.947,1739364900044.8884
3923,4084337408,0,-5.551,1.1789,-1.7184,-2.5088,-7.6304,-0.9336,1739364900054.89
3924,4252109568,0,-5.551,1.1558,-1.8506,-2.4716,-7.6304,-0.9269,1739364900064.8916
3925,124979968,0,-5.528,1.1095,-1.8506,-2.4344,-7.6395,-0.9336,1739364900074.893
3926,292752128,0,-5.5971,1.1095,-1.9828,-2.388,-7.6485,-0.9269,1739364900084.8945
3927,460524288,0,-5.6432,1.1326,-1.9828,-2.388,-7.6846,-0.9269,1739364900094.896
3928,628296448,0,-5.6201,1.1326,-2.115,-2.3787,-7.6575,-0.9202,1739364900104.8975
3929,796068608,0,-5.551,1.1095,-2.2471,-2.3601,-7.5582,-0.9135,1739364900114.899
3930,963840768,0,-5.505,1.0864,-2.2471,-2.3415,-7.495,-0.9,1739364900124.9004
3931,1131612928,0,-5.4589,1.0864,-2.3793,-2.3229,-7.4318,-0.8866,1739364900134.902
3932,1299385088,0,-5.3668,1.0633,-2.5115,-2.2951,-7.3595,-0.8732,1739364900144.9036
3933,1467157248,0,-5.2286,1.0402,-2.5115,-2.2765,-7.206,-0.8597,1739364900154.905
3934,1634929408,0,-5.1825,1.0633,-2.5115,-2.3136,-7.1247,-0.853,1739364900164.9065
3935,1802701568,0,-5.0904,1.0633,-2.7759,-2.3415,-7.0796,-0.8329,1739364900174.908
3936,1970473728,0,-5.0443,1.0633,-2.7759,-2.3044,-6.9893,-0.8194,1739364900184.9094
3937,2138245888,0,-4.9982,1.0633,-2.9081,-2.2672,-6.9171,-0.806,1739364900194.911
3938,2306018048,0,-5.0213,1.0633,-2.9081,-2.2672,-6.8719,-0.7993,1739364900204.9126
3939,2473790208,0,-4.9752,1.0402,-3.1725,-2.2486,-6.8087,-0.7993,1739364900214.914
3940,2641562368,0,-4.8831,1.0171,-3.4368,-2.2114,-6.6642,-0.7993,1739364900224.9155
3941,2809334528,0,-4.7218,0.9939,-3.4368,-2.1836,-6.4385,-0.7858,1739364900234.917
3942,2977106688,0,-4.6067,0.9939,-3.569,-2.1836,-6.1946,-0.7522,1739364900244.9185
3943,3144878848,0,-4.5836,1.0633,-3.569,-2.2393,-6.0682,-0.7388,1739364900254.92
3944,3312651008,0,-4.5836,1.1095,-3.7012,-2.2393,-5.9237,-0.7254,1739364900264.9214
3945,3480423168,0,-4.4685,1.0633,-3.8334,-2.2393,-5.7251,-0.7052,1739364900274.923
3946,3648195328,0,-4.2612,1.0864,-3.9656,-2.2114,-5.4271,-0.6649,1739364900284.9246
3947,3815967488,0,-4.0538,1.0864,-3.9656,-2.1743,-5.0839,-0.6381,1739364900294.926
3948,3983739648,0,-3.9387,1.0633,-4.0978,-2.1836,-4.8672,-0.6381,1739364900304.9275
3949,4151511808,0,-3.9156,1.0402,-4.0978,-2.1185,-4.6956,-0.6112,1739364900314.929
3950,24382208,0,-3.8696,1.0633,-4.3621,-2.1371,-4.5331,-0.6045,1739364900324.9304
3951,192154368,0,-3.8005,1.0633,-4.4943,-2.1092,-4.3435,-0.5709,1739364900334.932
3952,359926528,0,-3.7544,1.0633,-4.6265,-2.0906,-4.1809,-0.544,1739364900344.9336
3953,527698688,0,-3.7314,1.0864,-4.7587,-2.0999,-4.0184,-0.544,1739364900354.935
3954,695470848,0,-3.6853,1.0633,-4.8909,-2.0813,-3.8649,-0.5373,1739364900364.9365
3955,863243008,0,-3.7544,1.0633,-5.0231,-2.0721,-3.7926,-0.5172,1739364900374.938
3956,1031015168,0,-3.7544,1.1095,-5.0231,-2.0813,-3.7023,-0.497,1739364900384.9395
3957,1198787328,0,-3.7544,1.1095,-5.1553,-2.0813,-3.5759,-0.4903,1739364900394.941
3958,1366559488,0,-3.7544,1.1558,-5.0231,-2.1092,-3.4585,-0.4567,1739364900404.9424
3959,1534331648,0,-3.7083,1.1326,-5.0231,-2.0999,-3.3682,-0.45,1739364900414.944
3960,1702103808,0,-3.7083,1.1789,-4.8909,-2.1278,-3.2508,-0.4298,1739364900424.9456
3961,1869875968,0,-3.6623,1.202,-4.8909,-2.165,-3.1695,-0.4231,1739364900434.947
3962,2037648128,0,-3.7314,1.2251,-5.0231,-2.1929,-3.1515,-0.4164,1739364900444.9485
3963,2205420288,0,-3.8235,1.2713,-5.0231,-2.23,-3.1966,-0.403,1739364900454.95
3964,2373192448,0,-3.8465,1.2482,-5.0231,-2.1929,-3.2147,-0.4164,1739364900464.9514
3965,2540964608,0,-3.9847,1.2944,-5.0231,-2.23,-3.2689,-0.4164,1739364900474.953
3966,2708736768,0,-4.0769,1.2713,-5.0231,-2.2393,-3.314,-0.4164,1739364900484.9546
3967,2876508928,0,-4.169,1.3407,-5.0231,-2.2765,-3.4134,-0.403,1739364900494.956
3968,3044281088,0,-4.3303,1.3869,-5.0231,-2.3322,-3.5307,-0.4231,1739364900504.9575
3969,3212053248,0,-4.5145,1.3869,-4.8909,-2.3601,-3.6843,-0.4298,1739364900514.959
3970,3379825408,0,-4.6067,1.41,-4.8909,-2.3973,-3.7836,-0.4298,1739364900524.9604
3971,3547597568,0,-4.6067,1.3869,-4.8909,-2.3787,-3.7836,-0.4433,1739364900534.962
3972,3715369728,0,-4.6297,1.3869,-4.8909,-2.3787,-3.7926,-0.4366,1739364900544.9634
3973,3883141888,0,-4.6758,1.3869,-4.7587,-2.3787,-3.8468,-0.4433,1739364900554.965
3974,4050914048,0,-4.7909,1.3869,-4.6265,-2.3415,-3.9552,-0.4634,1739364900564.9666
3975,4218686208,0,-4.8831,1.3638,-4.7587,-2.3136,-4.0545,-0.4836,1739364900574.968
3976,91556608,0,-4.9291,1.3407,-4.7587,-2.2765,-4.1267,-0.5104,1739364900584.9695
3977,259328768,0,-4.9982,1.2944,-4.7587,-2.2486,-4.1899,-0.5172,1739364900594.971
3978,427100928,0,-5.0673,1.2713,-4.8909,-2.1929,-4.2802,-0.5306,1739364900604.9724
3979,594873088,0,-5.1595,1.2482,-4.4943,-2.165,-4.3525,-0.5306,1739364900614.9739
3980,762645248,0,-5.1825,1.2482,-4.4943,-2.1371,-4.3976,-0.5507,1739364900624.9756
3981,930417408,0,-5.2516,1.2713,-4.4943,-2.165,-4.4518,-0.5575,1739364900634.977
3982,1098189568,0,-5.2977,1.3176,-4.4943,-2.1743,-4.5241,-0.5575,1739364900644.9785
3983,1265961728,0,-5.3668,1.2944,-4.4943,-2.165,-4.5512,-0.5507,1739364900654.98
3984,1433733888,0,-5.3668,1.2482,-4.3621,-2.1557,-4.5963,-0.5373,1739364900664.9814
3985,1601506048,0,-5.3437,1.2482,-4.4943,-2.1371,-4.5873,-0.544,1739364900674.983
3986,1769278208,0,-5.2516,1.2944,-4.3621,-2.1464,-4.5602,-0.5373,1739364900684.9846
3987,1937050368,0,-5.2977,1.3176,-4.3621,-2.2021,-4.5963,-0.5172,1739364900694.986
3988,2104822528,0,-5.4128,1.3407,-4.4943,-2.23,-4.7227,-0.5104,1739364900704.9875
3989,2272594688,0,-5.6201,1.3638,-4.6265,-2.2393,-4.8672,-0.497,1739364900714.989
3990,2440366848,0,-5.7583,1.3638,-4.4943,-2.2579,-4.9756,-0.5104,1739364900724.9905
3991,2608139008,0,-5.9426,1.4331,-4.4943,-2.2858,-5.1201,-0.5104,1739364900734.992
3992,2775911168,0,-6.196,1.4794,-4.4943,-2.3136,-5.3187,-0.5104,1739364900744.9934
3993,2943683328,0,-6.4263,1.5256,-4.23,-2.3601,-5.5264,-0.5037,1739364900754.995
3994,3111455488,0,-6.6566,1.595,-4.4943,-2.3973,-5.707,-0.5172,1739364900764.9966
3995,3279227648,0,-6.8409,1.6181,-4.6265,-2.388,-5.8696,-0.5239,1739364900774.998
3996,3446999808,0,-6.9561,1.595,-4.7587,-2.3787,-5.9328,-0.5239,1739364900784.9995
3997,3614771968,0,-7.1403,1.6874,-4.23,-2.4159,-6.0411,-0.5104,1739364900795.001
3998,3782544128,0,-7.3707,1.7337,-4.3621,-2.4809,-6.2037,-0.5104,1739364900805.0024
3999,3950316288,0,-7.5549,1.803,-4.23,-2.4995,-6.303,-0.4836,1739364900815.004
4000,4118088448,0,-7.7162,1.7799,-4.0978,-2.4995,-6.4294,-0.4701,1739364900825.0056
4001,4285860608,0,-7.8544,1.7799,-4.0978,-2.4902,-6.5468,-0.4701,1739364900835.007
4002,158731008,0,-7.9926,1.8261,-4.23,-2.5088,-6.6281,-0.4634,1739364900845.0085
4003,326503168,0,-8.0386,1.8955,-4.4943,-2.5459,-6.6461,-0.4433,1739364900855.01
4004,494275328,0,-8.1077,1.8723,-4.4943,-2.5552,-6.6281,-0.4231,1739364900865.0115
4005,662047488,0,-8.1999,1.8261,-4.4943,-2.5088,-6.6823,-0.403,1739364900875.013
4006,829819648,0,-8.292,1.7799,-4.4943,-2.453,-6.6642,-0.3895,1739364900885.0144
4007,997591808,0,-8.292,1.8261,-4.4943,-2.4623,-6.6191,-0.3627,1739364900895.016
4008,1165363968,0,-8.315,1.9186,-4.3621,-2.5274,-6.5558,-0.3156,1739364900905.0176
4009,1333136128,0,-8.3381,1.8955,-4.23,-2.4809,-6.4926,-0.2753,1739364900915.019
4010,1500908288,0,-8.292,1.803,-4.4943,-2.4251,-6.4204,-0.2753,1739364900925.0205
4011,1668680448,0,-8.1308,1.8261,-4.4943,-2.4066,-6.2217,-0.2485,1739364900935.022
4012,1836452608,0,-7.8313,1.803,-4.6265,-2.388,-5.9057,-0.2149,1739364900945.0234
4013,2004224768,0,-7.5089,1.7337,-4.4943,-2.3229,-5.5716,-0.2015,1739364900955.025
4014,2171996928,0,-7.3016,1.6874,-4.4943,-2.2858,-5.3639,-0.1679,1739364900965.0266
4015,2339769088,0,-7.2325,1.7105,-4.3621,-2.2951,-5.2465,-0.1544,1739364900975.028
4016,2507541248,0,-7.1173,1.6874,-4.4943,-2.2951,-5.1471,-0.141,1739364900985.0295
4017,2675313408,0,-6.8179,1.6181,-4.6265,-2.23,-4.9124,-0.1074,1739364900995.031
4018,2843085568,0,-6.5875,1.6181,-4.6265,-2.23,-4.7227,-0.094,1739364901005.0325
4019,3010857728,0,-6.5184,1.6874,-4.7587,-2.2951,-4.6505,-0.0806,1739364901015.034
4020,3178629888,0,-6.4033,1.6181,-4.8909,-2.2858,-4.5692,-0.0604,1739364901025.0354
4021,3346402048,0,-6.3342,1.5718,-4.8909,-2.2021,-4.497,-0.0537,1739364901035.037
4022,3514174208,0,-6.3111,1.6181,-4.8909,-2.2114,-4.4247,-0.047,1739364901045.0386
4023,3681946368,0,-6.3111,1.6874,-4.8909,-2.3136,-4.4428,-0.047,1739364901055.04
4024,3849718528,0,-6.2881,1.7337,-4.8909,-2.3973,-4.4338,-0.0335,1739364901065.0415
4025,4017490688,0,-6.219,1.7337,-4.8909,-2.4159,-4.3976,-0.0067,1739364901075.043
4026,4185262848,0,-6.1269,1.7105,-5.1553,-2.4344,-4.3073,0.0067,1739364901085.0444
4027,58133248,0,-6.0578,1.8261,-5.1553,-2.4995,-4.2622,0.0134,1739364901095.046
4028,225905408,0,-6.0117,1.8723,-5.1553,-2.5645,-4.2532,0.0268,1739364901105.0476
4029,393677568,0,-6.0347,1.9186,-5.0231,-2.6296,-4.2532,0.0268,1739364901115.049
4030,561449728,0,-6.0117,1.9879,-5.0231,-2.6853,-4.2532,0.0268,1739364901125.0505
4031,729221888,0,-6.0347,1.9879,-5.0231,-2.7039,-4.2622,0.0268,1739364901135.052
4032,896994048,0,-6.1269,2.011,-5.1553,-2.7132,-4.3254,0.0268,1739364901145.0535
4033,1064766208,0,-6.2651,2.011,-5.0231,-2.7411,-4.4338,0.0134,1739364901155.055
4034,1232538368,0,-6.4033,2.0804,-5.0231,-2.769,-4.5241,0.0134,1739364901165.0564
4035,1400310528,0,-6.4724,2.1497,-5.0231,-2.8061,-4.5602,0.0201,1739364901175.058
4036,1568082688,0,-6.5415,2.1729,-5.0231,-2.8712,-4.6053,0.0335,1739364901185.0596
4037,1735854848,0,-6.5415,2.1729,-5.1553,-2.834,-4.6324,0.0201,1739364901195.061
4038,1903627008,0,-6.5645,2.1729,-5.1553,-2.8061,-4.6144,0.0,1739364901205.0625
4039,2071399168,0,-6.6106,2.1729,-5.1553,-2.8247,-4.6324,-0.0067,1739364901215.064
4040,2239171328,0,-6.6797,2.2422,-5.0231,-2.8712,-4.6866,0.0,1739364901225.0654
4041,2406943488,0,-6.5645,2.2653,-5.0231,-2.8897,-4.6505,-0.0067,1739364901235.067
4042,2574715648,0,-6.4033,2.2653,-4.8909,-2.9176,-4.497,-0.0067,1739364901245.0686
4043,2742487808,0,-6.219,2.2884,-4.7587,-2.992,-4.3886,0.0201,1739364901255.07
4044,2910259968,0,-6.0578,2.3578,-4.7587,-3.0756,-4.3073,0.0335,1739364901265.0715
4045,3078032128,0,-5.9196,2.404,-4.7587,-3.122,-4.199,0.047,1739364901275.073
4046,3245804288,0,-5.7123,2.4503,-4.7587,-3.2057,-4.0635,0.0671,1739364901285.0745
4047,3413576448,0,-5.528,2.4965,-4.7587,-3.2707,-3.919,0.1007,1739364901295.076
4048,3581348608,0,-5.3668,2.4965,-5.0231,-3.3358,-3.7746,0.141,1739364901305.0774
4049,3749120768,0,-5.1134,2.4271,-4.6265,-3.3172,-3.603,0.1746,1739364901315.079
4050,3916892928,0,-4.86,2.4503,-4.6265,-3.3822,-3.4495,0.2216,1739364901325.0806
4051,4084665088,0,-4.5836,2.5196,-4.7587,-3.5216,-3.2689,0.2619,1739364901335.082
4052,4252437248,0,-4.2842,2.5196,-4.6265,-3.5402,-3.0702,0.3022,1739364901345.0835
4053,125307648,0,-4.0308,2.4734,-4.6265,-3.5588,-2.8986,0.3224,1739364901355.085
4054,293079808,0,-3.8005,2.4734,-4.7587,-3.5959,-2.7632,0.3627,1739364901365.0864
4055,460851968,0,-3.6853,2.4271,-4.7587,-3.5959,-2.7,0.403,1739364901375.0881
4056,628624128,0,-3.4319,2.4271,-4.8909,-3.6517,-2.5284,0.4366,1739364901385.0896
4057,796396288,0,-3.2016,2.4503,-4.8909,-3.6796,-2.3749,0.4701,1739364901395.091
4058,964168448,0,-2.9713,2.5427,-4.7587,-3.8004,-2.2033,0.5037,1739364901405.0925
4059,1131940608,0,-2.8331,2.5658,-4.7587,-3.8282,-2.113,0.5507,1739364901415.094
4060,1299712768,0,-2.6949,2.5658,-4.7587,-3.8561,-2.0227,0.5843,1739364901425.0955
4061,1467484928,0,-2.5336,2.5427,-4.7587,-3.8189,-1.8782,0.6112,1739364901435.097
4062,1635257088,0,-2.3263,2.6352,-4.7587,-3.9119,-1.7067,0.6448,1739364901445.0986
4063,1803029248,0,-2.096,2.6121,-4.7587,-3.9397,-1.5351,0.6716,1739364901455.1
4064,1970801408,0,-1.9348,2.6121,-4.4943,-3.9769,-1.3996,0.6985,1739364901465.1016
4065,2138573568,0,-1.8657,2.6814,-4.3621,-4.0048,-1.3635,0.7119,1739364901475.103
4066,2306345728,0,-1.8657,2.7045,-4.3621,-4.0327,-1.3996,0.7119,1739364901485.1045
4067,2474117888,0,-1.8657,2.7045,-4.4943,-4.0419,-1.4628,0.7119,1739364901495.106
4068,2641890048,0,-1.9348,2.7276,-4.4943,-4.0698,-1.517,0.7052,1739364901505.1074
4069,2809662208,0,-2.0269,2.7508,-4.4943,-4.0605,-1.6254,0.7052,1739364901515.1091
4070,2977434368,0,-2.2572,2.8432,-4.4943,-4.107,-1.8331,0.6985,1739364901525.1106
4071,3145206528,0,-2.5106,2.8432,-4.4943,-4.1442,-2.0769,0.6851,1739364901535.112
4072,3312978688,0,-2.6488,2.8432,-4.4943,-4.0977,-2.2575,0.6649,1739364901545.1135
4073,3480750848,0,-2.8791,2.9126,-4.23,-4.1535,-2.4923,0.6313,1739364901555.115
4074,3648523008,0,-3.1555,2.9819,-4.3621,-4.2185,-2.7271,0.6313,1739364901565.1165
4075,3816295168,0,-3.3628,2.9819,-4.23,-4.1999,-2.9257,0.6246,1739364901575.118
4076,3984067328,0,-3.5471,3.005,-4.23,-4.1627,-3.1154,0.5978,1739364901585.1196
4077,4151839488,0,-3.7314,3.0282,-4.0978,-4.2278,-3.2508,0.5776,1739364901595.121
4078,24709888,0,-3.7774,3.1206,-4.0978,-4.3021,-3.3321,0.5642,1739364901605.1226
4079,192482048,0,-3.8696,3.1668,-3.9656,-4.33,-3.3682,0.5575,1739364901615.124
4080,360254208,0,-3.8465,3.1206,-3.8334,-4.3579,-3.4224,0.544,1739364901625.1255
4081,528026368,0,-3.9156,3.19,-3.8334,-4.395,-3.4495,0.5306,1739364901635.127
4082,695798528,0,-4.0078,3.2131,-3.7012,-4.4229,-3.5669,0.5373,1739364901645.1284
4083,863570688,0,-4.0769,3.2131,-3.7012,-4.4508,-3.6391,0.544,1739364901655.1301
4084,1031342848,0,-4.0999,3.2362,-3.569,-4.4787,-3.6933,0.5239,1739364901665.1316
4085,1199115008,0,-4.0999,3.2362,-3.7012,-4.488,-3.7384,0.5239,1739364901675.133
4086,1366887168,0,-4.169,3.3055,-3.569,-4.488,-3.7926,0.5306,1739364901685.1345
4087,1534659328,0,-4.2381,3.2362,-3.569,-4.4601,-3.8649,0.5306,1739364901695.136
4088,1702431488,0,-4.2842,3.2362,-3.569,-4.4601,-3.9281,0.5104,1739364901705.1375
4089,1870203648,0,-4.3763,3.2362,-3.7012,-4.4322,-4.0093,0.4903,1739364901715.139
4090,2037975808,0,-4.4224,3.2362,-3.8334,-4.4601,-4.0274,0.4836,1739364901725.1406
4091,2205747968,0,-4.4915,3.2362,-3.7012,-4.4694,-4.0906,0.4701,1739364901735.142
4092,2373520128,0,-4.5606,3.2131,-3.569,-4.4508,-4.1719,0.45,1739364901745.1436
4093,2541292288,0,-4.6758,3.1668,-3.4368,-4.3672,-4.2441,0.4433,1739364901755.145
4094,2709064448,0,-4.7679,3.1437,-3.569,-4.3672,-4.3435,0.4366,1739364901765.1465
4095,2876836608,0,-4.837,3.1206,-3.7012,-4.3486,-4.4608,0.4298,1739364901775.148
4096,3044608768,0,-4.9752,3.0513,-3.7012,-4.3114,-4.5602,0.4231,1739364901785.1494
4097,3212380928,0,-5.1134,3.005,-3.8334,-4.2557,-4.6776,0.403,1739364901795.1511
4098,3380153088,0,-5.2516,3.005,-3.9656,-4.2092,-4.795,0.3828,1739364901805.1526
4099,3547925248,0,-5.4819,2.9588,-3.9656,-4.1535,-4.9575,0.3559,1739364901815.154
4100,3715697408,0,-5.7353,2.8895,-3.9656,-4.0791,-5.1291,0.3291,1739364901825.1555
4101,3883469568,0,-5.9656,3.005,-3.8334,-4.0698,-5.3007,0.3089,1739364901835.157
4102,4051241728,0,-6.1499,3.0513,-3.9656,-4.1256,-5.4542,0.2888,1739364901845.1584
4103,4219013888,0,-6.242,3.0513,-3.8334,-4.1163,-5.4993,0.2552,1739364901855.16
4104,91884288,0,-6.242,2.9588,-3.8334,-4.0141,-5.4813,0.2082,1739364901865.1616
4105,259656448,0,-6.242,2.9819,-3.9656,-4.0327,-5.4542,0.1813,1739364901875.163
4106,427428608,0,-6.3111,3.005,-3.9656,-4.0512,-5.4722,0.1612,1739364901885.1646
4107,595200768,0,-6.3342,2.9357,-3.8334,-3.9769,-5.4813,0.1276,1739364901895.166
4108,762972928,0,-6.4033,2.9126,-3.7012,-3.9583,-5.4993,0.0873,1739364901905.1675
4109,930745088,0,-6.5184,2.8895,-3.8334,-3.9026,-5.5896,0.0604,1739364901915.169
4110,1098517248,0,-6.5415,2.8432,-3.9656,-3.8468,-5.6077,0.0268,1739364901925.1704
4111,1266289408,0,-6.5415,2.8201,-3.9656,-3.7725,-5.5716,0.0067,1739364901935.172
4112,1434061568,0,-6.5875,2.7739,-3.9656,-3.7446,-5.5986,-0.0201,1739364901945.1736
4113,1601833728,0,-6.6566,2.8432,-3.9656,-3.8097,-5.6348,-0.0403,1739364901955.175
4114,1769605888,0,-6.6566,2.8432,-4.0978,-3.8004,-5.5625,-0.0403,1739364901965.1765
4115,1937378048,0,-6.4954,2.7508,-4.0978,-3.7353,-5.418,-0.0537,1739364901975.178
4116,2105150208,0,-6.3342,2.797,-3.9656,-3.7725,-5.2645,-0.0604,1739364901985.1794
4117,2272922368,0,-6.2651,2.8895,-3.9656,-3.8561,-5.1562,-0.0671,1739364901995.181
4118,2440694528,0,-6.0808,2.8432,-3.8334,-3.8282,-5.0297,-0.0738,1739364902005.1826
4119,2608466688,0,-5.8505,2.7508,-3.9656,-3.7539,-4.813,-0.0671,1739364902015.184
4120,2776238848,0,-5.6432,2.8432,-3.9656,-3.8375,-4.6415,-0.0671,1739364902025.1855
4121,2944011008,0,-5.551,2.9357,-4.0978,-3.9212,-4.5331,-0.0335,1739364902035.187
4122,3111783168,0,-5.4589,2.8895,-4.0978,-3.9119,-4.4338,-0.0134,1739364902045.1885
4123,3279555328,0,-5.3437,2.7276,-4.3621,-3.8282,-4.3254,-0.0268,1739364902055.19
4124,3447327488,0,-5.3207,2.7276,-4.23,-3.7353,-4.2622,-0.0134,1739364902065.1917
4125,3615099648,0,-5.3207,2.7045,-4.3621,-3.6981,-4.2441,-0.0335,1739364902075.193
4126,3782871808,0,-5.3207,2.6583,-4.3621,-3.6145,-4.2351,-0.0335,1739364902085.1946
4127,3950643968,0,-5.2746,2.6352,-4.4943,-3.5588,-4.217,-0.0604,1739364902095.196
4128,4118416128,0,-5.2516,2.6121,-4.4943,-3.5123,-4.1809,-0.0604,1739364902105.1975
4129,4286188288,0,-5.1825,2.5427,-4.4943,-3.4287,-4.1267,-0.0604,1739364902115.199
4130,159058688,0,-5.0673,2.4271,-4.4943,-3.3172,-4.0455,-0.0671,1739364902125.2004
4131,326830848,0,-4.9752,2.404,-4.3621,-3.2893,-3.9823,-0.0671,1739364902135.2021
4132,494603008,0,-4.9061,2.404,-4.3621,-3.3358,-3.91,-0.0671,1739364902145.2036
4133,662375168,0,-4.814,2.4271,-4.3621,-3.3358,-3.8107,-0.047,1739364902155.205
4134,830147328,0,-4.7218,2.3578,-4.4943,-3.2893,-3.7023,-0.0403,1739364902165.2065
4135,997919488,0,-4.6527,2.3347,-4.4943,-3.2707,-3.6391,-0.0403,1739364902175.208
4136,1165691648,0,-4.6527,2.3578,-4.4943,-3.3265,-3.6572,-0.0201,1739364902185.2095
4137,1333463808,0,-4.6758,2.4271,-4.6265,-3.3822,-3.6752,-0.0201,1739364902195.211
4138,1501235968,0,-4.7218,2.4503,-4.6265,-3.4287,-3.7023,-0.0134,1739364902205.2126
4139,1669008128,0,-4.7218,2.4965,-4.6265,-3.4658,-3.6933,-0.0067,1739364902215.214
4140,1836780288,0,-4.7449,2.4965,-4.6265,-3.4844,-3.6662,0.0134,1739364902225.2156
4141,2004552448,0,-4.6527,2.4965,-4.6265,-3.4844,-3.621,0.0201,1739364902235.217
4142,2172324608,0,-4.5145,2.4965,-4.7587,-3.4658,-3.5127,0.0201,1739364902245.2185
4143,2340096768,0,-4.5145,2.4734,-4.4943,-3.4751,-3.4766,0.0268,1739364902255.22
4144,2507868928,0,-4.5145,2.4965,-4.6265,-3.5123,-3.5037,0.0067,1739364902265.2214
4145,2675641088,0,-4.5376,2.5427,-4.6265,-3.5123,-3.5217,0.0067,1739364902275.2231
4146,2843413248,0,-4.4685,2.5196,-4.8909,-3.503,-3.4585,0.0134,1739364902285.2246
4147,3011185408,0,-4.3533,2.5196,-4.7587,-3.4751,-3.3592,0.0201,1739364902295.226
4148,3178957568,0,-4.2151,2.4734,-4.7587,-3.438,-3.2418,0.0268,1739364902305.2275
4149,3346729728,0,-4.0999,2.4503,-4.7587,-3.4194,-3.1063,0.0268,1739364902315.229
4150,3514501888,0,-4.0078,2.404,-4.7587,-3.3822,-2.998,0.0403,1739364902325.2305
4151,3682274048,0,-3.8465,2.3809,-4.7587,-3.3451,-2.8986,0.0403,1739364902335.232
4152,3850046208,0,-3.6623,2.3578,-4.7587,-3.3358,-2.7451,0.0403,1739364902345.2336
4153,4017818368,0,-3.455,2.2884,-4.8909,-3.2986,-2.5465,0.0604,1739364902355.235
4154,4185590528,0,-3.2016,2.2422,-4.7587,-3.2335,-2.3478,0.0537,1739364902365.2366
4155,58460928,0,-3.0404,2.196,-4.6265,-3.1685,-2.1762,0.0537,1739364902375.238
4156,226233088,0,-2.8331,2.1266,-4.6265,-3.122,-1.9956,0.047,1739364902385.2395
4157,394005248,0,-2.5567,2.1035,-4.7587,-3.0663,-1.7337,0.047,1739364902395.241
4158,561777408,0,-2.3263,2.0573,-4.8909,-3.0291,-1.5531,0.047,1739364902405.2424
4159,729549568,0,-2.1421,2.011,-5.0231,-2.9827,-1.3725,0.0537,1739364902415.2441
4160,897321728,0,-2.0039,1.9417,-5.0231,-2.9176,-1.2461,0.0537,1739364902425.2456
4161,1065093888,0,-1.8657,1.9417,-5.0231,-2.8805,-1.1558,0.0537,1739364902435.247
4162,1232866048,0,-1.7275,1.8955,-5.1553,-2.8526,-0.9752,0.0537,1739364902445.2485
4163,1400638208,0,-1.5662,1.8492,-4.8909,-2.7875,-0.8127,0.0537,1739364902455.25
4164,1568410368,0,-1.4511,1.8261,-4.7587,-2.7782,-0.7133,0.0403,1739364902465.2515
4165,1736182528,0,-1.382,1.8492,-4.8909,-2.7875,-0.6682,0.0335,1739364902475.253
4166,1903954688,0,-1.3129,1.803,-5.0231,-2.7504,-0.5779,0.0403,1739364902485.2546
4167,2071726848,0,-1.2207,1.7799,-5.0231,-2.7318,-0.5056,0.0268,1739364902495.256
4168,2239499008,0,-1.1747,1.803,-5.0231,-2.7225,-0.4334,0.0335,1739364902505.2576
4169,2407271168,0,-1.1056,1.803,-4.8909,-2.7411,-0.3341,0.0335,1739364902515.259
4170,2575043328,0,-1.1516,1.8492,-4.8909,-2.8061,-0.3612,0.0201,1739364902525.2605
4171,2742815488,0,-1.1747,1.9186,-4.7587,-2.8712,-0.3702,0.0268,1739364902535.262
4172,2910587648,0,-1.2668,1.9417,-4.6265,-2.9083,-0.4063,0.0134,1739364902545.2634
4173,3078359808,0,-1.405,1.9879,-4.7587,-2.9455,-0.5147,0.0067,1739364902555.2651
4174,3246131968,0,-1.6123,1.9648,-4.8909,-2.9362,-0.6682,-0.0134,1739364902565.2666
4175,3413904128,0,-1.8196,2.011,-5.0231,-2.9362,-0.8398,-0.0268,1739364902575.268
4176,3581676288,0,-1.9808,2.0342,-4.8909,-2.9641,-0.9752,-0.0335,1739364902585.2695
4177,3749448448,0,-2.1651,2.0804,-4.7587,-3.0198,-1.1287,-0.0403,1739364902595.271
4178,3917220608,0,-2.3263,2.1266,-4.6265,-3.057,-1.2913,-0.0403,1739364902605.2725
4179,4084992768,0,-2.5106,2.1497,-4.4943,-3.0756,-1.4177,-0.0537,1739364902615.274
4180,4252764928,0,-2.6258,2.1729,-4.4943,-3.0849,-1.5622,-0.0671,1739364902625.2756
4181,125635328,0,-2.764,2.1729,-4.4943,-3.0756,-1.6705,-0.0806,1739364902635.277
4182,293407488,0,-2.9252,2.2191,-4.4943,-3.1035,-1.7879,-0.094,1739364902645.2786
4183,461179648,0,-3.1325,2.2422,-4.3621,-3.1128,-1.9324,-0.094,1739364902655.28
4184,628951808,0,-3.2016,2.2191,-4.4943,-3.1128,-2.0317,-0.1074,1739364902665.2815
4185,796723968,0,-3.2707,2.2422,-4.4943,-3.1128,-2.0949,-0.1074,1739364902675.283
4186,964496128,0,-3.2937,2.2191,-4.4943,-3.122,-2.1401,-0.1209,1739364902685.2847
4187,1132268288,0,-3.3628,2.2422,-4.3621,-3.1313,-2.2304,-0.1276,1739364902695.2861
4188,1300040448,0,-3.4319,2.196,-4.4943,-3.0942,-2.2936,-0.1209,1739364902705.2876
4189,1467812608,0,-3.5241,2.196,-4.4943,-3.0756,-2.3568,-0.1276,1739364902715.289
4190,1635584768,0,-3.5932,2.2191,-4.3621,-3.0663,-2.4291,-0.1276,1739364902725.2905
4191,1803356928,0,-3.6392,2.2191,-4.3621,-3.0942,-2.4923,-0.1343,1739364902735.292
4192,1971129088,0,-3.6853,2.2422,-4.3621,-3.0849,-2.5284,-0.1276,1739364902745.2935
4193,2138901248,0,-3.7314,2.2191,-4.3621,-3.0663,-2.5735,-0.1209,1739364902755.2952
4194,2306673408,0,-3.7314,2.196,-4.3621,-3.0291,-2.6187,-0.1276,1739364902765.2966
4195,2474445568,0,-3.8005,2.196,-4.23,-3.0013,-2.6638,-0.1276,1739364902775.298
4196,2642217728,0,-3.8465,2.1729,-4.3621,-3.0291,-2.709,-0.1276,1739364902785.2996
4197,2809989888,0,-3.8696,2.1729,-4.23,-3.0384,-2.718,-0.1276,1739364902795.301
4198,2977762048,0,-3.8235,2.1729,-4.3621,-3.0198,-2.709,-0.1276,1739364902805.3025
4199,3145534208,0,-3.8235,2.1266,-4.23,-2.992,-2.7271,-0.1343,1739364902815.304
4200,3313306368,0,-3.9387,2.1497,-4.23,-3.0105,-2.8174,-0.1209,1739364902825.3057
4201,3481078528,0,-4.0308,2.2191,-4.3621,-3.0849,-2.9077,-0.1141,1739364902835.3071
4202,3648850688,0,-4.0538,2.2191,-4.23,-3.0756,-2.9618,-0.1141,1739364902845.3086
4203,3816622848,0,-4.1229,2.2653,-4.23,-3.122,-3.007,-0.1007,1739364902855.31
4204,3984395008,0,-4.2151,2.3116,-4.0978,-3.1871,-3.1063,-0.094,1739364902865.3115
4205,4152167168,0,-4.2842,2.3347,-3.9656,-3.2335,-3.1876,-0.0806,1739364902875.313
4206,25037568,0,-4.2612,2.3809,-3.9656,-3.2893,-3.2327,-0.0806,1739364902885.3145
4207,192809728,0,-4.2151,2.404,-3.8334,-3.3451,-3.2689,-0.0806,1739364902895.3162
4208,360581888,0,-4.2842,2.4503,-3.7012,-3.3822,-3.3411,-0.0806,1739364902905.3176
4209,528354048,0,-4.3994,2.4734,-3.7012,-3.4287,-3.5037,-0.0806,1739364902915.319
4210,696126208,0,-4.4915,2.4734,-3.7012,-3.4566,-3.6481,-0.0806,1739364902925.3206
4211,863898368,0,-4.5376,2.5196,-3.8334,-3.4844,-3.7655,-0.0806,1739364902935.322
4212,1031670528,0,-4.6527,2.5658,-3.569,-3.5216,-3.9281,-0.0873,1739364902945.3235
4213,1199442688,0,-4.7449,2.5889,-3.4368,-3.5588,-4.0996,-0.0873,1739364902955.325
4214,1367214848,0,-4.837,2.6121,-3.4368,-3.5774,-4.2893,-0.1007,1739364902965.3267
4215,1534987008,0,-4.9291,2.5658,-3.4368,-3.5495,-4.4428,-0.1074,1739364902975.3281
4216,1702759168,0,-4.9752,2.5427,-3.3046,-3.5216,-4.5782,-0.1141,1739364902985.3296
4217,1870531328,0,-5.0213,2.5658,-3.4368,-3.5402,-4.7498,-0.1276,1739364902995.331
4218,2038303488,0,-5.0213,2.5889,-3.3046,-3.5774,-4.8311,-0.1477,1739364903005.3325
4219,2206075648,0,-5.0443,2.5889,-3.3046,-3.5774,-4.9124,-0.1679,1739364903015.334
4220,2373847808,0,-4.9522,2.4734,-3.3046,-3.4937,-4.9124,-0.1746,1739364903025.3354
4221,2541619968,0,-4.9061,2.4503,-3.1725,-3.4473,-4.9394,-0.1813,1739364903035.3372
4222,2709392128,0,-4.8831,2.4271,-3.1725,-3.4473,-4.9756,-0.1746,1739364903045.3386
4223,2877164288,0,-4.7909,2.4734,-3.0403,-3.503,-4.9756,-0.1813,1739364903055.34
4224,3044936448,0,-4.6988,2.4503,-3.1725,-3.5123,-4.9575,-0.1746,1739364903065.3416
4225,3212708608,0,-4.6297,2.4503,-3.1725,-3.5216,-4.9214,-0.1746,1739364903075.343
4226,3380480768,0,-4.5376,2.3809,-3.1725,-3.4844,-4.8672,-0.1746,1739364903085.3445
4227,3548252928,0,-4.6067,2.4271,-3.1725,-3.5123,-4.9575,-0.1746,1739364903095.346
4228,3716025088,0,-4.6297,2.4734,-3.3046,-3.5588,-5.0027,-0.1746,1739364903105.3477
4229,3883797248,0,-4.5836,2.5196,-3.3046,-3.5866,-4.9846,-0.1679,1739364903115.349
4230,4051569408,0,-4.4915,2.4965,-3.1725,-3.6238,-4.9214,-0.1544,1739364903125.3506
4231,4219341568,0,-4.3763,2.4965,-3.0403,-3.6052,-4.8491,-0.1544,1739364903135.352
4232,92211968,0,-4.2381,2.4503,-3.1725,-3.5588,-4.7318,-0.1544,1739364903145.3535
4233,259984128,0,-4.1229,2.4503,-3.3046,-3.5309,-4.6053,-0.1612,1739364903155.355
4234,427756288,0,-4.0999,2.4734,-3.1725,-3.5588,-4.515,-0.1343,1739364903165.3564
4235,595528448,0,-4.0538,2.4965,-3.1725,-3.5959,-4.497,-0.1343,1739364903175.3582
4236,763300608,0,-4.0538,2.5196,-3.1725,-3.6331,-4.4789,-0.1141,1739364903185.3596
4237,931072768,0,-4.0078,2.5196,-3.1725,-3.661,-4.4338,-0.1141,1739364903195.361
4238,1098844928,0,-4.0078,2.5658,-3.3046,-3.7074,-4.3886,-0.1007,1739364903205.3625
4239,1266617088,0,-3.9617,2.6121,-3.3046,-3.7725,-4.3435,-0.0873,1739364903215.364
4240,1434389248,0,-3.9156,2.6583,-3.4368,-3.8282,-4.2802,-0.0806,1739364903225.3655
4241,1602161408,0,-3.8465,2.6583,-3.3046,-3.8654,-4.208,-0.0671,1739364903235.367
4242,1769933568,0,-3.8235,2.7045,-3.3046,-3.9119,-4.1629,-0.0671,1739364903245.3687
4243,1937705728,0,-3.7774,2.7276,-3.3046,-3.949,-4.1448,-0.0604,1739364903255.37
4244,2105477888,0,-3.7314,2.7508,-3.3046,-3.9769,-4.1087,-0.0604,1739364903265.3716
4245,2273250048,0,-3.7314,2.7739,-3.3046,-3.9862,-4.0816,-0.047,1739364903275.373
4246,2441022208,0,-3.7083,2.7739,-3.4368,-3.9955,-4.0364,-0.0403,1739364903285.3745
4247,2608794368,0,-3.6392,2.7508,-3.3046,-3.9769,-3.9642,-0.0403,1739364903295.376
4248,2776566528,0,-3.5241,2.7276,-3.4368,-3.9583,-3.8919,-0.0537,1739364903305.3774
4249,2944338688,0,-3.478,2.7508,-3.3046,-3.9304,-3.8468,-0.047,1739364903315.3792
4250,3112110848,0,-3.478,2.7276,-3.3046,-3.9026,-3.7926,-0.0671,1739364903325.3806
4251,3279883008,0,-3.501,2.7276,-3.3046,-3.884,-3.7926,-0.0604,1739364903335.382
4252,3447655168,0,-3.501,2.7276,-3.4368,-3.8747,-3.7655,-0.0537,1739364903345.3835
4253,3615427328,0,-3.5471,2.7508,-3.3046,-3.9026,-3.7836,-0.047,1739364903355.385
4254,3783199488,0,-3.5241,2.7276,-3.4368,-3.9212,-3.7655,-0.0537,1739364903365.3865
4255,3950971648,0,-3.501,2.7739,-3.4368,-3.9304,-3.7655,-0.047,1739364903375.3882
4256,4118743808,0,-3.5241,2.7739,-3.4368,-3.949,-3.7384,-0.0335,1739364903385.3896
4257,4286515968,0,-3.478,2.7739,-3.4368,-3.9955,-3.6843,-0.0268,1739364903395.391
4258,159386368,0,-3.4319,2.8201,-3.4368,-3.9955,-3.621,-0.0201,1739364903405.3926
4259,327158528,0,-3.3398,2.7739,-3.4368,-3.9862,-3.612,-0.0268,1739364903415.394
4260,494930688,0,-3.3628,2.7739,-3.569,-3.9955,-3.594,-0.0201,1739364903425.3955
4261,662702848,0,-3.3859,2.797,-3.569,-4.0234,-3.594,-0.0134,1739364903435.397
4262,830475008,0,-3.3859,2.797,-3.569,-4.0419,-3.603,-0.0134,1739364903445.3987
4263,998247168,0,-3.4089,2.8663,-3.7012,-4.0512,-3.5849,-0.0067,1739364903455.4001
4264,1166019328,0,-3.3628,2.8432,-3.8334,-4.0698,-3.5578,-0.0067,1739364903465.4016
4265,1333791488,0,-3.3168,2.8663,-3.7012,-4.0884,-3.5127,-0.0067,1739364903475.403
4266,1501563648,0,-3.2937,2.8663,-3.7012,-4.0884,-3.4585,0.0134,1739364903485.4045
4267,1669335808,0,-3.2246,2.8663,-3.569,-4.1163,-3.4134,0.0134,1739364903495.406
4268,1837107968,0,-3.1786,2.8432,-3.7012,-4.107,-3.3863,0.0134,1739364903505.4075
4269,2004880128,0,-3.1786,2.8663,-3.7012,-4.0884,-3.3592,0.0201,1739364903515.4092
4270,2172652288,0,-3.1555,2.8432,-3.7012,-4.0884,-3.3411,0.0201,1739364903525.4106
4271,2340424448,0,-3.1555,2.8201,-3.7012,-4.0605,-3.3321,0.0201,1739364903535.412
4272,2508196608,0,-3.1325,2.8201,-3.7012,-4.0327,-3.3411,0.0268,1739364903545.4136
4273,2675968768,0,-3.1555,2.8201,-3.8334,-4.0141,-3.3321,0.0134,1739364903555.415
4274,2843740928,0,-3.1555,2.797,-3.8334,-3.9955,-3.3411,0.0201,1739364903565.4165
4275,3011513088,0,-3.1095,2.7739,-3.7012,-3.9955,-3.314,0.0201,1739364903575.418
4276,3179285248,0,-3.1095,2.7739,-3.7012,-3.9955,-3.2779,0.0268,1739364903585.4197
4277,3347057408,0,-3.0634,2.7739,-3.7012,-3.9769,-3.2779,0.0268,1739364903595.4211
4278,3514829568,0,-3.0634,2.7508,-3.7012,-3.9583,-3.2689,0.0201,1739364903605.4226
4279,3682601728,0,-3.0634,2.7508,-3.8334,-3.949,-3.2689,0.0201,1739364903615.424
4280,3850373888,0,-3.0864,2.7508,-3.8334,-3.9397,-3.2689,0.0201,1739364903625.4255
4281,4018146048,0,-3.0864,2.7276,-3.8334,-3.9397,-3.2689,0.0201,1739364903635.427
4282,4185918208,0,-3.1095,2.7276,-3.8334,-3.9397,-3.2869,0.0134,1739364903645.4285
4283,58788608,0,-3.1095,2.7276,-3.8334,-3.9119,-3.305,0.0134,1739364903655.4302
4284,226560768,0,-3.1555,2.7045,-3.7012,-3.9119,-3.323,0.0201,1739364903665.4316
4285,394332928,0,-3.1555,2.6814,-3.8334,-3.8933,-3.323,0.0134,1739364903675.433
4286,562105088,0,-3.1555,2.6814,-3.7012,-3.8654,-3.323,0.0134,1739364903685.4346
4287,729877248,0,-3.1095,2.6814,-3.8334,-3.8282,-3.2869,0.0067,1739364903695.436
4288,897649408,0,-3.0864,2.6121,-3.7012,-3.7818,-3.2418,0.0,1739364903705.4375
4289,1065421568,0,-2.9943,2.5658,-3.7012,-3.7446,-3.2147,0.0,1739364903715.439
4290,1233193728,0,-2.9252,2.5889,-3.569,-3.7074,-3.1605,-0.0067,1739364903725.4407
4291,1400965888,0,-2.8791,2.5427,-3.7012,-3.6889,-3.1063,0.0,1739364903735.4421
4292,1568738048,0,-2.81,2.4965,-3.7012,-3.661,-3.0612,0.0067,1739364903745.4436
4293,1736510208,0,-2.764,2.4965,-3.7012,-3.6238,-3.007,0.0201,1739364903755.445
4294,1904282368,0,-2.7179,2.4503,-3.7012,-3.5774,-2.9618,0.0201,1739364903765.4465
4295,2072054528,0,-2.6258,2.3809,-3.4368,-3.5216,-2.9077,0.0268,1739364903775.448
4296,2239826688,0,-2.5567,2.3578,-3.4368,-3.4566,-2.8625,0.0335,1739364903785.4495
4297,2407598848,0,-2.5336,2.2884,-3.4368,-3.4194,-2.8445,0.0403,1739364903795.4512
4298,2575371008,0,-2.5336,2.2422,-3.4368,-3.3358,-2.8354,0.047,1739364903805.4526
4299,2743143168,0,-2.5567,2.196,-3.4368,-3.2893,-2.8354,0.047,1739364903815.454
4300,2910915328,0,-2.5336,2.1266,-3.3046,-3.2057,-2.8174,0.0604,1739364903825.4556
4301,3078687488,0,-2.4645,2.0804,-3.3046,-3.1313,-2.7812,0.0537,1739364903835.457
4302,3246459648,0,-2.4185,2.0573,-3.1725,-3.0663,-2.7451,0.0537,1739364903845.4585
4303,3414231808,0,-2.3724,1.9879,-3.3046,-2.9641,-2.7,0.0537,1739364903855.46
4304,3582003968,0,-2.3033,1.9186,-3.1725,-2.8805,-2.6458,0.0403,1739364903865.4617
4305,3749776128,0,-2.2342,1.8492,-3.0403,-2.7875,-2.5916,0.047,1739364903875.4631
4306,3917548288,0,-2.1421,1.7799,-3.0403,-2.7132,-2.5194,0.0201,1739364903885.4646
4307,4085320448,0,-2.1421,1.7337,-2.7759,-2.6203,-2.4923,0.0134,1739364903895.466
4308,4253092608,0,-2.096,1.7105,-2.7759,-2.5459,-2.4381,-0.0067,1739364903905.4675
4309,125963008,0,-2.0499,1.6412,-2.6437,-2.5088,-2.3839,-0.0201,1739364903915.469
4310,293735168,0,-2.0039,1.6181,-2.5115,-2.4623,-2.3207,-0.0268,1739364903925.4705
4311,461507328,0,-1.9808,1.595,-2.3793,-2.4251,-2.2485,-0.0403,1739364903935.4722
4312,629279488,0,-1.8657,1.5256,-2.3793,-2.3694,-2.1672,-0.0671,1739364903945.4736
4313,797051648,0,-1.8196,1.5256,-2.5115,-2.3229,-2.0769,-0.0671,1739364903955.475
4314,964823808,0,-1.7735,1.4563,-2.2471,-2.23,-2.0046,-0.0806,1739364903965.4766
4315,1132595968,0,-1.7275,1.3869,-2.115,-2.1092,-1.9324,-0.0537,1739364903975.478
4316,1300368128,0,-1.6584,1.2482,-1.9828,-1.9884,-1.8602,-0.0335,1739364903985.4795
4317,1468140288,0,-1.6123,1.1095,-1.8506,-1.8119,-1.8421,0.0,1739364903995.4812
4318,1635912448,0,-1.5432,1.0402,-1.7184,-1.6446,-1.7699,0.0671,1739364904005.4827
4319,1803684608,0,-1.3129,0.9246,-1.3218,-1.5238,-1.5531,0.0806,1739364904015.4841
4320,1971456768,0,-0.8752,0.8784,-1.1896,-1.4309,-1.1107,0.0537,1739364904025.4856
4321,2139228928,0,-0.6219,0.9015,-1.0575,-1.3845,-0.8578,0.0,1739364904035.487
4322,2307001088,0,-0.4837,0.7859,-1.0575,-1.1893,-0.6772,-0.0537,1739364904045.4885
4323,2474773248,0,-0.5758,0.7397,-0.9253,-1.0964,-0.6953,-0.0537,1739364904055.49
4324,2642545408,0,-0.6219,0.6472,-0.9253,-0.9199,-0.6682,-0.0738,1739364904065.4917
4325,2810317568,0,-0.5988,0.5316,-0.6609,-0.7526,-0.614,-0.0671,1739364904075.4932
4326,2978089728,0,-0.5528,0.4392,-0.5287,-0.6318,-0.5418,-0.0671,1739364904085.4946
4327,3145861888,0,-0.4837,0.3467,-0.3965,-0.5296,-0.4966,-0.0604,1739364904095.496
4328,3313634048,0,-0.4146,0.2773,-0.1321,-0.4738,-0.4515,-0.0537,1739364904105.4976
4329,3481406208,0,-0.3915,0.2311,0.0,-0.3902,-0.4153,-0.0335,1739364904115.499
4330,3649178368,0,-0.3915,0.1386,0.1321,-0.3066,-0.4334,-0.0335,1739364904125.5005
4331,3816950528,0,-0.4146,0.0462,0.0,-0.2044,-0.4966,-0.0335,1739364904135.5022
4332,3984722688,0,-0.2764,0.0693,0.0,-0.2137,-0.3973,-0.0201,1739364904145.5037
4333,4152494848,0,-0.2303,0.1386,-0.1321,-0.2415,-0.325,-0.0067,1739364904155.5051
4334,25365248,0,-0.2303,0.1849,-0.2643,-0.2508,-0.325,-0.0201,1739364904165.5066
4335,193137408,0,-0.2303,0.1618,-0.3965,-0.2508,-0.3341,-0.0134,1739364904175.508
4336,360909568,0,-0.2533,0.1849,-0.3965,-0.2508,-0.325,-0.0134,1739364904185.5095
4337,528681728,0,-0.2303,0.1849,-0.3965,-0.2508,-0.325,-0.0201,1739364904195.511
4338,696453888,0,-0.2303,0.1849,-0.5287,-0.2415,-0.325,-0.0134,1739364904205.5127
4339,864226048,0,-0.2303,0.1618,-0.5287,-0.223,-0.316,-0.0201,1739364904215.5142
4340,1031998208,0,-0.2303,0.1849,-0.3965,-0.2322,-0.307,-0.0134,1739364904225.5156
4341,1199770368,0,-0.2303,0.1849,-0.3965,-0.223,-0.316,-0.0134,1739364904235.517
4342,1367542528,0,-0.2303,0.1618,-0.3965,-0.223,-0.307,-0.0134,1739364904245.5186
4343,1535314688,0,-0.2303,0.1618,-0.3965,-0.2044,-0.307,-0.0067,1739364904255.52
4344,1703086848,0,-0.2533,0.1849,-0.3965,-0.2044,-0.307,-0.0134,1739364904265.5215
4345,1870859008,0,-0.2303,0.1618,-0.3965,-0.2137,-0.307,-0.0134,1739364904275.5232
4346,2038631168,0,-0.2073,0.1849,-0.3965,-0.2137,-0.2979,-0.0201,1739364904285.5247
4347,2206403328,0,-0.2073,0.1849,-0.3965,-0.2137,-0.2979,-0.0201,1739364904295.5261
4348,2374175488,0,-0.2303,0.1618,-0.3965,-0.2137,-0.2979,-0.0134,1739364904305.5276
4349,2541947648,0,-0.1842,0.1618,-0.3965,-0.2137,-0.2979,-0.0201,1739364904315.529
4350,2709719808,0,-0.1842,0.1618,-0.5287,-0.2044,-0.2979,-0.0201,1739364904325.5305
4351,2877491968,0,-0.2073,0.1618,-0.3965,-0.1951,-0.2979,-0.0134,1739364904335.532
4352,3045264128,0,-0.2073,0.1618,-0.3965,-0.1858,-0.2979,-0.0067,1739364904345.5337
4353,3213036288,0,-0.2073,0.1849,-0.3965,-0.1951,-0.2889,-0.0134,1739364904355.5352
4354,3380808448,0,-0.2073,0.1618,-0.3965,-0.1951,-0.2889,-0.0134,1739364904365.5366
4355,3548580608,0,-0.2073,0.1618,-0.3965,-0.1858,-0.2889,-0.0067,1739364904375.538
4356,3716352768,0,-0.1842,0.1618,-0.3965,-0.1951,-0.2799,-0.0268,1739364904385.5396
4357,3884124928,0,-0.1612,0.1618,-0.5287,-0.1951,-0.2979,-0.0268,1739364904395.541
4358,4051897088,0,-0.1612,0.1618,-0.5287,-0.1765,-0.2889,-0.0134,1739364904405.5425
4359,4219669248,0,-0.2073,0.1618,-0.5287,-0.1765,-0.2889,-0.0067,1739364904415.5442
4360,92539648,0,-0.2073,0.1386,-0.3965,-0.1951,-0.2799,-0.0134,1739364904425.5457
4361,260311808,0,-0.1842,0.1618,-0.3965,-0.1765,-0.2799,-0.0134,1739364904435.547
4362,428083968,0,-0.2073,0.1386,-0.3965,-0.1765,-0.2709,-0.0067,1739364904445.5486
4363,595856128,0,-0.1842,0.1386,-0.3965,-0.1765,-0.2799,-0.0134,1739364904455.55
4364,763628288,0,-0.1842,0.1386,-0.3965,-0.1765,-0.2799,-0.0134,1739364904465.5515
4365,931400448,0,-0.1842,0.1618,-0.3965,-0.1672,-0.2709,-0.0134,1739364904475.553
4366,1099172608,0,-0.1842,0.1386,-0.3965,-0.1672,-0.2979,-0.0067,1739364904485.5547
4367,1266944768,0,-0.1842,0.1386,-0.3965,-0.1765,-0.2799,-0.0067,1739364904495.5562
4368,1434716928,0,-0.1842,0.1618,-0.5287,-0.1672,-0.2799,-0.0134,1739364904505.5576
4369,1602489088,0,-0.1842,0.1618,-0.3965,-0.1672,-0.2618,-0.0134,1739364904515.559
4370,1770261248,0,-0.1842,0.1618,-0.3965,-0.1579,-0.2709,-0.0134,1739364904525.5605
4371,1938033408,0,-0.1842,0.1386,-0.3965,-0.1579,-0.2618,-0.0134,1739364904535.562
4372,2105805568,0,-0.1612,0.1618,-0.3965,-0.1672,-0.2528,-0.0134,1739364904545.5635
4373,2273577728,0,-0.1842,0.1386,-0.3965,-0.1579,-0.2618,-0.0201,1739364904555.5652
4374,2441349888,0,-0.1842,0.1386,-0.3965,-0.1672,-0.2618,-0.0134,1739364904565.5667
4375,2609122048,0,-0.1612,0.1386,-0.2643,-0.1486,-0.2709,-0.0067,1739364904575.568
4376,2776894208,0,-0.1842,0.1386,-0.3965,-0.1579,-0.2889,0.0,1739364904585.5696
4377,2944666368,0,-0.2073,0.1155,-0.2643,-0.1579,-0.2618,-0.0067,1739364904595.571
4378,3112438528,0,-0.1842,0.1386,-0.3965,-0.1579,-0.2709,-0.0067,1739364904605.5725
4379,3280210688,0,-0.1612,0.1386,-0.3965,-0.1486,-0.2618,-0.0067,1739364904615.574
4380,3447982848,0,-0.1842,0.1386,-0.3965,-0.1579,-0.2709,-0.0067,1739364904625.5757
4381,3615755008,0,-0.1842,0.1386,-0.3965,-0.1486,-0.2618,-0.0067,1739364904635.5771
4382,3783527168,0,-0.1612,0.1386,-0.3965,-0.1486,-0.2528,-0.0134,1739364904645.5786
4383,3951299328,0,-0.1612,0.1386,-0.3965,-0.1486,-0.2618,-0.0134,1739364904655.58
4384,4119071488,0,-0.1612,0.1386,-0.3965,-0.1486,-0.2618,-0.0134,1739364904665.5815
4385,4286843648,0,-0.1612,0.1618,-0.3965,-0.1486,-0.2618,-0.0134,1739364904675.583
4386,159714048,0,-0.1842,0.1386,-0.3965,-0.1486,-0.2528,-0.0201,1739364904685.5847
4387,327486208,0,-0.1612,0.1386,-0.2643,-0.1579,-0.2528,-0.0067,1739364904695.5862
4388,495258368,0,-0.1842,0.1155,-0.2643,-0.1486,-0.2528,-0.0067,1739364904705.5876
4389,663030528,0,-0.1842,0.1386,-0.2643,-0.1486,-0.2528,-0.0067,1739364904715.589
4390,830802688,0,-0.1612,0.1386,-0.2643,-0.1579,-0.2438,-0.0134,1739364904725.5906
4391,998574848,0,-0.1612,0.1386,-0.2643,-0.1486,-0.2528,-0.0134,1739364904735.592
4392,1166347008,0,-0.1842,0.1618,-0.2643,-0.1486,-0.2438,-0.0134,1739364904745.5935
4393,1334119168,0,-0.1612,0.1386,-0.2643,-0.1486,-0.2528,-0.0067,1739364904755.5952
4394,1501891328,0,-0.1612,0.1386,-0.2643,-0.1486,-0.2528,-0.0134,1739364904765.5967
4395,1669663488,0,-0.1842,0.1386,-0.2643,-0.1393,-0.2528,-0.0067,1739364904775.5981
4396,1837435648,0,-0.1612,0.1155,-0.3965,-0.1486,-0.2438,-0.0134,1739364904785.5996
4397,2005207808,0,-0.1151,0.1386,-0.2643,-0.1486,-0.2528,-0.0201,1739364904795.601
4398,2172979968,0,-0.1612,0.1386,-0.2643,-0.1486,-0.2528,-0.0134,1739364904805.6025
4399,2340752128,0,-0.1612,0.1155,-0.3965,-0.1393,-0.2438,-0.0067,1739364904815.604
4400,2508524288,0,-0.1382,0.1386,-0.3965,-0.1393,-0.2438,-0.0067,1739364904825.6057
4401,2676296448,0,-0.1382,0.1618,-0.3965,-0.1393,-0.2528,-0.0134,1739364904835.6072
4402,2844068608,0,-0.1842,0.1386,-0.3965,-0.1393,-0.2438,-0.0067,1739364904845.6086
4403,3011840768,0,-0.1612,0.1386,-0.3965,-0.1393,-0.2438,-0.0067,1739364904855.61
4404,3179612928,0,-0.1612,0.1386,-0.3965,-0.1393,-0.2438,-0.0134,1739364904865.6116
4405,3347385088,0,-0.1612,0.1386,-0.3965,-0.1393,-0.2438,-0.0067,1739364904875.613
4406,3515157248,0,-0.1382,0.1155,-0.2643,-0.1393,-0.2438,-0.0201,1739364904885.6145
4407,3682929408,0,-0.1382,0.1155,-0.2643,-0.13,-0.2528,-0.0201,1739364904895.6162
4408,3850701568,0,-0.1612,0.1386,-0.2643,-0.13,-0.2528,-0.0134,1739364904905.6177
4409,4018473728,0,-0.1612,0.1386,-0.2643,-0.13,-0.2528,-0.0067,1739364904915.6191
4410,4186245888,0,-0.1842,0.1386,-0.3965,-0.1393,-0.2438,-0.0067,1739364904925.6206
4411,59116288,0,-0.1612,0.1155,-0.2643,-0.13,-0.2528,-0.0067,1739364904935.622
4412,226888448,0,-0.1612,0.1386,-0.2643,-0.13,-0.2528,-0.0067,1739364904945.6235
4413,394660608,0,-0.1612,0.1155,-0.3965,-0.13,-0.2438,-0.0067,1739364904955.625
4414,562432768,0,-0.1382,0.1155,-0.2643,-0.13,-0.2528,-0.0067,1739364904965.6267
4415,730204928,0,-0.1382,0.1386,-0.2643,-0.13,-0.2438,-0.0134,1739364904975.6282
4416,897977088,0,-0.1842,0.1155,-0.3965,-0.1207,-0.2438,0.0,1739364904985.6296
4417,1065749248,0,-0.1842,0.1155,-0.2643,-0.1207,-0.2347,0.0,1739364904995.631
4418,1233521408,0,-0.1612,0.1155,-0.3965,-0.1207,-0.2438,-0.0134,1739364905005.6326
4419,1401293568,0,-0.1842,0.1386,-0.3965,-0.13,-0.2438,-0.0067,1739364905015.634
4420,1569065728,0,-0.1612,0.1155,-0.2643,-0.13,-0.2347,-0.0134,1739364905025.6355
4421,1736837888,0,-0.1382,0.1155,-0.2643,-0.13,-0.2347,-0.0134,1739364905035.6372
4422,1904610048,0,-0.1612,0.1386,-0.3965,-0.13,-0.2438,-0.0067,1739364905045.6387
4423,2072382208,0,-0.1382,0.1155,-0.2643,-0.1393,-0.2438,-0.0067,1739364905055.6401
4424,2240154368,0,-0.1382,0.1155,-0.2643,-0.13,-0.2347,-0.0134,1739364905065.6416
4425,2407926528,0,-0.1612,0.1155,-0.2643,-0.13,-0.2438,-0.0134,1739364905075.643
4426,2575698688,0,-0.1842,0.1386,-0.2643,-0.1207,-0.2347,0.0,1739364905085.6445
4427,2743470848,0,-0.1612,0.1386,-0.3965,-0.13,-0.2257,0.0,1739364905095.646
4428,2911243008,0,-0.1612,0.1155,-0.3965,-0.13,-0.2438,-0.0134,1739364905105.6477
4429,3079015168,0,-0.1612,0.1155,-0.3965,-0.1115,-0.2438,-0.0067,1739364905115.6492
4430,3246787328,0,-0.1382,0.1155,-0.2643,-0.1207,-0.2347,-0.0067,1739364905125.6506
4431,3414559488,0,-0.1382,0.1155,-0.2643,-0.13,-0.2438,-0.0134,1739364905135.652
4432,3582331648,0,-0.1612,0.1155,-0.2643,-0.1207,-0.2438,0.0,1739364905145.6536
4433,3750103808,0,-0.1612,0.1386,-0.2643,-0.13,-0.2347,-0.0067,1739364905155.655
4434,3917875968,0,-0.1612,0.1386,-0.3965,-0.1207,-0.2347,-0.0134,1739364905165.6565
4435,4085648128,0,-0.1382,0.1386,-0.2643,-0.13,-0.2347,-0.0134,1739364905175.6582
4436,4253420288,0,-0.1612,0.1155,-0.2643,-0.1207,-0.2438,-0.0134,1739364905185.6597
4437,126290688,0,-0.1382,0.0924,-0.3965,-0.1207,-0.2347,-0.0134,1739364905195.6611
4438,294062848,0,-0.1382,0.1155,-0.3965,-0.1115,-0.2347,-0.0067,1739364905205.6626
4439,461835008,0,-0.1612,0.1155,-0.3965,-0.1207,-0.2347,-0.0134,1739364905215.664
4440,629607168,0,-0.1612,0.1155,-0.3965,-0.1115,-0.2347,-0.0067,1739364905225.6655
4441,797379328,0,-0.1382,0.1155,-0.3965,-0.1115,-0.2347,-0.0067,1739364905235.667
4442,965151488,0,-0.1382,0.1155,-0.3965,-0.1115,-0.2347,-0.0067,1739364905245.6687
4443,1132923648,0,-0.1612,0.0924,-0.3965,-0.1115,-0.2347,-0.0067,1739364905255.6702
4444,1300695808,0,-0.1382,0.0924,-0.2643,-0.1022,-0.2257,-0.0134,1739364905265.6716
4445,1468467968,0,-0.1382,0.1386,-0.3965,-0.1115,-0.2347,-0.0067,1739364905275.673
4446,1636240128,0,-0.1382,0.1155,-0.2643,-0.1115,-0.2438,-0.0067,1739364905285.6746
4447,1804012288,0,-0.1382,0.0924,-0.2643,-0.1207,-0.2347,0.0,1739364905295.676
4448,1971784448,0,-0.1382,0.1155,-0.3965,-0.1207,-0.2347,-0.0134,1739364905305.6777
4449,2139556608,0,-0.1612,0.1155,-0.2643,-0.1022,-0.2257,-0.0067,1739364905315.6792
4450,2307328768,0,-0.1382,0.1155,-0.2643,-0.1022,-0.2257,-0.0067,1739364905325.6807
4451,2475100928,0,-0.1382,0.1155,-0.1321,-0.1115,-0.2257,-0.0067,1739364905335.6821
4452,2642873088,0,-0.1382,0.0924,-0.2643,-0.1022,-0.2257,-0.0067,1739364905345.6836
4453,2810645248,0,-0.1612,0.1155,-0.2643,-0.1022,-0.2257,-0.0067,1739364905355.685
4454,2978417408,0,-0.1382,0.1155,-0.3965,-0.1115,-0.2167,-0.0134,1739364905365.6865
4455,3146189568,0,-0.1382,0.1155,-0.2643,-0.1022,-0.2257,-0.0134,1739364905375.6882
4456,3313961728,0,-0.1612,0.1155,-0.2643,-0.13,-0.2438,-0.0067,1739364905385.6897
4457,3481733888,0,-0.1382,0.1155,-0.3965,-0.1115,-0.2167,-0.0067,1739364905395.6912
4458,3649506048,0,-0.1382,0.0924,-0.2643,-0.1022,-0.2257,-0.0134,1739364905405.6926
4459,3817278208,0,-0.1382,0.1155,-0.2643,-0.1022,-0.2257,0.0,1739364905415.694
4460,3985050368,0,-0.1612,0.1155,-0.2643,-0.1022,-0.2257,0.0,1739364905425.6956
4461,4152822528,0,-0.1612,0.1155,-0.2643,-0.1115,-0.2257,0.0,1739364905435.697
4462,25692928,0,-0.1382,0.1155,-0.2643,-0.1022,-0.2257,-0.0067,1739364905445.6987
4463,193465088,0,-0.1382,0.1155,-0.2643,-0.1022,-0.2257,-0.0067,1739364905455.7002
4464,361237248,0,-0.1382,0.1155,-0.3965,-0.1115,-0.2167,-0.0067,1739364905465.7017
4465,529009408,0,-0.1151,0.1155,-0.2643,-0.1022,-0.2257,-0.0134,1739364905475.7031
4466,696781568,0,-0.1151,0.1155,-0.3965,-0.1115,-0.2167,-0.0134,1739364905485.7046
4467,864553728,0,-0.1382,0.1155,-0.2643,-0.1115,-0.2076,-0.0067,1739364905495.706
4468,1032325888,0,-0.1612,0.0924,-0.2643,-0.1022,-0.2257,-0.0067,1739364905505.7075
4469,1200098048,0,-0.1382,0.1155,-0.2643,-0.1022,-0.2257,-0.0067,1739364905515.7092
4470,1367870208,0,-0.1382,0.0924,-0.2643,-0.1022,-0.2167,-0.0067,1739364905525.7107
4471,1535642368,0,-0.1382,0.1155,-0.2643,-0.1022,-0.2257,-0.0134,1739364905535.7122
4472,1703414528,0,-0.1382,0.1155,-0.3965,-0.0929,-0.2257,-0.0134,1739364905545.7136
4473,1871186688,0,-0.1151,0.1155,-0.2643,-0.1022,-0.2257,-0.0134,1739364905555.715
4474,2038958848,0,-0.1382,0.1155,-0.3965,-0.1022,-0.2347,-0.0067,1739364905565.7166
4475,2206731008,0,-0.1151,0.1155,-0.2643,-0.1022,-0.2257,-0.0134,1739364905575.718
4476,2374503168,0,-0.1151,0.1155,-0.2643,-0.1207,-0.2167,-0.0067,1739364905585.7197
4477,2542275328,0,-0.1151,0.0924,-0.3965,-0.1115,-0.2167,-0.0067,1739364905595.7212
4478,2710047488,0,-0.1151,0.1155,-0.2643,-0.1022,-0.2167,-0.0067,1739364905605.7227
4479,2877819648,0,-0.1382,0.1155,-0.3965,-0.1115,-0.2167,-0.0067,1739364905615.724
4480,3045591808,0,-0.1151,0.1155,-0.3965,-0.1115,-0.2167,-0.0067,1739364905625.7256
4481,3213363968,0,-0.1382,0.1386,-0.2643,-0.1022,-0.2167,-0.0134,1739364905635.727
4482,3381136128,0,-0.1382,0.1155,-0.1321,-0.0929,-0.2167,-0.0067,1739364905645.7285
4483,3548908288,0,-0.1382,0.1155,-0.2643,-0.1022,-0.2167,-0.0134,1739364905655.7302
4484,3716680448,0,-0.1382,0.1155,-0.2643,-0.1022,-0.2167,-0.0134,1739364905665.7317
4485,3884452608,0,-0.1151,0.1155,-0.2643,-0.1022,-0.2167,-0.0134,1739364905675.7332
4486,4052224768,0,-0.0921,0.1155,-0.2643,-0.1207,-0.2076,-0.0134,1739364905685.7346
4487,4219996928,0,-0.1382,0.1155,-0.2643,-0.1022,-0.2257,-0.0067,1739364905695.736
4488,92867328,0,-0.1151,0.0924,-0.2643,-0.1022,-0.2167,-0.0067,1739364905705.7375
4489,260639488,0,-0.1151,0.0924,-0.2643,-0.1022,-0.2167,-0.0134,1739364905715.739
4490,428411648,0,-0.1382,0.1155,-0.2643,-0.1022,-0.2167,-0.0134,1739364905725.7407
4491,596183808,0,-0.1612,0.1155,-0.2643,-0.1022,-0.2167,-0.0067,1739364905735.7422
4492,763955968,0,-0.1382,0.1155,-0.2643,-0.1022,-0.2167,-0.0067,1739364905745.7437
4493,931728128,0,-0.1382,0.0924,-0.2643,-0.0929,-0.2167,-0.0067,1739364905755.745
4494,1099500288,0,-0.1612,0.1155,-0.3965,-0.1022,-0.2076,-0.0134,1739364905765.7466
4495,1267272448,0,-0.1151,0.0924,-0.3965,-0.1022,-0.2076,-0.0134,1739364905775.748
4496,1435044608,0,-0.1151,0.1155,-0.2643,-0.1115,-0.2076,-0.0134,1739364905785.7495
4497,1602816768,0,-0.1151,0.1155,-0.2643,-0.0929,-0.2167,0.0,1739364905795.7512
4498,1770588928,0,-0.1151,0.1155,-0.3965,-0.1022,-0.2076,-0.0134,1739364905805.7527
4499,1938361088,0,-0.1382,0.1155,-0.2643,-0.0929,-0.2167,-0.0067,1739364905815.7542
4500,2106133248,0,-0.1382,0.1155,-0.3965,-0.1022,-0.2076,-0.0134,1739364905825.7556
4501,2273905408,0,-0.1382,0.1155,-0.3965,-0.0929,-0.2257,-0.0067,1739364905835.757
4502,2441677568,0,-0.1382,0.1155,-0.3965,-0.1022,-0.2076,-0.0134,1739364905845.7585
4503,2609449728,0,-0.1151,0.1155,-0.3965,-0.1022,-0.2076,-0.0134,1739364905855.76
4504,2777221888,0,-0.1151,0.1155,-0.2643,-0.1022,-0.2167,-0.0201,1739364905865.7617
4505,2944994048,0,-0.0921,0.0924,-0.2643,-0.1022,-0.2167,-0.0134,1739364905875.7632
4506,3112766208,0,-0.1382,0.1155,-0.3965,-0.1022,-0.2076,0.0,1739364905885.7646
4507,3280538368,0,-0.1151,0.1155,-0.2643,-0.1115,-0.2076,0.0,1739364905895.766
4508,3448310528,0,-0.1151,0.0924,-0.3965,-0.1022,-0.2076,-0.0067,1739364905905.7676
4509,3616082688,0,-0.1382,0.1155,-0.3965,-0.1022,-0.2076,-0.0134,1739364905915.769
4510,3783854848,0,-0.1382,0.1155,-0.3965,-0.1022,-0.2076,0.0,1739364905925.7705
4511,3951627008,0,-0.1151,0.0924,-0.3965,-0.1022,-0.2076,0.0,1739364905935.7722
4512,4119399168,0,-0.1382,0.1155,-0.3965,-0.1022,-0.2076,-0.0067,1739364905945.7737
4513,4287171328,0,-0.1382,0.1155,-0.3965,-0.1022,-0.2076,-0.0067,1739364905955.7751
4514,160041728,0,-0.1151,0.1155,-0.3965,-0.0929,-0.2167,-0.0134,1739364905965.7766
4515,327813888,0,-0.1151,0.0924,-0.2643,-0.0929,-0.2167,-0.0134,1739364905975.778
4516,495586048,0,-0.1382,0.1155,-0.3965,-0.1022,-0.2167,-0.0067,1739364905985.7795
4517,663358208,0,-0.1151,0.1155,-0.3965,-0.1022,-0.2076,-0.0067,1739364905995.7812
4518,831130368,0,-0.1151,0.1155,-0.3965,-0.1022,-0.2076,-0.0134,1739364906005.7827
4519,998902528,0,-0.1151,0.1155,-0.2643,-0.0929,-0.2167,-0.0067,1739364906015.7842
4520,1166674688,0,-0.1382,0.1155,-0.2643,-0.0929,-0.2167,0.0,1739364906025.7856
4521,1334446848,0,-0.1382,0.1155,-0.2643,-0.0929,-0.2076,0.0,1739364906035.787
4522,1502219008,0,-0.1382,0.1155,-0.2643,-0.1022,-0.2167,-0.0067,1739364906045.7886
4523,1669991168,0,-0.1151,0.0924,-0.3965,-0.1022,-0.2076,-0.0134,1739364906055.79
4524,1837763328,0,-0.1151,0.1155,-0.3965,-0.1022,-0.2076,-0.0134,1739364906065.7917
4525,2005535488,0,-0.1151,0.1155,-0.2643,-0.1022,-0.2167,-0.0067,1739364906075.7932
4526,2173307648,0,-0.0921,0.1155,-0.2643,-0.0929,-0.2167,-0.0201,1739364906085.7947
4527,2341079808,0,-0.0921,0.1155,-0.2643,-0.1022,-0.2257,-0.0201,1739364906095.7961
4528,2508851968,0,-0.1151,0.0924,-0.3965,-0.1022,-0.2076,-0.0134,1739364906105.7976
4529,2676624128,0,-0.1382,0.1155,-0.3965,-0.1022,-0.2076,-0.0067,1739364906115.799
4530,2844396288,0,-0.1382,0.1155,-0.2643,-0.0929,-0.2167,-0.0134,1739364906125.8005
4531,3012168448,0,-0.1382,0.0924,-0.2643,-0.0929,-0.1986,-0.0067,1739364906135.8022
4532,3179940608,0,-0.1382,0.1155,-0.3965,-0.1022,-0.2076,-0.0134,1739364906145.8037
4533,3347712768,0,-0.1151,0.1155,-0.3965,-0.1022,-0.2076,-0.0134,1739364906155.8052
4534,3515484928,0,-0.1151,0.1155,-0.3965,-0.1022,-0.2076,-0.0067,1739364906165.8066
4535,3683257088,0,-0.1151,0.0924,-0.2643,-0.0929,-0.1986,-0.0067,1739364906175.808
4536,3851029248,0,-0.1382,0.1155,-0.2643,-0.0929,-0.2167,-0.0067,1739364906185.8096
4537,4018801408,0,-0.0921,0.0924,-0.2643,-0.1022,-0.1986,-0.0067,1739364906195.811
4538,4186573568,0,-0.1151,0.0693,-0.2643,-0.0929,-0.1986,-0.0067,1739364906205.8127
4539,59443968,0,-0.1151,0.0924,-0.2643,-0.0836,-0.2076,-0.0067,1739364906215.8142
4540,227216128,0,-0.0921,0.0924,-0.2643,-0.0929,-0.2076,0.0,1739364906225.8157
4541,394988288,0,-0.1382,0.0924,-0.2643,-0.0836,-0.2076,0.0,1739364906235.8171
4542,562760448,0,-0.1151,0.0924,-0.2643,-0.0929,-0.1986,-0.0067,1739364906245.8186
4543,730532608,0,-0.1151,0.0693,-0.2643,-0.0929,-0.1986,-0.0067,1739364906255.82
4544,898304768,0,-0.1151,0.1155,-0.2643,-0.0929,-0.2076,-0.0067,1739364906265.8215
4545,1066076928,0,-0.1151,0.0924,-0.2643,-0.0929,-0.2076,-0.0067,1739364906275.8232
4546,1233849088,0,-0.1612,0.1155,-0.2643,-0.0929,-0.2076,-0.0067,1739364906285.8247
4547,1401621248,0,-0.1151,0.0924,-0.2643,-0.1022,-0.1986,-0.0134,1739364906295.8262
4548,1569393408,0,-0.1151,0.0924,-0.2643,-0.1022,-0.1986,-0.0067,1739364906305.8276
4549,1737165568,0,-0.1151,0.0924,-0.2643,-0.0836,-0.2076,-0.0067,1739364906315.829
4550,1904937728,0,-0.1382,0.0924,-0.3965,-0.1022,-0.2076,0.0,1739364906325.8306
4551,2072709888,0,-0.1151,0.0924,-0.2643,-0.0929,-0.1986,-0.0067,1739364906335.832
4552,2240482048,0,-0.1151,0.0924,-0.2643,-0.0836,-0.2076,-0.0134,1739364906345.8337
4553,2408254208,0,-0.1151,0.0924,-0.2643,-0.0929,-0.1986,-0.0134,1739364906355.8352
4554,2576026368,0,-0.0921,0.0924,-0.3965,-0.1022,-0.2076,-0.0067,1739364906365.8367
4555,2743798528,0,-0.1151,0.0924,-0.2643,-0.0929,-0.1986,-0.0067,1739364906375.8381
4556,2911570688,0,-0.1382,0.1155,-0.2643,-0.0836,-0.2076,0.0,1739364906385.8396
4557,3079342848,0,-0.1382,0.1155,-0.2643,-0.0929,-0.2076,0.0,1739364906395.841
4558,3247115008,0,-0.1151,0.0924,-0.2643,-0.0929,-0.1986,0.0,1739364906405.8425
4559,3414887168,0,-0.1151,0.1155,-0.2643,-0.0929,-0.1896,-0.0067,1739364906415.8442
4560,3582659328,0,-0.1151,0.0924,-0.2643,-0.0929,-0.1986,-0.0134,1739364906425.8457
4561,3750431488,0,-0.1151,0.0924,-0.2643,-0.0929,-0.1986,-0.0134,1739364906435.8472
4562,3918203648,0,-0.1151,0.0924,-0.2643,-0.0929,-0.1986,-0.0067,1739364906445.8486
4563,4085975808,0,-0.1382,0.0924,-0.2643,-0.0929,-0.1986,-0.0067,1739364906455.85
4564,4253747968,0,-0.1151,0.1155,-0.2643,-0.0929,-0.1986,-0.0067,1739364906465.8516
4565,126618368,0,-0.1382,0.1155,-0.2643,-0.0929,-0.1896,0.0,1739364906475.853
4566,294390528,0,-0.1151,0.1155,-0.2643,-0.0929,-0.1896,0.0,1739364906485.8547
4567,462162688,0,-0.1151,0.1155,-0.2643,-0.1022,-0.1986,-0.0067,1739364906495.8562
4568,629934848,0,-0.1151,0.1155,-0.2643,-0.0836,-0.2076,-0.0067,1739364906505.8577
4569,797707008,0,-0.1151,0.1155,-0.2643,-0.0836,-0.2076,-0.0134,1739364906515.8591
4570,965479168,0,-0.1151,0.1155,-0.2643,-0.0929,-0.1986,-0.0067,1739364906525.8606
4571,1133251328,0,-0.1151,0.1155,-0.2643,-0.0929,-0.1896,-0.0067,1739364906535.862
4572,1301023488,0,-0.1151,0.1155,-0.2643,-0.0929,-0.1986,0.0,1739364906545.8635
4573,1468795648,0,-0.1151,0.1155,-0.2643,-0.0929,-0.1986,-0.0067,1739364906555.8652
4574,1636567808,0,-0.1151,0.0924,-0.2643,-0.0929,-0.1896,-0.0134,1739364906565.8667
4575,1804339968,0,-0.1151,0.0924,-0.2643,-0.0836,-0.1986,-0.0067,1739364906575.8682
4576,1972112128,0,-0.1382,0.0924,-0.2643,-0.1022,-0.1896,0.0,1739364906585.8696
4577,2139884288,0,-0.1151,0.1155,-0.2643,-0.1022,-0.1896,0.0,1739364906595.871
4578,2307656448,0,-0.1151,0.0924,-0.2643,-0.0929,-0.1896,-0.0067,1739364906605.8726
4579,2475428608,0,-0.0921,0.1155,-0.2643,-0.0929,-0.1896,-0.0134,1739364906615.8743
4580,2643200768,0,-0.1151,0.0924,-0.2643,-0.0929,-0.1896,-0.0067,1739364906625.8757
4581,2810972928,0,-0.1151,0.1155,-0.2643,-0.0929,-0.1896,-0.0067,1739364906635.8772
4582,2978745088,0,-0.0921,0.0924,-0.2643,-0.0836,-0.1986,-0.0134,1739364906645.8787
4583,3146517248,0,-0.1382,0.1155,-0.2643,-0.0929,-0.1986,-0.0067,1739364906655.8801
4584,3314289408,0,-0.1151,0.0924,-0.2643,-0.0929,-0.1986,-0.0067,1739364906665.8816
4585,3482061568,0,-0.1151,0.1155,-0.3965,-0.0836,-0.1986,-0.0067,1739364906675.883
4586,3649833728,0,-0.1382,0.0924,-0.2643,-0.0929,-0.1986,0.0067,1739364906685.8848
4587,3817605888,0,-0.1151,0.0693,-0.2643,-0.0836,-0.1806,0.0,1739364906695.8862
4588,3985378048,0,-0.1151,0.0924,-0.2643,-0.0929,-0.1896,-0.0067,1739364906705.8877
4589,4153150208,0,-0.1151,0.0924,-0.2643,-0.0929,-0.1896,-0.0067,1739364906715.8892
4590,26020608,0,-0.1151,0.1155,-0.3965,-0.0836,-0.1986,0.0,1739364906725.8906
4591,193792768,0,-0.1151,0.1155,-0.3965,-0.0836,-0.1986,0.0,1739364906735.892
4592,361564928,0,-0.0921,0.0924,-0.2643,-0.0929,-0.1986,-0.0067,1739364906745.8936
4593,529337088,0,-0.1382,0.1155,-0.3965,-0.0836,-0.1986,-0.0067,1739364906755.8953
4594,697109248,0,-0.1151,0.0924,-0.2643,-0.0929,-0.1896,0.0,1739364906765.8967
4595,864881408,0,-0.1151,0.1155,-0.2643,-0.0929,-0.1986,-0.0067,1739364906775.8982
4596,1032653568,0,-0.0921,0.1155,-0.2643,-0.0836,-0.1896,-0.0134,1739364906785.8997
4597,1200425728,0,-0.0921,0.1155,-0.2643,-0.0929,-0.1986,0.0,1739364906795.9011
4598,1368197888,0,-0.0921,0.0924,-0.2643,-0.0929,-0.1896,-0.0067,1739364906805.9026
4599,1535970048,0,-0.1151,0.0924,-0.2643,-0.0929,-0.1896,-0.0067,1739364906815.904
4600,1703742208,0,-0.0921,0.1155,-0.2643,-0.0929,-0.1896,-0.0134,1739364906825.9058
4601,1871514368,0,-0.1151,0.0924,-0.2643,-0.0929,-0.1896,0.0,1739364906835.9072
4602,2039286528,0,-0.0921,0.0924,-0.2643,-0.0929,-0.1896,-0.0067,1739364906845.9087
4603,2207058688,0,-0.1151,0.1155,-0.2643,-0.0929,-0.1896,-0.0067,1739364906855.9102
4604,2374830848,0,-0.0921,0.0924,-0.2643,-0.0929,-0.1986,-0.0067,1739364906865.9116
4605,2542603008,0,-0.0921,0.0924,-0.2643,-0.0836,-0.1986,-0.0134,1739364906875.913
4606,2710375168,0,-0.0921,0.1155,-0.2643,-0.1022,-0.1896,-0.0201,1739364906885.9146
4607,2878147328,0,-0.0921,0.1155,-0.2643,-0.1022,-0.1986,-0.0134,1739364906895.9163
4608,3045919488,0,-0.0921,0.0924,-0.2643,-0.0929,-0.1896,-0.0067,1739364906905.9177
4609,3213691648,0,-0.0921,0.1155,-0.2643,-0.0929,-0.1896,-0.0134,1739364906915.9192
4610,3381463808,0,-0.1151,0.1155,-0.2643,-0.0929,-0.1896,-0.0067,1739364906925.9207
4611,3549235968,0,-0.1151,0.0924,-0.2643,-0.0929,-0.1896,-0.0134,1739364906935.922
4612,3717008128,0,-0.0921,0.1155,-0.1321,-0.0743,-0.1896,-0.0201,1739364906945.9236
4613,3884780288,0,-0.1382,0.0924,-0.2643,-0.0836,-0.1986,-0.0067,1739364906955.925
4614,4052552448,0,-0.0921,0.0924,-0.2643,-0.0929,-0.1896,-0.0067,1739364906965.9268
4615,4220324608,0,-0.0921,0.1155,-0.2643,-0.0836,-0.1986,-0.0067,1739364906975.9282
4616,93195008,0,-0.1612,0.0462,-0.2643,-0.0836,-0.1806,0.0,1739364906985.9297
4617,260967168,0,-0.1151,0.0924,-0.2643,-0.0836,-0.1806,-0.0134,1739364906995.9312
4618,428739328,0,-0.1151,0.0924,-0.1321,-0.0743,-0.1896,-0.0067,1739364907005.9326
4619,596511488,0,-0.0921,0.0924,-0.2643,-0.0836,-0.1806,-0.0134,1739364907015.934
4620,764283648,0,-0.1151,0.0924,-0.2643,-0.0929,-0.1896,-0.0134,1739364907025.9355
4621,932055808,0,-0.1151,0.0924,-0.2643,-0.0929,-0.1896,-0.0067,1739364907035.9373
4622,1099827968,0,-0.0691,0.0924,-0.2643,-0.0836,-0.1806,-0.0134,1739364907045.9387
4623,1267600128,0,-0.0921,0.0924,-0.2643,-0.0836,-0.1806,0.0,1739364907055.9402
4624,1435372288,0,-0.0921,0.1155,-0.1321,-0.0743,-0.1896,-0.0134,1739364907065.9417
4625,1603144448,0,-0.1382,0.0924,-0.1321,-0.0743,-0.1896,0.0067,1739364907075.943
4626,1770916608,0,-0.1151,0.0924,-0.1321,-0.0743,-0.1896,-0.0067,1739364907085.9446
4627,1938688768,0,-0.1151,0.0924,-0.1321,-0.0743,-0.1896,0.0,1739364907095.946
4628,2106460928,0,-0.1382,0.1155,-0.1321,-0.0743,-0.1896,0.0,1739364907105.9478
4629,2274233088,0,-0.0921,0.1155,-0.1321,-0.0743,-0.1896,-0.0067,1739364907115.9492
4630,2442005248,0,-0.1151,0.1155,-0.2643,-0.0743,-0.1986,-0.0067,1739364907125.9507
4631,2609777408,0,-0.0691,0.0924,-0.1321,-0.0743,-0.1896,-0.0067,1739364907135.9521
4632,2777549568,0,-0.1151,0.0924,-0.1321,-0.0743,-0.1896,-0.0134,1739364907145.9536
4633,2945321728,0,-0.1151,0.0924,-0.1321,-0.0743,-0.1896,-0.0067,1739364907155.955
4634,3113093888,0,-0.1151,0.0924,-0.1321,-0.0743,-0.1896,0.0,1739364907165.9565
4635,3280866048,0,-0.1151,0.0924,-0.1321,-0.0743,-0.1896,-0.0067,1739364907175.9583
4636,3448638208,0,-0.1382,0.0924,-0.1321,-0.0743,-0.1896,0.0,1739364907185.9597
4637,3616410368,0,-0.1382,0.0924,-0.1321,-0.0929,-0.1806,-0.0067,1739364907195.9612
4638,3784182528,0,-0.1151,0.0924,-0.2643,-0.0836,-0.1806,0.0,1739364907205.9626
4639,3951954688,0,-0.1151,0.0924,-0.2643,-0.0836,-0.1806,-0.0067,1739364907215.964
4640,4119726848,0,-0.1382,0.0924,-0.1321,-0.0743,-0.1896,-0.0067,1739364907225.9656
4641,4287499008,0,-0.0921,0.0924,-0.1321,-0.0743,-0.1896,0.0,1739364907235.967
4642,160369408,0,-0.0921,0.0924,-0.1321,-0.0743,-0.1896,-0.0134,1739364907245.9688
4643,328141568,0,-0.1151,0.0924,-0.1321,-0.0743,-0.1896,-0.0067,1739364907255.9702
4644,495913728,0,-0.1151,0.1155,-0.2643,-0.065,-0.1896,-0.0067,1739364907265.9717
4645,663685888,0,-0.0691,0.0924,-0.1321,-0.0743,-0.1896,-0.0067,1739364907275.9731
4646,831458048,0,-0.1151,0.0924,-0.2643,-0.0743,-0.1806,-0.0067,1739364907285.9746
4647,999230208,0,-0.0921,0.0924,-0.2643,-0.0836,-0.1896,-0.0067,1739364907295.976
4648,1167002368,0,-0.0921,0.1155,-0.1321,-0.0743,-0.1896,-0.0134,1739364907305.9778
4649,1334774528,0,-0.1151,0.0693,-0.1321,-0.0743,-0.1896,-0.0067,1739364907315.9792
4650,1502546688,0,-0.1151,0.0924,-0.1321,-0.0743,-0.1896,-0.0134,1739364907325.9807
4651,1670318848,0,-0.1151,0.1155,-0.2643,-0.0743,-0.1986,-0.0067,1739364907335.9822
4652,1838091008,0,-0.0921,0.0924,-0.2643,-0.0836,-0.1806,-0.0067,1739364907345.9836
4653,2005863168,0,-0.0921,0.1155,-0.1321,-0.0743,-0.1896,-0.0134,1739364907355.985
4654,2173635328,0,-0.0691,0.0924,-0.1321,-0.0743,-0.1896,-0.0134,1739364907365.9866
4655,2341407488,0,-0.1151,0.1155,-0.1321,-0.0743,-0.1896,-0.0067,1739364907375.9883
4656,2509179648,0,-0.0921,0.1155,-0.1321,-0.0743,-0.1896,0.0,1739364907385.9897
4657,2676951808,0,-0.0921,0.1155,-0.1321,-0.0836,-0.1715,-0.0067,1739364907395.9912
4658,2844723968,0,-0.1151,0.1155,-0.2643,-0.0836,-0.1806,-0.0067,1739364907405.9927
4659,3012496128,0,-0.0921,0.0924,-0.1321,-0.0743,-0.1806,-0.0067,1739364907415.9941
4660,3180268288,0,-0.0921,0.0924,-0.1321,-0.0743,-0.1806,-0.0067,1739364907425.9956
4661,3348040448,0,-0.0691,0.0924,-0.1321,-0.0836,-0.1715,-0.0134,1739364907435.997
4662,3515812608,0,-0.1151,0.0924,-0.1321,-0.0836,-0.1715,0.0,1739364907445.9988
4663,3683584768,0,-0.0921,0.0924,-0.1321,-0.0743,-0.1896,0.0,1739364907456.0002
4664,3851356928,0,-0.1151,0.0924,-0.1321,-0.0743,-0.1806,-0.0067,1739364907466.0017
4665,4019129088,0,-0.0691,0.0693,-0.1321,-0.0743,-0.1896,-0.0067,1739364907476.0032
4666,4186901248,0,-0.1382,0.0924,-0.1321,-0.0836,-0.1715,-0.0067,1739364907486.0046
4667,59771648,0,-0.1151,0.0924,-0.1321,-0.0743,-0.1806,0.0,1739364907496.006
4668,227543808,0,-0.0921,0.1155,-0.1321,-0.0743,-0.1806,-0.0067,1739364907506.0076
4669,395315968,0,-0.1151,0.0924,-0.1321,-0.0743,-0.1806,-0.0067,1739364907516.0093
4670,563088128,0,-0.1151,0.0924,-0.1321,-0.0743,-0.1806,-0.0067,1739364907526.0107
4671,730860288,0,-0.0921,0.0924,-0.1321,-0.0743,-0.1806,-0.0134,1739364907536.0122
4672,898632448,0,-0.1151,0.1155,-0.2643,-0.0743,-0.1715,-0.0067,1739364907546.0137
4673,1066404608,0,-0.1151,0.0924,-0.1321,-0.0743,-0.1896,0.0,1739364907556.0151
4674,1234176768,0,-0.1151,0.1155,-0.1321,-0.0743,-0.1806,0.0,1739364907566.0166
4675,1401948928,0,-0.0921,0.0924,-0.1321,-0.0743,-0.1896,-0.0067,1739364907576.018
4676,1569721088,0,-0.1382,0.0924,-0.1321,-0.0743,-0.1806,-0.0067,1739364907586.0198
4677,1737493248,0,-0.0921,0.0924,-0.1321,-0.0743,-0.1806,-0.0067,1739364907596.0212
4678,1905265408,0,-0.1151,0.0924,-0.1321,-0.0836,-0.1806,0.0,1739364907606.0227
4679,2073037568,0,-0.0921,0.0924,-0.1321,-0.0836,-0.1806,-0.0067,1739364907616.0242
4680,2240809728,0,-0.0691,0.1155,-0.1321,-0.0743,-0.1896,-0.0134,1739364907626.0256
4681,2408581888,0,-0.0921,0.0924,-0.1321,-0.0743,-0.1896,-0.0134,1739364907636.027
4682,2576354048,0,-0.1151,0.0924,-0.1321,-0.0836,-0.1806,-0.0067,1739364907646.0286
4683,2744126208,0,-0.0921,0.0924,0.0,-0.0836,-0.1896,-0.0067,1739364907656.0303
4684,2911898368,0,-0.0921,0.0924,0.0,-0.0836,-0.1896,-0.0134,1739364907666.0317
4685,3079670528,0,-0.0921,0.0924,0.0,-0.0836,-0.1896,-0.0067,1739364907676.0332
4686,3247442688,0,-0.0691,0.1155,0.0,-0.0836,-0.1896,-0.0134,1739364907686.0347
4687,3415214848,0,-0.0921,0.1155,0.0,-0.0743,-0.1986,-0.0134,1739364907696.0361
4688,3582987008,0,-0.0921,0.0924,0.0,-0.0836,-0.1896,-0.0067,1739364907706.0376
4689,3750759168,0,-0.0921,0.1155,-0.1321,-0.0743,-0.1896,-0.0067,1739364907716.039
4690,3918531328,0,-0.1151,0.1155,-0.1321,-0.0743,-0.1896,-0.0067,1739364907726.0408
4691,4086303488,0,-0.1151,0.0924,0.0,-0.0836,-0.1896,-0.0067,1739364907736.0422
4692,4254075648,0,-0.0921,0.0924,-0.1321,-0.0743,-0.1896,-0.0067,1739364907746.0437
4693,126946048,0,-0.0921,0.1155,-0.1321,-0.0743,-0.1896,-0.0067,1739364907756.0452
4694,294718208,0,-0.1382,0.0924,-0.1321,-0.0743,-0.1896,0.0,1739364907766.0466
4695,462490368,0,-0.0691,0.0924,-0.1321,-0.0743,-0.1896,-0.0134,1739364907776.048
4696,630262528,0,-0.1151,0.0924,-0.1321,-0.0743,-0.1806,-0.0134,1739364907786.0496
4697,798034688,0,-0.1151,0.1155,-0.1321,-0.0743,-0.1806,-0.0067,1739364907796.0513
4698,965806848,0,-0.0921,0.0924,-0.1321,-0.0743,-0.1806,-0.0067,1739364907806.0527
4699,1133579008,0,-0.0921,0.1155,-0.1321,-0.0743,-0.1806,-0.0134,1739364907816.0542
4700,1301351168,0,-0.1151,0.1155,-0.1321,-0.065,-0.1806,-0.0134,1739364907826.0557
4701,1469123328,0,-0.0921,0.0924,-0.1321,-0.0743,-0.1806,-0.0134,1739364907836.0571
4702,1636895488,0,-0.0921,0.0693,-0.1321,-0.0743,-0.1896,-0.0067,1739364907846.0586
4703,1804667648,0,-0.1151,0.1155,-0.1321,-0.065,-0.1896,-0.0067,1739364907856.06
4704,1972439808,0,-0.0921,0.0693,-0.1321,-0.0743,-0.1806,-0.0067,1739364907866.0618
4705,2140211968,0,-0.1151,0.0924,-0.1321,-0.065,-0.1806,-0.0067,1739364907876.0632
4706,2307984128,0,-0.0921,0.0924,-0.1321,-0.0743,-0.1806,-0.0067,1739364907886.0647
4707,2475756288,0,-0.0921,0.0693,-0.1321,-0.0836,-0.1806,-0.0067,1739364907896.0662
4708,2643528448,0,-0.0921,0.0924,-0.1321,-0.065,-0.1806,-0.0134,1739364907906.0676
4709,2811300608,0,-0.0921,0.1155,-0.1321,-0.0743,-0.1806,-0.0067,1739364907916.069
4710,2979072768,0,-0.1151,0.0924,-0.1321,-0.0743,-0.1806,-0.0134,1739364907926.0706
4711,3146844928,0,-0.0921,0.0924,-0.1321,-0.065,-0.1806,0.0067,1739364907936.0723
4712,3314617088,0,-0.1151,0.0924,-0.1321,-0.0743,-0.1806,0.0,1739364907946.0737
4713,3482389248,0,-0.1151,0.0924,-0.1321,-0.0743,-0.1806,0.0,1739364907956.0752
4714,3650161408,0,-0.0691,0.0693,-0.1321,-0.0743,-0.1806,-0.0067,1739364907966.0767
4715,3817933568,0,-0.0921,0.0924,-0.1321,-0.0743,-0.1806,-0.0134,1739364907976.0781
4716,3985705728,0,-0.1151,0.0924,-0.1321,-0.0743,-0.1806,0.0,1739364907986.0796
4717,4153477888,0,-0.0921,0.0924,-0.1321,-0.0836,-0.1806,-0.0134,1739364907996.0813
4718,26348288,0,-0.1151,0.1155,-0.1321,-0.0743,-0.1806,-0.0067,1739364908006.0828
4719,194120448,0,-0.0921,0.0693,-0.1321,-0.0743,-0.1806,-0.0067,1739364908016.0842
4720,361892608,0,-0.0921,0.0924,-0.1321,-0.0743,-0.1806,-0.0067,1739364908026.0857
4721,529664768,0,-0.0921,0.1155,-0.1321,-0.0743,-0.1806,-0.0067,1739364908036.0872
4722,697436928,0,-0.1151,0.0924,-0.1321,-0.0743,-0.1806,-0.0134,1739364908046.0886
4723,865209088,0,-0.0691,0.0693,-0.1321,-0.0743,-0.1806,-0.0134,1739364908056.09
4724,1032981248,0,-0.1151,0.1155,-0.1321,-0.0743,-0.1806,-0.0067,1739364908066.0918
4725,1200753408,0,-0.1151,0.0924,-0.1321,-0.065,-0.1806,-0.0067,1739364908076.0933
4726,1368525568,0,-0.1151,0.0924,-0.1321,-0.065,-0.1806,-0.0067,1739364908086.0947
4727,1536297728,0,-0.0921,0.0693,-0.1321,-0.0743,-0.1806,0.0,1739364908096.0962
4728,1704069888,0,-0.0921,0.0693,-0.1321,-0.0743,-0.1806,-0.0067,1739364908106.0977
4729,1871842048,0,-0.0921,0.0924,-0.1321,-0.0557,-0.1806,0.0,1739364908116.099
4730,2039614208,0,-0.0921,0.0924,-0.1321,-0.0743,-0.1806,-0.0067,1739364908126.1006
4731,2207386368,0,-0.0921,0.0924,-0.1321,-0.0743,-0.1806,-0.0067,1739364908136.1023
4732,2375158528,0,-0.1151,0.1155,-0.1321,-0.065,-0.1806,-0.0067,1739364908146.1038
4733,2542930688,0,-0.1151,0.1155,-0.1321,-0.065,-0.1806,-0.0067,1739364908156.1052
4734,2710702848,0,-0.0691,0.0924,-0.1321,-0.0743,-0.1806,-0.0201,1739364908166.1067
4735,2878475008,0,-0.0921,0.0924,-0.1321,-0.0743,-0.1896,-0.0067,1739364908176.1082
4736,3046247168,0,-0.0921,0.0693,-0.2643,-0.0743,-0.1715,-0.0134,1739364908186.1096
4737,3214019328,0,-0.046,0.0924,-0.2643,-0.0743,-0.1715,-0.0134,1739364908196.111
4738,3381791488,0,-0.0921,0.0924,-0.2643,-0.0743,-0.1715,-0.0134,1739364908206.1128
4739,3549563648,0,-0.0921,0.0924,-0.1321,-0.065,-0.1806,-0.0067,1739364908216.1143
4740,3717335808,0,-0.0691,0.0924,-0.2643,-0.0743,-0.1715,-0.0134,1739364908226.1157
4741,3885107968,0,-0.0691,0.0924,-0.1321,-0.0743,-0.1806,-0.0067,1739364908236.1172
4742,4052880128,0,-0.0921,0.0924,-0.1321,-0.065,-0.1806,-0.0067,1739364908246.1187
4743,4220652288,0,-0.0921,0.0924,-0.1321,-0.0743,-0.1806,-0.0134,1739364908256.12
4744,93522688,0,-0.0921,0.1155,-0.1321,-0.065,-0.1806,-0.0067,1739364908266.1216
4745,261294848,0,-0.1151,0.0924,-0.1321,-0.065,-0.1806,-0.0067,1739364908276.1233
4746,429067008,0,-0.0921,0.0924,-0.1321,-0.065,-0.1806,-0.0134,1739364908286.1248
4747,596839168,0,-0.0691,0.0693,-0.1321,-0.065,-0.1806,-0.0134,1739364908296.1262
4748,764611328,0,-0.0921,0.0924,-0.1321,-0.065,-0.1806,-0.0134,1739364908306.1277
4749,932383488,0,-0.0921,0.0924,-0.2643,-0.0743,-0.1715,-0.0134,1739364908316.1292
4750,1100155648,0,-0.1151,0.0924,-0.1321,-0.065,-0.1806,-0.0067,1739364908326.1306
4751,1267927808,0,-0.0921,0.0924,-0.2643,-0.0743,-0.1715,-0.0067,1739364908336.132
4752,1435699968,0,-0.1151,0.1155,-0.1321,-0.065,-0.1806,-0.0067,1739364908346.1338
4753,1603472128,0,-0.1151,0.1155,-0.1321,-0.065,-0.1806,-0.0067,1739364908356.1353
4754,1771244288,0,-0.0921,0.0924,-0.1321,-0.0557,-0.1806,0.0,1739364908366.1367
4755,1939016448,0,-0.0921,0.0924,-0.1321,-0.0557,-0.1806,0.0,1739364908376.1382
4756,2106788608,0,-0.0921,0.0924,-0.1321,-0.065,-0.1806,-0.0067,1739364908386.1396
4757,2274560768,0,-0.0921,0.0924,-0.1321,-0.065,-0.1806,-0.0134,1739364908396.141
4758,2442332928,0,-0.0691,0.0924,-0.1321,-0.065,-0.1806,-0.0067,1739364908406.1426
4759,2610105088,0,-0.0921,0.0924,-0.1321,-0.0743,-0.1806,-0.0067,1739364908416.1443
4760,2777877248,0,-0.0921,0.1155,-0.1321,-0.065,-0.1806,-0.0134,1739364908426.1458
4761,2945649408,0,-0.0921,0.0924,-0.1321,-0.065,-0.1806,-0.0067,1739364908436.1472
4762,3113421568,0,-0.0921,0.0924,-0.1321,-0.065,-0.1806,-0.0134,1739364908446.1487
4763,3281193728,0,-0.0691,0.0693,-0.1321,-0.0743,-0.1806,-0.0067,1739364908456.1501
4764,3448965888,0,-0.0921,0.1155,-0.1321,-0.0557,-0.1806,0.0,1739364908466.1516
4765,3616738048,0,-0.0921,0.0924,-0.1321,-0.0557,-0.1806,0.0,1739364908476.153
4766,3784510208,0,-0.1151,0.0924,-0.1321,-0.065,-0.1806,0.0,1739364908486.1548
4767,3952282368,0,-0.1151,0.0924,-0.1321,-0.0743,-0.1806,0.0,1739364908496.1562
4768,4120054528,0,-0.0921,0.0924,-0.1321,-0.0743,-0.1806,-0.0067,1739364908506.1577
4769,4287826688,0,-0.0921,0.0924,-0.1321,-0.065,-0.1806,-0.0134,1739364908516.1592
4770,160697088,0,-0.0921,0.1155,-0.1321,-0.0743,-0.1806,-0.0134,1739364908526.1606
4771,328469248,0,-0.1151,0.0924,-0.1321,-0.065,-0.1806,-0.0067,1739364908536.162
4772,496241408,0,-0.0921,0.0924,-0.1321,-0.065,-0.1806,-0.0067,1739364908546.1636
4773,664013568,0,-0.0921,0.0924,-0.1321,-0.065,-0.1806,-0.0067,1739364908556.1653
4774,831785728,0,-0.1151,0.0693,-0.1321,-0.0743,-0.1806,0.0,1739364908566.1667
4775,999557888,0,-0.0921,0.0924,-0.1321,-0.065,-0.1806,-0.0067,1739364908576.1682
4776,1167330048,0,-0.1151,0.0924,0.0,-0.065,-0.1896,0.0,1739364908586.1697
4777,1335102208,0,-0.0921,0.0693,-0.1321,-0.0743,-0.1715,-0.0067,1739364908596.1711
4778,1502874368,0,-0.0921,0.0924,-0.1321,-0.0557,-0.1806,0.0,1739364908606.1726
4779,1670646528,0,-0.0921,0.0693,-0.1321,-0.065,-0.1806,-0.0067,1739364908616.1743
4780,1838418688,0,-0.0921,0.0693,-0.1321,-0.065,-0.1806,-0.0134,1739364908626.1758
4781,2006190848,0,-0.0921,0.0924,-0.1321,-0.065,-0.1806,-0.0067,1739364908636.1772
4782,2173963008,0,-0.0921,0.0924,-0.1321,-0.065,-0.1806,-0.0067,1739364908646.1787
4783,2341735168,0,-0.0921,0.0924,0.0,-0.065,-0.1896,0.0,1739364908656.1802
4784,2509507328,0,-0.0691,0.0924,-0.1321,-0.065,-0.1806,-0.0067,1739364908666.1816
4785,2677279488,0,-0.0921,0.1155,0.0,-0.065,-0.1896,-0.0067,1739364908676.183
4786,2845051648,0,-0.0691,0.0924,-0.1321,-0.065,-0.1806,-0.0201,1739364908686.1848
4787,3012823808,0,-0.0921,0.1155,-0.1321,-0.065,-0.1806,-0.0067,1739364908696.1863
4788,3180595968,0,-0.1151,0.1155,-0.1321,-0.065,-0.1806,-0.0067,1739364908706.1877
4789,3348368128,0,-0.0921,0.0924,-0.1321,-0.065,-0.1806,-0.0134,1739364908716.1892
4790,3516140288,0,-0.0921,0.1155,0.0,-0.065,-0.1896,-0.0067,1739364908726.1907
4791,3683912448,0,-0.0921,0.0924,-0.1321,-0.065,-0.1806,-0.0067,1739364908736.1921
4792,3851684608,0,-0.0921,0.0924,0.0,-0.065,-0.1896,-0.0067,1739364908746.1936
4793,4019456768,0,-0.1151,0.0924,0.0,-0.065,-0.1896,0.0,1739364908756.1953
4794,4187228928,0,-0.0691,0.0924,-0.1321,-0.065,-0.1806,-0.0134,1739364908766.1968
4795,60099328,0,-0.0921,0.0924,0.0,-0.065,-0.1896,-0.0134,1739364908776.1982
4796,227871488,0,-0.046,0.1155,-0.1321,-0.0557,-0.1896,-0.0201,1739364908786.1997
4797,395643648,0,-0.0691,0.0924,0.0,-0.0743,-0.1896,-0.0134,1739364908796.2012
4798,563415808,0,-0.0921,0.0693,-0.1321,-0.0743,-0.1896,-0.0067,1739364908806.2026
4799,731187968,0,-0.1151,0.0924,0.0,-0.065,-0.1896,-0.0067,1739364908816.204
4800,898960128,0,-0.0921,0.0924,0.0,-0.065,-0.1896,-0.0067,1739364908826.2058
4801,1066732288,0,-0.0691,0.0924,0.0,-0.065,-0.1896,-0.0134,1739364908836.2073
4802,1234504448,0,-0.0921,0.1155,0.0,-0.065,-0.1896,0.0,1739364908846.2087
4803,1402276608,0,-0.0921,0.0693,-0.1321,-0.065,-0.1806,0.0,1739364908856.2102
4804,1570048768,0,-0.0921,0.0924,0.0,-0.0557,-0.1715,0.0,1739364908866.2117
4805,1737820928,0,-0.0921,0.1155,0.0,-0.0743,-0.1896,-0.0067,1739364908876.2131
4806,1905593088,0,-0.1151,0.0924,-0.1321,-0.0557,-0.1896,-0.0067,1739364908886.2146
4807,2073365248,0,-0.1151,0.0924,0.0,-0.065,-0.1896,-0.0067,1739364908896.2163
4808,2241137408,0,-0.0921,0.0693,-0.1321,-0.0557,-0.1896,-0.0067,1739364908906.2178
4809,2408909568,0,-0.1151,0.0924,-0.1321,-0.065,-0.1806,-0.0067,1739364908916.2192
4810,2576681728,0,-0.0691,0.0924,0.0,-0.065,-0.1896,-0.0067,1739364908926.2207
4811,2744453888,0,-0.0921,0.1155,-0.1321,-0.065,-0.1806,-0.0067,1739364908936.2222
4812,2912226048,0,-0.0921,0.0924,0.0,-0.065,-0.1896,-0.0067,1739364908946.2236
4813,3079998208,0,-0.0921,0.0924,0.0,-0.065,-0.1896,-0.0067,1739364908956.225
4814,3247770368,0,-0.0921,0.0924,-0.1321,-0.0743,-0.1806,-0.0134,1739364908966.2268
4815,3415542528,0,-0.0921,0.0693,-0.1321,-0.065,-0.1806,-0.0067,1739364908976.2283
4816,3583314688,0,-0.046,0.1155,0.0,-0.065,-0.1896,-0.0134,1739364908986.2297
4817,3751086848,0,-0.0921,0.0924,0.0,-0.0743,-0.1806,0.0,1739364908996.2312
4818,3918859008,0,-0.0921,0.0693,-0.1321,-0.065,-0.1806,-0.0067,1739364909006.2327
4819,4086631168,0,-0.0921,0.1155,0.0,-0.065,-0.1896,-0.0067,1739364909016.2341
4820,4254403328,0,-0.1151,0.0924,-0.1321,-0.0743,-0.1806,-0.0067,1739364909026.2356
4821,127273728,0,-0.0921,0.0924,-0.1321,-0.0743,-0.1806,-0.0134,1739364909036.2373
4822,295045888,0,-0.0921,0.0924,-0.1321,-0.065,-0.1806,-0.0067,1739364909046.2388
4823,462818048,0,-0.0921,0.0924,-0.1321,-0.0743,-0.1806,-0.0067,1739364909056.2402
4824,630590208,0,-0.0921,0.0924,-0.1321,-0.065,-0.1806,-0.0067,1739364909066.2417
4825,798362368,0,-0.0921,0.0924,-0.1321,-0.0743,-0.1806,-0.0067,1739364909076.2432
4826,966134528,0,-0.1151,0.0693,-0.1321,-0.065,-0.1806,0.0067,1739364909086.2446
4827,1133906688,0,-0.1151,0.0693,-0.1321,-0.065,-0.1806,0.0,1739364909096.246
4828,1301678848,0,-0.1151,0.0924,-0.1321,-0.065,-0.1806,-0.0067,1739364909106.2478
4829,1469451008,0,-0.0921,0.0924,-0.1321,-0.065,-0.1806,-0.0134,1739364909116.2493
4830,1637223168,0,-0.1151,0.0924,-0.1321,-0.065,-0.1806,0.0,1739364909126.2507
4831,1804995328,0,-0.0921,0.0924,-0.1321,-0.0557,-0.1806,-0.0067,1739364909136.2522
4832,1972767488,0,-0.0921,0.0924,-0.1321,-0.0557,-0.1806,-0.0067,1739364909146.2537
4833,2140539648,0,-0.0921,0.0924,-0.1321,-0.065,-0.1806,-0.0134,1739364909156.2551
4834,2308311808,0,-0.0691,0.0924,-0.1321,-0.0743,-0.1806,-0.0067,1739364909166.2566
4835,2476083968,0,-0.0921,0.0924,-0.1321,-0.065,-0.1806,-0.0067,1739364909176.2583
4836,2643856128,0,-0.0921,0.1155,-0.1321,-0.0557,-0.1806,-0.0067,1739364909186.2598
4837,2811628288,0,-0.1151,0.0924,0.0,-0.0743,-0.1806,0.0,1739364909196.2612
4838,2979400448,0,-0.0921,0.0924,0.0,-0.065,-0.1896,-0.0067,1739364909206.2627
4839,3147172608,0,-0.0921,0.0924,-0.1321,-0.0557,-0.1806,0.0,1739364909216.2642
4840,3314944768,0,-0.0921,0.0924,-0.1321,-0.065,-0.1806,-0.0067,1739364909226.2656
4841,3482716928,0,-0.0921,0.0924,0.0,-0.065,-0.1896,0.0,1739364909236.267
4842,3650489088,0,-0.0921,0.0924,-0.1321,-0.065,-0.1806,-0.0067,1739364909246.2688
4843,3818261248,0,-0.0921,0.1155,-0.1321,-0.0743,-0.1896,-0.0134,1739364909256.2703
4844,3986033408,0,-0.1151,0.1155,-0.1321,-0.065,-0.1806,-0.0067,1739364909266.2717
4845,4153805568,0,-0.0691,0.0924,0.0,-0.065,-0.1896,-0.0134,1739364909276.2732
4846,26675968,0,-0.0691,0.0924,-0.1321,-0.065,-0.1806,-0.0201,1739364909286.2747
4847,194448128,0,-0.046,0.0924,0.0,-0.065,-0.1896,-0.0201,1739364909296.2761
4848,362220288,0,-0.0691,0.0924,0.0,-0.065,-0.1896,-0.0067,1739364909306.2778
4849,529992448,0,-0.0921,0.0924,0.0,-0.065,-0.1806,-0.0067,1739364909316.2793
4850,697764608,0,-0.0921,0.0924,0.0,-0.0743,-0.1896,-0.0067,1739364909326.2808
4851,865536768,0,-0.0921,0.0924,0.0,-0.065,-0.1806,-0.0067,1739364909336.2822
4852,1033308928,0,-0.0691,0.0924,0.0,-0.0557,-0.1806,0.0,1739364909346.2837
4853,1201081088,0,-0.0921,0.0924,0.0,-0.065,-0.1896,-0.0067,1739364909356.2852
4854,1368853248,0,-0.0921,0.0924,0.0,-0.065,-0.1896,-0.0134,1739364909366.2866
4855,1536625408,0,-0.0921,0.0693,0.0,-0.065,-0.1896,0.0,1739364909376.2883
4856,1704397568,0,-0.0691,0.0693,0.0,-0.065,-0.1896,-0.0067,1739364909386.2898
4857,1872169728,0,-0.0691,0.1155,0.0,-0.065,-0.1806,-0.0134,1739364909396.2913
4858,2039941888,0,-0.0691,0.1155,0.0,-0.0557,-0.1986,-0.0067,1739364909406.2927
4859,2207714048,0,-0.0921,0.0924,0.0,-0.065,-0.1896,-0.0067,1739364909416.2942
4860,2375486208,0,-0.1151,0.0693,0.0,-0.065,-0.1896,0.0,1739364909426.2957
4861,2543258368,0,-0.0921,0.0924,0.0,-0.065,-0.1896,0.0,1739364909436.297
4862,2711030528,0,-0.0691,0.0924,-0.1321,-0.065,-0.1806,-0.0067,1739364909446.2988
4863,2878802688,0,-0.0921,0.0924,0.0,-0.065,-0.1896,-0.0067,1739364909456.3003
4864,3046574848,0,-0.0691,0.0693,-0.1321,-0.065,-0.1806,-0.0134,1739364909466.3018
4865,3214347008,0,-0.0921,0.0924,0.0,-0.065,-0.1715,-0.0067,1739364909476.3032
4866,3382119168,0,-0.0691,0.0924,0.0,-0.065,-0.1896,-0.0067,1739364909486.3047
4867,3549891328,0,-0.0691,0.0924,0.0,-0.0743,-0.1896,-0.0067,1739364909496.3062
4868,3717663488,0,-0.0921,0.0924,-0.1321,-0.065,-0.1806,-0.0067,1739364909506.3076
4869,3885435648,0,-0.0921,0.0693,-0.1321,-0.065,-0.1806,-0.0067,1739364909516.3093
4870,4053207808,0,-0.0691,0.0924,-0.1321,-0.0557,-0.1806,-0.0134,1739364909526.3108
4871,4220979968,0,-0.0691,0.0924,-0.1321,-0.065,-0.1806,-0.0067,1739364909536.3123
4872,93850368,0,-0.0921,0.0693,-0.1321,-0.065,-0.1806,-0.0067,1739364909546.3137
4873,261622528,0,-0.0691,0.0924,-0.1321,-0.065,-0.1806,-0.0067,1739364909556.3152
4874,429394688,0,-0.1151,0.0924,0.0,-0.065,-0.1806,0.0,1739364909566.3167
4875,597166848,0,-0.0921,0.0924,0.0,-0.065,-0.1806,-0.0067,1739364909576.318
4876,764939008,0,-0.0691,0.0924,0.0,-0.0557,-0.1986,-0.0201,1739364909586.3198
4877,932711168,0,-0.0691,0.1155,0.0,-0.0557,-0.1986,-0.0201,1739364909596.3213
4878,1100483328,0,-0.0691,0.0924,0.0,-0.065,-0.1896,-0.0067,1739364909606.3228
4879,1268255488,0,-0.0921,0.0924,0.0,-0.065,-0.1806,-0.0067,1739364909616.3242
4880,1436027648,0,-0.0921,0.0924,-0.1321,-0.065,-0.1806,-0.0067,1739364909626.3257
4881,1603799808,0,-0.1151,0.0924,0.0,-0.065,-0.1896,-0.0067,1739364909636.3271
4882,1771571968,0,-0.0921,0.0924,0.0,-0.065,-0.1806,-0.0067,1739364909646.3286
4883,1939344128,0,-0.0921,0.0924,0.0,-0.0743,-0.1806,-0.0067,1739364909656.3303
4884,2107116288,0,-0.0921,0.0693,0.0,-0.065,-0.1806,0.0,1739364909666.3318
4885,2274888448,0,-0.0691,0.0924,0.0,-0.0557,-0.1806,0.0,1739364909676.3333
4886,2442660608,0,-0.1151,0.0924,0.0,-0.065,-0.1806,-0.0067,1739364909686.3347
4887,2610432768,0,-0.0921,0.0924,0.0,-0.0557,-0.1715,0.0,1739364909696.3362
4888,2778204928,0,-0.0921,0.0924,0.0,-0.065,-0.1806,0.0,1739364909706.3376
4889,2945977088,0,-0.0921,0.0924,0.0,-0.065,-0.1806,0.0,1739364909716.339
4890,3113749248,0,-0.0921,0.0924,0.0,-0.065,-0.1806,-0.0134,1739364909726.3408
4891,3281521408,0,-0.0921,0.0924,0.0,-0.065,-0.1806,-0.0067,1739364909736.3423
4892,3449293568,0,-0.0921,0.0924,0.0,-0.065,-0.1806,-0.0067,1739364909746.3438
4893,3617065728,0,-0.0921,0.0693,0.0,-0.065,-0.1896,-0.0067,1739364909756.3452
4894,3784837888,0,-0.1151,0.0924,-0.1321,-0.065,-0.1806,-0.0067,1739364909766.3467
4895,3952610048,0,-0.0921,0.0924,0.0,-0.0743,-0.1806,-0.0067,1739364909776.3481
4896,4120382208,0,-0.1151,0.0924,0.0,-0.065,-0.1896,-0.0067,1739364909786.3496
4897,4288154368,0,-0.1151,0.0924,0.0,-0.065,-0.1715,-0.0134,1739364909796.3513
4898,161024768,0,-0.0921,0.0924,-0.1321,-0.0557,-0.1806,0.0,1739364909806.3528
4899,328796928,0,-0.0691,0.1155,0.0,-0.0557,-0.1715,0.0,1739364909816.3542
4900,496569088,0,-0.046,0.0924,-0.1321,-0.065,-0.1806,-0.0134,1739364909826.3557
4901,664341248,0,-0.0691,0.0924,0.0,-0.065,-0.1806,-0.0134,1739364909836.3572
4902,832113408,0,-0.0691,0.0924,0.0,-0.065,-0.1806,-0.0067,1739364909846.3586
4903,999885568,0,-0.0921,0.1155,0.0,-0.065,-0.1806,-0.0134,1739364909856.36
4904,1167657728,0,-0.0691,0.0924,0.0,-0.065,-0.1806,-0.0067,1739364909866.3618
4905,1335429888,0,-0.0921,0.0924,0.0,-0.0557,-0.1806,0.0067,1739364909876.3633
4906,1503202048,0,-0.1151,0.0924,0.0,-0.0557,-0.1715,0.0,1739364909886.3647
4907,1670974208,0,-0.0921,0.0693,0.0,-0.0743,-0.1715,-0.0134,1739364909896.3662
4908,1838746368,0,-0.0921,0.0693,-0.1321,-0.065,-0.1806,-0.0134,1739364909906.3677
4909,2006518528,0,-0.0691,0.0693,-0.1321,-0.065,-0.1806,-0.0067,1739364909916.3691
4910,2174290688,0,-0.0921,0.0924,-0.1321,-0.0557,-0.1806,-0.0134,1739364909926.3708
4911,2342062848,0,-0.0691,0.0924,0.0,-0.065,-0.1896,-0.0067,1739364909936.3723
4912,2509835008,0,-0.0691,0.0924,0.0,-0.065,-0.1806,-0.0134,1739364909946.3738
4913,2677607168,0,-0.0691,0.0924,0.0,-0.065,-0.1806,-0.0067,1739364909956.3752
4914,2845379328,0,-0.0691,0.0693,0.0,-0.065,-0.1896,-0.0067,1739364909966.3767
4915,3013151488,0,-0.1151,0.0924,0.0,-0.0557,-0.1715,0.0,1739364909976.3782
4916,3180923648,0,-0.0691,0.0924,-0.1321,-0.0557,-0.1896,-0.0067,1739364909986.3796
4917,3348695808,0,-0.0691,0.0924,0.0,-0.065,-0.1806,-0.0067,1739364909996.3813
4918,3516467968,0,-0.0921,0.0924,0.0,-0.065,-0.1806,-0.0067,1739364910006.3828
4919,3684240128,0,-0.046,0.0924,0.0,-0.065,-0.1806,-0.0134,1739364910016.3843
4920,3852012288,0,-0.0691,0.0693,0.0,-0.0743,-0.1806,-0.0067,1739364910026.3857
4921,4019784448,0,-0.0691,0.0924,0.0,-0.0743,-0.1806,-0.0067,1739364910036.3872
4922,4187556608,0,-0.0921,0.0924,0.0,-0.065,-0.1715,-0.0067,1739364910046.3887
4923,60427008,0,-0.0921,0.0924,0.0,-0.065,-0.1806,-0.0067,1739364910056.3901
4924,228199168,0,-0.0691,0.0924,-0.1321,-0.0464,-0.1715,-0.0067,1739364910066.3918
4925,395971328,0,-0.1151,0.0924,0.0,-0.065,-0.1715,-0.0067,1739364910076.3933
4926,563743488,0,-0.1151,0.0693,0.0,-0.0557,-0.1715,0.0,1739364910086.3948
4927,731515648,0,-0.0921,0.0693,0.0,-0.0557,-0.1715,0.0,1739364910096.3962
4928,899287808,0,-0.1151,0.0693,-0.1321,-0.065,-0.1806,0.0,1739364910106.3977
4929,1067059968,0,-0.0921,0.0924,-0.1321,-0.0557,-0.1806,-0.0067,1739364910116.3992
4930,1234832128,0,-0.0921,0.0924,-0.1321,-0.0464,-0.1715,-0.0067,1739364910126.4006
4931,1402604288,0,-0.0691,0.0693,0.0,-0.0743,-0.1806,-0.0067,1739364910136.4023
4932,1570376448,0,-0.0921,0.0924,0.0,-0.065,-0.1896,-0.0067,1739364910146.4038
4933,1738148608,0,-0.0921,0.0924,0.0,-0.065,-0.1806,0.0,1739364910156.4053
4934,1905920768,0,-0.0691,0.0924,0.0,-0.065,-0.1806,-0.0134,1739364910166.4067
4935,2073692928,0,-0.046,0.1155,0.0,-0.065,-0.1896,-0.0067,1739364910176.4082
4936,2241465088,0,-0.0921,0.0924,0.0,-0.065,-0.1715,-0.0067,1739364910186.4097
4937,2409237248,0,-0.0921,0.0924,0.0,-0.065,-0.1806,-0.0067,1739364910196.4111
4938,2577009408,0,-0.046,0.0924,0.0,-0.065,-0.1806,-0.0134,1739364910206.4128
4939,2744781568,0,-0.0691,0.0924,0.0,-0.065,-0.1806,-0.0134,1739364910216.4143
4940,2912553728,0,-0.0921,0.0924,-0.1321,-0.065,-0.1806,-0.0067,1739364910226.4158
4941,3080325888,0,-0.0921,0.0924,0.0,-0.065,-0.1715,-0.0067,1739364910236.4172
4942,3248098048,0,-0.0691,0.0924,0.0,-0.0743,-0.1715,-0.0067,1739364910246.4187
4943,3415870208,0,-0.0921,0.0924,0.0,-0.0743,-0.1806,-0.0067,1739364910256.4202
4944,3583642368,0,-0.0921,0.0693,0.0,-0.065,-0.1715,-0.0067,1739364910266.4216
4945,3751414528,0,-0.0921,0.0924,0.0,-0.0743,-0.1806,-0.0067,1739364910276.4233
4946,3919186688,0,-0.0921,0.0924,0.0,-0.0464,-0.1715,-0.0067,1739364910286.4248
4947,4086958848,0,-0.0921,0.0924,0.0,-0.0557,-0.1715,0.0,1739364910296.4263
4948,4254731008,0,-0.0921,0.0924,-0.1321,-0.065,-0.1806,-0.0067,1739364910306.4277
4949,127601408,0,-0.0691,0.0693,0.0,-0.065,-0.1715,-0.0067,1739364910316.4292
4950,295373568,0,-0.0921,0.0924,0.0,-0.0557,-0.1715,0.0,1739364910326.4307
4951,463145728,0,-0.1151,0.0693,0.0,-0.065,-0.1715,-0.0067,1739364910336.4321
4952,630917888,0,-0.0921,0.0693,0.0,-0.0557,-0.1715,0.0,1739364910346.4338
4953,798690048,0,-0.0921,0.0924,0.1321,-0.065,-0.1715,-0.0067,1739364910356.4353
4954,966462208,0,-0.0691,0.0924,0.1321,-0.065,-0.1715,-0.0134,1739364910366.4368
4955,1134234368,0,-0.046,0.0924,0.1321,-0.0743,-0.1715,-0.0067,1739364910376.4382
4956,1302006528,0,-0.046,0.0924,0.0,-0.0743,-0.1806,-0.0134,1739364910386.4397
4957,1469778688,0,-0.0691,0.0924,0.1321,-0.065,-0.1715,-0.0067,1739364910396.4412
4958,1637550848,0,-0.0691,0.0924,0.0,-0.0743,-0.1806,-0.0134,1739364910406.4426
4959,1805323008,0,-0.0921,0.0924,0.1321,-0.065,-0.1715,-0.0067,1739364910416.4443
4960,1973095168,0,-0.0921,0.0924,0.1321,-0.0557,-0.1715,0.0,1739364910426.4458
4961,2140867328,0,-0.0691,0.0924,0.0,-0.0743,-0.1806,-0.0067,1739364910436.4473
4962,2308639488,0,-0.1151,0.0924,0.1321,-0.065,-0.1715,-0.0067,1739364910446.4487
4963,2476411648,0,-0.0921,0.0924,0.1321,-0.065,-0.1715,-0.0067,1739364910456.4502
4964,2644183808,0,-0.046,0.0924,0.1321,-0.0743,-0.1715,-0.0134,1739364910466.4517
4965,2811955968,0,-0.0691,0.0924,0.0,-0.0743,-0.1806,-0.0067,1739364910476.4531
4966,2979728128,0,-0.046,0.0924,0.1321,-0.065,-0.1715,-0.0134,1739364910486.4548
4967,3147500288,0,-0.046,0.0693,0.1321,-0.0743,-0.1715,-0.0134,1739364910496.4563
4968,3315272448,0,-0.0921,0.0693,0.1321,-0.065,-0.1715,-0.0067,1739364910506.4578
4969,3483044608,0,-0.0921,0.0924,0.1321,-0.065,-0.1715,-0.0067,1739364910516.4592
4970,3650816768,0,-0.0691,0.0924,0.1321,-0.065,-0.1715,-0.0067,1739364910526.4607
4971,3818588928,0,-0.046,0.0924,0.0,-0.0743,-0.1806,0.0,1739364910536.4622
4972,3986361088,0,-0.0691,0.0924,0.0,-0.0743,-0.1806,-0.0134,1739364910546.4636
4973,4154133248,0,-0.0691,0.0924,0.0,-0.065,-0.1715,0.0,1739364910556.4653
4974,27003648,0,-0.046,0.0924,0.1321,-0.065,-0.1715,-0.0067,1739364910566.4668
4975,194775808,0,-0.0691,0.0924,0.1321,-0.065,-0.1715,-0.0067,1739364910576.4683
4976,362547968,0,-0.0691,0.1155,0.0,-0.065,-0.1806,-0.0067,1739364910586.4697
4977,530320128,0,-0.0691,0.0693,0.0,-0.0557,-0.1625,-0.0067,1739364910596.4712
4978,698092288,0,-0.0921,0.0693,0.0,-0.065,-0.1625,-0.0067,1739364910606.4727
4979,865864448,0,-0.0921,0.0924,0.1321,-0.0557,-0.1715,0.0,1739364910616.4744
4980,1033636608,0,-0.1151,0.0924,0.1321,-0.0557,-0.1715,0.0,1739364910626.4758
4981,1201408768,0,-0.0691,0.0924,0.1321,-0.065,-0.1715,-0.0067,1739364910636.4773
4982,1369180928,0,-0.0691,0.0924,0.0,-0.065,-0.1715,-0.0134,1739364910646.4788
4983,1536953088,0,-0.0921,0.0693,0.1321,-0.065,-0.1715,-0.0134,1739364910656.4802
4984,1704725248,0,-0.0921,0.0924,0.0,-0.0743,-0.1806,-0.0067,1739364910666.4817
4985,1872497408,0,-0.0691,0.0693,0.0,-0.0743,-0.1806,-0.0067,1739364910676.4832
4986,2040269568,0,-0.0921,0.0693,0.0,-0.0743,-0.1806,-0.0067,1739364910686.4849
4987,2208041728,0,-0.0921,0.0924,0.1321,-0.0836,-0.1806,-0.0067,1739364910696.4863
4988,2375813888,0,-0.0921,0.0924,0.1321,-0.065,-0.1715,-0.0067,1739364910706.4878
4989,2543586048,0,-0.0921,0.0924,0.1321,-0.065,-0.1715,-0.0067,1739364910716.4893
4990,2711358208,0,-0.1151,0.0924,0.1321,-0.065,-0.1715,-0.0067,1739364910726.4907
4991,2879130368,0,-0.0691,0.0924,0.1321,-0.0743,-0.1715,-0.0067,1739364910736.4922
4992,3046902528,0,-0.0691,0.0924,0.1321,-0.065,-0.1715,-0.0067,1739364910746.4937
4993,3214674688,0,-0.0691,0.0924,0.1321,-0.065,-0.1715,-0.0067,1739364910756.4954
4994,3382446848,0,-0.0921,0.0924,0.0,-0.0557,-0.1625,-0.0134,1739364910766.4968
4995,3550219008,0,-0.0691,0.0693,0.0,-0.065,-0.1715,0.0,1739364910776.4983
4996,3717991168,0,-0.0691,0.0693,0.0,-0.0464,-0.1715,0.0,1739364910786.4998
4997,3885763328,0,-0.0691,0.0924,0.0,-0.0743,-0.1806,-0.0067,1739364910796.5012
4998,4053535488,0,-0.046,0.0924,0.0,-0.0743,-0.1715,-0.0134,1739364910806.5027
4999,4221307648,0,-0.0691,0.0924,0.1321,-0.065,-0.1715,-0.0067,1739364910816.5042
5000,94178048,0,-0.0691,0.0924,0.0,-0.0743,-0.1806,0.0,1739364910826.5059
5001,261950208,0,-0.0691,0.0924,0.0,-0.0743,-0.1715,-0.0067,1739364910836.5073
5002,429722368,0,-0.046,0.0924,0.0,-0.0743,-0.1806,-0.0134,1739364910846.5088
5003,597494528,0,-0.0921,0.0924,0.0,-0.0743,-0.1806,0.0,1739364910856.5103
5004,765266688,0,-0.0691,0.0924,0.1321,-0.065,-0.1715,-0.0067,1739364910866.5117
5005,933038848,0,-0.0921,0.0924,0.0,-0.0743,-0.1806,-0.0067,1739364910876.5132
5006,1100811008,0,-0.0921,0.0924,0.1321,-0.065,-0.1715,-0.0067,1739364910886.5146
5007,1268583168,0,-0.0921,0.0693,0.1321,-0.065,-0.1535,0.0,1739364910896.5164
5008,1436355328,0,-0.0921,0.0924,0.1321,-0.065,-0.1715,-0.0134,1739364910906.5178
5009,1604127488,0,-0.0691,0.0924,0.1321,-0.065,-0.1715,-0.0134,1739364910916.5193
5010,1771899648,0,-0.0691,0.0924,0.1321,-0.0557,-0.1715,0.0,1739364910926.5208
5011,1939671808,0,-0.0691,0.0924,0.1321,-0.0557,-0.1715,0.0,1739364910936.5222
5012,2107443968,0,-0.0691,0.0924,0.1321,-0.065,-0.1715,-0.0067,1739364910946.5237
5013,2275216128,0,-0.0691,0.0693,0.1321,-0.0557,-0.1806,-0.0067,1739364910956.5251
5014,2442988288,0,-0.0691,0.0693,0.1321,-0.065,-0.1715,-0.0134,1739364910966.5269
5015,2610760448,0,-0.0691,0.0924,0.1321,-0.065,-0.1715,-0.0067,1739364910976.5283
5016,2778532608,0,-0.1151,0.0924,0.0,-0.065,-0.1806,-0.0067,1739364910986.5298
5017,2946304768,0,-0.0691,0.0693,0.1321,-0.0743,-0.1625,-0.0067,1739364910996.5312
5018,3114076928,0,-0.0691,0.0924,0.1321,-0.065,-0.1715,-0.0134,1739364911006.5327
5019,3281849088,0,-0.0691,0.0693,0.1321,-0.065,-0.1715,-0.0134,1739364911016.5342
5020,3449621248,0,-0.0921,0.0924,0.1321,-0.065,-0.1715,-0.0134,1739364911026.5356
5021,3617393408,0,-0.0921,0.0693,0.1321,-0.065,-0.1715,-0.0134,1739364911036.5374
5022,3785165568,0,-0.0921,0.1155,0.1321,-0.065,-0.1715,-0.0067,1739364911046.5388
5023,3952937728,0,-0.046,0.0924,0.1321,-0.0557,-0.1715,0.0,1739364911056.5403
5024,4120709888,0,-0.0691,0.0693,0.0,-0.0557,-0.1625,-0.0067,1739364911066.5417
5025,4288482048,0,-0.0691,0.0924,0.0,-0.0743,-0.1806,-0.0067,1739364911076.5432
5026,161352448,0,-0.023,0.0693,0.1321,-0.065,-0.1715,-0.0134,1739364911086.5447
5027,329124608,0,-0.0921,0.0924,0.1321,-0.065,-0.1806,-0.0067,1739364911096.5461
5028,496896768,0,-0.046,0.0693,0.0,-0.0743,-0.1806,-0.0067,1739364911106.5479
5029,664668928,0,-0.0691,0.0924,0.0,-0.0557,-0.1625,-0.0067,1739364911116.5493
5030,832441088,0,-0.0921,0.0924,0.0,-0.0743,-0.1806,-0.0067,1739364911126.5508
5031,1000213248,0,-0.0921,0.0693,0.1321,-0.065,-0.1715,-0.0134,1739364911136.5522
5032,1167985408,0,-0.046,0.0693,0.1321,-0.065,-0.1715,-0.0067,1739364911146.5537
5033,1335757568,0,-0.0691,0.0924,0.1321,-0.065,-0.1715,-0.0134,1739364911156.5552
5034,1503529728,0,-0.0691,0.0924,0.1321,-0.065,-0.1715,-0.0067,1739364911166.5566
5035,1671301888,0,-0.0691,0.0924,0.1321,-0.065,-0.1715,-0.0134,1739364911176.5583
5036,1839074048,0,-0.0921,0.0924,0.1321,-0.0557,-0.1715,0.0,1739364911186.5598
5037,2006846208,0,-0.0921,0.0924,0.0,-0.0557,-0.1625,0.0,1739364911196.5613
5038,2174618368,0,-0.0921,0.0693,0.0,-0.0743,-0.1715,-0.0067,1739364911206.5627
5039,2342390528,0,-0.0921,0.0924,0.0,-0.065,-0.1625,-0.0067,1739364911216.5642
5040,2510162688,0,-0.0691,0.0924,0.0,-0.0743,-0.1806,-0.0067,1739364911226.5657
5041,2677934848,0,-0.0691,0.0693,0.1321,-0.065,-0.1715,-0.0067,1739364911236.5674
5042,2845707008,0,-0.0921,0.0924,0.0,-0.065,-0.1625,-0.0067,1739364911246.5688
5043,3013479168,0,-0.0921,0.0693,0.0,-0.065,-0.1625,-0.0067,1739364911256.5703
5044,3181251328,0,-0.0921,0.0924,0.0,-0.0557,-0.1715,0.0,1739364911266.5718
5045,3349023488,0,-0.0921,0.0924,0.0,-0.065,-0.1806,-0.0134,1739364911276.5732
5046,3516795648,0,-0.0691,0.0924,0.0,-0.065,-0.1806,-0.0134,1739364911286.5747
5047,3684567808,0,-0.0921,0.0924,0.1321,-0.065,-0.1715,-0.0134,1739364911296.5762
5048,3852339968,0,-0.0691,0.0693,0.0,-0.0557,-0.1625,-0.0134,1739364911306.578
5049,4020112128,0,-0.1151,0.0924,0.1321,-0.065,-0.1715,-0.0067,1739364911316.5793
5050,4187884288,0,-0.0691,0.0924,0.1321,-0.065,-0.1715,-0.0067,1739364911326.5808
5051,60754688,0,-0.0691,0.0924,0.1321,-0.065,-0.1715,-0.0134,1739364911336.5823
5052,228526848,0,-0.0921,0.0924,0.1321,-0.0557,-0.1715,0.0,1739364911346.5837
5053,396299008,0,-0.046,0.0693,0.1321,-0.065,-0.1715,-0.0134,1739364911356.5852
5054,564071168,0,-0.0691,0.0693,0.1321,-0.065,-0.1715,-0.0067,1739364911366.5867
5055,731843328,0,-0.0921,0.0924,0.0,-0.0743,-0.1806,0.0,1739364911376.5884
5056,899615488,0,-0.0691,0.0924,0.0,-0.065,-0.1806,-0.0134,1739364911386.5898
5057,1067387648,0,-0.0921,0.0924,0.0,-0.065,-0.1625,-0.0067,1739364911396.5913
5058,1235159808,0,-0.0921,0.0924,0.0,-0.065,-0.1715,-0.0134,1739364911406.5928
5059,1402931968,0,-0.0921,0.0924,0.1321,-0.0557,-0.1715,0.0,1739364911416.5942
5060,1570704128,0,-0.0691,0.0693,0.0,-0.0743,-0.1715,-0.0134,1739364911426.5957
5061,1738476288,0,-0.0691,0.0693,0.0,-0.0743,-0.1806,-0.0067,1739364911436.5972
5062,1906248448,0,-0.046,0.0693,0.0,-0.0743,-0.1715,-0.0201,1739364911446.5989
5063,2074020608,0,-0.0691,0.0693,0.0,-0.065,-0.1715,-0.0067,1739364911456.6003
5064,2241792768,0,-0.0691,0.0924,0.0,-0.065,-0.1806,-0.0134,1739364911466.6018
5065,2409564928,0,-0.0921,0.0924,0.0,-0.065,-0.1806,-0.0067,1739364911476.6033
5066,2577337088,0,-0.0691,0.0462,0.0,-0.065,-0.1806,-0.0134,1739364911486.6047
5067,2745109248,0,-0.0691,0.0924,0.0,-0.065,-0.1715,-0.0067,1739364911496.6062
5068,2912881408,0,-0.046,0.0693,0.0,-0.065,-0.1625,-0.0134,1739364911506.6077
5069,3080653568,0,-0.0921,0.0924,0.1321,-0.065,-0.1715,-0.0067,1739364911516.6094
5070,3248425728,0,-0.0691,0.0924,0.1321,-0.065,-0.1715,-0.0067,1739364911526.6108
5071,3416197888,0,-0.0921,0.0924,0.1321,-0.0557,-0.1715,0.0,1739364911536.6123
5072,3583970048,0,-0.046,0.0693,0.0,-0.065,-0.1625,-0.0134,1739364911546.6138
5073,3751742208,0,-0.0921,0.0693,0.1321,-0.065,-0.1715,-0.0067,1739364911556.6152
5074,3919514368,0,-0.0691,0.0693,0.0,-0.065,-0.1715,-0.0067,1739364911566.6167
5075,4087286528,0,-0.046,0.0693,0.1321,-0.065,-0.1715,-0.0067,1739364911576.6182
5076,4255058688,0,-0.0691,0.0924,0.0,-0.0557,-0.1806,0.0,1739364911586.6199
5077,127929088,0,-0.0921,0.0924,0.0,-0.0557,-0.1625,0.0,1739364911596.6213
5078,295701248,0,-0.0691,0.0693,0.0,-0.065,-0.1715,0.0,1739364911606.6228
5079,463473408,0,-0.0691,0.0924,0.1321,-0.0557,-0.1625,-0.0067,1739364911616.6243
5080,631245568,0,-0.0691,0.0924,0.1321,-0.0557,-0.1715,0.0,1739364911626.6257
5081,799017728,0,-0.0691,0.0693,0.1321,-0.065,-0.1715,-0.0067,1739364911636.6272
5082,966789888,0,-0.0921,0.0924,0.1321,-0.0557,-0.1715,0.0067,1739364911646.6287
5083,1134562048,0,-0.0921,0.0924,0.1321,-0.0557,-0.1715,0.0,1739364911656.6304
5084,1302334208,0,-0.0691,0.0924,0.1321,-0.065,-0.1715,-0.0067,1739364911666.6318
5085,1470106368,0,-0.0921,0.0924,0.1321,-0.0557,-0.1715,0.0067,1739364911676.6333
5086,1637878528,0,-0.0691,0.0924,0.0,-0.0836,-0.1715,-0.0067,1739364911686.6348
5087,1805650688,0,-0.0691,0.0693,0.1321,-0.0743,-0.1715,-0.0067,1739364911696.6362
5088,1973422848,0,-0.1151,0.0924,0.0,-0.065,-0.1625,-0.0067,1739364911706.6377
5089,2141195008,0,-0.0691,0.0693,0.0,-0.0557,-0.1715,0.0,1739364911716.6392
5090,2308967168,0,-0.0691,0.0924,0.0,-0.0557,-0.1715,0.0,1739364911726.6409
5091,2476739328,0,-0.046,0.0924,0.1321,-0.065,-0.1715,-0.0067,1739364911736.6423
5092,2644511488,0,-0.0691,0.0924,0.0,-0.0557,-0.1625,-0.0067,1739364911746.6438
5093,2812283648,0,-0.0921,0.0693,0.0,-0.065,-0.1625,-0.0067,1739364911756.6453
5094,2980055808,0,-0.046,0.0462,0.0,-0.065,-0.1625,-0.0134,1739364911766.6467
5095,3147827968,0,-0.0691,0.0693,0.1321,-0.065,-0.1715,-0.0067,1739364911776.6482
5096,3315600128,0,-0.0691,0.0693,0.1321,-0.065,-0.1715,-0.0067,1739364911786.6497
5097,3483372288,0,-0.0691,0.0693,0.1321,-0.0743,-0.1625,-0.0134,1739364911796.6514
5098,3651144448,0,-0.0921,0.0693,0.1321,-0.0557,-0.1715,0.0,1739364911806.6528
5099,3818916608,0,-0.0691,0.0693,0.1321,-0.0557,-0.1715,0.0,1739364911816.6543
5100,3986688768,0,-0.0691,0.0924,0.0,-0.0557,-0.1625,0.0,1739364911826.6558
5101,4154460928,0,-0.0921,0.0924,0.1321,-0.0557,-0.1625,0.0,1739364911836.6572
5102,27331328,0,-0.0691,0.0924,0.1321,-0.0743,-0.1715,-0.0067,1739364911846.6587
5103,195103488,0,-0.0691,0.0924,0.1321,-0.065,-0.1715,-0.0067,1739364911856.6602
5104,362875648,0,-0.0921,0.0693,0.0,-0.0557,-0.1625,0.0067,1739364911866.6619
5105,530647808,0,-0.0691,0.0924,0.1321,-0.065,-0.1715,0.0,1739364911876.6633
5106,698419968,0,-0.0921,0.0924,0.1321,-0.065,-0.1715,-0.0134,1739364911886.6648
5107,866192128,0,-0.0921,0.0693,0.1321,-0.0743,-0.1715,0.0,1739364911896.6663
5108,1033964288,0,-0.046,0.0924,0.0,-0.065,-0.1715,0.0,1739364911906.6677
5109,1201736448,0,-0.0691,0.0924,0.1321,-0.0557,-0.1715,0.0,1739364911916.6692
5110,1369508608,0,-0.0921,0.0924,0.0,-0.065,-0.1806,0.0067,1739364911926.671
5111,1537280768,0,-0.046,0.0693,0.0,-0.0743,-0.1806,-0.0134,1739364911936.6724
5112,1705052928,0,-0.0691,0.0924,0.1321,-0.065,-0.1715,-0.0067,1739364911946.6738
5113,1872825088,0,-0.0691,0.0693,0.1321,-0.065,-0.1625,-0.0134,1739364911956.6753
5114,2040597248,0,-0.0691,0.1155,0.1321,-0.065,-0.1715,-0.0067,1739364911966.6768
5115,2208369408,0,-0.0691,0.0924,0.1321,-0.065,-0.1715,-0.0067,1739364911976.6782
5116,2376141568,0,-0.0921,0.0924,0.0,-0.065,-0.1625,-0.0067,1739364911986.6797
5117,2543913728,0,-0.0691,0.0693,0.1321,-0.0743,-0.1715,0.0,1739364911996.6814
5118,2711685888,0,-0.0691,0.0924,0.0,-0.0557,-0.1625,-0.0067,1739364912006.6829
5119,2879458048,0,-0.0921,0.0924,0.1321,-0.0557,-0.1715,0.0,1739364912016.6843
5120,3047230208,0,-0.0691,0.0693,0.0,-0.0557,-0.1625,0.0,1739364912026.6858
5121,3215002368,0,-0.046,0.0924,0.1321,-0.065,-0.1715,-0.0067,1739364912036.6873
5122,3382774528,0,-0.0691,0.0924,0.1321,-0.065,-0.1715,-0.0067,1739364912046.6887
5123,3550546688,0,-0.0691,0.0924,0.1321,-0.0557,-0.1715,0.0067,1739364912056.6902
5124,3718318848,0,-0.0691,0.0693,0.0,-0.0557,-0.1625,0.0,1739364912066.692
5125,3886091008,0,-0.0691,0.0924,0.0,-0.0557,-0.1806,0.0,1739364912076.6934
5126,4053863168,0,-0.046,0.1155,0.0,-0.0743,-0.1806,0.0,1739364912086.6948
5127,4221635328,0,-0.0921,0.0924,0.0,-0.0557,-0.1715,-0.0134,1739364912096.6963
5128,94505728,0,-0.0921,0.0693,0.1321,-0.065,-0.1715,-0.0067,1739364912106.6978
5129,262277888,0,-0.0691,0.0924,0.1321,-0.0557,-0.1715,0.0,1739364912116.6992
5130,430050048,0,-0.023,0.0924,0.0,-0.0557,-0.1625,-0.0067,1739364912126.7007
5131,597822208,0,-0.0691,0.0924,0.1321,-0.065,-0.1715,-0.0067,1739364912136.7024
5132,765594368,0,-0.0691,0.0924,0.1321,-0.065,-0.1715,-0.0067,1739364912146.7039
5133,933366528,0,-0.1151,0.0924,0.1321,-0.065,-0.1715,-0.0067,1739364912156.7053
5134,1101138688,0,-0.0691,0.0693,0.1321,-0.065,-0.1715,-0.0067,1739364912166.7068
5135,1268910848,0,-0.0691,0.0924,0.0,-0.065,-0.1715,-0.0067,1739364912176.7083
5136,1436683008,0,-0.0691,0.0924,0.0,-0.0743,-0.1806,0.0,1739364912186.7097
5137,1604455168,0,-0.0921,0.0693,0.1321,-0.065,-0.1715,-0.0067,1739364912196.7112
5138,1772227328,0,-0.0691,0.0693,0.1321,-0.065,-0.1715,-0.0134,1739364912206.713
5139,1939999488,0,-0.1151,0.0924,0.1321,-0.065,-0.1715,-0.0067,1739364912216.7144
5140,2107771648,0,-0.0921,0.0924,0.0,-0.0743,-0.1806,0.0,1739364912226.7158
5141,2275543808,0,-0.0691,0.0924,0.1321,-0.0557,-0.1625,0.0,1739364912236.7173
5142,2443315968,0,-0.0691,0.1155,0.1321,-0.065,-0.1715,-0.0134,1739364912246.7188
5143,2611088128,0,-0.0691,0.0924,0.1321,-0.065,-0.1715,-0.0134,1739364912256.7202
5144,2778860288,0,-0.0691,0.0924,0.1321,-0.065,-0.1715,-0.0067,1739364912266.7217
5145,2946632448,0,-0.046,0.0924,0.1321,-0.0557,-0.1715,0.0,1739364912276.7234
5146,3114404608,0,-0.0921,0.0693,0.0,-0.0557,-0.1625,0.0,1739364912286.7249
5147,3282176768,0,-0.0921,0.0693,0.0,-0.0743,-0.1715,-0.0067,1739364912296.7263
5148,3449948928,0,-0.0691,0.0693,0.1321,-0.0557,-0.1715,0.0,1739364912306.7278
5149,3617721088,0,-0.0691,0.0924,0.1321,-0.0557,-0.1715,0.0,1739364912316.7292
5150,3785493248,0,-0.0691,0.0693,0.1321,-0.065,-0.1715,-0.0067,1739364912326.7307
5151,3953265408,0,-0.0691,0.0693,0.1321,-0.0557,-0.1625,0.0,1739364912336.7322
5152,4121037568,0,-0.0691,0.0693,0.1321,-0.065,-0.1715,-0.0134,1739364912346.734
5153,4288809728,0,-0.0921,0.0924,0.0,-0.0743,-0.1806,0.0,1739364912356.7354
5154,161680128,0,-0.0921,0.1155,0.1321,-0.065,-0.1715,-0.0067,1739364912366.7368
5155,329452288,0,-0.0691,0.0693,0.0,-0.0557,-0.1625,-0.0067,1739364912376.7383
5156,497224448,0,-0.0691,0.1155,0.1321,-0.065,-0.1715,-0.0134,1739364912386.7397
5157,664996608,0,-0.0691,0.0693,0.1321,-0.0743,-0.1625,-0.0067,1739364912396.7412
5158,832768768,0,-0.046,0.0924,0.0,-0.065,-0.1625,-0.0134,1739364912406.7427
5159,1000540928,0,-0.0691,0.0924,0.0,-0.065,-0.1715,-0.0067,1739364912416.7444
5160,1168313088,0,-0.0691,0.0924,0.0,-0.065,-0.1715,-0.0067,1739364912426.7458
5161,1336085248,0,-0.046,0.0924,0.1321,-0.065,-0.1715,-0.0134,1739364912436.7473
5162,1503857408,0,-0.0691,0.0924,0.1321,-0.0557,-0.1625,-0.0067,1739364912446.7488
5163,1671629568,0,-0.0691,0.0924,0.1321,-0.065,-0.1715,-0.0067,1739364912456.7502
5164,1839401728,0,-0.046,0.0693,0.1321,-0.065,-0.1625,-0.0134,1739364912466.7517
5165,2007173888,0,-0.0921,0.1155,0.1321,-0.0464,-0.1715,-0.0067,1739364912476.7532
5166,2174946048,0,-0.0691,0.0924,0.1321,-0.065,-0.1715,-0.0134,1739364912486.755
5167,2342718208,0,-0.0921,0.0924,0.1321,-0.065,-0.1715,-0.0067,1739364912496.7563
5168,2510490368,0,-0.046,0.0924,0.1321,-0.065,-0.1715,-0.0134,1739364912506.7578
5169,2678262528,0,-0.046,0.0924,0.1321,-0.0743,-0.1625,-0.0067,1739364912516.7593
5170,2846034688,0,-0.0691,0.0924,0.1321,-0.065,-0.1715,-0.0067,1739364912526.7607
5171,3013806848,0,-0.1151,0.0924,0.1321,-0.0557,-0.1715,0.0,1739364912536.7622
5172,3181579008,0,-0.0691,0.0924,0.1321,-0.0557,-0.1625,-0.0067,1739364912546.764
5173,3349351168,0,-0.0691,0.1155,0.1321,-0.0557,-0.1625,0.0,1739364912556.7654
5174,3517123328,0,-0.0921,0.0924,0.1321,-0.065,-0.1715,0.0067,1739364912566.7668
5175,3684895488,0,-0.0691,0.0693,0.1321,-0.0464,-0.1715,-0.0067,1739364912576.7683
5176,3852667648,0,-0.0691,0.0924,0.1321,-0.065,-0.1715,-0.0134,1739364912586.7698
5177,4020439808,0,-0.0921,0.0924,0.1321,-0.0743,-0.1715,0.0,1739364912596.7712
5178,4188211968,0,-0.0921,0.0924,0.1321,-0.065,-0.1715,-0.0067,1739364912606.7727
5179,61082368,0,-0.0691,0.0693,0.1321,-0.0557,-0.1625,-0.0067,1739364912616.7744
5180,228854528,0,-0.0691,0.0693,0.1321,-0.065,-0.1625,-0.0134,1739364912626.776
5181,396626688,0,-0.0691,0.0924,0.1321,-0.0743,-0.1625,-0.0134,1739364912636.7773
5182,564398848,0,-0.0691,0.0693,0.0,-0.065,-0.1625,-0.0134,1739364912646.7788
5183,732171008,0,-0.046,0.0693,0.1321,-0.0743,-0.1625,-0.0134,1739364912656.7803
5184,899943168,0,-0.0691,0.0924,0.1321,-0.065,-0.1625,-0.0134,1739364912666.7817
5185,1067715328,0,-0.046,0.0693,0.1321,-0.0557,-0.1625,-0.0067,1739364912676.7832
5186,1235487488,0,-0.0921,0.0693,0.0,-0.0464,-0.1535,0.0,1739364912686.785
5187,1403259648,0,-0.0921,0.0924,0.0,-0.0743,-0.1806,-0.0067,1739364912696.7864
5188,1571031808,0,-0.046,0.0924,0.0,-0.0557,-0.1625,-0.0067,1739364912706.7878
5189,1738803968,0,-0.0691,0.0693,0.1321,-0.065,-0.1715,-0.0067,1739364912716.7893
5190,1906576128,0,-0.0691,0.0924,0.0,-0.065,-0.1806,-0.0067,1739364912726.7908
5191,2074348288,0,-0.046,0.0924,0.0,-0.0464,-0.1715,-0.0067,1739364912736.7922
5192,2242120448,0,-0.0921,0.0924,0.0,-0.0557,-0.1715,0.0067,1739364912746.7937
5193,2409892608,0,-0.0921,0.0693,0.0,-0.0557,-0.1625,0.0067,1739364912756.7954
5194,2577664768,0,-0.0691,0.0693,0.0,-0.0464,-0.1625,0.0067,1739364912766.7969
5195,2745436928,0,-0.0691,0.0924,0.0,-0.0557,-0.1625,-0.0067,1739364912776.7983
5196,2913209088,0,-0.0691,0.0924,0.0,-0.0557,-0.1625,0.0,1739364912786.7998
5197,3080981248,0,-0.0691,0.0924,0.0,-0.065,-0.1715,-0.0067,1739364912796.8013
5198,3248753408,0,-0.0691,0.0924,0.0,-0.0557,-0.1625,-0.0067,1739364912806.8027
5199,3416525568,0,-0.0921,0.0924,0.0,-0.0557,-0.1625,0.0,1739364912816.8042
5200,3584297728,0,-0.0921,0.0924,0.0,-0.0557,-0.1625,0.0,1739364912826.806
5201,3752069888,0,-0.0921,0.0924,0.0,-0.0464,-0.1625,0.0,1739364912836.8074
5202,3919842048,0,-0.0691,0.0924,0.0,-0.0464,-0.1625,0.0,1739364912846.8088
5203,4087614208,0,-0.046,0.0924,0.1321,-0.0557,-0.1715,0.0,1739364912856.8103
5204,4255386368,0,-0.0691,0.0924,0.0,-0.0557,-0.1625,-0.0134,1739364912866.8118
5205,128256768,0,-0.0691,0.0693,0.0,-0.0557,-0.1625,-0.0067,1739364912876.8132
5206,296028928,0,-0.046,0.0924,0.0,-0.0464,-0.1625,-0.0067,1739364912886.8147
5207,463801088,0,-0.0921,0.0693,0.0,-0.0464,-0.1535,-0.0067,1739364912896.8164
5208,631573248,0,-0.0921,0.0693,0.0,-0.0464,-0.1625,0.0,1739364912906.8179
5209,799345408,0,-0.0691,0.0693,0.1321,-0.065,-0.1715,-0.0134,1739364912916.8193
5210,967117568,0,-0.0691,0.0693,0.0,-0.0464,-0.1625,-0.0067,1739364912926.8208
5211,1134889728,0,-0.0691,0.0924,0.1321,-0.065,-0.1715,-0.0067,1739364912936.8223
5212,1302661888,0,-0.0691,0.0924,0.0,-0.0557,-0.1625,-0.0134,1739364912946.8237
5213,1470434048,0,-0.0691,0.0693,0.0,-0.0464,-0.1625,-0.0067,1739364912956.8252
5214,1638206208,0,-0.046,0.0693,0.0,-0.0464,-0.1625,-0.0067,1739364912966.827
5215,1805978368,0,-0.046,0.0693,0.1321,-0.065,-0.1715,-0.0067,1739364912976.8284
5216,1973750528,0,-0.046,0.0924,0.1321,-0.065,-0.1715,-0.0067,1739364912986.8298
5217,2141522688,0,-0.046,0.0462,0.0,-0.0557,-0.1625,-0.0067,1739364912996.8313
5218,2309294848,0,-0.0691,0.0693,0.0,-0.0464,-0.1625,0.0,1739364913006.8328
5219,2477067008,0,-0.0691,0.0693,0.0,-0.065,-0.1625,-0.0134,1739364913016.8342
5220,2644839168,0,-0.0691,0.0924,0.0,-0.0464,-0.1625,-0.0067,1739364913026.8357
5221,2812611328,0,-0.046,0.0924,0.1321,-0.065,-0.1715,-0.0134,1739364913036.8374
5222,2980383488,0,-0.0691,0.0924,0.0,-0.0464,-0.1625,-0.0067,1739364913046.8389
5223,3148155648,0,-0.0691,0.0924,0.0,-0.0464,-0.1715,0.0,1739364913056.8403
5224,3315927808,0,-0.0691,0.0924,0.0,-0.0557,-0.1715,0.0,1739364913066.8418
5225,3483699968,0,-0.0921,0.0693,0.0,-0.0557,-0.1715,0.0,1739364913076.8433
5226,3651472128,0,-0.0691,0.0924,-0.1321,-0.0557,-0.1715,-0.0134,1739364913086.8447
5227,3819244288,0,-0.0921,0.0924,0.1321,-0.0557,-0.1715,0.0,1739364913096.8462
5228,3987016448,0,-0.0921,0.0924,0.0,-0.0464,-0.1715,-0.0067,1739364913106.848
5229,4154788608,0,-0.0691,0.0924,0.0,-0.0464,-0.1715,-0.0067,1739364913116.8494
5230,27659008,0,-0.0691,0.0924,0.0,-0.0371,-0.1625,-0.0067,1739364913126.8508
5231,195431168,0,-0.0691,0.0924,0.0,-0.0464,-0.1625,-0.0067,1739364913136.8523
5232,363203328,0,-0.0691,0.0924,0.0,-0.0464,-0.1715,-0.0067,1739364913146.8538
5233,530975488,0,-0.0691,0.0924,0.0,-0.0464,-0.1535,-0.0134,1739364913156.8552
5234,698747648,0,-0.0691,0.0924,0.1321,-0.0464,-0.1625,-0.0067,1739364913166.8567
5235,866519808,0,-0.0921,0.0924,0.0,-0.0464,-0.1715,-0.0067,1739364913176.8584
5236,1034291968,0,-0.0921,0.0693,0.0,-0.0371,-0.1625,-0.0067,1739364913186.8599
5237,1202064128,0,-0.0921,0.0693,0.1321,-0.0557,-0.1535,-0.0067,1739364913196.8613
5238,1369836288,0,-0.0921,0.0693,0.0,-0.0464,-0.1625,-0.0067,1739364913206.8628
5239,1537608448,0,-0.0691,0.0693,0.1321,-0.0557,-0.1625,-0.0067,1739364913216.8643
5240,1705380608,0,-0.0691,0.0693,0.0,-0.0464,-0.1715,-0.0067,1739364913226.8657
5241,1873152768,0,-0.046,0.0924,0.0,-0.0464,-0.1715,-0.0067,1739364913236.8674
5242,2040924928,0,-0.0691,0.0924,0.0,-0.0557,-0.1715,0.0,1739364913246.869
5243,2208697088,0,-0.0691,0.0924,0.0,-0.0464,-0.1715,0.0,1739364913256.8704
5244,2376469248,0,-0.0691,0.0693,0.0,-0.0464,-0.1625,-0.0067,1739364913266.8718
5245,2544241408,0,-0.0691,0.0924,0.0,-0.0464,-0.1625,0.0067,1739364913276.8733
5246,2712013568,0,-0.046,0.0924,0.0,-0.0743,-0.1806,-0.0134,1739364913286.8748
5247,2879785728,0,-0.0691,0.0693,0.0,-0.0464,-0.1535,-0.0067,1739364913296.8762
5248,3047557888,0,-0.0691,0.0924,0.1321,-0.0464,-0.1625,-0.0067,1739364913306.878
5249,3215330048,0,-0.0691,0.0924,0.1321,-0.0557,-0.1715,0.0,1739364913316.8794
5250,3383102208,0,-0.0691,0.0924,0.0,-0.0464,-0.1715,-0.0067,1739364913326.8809
5251,3550874368,0,-0.0691,0.0693,0.0,-0.0464,-0.1625,-0.0067,1739364913336.8823
5252,3718646528,0,-0.0691,0.0924,0.0,-0.0464,-0.1715,-0.0067,1739364913346.8838
5253,3886418688,0,-0.0691,0.0693,0.0,-0.0464,-0.1625,-0.0067,1739364913356.8853
5254,4054190848,0,-0.0691,0.0693,0.0,-0.0464,-0.1625,0.0,1739364913366.8867
5255,4221963008,0,-0.0691,0.0693,0.0,-0.0464,-0.1715,0.0,1739364913376.8884
5256,94833408,0,-0.0691,0.0693,0.0,-0.065,-0.1715,-0.0067,1739364913386.89
5257,262605568,0,-0.0921,0.0693,0.0,-0.0464,-0.1535,0.0,1739364913396.8914
5258,430377728,0,-0.0921,0.0693,0.1321,-0.065,-0.1625,-0.0067,1739364913406.8928
5259,598149888,0,-0.0691,0.0924,0.1321,-0.0557,-0.1625,0.0,1739364913416.8943
5260,765922048,0,-0.0691,0.0924,0.1321,-0.0557,-0.1625,0.0,1739364913426.8958
5261,933694208,0,-0.0691,0.0693,0.1321,-0.0557,-0.1625,0.0,1739364913436.8972
5262,1101466368,0,-0.0691,0.0693,0.1321,-0.0464,-0.1625,0.0,1739364913446.899
5263,1269238528,0,-0.046,0.0693,0.1321,-0.0464,-0.1625,-0.0067,1739364913456.9004
5264,1437010688,0,-0.0691,0.0924,0.0,-0.0371,-0.1625,0.0,1739364913466.9019
5265,1604782848,0,-0.0921,0.0924,0.0,-0.0464,-0.1625,0.0,1739364913476.9033
5266,1772555008,0,-0.0691,0.0924,0.1321,-0.0557,-0.1535,0.0067,1739364913486.9048
5267,1940327168,0,-0.0921,0.0924,0.0,-0.0464,-0.1715,0.0,1739364913496.9062
5268,2108099328,0,-0.0691,0.0693,0.0,-0.0464,-0.1535,-0.0067,1739364913506.9077
5269,2275871488,0,-0.046,0.0693,0.0,-0.0464,-0.1625,0.0,1739364913516.9094
5270,2443643648,0,-0.046,0.0924,0.0,-0.0464,-0.1625,-0.0067,1739364913526.911
5271,2611415808,0,-0.0691,0.0924,0.0,-0.0464,-0.1535,-0.0067,1739364913536.9124
5272,2779187968,0,-0.0691,0.0693,0.0,-0.0464,-0.1625,0.0,1739364913546.9138
5273,2946960128,0,-0.046,0.0693,0.0,-0.0557,-0.1625,-0.0134,1739364913556.9153
5274,3114732288,0,-0.0691,0.0924,0.0,-0.0464,-0.1625,-0.0067,1739364913566.9167
5275,3282504448,0,-0.0691,0.0924,0.0,-0.0464,-0.1715,-0.0067,1739364913576.9182
5276,3450276608,0,-0.0691,0.0924,0.1321,-0.065,-0.1535,0.0,1739364913586.92
5277,3618048768,0,-0.0691,0.0924,0.0,-0.0464,-0.1715,-0.0067,1739364913596.9214
5278,3785820928,0,-0.046,0.0924,0.0,-0.0557,-0.1625,-0.0067,1739364913606.9229
5279,3953593088,0,-0.046,0.0693,0.1321,-0.0557,-0.1625,-0.0067,1739364913616.9243
5280,4121365248,0,-0.046,0.0693,0.1321,-0.0464,-0.1625,-0.0067,1739364913626.9258
5281,4289137408,0,-0.0691,0.0693,0.0,-0.0464,-0.1625,-0.0067,1739364913636.9272
5282,162007808,0,-0.0921,0.0462,0.0,-0.0371,-0.1625,0.0,1739364913646.9287
5283,329779968,0,-0.0691,0.0462,0.0,-0.0464,-0.1535,0.0,1739364913656.9304
5284,497552128,0,-0.0691,0.0693,0.0,-0.0464,-0.1715,0.0,1739364913666.932
5285,665324288,0,-0.0921,0.0924,0.1321,-0.0464,-0.1625,-0.0067,1739364913676.9333
5286,833096448,0,-0.0691,0.0924,0.1321,-0.0557,-0.1535,0.0067,1739364913686.9348
5287,1000868608,0,-0.046,0.0924,0.1321,-0.0557,-0.1715,0.0,1739364913696.9363
5288,1168640768,0,-0.0691,0.0924,0.0,-0.0557,-0.1625,-0.0067,1739364913706.9377
5289,1336412928,0,-0.0691,0.0924,0.1321,-0.0557,-0.1715,0.0,1739364913716.9392
5290,1504185088,0,-0.046,0.0924,0.0,-0.0464,-0.1625,0.0,1739364913726.941
5291,1671957248,0,-0.0691,0.0693,0.0,-0.0464,-0.1535,-0.0067,1739364913736.9424
5292,1839729408,0,-0.046,0.0924,0.0,-0.0464,-0.1625,-0.0067,1739364913746.9438
5293,2007501568,0,-0.046,0.0924,0.0,-0.0464,-0.1625,-0.0067,1739364913756.9453
5294,2175273728,0,-0.0691,0.0924,0.0,-0.0464,-0.1625,0.0,1739364913766.9468
5295,2343045888,0,-0.0921,0.0462,0.0,-0.0464,-0.1625,-0.0067,1739364913776.9482
5296,2510818048,0,-0.0921,0.0693,0.0,-0.0464,-0.1625,0.0,1739364913786.9497
5297,2678590208,0,-0.0921,0.0462,0.1321,-0.065,-0.1535,-0.0134,1739364913796.9514
5298,2846362368,0,-0.0691,0.0462,0.0,-0.0464,-0.1535,-0.0067,1739364913806.953
5299,3014134528,0,-0.0691,0.0924,0.0,-0.0464,-0.1625,0.0,1739364913816.9543
5300,3181906688,0,-0.0691,0.0693,0.0,-0.0464,-0.1535,-0.0067,1739364913826.9558
5301,3349678848,0,-0.046,0.0693,0.1321,-0.0557,-0.1535,-0.0067,1739364913836.9573
5302,3517451008,0,-0.046,0.0924,0.0,-0.0557,-0.1715,-0.0134,1739364913846.9587
5303,3685223168,0,-0.0691,0.0924,0.0,-0.0464,-0.1625,-0.0067,1739364913856.9602
5304,3852995328,0,-0.046,0.0693,0.0,-0.0557,-0.1715,-0.0134,1739364913866.962
5305,4020767488,0,-0.046,0.0924,0.1321,-0.0464,-0.1625,-0.0067,1739364913876.9634
5306,4188539648,0,-0.0921,0.0693,0.0,-0.0464,-0.1625,0.0,1739364913886.9648
5307,61410048,0,-0.0691,0.0693,0.0,-0.0464,-0.1535,-0.0067,1739364913896.9663
5308,229182208,0,-0.046,0.0924,0.1321,-0.065,-0.1715,-0.0067,1739364913906.9678
5309,396954368,0,-0.0921,0.0693,0.1321,-0.0557,-0.1625,0.0,1739364913916.9692
5310,564726528,0,-0.0691,0.0693,0.0,-0.0464,-0.1625,-0.0067,1739364913926.971
5311,732498688,0,-0.0691,0.0924,0.0,-0.0557,-0.1625,-0.0134,1739364913936.9724
5312,900270848,0,-0.0921,0.0924,0.0,-0.0371,-0.1625,-0.0134,1739364913946.9739
5313,1068043008,0,-0.0691,0.0693,0.0,-0.0557,-0.1715,0.0,1739364913956.9753
5314,1235815168,0,-0.0691,0.0924,0.0,-0.0464,-0.1625,-0.0067,1739364913966.9768
5315,1403587328,0,-0.0691,0.0693,0.0,-0.0464,-0.1625,-0.0067,1739364913976.9783
5316,1571359488,0,-0.0691,0.0924,0.0,-0.065,-0.1715,-0.0067,1739364913986.9797
5317,1739131648,0,-0.0691,0.0693,0.0,-0.0557,-0.1625,-0.0134,1739364913996.9814
5318,1906903808,0,-0.0691,0.0693,0.0,-0.0464,-0.1625,0.0,1739364914006.983
5319,2074675968,0,-0.0691,0.0693,0.0,-0.0464,-0.1625,-0.0067,1739364914016.9844
5320,2242448128,0,-0.0691,0.0693,0.0,-0.0464,-0.1625,-0.0067,1739364914026.9858
5321,2410220288,0,-0.0691,0.0693,0.0,-0.0464,-0.1625,-0.0067,1739364914036.9873
5322,2577992448,0,-0.0691,0.0693,0.0,-0.0464,-0.1625,-0.0067,1739364914046.9888
5323,2745764608,0,-0.0691,0.0924,0.0,-0.0464,-0.1625,0.0,1739364914056.9902
5324,2913536768,0,-0.0691,0.0924,0.0,-0.0371,-0.1625,-0.0067,1739364914066.992
5325,3081308928,0,-0.046,0.0924,0.0,-0.0464,-0.1625,-0.0067,1739364914076.9934
5326,3249081088,0,-0.0691,0.0924,-0.1321,-0.0557,-0.1625,-0.0134,1739364914086.9949
5327,3416853248,0,-0.0691,0.0462,0.0,-0.0464,-0.1625,-0.0067,1739364914096.9963
5328,3584625408,0,-0.0691,0.0693,0.0,-0.0464,-0.1625,-0.0067,1739364914106.9978
5329,3752397568,0,-0.0691,0.0693,0.0,-0.0371,-0.1625,0.0,1739364914116.9993
5330,3920169728,0,-0.0691,0.0924,0.0,-0.0371,-0.1625,-0.0067,1739364914127.0007
5331,4087941888,0,-0.0691,0.1155,0.0,-0.0371,-0.1625,0.0,1739364914137.0024
5332,4255714048,0,-0.0691,0.0924,0.0,-0.0464,-0.1625,-0.0067,1739364914147.004
5333,128584448,0,-0.046,0.0693,0.0,-0.0464,-0.1625,-0.0067,1739364914157.0054
5334,296356608,0,-0.046,0.0693,0.0,-0.0371,-0.1625,0.0,1739364914167.0068
5335,464128768,0,-0.0691,0.1155,0.1321,-0.0464,-0.1625,0.0,1739364914177.0083
5336,631900928,0,-0.0691,0.0924,0.0,-0.0371,-0.1625,-0.0067,1739364914187.0098
5337,799673088,0,-0.0691,0.0924,0.0,-0.0371,-0.1625,-0.0067,1739364914197.0112
5338,967445248,0,-0.0691,0.0693,0.0,-0.0557,-0.1625,-0.0134,1739364914207.013
5339,1135217408,0,-0.0921,0.0924,0.0,-0.0464,-0.1715,0.0,1739364914217.0144
5340,1302989568,0,-0.0691,0.0693,0.0,-0.0371,-0.1625,-0.0067,1739364914227.0159
5341,1470761728,0,-0.0691,0.0693,0.0,-0.0464,-0.1625,0.0,1739364914237.0173
5342,1638533888,0,-0.0921,0.0924,0.0,-0.0464,-0.1625,0.0,1739364914247.0188
5343,1806306048,0,-0.046,0.0924,0.1321,-0.0464,-0.1625,0.0,1739364914257.0203
5344,1974078208,0,-0.0691,0.0924,0.1321,-0.0464,-0.1625,0.0,1739364914267.0217
5345,2141850368,0,-0.046,0.0693,0.1321,-0.0464,-0.1535,-0.0067,1739364914277.0234
5346,2309622528,0,-0.0921,0.0693,0.1321,-0.0464,-0.1625,0.0,1739364914287.025
5347,2477394688,0,-0.0921,0.0693,0.1321,-0.0371,-0.1444,-0.0067,1739364914297.0264
5348,2645166848,0,-0.0691,0.0693,0.1321,-0.0557,-0.1625,-0.0067,1739364914307.0278
5349,2812939008,0,-0.0921,0.0924,0.1321,-0.0464,-0.1625,0.0,1739364914317.0293
5350,2980711168,0,-0.0691,0.0924,0.1321,-0.0464,-0.1625,-0.0067,1739364914327.0308
5351,3148483328,0,-0.0921,0.0924,0.1321,-0.0464,-0.1625,0.0,1739364914337.0322
5352,3316255488,0,-0.046,0.0693,0.0,-0.0371,-0.1625,0.0,1739364914347.034
5353,3484027648,0,-0.0691,0.0924,0.0,-0.0371,-0.1625,0.0067,1739364914357.0354
5354,3651799808,0,-0.0691,0.0924,0.0,-0.0371,-0.1625,-0.0067,1739364914367.0369
5355,3819571968,0,-0.046,0.0924,0.0,-0.0464,-0.1535,-0.0067,1739364914377.0383
5356,3987344128,0,-0.0921,0.0924,0.0,-0.0464,-0.1715,-0.0067,1739364914387.0398
5357,4155116288,0,-0.0691,0.0462,0.0,-0.0464,-0.1625,0.0,1739364914397.0413
5358,27986688,0,-0.046,0.0462,0.0,-0.0464,-0.1625,-0.0067,1739364914407.0427
5359,195758848,0,-0.0921,0.0924,0.0,-0.0371,-0.1625,0.0,1739364914417.0444
5360,363531008,0,-0.0691,0.0693,0.1321,-0.0464,-0.1625,0.0,1739364914427.046
5361,531303168,0,-0.0691,0.0693,0.0,-0.0371,-0.1715,0.0,1739364914437.0474
5362,699075328,0,-0.046,0.0693,0.0,-0.0464,-0.1535,-0.0067,1739364914447.0488
5363,866847488,0,-0.0691,0.0924,0.1321,-0.0464,-0.1625,0.0,1739364914457.0503
5364,1034619648,0,-0.0691,0.0924,0.0,-0.0371,-0.1625,-0.0067,1739364914467.0518
5365,1202391808,0,-0.0921,0.0924,0.1321,-0.0464,-0.1625,0.0,1739364914477.0532
5366,1370163968,0,-0.0691,0.0693,0.0,-0.0464,-0.1715,-0.0067,1739364914487.055
5367,1537936128,0,-0.0691,0.0693,0.1321,-0.0557,-0.1535,0.0,1739364914497.0564
5368,1705708288,0,-0.0691,0.0693,0.0,-0.0464,-0.1625,0.0067,1739364914507.0579
5369,1873480448,0,-0.046,0.0693,0.0,-0.0464,-0.1625,-0.0067,1739364914517.0593
5370,2041252608,0,-0.046,0.0924,0.0,-0.0464,-0.1535,-0.0067,1739364914527.0608
5371,2209024768,0,-0.0921,0.0924,0.1321,-0.0464,-0.1625,-0.0067,1739364914537.0623
5372,2376796928,0,-0.0691,0.0693,0.0,-0.0464,-0.1625,0.0,1739364914547.064
5373,2544569088,0,-0.046,0.0924,0.1321,-0.0464,-0.1625,0.0,1739364914557.0654
5374,2712341248,0,-0.0691,0.0693,0.1321,-0.0464,-0.1625,0.0,1739364914567.067
5375,2880113408,0,-0.046,0.0924,0.0,-0.0464,-0.1535,0.0,1739364914577.0684
5376,3047885568,0,-0.0691,0.0924,0.1321,-0.0464,-0.1625,-0.0067,1739364914587.0698
5377,3215657728,0,-0.0691,0.0693,0.1321,-0.0557,-0.1535,-0.0067,1739364914597.0713
5378,3383429888,0,-0.046,0.0693,0.0,-0.0557,-0.1715,-0.0134,1739364914607.0728
5379,3551202048,0,-0.0691,0.0693,0.0,-0.0464,-0.1625,-0.0067,1739364914617.0745
5380,3718974208,0,-0.0691,0.0693,0.0,-0.0464,-0.1535,-0.0067,1739364914627.076
5381,3886746368,0,-0.046,0.0462,0.0,-0.0464,-0.1535,-0.0067,1739364914637.0774
5382,4054518528,0,-0.0921,0.0924,0.0,-0.0464,-0.1625,0.0,1739364914647.0789
5383,4222290688,0,-0.046,0.0693,0.0,-0.0464,-0.1535,-0.0067,1739364914657.0803
5384,95161088,0,-0.046,0.0693,0.1321,-0.0464,-0.1625,-0.0067,1739364914667.0818
5385,262933248,0,-0.0691,0.0924,0.1321,-0.0464,-0.1625,-0.0067,1739364914677.0833
5386,430705408,0,-0.0921,0.0693,0.0,-0.0464,-0.1535,0.0,1739364914687.085
5387,598477568,0,-0.0691,0.0462,0.0,-0.0371,-0.1625,0.0,1739364914697.0864
5388,766249728,0,-0.0691,0.0693,0.0,-0.0371,-0.1625,-0.0067,1739364914707.088
5389,934021888,0,-0.0691,0.0924,0.0,-0.0464,-0.1625,-0.0067,1739364914717.0894
5390,1101794048,0,-0.0691,0.0693,0.0,-0.0464,-0.1535,-0.0067,1739364914727.0908
5391,1269566208,0,-0.046,0.0924,0.0,-0.0464,-0.1535,-0.0067,1739364914737.0923
5392,1437338368,0,-0.0921,0.0924,0.0,-0.0464,-0.1535,0.0,1739364914747.0938
5393,1605110528,0,-0.0691,0.0693,0.1321,-0.0464,-0.1625,0.0,1739364914757.0955
5394,1772882688,0,-0.0921,0.0924,0.0,-0.0464,-0.1625,0.0,1739364914767.097
5395,1940654848,0,-0.046,0.0693,0.0,-0.0464,-0.1535,-0.0134,1739364914777.0984
5396,2108427008,0,-0.0921,0.0924,0.0,-0.0464,-0.1535,0.0,1739364914787.0999
5397,2276199168,0,-0.0921,0.0693,0.0,-0.0464,-0.1444,-0.0067,1739364914797.1013
5398,2443971328,0,-0.0921,0.0693,0.0,-0.0464,-0.1625,-0.0067,1739364914807.1028
5399,2611743488,0,-0.0691,0.0924,0.0,-0.0464,-0.1535,-0.0067,1739364914817.1042
5400,2779515648,0,-0.0691,0.0924,0.0,-0.0371,-0.1625,-0.0067,1739364914827.106
5401,2947287808,0,-0.0921,0.0924,0.1321,-0.0464,-0.1625,-0.0067,1739364914837.1074
5402,3115059968,0,-0.046,0.0693,0.0,-0.0464,-0.1535,-0.0134,1739364914847.109
5403,3282832128,0,-0.0691,0.0924,0.1321,-0.0464,-0.1625,-0.0067,1739364914857.1104
5404,3450604288,0,-0.0691,0.0924,0.0,-0.0371,-0.1535,-0.0067,1739364914867.1118
5405,3618376448,0,-0.0921,0.0693,0.0,-0.0464,-0.1625,0.0067,1739364914877.1133
5406,3786148608,0,-0.046,0.0693,0.0,-0.0464,-0.1625,-0.0067,1739364914887.1147
5407,3953920768,0,-0.0691,0.0693,0.0,-0.0464,-0.1625,-0.0067,1739364914897.1165
5408,4121692928,0,-0.0691,0.0924,0.0,-0.0371,-0.1625,-0.0067,1739364914907.118
5409,4289465088,0,-0.023,0.0693,0.0,-0.0464,-0.1535,-0.0134,1739364914917.1194
5410,162335488,0,-0.0691,0.0924,0.0,-0.0464,-0.1535,-0.0067,1739364914927.1208
5411,330107648,0,-0.0691,0.0924,0.0,-0.0371,-0.1535,-0.0134,1739364914937.1223
5412,497879808,0,-0.0691,0.0693,0.0,-0.0464,-0.1535,-0.0067,1739364914947.1238
5413,665651968,0,-0.0691,0.0924,0.0,-0.0464,-0.1625,-0.0067,1739364914957.1252
5414,833424128,0,-0.0691,0.0924,0.0,-0.0464,-0.1535,0.0,1739364914967.127
5415,1001196288,0,-0.0691,0.0693,0.1321,-0.0557,-0.1625,-0.0067,1739364914977.1284
5416,1168968448,0,-0.0921,0.0462,0.0,-0.0371,-0.1625,-0.0067,1739364914987.13
5417,1336740608,0,-0.0691,0.0693,0.0,-0.0464,-0.1535,0.0,1739364914997.1313
5418,1504512768,0,-0.0691,0.0924,0.0,-0.0464,-0.1535,-0.0134,1739364915007.1328
5419,1672284928,0,-0.0691,0.0924,0.1321,-0.0464,-0.1625,0.0,1739364915017.1343
5420,1840057088,0,-0.0691,0.0924,0.1321,-0.0464,-0.1625,-0.0067,1739364915027.1357
5421,2007829248,0,-0.0691,0.0693,0.1321,-0.0464,-0.1625,0.0,1739364915037.1375
5422,2175601408,0,-0.046,0.0924,0.1321,-0.0557,-0.1625,-0.0134,1739364915047.139
5423,2343373568,0,-0.046,0.0924,0.1321,-0.0464,-0.1625,-0.0067,1739364915057.1404
5424,2511145728,0,-0.0691,0.0924,0.1321,-0.0464,-0.1625,-0.0067,1739364915067.1418
5425,2678917888,0,-0.0691,0.0924,0.1321,-0.0557,-0.1625,-0.0134,1739364915077.1433
5426,2846690048,0,-0.023,0.0924,0.1321,-0.065,-0.1715,-0.0134,1739364915087.1448
5427,3014462208,0,-0.046,0.0924,0.0,-0.0464,-0.1535,-0.0134,1739364915097.1462
5428,3182234368,0,-0.046,0.0693,0.0,-0.0464,-0.1535,-0.0134,1739364915107.148
5429,3350006528,0,-0.0691,0.0924,0.0,-0.0464,-0.1535,0.0,1739364915117.1494
5430,3517778688,0,-0.0691,0.0693,0.1321,-0.0464,-0.1625,-0.0067,1739364915127.151
5431,3685550848,0,-0.046,0.0924,0.1321,-0.0464,-0.1625,0.0,1739364915137.1523
5432,3853323008,0,-0.046,0.0924,0.0,-0.0464,-0.1535,-0.0067,1739364915147.1538
5433,4021095168,0,-0.046,0.0693,0.1321,-0.0557,-0.1625,-0.0067,1739364915157.1553
5434,4188867328,0,-0.0691,0.0693,0.0,-0.0464,-0.1535,-0.0067,1739364915167.1567
5435,61737728,0,-0.046,0.0693,0.1321,-0.0557,-0.1625,-0.0134,1739364915177.1584
5436,229509888,0,-0.0691,0.1155,0.1321,-0.0464,-0.1625,-0.0067,1739364915187.16
5437,397282048,0,-0.0691,0.0693,0.1321,-0.0464,-0.1444,-0.0067,1739364915197.1614
5438,565054208,0,-0.0691,0.0924,0.0,-0.0464,-0.1535,0.0,1739364915207.1628
5439,732826368,0,-0.046,0.0693,0.0,-0.0464,-0.1535,-0.0134,1739364915217.1643
5440,900598528,0,-0.0691,0.0693,0.0,-0.0464,-0.1625,-0.0067,1739364915227.1658
5441,1068370688,0,-0.0691,0.0924,0.0,-0.0371,-0.1535,-0.0067,1739364915237.1675
5442,1236142848,0,-0.0691,0.0924,0.0,-0.0464,-0.1535,-0.0067,1739364915247.169
5443,1403915008,0,-0.0921,0.0924,0.1321,-0.0464,-0.1625,0.0,1739364915257.1704
5444,1571687168,0,-0.0691,0.0924,0.0,-0.0464,-0.1535,-0.0067,1739364915267.1719
5445,1739459328,0,-0.0691,0.0693,0.1321,-0.0464,-0.1535,-0.0067,1739364915277.1733
5446,1907231488,0,-0.1151,0.0693,0.0,-0.0371,-0.1535,0.0,1739364915287.1748
5447,2075003648,0,-0.0921,0.0924,0.1321,-0.0557,-0.1535,0.0,1739364915297.1763
5448,2242775808,0,-0.0921,0.0693,0.0,-0.0464,-0.1625,0.0,1739364915307.178
5449,2410547968,0,-0.0921,0.0924,0.0,-0.0464,-0.1715,0.0067,1739364915317.1794
5450,2578320128,0,-0.046,0.0693,0.0,-0.0464,-0.1535,0.0,1739364915327.181
5451,2746092288,0,-0.0921,0.0693,0.0,-0.0464,-0.1535,0.0,1739364915337.1824
5452,2913864448,0,-0.0691,0.0693,0.1321,-0.0464,-0.1625,0.0,1739364915347.1838
5453,3081636608,0,-0.0691,0.0924,0.0,-0.0464,-0.1715,-0.0067,1739364915357.1853
5454,3249408768,0,-0.0691,0.0693,0.1321,-0.0557,-0.1625,-0.0134,1739364915367.1868
5455,3417180928,0,-0.046,0.0693,0.0,-0.0464,-0.1625,0.0,1739364915377.1885
5456,3584953088,0,-0.1151,0.0693,0.0,-0.0464,-0.1444,0.0,1739364915387.19
5457,3752725248,0,-0.0921,0.0693,0.0,-0.0464,-0.1625,0.0,1739364915397.1914
5458,3920497408,0,-0.0921,0.0693,0.0,-0.0464,-0.1625,0.0,1739364915407.1929
5459,4088269568,0,-0.046,0.0693,0.0,-0.0464,-0.1535,0.0,1739364915417.1943
5460,4256041728,0,-0.0691,0.0693,0.1321,-0.0464,-0.1625,0.0,1739364915427.1958
5461,128912128,0,-0.0691,0.0693,0.0,-0.0464,-0.1715,-0.0067,1739364915437.1973
5462,296684288,0,-0.046,0.0693,0.0,-0.0464,-0.1535,-0.0134,1739364915447.199
5463,464456448,0,-0.0921,0.0924,0.1321,-0.0464,-0.1625,-0.0067,1739364915457.2004
5464,632228608,0,-0.0691,0.0693,0.1321,-0.0371,-0.1535,0.0,1739364915467.202
5465,800000768,0,-0.0691,0.0693,0.1321,-0.0371,-0.1535,-0.0067,1739364915477.2034
5466,967772928,0,-0.0691,0.0924,0.1321,-0.0464,-0.1625,-0.0067,1739364915487.2048
5467,1135545088,0,-0.046,0.0693,0.1321,-0.0464,-0.1625,0.0,1739364915497.2063
5468,1303317248,0,-0.023,0.0693,0.0,-0.0464,-0.1535,-0.0067,1739364915507.2078
5469,1471089408,0,-0.046,0.0924,0.1321,-0.0464,-0.1625,-0.0067,1739364915517.2095
5470,1638861568,0,-0.0691,0.0693,0.1321,-0.0464,-0.1625,-0.0067,1739364915527.211
5471,1806633728,0,-0.046,0.0924,0.1321,-0.0371,-0.1535,-0.0067,1739364915537.2124
5472,1974405888,0,-0.0921,0.0924,0.1321,-0.0464,-0.1625,0.0,1739364915547.2139
5473,2142178048,0,-0.0691,0.0924,0.1321,-0.0464,-0.1625,0.0,1739364915557.2153
5474,2309950208,0,-0.0691,0.0924,0.1321,-0.0464,-0.1625,0.0,1739364915567.2168
5475,2477722368,0,-0.0921,0.0924,0.1321,-0.0557,-0.1625,0.0067,1739364915577.2183
5476,2645494528,0,-0.0691,0.0924,0.1321,-0.0464,-0.1625,0.0067,1739364915587.22
5477,2813266688,0,-0.0691,0.0693,0.0,-0.0464,-0.1535,0.0,1739364915597.2214
5478,2981038848,0,-0.0921,0.0693,0.1321,-0.0464,-0.1625,0.0,1739364915607.223
5479,3148811008,0,-0.0921,0.0693,0.1321,-0.0464,-0.1625,0.0067,1739364915617.2244
5480,3316583168,0,-0.0921,0.0924,0.0,-0.0464,-0.1535,-0.0067,1739364915627.2258
5481,3484355328,0,-0.0691,0.0924,0.0,-0.0464,-0.1535,-0.0067,1739364915637.2273
5482,3652127488,0,-0.0691,0.0924,0.0,-0.0464,-0.1535,-0.0067,1739364915647.2288
5483,3819899648,0,-0.0921,0.0924,0.0,-0.0464,-0.1535,-0.0067,1739364915657.2305
5484,3987671808,0,-0.1151,0.0924,0.1321,-0.0464,-0.1625,-0.0067,1739364915667.232
5485,4155443968,0,-0.046,0.0462,0.1321,-0.0464,-0.1535,-0.0067,1739364915677.2334
5486,28314368,0,-0.0921,0.0924,0.0,-0.0464,-0.1535,-0.0067,1739364915687.2349
5487,196086528,0,-0.0921,0.0693,0.0,-0.0464,-0.1535,-0.0067,1739364915697.2363
5488,363858688,0,-0.046,0.0693,0.1321,-0.0464,-0.1444,0.0,1739364915707.2378
5489,531630848,0,-0.0691,0.0924,0.1321,-0.0464,-0.1625,0.0,1739364915717.2393
5490,699403008,0,-0.0691,0.0693,0.0,-0.0464,-0.1535,-0.0067,1739364915727.241
5491,867175168,0,-0.0691,0.1155,0.0,-0.0464,-0.1535,0.0,1739364915737.2424
5492,1034947328,0,-0.0691,0.0693,0.0,-0.0464,-0.1535,-0.0067,1739364915747.244
5493,1202719488,0,-0.0691,0.0924,0.0,-0.0464,-0.1535,0.0,1739364915757.2454
5494,1370491648,0,-0.0691,0.0924,0.0,-0.0464,-0.1625,0.0,1739364915767.2468
5495,1538263808,0,-0.046,0.0693,0.0,-0.0464,-0.1535,-0.0067,1739364915777.2483
5496,1706035968,0,-0.0691,0.0693,0.0,-0.0464,-0.1535,-0.0134,1739364915787.2498
5497,1873808128,0,-0.0691,0.0924,0.1321,-0.0557,-0.1625,0.0067,1739364915797.2515
5498,2041580288,0,-0.0691,0.0693,0.1321,-0.0464,-0.1625,0.0,1739364915807.253
5499,2209352448,0,-0.0691,0.0693,0.1321,-0.0464,-0.1625,0.0,1739364915817.2544
5500,2377124608,0,-0.0921,0.0924,0.0,-0.0464,-0.1535,0.0,1739364915827.2559
5501,2544896768,0,-0.0921,0.0924,0.0,-0.0371,-0.1535,-0.0067,1739364915837.2573
5502,2712668928,0,-0.0691,0.0693,0.0,-0.0464,-0.1715,0.0067,1739364915847.2588
5503,2880441088,0,-0.0691,0.0924,0.1321,-0.0464,-0.1625,-0.0067,1739364915857.2605
5504,3048213248,0,-0.0691,0.0924,0.1321,-0.0464,-0.1625,0.0,1739364915867.262
5505,3215985408,0,-0.0691,0.0924,0.1321,-0.0557,-0.1625,-0.0134,1739364915877.2634
5506,3383757568,0,-0.0921,0.0462,0.0,-0.0464,-0.1535,-0.0067,1739364915887.265
5507,3551529728,0,-0.046,0.0462,0.0,-0.0464,-0.1535,-0.0067,1739364915897.2664
5508,3719301888,0,-0.046,0.0693,0.0,-0.0464,-0.1535,-0.0067,1739364915907.2678
5509,3887074048,0,-0.0921,0.0924,0.0,-0.0464,-0.1535,-0.0067,1739364915917.2693
5510,4054846208,0,-0.0691,0.0924,0.0,-0.0464,-0.1535,0.0,1739364915927.271
5511,4222618368,0,-0.0691,0.0693,0.1321,-0.0464,-0.1625,0.0067,1739364915937.2725
5512,95488768,0,-0.0691,0.0924,0.0,-0.0464,-0.1625,0.0067,1739364915947.274
5513,263260928,0,-0.0691,0.0924,0.0,-0.0371,-0.1625,-0.0067,1739364915957.2754
5514,431033088,0,-0.046,0.0924,0.0,-0.0464,-0.1625,0.0,1739364915967.2769
5515,598805248,0,-0.0691,0.0924,0.0,-0.0464,-0.1535,-0.0067,1739364915977.2783
5516,766577408,0,-0.0921,0.0693,0.0,-0.0464,-0.1535,0.0,1739364915987.2798
5517,934349568,0,-0.046,0.0693,0.0,-0.0371,-0.1535,-0.0134,1739364915997.2815
5518,1102121728,0,-0.046,0.0693,-0.1321,-0.0464,-0.1535,-0.0067,1739364916007.283
5519,1269893888,0,-0.0691,0.0693,0.0,-0.0464,-0.1535,-0.0067,1739364916017.2844
5520,1437666048,0,-0.0691,0.0693,0.0,-0.0371,-0.1535,-0.0067,1739364916027.286
5521,1605438208,0,-0.0691,0.0924,0.0,-0.0464,-0.1535,-0.0067,1739364916037.2874
5522,1773210368,0,-0.0691,0.0693,0.0,-0.0464,-0.1535,-0.0067,1739364916047.2888
5523,1940982528,0,-0.0691,0.0693,0.1321,-0.0464,-0.1625,-0.0067,1739364916057.2903
5524,2108754688,0,-0.0691,0.0693,0.1321,-0.0371,-0.1444,-0.0134,1739364916067.292
5525,2276526848,0,-0.046,0.0693,0.0,-0.0464,-0.1535,-0.0067,1739364916077.2935
5526,2444299008,0,-0.046,0.0924,0.0,-0.0371,-0.1535,-0.0067,1739364916087.295
5527,2612071168,0,-0.0691,0.0924,0.1321,-0.0371,-0.1444,0.0,1739364916097.2964
5528,2779843328,0,-0.0691,0.0924,0.0,-0.0464,-0.1535,-0.0067,1739364916107.2979
5529,2947615488,0,-0.046,0.0924,0.1321,-0.0371,-0.1444,-0.0067,1739364916117.2993
5530,3115387648,0,-0.0691,0.0924,0.0,-0.0464,-0.1535,-0.0067,1739364916127.3008
5531,3283159808,0,-0.046,0.0693,0.0,-0.0371,-0.1535,-0.0134,1739364916137.3025
5532,3450931968,0,-0.046,0.0924,0.0,-0.0371,-0.1535,-0.0067,1739364916147.304
5533,3618704128,0,-0.0691,0.0924,0.1321,-0.0464,-0.1625,-0.0067,1739364916157.3054
5534,3786476288,0,-0.0691,0.0924,0.1321,-0.0464,-0.1625,-0.0067,1739364916167.307
5535,3954248448,0,-0.0691,0.0924,0.0,-0.0371,-0.1625,0.0,1739364916177.3083
5536,4122020608,0,-0.0691,0.0693,0.0,-0.0464,-0.1535,0.0,1739364916187.3098
5537,4289792768,0,-0.0691,0.0462,0.0,-0.0464,-0.1535,0.0067,1739364916197.3113
5538,162663168,0,-0.046,0.0693,0.0,-0.0464,-0.1535,-0.0067,1739364916207.313
5539,330435328,0,-0.0691,0.0693,0.1321,-0.0371,-0.1535,-0.0067,1739364916217.3145
5540,498207488,0,-0.0691,0.0693,0.0,-0.0464,-0.1535,0.0,1739364916227.316
5541,665979648,0,-0.0691,0.0693,0.0,-0.0464,-0.1535,-0.0067,1739364916237.3174
5542,833751808,0,-0.0691,0.0693,0.0,-0.0371,-0.1535,0.0,1739364916247.3188
5543,1001523968,0,-0.0921,0.0924,0.0,-0.0371,-0.1535,0.0067,1739364916257.3203
5544,1169296128,0,-0.0921,0.1155,0.0,-0.0371,-0.1535,-0.0067,1739364916267.3218
5545,1337068288,0,-0.0691,0.0693,0.0,-0.0464,-0.1535,0.0,1739364916277.3235
5546,1504840448,0,-0.0691,0.0924,0.0,-0.0464,-0.1625,0.0067,1739364916287.325
5547,1672612608,0,-0.0691,0.0693,0.0,-0.0371,-0.1354,0.0,1739364916297.3264
5548,1840384768,0,-0.0921,0.0693,0.0,-0.0464,-0.1535,0.0,1739364916307.328
5549,2008156928,0,-0.0691,0.0924,0.0,-0.0371,-0.1535,-0.0067,1739364916317.3293
5550,2175929088,0,-0.0691,0.0924,0.0,-0.0371,-0.1535,-0.0134,1739364916327.3308
5551,2343701248,0,-0.0691,0.0924,0.1321,-0.0371,-0.1444,-0.0067,1739364916337.3323
5552,2511473408,0,-0.046,0.0924,0.0,-0.0371,-0.1535,-0.0067,1739364916347.334
5553,2679245568,0,-0.046,0.0693,0.1321,-0.0371,-0.1444,-0.0067,1739364916357.3354
5554,2847017728,0,-0.046,0.0924,0.0,-0.0464,-0.1535,-0.0067,1739364916367.337
5555,3014789888,0,-0.046,0.0924,0.0,-0.0464,-0.1535,-0.0067,1739364916377.3384
5556,3182562048,0,-0.0921,0.0693,0.0,-0.0464,-0.1444,0.0,1739364916387.3398
5557,3350334208,0,-0.046,0.0693,0.0,-0.0371,-0.1625,-0.0067,1739364916397.3413
5558,3518106368,0,-0.0691,0.0924,0.0,-0.0371,-0.1625,-0.0067,1739364916407.3428
5559,3685878528,0,-0.046,0.0693,0.1321,-0.0278,-0.1535,-0.0067,1739364916417.3445
5560,3853650688,0,-0.0691,0.0693,0.0,-0.0371,-0.1535,-0.0067,1739364916427.346
5561,4021422848,0,-0.046,0.0924,0.0,-0.0371,-0.1535,-0.0067,1739364916437.3474
5562,4189195008,0,-0.046,0.0924,0.0,-0.0371,-0.1535,0.0,1739364916447.3489
5563,62065408,0,-0.0691,0.0924,0.0,-0.0464,-0.1535,0.0,1739364916457.3503
5564,229837568,0,-0.046,0.0693,0.1321,-0.0371,-0.1444,-0.0067,1739364916467.3518
5565,397609728,0,-0.0691,0.0924,0.1321,-0.0371,-0.1444,-0.0067,1739364916477.3533
5566,565381888,0,-0.023,0.0924,0.1321,-0.0371,-0.1444,-0.0067,1739364916487.355
5567,733154048,0,0.0,0.0924,0.1321,-0.0464,-0.1625,-0.0067,1739364916497.3564
5568,900926208,0,-0.046,0.0924,0.0,-0.0464,-0.1535,-0.0067,1739364916507.358
5569,1068698368,0,-0.046,0.0924,0.0,-0.0464,-0.1535,-0.0134,1739364916517.3594
5570,1236470528,0,-0.046,0.0693,0.0,-0.0464,-0.1535,-0.0067,1739364916527.3608
5571,1404242688,0,-0.0691,0.0924,0.0,-0.0371,-0.1535,-0.0067,1739364916537.3623
5572,1572014848,0,-0.0691,0.0924,0.0,-0.0371,-0.1535,-0.0067,1739364916547.364
5573,1739787008,0,-0.0691,0.0924,0.0,-0.0371,-0.1535,-0.0067,1739364916557.3655
5574,1907559168,0,-0.0691,0.0924,0.0,-0.0371,-0.1535,-0.0067,1739364916567.367
5575,2075331328,0,-0.046,0.0693,0.0,-0.0464,-0.1535,-0.0134,1739364916577.3684
5576,2243103488,0,-0.046,0.0693,0.0,-0.0464,-0.1535,-0.0067,1739364916587.3699
5577,2410875648,0,-0.0691,0.0693,0.0,-0.0464,-0.1535,0.0,1739364916597.3713
5578,2578647808,0,-0.0691,0.0924,0.0,-0.0371,-0.1625,-0.0067,1739364916607.3728
5579,2746419968,0,-0.0691,0.0924,0.0,-0.0371,-0.1625,0.0,1739364916617.3745
5580,2914192128,0,-0.0691,0.0924,0.0,-0.0371,-0.1535,-0.0067,1739364916627.376
5581,3081964288,0,-0.046,0.0693,0.0,-0.0371,-0.1535,-0.0067,1739364916637.3774
5582,3249736448,0,-0.0691,0.0924,0.0,-0.0371,-0.1535,0.0,1739364916647.379
5583,3417508608,0,-0.0691,0.0924,0.0,-0.0371,-0.1535,-0.0067,1739364916657.3804
5584,3585280768,0,-0.0691,0.0693,0.0,-0.0371,-0.1535,-0.0067,1739364916667.3818
5585,3753052928,0,-0.046,0.1155,0.0,-0.0371,-0.1535,0.0,1739364916677.3833
5586,3920825088,0,-0.0691,0.0693,0.0,-0.0464,-0.1444,0.0067,1739364916687.385
5587,4088597248,0,-0.0691,0.0693,0.0,-0.0371,-0.1535,0.0,1739364916697.3865
5588,4256369408,0,-0.0921,0.0924,0.0,-0.0371,-0.1535,-0.0067,1739364916707.388
5589,129239808,0,-0.0691,0.0924,0.0,-0.0371,-0.1535,-0.0067,1739364916717.3894
5590,297011968,0,-0.0691,0.0693,0.0,-0.0278,-0.1535,-0.0067,1739364916727.3909
5591,464784128,0,-0.0691,0.0924,0.0,-0.0371,-0.1535,-0.0067,1739364916737.3923
5592,632556288,0,-0.046,0.0693,0.0,-0.0371,-0.1535,0.0,1739364916747.3938
5593,800328448,0,-0.0691,0.0693,0.0,-0.0371,-0.1535,0.0,1739364916757.3955
5594,968100608,0,-0.0921,0.0924,0.0,-0.0371,-0.1535,0.0,1739364916767.397
5595,1135872768,0,-0.0691,0.0924,0.0,-0.0371,-0.1535,0.0,1739364916777.3984
5596,1303644928,0,-0.023,0.0924,0.0,-0.0371,-0.1625,0.0,1739364916787.4
5597,1471417088,0,-0.046,0.0693,0.1321,-0.0371,-0.1444,0.0,1739364916797.4014
5598,1639189248,0,-0.046,0.0693,0.0,-0.0371,-0.1535,0.0,1739364916807.4028
5599,1806961408,0,-0.0691,0.0924,0.0,-0.0371,-0.1535,-0.0067,1739364916817.4043
5600,1974733568,0,-0.0691,0.0693,0.0,-0.0371,-0.1535,-0.0067,1739364916827.406
5601,2142505728,0,-0.0691,0.0462,0.0,-0.0464,-0.1535,-0.0067,1739364916837.4075
5602,2310277888,0,-0.0691,0.0693,0.0,-0.0371,-0.1535,-0.0067,1739364916847.409
5603,2478050048,0,-0.0691,0.0924,0.0,-0.0371,-0.1535,-0.0134,1739364916857.4104
5604,2645822208,0,-0.046,0.0693,0.0,-0.0371,-0.1535,-0.0134,1739364916867.4119
5605,2813594368,0,-0.0691,0.0924,0.0,-0.0371,-0.1535,-0.0134,1739364916877.4133
5606,2981366528,0,-0.023,0.0924,0.1321,-0.0371,-0.1444,-0.0134,1739364916887.4148
5607,3149138688,0,-0.046,0.0693,0.0,-0.0464,-0.1535,0.0,1739364916897.4165
5608,3316910848,0,-0.0691,0.0693,0.0,-0.0464,-0.1444,0.0,1739364916907.418
5609,3484683008,0,-0.0691,0.0693,0.0,-0.0371,-0.1535,-0.0067,1739364916917.4194
5610,3652455168,0,-0.0691,0.0693,0.0,-0.0371,-0.1535,-0.0067,1739364916927.421
5611,3820227328,0,-0.046,0.0693,0.0,-0.0371,-0.1535,0.0,1739364916937.4224
5612,3987999488,0,-0.0691,0.0693,0.0,-0.0371,-0.1535,-0.0134,1739364916947.4238
5613,4155771648,0,-0.046,0.0693,0.0,-0.0371,-0.1535,-0.0067,1739364916957.4253
5614,28642048,0,-0.046,0.0924,0.0,-0.0371,-0.1535,0.0,1739364916967.427
5615,196414208,0,-0.0691,0.0693,0.0,-0.0371,-0.1535,0.0,1739364916977.4285
5616,364186368,0,-0.0691,0.1155,0.1321,-0.0371,-0.1444,0.0067,1739364916987.43
5617,531958528,0,-0.0691,0.0693,0.0,-0.0278,-0.1444,0.0,1739364916997.4314
5618,699730688,0,-0.0691,0.0693,0.0,-0.0278,-0.1444,0.0,1739364917007.4329
5619,867502848,0,-0.0691,0.0693,0.0,-0.0278,-0.1535,-0.0067,1739364917017.4343
5620,1035275008,0,-0.046,0.0693,0.0,-0.0464,-0.1444,-0.0067,1739364917027.4358
5621,1203047168,0,-0.0691,0.0924,-0.1321,-0.0371,-0.1535,0.0,1739364917037.4375
5622,1370819328,0,-0.0691,0.0693,-0.1321,-0.0371,-0.1535,0.0,1739364917047.439
5623,1538591488,0,-0.0691,0.0693,0.0,-0.0371,-0.1535,0.0067,1739364917057.4404
5624,1706363648,0,-0.0691,0.0693,0.0,-0.0371,-0.1535,0.0,1739364917067.442
5625,1874135808,0,-0.0691,0.0693,0.0,-0.0371,-0.1535,-0.0067,1739364917077.4434
5626,2041907968,0,-0.0691,0.0693,0.0,-0.0464,-0.1444,-0.0134,1739364917087.4448
5627,2209680128,0,-0.0691,0.0693,0.0,-0.0371,-0.1535,0.0,1739364917097.4463
5628,2377452288,0,-0.0691,0.0924,0.0,-0.0371,-0.1535,0.0067,1739364917107.448
5629,2545224448,0,-0.0691,0.0693,0.0,-0.0371,-0.1535,0.0,1739364917117.4495
5630,2712996608,0,-0.0691,0.0693,0.0,-0.0371,-0.1535,0.0,1739364917127.451
5631,2880768768,0,-0.0691,0.0924,0.0,-0.0371,-0.1535,0.0,1739364917137.4524
5632,3048540928,0,-0.0921,0.0924,0.0,-0.0371,-0.1535,0.0,1739364917147.4539
5633,3216313088,0,-0.0691,0.0924,0.0,-0.0371,-0.1535,0.0,1739364917157.4553
5634,3384085248,0,-0.0691,0.0924,0.0,-0.0278,-0.1535,0.0,1739364917167.457
5635,3551857408,0,-0.0691,0.0924,0.0,-0.0371,-0.1535,-0.0067,1739364917177.4585
5636,3719629568,0,-0.0691,0.0924,-0.1321,-0.0371,-0.1444,-0.0067,1739364917187.46
5637,3887401728,0,-0.046,0.0693,0.0,-0.0464,-0.1444,-0.0067,1739364917197.4614
5638,4055173888,0,-0.0691,0.0924,0.0,-0.0464,-0.1444,-0.0067,1739364917207.463
5639,4222946048,0,-0.046,0.0693,0.0,-0.0371,-0.1535,0.0,1739364917217.4644
5640,95816448,0,-0.0691,0.0924,0.0,-0.0371,-0.1535,0.0,1739364917227.4658
5641,263588608,0,-0.0691,0.0693,0.1321,-0.0371,-0.1444,0.0,1739364917237.4675
5642,431360768,0,-0.0691,0.0693,0.0,-0.0371,-0.1535,0.0,1739364917247.469
5643,599132928,0,-0.0691,0.0693,0.0,-0.0371,-0.1535,-0.0067,1739364917257.4705
5644,766905088,0,-0.0691,0.0924,0.0,-0.0278,-0.1444,0.0,1739364917267.472
5645,934677248,0,-0.0691,0.0924,0.0,-0.0278,-0.1444,-0.0067,1739364917277.4734
5646,1102449408,0,-0.046,0.0462,0.0,-0.0371,-0.1535,-0.0134,1739364917287.4749
5647,1270221568,0,-0.0691,0.0693,0.0,-0.0371,-0.1535,0.0,1739364917297.4763
5648,1437993728,0,-0.023,0.0462,0.0,-0.0464,-0.1444,-0.0067,1739364917307.478
5649,1605765888,0,-0.0691,0.0693,-0.1321,-0.0371,-0.1444,-0.0067,1739364917317.4795
5650,1773538048,0,-0.0691,0.0693,-0.1321,-0.0371,-0.1444,-0.0067,1739364917327.481
5651,1941310208,0,-0.0691,0.0924,0.1321,-0.0278,-0.1535,-0.0067,1739364917337.4824
5652,2109082368,0,-0.0691,0.0924,0.0,-0.0278,-0.1444,0.0,1739364917347.484
5653,2276854528,0,-0.046,0.0693,0.0,-0.0278,-0.1444,-0.0067,1739364917357.4854
5654,2444626688,0,-0.0691,0.0924,0.0,-0.0278,-0.1444,-0.0134,1739364917367.4868
5655,2612398848,0,-0.0691,0.0924,0.0,-0.0278,-0.1444,-0.0067,1739364917377.4885
5656,2780171008,0,-0.046,0.0693,0.0,-0.0371,-0.1535,0.0,1739364917387.49
5657,2947943168,0,-0.046,0.0924,0.0,-0.0278,-0.1444,-0.0134,1739364917397.4915
5658,3115715328,0,-0.0691,0.0924,0.1321,-0.0371,-0.1444,0.0,1739364917407.493
5659,3283487488,0,-0.0691,0.0693,0.1321,-0.0371,-0.1444,0.0,1739364917417.4944
5660,3451259648,0,-0.0691,0.0693,0.0,-0.0278,-0.1444,-0.0067,1739364917427.4958
5661,3619031808,0,-0.046,0.0693,0.0,-0.0464,-0.1444,-0.0067,1739364917437.4973
5662,3786803968,0,-0.0691,0.0693,0.0,-0.0464,-0.1444,0.0,1739364917447.499
5663,3954576128,0,-0.0691,0.0924,0.0,-0.0278,-0.1535,-0.0067,1739364917457.5005
5664,4122348288,0,-0.046,0.0924,-0.1321,-0.0371,-0.1444,-0.0134,1739364917467.502
5665,4290120448,0,-0.046,0.0693,0.0,-0.0371,-0.1535,-0.0067,1739364917477.5034
5666,162990848,0,-0.046,0.0924,0.0,-0.0371,-0.1535,-0.0067,1739364917487.505
5667,330763008,0,-0.0691,0.0693,0.1321,-0.0371,-0.1444,-0.0067,1739364917497.5063
5668,498535168,0,-0.046,0.0924,0.0,-0.0371,-0.1535,-0.0067,1739364917507.5078
5669,666307328,0,-0.0691,0.0924,0.0,-0.0371,-0.1535,-0.0067,1739364917517.5095
5670,834079488,0,-0.0691,0.0693,0.0,-0.0371,-0.1535,-0.0067,1739364917527.511
5671,1001851648,0,-0.0921,0.0924,0.0,-0.0278,-0.1535,0.0,1739364917537.5125
5672,1169623808,0,-0.0691,0.0924,0.0,-0.0371,-0.1535,-0.0067,1739364917547.514
5673,1337395968,0,-0.0691,0.0693,0.0,-0.0371,-0.1535,-0.0067,1739364917557.5154
5674,1505168128,0,-0.0691,0.0693,0.0,-0.0371,-0.1535,-0.0067,1739364917567.5168
5675,1672940288,0,-0.0691,0.0693,0.0,-0.0371,-0.1535,0.0,1739364917577.5183
5676,1840712448,0,-0.0921,0.0924,0.0,-0.0278,-0.1444,0.0067,1739364917587.52
5677,2008484608,0,-0.0921,0.0693,0.0,-0.0464,-0.1444,0.0,1739364917597.5215
5678,2176256768,0,-0.046,0.0693,0.0,-0.0464,-0.1444,-0.0067,1739364917607.523
5679,2344028928,0,-0.0691,0.0924,0.0,-0.0371,-0.1535,0.0,1739364917617.5244
5680,2511801088,0,-0.0691,0.0693,0.0,-0.0371,-0.1535,0.0067,1739364917627.526
5681,2679573248,0,-0.046,0.0693,0.0,-0.0371,-0.1535,0.0,1739364917637.5273
5682,2847345408,0,-0.046,0.0924,0.0,-0.0371,-0.1535,0.0,1739364917647.5288
5683,3015117568,0,-0.0691,0.0924,0.1321,-0.0371,-0.1535,0.0067,1739364917657.5305
5684,3182889728,0,-0.046,0.0924,0.0,-0.0278,-0.1444,-0.0067,1739364917667.532
5685,3350661888,0,-0.0691,0.0693,0.1321,-0.0278,-0.1354,0.0,1739364917677.5334
5686,3518434048,0,-0.0691,0.0924,0.0,-0.0464,-0.1535,0.0,1739364917687.535
5687,3686206208,0,-0.0691,0.0693,0.0,-0.0464,-0.1354,0.0,1739364917697.5364
5688,3853978368,0,-0.0691,0.0924,0.0,-0.0464,-0.1444,-0.0067,1739364917707.5378
5689,4021750528,0,-0.0691,0.0693,0.0,-0.0371,-0.1354,-0.0067,1739364917717.5393
5690,4189522688,0,-0.0691,0.0693,0.0,-0.0371,-0.1535,0.0,1739364917727.541
5691,62393088,0,-0.0691,0.0924,0.0,-0.0278,-0.1444,0.0,1739364917737.5425
5692,230165248,0,-0.046,0.0693,0.0,-0.0278,-0.1444,-0.0067,1739364917747.544
5693,397937408,0,-0.023,0.0693,0.0,-0.0278,-0.1444,-0.0067,1739364917757.5454
5694,565709568,0,-0.0921,0.0924,0.0,-0.0278,-0.1444,-0.0067,1739364917767.5469
5695,733481728,0,-0.046,0.0693,0.0,-0.0278,-0.1444,-0.0067,1739364917777.5483
5696,901253888,0,-0.046,0.0693,0.1321,-0.0371,-0.1444,-0.0067,1739364917787.5498
5697,1069026048,0,-0.0691,0.0924,0.0,-0.0371,-0.1535,-0.0134,1739364917797.5515
5698,1236798208,0,-0.0691,0.0924,0.0,-0.0371,-0.1535,0.0,1739364917807.553
5699,1404570368,0,-0.0691,0.0924,0.0,-0.0278,-0.1444,-0.0067,1739364917817.5544
5700,1572342528,0,-0.046,0.0693,0.1321,-0.0371,-0.1444,0.0,1739364917827.556
5701,1740114688,0,-0.046,0.0924,0.0,-0.0278,-0.1444,0.0,1739364917837.5574
5702,1907886848,0,-0.046,0.0693,0.0,-0.0464,-0.1444,0.0,1739364917847.5588
5703,2075659008,0,-0.0691,0.0924,0.0,-0.0278,-0.1444,0.0,1739364917857.5605
5704,2243431168,0,-0.046,0.0924,0.0,-0.0371,-0.1535,-0.0067,1739364917867.562
5705,2411203328,0,-0.0691,0.0693,0.1321,-0.0278,-0.1535,-0.0067,1739364917877.5635
5706,2578975488,0,-0.0691,0.0693,0.0,-0.0371,-0.1354,-0.0067,1739364917887.565
5707,2746747648,0,-0.0691,0.0693,0.0,-0.0371,-0.1535,-0.0067,1739364917897.5664
5708,2914519808,0,-0.0691,0.0693,0.0,-0.0371,-0.1535,0.0,1739364917907.5679
5709,3082291968,0,-0.0691,0.0693,0.0,-0.0278,-0.1444,-0.0134,1739364917917.5693
5710,3250064128,0,-0.0691,0.0693,0.0,-0.0278,-0.1444,0.0,1739364917927.571
5711,3417836288,0,-0.046,0.0924,0.0,-0.0278,-0.1444,-0.0067,1739364917937.5725
5712,3585608448,0,-0.0691,0.0693,0.0,-0.0278,-0.1444,-0.0134,1739364917947.574
5713,3753380608,0,-0.0921,0.0693,0.1321,-0.0371,-0.1444,0.0,1739364917957.5754
5714,3921152768,0,-0.0691,0.0924,0.0,-0.0371,-0.1535,0.0,1739364917967.577
5715,4088924928,0,-0.0691,0.0693,0.0,-0.0278,-0.1444,0.0,1739364917977.5784
5716,4256697088,0,-0.046,0.0693,0.0,-0.0371,-0.1535,0.0,1739364917987.5798
5717,129567488,0,-0.0691,0.0462,0.0,-0.0371,-0.1535,0.0,1739364917997.5815
5718,297339648,0,-0.0691,0.0693,0.1321,-0.0371,-0.1444,-0.0067,1739364918007.583
5719,465111808,0,-0.046,0.0693,0.1321,-0.0371,-0.1444,-0.0134,1739364918017.5845
5720,632883968,0,-0.0691,0.0924,0.0,-0.0278,-0.1444,-0.0067,1739364918027.586
5721,800656128,0,-0.0691,0.0924,0.0,-0.0278,-0.1444,-0.0067,1739364918037.5874
5722,968428288,0,-0.046,0.0693,0.0,-0.0278,-0.1444,-0.0134,1739364918047.5889
5723,1136200448,0,-0.046,0.0924,-0.1321,-0.0371,-0.1444,-0.0201,1739364918057.5903
5724,1303972608,0,-0.0691,0.0924,0.0,-0.0371,-0.1535,-0.0067,1739364918067.592
5725,1471744768,0,-0.046,0.0693,0.0,-0.0371,-0.1535,0.0,1739364918077.5935
5726,1639516928,0,-0.0691,0.0924,0.0,-0.0278,-0.1444,0.0,1739364918087.595
5727,1807289088,0,-0.0691,0.0462,0.0,-0.0371,-0.1354,-0.0067,1739364918097.5964
5728,1975061248,0,-0.046,0.0924,0.0,-0.0371,-0.1354,-0.0134,1739364918107.598
5729,2142833408,0,-0.0691,0.0924,0.0,-0.0371,-0.1354,-0.0134,1739364918117.5994
5730,2310605568,0,-0.0921,0.0924,0.0,-0.0371,-0.1535,0.0,1739364918127.6008
5731,2478377728,0,-0.046,0.0924,0.0,-0.0464,-0.1444,-0.0067,1739364918137.6025
5732,2646149888,0,-0.0691,0.0924,0.0,-0.0278,-0.1354,-0.0134,1739364918147.604
5733,2813922048,0,-0.0691,0.0924,-0.1321,-0.0371,-0.1444,-0.0134,1739364918157.6055
5734,2981694208,0,-0.0691,0.0693,0.0,-0.0464,-0.1444,-0.0134,1739364918167.607
5735,3149466368,0,-0.0691,0.0924,0.0,-0.0371,-0.1354,-0.0134,1739364918177.6084
5736,3317238528,0,-0.046,0.0924,0.0,-0.0371,-0.1535,-0.0067,1739364918187.6099
5737,3485010688,0,-0.0691,0.0693,-0.1321,-0.0278,-0.1264,-0.0067,1739364918197.6113
5738,3652782848,0,-0.0691,0.0693,-0.1321,-0.0371,-0.1444,-0.0067,1739364918207.613
5739,3820555008,0,-0.0691,0.0693,0.0,-0.0464,-0.1444,-0.0067,1739364918217.6145
5740,3988327168,0,-0.046,0.0693,-0.1321,-0.0371,-0.1444,-0.0067,1739364918227.616
5741,4156099328,0,-0.0921,0.0693,0.0,-0.0464,-0.1444,0.0,1739364918237.6174
5742,28969728,0,-0.0921,0.0924,0.0,-0.0464,-0.1444,-0.0067,1739364918247.619
5743,196741888,0,-0.046,0.0693,0.0,-0.0464,-0.1444,0.0,1739364918257.6204
5744,364514048,0,-0.046,0.0693,0.0,-0.0464,-0.1444,-0.0067,1739364918267.6218
5745,532286208,0,-0.046,0.0693,-0.1321,-0.0371,-0.1444,-0.0067,1739364918277.6235
5746,700058368,0,-0.046,0.0924,-0.1321,-0.0464,-0.1535,-0.0067,1739364918287.625
5747,867830528,0,-0.0691,0.0693,-0.1321,-0.0371,-0.1354,-0.0134,1739364918297.6265
5748,1035602688,0,-0.046,0.0693,0.0,-0.0464,-0.1444,-0.0134,1739364918307.628
5749,1203374848,0,-0.0691,0.0924,0.0,-0.0464,-0.1444,0.0,1739364918317.6294
5750,1371147008,0,-0.0691,0.0693,0.0,-0.0464,-0.1444,-0.0067,1739364918327.6309
5751,1538919168,0,-0.0691,0.0924,0.0,-0.0371,-0.1535,-0.0067,1739364918337.6323
5752,1706691328,0,-0.0691,0.0924,0.0,-0.0464,-0.1444,0.0,1739364918347.634
5753,1874463488,0,-0.0691,0.0924,-0.1321,-0.0371,-0.1444,-0.0067,1739364918357.6355
5754,2042235648,0,-0.046,0.0693,-0.1321,-0.0371,-0.1444,-0.0067,1739364918367.637
5755,2210007808,0,-0.0691,0.0924,-0.1321,-0.0371,-0.1444,0.0,1739364918377.6384
5756,2377779968,0,-0.0691,0.0924,0.0,-0.0464,-0.1444,0.0,1739364918387.64
5757,2545552128,0,-0.0691,0.0693,0.0,-0.0278,-0.1354,0.0,1739364918397.6414
5758,2713324288,0,-0.0691,0.0693,0.0,-0.0557,-0.1444,0.0067,1739364918407.6428
5759,2881096448,0,-0.0691,0.0924,0.0,-0.0371,-0.1535,-0.0067,1739364918417.6445
5760,3048868608,0,-0.0691,0.0693,0.0,-0.0464,-0.1444,0.0,1739364918427.646
5761,3216640768,0,-0.046,0.0693,0.0,-0.0464,-0.1444,-0.0067,1739364918437.6475
5762,3384412928,0,-0.046,0.0693,0.0,-0.0464,-0.1444,-0.0067,1739364918447.649
5763,3552185088,0,-0.0691,0.0693,-0.1321,-0.0371,-0.1444,0.0,1739364918457.6504
5764,3719957248,0,-0.0691,0.0693,0.0,-0.0464,-0.1444,-0.0067,1739364918467.6519
5765,3887729408,0,-0.0691,0.0924,0.0,-0.0464,-0.1444,0.0067,1739364918477.6533
5766,4055501568,0,-0.046,0.0924,0.0,-0.0371,-0.1535,0.0,1739364918487.655
5767,4223273728,0,-0.046,0.0693,0.0,-0.0371,-0.1354,-0.0067,1739364918497.6565
5768,96144128,0,-0.0921,0.0693,0.0,-0.0464,-0.1444,0.0067,1739364918507.658
5769,263916288,0,-0.0691,0.0924,0.0,-0.0464,-0.1444,-0.0067,1739364918517.6594
5770,431688448,0,-0.0691,0.0924,0.0,-0.0278,-0.1444,-0.0134,1739364918527.661
5771,599460608,0,-0.0921,0.0924,0.0,-0.0278,-0.1444,-0.0067,1739364918537.6624
5772,767232768,0,-0.0691,0.0693,0.0,-0.0371,-0.1354,0.0,1739364918547.664
5773,935004928,0,-0.0691,0.0924,0.0,-0.0464,-0.1444,-0.0067,1739364918557.6655
5774,1102777088,0,-0.046,0.0693,0.0,-0.0464,-0.1444,-0.0067,1739364918567.667
5775,1270549248,0,-0.0691,0.0693,0.0,-0.0371,-0.1354,-0.0067,1739364918577.6685
5776,1438321408,0,-0.046,0.0693,-0.1321,-0.0371,-0.1444,-0.0067,1739364918587.67
5777,1606093568,0,-0.0691,0.0924,0.0,-0.0371,-0.1535,-0.0067,1739364918597.6714
5778,1773865728,0,-0.0921,0.0693,-0.1321,-0.0371,-0.1444,0.0,1739364918607.6729
5779,1941637888,0,-0.0691,0.0924,-0.1321,-0.0371,-0.1444,0.0,1739364918617.6746
5780,2109410048,0,-0.0691,0.0693,0.0,-0.0464,-0.1444,0.0,1739364918627.676
5781,2277182208,0,-0.046,0.0693,0.0,-0.0464,-0.1444,-0.0067,1739364918637.6775
5782,2444954368,0,-0.0691,0.0924,-0.1321,-0.0371,-0.1444,-0.0134,1739364918647.679
5783,2612726528,0,-0.046,0.0693,-0.1321,-0.0371,-0.1444,-0.0067,1739364918657.6804
5784,2780498688,0,-0.046,0.0924,-0.1321,-0.0371,-0.1354,-0.0201,1739364918667.682
5785,2948270848,0,-0.0691,0.0924,-0.1321,-0.0371,-0.1444,-0.0067,1739364918677.6833
5786,3116043008,0,-0.0691,0.0693,0.0,-0.0464,-0.1444,-0.0067,1739364918687.685
5787,3283815168,0,-0.0691,0.0693,-0.1321,-0.0464,-0.1354,0.0,1739364918697.6865
5788,3451587328,0,-0.046,0.0693,0.0,-0.0464,-0.1444,0.0,1739364918707.688
5789,3619359488,0,-0.0691,0.0924,0.0,-0.0371,-0.1354,-0.0067,1739364918717.6895
5790,3787131648,0,-0.046,0.0693,0.0,-0.0464,-0.1444,0.0,1739364918727.691
5791,3954903808,0,-0.0691,0.0924,-0.1321,-0.0371,-0.1444,-0.0134,1739364918737.6924
5792,4122675968,0,-0.0691,0.0693,0.0,-0.0371,-0.1354,0.0,1739364918747.6938
5793,4290448128,0,-0.0691,0.0924,0.0,-0.0371,-0.1354,0.0,1739364918757.6956
5794,163318528,0,-0.046,0.0693,0.0,-0.0278,-0.1444,-0.0134,1739364918767.697
5795,331090688,0,-0.0691,0.0693,0.0,-0.0371,-0.1354,0.0,1739364918777.6985
5796,498862848,0,-0.0691,0.0693,0.0,-0.0371,-0.1535,0.0,1739364918787.7
5797,666635008,0,-0.0921,0.0693,0.0,-0.0371,-0.1264,0.0067,1739364918797.7014
5798,834407168,0,-0.0691,0.0924,0.0,-0.0371,-0.1354,0.0,1739364918807.703
5799,1002179328,0,-0.0691,0.0693,0.0,-0.0371,-0.1354,0.0,1739364918817.7043
5800,1169951488,0,-0.046,0.0462,0.0,-0.0371,-0.1264,-0.0067,1739364918827.706
5801,1337723648,0,-0.046,0.0693,0.0,-0.0371,-0.1354,0.0,1739364918837.7075
5802,1505495808,0,-0.046,0.0924,-0.1321,-0.0371,-0.1354,0.0,1739364918847.709
5803,1673267968,0,-0.0921,0.0924,0.0,-0.0278,-0.1354,-0.0067,1739364918857.7104
5804,1841040128,0,-0.0691,0.0693,0.0,-0.0371,-0.1354,0.0,1739364918867.712
5805,2008812288,0,-0.046,0.0693,0.0,-0.0371,-0.1354,0.0067,1739364918877.7134
5806,2176584448,0,-0.0691,0.1155,0.0,-0.0278,-0.1354,-0.0067,1739364918887.7148
5807,2344356608,0,-0.0921,0.0693,0.0,-0.0371,-0.1264,0.0,1739364918897.7166
5808,2512128768,0,-0.0691,0.0924,0.0,-0.0371,-0.1354,-0.0067,1739364918907.718
5809,2679900928,0,-0.046,0.0693,0.0,-0.0278,-0.1444,-0.0067,1739364918917.7195
5810,2847673088,0,-0.046,0.0693,0.0,-0.0371,-0.1354,-0.0067,1739364918927.721
5811,3015445248,0,-0.0691,0.0924,-0.1321,-0.0371,-0.1444,0.0,1739364918937.7224
5812,3183217408,0,-0.0691,0.0924,0.0,-0.0371,-0.1354,0.0,1739364918947.7239
5813,3350989568,0,-0.046,0.0693,0.0,-0.0371,-0.1354,-0.0067,1739364918957.7253
5814,3518761728,0,-0.0691,0.0924,0.0,-0.0278,-0.1444,0.0,1739364918967.727
5815,3686533888,0,-0.046,0.0924,0.0,-0.0371,-0.1354,0.0,1739364918977.7285
5816,3854306048,0,-0.046,0.0924,-0.1321,-0.0371,-0.1354,-0.0067,1739364918987.73
5817,4022078208,0,-0.046,0.0924,-0.1321,-0.0278,-0.1264,-0.0134,1739364918997.7314
5818,4189850368,0,-0.0691,0.0924,-0.1321,-0.0278,-0.1264,-0.0067,1739364919007.733
5819,62720768,0,-0.046,0.0924,0.0,-0.0371,-0.1354,0.0,1739364919017.7344
5820,230492928,0,-0.0691,0.0924,0.0,-0.0278,-0.1444,0.0,1739364919027.7358
5821,398265088,0,-0.046,0.0693,0.0,-0.0464,-0.1444,-0.0067,1739364919037.7375
5822,566037248,0,-0.046,0.0693,-0.1321,-0.0371,-0.1354,-0.0067,1739364919047.739
5823,733809408,0,-0.0691,0.0693,-0.1321,-0.0371,-0.1354,0.0,1739364919057.7405
5824,901581568,0,-0.046,0.0693,0.0,-0.0371,-0.1264,-0.0067,1739364919067.742
5825,1069353728,0,-0.046,0.0693,0.0,-0.0371,-0.1354,-0.0067,1739364919077.7434
5826,1237125888,0,-0.0691,0.0693,0.0,-0.0371,-0.1354,0.0,1739364919087.7449
5827,1404898048,0,-0.0691,0.0462,0.0,-0.0464,-0.1354,-0.0067,1739364919097.7463
5828,1572670208,0,-0.0691,0.0693,0.0,-0.0464,-0.1444,-0.0067,1739364919107.748
5829,1740442368,0,-0.046,0.0924,0.0,-0.0278,-0.1354,-0.0067,1739364919117.7495
5830,1908214528,0,-0.0691,0.0924,0.0,-0.0371,-0.1354,0.0,1739364919127.751
5831,2075986688,0,-0.046,0.0693,0.0,-0.0371,-0.1354,-0.0134,1739364919137.7524
5832,2243758848,0,-0.046,0.0693,0.0,-0.0371,-0.1354,-0.0067,1739364919147.754
5833,2411531008,0,-0.0921,0.0693,0.0,-0.0371,-0.1354,0.0,1739364919157.7554
5834,2579303168,0,-0.0691,0.0693,0.0,-0.0278,-0.1444,0.0,1739364919167.757
5835,2747075328,0,-0.046,0.0924,0.0,-0.0371,-0.1354,-0.0067,1739364919177.7585
5836,2914847488,0,-0.0691,0.0693,0.0,-0.0464,-0.1444,-0.0067,1739364919187.76
5837,3082619648,0,-0.046,0.0693,0.0,-0.0371,-0.1354,-0.0134,1739364919197.7615
5838,3250391808,0,-0.0691,0.0693,0.0,-0.0371,-0.1354,-0.0067,1739364919207.763
5839,3418163968,0,-0.0691,0.0924,0.0,-0.0278,-0.1444,-0.0067,1739364919217.7644
5840,3585936128,0,-0.0691,0.0924,0.0,-0.0371,-0.1354,0.0,1739364919227.7659
5841,3753708288,0,-0.0691,0.0924,0.1321,-0.0371,-0.1444,0.0,1739364919237.7676
5842,3921480448,0,-0.0691,0.0924,0.0,-0.0371,-0.1354,0.0067,1739364919247.769
5843,4089252608,0,-0.0691,0.0693,0.0,-0.0371,-0.1354,0.0,1739364919257.7705
5844,4257024768,0,-0.046,0.0924,0.0,-0.0371,-0.1354,-0.0134,1739364919267.772
5845,129895168,0,-0.046,0.0924,0.0,-0.0371,-0.1354,-0.0067,1739364919277.7734
5846,297667328,0,-0.0691,0.0693,0.0,-0.0371,-0.1354,-0.0067,1739364919287.775
5847,465439488,0,-0.0921,0.0924,0.0,-0.0371,-0.1264,-0.0067,1739364919297.7764
5848,633211648,0,-0.046,0.0693,0.0,-0.0371,-0.1264,-0.0067,1739364919307.778
5849,800983808,0,-0.046,0.0693,0.0,-0.0464,-0.1444,-0.0067,1739364919317.7795
5850,968755968,0,-0.0691,0.0924,0.0,-0.0371,-0.1354,0.0,1739364919327.781
5851,1136528128,0,-0.0691,0.0693,0.0,-0.0371,-0.1354,-0.0067,1739364919337.7825
5852,1304300288,0,-0.0691,0.0693,0.0,-0.0371,-0.1354,0.0,1739364919347.784
5853,1472072448,0,-0.046,0.0924,0.0,-0.0371,-0.1354,-0.0134,1739364919357.7854
5854,1639844608,0,-0.0691,0.0924,0.0,-0.0371,-0.1354,0.0,1739364919367.7869
5855,1807616768,0,-0.046,0.0693,0.0,-0.0371,-0.1354,-0.0067,1739364919377.7886
5856,1975388928,0,-0.046,0.0693,0.0,-0.0278,-0.1444,-0.0134,1739364919387.79
5857,2143161088,0,-0.0691,0.0693,0.0,-0.0557,-0.1444,0.0,1739364919397.7915
5858,2310933248,0,-0.046,0.0462,0.0,-0.0464,-0.1444,-0.0067,1739364919407.793
5859,2478705408,0,-0.0691,0.0924,0.1321,-0.0371,-0.1444,-0.0067,1739364919417.7944
5860,2646477568,0,-0.0691,0.0693,0.0,-0.0464,-0.1354,0.0,1739364919427.796
5861,2814249728,0,-0.0691,0.0693,0.1321,-0.0371,-0.1444,0.0,1739364919437.7974
5862,2982021888,0,-0.0691,0.0924,0.0,-0.0371,-0.1354,0.0,1739364919447.799
5863,3149794048,0,-0.0691,0.0924,0.0,-0.0464,-0.1354,-0.0067,1739364919457.8005
5864,3317566208,0,-0.046,0.0924,0.1321,-0.0371,-0.1444,-0.0134,1739364919467.802
5865,3485338368,0,-0.046,0.0693,0.1321,-0.0371,-0.1444,-0.0067,1739364919477.8035
5866,3653110528,0,-0.0691,0.0693,0.0,-0.0371,-0.1354,-0.0134,1739364919487.805
5867,3820882688,0,-0.0691,0.0693,0.0,-0.0464,-0.1354,0.0,1739364919497.8064
5868,3988654848,0,-0.0921,0.0924,0.0,-0.0464,-0.1354,0.0,1739364919507.8079
5869,4156427008,0,-0.046,0.0693,0.0,-0.0371,-0.1354,-0.0134,1739364919517.8096
5870,29297408,0,-0.0691,0.0924,0.0,-0.0371,-0.1354,-0.0067,1739364919527.811
5871,197069568,0,-0.0691,0.0924,0.0,-0.0278,-0.1354,-0.0067,1739364919537.8125
5872,364841728,0,-0.0691,0.0693,0.0,-0.0371,-0.1354,-0.0067,1739364919547.814
5873,532613888,0,-0.046,0.0693,0.0,-0.0371,-0.1354,-0.0134,1739364919557.8154
5874,700386048,0,-0.046,0.0924,0.0,-0.0371,-0.1354,-0.0067,1739364919567.817
5875,868158208,0,-0.0691,0.0693,0.0,-0.0371,-0.1354,0.0,1739364919577.8184
5876,1035930368,0,-0.0691,0.0924,0.0,-0.0464,-0.1444,0.0067,1739364919587.82
5877,1203702528,0,-0.0921,0.0693,-0.1321,-0.0278,-0.1264,0.0067,1739364919597.8215
5878,1371474688,0,-0.0691,0.0693,0.0,-0.0371,-0.1354,0.0,1739364919607.823
5879,1539246848,0,-0.0691,0.0924,0.0,-0.0371,-0.1354,0.0,1739364919617.8245
5880,1707019008,0,-0.046,0.0693,0.0,-0.0371,-0.1354,0.0,1739364919627.826
5881,1874791168,0,-0.046,0.0693,0.1321,-0.0464,-0.1264,0.0,1739364919637.8274
5882,2042563328,0,-0.0691,0.0693,0.0,-0.0371,-0.1354,0.0,1739364919647.8289
5883,2210335488,0,-0.0691,0.0693,0.0,-0.0371,-0.1354,0.0,1739364919657.8306
5884,2378107648,0,-0.0691,0.0693,0.0,-0.0278,-0.1444,-0.0067,1739364919667.832
5885,2545879808,0,-0.046,0.0693,0.0,-0.0371,-0.1354,-0.0067,1739364919677.8335
5886,2713651968,0,-0.0921,0.0924,0.0,-0.0278,-0.1444,0.0,1739364919687.835
5887,2881424128,0,-0.0691,0.0693,0.1321,-0.0464,-0.1264,0.0,1739364919697.8364
5888,3049196288,0,-0.0691,0.0693,0.0,-0.0371,-0.1354,0.0,1739364919707.838
5889,3216968448,0,-0.0691,0.0693,0.0,-0.0371,-0.1354,0.0,1739364919717.8394
5890,3384740608,0,-0.0691,0.0462,0.0,-0.0371,-0.1354,0.0,1739364919727.841
5891,3552512768,0,-0.0691,0.0924,0.0,-0.0464,-0.1354,0.0067,1739364919737.8425
5892,3720284928,0,-0.0691,0.0924,0.0,-0.0464,-0.1354,-0.0067,1739364919747.844
5893,3888057088,0,-0.046,0.0693,0.0,-0.0371,-0.1354,-0.0067,1739364919757.8455
5894,4055829248,0,-0.046,0.0924,0.0,-0.0371,-0.1354,-0.0067,1739364919767.847
5895,4223601408,0,-0.046,0.0693,0.0,-0.0371,-0.1354,0.0,1739364919777.8484
5896,96471808,0,-0.0691,0.0924,0.0,-0.0371,-0.1264,0.0,1739364919787.8499
5897,264243968,0,-0.0691,0.0924,0.1321,-0.0464,-0.1264,0.0,1739364919797.8516
5898,432016128,0,-0.0691,0.0693,0.0,-0.0371,-0.1354,0.0,1739364919807.853
5899,599788288,0,-0.046,0.0693,0.0,-0.0371,-0.1354,0.0,1739364919817.8545
5900,767560448,0,-0.0691,0.0924,0.0,-0.0371,-0.1354,-0.0067,1739364919827.856
5901,935332608,0,-0.046,0.0924,0.0,-0.0371,-0.1354,-0.0067,1739364919837.8574
5902,1103104768,0,-0.0691,0.0693,0.0,-0.0371,-0.1354,0.0,1739364919847.859
5903,1270876928,0,-0.0691,0.0693,0.0,-0.0371,-0.1264,-0.0067,1739364919857.8606
5904,1438649088,0,-0.046,0.0924,0.1321,-0.0464,-0.1264,-0.0067,1739364919867.862
5905,1606421248,0,-0.0691,0.0693,0.0,-0.0464,-0.1354,0.0,1739364919877.8635
5906,1774193408,0,-0.0691,0.0924,0.0,-0.0278,-0.1444,-0.0067,1739364919887.865
5907,1941965568,0,-0.046,0.0693,0.0,-0.0371,-0.1264,-0.0067,1739364919897.8665
5908,2109737728,0,-0.0691,0.0924,0.0,-0.0371,-0.1354,0.0,1739364919907.868
5909,2277509888,0,-0.0691,0.0924,0.0,-0.0371,-0.1354,0.0,1739364919917.8694
5910,2445282048,0,-0.0921,0.0924,0.0,-0.0371,-0.1354,0.0067,1739364919927.871
5911,2613054208,0,-0.046,0.0693,-0.1321,-0.0371,-0.1354,0.0,1739364919937.8726
5912,2780826368,0,-0.0691,0.0693,0.0,-0.0371,-0.1354,0.0,1739364919947.874
5913,2948598528,0,-0.046,0.0693,0.0,-0.0371,-0.1354,0.0,1739364919957.8755
5914,3116370688,0,-0.046,0.0693,0.0,-0.0371,-0.1354,-0.0067,1739364919967.877
5915,3284142848,0,-0.0691,0.0924,-0.1321,-0.0371,-0.1444,0.0,1739364919977.8784
5916,3451915008,0,-0.046,0.0693,0.0,-0.0371,-0.1264,-0.0067,1739364919987.88
5917,3619687168,0,-0.046,0.0924,0.0,-0.0557,-0.1444,0.0,1739364919997.8816
5918,3787459328,0,-0.0691,0.0924,0.0,-0.0464,-0.1444,-0.0067,1739364920007.883
5919,3955231488,0,-0.046,0.0693,-0.1321,-0.0371,-0.1354,-0.0067,1739364920017.8845
5920,4123003648,0,-0.0691,0.0693,-0.1321,-0.0371,-0.1354,-0.0067,1739364920027.886
5921,4290775808,0,-0.0691,0.0924,-0.1321,-0.0371,-0.1354,-0.0067,1739364920037.8875
5922,163646208,0,-0.046,0.0693,0.0,-0.0371,-0.1354,-0.0134,1739364920047.889
5923,331418368,0,-0.023,0.0693,-0.1321,-0.0371,-0.1354,-0.0067,1739364920057.8904
5924,499190528,0,-0.046,0.0924,-0.1321,-0.0371,-0.1444,-0.0067,1739364920067.892
5925,666962688,0,-0.0691,0.0924,0.0,-0.0278,-0.1354,-0.0067,1739364920077.8936
5926,834734848,0,-0.0691,0.0924,-0.1321,-0.0371,-0.1444,-0.0067,1739364920087.895
5927,1002507008,0,-0.0691,0.0924,0.0,-0.0371,-0.1264,-0.0067,1739364920097.8965
5928,1170279168,0,-0.0691,0.0693,0.0,-0.0371,-0.1264,0.0,1739364920107.898
5929,1338051328,0,-0.0691,0.0693,0.0,-0.0371,-0.1354,0.0067,1739364920117.8994
5930,1505823488,0,-0.0691,0.0693,0.0,-0.0371,-0.1354,0.0,1739364920127.901
5931,1673595648,0,-0.0691,0.0693,0.0,-0.0371,-0.1354,0.0067,1739364920137.9026
5932,1841367808,0,-0.046,0.0924,0.0,-0.0371,-0.1354,0.0,1739364920147.904
5933,2009139968,0,-0.0691,0.0693,0.0,-0.0371,-0.1354,0.0067,1739364920157.9055
5934,2176912128,0,-0.0691,0.0924,0.0,-0.0371,-0.1354,0.0,1739364920167.907
5935,2344684288,0,-0.046,0.0693,0.0,-0.0371,-0.1354,0.0,1739364920177.9084
5936,2512456448,0,-0.046,0.0693,0.0,-0.0371,-0.1354,-0.0067,1739364920187.91
5937,2680228608,0,-0.023,0.0693,0.0,-0.0464,-0.1354,-0.0067,1739364920197.9114
5938,2848000768,0,-0.046,0.0924,0.1321,-0.0278,-0.1354,-0.0067,1739364920207.913
5939,3015772928,0,-0.0691,0.0924,0.0,-0.0371,-0.1354,-0.0067,1739364920217.9146
5940,3183545088,0,-0.0921,0.0693,0.0,-0.0371,-0.1264,-0.0067,1739364920227.916
5941,3351317248,0,-0.0691,0.0693,-0.1321,-0.0371,-0.1354,-0.0067,1739364920237.9175
5942,3519089408,0,-0.0691,0.0693,0.0,-0.0371,-0.1354,0.0,1739364920247.919
5943,3686861568,0,-0.046,0.0693,0.0,-0.0371,-0.1264,0.0,1739364920257.9204
5944,3854633728,0,-0.046,0.0693,0.0,-0.0371,-0.1354,0.0,1739364920267.9219
5945,4022405888,0,-0.0691,0.0693,0.0,-0.0371,-0.1354,-0.0067,1739364920277.9236
5946,4190178048,0,-0.0691,0.0462,0.0,-0.0371,-0.1354,0.0,1739364920287.925
5947,63048448,0,-0.0921,0.0693,0.0,-0.0278,-0.1173,0.0,1739364920297.9265
5948,230820608,0,-0.0691,0.0693,0.0,-0.0371,-0.1264,0.0,1739364920307.928
5949,398592768,0,-0.0691,0.0693,0.0,-0.0371,-0.1354,-0.0067,1739364920317.9294
5950,566364928,0,-0.046,0.0693,0.0,-0.0371,-0.1354,0.0,1739364920327.931
5951,734137088,0,-0.046,0.0924,0.0,-0.0371,-0.1354,0.0,1739364920337.9324
5952,901909248,0,-0.046,0.0693,0.1321,-0.0278,-0.1354,-0.0067,1739364920347.934
5953,1069681408,0,-0.0691,0.0693,0.0,-0.0371,-0.1354,0.0,1739364920357.9355
5954,1237453568,0,-0.0921,0.0924,0.0,-0.0278,-0.1354,0.0,1739364920367.937
5955,1405225728,0,-0.046,0.0693,-0.1321,-0.0278,-0.1264,0.0,1739364920377.9385
5956,1572997888,0,-0.046,0.0693,0.0,-0.0371,-0.1354,0.0067,1739364920387.94
5957,1740770048,0,-0.0691,0.0693,0.0,-0.0278,-0.1354,-0.0067,1739364920397.9414
5958,1908542208,0,-0.046,0.0693,0.0,-0.0371,-0.1354,-0.0067,1739364920407.9429
5959,2076314368,0,-0.046,0.0693,0.0,-0.0371,-0.1354,0.0,1739364920417.9446
5960,2244086528,0,-0.0691,0.0693,0.0,-0.0278,-0.1354,0.0,1739364920427.946
5961,2411858688,0,-0.0691,0.0693,0.0,-0.0371,-0.1354,0.0,1739364920437.9475
5962,2579630848,0,-0.046,0.0693,-0.1321,-0.0371,-0.1354,-0.0134,1739364920447.949
5963,2747403008,0,-0.0691,0.0693,0.0,-0.0278,-0.1354,-0.0201,1739364920457.9504
5964,2915175168,0,-0.046,0.0924,-0.1321,-0.0371,-0.1444,-0.0067,1739364920467.952
5965,3082947328,0,-0.046,0.0924,-0.1321,-0.0371,-0.1354,-0.0067,1739364920477.9536
5966,3250719488,0,-0.0691,0.0924,-0.1321,-0.0371,-0.1354,0.0067,1739364920487.955
5967,3418491648,0,-0.0921,0.0462,-0.1321,-0.0371,-0.1264,0.0067,1739364920497.9565
5968,3586263808,0,-0.0691,0.0693,-0.1321,-0.0371,-0.1354,0.0067,1739364920507.958
5969,3754035968,0,-0.046,0.0693,-0.1321,-0.0278,-0.1264,-0.0067,1739364920517.9595
5970,3921808128,0,-0.0691,0.0693,-0.1321,-0.0371,-0.1444,-0.0067,1739364920527.961
5971,4089580288,0,-0.0691,0.0924,0.0,-0.0371,-0.1354,-0.0067,1739364920537.9624
5972,4257352448,0,-0.046,0.0924,0.0,-0.0371,-0.1354,-0.0067,1739364920547.964
5973,130222848,0,-0.0691,0.0693,0.0,-0.0371,-0.1354,-0.0067,1739364920557.9656
5974,297995008,0,-0.046,0.0693,-0.1321,-0.0278,-0.1264,-0.0067,1739364920567.967
5975,465767168,0,-0.0691,0.0693,-0.1321,-0.0278,-0.1264,0.0067,1739364920577.9685
5976,633539328,0,-0.0691,0.0693,0.0,-0.0371,-0.1264,0.0,1739364920587.97
5977,801311488,0,-0.046,0.0924,-0.1321,-0.0371,-0.1444,-0.0067,1739364920597.9714
5978,969083648,0,-0.046,0.0693,0.0,-0.0371,-0.1354,0.0,1739364920607.973
5979,1136855808,0,-0.046,0.0693,0.0,-0.0371,-0.1354,-0.0067,1739364920617.9746
5980,1304627968,0,-0.046,0.0693,0.0,-0.0371,-0.1354,-0.0134,1739364920627.976
5981,1472400128,0,-0.0691,0.0924,-0.1321,-0.0371,-0.1354,-0.0067,1739364920637.9775
5982,1640172288,0,-0.0921,0.0693,0.0,-0.0278,-0.1354,0.0,1739364920647.979
5983,1807944448,0,-0.046,0.0693,0.0,-0.0371,-0.1354,0.0,1739364920657.9805
5984,1975716608,0,-0.0691,0.0924,0.0,-0.0464,-0.1444,-0.0067,1739364920667.982
5985,2143488768,0,-0.0691,0.0693,0.0,-0.0371,-0.1354,-0.0067,1739364920677.9834
5986,2311260928,0,-0.046,0.0693,0.0,-0.0464,-0.1444,-0.0067,1739364920687.985
5987,2479033088,0,-0.0921,0.0693,0.0,-0.0371,-0.1264,-0.0067,1739364920697.9866
5988,2646805248,0,-0.0691,0.0693,0.0,-0.0371,-0.1354,-0.0067,1739364920707.988
5989,2814577408,0,-0.046,0.0693,0.0,-0.0464,-0.1444,-0.0067,1739364920717.9895
5990,2982349568,0,-0.0691,0.0924,0.0,-0.0371,-0.1354,-0.0067,1739364920727.991
5991,3150121728,0,-0.0691,0.0693,0.0,-0.0371,-0.1264,-0.0134,1739364920737.9924
5992,3317893888,0,-0.0691,0.0924,0.0,-0.0371,-0.1354,-0.0067,1739364920747.994
5993,3485666048,0,-0.0921,0.0924,-0.1321,-0.0278,-0.1264,-0.0067,1739364920757.9956
5994,3653438208,0,-0.0691,0.0693,-0.1321,-0.0278,-0.1264,0.0,1739364920767.997
5995,3821210368,0,-0.0691,0.0693,0.0,-0.0371,-0.1354,0.0,1739364920777.9985
5996,3988982528,0,-0.0921,0.0693,0.0,-0.0371,-0.1173,0.0067,1739364920788.0
