0,1,2,3,4,5,time
138.2078815778605,-473.02491005277585,360.28574429022166,179.92421230396192,0.31575925203567623,179.61057746788524,1739364903662
138.20791334513086,-473.02484309758427,360.2855519686581,179.92417832932014,0.31574561355257097,179.61059093600105,1739364903670
138.20796975441638,-473.02478886681445,360.2854840360691,179.92416469479846,0.3157456035294034,179.61059089117694,1739364903678
138.20785746334943,-473.02478344142537,360.28549995088036,179.9241714181855,0.3157456219198914,179.61056369900913,1739364903686
138.20790142264255,-473.0247037956492,360.2854881856834,179.92416460973402,0.3157388709286516,179.61057049223393,1739364903694
138.20792633070477,-473.02472931328265,360.2854321146131,179.92415786839075,0.31575242835259626,179.61057725131147,1739364903706
138.2079701263938,-473.0246621276473,360.2854341412579,179.92415782096003,0.3157456628197405,179.61057724955037,1739364903714
138.20790132459396,-473.0247032853681,360.28535122418435,179.92415784863323,0.3157388071964679,179.61057717619923,1739364903722
138.20791400740686,-473.02465321442924,360.2854904049556,179.92416458189493,0.3157457023232479,179.6105636919856,1739364903730
138.20784602357216,-473.02463207138885,360.2853385286916,179.9241305796699,0.31573886540935675,179.6105568021653,1739364903738
138.20784582308335,-473.0246063078505,360.28536823532073,179.92414417647456,0.3157388962555439,179.61055680765293,1739364903746
138.2079458357857,-473.02454854571505,360.28545095975454,179.92414409174833,0.31573214594982724,179.61055688092614,1739364903754
138.207846338121,-473.02449299026955,360.285495650853,179.92414410128552,0.3157390403870195,179.61054331819454,1739364903762
138.20783412182485,-473.0245816177945,360.2851463035724,179.92409653989864,0.3157320073743264,179.61054987469086,1739364903770
138.20783414608238,-473.0245056807455,360.2853150946163,179.92411693509945,0.31573215288463696,179.61054999310574,1739364903778
138.20789010145666,-473.02452705411315,360.2852726227693,179.92411693518608,0.3157320988403182,179.6105567556838,1739364903786
138.20783374526468,-473.0245688838665,360.2854371679174,179.92413725579766,0.31573214248836706,179.61053648183838,1739364903794
138.20790260451193,-473.02454006807295,360.2853130679808,179.9241169075978,0.31573890041441316,179.61054999466742,1739364903802
138.20787768836686,-473.02453986281637,360.2853128753531,179.92411685054893,0.31572529448381775,179.6105431961272,1739364903810
138.20787769644974,-473.02451455045355,360.2853691390344,179.92412364894918,0.31572534298885835,179.61054323559804,1739364903818
138.20784659606906,-473.0245310957317,360.2852589272526,179.9241101090284,0.3157388938397508,179.61054315505197,1739364903826
138.207821295278,-473.02454346885924,360.285493335287,179.9241440818687,0.31572540153080986,179.61054331988817,1739364903834
138.2077654873233,-473.02456026006485,360.28540948793426,179.92412372395762,0.3157253731098993,179.6105432733575,1739364903842
138.20782161437896,-473.0245438609234,360.28540948793426,179.92412364903169,0.31572535510359145,179.61053647469262,1739364903850
138.207822239943,-473.02443048422276,360.285426499054,179.92411005180213,0.3157254621560204,179.61053650175523,1739364903858
138.20782206826374,-473.02446825675463,360.2853840272143,179.92411005188876,0.3157254081117149,179.61053646586294,1739364903866
138.20774108622936,-473.02444673719214,360.28553671083574,179.92412362918745,0.3157119203098474,179.61052978392502,1739364903874
138.2076973722795,-473.02445032764916,360.2854964582414,179.9241236388971,0.3157187066584515,179.61052294787675,1739364903882
138.2077411231203,-473.0244849608823,360.28552079607095,179.92411683086974,0.3157118839195438,179.61052978202073,1739364903894
138.2078097980421,-473.0243797568337,360.28553893007216,179.9241235638861,0.3157187426964206,179.61052298357458,1739364903902
138.20772850954168,-473.0244720060211,360.2855907552673,179.92413034304357,0.3157051104172585,179.61051622794378,1739364903910
138.2077538714917,-473.0244219195035,360.28550922348177,179.9241099670815,0.3157187118421632,179.6105161796214,1739364903918
138.20776603926535,-473.02448516614476,360.2855209886928,179.92411677552812,0.31572546283825265,179.61051618485806,1739364903926
138.20774113120908,-473.0244596484949,360.2855770597418,179.9241235918086,0.31571192342139986,179.61052302292237,1739364903934
138.20780984302334,-473.02439266813644,360.2855792789782,179.92412356396866,0.31571875481113587,179.61052302113956,1739364903942
138.20779749547717,-473.0243925064262,360.28546877826716,179.92410995720843,0.3157119012641173,179.61052294054133,1739364903950
138.2077413397837,-473.02446009963364,360.28560361681645,179.9241167559429,0.3157119320706036,179.61051625834278,1739364903958
138.20785383108748,-473.0243765584262,360.2854953353418,179.92410315880406,0.3157119189164963,179.61052977299977,1739364903966
138.20767311861178,-473.0243749693595,360.2854973619594,179.92410311138377,0.3157051533771672,179.61050257736372,1739364903974
138.2077973930366,-473.02436725311236,360.2856354463298,179.92413027765556,0.31571198684970286,179.61050946348647,1739364903982
138.2077850823858,-473.02440531510405,360.28550903086295,179.92410994750043,0.31570511491552355,179.61052297812085,1739364903990
138.2077415195563,-473.0243970146748,360.2857023523152,179.92412355425645,0.3157120346215066,179.6105163337044,1739364903998
138.20779770405179,-473.0243929575713,360.2854953353418,179.9241031213427,0.31571190991090453,179.6105161759618,1739364904006
138.20780988800456,-473.02440557943436,360.28561962788575,179.92412345166463,0.31571873991632166,179.61050266300163,1739364904014
138.20767271777902,-473.0244381724425,360.2856194352669,179.92412346954893,0.31570515199285687,179.61049586465435,1739364904022
138.2077288529091,-473.0243964609129,360.2856756989302,179.92413034287028,0.3157052185058306,179.61051629972843,1739364904030
138.20768505723345,-473.0244636465256,360.2856736723188,179.92413031536864,0.3157119660372013,179.61050270435092,1739364904038
138.20779775711887,-473.02438055648474,360.2855919479114,179.92410988236406,0.31571196152826575,179.61050945442835,1739364904046
138.20774173252013,-473.02442220892203,360.2854252798501,179.92408952445558,0.3157118669403116,179.61050933444528,1739364904054
138.2077289428686,-473.0244222834849,360.285756396753,179.9241303430353,0.31570524273523004,179.61051637485838,1739364904062
138.20779792071224,-473.02436809632235,360.28557815608167,179.92410312133856,0.3157119760699079,179.61051624941908,1739364904074
138.20779764659252,-473.0243806155363,360.2857023523152,179.9241235167951,0.3157120256183348,179.61051633360714,1739364904082
138.2077415195563,-473.0243970146748,360.2857023523152,179.92412351679508,0.31571202561833484,179.61050953513674,1739364904090
138.2077978263576,-473.02431753055583,360.28580108779727,179.92413035257005,0.31571213717239205,179.61052320753637,1739364904098
138.2077291226411,-473.02435919849324,360.2858551322397,179.92413706642773,0.3157053272829825,179.61050285308391,1739364904106
138.20774197345003,-473.0243214105049,360.28567689156534,179.9241098447294,0.3157120606120353,179.61049592917504,1739364904114
138.20768540060976,-473.02438810139773,360.28575861597574,179.9241303151953,0.31571207412575597,179.6105027761356,1739364904122
138.20777306572,-473.0243301775513,360.28573083969275,179.92411666118227,0.3156984792688235,179.6105095673824,1739364904130
138.20774201842977,-473.0243343217885,360.2857172404774,179.92410984481188,0.31571207272673285,179.61049596674002,1739364904138
138.20778567930023,-473.02434313242435,360.2856608805126,179.92410307408412,0.3157052347599819,179.6105095243241,1739364904146
138.20769773197242,-473.02443888788054,360.285756589372,179.92413021276772,0.31571880365238725,179.61048238209324,1739364904154
138.2077981823541,-473.02435614633765,360.28570132573356,179.92410312141695,0.3157120543435914,179.61051636044138,1739364904162
138.2077417200421,-473.0244227782049,360.2856726457312,179.9241098825291,0.3157119857576744,179.61050273108793,1739364904170
138.207797989951,-473.02430507039827,360.285787295963,179.92412355408317,0.3157121427100526,179.61052320395945,1739364904178
138.20766085663567,-473.02437588709483,360.2857711886065,179.9241166987246,0.31569850038750186,179.61050280657423,1739364904186
138.20768531887813,-473.02445169652674,360.2857968419754,179.9241303529084,0.3157120533132365,179.61050961394085,1739364904194
138.20772909837467,-473.02443513573445,360.2856863412538,179.92411667122707,0.3157051817583121,179.6105027346786,1739364904202
138.20779772846936,-473.0244317505107,360.28572678647464,179.92411668109852,0.3157119923363255,179.6105095707002,1739364904210
138.20767335159468,-473.0244142134169,360.2857553701683,179.92410991019662,0.31570526245811725,179.61050280465702,1739364904218
138.2077294867219,-473.0243725018711,360.285811633829,179.92411667113626,0.3157053019615465,179.61050284402825,1739364904226
138.20778568738604,-473.02431782002026,360.2857171441687,179.92410987248434,0.3157052832682111,179.61050956379256,1739364904234
138.2077977365552,-473.0244064380987,360.28578305014116,179.92412344203737,0.3157120318413685,179.61050281160183,1739364904242
138.2076604477113,-473.0244644025355,360.2858369982745,179.92413025849024,0.3156984504965337,179.61049605439482,1739364904254
138.20766102832386,-473.02433811451857,360.28581366042954,179.92411666117812,0.31569854542778303,179.61049604389896,1739364904262
138.20777314759684,-473.0243813125196,360.28575527386107,179.92410982548736,0.31569844598518904,179.6105028044771,1739364904270
138.2076729875155,-473.024400910044,360.2857988685808,179.92413023056696,0.3157052697723886,179.61048921657746,1739364904278
138.20774161760463,-473.0243975248187,360.28583931380473,179.92413027789897,0.31571208935276823,179.61050285116835,1739364904286
138.20772927814718,-473.0243720507561,360.28578507674655,179.92412343208005,0.31570527530762926,179.61049601147175,1739364904294
138.20778500436302,-473.0244188546299,360.28590715008556,179.92414386516631,0.31570529193204083,179.610509694368,1739364904302
138.2077731107013,-473.0243430888302,360.2857711886065,179.9241166612648,0.31569849138351663,179.61050960494737,1739364904310
138.2077293150382,-473.0244102744472,360.2857691619996,179.92411663376237,0.31570523891329166,179.61049600956827,1739364904318
138.2077293150382,-473.0244102744472,360.2857691619996,179.92411663376237,0.31570523891329166,179.61049600956827,1739364904326
138.207729323127,-473.0243849620301,360.2858254256618,179.92412346962317,0.3157052964254997,179.61050284760435,1739364904334
138.20768548247446,-473.02443923636935,360.28578305014116,179.92412344203737,0.3157120318413685,179.61048921466107,1739364904342
138.20784145050277,-473.02440284759945,360.2858233027475,179.92412346979233,0.31570525449592207,179.61051644621773,1739364904350
138.20778529465426,-473.02435571062534,360.2858954811564,179.92413706651024,0.31570533939766665,179.61050968911928,1739364904358
138.207729323127,-473.0243849620301,360.2858254256618,179.924123394702,0.3157052784191316,179.6104892504691,1739364904366
138.20771641116082,-473.02446046356243,360.2858507901102,179.9241370195174,0.3156984359589164,179.6104960578729,1739364904374
138.20778545016182,-473.0243685628931,360.2858254256618,179.92412346962317,0.3157052964254996,179.61050964607472,1739364904382
138.20779769965964,-473.0243682144062,360.2857989648895,179.92413031527786,0.3157120862404491,179.61051641064137,1739364904390
138.20779784268953,-473.02438163577915,360.28597627530314,179.92413707646423,0.31571216209033737,179.61050976423792,1739364904398
138.20766073801752,-473.02440125852803,360.2858253293545,179.92412345983422,0.31569849796215854,179.6104960491469,1739364904406
138.20779767909613,-473.02439409593336,360.28599006714035,179.9241438749511,0.3157121565542893,179.61050976781482,1739364904414
138.2077166933707,-473.02442263197514,360.2857828575251,179.92412345992088,0.31569844391789226,179.61050281172493,1739364904422
138.20767303249377,-473.0244138213181,360.285839217496,179.92413026811002,0.31570529088945243,179.61049605271006,1739364904430
138.2078416302603,-473.0243397625901,360.2859220382388,179.92413030556648,0.31570536605076477,179.61052332014614,1739364904438
138.2077291595321,-473.0243974221876,360.285839217496,179.92413026811005,0.31570529088945243,179.61050285118046,1739364904446
138.20777287347718,-473.0243938316902,360.2858794701054,179.92413029586336,0.3156985135431672,179.61051648579553,1739364904458
138.2077542923407,-473.0243727661332,360.2859222308578,179.92413028768377,0.3157189539750383,179.61050292461354,1739364904466
138.2077169100342,-473.02439777066826,360.28586567827114,179.92412342245694,0.31569850107365977,179.61049608661466,1739364904474
138.2076730936557,-473.02437610772057,360.2859920937337,179.92414390245355,0.3157054090213089,179.61050296777958,1739364904482
138.2077853315498,-473.02439393431985,360.2858795664127,179.92413023073198,0.3157052940017615,179.6105028886482,1739364904490
138.2077294867219,-473.0243725018711,360.285811633829,179.92411667113626,0.3157053019615465,179.61050284402825,1739364904498
138.2076606805614,-473.0243889163429,360.28603234634767,179.92414381782677,0.3156986046711183,179.61048940821985,1739364904506
138.2077169100342,-473.02439777066826,360.28586567827114,179.92412345991673,0.31569851007684263,179.61050288518226,1739364904514
138.20777291845855,-473.0244067429546,360.2859198190237,179.92413022102636,0.31569850765309876,179.61050292622528,1739364904522
138.20771678333037,-473.0244484545183,360.285863555357,179.9241234600859,0.315698468147265,179.6105028868549,1739364904530
138.20764816132686,-473.02442652732213,360.28587937379956,179.92413028607362,0.31569171507983995,179.6105028888669,1739364904538
138.20770446005042,-473.02437235560876,360.2859218456257,179.92413017361005,0.31569174211696505,179.6104893275268,1739364904546
138.2077041859294,-473.0243848747354,360.2860460418805,179.92415064398446,0.3156918096725041,179.61050300884284,1739364904554
138.20762340877806,-473.0244138618994,360.2858653893582,179.92412339309254,0.3156781056836709,179.61048928818306,1739364904562
138.20767949083663,-473.0243845515056,360.2858250404415,179.92412339301003,0.3156780935689867,179.61049604908845,1739364904570
138.20758564181975,-473.02445144455066,360.2860434374716,179.92415063266378,0.31565778442626813,179.61050301066118,1739364904578
138.2075983452202,-473.0243754919251,360.2859915159121,179.92414380625922,0.3156646092405808,179.61049616927502,1739364904586
138.20761096688912,-473.0243631344035,360.28597782037474,179.92413701756132,0.3156714132399574,179.61049616569244,1739364904594
138.2076668405138,-473.0244481029813,360.28597357456493,179.92413705535625,0.3156713383823713,179.61050976607567,1739364904602
138.2076669303266,-473.0243591954346,360.285991612212,179.9241438160482,0.3156714077039092,179.61050296773487,1739364904610
138.20761083208745,-473.02443913068873,360.2859194338094,179.9241302942434,0.31567134080692244,179.61050972503583,1739364904618
138.20766708583264,-473.02437204771536,360.2859215567172,179.92413025661767,0.31567137373412824,179.610509723266,1739364904626
138.20766657448164,-473.02443530963797,360.286154034501,179.92416421175633,0.3156714274397614,179.61050309114606,1739364904634
138.20759842708503,-473.0244266268765,360.2860159500941,179.92413697056833,0.31566457596014624,179.61048940637377,1739364904642
138.20766679553395,-473.0244351917215,360.28593322564507,179.9241370178172,0.3156713172661263,179.6105029299431,1739364904654
138.2076234249617,-473.0243632370361,360.28597791667613,179.92413702735027,0.31567821170327304,179.61049616568113,1739364904662
138.20773555232654,-473.024381122631,360.28597579377407,179.92413706497683,0.3156781787752638,179.6105165628621,1739364904670
138.20761096688912,-473.0243631344035,360.28597782037474,179.9241370550179,0.3156714222415272,179.61050296426004,1739364904678
138.2076109057272,-473.0244008479976,360.2858249441402,179.9241233832219,0.3156712951056697,179.61048925063102,1739364904686
138.2076668036228,-473.0244098792852,360.28598948930994,179.92414381621737,0.3156713657743313,179.61050296940752,1739364904694
138.20766685669145,-473.0243974780924,360.28608610189485,179.92415065215667,0.3156714353971543,179.61050984500451,1739364904702
138.2076111143018,-473.0244012991077,360.2858515012241,179.92411665973063,0.31567133076357823,179.61050288175912,1739364904710
138.20769177283665,-473.02439768335455,360.2860862944991,179.92415070919435,0.3156850413237585,179.61051664355276,1739364904718
138.20767942529022,-473.02439752176207,360.28597579377407,179.92413706497683,0.3156781787752638,179.61050976439174,1739364904726
138.20763623092992,-473.02442726789997,360.28582198725303,179.9241030450474,0.31568488782876,179.6104960776893,1739364904734
138.2076362390217,-473.02440195547655,360.2858782509152,179.92410988090575,0.31568494534176555,179.61050291572295,1739364904742
138.20761145767824,-473.02432575393107,360.285936444872,179.92411669701386,0.3156714478560743,179.61050975211143,1739364904750
138.20766744991346,-473.02438535108826,360.285878058311,179.9241098613263,0.315671348415111,179.61050971422242,1739364904758
138.2077237405417,-473.02435649179625,360.2858642664812,179.92410310029598,0.3156713629575624,179.6105233076883,1739364904766
138.20766762968594,-473.0243222660629,360.28597679379334,179.9241166970964,0.3156714599707451,179.6105165881468,1739364904774
138.2076801452162,-473.0243347108593,360.2857698731193,179.92409631143462,0.3156781427291708,179.61051643049976,1739364904782
138.20756742476323,-473.0244436823538,360.28604269978257,179.92413030411234,0.315678217543826,179.61050303757568,1739364904790
138.20773563420354,-473.0244322575804,360.28600022795183,179.92413030419902,0.31567816349958194,179.61052339709445,1739364904798
138.20756735099917,-473.0243672349623,360.2860745292535,179.92414386329037,0.31567828132690234,179.61049624280858,1739364904806
138.20767962577614,-473.02442328529906,360.2859460871963,179.9241234307149,0.31567813891621227,179.610502960351,1739364904814
138.20761104066213,-473.024439581791,360.2859459908949,179.92412338346944,0.3156713314497089,179.61048936332597,1739364904822
138.20766762159712,-473.0243475784978,360.28592053013875,179.92410986123963,0.315671402459364,179.61050975011477,1739364904830
138.20761148647287,-473.02438929004904,360.2858642664812,179.92410310029595,0.3156713629575623,179.61050971074755,1739364904842
138.20761166625286,-473.02432620502526,360.28596300196193,179.9241098236964,0.31567144749881626,179.61049618896914,1739364904850
138.20765544573447,-473.0243096442804,360.2858525012608,179.92409621693787,0.3156645939486553,179.6105029068542,1739364904858
138.20772391222093,-473.02431871920567,360.2859067383088,179.92410306275275,0.3156714079962167,179.61051654501307,1739364904866
138.20755552303348,-473.0243932290015,360.2858504746528,179.92409626435256,0.31567135948881575,179.61049611013752,1739364904874
138.2076115476348,-473.02435157643623,360.2860171427161,179.92411662226579,0.3156714540774362,179.6104962301062,1739364904882
138.2077116177417,-473.02430615641197,360.28589285018063,179.9240962170204,0.31566460606333047,179.61050974288955,1739364904890
138.20758679508594,-473.0243389110103,360.2860031582865,179.92410987911094,0.31565788069643164,179.6105098236984,1739364904898
138.207630856779,-473.02428451868514,360.2858247250132,179.9240826752946,0.3156510261101372,179.61051649688238,1739364904906
138.20761861536988,-473.0242595547181,360.2859074494608,179.92408262804662,0.3156442847977117,179.6105097717899,1739364904914
138.2076191717012,-473.02420920392836,360.28571532069486,179.924048635534,0.3156442342083585,179.61050964292335,1739364904922
138.20750671730696,-473.02433096870647,360.285807687443,179.92405550926173,0.31564422899378214,179.61050972348917,1739364904930
138.20750640630087,-473.0243052641962,360.28594779838363,179.9240827030358,0.3156443149284203,179.6105098095493,1739364904938
138.20750685211775,-473.02425497243433,360.2858660739936,179.9240622700394,0.31564431041870683,179.6105029627102,1739364904946
138.2075626150578,-473.0242252699847,360.2859095723568,179.92408262787743,0.3156443267272899,179.61050297164692,1739364904954
138.20761829626883,-473.02425916261456,360.2859912967602,179.9241030234205,0.31564432223140093,179.61050981838883,1739364904962
138.20750619772625,-473.0243048131134,360.2859212412863,179.92408942653347,0.3156442792608603,179.610496178418,1739364904970
138.20761851732146,-473.0242590446206,360.2857704879757,179.92407579202808,0.3156442030521242,179.61050285863118,1739364904978
138.20749356796097,-473.02434248307503,360.28587867316895,179.92408941683038,0.3156374267532969,179.61049614254262,1739364904986
138.2075489138953,-473.024426608469,360.2859317175775,179.92411661094695,0.3156373626763094,179.61050295695776,1739364904994
138.2076172904331,-473.0244098608837,360.2859052567844,179.924123419141,0.31564414348809516,179.61050972141828,1739364905002
138.2075483862198,-473.02442576524544,360.28598900782526,179.9241437672726,0.31563737345770165,179.6104961709897,1739364905010
138.20756050091614,-473.02450141305405,360.2859041604594,179.92414370232825,0.31564404583095823,179.6104825020593,1739364905018
138.20750395233352,-473.0244921665338,360.28615467591965,179.92418456797844,0.3156442048636351,179.6104894673792,1739364905026
138.20758478695163,-473.0244755215811,360.28612831143676,179.92419134850584,0.31565777514446425,179.61048943327606,1739364905038
138.20758510605242,-473.0244759137437,360.2860444640752,179.92417099058687,0.3156577467034905,179.61049618523995,1739364905046
138.20755366600307,-473.0245179484579,360.2862092018824,179.92419140570377,0.3156714052955598,179.61048950849354,1739364905054
138.20758515912257,-473.0244635125442,360.286141076666,179.92417778906957,0.31565780732635534,179.61049626226776,1739364905062
138.20754166184176,-473.0244422416861,360.2861836447849,179.9241777987719,0.31566465983391145,179.61048949968327,1739364905070
138.20754126100212,-473.0245054445905,360.2863057181808,179.9241981943975,0.31566466745506866,179.61048958552703,1739364905078
138.20755380081363,-473.02444195213775,360.28626758844337,179.92419816647825,0.31567148673900836,179.61048274771775,1739364905086
138.20755405874795,-473.02448005797737,360.2860308648305,179.92416421167795,0.31567134916618456,179.61048938318294,1739364905094
138.2076102100694,-473.024387721497,360.2861996558209,179.92418460687855,0.31567149469076766,179.6104963000466,1739364905102
138.20763465983475,-473.024464099763,360.2864726752067,179.92421865659247,0.3156851754318735,179.6105033026236,1739364905110
138.20756642248398,-473.0244295946307,360.2862538928957,179.92419137777955,0.31567829073757,179.61048274414082,1739364905118
138.20759070054785,-473.02454374550206,360.28648444048207,179.92422546503835,0.31569192642874966,179.6104965093987,1739364905126
138.20752289282032,-473.02450957361293,360.286071406356,179.9241642313384,0.31568495820751225,179.61048262226137,1739364905134
138.20759176016125,-473.02445544557935,360.2860035700572,179.92415060661213,0.3156917466282981,179.61048257744213,1739364905142
138.2075351298406,-473.0245097940996,360.2862923115404,179.92419139760761,0.31569185784930387,179.61047598489833,1739364905150
138.2075915148245,-473.0245315008354,360.2860555879108,179.9241574428097,0.3156917202772996,179.61048941882183,1739364905158
138.20764770303867,-473.02447738804665,360.2862084641786,179.92417103969265,0.31569182940834184,179.61049633379088,1739364905166
138.20764765806027,-473.0244644768063,360.2861681152528,179.9241710770691,0.31569182629121734,179.61050309479347,1739364905174
138.2076476049901,-473.0244768780138,360.2860715026603,179.92416420366843,0.3156917476724839,179.6104894206264,1739364905182
138.20770391180835,-473.0243973938278,360.28617023814877,179.92417103944095,0.3156918592232627,179.61050309302365,1739364905190
138.20759193994866,-473.02439236053385,360.2861023055396,179.92415744238468,0.31569185818069995,179.61048945136892,1739364905198
138.207716251266,-473.02442286784554,360.2862244752252,179.9241778852591,0.3156986732619234,179.61050993272426,1739364905206
138.2076911265461,-473.0244222114872,360.28619772553515,179.92418458916754,0.315685040691921,179.61049630161065,1739364905214
138.20771611647345,-473.0244988641603,360.2861660886565,179.92417101210847,0.3156985648298987,179.610496297794,1739364905226
138.20766045950907,-473.02438903421313,360.28625315519815,179.92417104922578,0.31569872384548,179.61049636800334,1739364905234
138.20766043523363,-473.0244649715963,360.2860843642073,179.92415061656533,0.31569856932096474,179.61048945103272,1739364905242
138.2076605619434,-473.0244142877457,360.28608648710923,179.92415061639616,0.31569861125054277,179.6104894493601,1739364905250
138.20766044332547,-473.02443965914193,360.2861406278739,179.92415741496555,0.3156986178299624,179.61048949050038,1739364905258
138.2076044268085,-473.0244559993158,360.2860302234456,179.92414385545572,0.31569857174230315,179.6104894099897,1739364905266
138.2076605619434,-473.0244142877457,360.28608648710923,179.92415057893638,0.315698602250582,179.6104826507925,1739364905274
138.20777314320495,-473.0243565691742,360.28605890343334,179.9241370568822,0.31569863132259546,179.6105098377179,1739364905282
138.20767290139804,-473.0244397617745,360.28614072418117,179.9241574622143,0.3157054252924532,179.6104962890591,1739364905290
138.2077166889818,-473.0243978886167,360.28608648710923,179.92415061639616,0.3156986112505427,179.6104962478305,1739364905298
138.20770409611666,-473.02447378228374,360.2860280042319,179.9241439207539,0.31569174935091177,179.61051660574884,1739364905306
138.20766071744794,-473.0244271400394,360.2860164316084,179.92413701950906,0.3156985682767817,179.61048940631716,1739364905314
138.20771661534678,-473.0244361712533,360.28618097679964,179.92415748996763,0.3156986479429145,179.610509923671,1739364905322
138.20772946615529,-473.0243983833856,360.28600273608,179.9241303057315,0.31570539028011085,179.61050979833539,1739364905330
138.20756096641037,-473.0244729521629,360.28605687683864,179.92413695445856,0.3157053608516402,179.61046224979486,1739364905338
138.20778592846435,-473.0243317514905,360.2860314160706,179.92412346969738,0.3157054408580316,179.61050983055438,1739364905346
138.2077170530626,-473.02441119200466,360.2860429886956,179.92413022110472,0.315698585926689,179.61049623877724,1739364905354
138.2076732285907,-473.024414841471,360.2861131405023,179.92414382777994,0.3157054273637888,179.6104894833393,1739364905362
138.20772951922396,-473.0243859821863,360.28609934866506,179.92413702929306,0.31570543289903025,179.61049627823357,1739364905370
138.20772979334504,-473.02437346306897,360.2859751524129,179.92411667129716,0.3157053923498342,179.61050299261555,1739364905378
138.2076732285907,-473.024414841471,360.2861131405023,179.92414382777994,0.3157054273637888,179.6104894833393,1739364905386
138.20767370319604,-473.0244280858891,360.2859592376737,179.92410987297944,0.31570535595630284,179.61049619224167,1739364905394
138.20767338409522,-473.0244276937663,360.2860430850029,179.92413019343226,0.3157053753876518,179.61048264172712,1739364905402
138.20779810433152,-473.0243696856788,360.2860994449738,179.9241370765426,0.31571224036391443,179.61050987526025,1739364905410
138.20785410467272,-473.02440397038407,360.2860973220717,179.9241370767118,0.31571219843433634,179.61051667540326,1739364905422
138.20768584216776,-473.0244277963989,360.28604318131164,179.92413027814237,0.3157121918557222,179.6104962388502,1739364905430
138.20768605883424,-473.0244029350339,360.2861260020639,179.9241302032154,0.31571224000986714,179.6104827151723,1739364905438
138.20774180561284,-473.0244238574226,360.2860569731474,179.92413703916787,0.3157121773181073,179.6104962423299,1739364905446
138.2077859203785,-473.024357063932,360.2859751524129,179.92411667129716,0.31570539234983414,179.61050979108595,1739364905454
138.20767362942306,-473.02435163850805,360.28599106714773,179.92412339469365,0.3157054107369973,179.6104825989134,1739364905462
138.20779820677188,-473.024394939157,360.2859327768925,179.92411668117276,0.31571213676890125,179.61050975517983,1739364905470
138.20772979334504,-473.02437346306897,360.2859751524129,179.92411663383655,0.31570538334584575,179.61049619404793,1739364905478
138.20772934754032,-473.02442375479154,360.28605687683864,179.9241371417615,0.31570540585948237,179.6105166380441,1739364905486
138.20772968281887,-473.0243735220305,360.28608555682933,179.9241302682668,0.3157054474366463,179.6105030732251,1739364905494
138.20772946615529,-473.0243983833856,360.28600273608,179.9241302308103,0.31570537227536505,179.61049620120014,1739364905502
138.20774239429906,-473.0242722569595,360.28608989892416,179.92413024025595,0.3157123207567448,179.61049627130012,1739364905510
138.20778576487095,-473.024344211648,360.28604520790486,179.92413026818423,0.31570543532198436,179.61050983413048,1739364905518
138.20772946615529,-473.0243983833856,360.28600273608,179.9241302308103,0.31570537227536505,179.61049620120014,1739364905526
138.20775450900425,-473.0243479047972,360.286005051601,179.92413028767962,0.3157190201339624,179.61050299807087,1739364905534
138.20768555995343,-473.02446562795404,360.28611111390893,179.92414383773726,0.31571218389752786,179.6104894850014,1739364905542
138.20773003057514,-473.0243227202313,360.2858668709107,179.92410303669774,0.3157053701869786,179.61049611176577,1739364905550
138.20772911031048,-473.02447449758415,360.28616515836484,179.92415058905794,0.3157053830136669,179.61048952605577,1739364905558
138.20774204284282,-473.02437311460426,360.2859486916331,179.92412347949045,0.3157121731624324,179.61050295861372,1739364905566
138.20777325373112,-473.02435651020653,360.2859484990171,179.924123384993,0.315698558229405,179.61049615997476,1739364905574
138.20767366630955,-473.02438986219965,360.2859751524129,179.92411667129716,0.3157053923498342,179.61049619414516,1739364905582
138.20775437421156,-473.0244239010858,360.2859466650355,179.9241234894486,0.315718929696183,179.61050296027344,1739364905590
138.2077420797339,-473.0244113382955,360.2859327768925,179.92411668117276,0.31571213676890125,179.61050295670944,1739364905598
138.2077978140404,-473.0244328296836,360.28611111390893,179.92414380027589,0.31571217489676284,179.61049628337454,1739364905610
138.2076860057641,-473.0244153362415,360.2860293894774,179.9241234047327,0.31571217938540364,179.61048263813805,1739364905618
138.2076608074047,-473.0244529625347,360.28609712945564,179.92413705713386,0.3156986015076795,179.61049628001473,1739364905626
138.2077668853528,-473.024411602529,360.2860433739336,179.92413029772027,0.3157257887823792,179.61050303729638,1739364905634
138.20774169508672,-473.0244239163645,360.28616737757557,179.92415059867608,0.3157122234065631,179.61048952437343,1739364905642
138.20778558510594,-473.02440729668643,360.2859464724165,179.92412354479185,0.315705350775889,179.61052335590492,1739364905650
138.2077172822038,-473.02438576161285,360.28587844352535,179.9241098255657,0.3156985242588192,179.61049611702904,1739364905658
138.2078543499734,-473.0243279151324,360.28604530421364,179.9241302030504,0.3157122157805477,179.6105030354535,1739364905666
138.2076985824546,-473.0243900674648,360.28597534503194,179.92411665341285,0.3157189802724922,179.61048939555008,1739364905674
138.20768555995343,-473.02446562795404,360.28611111390893,179.92414391266007,0.3157122018990445,179.61050308213666,1739364905682
138.20774185059275,-473.0244367686678,360.2860973220717,179.92413711417316,0.31571220743589934,179.61050987703015,1739364905690
138.20779779786878,-473.02448345457844,360.2859985865666,179.9241303158596,0.31571210488427004,179.61051660013888,1739364905698
138.2076984107664,-473.0244278400602,360.2859328732027,179.9241166909617,0.3157189352322298,179.61049615822535,1739364905706
138.20786678379756,-473.0244039550695,360.28587660953735,179.92410985509926,0.3157188777192304,179.61050971559877,1739364905714
138.2093129183377,-473.02431922993895,360.2856004948435,179.924082689935,0.3157116724652433,179.61069308733207,1739364905722
138.21420701021898,-473.0239303935063,360.2841504552848,179.9239194645521,0.3157168870791619,179.6112699497485,1739364905730
138.22362192525193,-473.0234667234339,360.2804518051679,179.9234707250031,0.3157063868278345,179.61240274694154,1739364905738
138.2379725122949,-473.0237119594191,360.2747042095293,179.92279043203516,0.31569302186022385,179.61405765193103,1739364905746
138.24768721544578,-473.0272060278982,360.2670680995297,179.9218718435129,0.3156907002210496,179.61507906114335,1739364905754
138.25182681273895,-473.0353129038533,360.25806521425613,179.92080966294407,0.31567827003236876,179.61527703190905,1739364905762
138.25546847170668,-473.0461899280127,360.24816474354367,179.91964436260545,0.315669769592485,179.6152025801265,1739364905770
138.26021734991082,-473.04933086381334,360.24681479062997,179.91949676829807,0.31565740513867346,179.61490273936812,1739364905778
138.2694171138714,-473.0482896709395,360.2488412223045,179.91972633107565,0.3156549715378377,179.6144964232187,1739364905786
138.2964312769322,-473.04408475850454,360.2554204302989,179.9205343542987,0.3156363412265192,179.6138963443813,1739364905798
138.32533352513002,-473.0407691263887,360.2608192910377,179.92117890965412,0.315636368445711,179.61345869236476,1739364905806
138.36357930954463,-473.0371042743075,360.26591080444206,179.9217979310053,0.31561952588504605,179.61322490312062,1739364905814
138.41252933010563,-473.0347011009983,360.27197761002196,179.92255287671873,0.3156252979221914,179.61303287736834,1739364905822
138.47286240768653,-473.0326537438543,360.276987805368,179.92316408129008,0.31559177884080486,179.61281994012154,1739364905830
138.546696684961,-473.0314814704282,360.2818354207167,179.92376738979704,0.31557293261431074,179.61279753659812,1739364905838
138.6318955598854,-473.0328871184467,360.28433399099725,179.9241043642844,0.3155325914070476,179.61269899576092,1739364905846
138.73074695608585,-473.0345238093479,360.28586037559955,179.9242913041705,0.31549339497891693,179.61292639322878,1739364905854
138.84166202863253,-473.0371261810169,360.2868055534135,179.92440209904316,0.31547551514221106,179.61311967509178,1739364905862
138.9650309965032,-473.04073119183636,360.28713172301116,179.92442250567169,0.31544459090117427,179.6132176540612,1739364905870
139.101515639889,-473.04556215519136,360.2893613062603,179.92468461484358,0.3153950281846518,179.61311339267976,1739364905878
139.2522955704383,-473.05207411308317,360.2907678359685,179.9248612828606,0.31535135659139335,179.61279134935515,1739364905886
139.41904670747303,-473.05862988954283,360.29301319113796,179.92515395242492,0.31530838000667444,179.61200110910642,1739364905894
139.6060757673255,-473.06448188743946,360.29337604141426,179.9251920197548,0.31524898547970026,179.6106251936818,1739364905902
139.81665203725038,-473.0679894574222,360.2912326191973,179.924885722093,0.31520808505790104,179.6100432343029,1739364905910
140.0433216746863,-473.07248145434147,360.2894018337937,179.9245935214467,0.3151610163602322,179.61025058054818,1739364905918
140.28057733826847,-473.0797696205788,360.28391193142295,179.92385476707952,0.31512442485160086,179.61087720451818,1739364905926
140.52758226923916,-473.0896368092082,360.2793577436684,179.92316851064544,0.3151017941900442,179.61109709431958,1739364905934
140.78925166554382,-473.101824114711,360.27492717889174,179.92248065300538,0.3150694771449127,179.61031139675623,1739364905942
141.07512318867197,-473.11169165045857,360.2748315360855,179.9223548324668,0.3150614128888219,179.60958354652186,1739364905950
141.37873749472712,-473.1209773797927,360.2818302171823,179.92305964072094,0.31507763752604745,179.61000344833442,1739364905958
141.69291264490013,-473.1311762322432,360.29092993144474,179.92405882263503,0.315141247566247,179.6108738675139,1739364905966
142.02276058333408,-473.1396053825265,360.3015853544166,179.92527501371103,0.31525075667480257,179.61112694651845,1739364905974
142.37156171832876,-473.14529209808177,360.3095072966634,179.9261871380886,0.31534457486472306,179.61031084194946,1739364905982
142.92496136432348,-473.1515826840861,360.3143185069,179.92657819308124,0.31546397699751133,179.61122382237141,1739364905994
143.30517201200362,-473.1595817348914,360.3136600811137,179.92635974029596,0.31557747725386603,179.6101986098042,1739364906002
143.71551572128476,-473.1657047206069,360.3088453417286,179.92565632695985,0.31565994196114594,179.60991194161477,1739364906010
144.13763960622143,-473.17469069001567,360.3008652842514,179.9245711679653,0.31568173002828326,179.6107656877745,1739364906018
144.56761527213536,-473.19079515854406,360.29664877254174,179.9239437328443,0.31565850739384355,179.61040606976505,1739364906026
145.0250339451652,-473.2031958320777,360.2946082643132,179.92359198448548,0.31566573760005295,179.61039517017008,1739364906034
145.49070531920154,-473.21094037782365,360.30077912431955,179.92418509536955,0.3156516985133998,179.61130810467944,1739364906042
145.96789758314674,-473.2159615092812,360.3062197834522,179.92469936322976,0.3156052499573362,179.61032383526808,1739364906050
146.46828362001136,-473.2183254366951,360.31077762898013,179.92525147334146,0.31555424169816493,179.61033174227433,1739364906058
146.97024213598968,-473.22429207676976,360.3125353749447,179.9254174376789,0.3155118841584094,179.6095358943374,1739364906066
147.50089611669569,-473.2278760577138,360.30846245208727,179.92486280591538,0.31546512800668025,179.60971540637854,1739364906074
148.03754844807474,-473.2400096713207,360.3068244592712,179.92459932190593,0.31538163873711844,179.61022405165897,1739364906082
148.58510844131425,-473.2493946291684,360.3054249721914,179.92432108312923,0.31535509146680824,179.60953657258534,1739364906090
149.14568039933772,-473.25364740210716,360.30922833008583,179.92472444864075,0.31532010819715517,179.61067491352586,1739364906098
149.70588321796941,-473.25528078393273,360.3114358825012,179.92483282335883,0.31525779068374743,179.60994255867058,1739364906106
150.28780463289257,-473.25061869209,360.3135598306083,179.924999431985,0.3151823523104659,179.61120901042432,1739364906114
150.8563130764095,-473.2557936371545,360.3131880665018,179.92488198383663,0.315113381436684,179.60986364045624,1739364906122
151.4495994466682,-473.2607060564212,360.3101185404431,179.924440813063,0.31504041214727,179.61068584672142,1739364906130
152.035104507327,-473.2693290929682,360.3094884658551,179.92432594670007,0.3149829383983251,179.6105719163187,1739364906138
152.63462963062202,-473.2678389320823,360.3131334042362,179.9247810725222,0.31500221599092426,179.61106578067188,1739364906146
153.2204020004713,-473.265373319467,360.3170603198551,179.92527530348366,0.31500887310520403,179.61076416209696,1739364906154
153.81605950179807,-473.2588027983351,360.3171199918575,179.92526593863946,0.3150317393156376,179.6104530552533,1739364906162
154.69343070663,-473.2629095099796,360.311137650835,179.92452727169095,0.31504241416563594,179.60903814265808,1739364906170
155.28643624382832,-473.265291782951,360.3064854832042,179.9239790903594,0.31512631742206465,179.60969019462885,1739364906182
155.86554743747607,-473.26611443346343,360.3055123027006,179.92396291218304,0.31519468337614276,179.60888279229454,1739364906190
156.4497155232008,-473.2564446963404,360.3083256501339,179.92435864878604,0.315357263640747,179.61003558110102,1739364906198
157.0129434634399,-473.24882404322403,360.3095503166826,179.9245576347706,0.31549018375382865,179.6098544755945,1739364906206
157.57915352682576,-473.2392928804658,360.3119667200218,179.9248597098549,0.31562258697374024,179.61026586658417,1739364906214
158.12307386812316,-473.24040041145383,360.3162769877246,179.92542615161426,0.31567174428478717,179.60968655074288,1739364906222
158.66973998710117,-473.23738231828696,360.3110557586691,179.92489811518521,0.31567276917484566,179.6092700141024,1739364906230
159.19775742098886,-473.234051250158,360.3080246147151,179.9246761375245,0.3156278385138357,179.6099356032587,1739364906238
159.71438085177869,-473.2235506173817,360.3058568139084,179.92447247395492,0.3156126492026808,179.60911217126056,1739364906246
160.22272990275874,-473.2088394107714,360.30302863688496,179.92406202621288,0.3155549249066847,179.6101779435497,1739364906254
160.7054343549202,-473.19992763471714,360.30150103114914,179.92386295103765,0.3154969869559492,179.60942928806833,1739364906262
161.18701702766197,-473.19043232675307,360.305610132579,179.92444916795728,0.31548091421252134,179.60935091618438,1739364906270
161.6434259832955,-473.1890738287873,360.3084540361524,179.92498669476902,0.31543946033098275,179.60946879338027,1739364906278
162.08530199448137,-473.18809835500315,360.3067760064459,179.92504848588183,0.31541078447824816,179.60805328400025,1739364906286
162.52311311872515,-473.1792225957167,360.30307448909514,179.9248606993649,0.3153718236449221,179.60894703471857,1739364906294
162.93181865565018,-473.170396095539,360.29929232732604,179.92456034574465,0.31533077601467807,179.60935735193166,1739364906302
163.32607573158236,-473.159045738757,360.29473135705103,179.92400166176714,0.3153155364938993,179.60834578791386,1739364906310
163.71516178747436,-473.14318051261915,360.29362367387415,179.92382574411778,0.3152883884756121,179.609369047422,1739364906318
164.08018843835123,-473.13249118264264,360.29472726783143,179.92397754719855,0.31530585740781975,179.61052283161382,1739364906326
164.4234597739806,-473.1262805638845,360.300894166879,179.92477770211988,0.315357924028846,179.60968128741814,1739364906334
164.7594139679633,-473.1199031868704,360.30535796344765,179.9254422523021,0.3154267827866836,179.60945008712653,1739364906342
165.07675356957523,-473.1141009581463,360.30664445755355,179.92570821054906,0.31543306063025656,179.61062341215623,1739364906350
165.51360811501735,-473.10937379060897,360.2989748953397,179.92499563974312,0.3154394631982547,179.61040732426778,1739364906362
165.7916411870403,-473.1020831083694,360.2921076429689,179.9242624481025,0.315439523947585,179.60960856763043,1739364906370
166.0571700973713,-473.0918293708603,360.2859548889185,179.92358695817356,0.3154032149725364,179.61001304463298,1739364906378
166.3003596854516,-473.0821468943763,360.2829437653965,179.92325170393102,0.3154099951482307,179.61060276578834,1739364906386
166.5231740167703,-473.0743967908976,360.2813941326423,179.923085055614,0.3154198679934926,179.61094835313017,1739364906394
166.7280433661889,-473.06751562169177,360.28248037531483,179.92321570522995,0.3154608971371699,179.61028919845313,1739364906402
166.92112722063155,-473.06001965200903,360.2834741730504,179.92333252546317,0.315485477585941,179.60925561065656,1739364906410
167.10598726184378,-473.05145651303275,360.28581186301767,179.92367190645945,0.31550210347461827,179.6092287438729,1739364906418
167.27493339201268,-473.04472597281114,360.2897302592308,179.9242155209286,0.3155377785678882,179.60993012416597,1739364906426
167.4254132660143,-473.0398909514481,360.2934033448453,179.92473705436734,0.315591880658177,179.61076685813094,1739364906434
167.55660500315562,-473.03745685671595,360.2971670908736,179.92526188618288,0.3156724707998472,179.6113925028155,1739364906442
167.66880413936408,-473.0369265931163,360.29861618294257,179.92546395874615,0.31571712635622773,179.61133620417618,1739364906450
167.76748883041574,-473.03588035806234,360.2997130843106,179.92562731131488,0.31575124380192243,179.61117714368103,1739364906458
167.85272117484556,-473.03559186022363,360.29889602676377,179.9255413453893,0.31575298400490237,179.6107715753519,1739364906466
167.92749910133745,-473.03461709896453,360.296710293543,179.92529155215934,0.31575516860832625,179.6102897821458,1739364906474
167.9900914082825,-473.0341992574755,360.2946931591059,179.92507626799733,0.3157568797666782,179.60965815677287,1739364906482
168.04280524014186,-473.03237654201763,360.29405828909825,179.9250256728738,0.3157473608891771,179.6091902180114,1739364906490
168.087058006718,-473.03028846490525,360.2931000917308,179.9249260974702,0.3157587745758924,179.60893248503604,1739364906498
168.123607072223,-473.0282422759952,360.29203345454283,179.92482050096473,0.3157594100444636,179.60900753020096,1739364906506
168.15200451110127,-473.02687730730565,360.29117756134116,179.92473219062148,0.31579806304352553,179.60917770141924,1739364906514
168.17279421757604,-473.02620767196265,360.2903499332934,179.92464269018336,0.31582544139300994,179.60932731091782,1739364906522
168.18682619486003,-473.02552536851044,360.2891970696805,179.92449078499047,0.3158240517662082,179.6093880955646,1739364906530
168.19685942521832,-473.0194494286215,360.29190407242896,179.92476897641453,0.3158574654408397,179.60958020463187,1739364906538
168.20395074758238,-473.0131967806735,360.2951036272734,179.92506783573677,0.31592102099043706,179.6097929961471,1739364906546
168.2037944148142,-473.010037345625,360.29876235712265,179.9254647116585,0.3159704130721264,179.60944865609096,1739364906554
168.19672020871144,-473.0094139759751,360.3020122007811,179.9258068591068,0.31603668969354237,179.60840379117042,1739364906566
168.1922295876545,-473.00986579009725,360.30352012823846,179.92597573770485,0.3160557258624038,179.6078269177408,1739364906574
168.1896344217971,-473.0107716574712,360.3035912302557,179.92598964696072,0.31604981865719817,179.6075006346143,1739364906582
168.1890567800565,-473.01123004138896,360.3033382993076,179.92595490834023,0.3160609437959474,179.60742569758855,1739364906590
168.18833881712558,-473.01167877357517,360.30295027677204,179.9259143325415,0.31605806671586373,179.60735744169247,1739364906598
168.18533663601815,-473.0126872740919,360.30250705747267,179.92586082156092,0.31604088723956336,179.60698319679747,1739364906606
168.17852077780452,-473.01468520686296,360.3020729123341,179.9257999343606,0.3160372121458492,179.6061942236033,1739364906614
168.16774751026404,-473.0166445550109,360.3005872408429,179.92561023774078,0.31602607092513185,179.60496242956808,1739364906622
168.15897820175778,-473.0157359324053,360.30095145172214,179.92562411137246,0.31603036211730695,179.60402411984887,1739364906630
168.1568210578038,-473.00894529022935,360.30372654421814,179.92591075129778,0.3160422564577177,179.60405940692897,1739364906638
168.1540799017529,-472.9996980157191,360.3090531734297,179.92648262584635,0.3160892766089924,179.60427986917333,1739364906646
168.1503389386235,-472.9981648819776,360.3082980004429,179.92638055208786,0.31606519220756507,179.60482292732058,1739364906654
168.1430901964109,-473.0001681872404,360.30715122425624,179.9262600333548,0.3160726962507944,179.6056174590538,1739364906662
168.12860684887997,-473.0042843260409,360.30518124365835,179.92603602502223,0.3160607612957031,179.60630938675806,1739364906670
168.10344922263448,-473.0100905900408,360.3015727405782,179.9256068669434,0.3160377179515678,179.6066735960075,1739364906678
168.06911680968238,-473.0164734477791,360.29794944917893,179.9251574092138,0.3159961029894295,179.60698996977084,1739364906686
168.02586302934571,-473.02184875458977,360.29453520479933,179.9247274733847,0.31597400016163485,179.60752363602424,1739364906694
167.97236358078572,-473.02649846605067,360.291056725364,179.92424445048061,0.31595351651262565,179.60833562235345,1739364906702
167.90878407553245,-473.0305224857095,360.2876345030229,179.92376937563134,0.31593152872527414,179.60936478422587,1739364906710
167.83273232963103,-473.0335262560449,360.2851395019727,179.92338196985716,0.3159348039238165,179.61025813660999,1739364906718
167.74286961250107,-473.0363822530479,360.28366981399654,179.9231054569063,0.31592367703439267,179.61092740807726,1739364906726
167.63981254874082,-473.03923967623524,360.2812659310975,179.92270558305327,0.31592996410432683,179.61129641017286,1739364906734
167.45723079756252,-473.0436214405993,360.2783665125664,179.9221806038546,0.31591081332458004,179.61126141372216,1739364906746
167.31584050259298,-473.04727229396445,360.27713045042077,179.92190318817586,0.31593265109347013,179.61087541326432,1739364906754
167.15675563416033,-473.05276579074945,360.27662217490695,179.9216972570727,0.3159647872380144,179.61030599613096,1739364906762
166.97583716385844,-473.0603746201376,360.2744875773084,179.92127980042994,0.31596957134076464,179.60920460312735,1739364906770
166.77515010922247,-473.0700107796728,360.27480890745665,179.92113361629194,0.31601237682850025,179.60836973328279,1739364906778
166.56155253272328,-473.07920626383134,360.27710222168696,179.92124763085715,0.316064926722616,179.60879355429552,1739364906786
166.33957041946078,-473.08651098481255,360.2799460790668,179.9214402122166,0.3160936873099061,179.60986317704663,1739364906794
166.10530808027252,-473.0924544434958,360.283308656756,179.92170588644538,0.3161391499278132,179.61054511002024,1739364906802
165.85390805243395,-473.0985094176383,360.28828763894217,179.9221889469202,0.3161968331022851,179.61043902020188,1739364906810
165.57693024630962,-473.10682345998225,360.29254554368373,179.92261029967565,0.31625780331308323,179.60966551321442,1739364906818
165.28266595698605,-473.1140074631857,360.29974042184887,179.92340228649704,0.3163497528807754,179.61011043584287,1739364906826
164.98200529958524,-473.1162892418644,360.3068020622875,179.92422473554808,0.3164085343513832,179.61129558632277,1739364906834
164.6647492159403,-473.119015544277,360.31198758828276,179.92498408380237,0.3164393059119768,179.61112577131752,1739364906842
164.3229452233775,-473.1262605448743,360.3116610464416,179.9252380554512,0.316443631977282,179.60990442972079,1739364906850
163.9637443552152,-473.13480670425565,360.3085105981703,179.92521077883106,0.3164653836157532,179.61003349226297,1739364906858
163.59937567419675,-473.14032424140686,360.30306567717537,179.92464285531884,0.3164147444404022,179.61082030521925,1739364906866
163.21312966862862,-473.15167909270514,360.29837615666537,179.92396362254462,0.3163617759604546,179.60973829449802,1739364906874
162.8069531474381,-473.1657557844839,360.2947377918339,179.92331229231905,0.3163729216839227,179.6093911542961,1739364906882
162.39414032419273,-473.1766292388623,360.2943878985218,179.9230262969297,0.31639832906013027,179.61042614820175,1739364906890
161.96468142151593,-473.1858185359637,360.2999136538267,179.92345057294244,0.3164280018069374,179.60995556480825,1739364906898
161.50601524110604,-473.19527545435676,360.305422054217,179.92389824541144,0.3164826584144578,179.60917821664162,1739364906906
161.04667073597764,-473.19727213329037,360.3115006996248,179.92438989106532,0.31656061051057144,179.61031789633094,1739364906914
160.568775231917,-473.19855917499314,360.31061416889105,179.92409180840758,0.31657601658599266,179.60988141347005,1739364906922
160.07153696448086,-473.2057256831166,360.3075650159694,179.9236080077664,0.31661389275871055,179.61055833924402,1739364906930
159.57251881527844,-473.2132643953404,360.3060873125215,179.9233352656408,0.3166427147538882,179.61094417832913,1739364906938
158.78208191649705,-473.23297757054416,360.30645116587425,179.9232926151938,0.3166927342781382,179.61058298867007,1739364906950
158.250385523794,-473.2397724424266,360.31060976550884,179.92376097157472,0.3167495418633328,179.61078866302654,1739364906958
157.69156321035226,-473.2453267504863,360.3159833331754,179.92436064449888,0.3168020233569874,179.6105186122926,1739364906966
157.13867306953125,-473.2421032648857,360.3147477681169,179.92410822590585,0.3168221212688371,179.6116710197306,1739364906974
156.56584739591284,-473.2458696903217,360.311742759345,179.92367161486894,0.31678774787131375,179.61115670991612,1739364906982
155.99532165209132,-473.25096224444536,360.3092744590401,179.92328711060247,0.31676965940246693,179.61181255202138,1739364906990
155.41181780621932,-473.25933140474797,360.31139650777357,179.92354137349622,0.3167307209352021,179.61065655391138,1739364906998
154.8265595731995,-473.26486161627616,360.3124418975494,179.9236915145712,0.31667837285685896,179.611301247848,1739364907006
154.23123723703029,-473.2642783091429,360.31796374681005,179.9244302285188,0.3165862165058465,179.6099973330125,1739364907014
153.64197163635714,-473.25789646438807,360.3177061261745,179.92443255850566,0.3164434791263394,179.61132014272934,1739364907022
153.049478760274,-473.2562387557503,360.3154821635993,179.92411706497444,0.31621751742622767,179.610962917016,1739364907030
152.4541016533041,-473.2611866326966,360.3115779676405,179.9236198364813,0.3159287134361985,179.61157055674377,1739364907038
151.8669633542881,-473.2634953612083,360.3103698213228,179.92352638020697,0.3156040492448949,179.61112645797854,1739364907046
151.27570175015194,-473.26378052904795,360.31059631184127,179.92364536052605,0.31522245509224,179.6115942878433,1739364907054
150.69614640819754,-473.25407276532155,360.31121076767323,179.92384902544947,0.31502234281698877,179.61130730425498,1739364907062
150.11161825633155,-473.24638685881297,360.3142764248162,179.92432776872784,0.3149124150579586,179.6114167062163,1739364907070
149.548057456016,-473.2396211939957,360.31097030269416,179.92387329570715,0.31488283279652046,179.6116244390075,1739364907078
148.9793237853314,-473.24179763876884,360.3106959711283,179.9239101148153,0.31489572352532497,179.6116446607848,1739364907086
148.42996310888364,-473.24086768043935,360.3088561402933,179.92383026420578,0.31499525175956444,179.61162320592337,1739364907094
147.87859052449963,-473.2387519878794,360.3072748995869,179.92379487908065,0.3150967177182947,179.6107521142962,1739364907102
147.3508454278424,-473.2265659331985,360.30636287872176,179.92377895506144,0.3152540423502611,179.61146555485635,1739364907110
146.82761636241676,-473.2153498756291,360.30627389954105,179.92383315634055,0.3153744537763546,179.61046673832766,1739364907118
146.3169931370671,-473.20809770482566,360.3072611148859,179.9238805074245,0.31550935648812983,179.6109449698892,1739364907126
145.83007592081395,-473.20291455813333,360.3070513002582,179.92392374735184,0.3156182304356495,179.61094026285403,1739364907134
145.11006980186693,-473.2012152832636,360.3084691942518,179.92436717936843,0.31578234751201384,179.6110745596999,1739364907146
144.6656009719109,-473.19209955003936,360.30589738075054,179.92431030024872,0.31584080414441557,179.61138831808054,1739364907154
144.21884876771284,-473.1840871014124,360.3011335217487,179.9239296404019,0.3158792503219643,179.61059252870325,1739364907162
143.799097322086,-473.16967809703425,360.2994314075533,179.92377681062666,0.3159802588072847,179.6113154557478,1739364907170
143.39721482217416,-473.1551434545141,360.30127599095323,179.9240149889207,0.31601809888631327,179.61100132185302,1739364907178
142.99862601837657,-473.14866272180495,360.30285806645315,179.92423019574622,0.3160813909756531,179.61061978033996,1739364907186
142.62652551567064,-473.1431305329744,360.30739245694895,179.9249057792095,0.31613403063214085,179.61181823953117,1739364907194
142.27612641459302,-473.1352104465003,360.30910440120294,179.92530462080083,0.31615382917829044,179.6122534229474,1739364907202
141.9260995687631,-473.132081867552,360.3065435245912,179.92513140651306,0.3161743565258431,179.6113058670343,1739364907210
141.59310959095342,-473.1275505173098,360.3025816383756,179.92481031540694,0.3162096439182941,179.6114929170158,1739364907218
141.29244720864867,-473.11657859934655,360.2925366042928,179.92366841944184,0.316202907610696,179.61217893390818,1739364907226
140.99949431179596,-473.1053826286444,360.2857859155896,179.92294759320853,0.3161967493065661,179.61125625050616,1739364907234
140.71412691050935,-473.09719561749694,360.2803640384515,179.92239098572003,0.316207802176483,179.61021258158186,1739364907242
140.44782529630425,-473.0881779910494,360.2819339773181,179.9226189406109,0.3162354830996331,179.61074496540746,1739364907250
140.20649599184418,-473.0772518850426,360.28649909168405,179.92321310366606,0.316251234688028,179.61166064436298,1739364907258
139.97962346605618,-473.06945915889276,360.2914982633591,179.92390752697096,0.316243727935792,179.6115369248855,1739364907266
139.76459340771677,-473.0649794369043,360.29810997958924,179.92486293253998,0.3162359406866292,179.61085730230042,1739364907274
139.55756679137457,-473.06346417044216,360.3009690373733,179.92534990230786,0.31624560573446897,179.6100257646498,1739364907282
139.36920546660292,-473.06162730915287,360.30255492275353,179.92566817952235,0.31624836025093905,179.61044460624362,1739364907290
139.19998432212932,-473.05882332286455,360.30235190959195,179.9257304038865,0.3162294637092148,179.6111276412015,1739364907298
139.05313064306662,-473.05374818819985,360.29895396772434,179.92534357695084,0.3161742441656626,179.61199224843128,1739364907306
138.85968556941947,-473.04762626681185,360.29256559763905,179.92463005218687,0.3161151290819059,179.61209224444545,1739364907318
138.74765700172958,-473.04367883730066,360.2875359689951,179.92400300716622,0.31610454961181617,179.61182109225666,1739364907326
138.64688798847743,-473.04019919023216,360.2831998293208,179.9234827212806,0.31607592845043075,179.61131951078656,1739364907334
138.5564708540205,-473.03804697423544,360.2802334415102,179.9231105619758,0.3160564089637005,179.6105744988594,1739364907342
138.47645606761014,-473.037209449598,360.2799973940288,179.92312643269938,0.3160471390697945,179.60994727153553,1739364907350
138.40945924977459,-473.0360718258168,360.28057695765926,179.92324399973623,0.31603376816374856,179.6096131977475,1739364907358
138.35464864938493,-473.03537854670003,360.28097463649766,179.9233684310225,0.3160222015800324,179.60953075270396,1739364907366
138.31016672194673,-473.03498796685795,360.2810365868191,179.92345265832338,0.3159790511619273,179.60958424506293,1739364907374
138.2774315592198,-473.0334251848353,360.280462713036,179.9234283245295,0.31597294603098364,179.60984820157202,1739364907382
138.25660571197855,-473.0306648291092,360.2786009266622,179.92320182685842,0.3159699474803854,179.6106417029208,1739364907390
138.24046451702145,-473.0287056650913,360.27722602228283,179.92303166718082,0.3159506938900202,179.61112977035572,1739364907398
138.2268118851778,-473.0285592541556,360.2759923760514,179.9228778803423,0.31594209566514414,179.6111830040651,1739364907406
138.2164323090695,-473.0331969108807,360.27391015101693,179.92264612291285,0.31591406798586197,179.61105921608902,1739364907414
138.20980995237673,-473.03783738981855,360.2719350645309,179.92244592400175,0.3158846089716292,179.61094914558237,1739364907422
138.2105791151036,-473.0397346351061,360.2702469085359,179.92227125943418,0.31587576016396796,179.61142391743184,1739364907430
138.2168500303132,-473.0392901785385,360.26930719845376,179.9221839231777,0.31586761966453947,179.612375079484,1739364907438
138.22223659013667,-473.03857716194403,360.2689398410519,179.922143547409,0.3158668437948863,179.61310230340692,1739364907446
138.22768068598722,-473.0371636092565,360.2688771972692,179.92213689943245,0.31586670655820276,179.61378891484074,1739364907454
138.22989458245232,-473.0364606162693,360.26894957319723,179.92215025357564,0.3158803235087416,179.61400650613,1739364907462
138.22960193542747,-473.0362768322175,360.2692775323622,179.92218423526705,0.3158739049813647,179.61397274400653,1739364907470
138.22863589986977,-473.0361379418388,360.2698326802159,179.92224537291423,0.31586771278217163,179.61385075793922,1739364907478
138.22667289818466,-473.03597896771873,360.2708816234749,179.92234036210814,0.315868794466713,179.61357958178058,1739364907486
138.22421823850868,-473.0354356714554,360.272228992909,179.9224693518392,0.31587725223593127,179.61324740322397,1739364907498
138.2226229205093,-473.0349959196576,360.27341146168317,179.92260526134888,0.3158649619746084,179.6130510618179,1739364907506
138.22066595096075,-473.0345531146653,360.27481879558985,179.9227680823681,0.31583920433446794,179.61276649784818,1739364907514
138.21779190066567,-473.03426246404103,360.2765915884098,179.92298550780026,0.31583416741786413,179.61240059619587,1739364907522
138.21510479072927,-473.0340201613975,360.27840018589364,179.92320286657105,0.31580865440579753,179.61205513109303,1739364907530
138.21360966003098,-473.0332312000513,360.28013352459897,179.92339976424105,0.31579005239676183,179.6118387830879,1739364907538
138.2124255064627,-473.0322541138891,360.28238361675346,179.92368517189263,0.31575820748291633,179.61169075558286,1739364907546
138.21172858062022,-473.0310585117587,360.2846212957068,179.92394326524885,0.3157467984709693,179.61156994271394,1739364907554
138.211087469194,-473.0300356364187,360.2863419444303,179.92415384466477,0.3157349904459648,179.61146913801417,1739364907562
138.21048970589925,-473.0293254334853,360.28755186467305,179.92430322897002,0.3157158642960835,179.61137477979563,1739364907570
138.2099293654502,-473.0288179779409,360.2882015513774,179.92438462120444,0.3157166821587553,179.61127322661414,1739364907578
138.20912001382757,-473.028426872705,360.2885442622351,179.92441840460262,0.3157037140428024,179.61114427333092,1739364907586
138.20850412237849,-473.0280243712985,360.28851347716306,179.92441145433423,0.3157041328693358,179.61104223634285,1739364907594
138.20826829417834,-473.02763371098655,360.2885324896265,179.92441133059395,0.3156976848651471,179.61099463168136,1739364907602
138.2080881030061,-473.0272640316255,360.2885928772976,179.92443148994204,0.31569119321008676,179.61093344051127,1739364907610
138.2081459184664,-473.0267664409374,360.2883635915965,179.92439058513153,0.31569144483229633,179.61091965986188,1739364907618
138.2078110225278,-473.0262058290841,360.2881703815234,179.9243632766188,0.31569185299085756,179.6108582903783,1739364907626
138.20750645945105,-473.02584335702045,360.2879557211313,179.92434950856122,0.31567846424630397,179.610796897045,1739364907634
138.20735163163076,-473.02553832097396,360.2879972351424,179.92434253150932,0.31568552901842123,179.6107425310923,1739364907642
138.20734035543757,-473.0251450320523,360.28769670013037,179.92430841554034,0.31567886841795734,179.6107218837585,1739364907650
138.20727285417362,-473.02488236217584,360.28732186375413,179.92426070302685,0.31567208101839445,179.6106943982712,1739364907658
138.2073297460727,-473.0245866041679,360.2870309711855,179.92423339570718,0.3156721294065043,179.61068055634243,1739364907666
138.20731792613455,-473.0244725561819,360.2868005198194,179.9241993182162,0.31566529230584267,179.61066679109064,1739364907674
138.20739919402718,-473.0242914584104,360.28687713647446,179.92421285930786,0.315679039959691,179.6106600304384,1739364907682
138.20743083443995,-473.02416045756223,360.2866200317522,179.92418542058945,0.3156653507197556,179.61062583539766,1739364907694
138.20744394682347,-473.0239959896545,360.2865023003063,179.92416503443243,0.3156722254743728,179.6106257462007,1739364907702
138.20755620079876,-473.0239631914413,360.2865023003063,179.9241649220625,0.3156721984796097,179.6106189474386,1739364907709
138.20748781611067,-473.02389052149374,360.2864098371166,179.92415807598132,0.31566541426893285,179.61060527003482,1739364907718
138.207525664826,-473.02378934389156,360.28619356294433,179.92413083619763,0.3156857653979608,179.61059150831838,1739364907726
138.20732008141502,-473.0238004606476,360.2862357457864,179.9241307692497,0.31566541504994955,179.61056435026828,1739364907734
138.20730745163178,-473.0238381306307,360.28619317774127,179.92413068462514,0.3156585445377836,179.61055071725272,1739364907742
138.20741978732468,-473.02374173735996,360.2861549516313,179.92413068437347,0.3156585743527118,179.61056427495595,1739364907750
138.20750031095537,-473.0238141178371,360.2863313583687,179.9241578232541,0.3156721674389326,179.61055760325024,1739364907758
138.20736337813116,-473.0237959679994,360.28622288423173,179.92414413160958,0.315658539371419,179.6105303269211,1739364907766
138.20744453176806,-473.0237797152474,360.2861126724863,179.92413051677573,0.315672072223426,179.61053024620136,1739364907774
138.2074880901317,-473.0237632724409,360.28622298053034,179.92414410394997,0.3156653288339953,179.6105371252838,1739364907782
138.20744449489555,-473.02374149154923,360.2861285871399,179.92413727763682,0.31567209960896686,179.6105234495333,1739364907790
138.20755707600634,-473.0236837730227,360.28610100346987,179.9241236806631,0.31567211069235523,179.61053703932987,1739364907798
138.20755696547963,-473.0236838319578,360.28621140780484,179.92413720271944,0.3156721477647669,179.61052352279626,1739364907806
138.20750089598016,-473.02371257333215,360.28600439097215,179.92411676981047,0.31567202306323605,179.6105097681272,1739364907814
138.20755686743198,-473.02368332193475,360.2860744463797,179.92413032924088,0.31567205702657236,179.61050981106658,1739364907822
138.20754443814624,-473.02374675544195,360.2860021718482,179.92411676018745,0.3156651826703316,179.61051656828388,1739364907830
138.20755666707058,-473.02377228843056,360.286166813248,179.92413716551857,0.31567204278939986,179.61051669000878,1739364907838
138.2075004951316,-473.0237757762999,360.286126464322,179.92413712797944,0.31567202167318564,179.6105030554058,1739364907846
138.20744409403957,-473.023804694483,360.2862506605092,179.9241574485226,0.3156720532183843,179.61048274397388,1739364907854
138.20750054820428,-473.0237633750763,360.2862230768303,179.92414388900553,0.3156720732928541,179.6104963338677,1739364907862
138.20743186512124,-473.02377916152096,360.28608601909775,179.92413708064973,0.31566520209363647,179.61048942081416,1739364907870
138.2075814277126,-473.02375964138696,360.28623706127354,179.9241506696153,0.31568565568189466,179.61049633732313,1739364907878
138.20745639661203,-473.0237919447935,360.2863208122363,179.92417101774203,0.31567888565468033,179.61047598843555,1739364907890
138.20761246683966,-473.02378080962063,360.28619439692386,179.92415057520915,0.3156719867110885,179.61048950278527,1739364907898
138.20762492491227,-473.0237809122532,360.2861944932254,179.9241506599122,0.315678803174321,179.61050309991077,1739364907906
138.20760012738555,-473.0237553355949,360.2861401598592,179.92414376685164,0.31566518166834334,179.61048946165874,1739364907914
138.2075439186838,-473.02383532980457,360.2861783859614,179.92414384201498,0.3156651698549536,179.6104962995611,1739364907922
138.2076372193884,-473.0237934750367,360.2862083813685,179.92415739327237,0.3156855781025055,179.61048950633952,1739364907930
138.20761216844122,-473.0238692660877,360.2861498023444,179.92415061292166,0.3156718997372311,179.61049626713302,1739364907938
138.20756855260962,-473.0238733666118,360.28624651116917,179.9241573837359,0.3156787498242355,179.6104827471156,1739364907946
138.2075808308947,-473.0239365543255,360.2861478721129,179.92415063266873,0.31568545473430787,179.6104894703158,1739364907954
138.20756862625456,-473.0238350839846,360.28615202147563,179.92415054762657,0.3156787221302029,179.61047586984517,1739364907962
138.20758116618535,-473.0238863215602,360.286176552036,179.924143796637,0.3156855053138285,179.61048270406695,1739364907970
138.2075683809169,-473.02391113922965,360.28620403941187,179.92415738382257,0.3156786957800022,179.6104827112232,1739364907978
138.20756833594038,-473.0238982279892,360.2861636904861,179.92415742119746,0.31567869266449794,179.6104894722258,1739364907986
138.2076246265138,-473.0238693687203,360.28614989864593,179.92415058525322,0.31567868920058695,179.6104894685557,1739364907994
138.20763668375326,-473.02393267427686,360.2862720683271,179.924170990667,0.3156854952875118,179.610489554397,1739364908002
138.20768090899375,-473.0238658218967,360.2860798432097,179.92413698836612,0.3156786462268282,179.61049622398792,1739364908010
138.20776138770054,-473.02392529111756,360.2862159010251,179.92416420205495,0.3156922452418386,179.61050311186358,1739364908018
138.2077053712448,-473.02394163131885,360.28610549665103,179.92415064254436,0.3156921991533817,179.61050303135445,1739364908026
138.20768034457313,-473.02394148498973,360.28621570841767,179.92416418247862,0.3156786483151794,179.61049631340939,1739364908034
138.20769292934986,-473.0238909037673,360.2862179275565,179.92416422955583,0.3156854977064472,179.61050311029632,1739364908042
138.20763696596805,-473.02389484274426,360.28620413571485,179.92415739361073,0.3156854942433445,179.61048950968464,1739364908050
138.20770555910613,-473.0238532337805,360.2862604956183,179.9241642017991,0.31569234121565204,179.61049634761304,1739364908058
138.20769291317225,-473.02394152868777,360.2861054003466,179.9241506327554,0.315685400690066,179.61050303136415,1739364908066
138.20770514210307,-473.02396706163523,360.2862700417957,179.92417100062434,0.31569225182124855,179.61049635453267,1739364908078
138.20764929733048,-473.0239456292302,360.2862021091834,179.9241574410271,0.3156922597762322,179.61049630991596,1739364908086
138.20752425808803,-473.0240032451267,360.28622959656377,179.92417095329546,0.3156854322457355,179.61046912299622,1739364908094
138.20764913373407,-473.0239580893794,360.2862159010251,179.92416423951397,0.3156922542401828,179.61049631349044,1739364908102
138.2076928395366,-473.0239798113245,360.28619989003715,179.92415739394912,0.31568541038418424,179.61049631150019,1739364908110
138.20769262287322,-473.0240046726915,360.2861170693388,179.92415735649504,0.31568533522612874,179.61048943947517,1739364908118
138.20769280264577,-473.0239415876208,360.28621580472065,179.92416419226677,0.3156854467785217,179.61049631340128,1739364908126
138.20764885151934,-473.02399592090876,360.2862838336403,179.92417783657024,0.31569225528273603,179.6104963582044,1739364908134
138.2077177107021,-473.0239671053462,360.2861597337216,179.9241574134429,0.3156989951961734,179.6104962739174,1739364908142
138.20764895395405,-473.0240211744502,360.28611716564325,179.9241574037414,0.31569214268860213,179.61048943956348,1739364908150
138.20764877787929,-473.0240342035102,360.2863783233458,179.92418456030407,0.31569225598412487,179.6104828397736,1739364908158
138.20760540365444,-473.02401230480416,360.28606312118603,179.92415057750034,0.31569892557254675,179.61047580137634,1739364908166
138.20770488060623,-473.02409374181025,360.2862095324812,179.92416420256248,0.3156921194530991,179.61049631841092,1739364908174
138.2076488803139,-473.02405945708534,360.28621165533525,179.9241641649343,0.31569215238433,179.61048271970034,1739364908182
138.20763624246138,-473.0241224395226,360.2861128236252,179.92415739429163,0.31568526036612626,179.61048944291755,1739364908190
138.2076051664118,-473.0240630475997,360.28617140271524,179.9241642495588,0.315698956729694,179.61048948079213,1739364908198
138.20759263469466,-473.02410122758965,360.2862657961058,179.9241710009627,0.3156921679620886,179.61048276093706,1739364908206
138.2077174204031,-473.02403024934824,360.28617140271524,179.92416421209896,0.31569894773135093,179.61049627916526,1739364908214
138.20766117479008,-473.02407201986557,360.28622554348425,179.92417101066835,0.3156989543107652,179.61048952183515,1739364908226
138.20771721197485,-473.0241445282938,360.28620750592756,179.92416421251986,0.31569887598684954,179.6104963200754,1739364908234
138.20782913880157,-473.0241366503096,360.2862350896152,179.92417784695343,0.3156988739130925,179.61051672273436,1739364908242
138.20777359237707,-473.0240267614532,360.28621175164113,179.9241642496413,0.3156989688443514,179.61050991376825,1739364908250
138.20766132220288,-473.0241101846369,360.2860992243953,179.92415061538108,0.315698862828015,179.61048943932448,1739364908258
138.20771733059001,-473.0241191569038,360.2861533651598,179.92415745141025,0.31569887840658434,179.61050307750276,1739364908266
138.2077171750839,-473.024106304589,360.2862234206302,179.92417097337773,0.31569890338364476,179.6104895234105,1739364908274
138.20710149092534,-473.0234253045605,360.2867011255605,179.92422539583984,0.3156998455375377,179.61042183280307,1739364908282
138.2031236998346,-473.01530389116584,360.29082930924574,179.92468089103113,0.3157026076569149,179.60994837107572,1739364908290
138.1928596189012,-472.9958956070776,360.2974000805705,179.92539481655942,0.31573079702165807,179.60872799126528,1739364908298
138.17779277680285,-472.9863977576954,360.3038570189497,179.92608847807972,0.3157453126977926,179.60695066895104,1739364908306
138.16724222781843,-472.9846112619038,360.3024921037613,179.92594635782814,0.315741893501052,179.60579355256564,1739364908314
138.16375603712657,-472.9827833782935,360.30129822014965,179.92590704524434,0.3157370873540018,179.60564276317558,1739364908322
138.1584360033515,-472.9702753544641,360.2964856207622,179.9254841794712,0.3157336215459584,179.60599155049138,1739364908334
138.15018032438778,-472.95558552707087,360.2901123821853,179.92496203996916,0.31571884560568336,179.60648162897354,1739364908342
138.13492515390735,-472.9311459258266,360.280375339146,179.92405052425207,0.31573352327682996,179.60700919285964,1739364908350
138.1110632629324,-472.8953188463827,360.27058945764406,179.92329452430573,0.3157608019189247,179.607576324513,1739364908358
138.0787487874355,-472.84896201217157,360.26166173271326,179.92291192323373,0.31579360509859167,179.60826518620476,1739364908366
138.03774900400316,-472.7859061537604,360.25303583308386,179.9228485279795,0.31585027208985217,179.60907492246855,1739364908374
137.98550181094166,-472.70577753240576,360.24796191228774,179.92337026122615,0.31590618109014745,179.609851681397,1739364908382
137.91836394301188,-472.61058292677575,360.2447470840333,179.92441655864948,0.31598678912797984,179.61024738024162,1739364908390
137.83630899567473,-472.4958118490369,360.23918851272083,179.92548527159298,0.31605995211806565,179.61044220637368,1739364908398
137.74021817554433,-472.3608267514486,360.22775193820746,179.9261621575949,0.31613143215718276,179.61061711687816,1739364908406
137.62733750587554,-472.2050342424098,360.2065048503896,179.92601960378335,0.31620804936832575,179.6105515540972,1739364908414
137.49582976736193,-472.02282639297147,360.1716646135097,179.92471203836465,0.3162670375988983,179.6102422245308,1739364908422
137.34153769368214,-471.8148125114559,360.13298744298885,179.92317889068082,0.31627962781916946,179.60943834603566,1739364908430
137.1662422030126,-471.58170005271126,360.11258190616144,179.92418210779869,0.31625752702704996,179.60868649855084,1739364908438
136.97170645374663,-471.3247690638512,360.08601130674924,179.92484180716335,0.316165100714428,179.60869627834774,1739364908446
136.76658656777585,-471.0421229241565,360.03896211398444,179.92365752470346,0.3159847833017347,179.60966771166295,1739364908454
136.5458400161645,-470.7390837125333,360.0055205159344,179.92467609056712,0.315676996920666,179.6101577961308,1739364908462
136.3161819707309,-470.4044219321588,359.97133426495947,179.92559775418803,0.3152344193604607,179.61067303937918,1739364908470
136.0634011702101,-470.0521257463258,359.9166851545686,179.9242158950239,0.31473829864493985,179.60992136105833,1739364908478
135.79100297962196,-469.683748167242,359.87406065259074,179.92448101520395,0.31434450945173337,179.60949046280456,1739364908486
135.50898134881965,-469.28901888032027,359.81956334376713,179.92374897373097,0.314256274340373,179.61032756812784,1739364908494
135.22620082403276,-468.88829267849655,359.77078986352393,179.9238690920819,0.31432168888355844,179.61120993824176,1739364908502
134.9340665539438,-468.46058883201425,359.7156364896117,179.92344089021307,0.3145279026277822,179.61104653157741,1739364908510
134.46563452685135,-467.8145861494599,359.6298702693337,179.9229760174509,0.3149806242355315,179.61044275930357,1739364908522
134.1513480268314,-467.36936063028134,359.5838561401741,179.9245400839851,0.3152751611126757,179.6108300900203,1739364908530
133.84050133961182,-466.91989133501176,359.51691278190447,179.92372003159855,0.3154861639560681,179.61082885914195,1739364908538
133.52120816638782,-466.46668885921787,359.4679632923784,179.92572985518626,0.3157251366376272,179.60988891522197,1739364908546
133.1966252823034,-466.0133999114805,359.39395769072814,179.92471139841078,0.3159787737162973,179.61007379882358,1739364908554
132.88386722898306,-465.5559532303115,359.34153375829123,179.9266666801523,0.3161630734243612,179.61099572252027,1739364908562
132.57362881287594,-465.10451876551997,359.27345095081193,179.92628683876993,0.31624931717287885,179.61056881299908,1739364908570
132.25592391859578,-464.6632769701918,359.2227053006119,179.92768889429408,0.31627552614897164,179.60940867929585,1739364908578
131.9481412486397,-464.2283542700342,359.15217672677267,179.9265048878364,0.3163458797113584,179.61005762197038,1739364908586
131.660521357819,-463.7981288340184,359.0893688022565,179.92576457004924,0.31630303763115114,179.61131934472465,1739364908594
131.37878589965592,-463.3785813531117,359.02240890632004,179.92450133592794,0.3162199546650821,179.611036055376,1739364908602
131.09372967323392,-462.9804879593959,358.9557296516516,179.92290848880668,0.316085930209254,179.60990516278005,1739364908610
130.8258047057966,-462.5937729377888,358.90472586983725,179.9232804047175,0.3160596564625894,179.6104797558423,1739364908618
130.5816181870416,-462.2301298053948,358.8465427678174,179.9224821329741,0.3160141729243568,179.61145201025334,1739364908626
130.35319863966126,-461.8778369112504,358.7940734320079,179.92249145142748,0.3159893855197794,179.61153184028353,1739364908634
130.13263060981984,-461.55821443400447,358.7557592633956,179.92400683352543,0.315982137581698,179.61067185593413,1739364908642
129.9221874400851,-461.2603648092878,358.69462556246384,179.92228816079486,0.3160395839210343,179.6100482689056,1739364908650
129.73242633429626,-460.986600992706,358.6561861233979,179.92319204938323,0.3160487410552783,179.6105710317377,1739364908658
129.5653103093736,-460.73632425398137,358.62430764355497,179.92411333867622,0.31597765642138087,179.6112229667727,1739364908666
129.41937567762002,-460.51075518259614,358.579808703931,179.92318893427094,0.31587160366666384,179.6116696020917,1739364908674
129.2882573984562,-460.3142662584276,358.54690123365975,179.92355681391507,0.3157771653662423,179.61154767887825,1739364908682
129.17142667222578,-460.14055051878853,358.53173382553683,179.92528077481938,0.3157420432308134,179.61105979777258,1739364908690
129.06791325431118,-459.9876029760476,358.51917074862826,179.92658045916485,0.3157274671913143,179.6104529989151,1739364908698
128.97617824945144,-459.8580776421158,358.4994733895282,179.92653223806528,0.3157524460595282,179.60967209406485,1739364908706
128.8632796476538,-459.7035949881258,358.46774519471825,179.92549946223622,0.3157527368697512,179.60903102931766,1739364908718
128.8067889879559,-459.62666244366847,358.45202849484326,179.92500223646425,0.31574632323838087,179.60912537156548,1739364908726
128.76567646709654,-459.56510574534576,358.4385696286085,179.92438161445867,0.3157256494934616,179.60981363328406,1739364908734
128.73535039273094,-459.5178031092688,358.42765310309005,179.92374596887038,0.3156904571179672,179.6104432170515,1739364908742
128.71394524651424,-459.481708881412,358.42123638270334,179.92347074145056,0.31565073049260384,179.61099491595397,1739364908750
128.6985713574307,-459.45456150230393,358.41559149651346,179.92316426071116,0.31563609919665625,179.6114726668543,1739364908758
128.6867023898547,-459.4356409822971,358.4121732652244,179.92294195899746,0.31561901824567756,179.61164647630784,1739364908766
128.67730630097446,-459.4223577235709,358.4095948284907,179.92272870821947,0.31556874874231033,179.6114539674276,1739364908774
128.67105617110897,-459.4139293433242,358.40933990097943,179.92275777463902,0.315516028443982,179.61122247374848,1739364908782
128.67235445643124,-459.4073413809122,358.4108384286214,179.9230028876288,0.31546280069806754,179.6116585377832,1739364908790
128.6774030641169,-459.4077622021289,358.40843359699335,179.92275782782028,0.3154177082966668,179.6124385358036,1739364908798
128.684228920919,-459.4118802764176,358.4038663445229,179.92223428497815,0.31541449293856855,179.61332577331396,1739364908806
128.6883241740919,-459.4164227939205,358.39999122360496,179.9217920915843,0.31540339643425913,179.61386000114322,1739364908814
128.68941145839204,-459.4185904512506,358.39842178442774,179.921622039871,0.31540405594503845,179.61398800373163,1739364908822
128.69158963913404,-459.42255983552576,358.3934796784366,179.92100935796694,0.31537647218384074,179.61426316273227,1739364908830
128.70032068633222,-459.4337785659785,358.3812541955032,179.91947876395156,0.3153567472143908,179.61535570496108,1739364908838
128.71259660947072,-459.4469172404263,358.37670976339393,179.91895417175715,0.31533104079697066,179.61684811083452,1739364908846
128.7185928882057,-459.44894977689313,358.3815487870905,179.919713036282,0.3153070982288712,179.61720493534617,1739364908858
128.7223823039835,-459.4492231492694,358.3837228563963,179.9202057406493,0.31530251689920125,179.6170226051216,1739364908866
128.72909327760522,-459.4527702110779,358.3884387934051,179.92129929887042,0.31526856345628695,179.61654256134858,1739364908874
128.74231054396648,-459.46054650643975,358.38801061383884,179.92189873812856,0.31526301885969854,179.61593618041246,1739364908882
128.7652440908115,-459.47599952662034,358.38398208287924,179.92237476985247,0.31524062329806035,179.61520433181133,1739364908890
128.80108693855775,-459.50089666981546,358.376111195399,179.92277523863538,0.3152183971336539,179.61472065414506,1739364908898
128.85150868621704,-459.53539701882755,358.3643603495703,179.92304247004026,0.31518938740830327,179.61412488442883,1739364908906
128.9186020686361,-459.581300587714,358.34935376594245,179.9233710911106,0.31512695134121316,179.6133221349611,1739364908914
129.00595962169263,-459.6405851084019,358.3265846184324,179.92326557589877,0.31509063463838616,179.6126693712586,1739364908922
129.11638445225233,-459.71423274757166,358.30014299002585,179.9233971610529,0.3150060280428689,179.61246849118774,1739364908930
129.24869072709123,-459.8064671480371,358.2696082242159,179.92373920897074,0.314911144821652,179.6125152615012,1739364908938
129.40553520419772,-459.92016441757477,358.2307065981576,179.92386239839942,0.3148225205434722,179.61290165975743,1739364908946
129.58331192482527,-460.0601772102251,358.18140543752247,179.9235134708201,0.31472655341331157,179.61292606634956,1739364908954
129.78968567693573,-460.22403581547655,358.12143411491405,179.92279719323196,0.3146264875501473,179.61277849001812,1739364908962
130.0299210323678,-460.4029541136613,358.06092067094613,179.9230274185568,0.3145216378251976,179.61212628450815,1739364908970
130.31160022519612,-460.5974071811137,357.9918832418779,179.92319473746159,0.31439684894927716,179.61139887742164,1739364908978
130.62773990131336,-460.81767079920974,357.90366082242406,179.92227722119776,0.31426626031397237,179.61178484674932,1739364908986
130.9693389959597,-461.07055312256324,357.80416423324044,179.92134947418538,0.3141653585612715,179.61207992186957,1739364908994
131.3453708917169,-461.3464310182841,357.7150121499152,179.92321321234587,0.31408593885697655,179.61100116096588,1739364909002
131.76611841344982,-461.63803183514574,357.6055574200569,179.92356373724465,0.3140244952229909,179.6109338168731,1739364909010
132.20813814033008,-461.95657069931434,357.48411717821676,179.92361463760724,0.31393041359615315,179.6109593966864,1739364909018
132.68487419953297,-462.29943283167694,357.36892103475236,179.9253640024654,0.3139057914164374,179.6098000559613,1739364909026
133.19925139497983,-462.6625523674906,357.2300839556856,179.92449504185728,0.31391315162733746,179.61051491193226,1739364909034
133.73198895805243,-463.03976211118663,357.08481105263087,179.92370929345714,0.314009169104056,179.6097638042407,1739364909042
134.59762154765588,-463.642821495081,356.86284983868666,179.9243080477303,0.31427290919961703,179.61082071394486,1739364909054
135.20000784503569,-464.06501225991974,356.6932291279148,179.924029387061,0.31445568474921043,179.61038533271312,1739364909062
135.82494804599577,-464.5009237557693,356.5265266875369,179.92481757770955,0.31456141829258244,179.61145598750838,1739364909070
136.467728091685,-464.94287149733276,356.3522968354068,179.9247207199195,0.31455320322387587,179.61081012580965,1739364909078
137.1230852411817,-465.3950124248812,356.16726893675036,179.92363597238767,0.31449628927544404,179.61119857889366,1739364909086
137.79572941846834,-465.8524075546683,355.9888242042215,179.9238749021776,0.3144742597876091,179.61064853677817,1739364909094
138.46942045627262,-466.3221306849482,355.79697740108503,179.92385812125877,0.31451109305719066,179.6104836763346,1739364909102
139.15856128053113,-466.79445441470654,355.6130946424002,179.9255970810616,0.3147173312552789,179.60988411166792,1739364909110
139.84846141739797,-467.2644758829551,355.4205969618784,179.9260024736107,0.3151263768863523,179.6091380182646,1739364909118
140.54749788489187,-467.73332929520603,355.223262486151,179.92500649372664,0.3156362147659153,179.60942524538982,1739364909126
141.23933177039615,-468.1931061894912,355.0213730005077,179.92327633871915,0.3157855269925584,179.60870474116277,1739364909134
141.92856528150958,-468.65475085174484,354.83771253036525,179.92461670859035,0.3157477938404776,179.6094467868718,1739364909142
142.61886318031753,-469.1088737908446,354.63900835179476,179.92440680548154,0.3156366915931786,179.60999551512325,1739364909150
143.28110945931797,-469.5560755049375,354.4617455168936,179.92612139683084,0.3155259946439705,179.60949472051956,1739364909158
143.9472599808983,-469.9824788639686,354.278022956214,179.92600783976965,0.3154185421766122,179.6094127638237,1739364909166
144.58424757637727,-470.40388219175804,354.09587906008943,179.925494547797,0.3152414189829971,179.6094153349355,1739364909174
145.21382557694884,-470.8055704980636,353.93251143913415,179.92711401981853,0.31519881000498384,179.60950681519887,1739364909182
145.80945268618498,-471.1983239092016,353.7530124184508,179.9268667200171,0.3151293983342895,179.60950498604362,1739364909190
146.39290302187328,-471.5717894355097,353.5989755083891,179.92872540194946,0.3151844717128895,179.60919661265982,1739364909198
146.93835941240323,-471.92589010184366,353.43143156609096,179.92745012209798,0.31515650464047407,179.6090220912767,1739364909206
147.46700766051876,-472.25846497496116,353.28426036842166,179.92741261508039,0.3152802602978625,179.60854371065682,1739364909214
147.96247679255862,-472.5723608721792,353.1381171622455,179.92625739626453,0.31540562990949117,179.6097729128361,1739364909222
148.63395715168565,-472.9972647205026,352.926900263259,179.92386569700489,0.3156045163965244,179.6087924076566,1739364909234
149.0441032453141,-473.2563028486087,352.8065755527229,179.92395039464273,0.31562650870234116,179.60980021685629,1739364909242
149.4070201514616,-473.49219110065883,352.705304389367,179.92529002906699,0.3156836584059486,179.60968530148722,1739364909250
149.74387344383533,-473.7062860618439,352.594990326077,179.9242121003511,0.3156255976273291,179.60906697612265,1739364909258
150.04949958556494,-473.8928037020391,352.5045430574689,179.92420125843105,0.31559860068286183,179.60971969712546,1739364909266
150.31138461635172,-474.0600421184029,352.43175349331347,179.92479534313668,0.3155747186375963,179.61005833024024,1739364909274
150.537448846891,-474.2107344227709,352.37004765376474,179.92533555840245,0.31556970605980567,179.61001025081444,1739364909282
150.73711697713935,-474.34147664508,352.30416111123543,179.924204119036,0.3155246891955467,179.60935981989252,1739364909290
150.90987607376033,-474.4497220675079,352.25296070298043,179.92394069794074,0.3154703769908843,179.60877967756136,1739364909298
151.0593523703897,-474.53251691653304,352.21277529865023,179.9239620604414,0.31545343034951695,179.60920524806087,1739364909306
151.18102994189343,-474.59808965117196,352.18097153234453,179.9239956178923,0.3154460501974794,179.60984654435194,1739364909314
151.27615537750992,-474.6525492075893,352.15461842557715,179.92395034996645,0.3154656807076181,179.61043654118805,1739364909322
151.34798137517376,-474.6962595480283,352.1352920416851,179.92411528200282,0.3155055188176452,179.61072483017026,1739364909330
151.40246057339544,-474.73093870144754,352.1216283185189,179.92442659840532,0.3155391400477447,179.6108261946941,1739364909338
151.44251680511388,-474.7585477154675,352.11169636256346,179.92476778259822,0.31555290625640103,179.61085491920545,1739364909346
151.4717937796295,-474.7788893390049,352.1031868235898,179.92488413378643,0.3155780949398753,179.61082974989375,1739364909354
151.4919789887532,-474.7930384549725,352.0973154730031,179.92500633546038,0.31559977706990977,179.61078562286482,1739364909362
151.50487788985043,-474.8033316124894,352.0930792421854,179.92507233373075,0.3156063247012341,179.6107220181799,1739364909370
151.5154776494518,-474.8120999333703,352.08466291597,179.924554493297,0.31563058737818545,179.6106484154183,1739364909382
151.51511496041152,-474.8110579109174,352.0818039302092,179.92434707612776,0.3156575936962101,179.61011571665802,1739364909390
151.51022603989028,-474.8055550661986,352.08944369736815,179.9253022467837,0.3157410304416759,179.60927073944725,1739364909398
151.5048996897385,-474.800703443255,352.09767098102736,179.92629898271184,0.31582572060042147,179.60851467186038,1739364909406
151.50130680786407,-474.79936463273634,352.1022827164507,179.92690978309463,0.31586060595874993,179.60802824374738,1739364909414
151.4979435809217,-474.79710485160604,352.10495606345586,179.92731646891852,0.3159030686269344,179.6075878516773,1739364909422
151.48841787106045,-474.7895213741874,352.109552933652,179.92785844050718,0.3159833638512982,179.60647519898507,1739364909430
151.4742869018809,-474.7769090523079,352.11911971132895,179.92895060887076,0.3160935519206346,179.60485571434754,1739364909438
151.47025553181368,-474.77283375668384,352.1220688644797,179.92927673819423,0.31613578460616343,179.60453104592835,1739364909446
151.46753660836458,-474.77313356487366,352.12072829772103,179.92919049888417,0.31613349286095604,179.6045842968566,1739364909454
151.46018729704275,-474.77396684808565,352.1180094166632,179.92897071068822,0.3161347903577105,179.6045412233811,1739364909462
151.447335704103,-474.7721425615697,352.1110129289957,179.9281977478247,0.3161296179084864,179.60462377919623,1739364909470
151.42399741575755,-474.7676683980012,352.10414984267146,179.92753446760307,0.31612016864954606,179.60482809245264,1739364909478
151.38708898384627,-474.7582839587762,352.0961357554316,179.9268059785983,0.31612442060770396,179.6052209019711,1739364909486
151.3341890406412,-474.741681041522,352.08832042969414,179.92615558331028,0.31612916463432345,179.60555136949588,1739364909494
151.26296236450483,-474.71916130756136,352.07898004677884,179.92550429497055,0.3161382212308022,179.60602208276904,1739364909502
151.17057840112,-474.68881967622633,352.0701878161269,179.92513088941888,0.3161899397993423,179.60646428782502,1739364909510
151.05252208619646,-474.65089728218487,352.06144250212566,179.92498380123672,0.316256715954533,179.6067211370961,1739364909518
150.90344102157732,-474.6048651087789,352.048877826064,179.92467278558573,0.3163148359435267,179.60679628162427,1739364909526
150.71948449313146,-474.54896336777216,352.0361752161428,179.92457991677023,0.31639288520044356,179.60658346241667,1739364909534
150.5047737656477,-474.4808752095934,352.01772976932585,179.92403577301218,0.31649928374643266,179.60728860554886,1739364909542
150.25995005329472,-474.3955304073583,351.99623873787056,179.92346710971188,0.3166094435045432,179.60859357561765,1739364909550
149.98416090730066,-474.2903790245128,351.97064141044376,179.92267135154637,0.31668487622615643,179.60927370946,1739364909558
149.66791444603902,-474.17332357132324,351.9547019240502,179.9232139253443,0.3168087327312597,179.6087551833139,1739364909566
149.11426230697506,-473.9819514053784,351.93748954042366,179.92550792315515,0.31704815991060314,179.60925276457775,1739364909578
148.70660426754984,-473.83689284961815,351.91372308560875,179.92613923388367,0.3171507523664415,179.60994609377263,1739364909586
148.26008373393682,-473.6791565998874,351.88097861300906,179.92611716653974,0.31720956084544216,179.60935889333518,1739364909594
147.77057861503422,-473.5098508352191,351.8634455915223,179.9280092035598,0.317355116841786,179.60938600631798,1739364909602
147.26402547626802,-473.32490575274653,351.83536126780467,179.92869263909765,0.31744020801656125,179.60987963409553,1739364909610
146.7150900968493,-473.13379649831325,351.7865761331598,179.92718515618517,0.3174054892251783,179.6094725118572,1739364909618
146.1479822563055,-472.932775594216,351.7536013204385,179.9276928842254,0.3174937609932956,179.61010269013292,1739364909626
145.55714090435205,-472.71635260152715,351.7172565502347,179.92786683505733,0.317526634392282,179.61001501541716,1739364909634
144.9478084778878,-472.4980448519336,351.6651945795263,179.9263161039402,0.3176245206613577,179.61058174432287,1739364909642
144.32464780312077,-472.2717500088265,351.6219087203291,179.92567400454536,0.31763788207155175,179.61001263540626,1739364909650
143.68862782175242,-472.03520774394656,351.57498887236727,179.92500594891132,0.3176244649139415,179.6104460025697,1739364909658
143.0448689475332,-471.80232070143256,351.52187604918345,179.92364062386562,0.31749338955896816,179.61022970957094,1739364909666
142.3956198141943,-471.55951528556926,351.47859574286963,179.92370578651608,0.3173138104796395,179.61102637138248,1739364909674
141.74465031605675,-471.31941984262215,351.43790858023095,179.924422560878,0.3170908572975905,179.61139032439877,1739364909682
141.0977153593552,-471.0760140843103,351.37767176377287,179.9226205822236,0.3167874246965514,179.6116046238852,1739364909690
140.44280701494935,-470.83478290730926,351.33932604639887,179.92390809301224,0.3164259843587835,179.61022399921353,1739364909698
139.81181956555062,-470.5954743766309,351.2924084770912,179.92417444122012,0.3161125457807913,179.61034765955773,1739364909706
139.18957681630678,-470.35907497335984,351.2429365289625,179.92414548468454,0.3158734938042278,179.61104838165855,1739364909714
138.5882926502262,-470.125332510236,351.21153724270937,179.92629897290266,0.31583982936689436,179.61183168867382,1739364909722
137.99413002409977,-469.9021070966435,351.15799961391804,179.92554799011245,0.3158129367620912,179.61187304681695,1739364909730
137.4332615325107,-469.6849216685588,351.11705806800177,179.92600852557584,0.31588448996481466,179.61238805710477,1739364909738
136.88503001762447,-469.47589349119727,351.08354239160576,179.92699197708703,0.3159177879644447,179.61181583184222,1739364909746
136.3725766229736,-469.2768766175176,351.0328205539895,179.92557812122365,0.3160310523348353,179.61217813948235,1739364909754
135.6539781105113,-469.0018610379275,350.98246603129223,179.9258274667957,0.3161506271659119,179.6114972977989,1739364909766
135.22447503729208,-468.8254174943826,350.94654759078713,179.92542290826788,0.3162481931682298,179.61250095738163,1739364909774
134.83092622032618,-468.66759253132943,350.9127292858401,179.9247973304817,0.31627811061283834,179.6123939210901,1739364909782
134.4587925170228,-468.53081021394286,350.8813276363075,179.9242920294921,0.3163109371275943,179.6120188665178,1739364909790
134.1325123957967,-468.40203076918874,350.85104340254804,179.9238273736018,0.31634819304873113,179.61225123615435,1739364909798
133.8486984193283,-468.2770262563456,350.82674449788396,179.92362976123133,0.31637299540206026,179.61185743300817,1739364909806
133.5912146643602,-468.17541498829553,350.81190702491205,179.924124123938,0.31634572346733436,179.61082732010374,1739364909814
133.36036445551161,-468.0944830647533,350.79486226986023,179.9242419939593,0.3163346260291193,179.6100897709868,1739364909822
133.17167811759705,-468.02533785901755,350.7801261435248,179.9242695246647,0.3163282073375292,179.61045038047996,1739364909830
133.02474828239113,-467.96261521732447,350.7665149978526,179.92419746082126,0.31627552833258354,179.61154060935945,1739364909838
132.90317825849218,-467.9108469891868,350.7515107484411,179.92376282455103,0.31618573969020825,179.61173367997228,1739364909846
132.80310868349304,-467.8674888434262,350.7377875398717,179.92312049737046,0.31615118780247314,179.61128314052692,1739364909854
132.72469796877218,-467.83261037386194,350.7250841920526,179.92234141181714,0.3161172701078787,179.61088210782265,1739364909862
132.6632018100309,-467.8067263318601,350.7191000284559,179.92222470515262,0.31609934098636555,179.6105753881585,1739364909870
132.61474670912443,-467.7885390169321,350.71550561943906,179.92222718171794,0.31606281709414485,179.610108127641,1739364909878
132.57936245266094,-467.77533060071386,350.7178167317277,179.92284726908557,0.31600619761136595,179.60987018563074,1739364909886
132.55400926284904,-467.76757712642194,350.7219692265229,179.9236244581553,0.31596746324335784,179.6097157232265,1739364909894
132.53818586066947,-467.76237182050005,350.72309542209615,179.9239607472151,0.3159267554663856,179.6096885740938,1739364909902
132.5283571124089,-467.7593815908357,350.7236423572707,179.92413652935514,0.3158835259394936,179.60965453122787,1739364909910
132.5246779776016,-467.7620877168183,350.71909785723705,179.92363669993352,0.315859546640361,179.60986876179248,1739364909918
132.53085722326657,-467.7673035149763,350.71255627209223,179.9228838362665,0.3158329467580112,179.61103361285137,1739364909926
132.5375818224773,-467.773011673032,350.70664626640325,179.92219114238213,0.3158051815710775,179.61208341324536,1739364909934
132.54217915954712,-467.77579608587115,350.70372154124306,179.92184430687834,0.3157706388983446,179.61272733170844,1739364909942
132.54408359175832,-467.7759839216699,350.70618163237015,179.9221433166268,0.31575411484828436,179.61298073318105,1739364909950
132.5444830756757,-467.77846103019937,350.7176061556987,179.9235502169924,0.3157136670748854,179.6130572712622,1739364909958
132.5485050725051,-467.78346909033064,350.7480545140653,179.9272681912922,0.31563853459839175,179.6135763495607,1739364909970
132.55439818045286,-467.7786037127151,350.7638536644784,179.92906929216494,0.3156138930437088,179.61425424306233,1739364909978
132.56294856082758,-467.7698755294138,350.78205608726904,179.93094517241875,0.31559227555552727,179.61524677233263,1739364909986
132.57227267744884,-467.76045088091115,350.8054965036196,179.9331333335006,0.31556334567338584,179.61627079212383,1739364909994
132.57422812302616,-467.75351891881206,350.83136237660625,179.93468867423798,0.3155436127594962,179.61627817456113,1739364910002
132.57514371845838,-467.75274910436093,350.853234242425,179.93450280969455,0.31554573367014493,179.615985600635,1739364910010
132.5776540352481,-467.7580765023854,350.88149130321233,179.9339341420568,0.3155237941703866,179.61559097462043,1739364910018
132.58338266161468,-467.76616329326583,350.9190534658223,179.93290113922066,0.31552362367656994,179.61517849803914,1739364910026
132.59569920662491,-467.7754995312365,350.9703159647655,179.93173585095062,0.3155302364179798,179.61500320826326,1739364910034
132.61350129041685,-467.7886630496483,351.04134855721844,179.93103493491864,0.31553067442430804,179.61466879462205,1739364910042
132.63823491478297,-467.8035052189732,351.13382793029075,179.93064254936778,0.31554303855323035,179.61440126303265,1739364910050
132.66847603448622,-467.81968364134895,351.25071604063544,179.93049029192707,0.31557051082619514,179.6139450264062,1739364910058
132.70628823091087,-467.8355936709794,351.38961227087145,179.92981686873998,0.31558134782353425,179.61367284754388,1739364910066
132.75151854525456,-467.8499077242772,351.5505534657592,179.92793491406167,0.3156322954192708,179.61329333655934,1739364910074
132.8036031237736,-467.8684270544552,351.7423761508099,179.92642819905257,0.31566336625036423,179.61283299496822,1739364910082
132.86397474007018,-467.89186469630823,351.96348589296247,179.92560980207557,0.3156757099804822,179.61252113776126,1739364910090
132.9330628849019,-467.9247397182221,352.2319682266194,179.92709048158648,0.31568430169167977,179.612277018884,1739364910098
133.01133912948424,-467.9563317761001,352.52496656091637,179.92624054035,0.31572611852752086,179.61211986010986,1739364910106
133.0995806711151,-467.9884171796707,352.84694417541044,179.92527556659485,0.3157816496491456,179.61203707124548,1739364910114
133.19691753558212,-468.0263229168446,353.2101203696073,179.92584713778623,0.31582808348607017,179.6118881385601,1739364910122
133.30349545325168,-468.06458659994166,353.6004956651124,179.9242150487334,0.315876627593525,179.61150902950985,1739364910130
133.4204417849466,-468.106452685977,354.0213275477419,179.92366892739838,0.31586803059976215,179.61098655838367,1739364910138
133.5489869133251,-468.15261759561173,354.4816337044824,179.9230325180659,0.3158333871795608,179.61039190409863,1739364910146
133.765837554861,-468.22097324895276,355.2201969269722,179.92172685529684,0.31578563294330786,179.61043535047108,1739364910158
133.91895680441692,-468.2718129849107,355.7525105613322,179.92152129546542,0.31573843353243763,179.61089915145723,1739364910166
133.99751954752446,-468.29515437213047,356.0246836864172,179.92055882619914,0.3157679496617837,179.61132810916243,1739364910170
134.15474987210618,-468.3505675299617,356.59949134129533,179.9206014892614,0.31572110132847486,179.61170841022442,1739364910178
134.39570167395712,-468.43440014668937,357.5060238320796,179.9208570143126,0.3157019223119445,179.6117890586794,1739364910190
134.56322742091973,-468.48745546050844,358.1384050509357,179.92085437107733,0.315680325875642,179.6113384726133,1739364910198
134.73817418796784,-468.5440410314899,358.79784060913215,179.92254996909136,0.31563134010536364,179.61035979838877,1739364910206
134.9239863642559,-468.59758535920315,359.4635120320489,179.92341799143114,0.31558296773699734,179.6098028567576,1739364910214
135.11797201720816,-468.6494307734445,360.13911540255,179.92389349942238,0.31555470714161843,179.61053385491354,1739364910222
135.30820061375547,-468.70480577196633,360.8223040241095,179.92398409975684,0.31553654823376825,179.61125902912605,1739364910230
135.49481340936828,-468.76056316520254,361.51008700466866,179.9238852495762,0.3155339463804176,179.61167605953239,1739364910238
135.67927887202202,-468.8147770414048,362.19602027001787,179.92333622133864,0.31552486849436817,179.61156181186732,1739364910246
135.86447291111122,-468.8698165253935,362.8883796122229,179.92361170588478,0.3155165049084859,179.61063654242477,1739364910254
136.05307753996732,-468.92110593581816,363.57826772587464,179.92314882763472,0.3154957202946492,179.60938377980915,1739364910262
136.2474461743122,-468.96512231622785,364.2615300657801,179.92217930915618,0.3154692165731343,179.6094173046719,1739364910270
136.43865451791234,-469.00867857862073,364.9479257069469,179.92286883221163,0.31548458267229135,179.6102806663207,1739364910278
136.62226552087745,-469.0514749340007,365.62739016140154,179.9240530353901,0.31554365621532343,179.61110291911388,1739364910286
136.7966269261742,-469.08520115817225,366.2737865087849,179.92207813814133,0.3156179695364218,179.61115825026982,1739364910294
136.9675838850553,-469.1244412491158,366.9148786493421,179.92173488881335,0.3156568117953121,179.61083262092163,1739364910302
137.13296879670762,-469.16319335300153,367.533349278075,179.92197458722234,0.3156471891110655,179.60954035582935,1739364910310
137.2988310918483,-469.1979817658156,368.12855732003953,179.92163973432102,0.3156288281903102,179.60889381899747,1739364910318
137.46387662507158,-469.22934952166315,368.6990120012556,179.92100011918475,0.31560108642106766,179.60957789105444,1739364910326
137.61879790806594,-469.25888425589966,369.240092346768,179.92061401404007,0.31556863617388775,179.61059482691113,1739364910334
137.76274370888157,-469.2880323985515,369.7587639989795,179.9199767269447,0.3156095616375709,179.61150313445617,1739364910342
137.9554407198632,-469.32636431868576,370.4767236232807,179.91951363076774,0.3156799464504873,179.61183372450026,1739364910354
138.07157540996783,-469.35290214035143,370.9260349140034,179.92156646531262,0.3156989320607014,179.61141612287275,1739364910362
138.17731982834832,-469.3697130020357,371.335028607615,179.92115469351197,0.3157027908798809,179.61029859963915,1739364910370
138.2776415630899,-469.39028485514973,371.7254197461253,179.92425540968554,0.31568196409898286,179.6093353752609,1739364910378
138.37142808260106,-469.39968136196956,372.06624228776616,179.92368374453335,0.3156484091513069,179.60855621898628,1739364910386
138.46046561185736,-469.4087939231425,372.3753703285224,179.92391576867445,0.31562918964128306,179.6086712512489,1739364910394
138.54154108749327,-469.42186715383446,372.66014897697397,179.92608665224523,0.3156468601131035,179.6092572501729,1739364910402
138.61275078843335,-469.42951463210176,372.89853724766397,179.925042993596,0.3156687016732044,179.61004332859736,1739364910410
138.67353858678146,-469.43553425533696,373.1039709962231,179.9240258966691,0.31567229140845016,179.61066294453175,1739364910418
138.72250177706226,-469.4441768671283,373.2848603127954,179.9248848627757,0.31567422119099364,179.61100548396044,1739364910426
138.76251263749018,-469.45399917011815,373.4387578055773,179.92554430953462,0.31566496983773423,179.61104474817924,1739364910433
138.79575448013762,-469.4629951686663,373.5680030665663,179.9257532552249,0.3156466319244832,179.61115034669947,1739364910442
138.82361365376735,-469.46746661558524,373.67080425095884,179.9249670621086,0.3156405548962566,179.61134854885353,1739364910450
138.8459693446523,-469.4693112149905,373.75114425473635,179.92376270505028,0.3156475442577399,179.6114654148142,1739364910458
138.86236154210636,-469.47084214880954,373.81447233282995,179.923308964553,0.31564260203956307,179.61135462199056,1739364910466
138.87473893267565,-469.47115773771725,373.86152202653614,179.92292595843105,0.3156459967387552,179.61124225740127,1739364910474
138.883413290287,-469.4720833574402,373.89612772342696,179.92272176212686,0.315644425325993,179.61104337187447,1739364910482
138.88929855812955,-469.474486178289,373.9183149322333,179.92246493915837,0.31561621423063096,179.6108195893797,1739364910490
138.89323084592286,-469.4800074418106,373.9278513956874,179.92178845372823,0.3155864542888103,179.61068013188498,1739364910498
138.88957008561331,-469.48731130426006,373.9318957603302,179.92117422993792,0.3155819414703792,179.60980127389652,1739364910506
138.88644916022014,-469.49232028273485,373.932981522843,179.92061513268845,0.3155711793834569,179.60912347708953,1739364910514
138.88221346274258,-469.49537814889544,373.93128149418646,179.91995464658697,0.3155609297255079,179.60841599379395,1739364910522
138.87872149537188,-469.4935408107676,373.9233597087181,179.91869598622205,0.315557483883945,179.60781232096625,1739364910534
138.87891358700705,-469.49148729647635,373.9201210269121,179.91824022394644,0.3155364499528128,179.6077895905235,1739364910542
138.879420188541,-469.4893950409703,373.91761448499,179.91790006832778,0.31553629734678124,179.60780814008683,1739364910550
138.87965518489267,-469.48543656057984,373.909720534337,179.91692099965704,0.3155342863546496,179.6078158724734,1739364910558
138.87877426796567,-469.4787875603559,373.8935823221695,179.91496297993,0.31552261229811845,179.60768828491345,1739364910566
138.876535014965,-469.4775158107532,373.88771256776386,179.91426959993137,0.3155408212744592,179.6074187648753,1739364910574
138.86923944642467,-469.47935561747545,373.88263744728897,179.91380065488224,0.31553801781742774,179.60655142495773,1739364910582
138.85986242462818,-469.48397482872684,373.8751963375121,179.91338606988302,0.3155255588577907,179.60542357246092,1739364910590
138.85639328507983,-469.4882580580265,373.8616841384922,179.91283604250097,0.3155157542477463,179.60510622856006,1739364910598
138.85473644853235,-469.4927283199633,373.83879873854977,179.91209640810908,0.31549394527837554,179.60514092123265,1739364910606
138.8518711831628,-469.4905809738264,373.81729858021106,179.9126361135301,0.31550096517037485,179.6052561460361,1739364910614
138.84635971933383,-469.48440890866107,373.78568833741883,179.91325973289466,0.31550091772974553,179.60547052812115,1739364910622
138.8357902967794,-469.47789459173816,373.74423158113126,179.9145666631992,0.3154925625786617,179.6056951055008,1739364910630
138.819760717066,-469.47175609547924,373.68997163367953,179.91658491835935,0.31550131864606146,179.60602231720617,1739364910638
138.79750069993597,-469.46480613663294,373.6167749816837,179.91875717224346,0.3154973292821188,179.6063861711008,1739364910646
138.7685140601778,-469.4570268268089,373.5215872868498,179.92119238183056,0.31548606297983567,179.6067564854551,1739364910654
138.73201357552054,-469.44780765129906,373.3991693266392,179.9230950872364,0.31548501573924626,179.6070208958091,1739364910662
138.68791108334284,-469.4342865954259,373.24440854887007,179.92354811982312,0.31546612358875437,179.60728481863094,1739364910670
138.63454181246252,-469.41837952313705,373.06008910491425,179.92305583904798,0.3154374553324745,179.6075772718482,1739364910678
138.57199913142978,-469.40248708045203,372.84927122319425,179.92232417693842,0.3154262298208064,179.60770289042443,1739364910686
138.49891034223262,-469.38990524598915,372.6130800690846,179.92309469228945,0.3154046556082002,179.6077144684447,1739364910694
138.41537396609354,-469.3737215558378,372.3389534173024,179.92369534531193,0.3153776070350624,179.60768440892863,1739364910702
138.32149501950713,-469.35190180199015,372.0285956276353,179.9230727508671,0.3153542221467965,179.6076906496472,1739364910710
138.21998914435517,-469.3318098301074,371.6936929777075,179.92400129795976,0.315327314158529,179.60818859619835,1739364910718
138.05359365599958,-469.29507526677895,371.1179076490822,179.9239339526193,0.31528847815736494,179.60990677012614,1739364910726
137.93268151667556,-469.265500680542,370.69100308466386,179.9239341124015,0.3152774776010101,179.61098739495753,1739364910738
137.80223116423662,-469.23157043378706,370.23510753045696,179.9239246248861,0.3152508169225239,179.61161284859088,1739364910746
137.66200822510734,-469.19384785300633,369.7406594408639,179.9236746425995,0.3152306086844744,179.6117883378538,1739364910754
137.5094326239049,-469.1533339455875,369.2208014350301,179.92351730041133,0.3152295201226314,179.6111991028096,1739364910762
137.34298374740152,-469.10610546992393,368.6614929172817,179.92325060294309,0.3152308823803519,179.61001595175665,1739364910770
137.163296996226,-469.0614233409699,368.0835631380892,179.92361892105035,0.31522293839398385,179.60894393378183,1739364910778
136.9748163191453,-469.01301610082794,367.4781089667564,179.92455557586706,0.3152522418246917,179.60871581253633,1739364910786
136.78602884346918,-468.9575315414022,366.8416844364631,179.924860489392,0.3152246459154403,179.60980614840852,1739364910794
136.5930955453522,-468.8996646901145,366.1834967195302,179.92530364608407,0.3152064131118255,179.61077426499207,1739364910802
136.39718597004713,-468.83658098868995,365.50041455350487,179.92544729926686,0.31518510119254367,179.61129152775248,1739364910810
136.19144499757667,-468.77109369231084,364.79326562582554,179.92501428335297,0.3151486892585335,179.61082209541107,1739364910818
135.97283383164807,-468.7088308358481,364.0722318377078,179.92537549262258,0.31515446690695514,179.6097269595443,1739364910826
135.74841471038118,-468.64392425012346,363.33622127574336,179.9258277032617,0.31518134169859796,179.6095833007498,1739364910834
135.52506458236476,-468.57166115896894,362.5751026874225,179.9246801776672,0.31516698151276384,179.61045906036506,1739364910842
135.30611467189357,-468.5034684561063,361.8184005268855,179.92501842098986,0.3151584185258766,179.61128938376746,1739364910850
135.0847626738416,-468.4280186328578,361.05234733280037,179.92460522054597,0.31514532100851234,179.6111602418404,1739364910858
134.85906566499162,-468.3500896725994,360.28629504711273,179.92477749337544,0.31517565713253326,179.61055427972138,1739364910865
134.62365150065045,-468.27064378873337,359.52038010565605,179.9246157975075,0.3152781896545824,179.60969055429786,1739364910874
134.39745649659136,-468.186137132808,358.76115919858074,179.92481241713025,0.31542216262811007,179.61071562884328,1739364910882
134.06733303013868,-468.05652724207073,357.6388109466988,179.92593727945555,0.31566164209538694,179.61149226799898,1739364910894
133.8493178318047,-467.96915842665254,356.8970288485939,179.92678009744648,0.3158517953881385,179.6109077708052,1739364910902
133.6295015183833,-467.8803827035143,356.161991050736,179.92669203947503,0.3161889578517042,179.60982776224344,1739364910910
133.40880187756088,-467.80021325229626,355.45162193596104,179.9279141040736,0.31659912833273396,179.60927885264672,1739364910918
133.19882396647478,-467.7156402924825,354.74658961383676,179.92746253897656,0.31693996310061434,179.60993383795542,1739364910926
133.00188233187262,-467.6299589047943,354.0571689768011,179.92618430308033,0.31698752294613286,179.610917208571,1739364910934
132.81153709794887,-467.54888561115405,353.389532015482,179.9252826338986,0.31689164507342704,179.6110977246213,1739364910942
132.62724744916895,-467.4689445771861,352.7466561087578,179.92471379695914,0.31675997532646744,179.61085190378031,1739364910950
132.44216094779904,-467.39006382418006,352.129792411762,179.92378840693308,0.3166250686433738,179.6100050094922,1739364910958
132.26044737462112,-467.3158202368653,351.5501851752117,179.92450009458562,0.316464232630489,179.60941451443685,1739364910966
132.08993090154516,-467.24089617408634,350.99808817976617,179.92515454519875,0.31629550340878765,179.60974000661324,1739364910974
131.93702375079525,-467.16864427191376,350.4856879528433,179.92624227659692,0.3161480191874412,179.6106386204951,1739364910982
131.79898276036317,-467.09868320996605,350.00204303422004,179.92767281098475,0.31600995878053245,179.61141377764983,1739364910990
131.66778992162554,-467.035208820528,349.55321734472625,179.9285713166069,0.31588346274193385,179.61149448370284,1739364910998
131.54631681307492,-466.97237643985363,349.1293884933084,179.92868030265726,0.31579172101263675,179.6113069683585,1739364911006
131.43060197851557,-466.9170006243123,348.7449934268874,179.92845020598043,0.31570636750103453,179.61077567728222,1739364911014
131.3240045199062,-466.8644803134506,348.38149670106225,179.92756303970725,0.3156584581993256,179.61048222772052,1739364911022
131.22207811986732,-466.8190146635842,348.05562812684025,179.92622992904091,0.3156330912370767,179.61000661710457,1739364911030
131.1298226559525,-466.78142264000905,347.76827388793737,179.92660488589897,0.3155947796958507,179.60982261235597,1739364911038
131.04479615615418,-466.74508759259345,347.5034417117704,179.92627333882726,0.31552306799329627,179.60953793024714,1739364911046
130.9742737452939,-466.7119496630988,347.27606436331934,179.92579938053348,0.31548989944319644,179.6097774480778,1739364911054
130.920687525726,-466.6818360144281,347.0820177572591,179.9258885088275,0.31543979298331404,179.6107199914231,1739364911062
130.85836093740605,-466.647550214985,346.83904780595634,179.92691026544253,0.31540448501609086,179.6119290687952,1739364911074
130.82172664366857,-466.62543471964784,346.70187938509173,179.92624985968035,0.3154153567741834,179.61204133108586,1739364911082
130.78946862662,-466.6052634124696,346.5850229955722,179.9247485058693,0.3154494912621886,179.61179271745362,1739364911090
130.76236249884886,-466.5903676793861,346.48979233889264,179.92324909623213,0.3154772398090721,179.61133979966135,1739364911098
130.74200024898082,-466.57891226735717,346.415657047018,179.92203830676897,0.3155083612822733,179.61104193647927,1739364911105
130.7282047285765,-466.5702871927244,346.358660708188,179.9212185772748,0.3155324386569483,179.61099052643235,1739364911114
130.71827003231448,-466.5650685291579,346.31966141129874,179.9212198136902,0.3155500453926316,179.61113135651019,1739364911122
130.71012668251188,-466.55957595855796,346.2966892855235,179.92201466617098,0.3155705123755709,179.61114290418234,1739364911130
130.7044863810815,-466.553103389512,346.28913461650683,179.92376630036898,0.3155843007985709,179.61113993337608,1739364911138
130.70295534035031,-466.5465337863885,346.2875923516611,179.92536677411553,0.315582869354427,179.61141464296097,1739364911146
130.70424266082108,-466.54141204102564,346.28874470929145,179.9266538420869,0.31560001529575943,179.6118623290438,1739364911154
130.70689223605683,-466.53850878107295,346.29000469235734,179.9275319642571,0.31560148325233756,179.61235841802204,1739364911162
130.70884362766776,-466.5390950700894,346.2945916701888,179.92853238851148,0.31561385596774977,179.61272157943128,1739364911170
130.71109274998287,-466.54108072932837,346.29880041074586,179.92923993326022,0.31562285285915065,179.6130440970364,1739364911178
130.71135235768335,-466.543072816164,346.30065727131847,179.92952585649033,0.31563115251952073,179.61311348913082,1739364911186
130.71142527790823,-466.545688255959,346.30089680973896,179.92956681435925,0.31563529251844086,179.61314099189107,1739364911193
130.71238014980435,-466.55161854529285,346.3048446073384,179.93009036953808,0.3156374734038089,179.61325977455152,1739364911202
130.71779145263403,-466.5614512036522,346.3127406740367,179.93108254221215,0.3156096160058361,179.61393925665246,1739364911210
130.72842834933786,-466.5662683701417,346.3074769737678,179.93038237148954,0.3156321845159166,179.6152071958852,1739364911218
130.73422769997066,-466.5720522965662,346.2960596447799,179.92881143633173,0.31564547181413505,179.61583167060846,1739364911226
130.7367806912866,-466.58011854138437,346.28192870232675,179.9266763700833,0.31568584224945045,179.61600584140595,1739364911234
130.7398583830755,-466.59091260731896,346.2662838653553,179.9238808281806,0.3157406282487481,179.6160301453732,1739364911242
130.74893402989224,-466.6002968280066,346.27495733995283,179.9222413654891,0.315762267962056,179.61571464428727,1739364911254
130.76218011451226,-466.60716416559694,346.2976111068592,179.92204681926944,0.31576854806538845,179.61535537618343,1739364911262
130.78326229352726,-466.61686799342436,346.3329281290618,179.9223220799909,0.3157692852117225,179.61487126983587,1739364911270
130.81436451755656,-466.63009043551176,346.3798670349325,179.92278192276046,0.31576095125055265,179.61460857257725,1739364911278
130.85606181616612,-466.64789363910455,346.4410086637887,179.92344584237767,0.3157640113058734,179.61440650665872,1739364911286
130.9092309041275,-466.67245721768126,346.516195788508,179.9242159357718,0.31576387276508244,179.61393206881513,1739364911294
130.97536076791857,-466.70621408380504,346.6110083725059,179.9256284117269,0.3157460829563425,179.6132509342863,1739364911302
131.0570940472262,-466.7488677886327,346.7241307859882,179.9271933812309,0.31570415092503434,179.6126481510768,1739364911310
131.15467051751926,-466.7978346468001,346.8525834741847,179.9282509736107,0.31568274534927565,179.61193822886227,1739364911318
131.27195073461692,-466.8522921823959,346.9955641785251,179.92816636594765,0.31566991708043857,179.61118252345915,1739364911326
131.4081753810002,-466.9082992392044,347.1492572609463,179.92601216369098,0.3156944659977908,179.610936122017,1739364911334
131.56175519841136,-466.97457126049073,347.3270735243854,179.92374638176835,0.3157265638620437,179.6110797928789,1739364911342
131.73025920901406,-467.0569772065079,347.54126010909664,179.92404745054262,0.3157298991843854,179.61134929251034,1739364911350
131.91520632601552,-467.14800971741795,347.77663918412065,179.9246232612888,0.31571558133335975,179.61174041593225,1739364911358
132.11422266652653,-467.24502979738105,348.03247611741574,179.92357464740394,0.31571187094084296,179.61147314387253,1739364911366
132.3379451002534,-467.35336516505186,348.3258919222092,179.9237515817995,0.31572150978410035,179.61082466239523,1739364911374
132.59126148328335,-467.46992236036033,348.6393046450939,179.92504380531105,0.3156902032655571,179.61026172366854,1739364911382
132.86749405566727,-467.5936748824623,348.9765535041754,179.92514989158983,0.3156823780582264,179.61065434526574,1739364911390
133.15323518295546,-467.7279777541798,349.3399879069183,179.92537261222373,0.31568358026328025,179.6111530262232,1739364911398
133.6171240002294,-467.9472494730569,349.92750691138787,179.92574070167993,0.3156938224321621,179.6106460949834,1739364911410
133.96445639987368,-468.09969422096253,350.3458003859668,179.92562634880596,0.3156707011022741,179.61060582863334,1739364911418
134.32715879363843,-468.26599657365,350.7937236518262,179.92548695431256,0.3156421228101468,179.61160670053002,1739364911426
134.69872077300303,-468.4438396439401,351.260132221516,179.92516583667197,0.31564464690922883,179.61146981869314,1739364911434
135.09589624704736,-468.62570501721115,351.7425415728708,179.92349119197058,0.31564396093535607,179.6106295082975,1739364911442
135.51405545542784,-468.81521340556026,352.2583548679304,179.92411545642946,0.31562506686651814,179.61130613593366,1739364911450
135.93949415937854,-469.01138107491244,352.80111208881647,179.92398292596934,0.3156372998805064,179.61117278139744,1739364911458
136.39372757089754,-469.20082598492945,353.3492131687175,179.92231271659682,0.3156240297221369,179.61061834347396,1739364911466
136.857191932155,-469.40046371397057,353.9283339623899,179.9222333554823,0.31562858148420725,179.6111377817727,1739364911474
137.33002747359618,-469.6081497487608,354.5261581221665,179.92193008555887,0.3156239705772998,179.6103768442319,1739364911482
137.82734707281313,-469.82163926215964,355.1418684361557,179.92273154532623,0.315605886997579,179.61070572298618,1739364911490
138.32610080349343,-470.0416621382471,355.76397356288714,179.92262212908494,0.31559951971183264,179.61115794331621,1739364911498
138.8368424687972,-470.2608671439516,356.38522203052685,179.92032158218836,0.315575820521368,179.61016478688776,1739364911506
139.35529558132498,-470.48206421637695,357.0248979641208,179.91991935849904,0.31554921412591014,179.61033510574464,1739364911514
139.87819816309346,-470.70104454301236,357.67924011273215,179.92078517300104,0.315557114700334,179.60916414970777,1739364911522
140.41403402744913,-470.91579384345727,358.3399992162307,179.92150966639122,0.31554799340114453,179.60976703370335,1739364911530
140.94107357731323,-471.13133786701195,359.0038747146922,179.92188644149388,0.31555291278647185,179.6090612410855,1739364911538
141.48468109100247,-471.3443643011193,359.66731249584507,179.92253892354114,0.3155347107742354,179.60973512337472,1739364911546
142.0154061133087,-471.56506505401586,360.3313397496899,179.92389995891926,0.31553384925304556,179.61028666762562,1739364911554
142.55306545849712,-471.77967709820183,360.9839661811105,179.92383904987886,0.3155163090854758,179.61016359503557,1739364911562
143.07995850105775,-471.98781098825674,361.6294851384562,179.92259943335597,0.3154843421159447,179.61065404140842,1739364911570
143.6028229376532,-472.1904557856767,362.2762435552025,179.92282885391998,0.3154749241224643,179.60949797152867,1739364911578
144.37745399188103,-472.481842136428,363.2330475114417,179.92346411966307,0.3154743441756676,179.60999420021975,1739364911590
144.88259476756627,-472.6733522047617,363.8622446485208,179.9245376646141,0.3154729560063412,179.60922825878703,1739364911598
145.3796449920985,-472.8580950396854,364.4692542280279,179.92422017129618,0.31544351623973216,179.61032017739876,1739364911606
145.8541954034196,-473.0404711646452,365.0509319518183,179.92254010438052,0.3154120113181606,179.60935108270735,1739364911614
146.32926236844472,-473.21370387718065,365.61186952666276,179.92092057622696,0.31534662416457704,179.60942318234805,1739364911622
146.7785381745556,-473.3817077196077,366.1686802147181,179.92134447113943,0.31534572015283663,179.60965095405993,1739364911630
147.21652263008866,-473.535855602934,366.70446318853067,179.9208460817739,0.3153438139134113,179.60893526620293,1739364911638
147.64009234067868,-473.68140146618896,367.21446301568386,179.92085418943006,0.31532993019426403,179.60948635547845,1739364911646
148.03459355924193,-473.8227912025838,367.7064279925595,179.92108999468263,0.31533134220291836,179.609618819791,1739364911654
148.41121788453842,-473.95759431820994,368.17604658866077,179.92190750481197,0.31535020024280225,179.60831525462845,1739364911662
148.78160200849405,-474.07878031312885,368.61357032840993,179.92131573917518,0.3153246340189013,179.60947186302693,1739364911670
149.12360545212562,-474.2005056687082,369.0343896955985,179.9222987764014,0.31536260194696064,179.610610493799,1739364911678
149.43902669581857,-474.3125869155914,369.4188918123259,179.92123730802268,0.3153304755568048,179.60992311319708,1739364911686
149.74058106043321,-474.4206795034387,369.7842203519508,179.92189779848513,0.3153502655260822,179.60926961499905,1739364911694
150.02847757667388,-474.5119197010938,370.11561755840995,179.92035753546668,0.3153070499407591,179.61087816608924,1739364911702
150.28186312100004,-474.6052347670073,370.4362032879648,179.92182948063282,0.31535597147387523,179.6111189421478,1739364911710
150.51164283943433,-474.68526290421227,370.72163825668343,179.92178441517345,0.3153550505186745,179.6106962601526,1739364911718
150.7232553461222,-474.7579830808749,370.99054057321126,179.92189433119984,0.31538166027370296,179.60919679893678,1739364911726
150.92189085980849,-474.82311116711236,371.23752563703255,179.92338512859973,0.3154258363063046,179.6087622936013,1739364911733
151.10490391816958,-474.8785178704313,371.45309025659066,179.92432212839586,0.3154421455092942,179.60949553823443,1739364911742
151.26688205934727,-474.9271289861478,371.6474473112891,179.92433035325922,0.315464621406814,179.61072660296816,1739364911750
151.40438663872902,-474.9715379709945,371.8190004759775,179.9238218244225,0.3154670091959385,179.61141335942796,1739364911758
151.5205133485072,-475.0115751827031,371.96708139403495,179.924119090522,0.31549779736298245,179.61150568469995,1739364911766
151.66180014831968,-475.06104010155593,372.1455963386303,179.92479030236566,0.3155358538516604,179.61091938518652,1739364911778
151.73786242432416,-475.08961999573324,372.24272869733835,179.92547658659052,0.3155835288039109,179.61024918233855,1739364911786
151.8015294057214,-475.11466704160034,372.3252282545088,179.92598140481903,0.31562001469026046,179.60966737562967,1739364911794
151.85397098706693,-475.13363067787515,372.3907947543225,179.92595083714914,0.3156287944533544,179.6091926187944,1739364911802
151.89590867163557,-475.14745084600474,372.44330838299464,179.9259554488275,0.3156405909489555,179.60892965290319,1739364911810
151.9296349678597,-475.1562913387079,372.4828746522005,179.92581065627553,0.31565608807562245,179.60898089334205,1739364911818
151.95545623844367,-475.16184136154914,372.5101402856445,179.9253932409903,0.3156567498817342,179.60914329675472,1739364911826
151.97408300814385,-475.1658495965567,372.5288887210111,179.92491267257333,0.31566913331264357,179.60937935073258,1739364911834
151.98554728265208,-475.1660847307643,372.5456378890678,179.92505486875555,0.31567680640050977,179.60945582079273,1739364911842
151.99259156983234,-475.16438490135806,372.56020410589844,179.9256547449014,0.3157134378457458,179.6095157676924,1739364911850
151.99452020302326,-475.1640211540558,372.5703895702124,179.92627062240345,0.31573543809913873,179.60932015454188,1739364911858
151.99291824665136,-475.16427659245795,372.5754447422214,179.92656103563598,0.3157666453496454,179.60891637679265,1739364911866
151.9894157782125,-475.16307348223864,372.5730663362702,179.92614512081568,0.3157824661272162,179.60838436392584,1739364911874
151.98626215370498,-475.16191677318136,372.5690435386986,179.92562170365363,0.3157671380956338,179.6079802053755,1739364911882
151.9842834823876,-475.1612953865559,372.56607998221386,179.92524753658444,0.315769526062161,179.60773322431695,1739364911890
151.98432863707754,-475.1602946025511,372.5634665666773,179.9249279625138,0.31576664551329936,179.60773804557434,1739364911898
151.98406970767974,-475.15665466089786,372.5546443579868,179.92384071791454,0.315734030740609,179.6077177571547,1739364911906
151.9836986979762,-475.1497594560843,372.5383482271912,179.9218628818512,0.31568837352764884,179.60768494425557,1739364911913
151.98209789971958,-475.14784463929857,372.5316586258206,179.92110806471567,0.31568574338780286,179.60749623772546,1739364911922
151.97740817536265,-475.1484845881142,372.5272993938709,179.92074793039274,0.31568078184255816,179.60696246597286,1739364911930
151.96849047615902,-475.1507490832292,372.52350825164837,179.92072085612836,0.315685477544888,179.60593244712774,1739364911938
151.95869259749847,-475.15241083113824,372.5174842028546,179.92098614927335,0.31569822629984506,179.60482511025836,1739364911946
151.95349177146576,-475.14926502632807,372.49760945121074,179.9217629686229,0.3157151011731202,179.60456077756407,1739364911958
151.95207133247777,-475.14250312514093,372.47118304542647,179.9221057141299,0.3157252194330883,179.604936806124,1739364911966
151.94821109246243,-475.1332696333097,372.4341492916381,179.92257946408265,0.3157574161333087,179.60545231782493,1739364911974
151.94054253881183,-475.120473487012,372.38587898591635,179.92320633866876,0.3157656796947493,179.60603860822397,1739364911982
151.92717652743056,-475.1033371618637,372.32567762655947,179.92438631477387,0.3158030621638417,179.60649717979487,1739364911990
151.90632362877037,-475.08159874903885,372.2472574550826,179.92545441993755,0.31583451193103557,179.60671447608334,1739364911998
151.87961725458075,-475.05706505893824,372.1422070974736,179.92553482206492,0.315822269438457,179.6069562936212,1739364912006
151.84851170822978,-475.02824979677223,372.01322578585035,179.92478382872451,0.31577992259802257,179.6074491189347,1739364912014
151.81233246503496,-474.99702233669507,371.86768154606716,179.9242952652411,0.3157546493964711,179.60813696319812,1739364912022
151.7701316489717,-474.9611031236168,371.7004586219251,179.92366228437163,0.3157140448190318,179.60897479237073,1739364912030
151.72174037683118,-474.9218942797015,371.5130645920632,179.92432358234365,0.31572526247841,179.60970359807038,1739364912038
151.66705692092333,-474.87517335743934,371.29788857679694,179.92522091957161,0.31572389184165706,179.61050127142028,1739364912046
151.57255153898814,-474.78728566255853,370.9244104120947,179.92438438528671,0.31567740389898163,179.61134394331518,1739364912058
151.50133825938224,-474.7255379721088,370.6572772333215,179.9242558602763,0.3156520060216243,179.6114893386199,1739364912066
151.42537783842573,-474.65876086673666,370.36584744684643,179.92472912919953,0.3156160881638648,179.61162489262887,1739364912074
151.34415111876717,-474.5815428413422,370.0491024074822,179.92364741870372,0.3155547716820626,179.61146008924624,1739364912082
151.2592174501566,-474.5056271406785,369.7328458968128,179.9241716811377,0.3155443460769041,179.61126620115337,1739364912090
151.16955599582886,-474.42427896557615,369.3891938750204,179.92417513561384,0.31551812337339963,179.61094572708714,1739364912097
151.07499607328006,-474.3393433043286,369.03813253999886,179.92375859647393,0.31550116577143855,179.61038082715277,1739364912106
150.9758559994691,-474.25383175037706,368.6828938606076,179.92432327898442,0.3154892951836317,179.6096406062431,1739364912114
150.87280127927173,-474.1640560236663,368.3109220111284,179.9239455081845,0.31545476153506224,179.60883860772475,1739364912122
150.76799497047384,-474.07549753649744,367.9441551367565,179.92401159463665,0.31542701475990115,179.60818354275474,1739364912130
150.6645109937389,-473.98276932535117,367.56896615088175,179.92431035941283,0.3154240382906235,179.6080641164709,1739364912138
150.56297403773937,-473.8921336321186,367.19980509814417,179.92433906047793,0.31539404320482295,179.60840631573018,1739364912146
150.4651997826559,-473.7992302067424,366.82957139572017,179.92449119643211,0.3153874894501614,179.60948835003313,1739364912153
150.37101246916046,-473.70548100975594,366.46145698105676,179.92396873189824,0.31534989470940633,179.61062093855088,1739364912161
150.27923197923047,-473.6163142478997,366.1081909191723,179.92409468683996,0.31535122001861554,179.6113993698053,1739364912170
150.19141577364175,-473.52695966055904,365.7575184050782,179.92423774765928,0.31533152349876487,179.61196948131757,1739364912178
150.10514833692628,-473.44282657251233,365.4293112077484,179.92446453126894,0.31534686534445516,179.61201643058254,1739364912186
150.02258564221964,-473.3608548262207,365.10876513220603,179.92476970447916,0.31535733755844114,179.61190053239494,1739364912194
149.94352754795977,-473.2823737157908,364.804273068988,179.92477981726742,0.3153437342583924,179.61162324046407,1739364912202
149.86851554851097,-473.20862165147787,364.5239773784921,179.9242010956889,0.3153567854923406,179.61120606098783,1739364912210
149.79754110956992,-473.13905248506796,364.2555864348931,179.9238439207617,0.31537632456983367,179.61077259914626,1739364912218
149.73120565940124,-473.0777512124242,364.01712772139837,179.92461893353072,0.3153961390050121,179.61027022340568,1739364912226
149.66975970296102,-473.0220850846058,363.8036140696867,179.92475805769737,0.3154345569664421,179.60979195117514,1739364912234
149.61525914588194,-472.9735675103451,363.6104322662834,179.9247379788473,0.31544446226563144,179.60951663891467,1739364912242
149.5669001807558,-472.92986509897435,363.43590479732757,179.92524395740895,0.3154772119050164,179.60927839556055,1739364912250
149.5054417041344,-472.87432886758853,363.22039983945933,179.92591473560304,0.3155332473628577,179.60908313800343,1739364912262
149.4727318747426,-472.84593561654424,363.1037907033773,179.92565071446475,0.3155471439047278,179.6091176345561,1739364912270
149.44703422393187,-472.8225062161008,363.0052386699132,179.92479922082686,0.31553024731720675,179.60938745413105,1739364912278
149.4271412485811,-472.80347502181576,362.92362877184604,179.92382146566342,0.3155275152365072,179.609707280648,1739364912286
149.41151622133805,-472.78856124001715,362.8578689538033,179.9230989228829,0.31552067458001054,179.60994634390053,1739364912294
149.40028780616538,-472.7761404612635,362.8054748270307,179.9223732355268,0.3155309428327199,179.61021141419656,1739364912302
149.39187003207752,-472.7665842389002,362.7646418845508,179.921761168721,0.3155262256815854,179.61039870624137,1739364912310
149.38541278777336,-472.758994758151,362.7331167061968,179.9211605802692,0.3155448311860482,179.61052662584834,1739364912318
149.38285149973456,-472.75319468057234,362.71210431300005,179.92093946286812,0.31554793755397836,179.6108269223597,1739364912326
149.38489301944986,-472.74855451678,362.6991031171619,179.9209134227845,0.3155847253794997,179.61142672792963,1739364912334
149.38804918326613,-472.745111326313,362.6911027691737,179.9208803025286,0.31559542308218924,179.61201080261904,1739364912342
149.3917094851302,-472.74269481139083,362.68742242215484,179.92095511542217,0.31562351477392575,179.61256473340865,1739364912350
149.39480133080292,-472.7434103796831,362.69075376197213,179.92165493799368,0.3156606200704392,179.61297478405194,1739364912358
149.396286776211,-472.74554293557685,362.6969341252902,179.9225381807527,0.3157027725558472,179.61317647175977,1739364912366
149.39628492187447,-472.747230149241,362.702510471482,179.92325142081074,0.3157345414233001,179.61316023355835,1739364912374
149.3959426759223,-472.7471404102334,362.703726764357,179.92341459577707,0.3157391496084174,179.6131338909916,1739364912382
149.39536916959187,-472.7453493549702,362.6994561003359,179.92288412808554,0.31573973224501106,179.61305584369475,1739364912390
149.3943866792299,-472.7405219221313,362.68734528369316,179.92142956879064,0.31571042156322066,179.61294457912,1739364912398
149.39308477224264,-472.7383968661423,362.677968384285,179.92047077420273,0.31570556846763626,179.61276729813036,1739364912406
149.39164975351875,-472.73930010711416,362.664296862368,179.91929494322045,0.3156773851143238,179.6125730836386,1739364912414
149.38933228178655,-472.74469094081303,362.6351635488882,179.917616476031,0.3156258293836436,179.61225714997641,1739364912426
149.38691439060028,-472.7436823567407,362.62022361752736,179.91798348036517,0.31563440913259955,179.61195740979957,1739364912434
149.38432310855794,-472.74016026328206,362.5991330936506,179.9186833844428,0.31565618975238635,179.61163781547424,1739364912441
149.38063281765776,-472.7350788278039,362.57002003268383,179.91977777136893,0.31567062025824477,179.61117426726557,1739364912449
149.37717849026575,-472.7291365827213,362.52924800870903,179.92112390382567,0.3156851824347045,179.61076092119558,1739364912457
149.37354118787474,-472.72223784926024,362.4730478356262,179.9225240809339,0.3157137916559636,179.61030624723267,1739364912465
149.36965198841855,-472.71394489337916,362.39818871627716,179.9236053449524,0.3157124161738307,179.6098214218145,1739364912473
149.3651108363473,-472.7046891045048,362.30174104438964,179.92444212345796,0.3157081744968099,179.60929011143796,1739364912482
149.35992504452895,-472.69339839578885,362.182111303384,179.92497388126208,0.31568608020740313,179.6087788642113,1739364912490
149.3544684225096,-472.6786990274068,362.0347118024747,179.92503737689358,0.315647610841148,179.60833125142665,1739364912498
149.34901580105787,-472.6609535552724,361.85959760396895,179.92528528374686,0.3156074962862151,179.6080144120172,1739364912506
149.3432917678447,-472.6411821856323,361.649713210953,179.9257717821407,0.315562220999794,179.60773358162683,1739364912514
149.3373486201088,-472.6150707716966,361.4010484922493,179.925409517547,0.31549464875594885,179.6075543385479,1739364912522
149.33148839112505,-472.58579119634715,361.1256244810789,179.92478939000787,0.31542224471963914,179.60745299586137,1739364912530
149.32840742041645,-472.5575655602721,360.82482260393505,179.9251550550484,0.3153907396993169,179.60778296412286,1739364912538
149.32623794237085,-472.5284510330474,360.4893632562766,179.92635738688313,0.31535928167875954,179.6082503387674,1739364912546
149.3238682579783,-472.4892170315865,360.1113323326971,179.92485436612523,0.3152970490857444,179.60875707517306,1739364912554
149.32103516954342,-472.4539370080369,359.71477862909927,179.92534245293072,0.31532100448314004,179.6092785868995,1739364912562
149.31706611982673,-472.4132472086824,359.2805764887877,179.92382521522376,0.3153223739913429,179.6096801311841,1739364912570
149.31167910873907,-472.36825385523525,358.8198233456003,179.922456371726,0.3153898862461759,179.60993477194637,1739364912578
149.30584958056764,-472.3204680470507,358.34757194646284,179.9220502642306,0.31559666725556107,179.61014349985211,1739364912586
149.29897872796786,-472.2660798007053,357.85226632688585,179.92208791708546,0.31604977706334847,179.610241889777,1739364912594
149.28954036679463,-472.1824699356672,357.0965132090321,179.9234178430732,0.3172909966116139,179.61046115948136,1739364912606
149.28196892653332,-472.1212662894,356.5702740979128,179.92364121798246,0.31798449238898296,179.61051066603375,1739364912614
149.27358371753894,-472.0625399540926,356.043401493653,179.9252421128772,0.31818863254051893,179.61056491997923,1739364912622
149.26448952424923,-471.99864525977705,355.50192093376705,179.92529243649744,0.31807951148148683,179.6105601922612,1739364912629
149.25567785912114,-471.93719599749267,354.95687955330493,179.9259978299134,0.3178707188778938,179.61061972292657,1739364912637
149.24644121416276,-471.8765879386842,354.40470807301506,179.92558944854918,0.31759623049377916,179.61062693755866,1739364912645
149.23769583921356,-471.81524299396096,353.84822252965216,179.92359049530128,0.31729561033353737,179.6107004813685,1739364912653
149.2289188162359,-471.7539302395978,353.3054992401201,179.923379776862,0.3170011718349151,179.61078417848844,1739364912661
149.2201639022737,-471.69113436234323,352.77458133630313,179.9227326889537,0.31674422861574403,179.61081111419722,1739364912669
149.2111365837889,-471.6273292962228,352.25752323793193,179.92334277423686,0.3165096181671405,179.61076049600283,1739364912677
149.20270335053593,-471.5650322348433,351.76030990875887,179.9243397828503,0.31630643360199096,179.6107886781627,1739364912685
149.1937273091939,-471.5035228360085,351.2798658014594,179.92527495889823,0.31612366139173326,179.61072342422378,1739364912693
149.18525146418648,-471.4454431539936,350.8218224703293,179.92663794809127,0.31595991242295624,179.61069176984725,1739364912701
149.17734415386136,-471.38788863671147,350.38149297631577,179.9265456133869,0.3157928808553732,179.61069854929863,1739364912710
149.17020970453808,-471.339833708174,349.972259294591,179.92823272693852,0.31570313270753897,179.61069787302918,1739364912718
149.1635606845767,-471.28822337731617,349.5764038389364,179.9274925071882,0.31558243576481354,179.6106986416271,1739364912726
149.15695446056358,-471.2445460009343,349.21148241557233,179.92705793575982,0.31544637943901205,179.6105848172682,1739364912734
149.15129108210058,-471.20575254808796,348.8806650059679,179.9268873298856,0.3153596796034408,179.61055619255555,1739364912742
149.14715699135562,-471.16272155852283,348.5673929847492,179.92403129367625,0.31522611288561553,179.61065538533512,1739364912750
149.14572981285485,-471.1255283807104,348.2965359652645,179.92370299333044,0.3151559127811961,179.61100749053853,1739364912758
149.14465145815453,-471.0937851401865,348.06757506164803,179.92447487802548,0.3151383224588235,179.61136228560758,1739364912766
149.14396623968426,-471.06607458182174,347.8691609998414,179.92467488306988,0.3151301423107177,179.6116844753111,1739364912774
149.14327289424608,-471.03893644968645,347.6967179930761,179.92439884592653,0.3151132476448163,179.61198308307516,1739364912782
149.14262650715196,-471.0036404750573,347.4875117413776,179.92522360411093,0.3151518463207777,179.61234848356747,1739364912793
149.14221861969793,-470.98811695539524,347.37949973275227,179.9259044259526,0.3151868806181929,179.61254157057883,1739364912801
149.14182304253384,-470.9759695597672,347.29333848513494,179.9260342608989,0.3152205595807672,179.61270091899684,1739364912809
149.1414803890752,-470.966708594534,347.2254892897305,179.92583115178843,0.31522870800281727,179.61282301881175,1739364912818
149.14109545278112,-470.96018588652004,347.1735860913701,179.9255523811058,0.3152633567931641,179.61288499024272,1739364912826
149.14007062385818,-470.9552586412801,347.13462260459295,179.9251852473751,0.31528941534241944,179.6128500389632,1739364912834
149.13806436791907,-470.9514151912676,347.1050108399614,179.9246887849785,0.31531100136122525,179.61266055401646,1739364912841
149.1359644401822,-470.94733319801503,347.08851005753206,179.9247899552908,0.31536110965882164,179.61244122253868,1739364912849
149.13332332053773,-470.9423700032301,347.08389369073655,179.9255232547892,0.31541996451602244,179.61215683701252,1739364912857
149.13131792515608,-470.93857411672775,347.0856887074283,179.92655573625282,0.31548163405980284,179.61195951857897,1739364912865
149.12951359482022,-470.93679864294336,347.09089691882735,179.92773774057238,0.3155402993326881,179.6117584612713,1739364912874
149.12846721223272,-470.9376969493025,347.09844705421915,179.92898741366486,0.31561324448926786,179.61163447080295,1739364912882
149.12725258742742,-470.94012062723885,347.1038633160526,179.9297889998632,0.3156533034866395,179.61148889853496,1739364912890
149.12589427462711,-470.94166701878675,347.10565412885137,179.9300464002205,0.3157000979565344,179.6113135104374,1739364912898
149.12439078219313,-470.94182764144585,347.1061414723472,179.9301143206946,0.3157089902621019,179.61115066628588,1739364912906
149.12149606882002,-470.937953958584,347.1160334560405,179.9312959121647,0.3157792855776611,179.6107972245898,1739364912913
149.11580509383094,-470.9278591262809,347.1403471587493,179.93418339625364,0.31589543714126755,179.61015469319815,1739364912921
149.10789272476347,-470.92540353852644,347.14391064342584,179.93448906081971,0.3159152135641937,179.60922563953443,1739364912929
149.09745758992565,-470.9250891243888,347.1404788284539,179.9338909984027,0.31591627084729806,179.60802648089944,1739364912937
149.08540181106844,-470.92194395762846,347.13061296923973,179.9322469265679,0.31589276768268404,179.60675462909478,1739364912945
149.0802064158441,-470.91285842769906,347.12313868335144,179.93044738951681,0.315870479884817,179.6065045514008,1739364912954
149.07763648813213,-470.90088561710536,347.1244009762659,179.92894132689403,0.3158484661613453,179.60678522211177,1739364912962
149.07411345629404,-470.88315506248915,347.13616404441615,179.92793974827828,0.3158494397058303,179.60729844743727,1739364912970
149.06772140114293,-470.8565501887122,347.15996713756647,179.92742246310507,0.3158769081491404,179.6078753321471,1739364912978
149.0568577666428,-470.820118974963,347.1957737865552,179.92726112436523,0.3159224663904283,179.60844790160957,1739364912986
149.02980730894444,-470.73978691385196,347.27436457991723,179.92712910616584,0.31602271741236815,179.6090611676499,1739364912998
149.00407069247896,-470.66647457066625,347.3474036372576,179.92733481186085,0.31612058601461485,179.60938419710448,1739364913006
148.9708756825881,-470.5741397756535,347.44431978472636,179.92840724492848,0.3162565412131674,179.60959647376427,1739364913014
148.9307557724115,-470.46242133866167,347.5591977481922,179.92925255264674,0.31640973445855985,179.60984372001548,1739364913022
148.8833839276592,-470.3311237592036,347.68657885272415,179.92872210477344,0.3165451015232383,179.61004778173267,1739364913030
148.82775245307133,-470.18049315732094,347.8266126891791,179.9268981286337,0.31665829884572977,179.61018154881165,1739364913038
148.76390334724385,-470.010209769565,347.9852165163006,179.9252351028408,0.31678516704875714,179.61026207555446,1739364913046
148.69100161382062,-469.8178744835227,348.1713671307353,179.92529618507118,0.3169669324968397,179.61020685873115,1739364913054
148.60885303612318,-469.5989498974101,348.3911457345445,179.92715000747657,0.31719822195050007,179.61010258747558,1739364913062
148.51726215773084,-469.3591065858772,348.6212908332815,179.92686829748183,0.31738304853074584,179.60989331407018,1739364913070
148.41663078475884,-469.10177392831133,348.8593946780775,179.92409048155218,0.31752427438452485,179.60958455880618,1739364913078
148.30588347095198,-468.8229738088032,349.13890400270947,179.92556610862167,0.3177670309543083,179.60913616185746,1739364913086
148.18843463934763,-468.5298710099433,349.4268420935255,179.92635542595775,0.3179532827198596,179.6090084104343,1739364913094
148.06305985766315,-468.2208588543061,349.7232546450266,179.92494296224962,0.3180408172454508,179.6090673352002,1739364913102
147.93608954123198,-467.8933187116445,350.0485322249049,179.92580568032653,0.31809919993198643,179.6096382272343,1739364913109
147.80673078849802,-467.55946757945236,350.37440317642466,179.92636695415945,0.3180008821940168,179.61023086910794,1739364913118
147.6779930154155,-467.2060451794629,350.71876073276553,179.9267011948997,0.3176590881082881,179.61094889905806,1739364913126
147.54617138570262,-466.85058685883234,351.05768181144833,179.92603855574063,0.3167661756025081,179.61130391134387,1739364913134
147.41127306532752,-466.4852127834068,351.40629446577236,179.92648451407217,0.3154327560842387,179.61132661303097,1739364913142
147.27410890711906,-466.11678952148003,351.7483708601314,179.92468229192457,0.31504910360277116,179.61076952226776,1739364913150
147.13613238777143,-465.745706543286,352.09581525902223,179.9245468843024,0.3150906431398356,179.61033826455642,1739364913158
146.92237050419916,-465.18860943298023,352.608500388358,179.9222366394595,0.3153712637340566,179.6095391129964,1739364913170
146.7785867029819,-464.8215540758982,352.9585170579615,179.92283724913742,0.3156448459200796,179.60926172372444,1739364913178
146.63997703306177,-464.4655366131369,353.289903077256,179.92179409842547,0.315840696951854,179.60959703241468,1739364913186
146.51005453995535,-464.10995440607945,353.62643268304356,179.92122993705073,0.31604483835447095,179.61029788719628,1739364913194
146.38844635746827,-463.77127866569344,353.95027277884424,179.92217757600451,0.3162571180162072,179.61114339868982,1739364913201
146.27384190562321,-463.44048826645064,354.26355142202993,179.92257608522033,0.3164301979021189,179.61173675059365,1739364913210
146.16292952976883,-463.122155195001,354.56324140409725,179.92232335856954,0.31662640835366707,179.61180347857956,1739364913218
146.056918984665,-462.82649321148455,354.8418699005454,179.92328404026483,0.31676154879796053,179.61155199794254,1739364913226
145.95470608551418,-462.5424582944972,355.1124704095174,179.9246298860646,0.31685251338299164,179.61116472294592,1739364913234
145.85808342004353,-462.2797233527424,355.34686814787256,179.92249920373735,0.3168331771306119,179.6106830386371,1739364913241
145.76707783967572,-462.04189116901733,355.56282556441016,179.9219428385459,0.31677873164246906,179.61016344605122,1739364913250
145.68221714320916,-461.82389240038077,355.76991103787606,179.92364049809137,0.3167153610906671,179.60972892970338,1739364913258
145.60585996427565,-461.6291218155323,355.94429321889464,179.92290164842703,0.31655924071086866,179.60958215008864,1739364913266
145.53732356108495,-461.45662793003197,356.0914911494847,179.92039167290562,0.31630517930361857,179.6094755142022,1739364913274
145.47943704008065,-461.3091439900107,356.2216782292378,179.9189639112741,0.3160610396066916,179.60961811908933,1739364913282
145.4340263267763,-461.17853232659746,356.3460088568731,179.9198752974898,0.31587828850763794,179.61022867562122,1739364913290
145.39738247954324,-461.0673672115644,356.4534588508073,179.921325021469,0.3157150344682036,179.6108986231721,1739364913298
145.36545647361103,-460.9780747091009,356.5409135070462,179.92253074767513,0.31557715090135874,179.61104839085235,1739364913306
145.33098316796594,-460.87946703726,356.64015965994844,179.92390863203906,0.31546412640052396,179.61137159974837,1739364913318
145.31402240326182,-460.8306975592843,356.6859622555674,179.92401528135116,0.31541641141236015,179.61140484803335,1739364913326
145.300460837361,-460.79270372199665,356.71966355347956,179.92369751347053,0.3153927816331089,179.61135325928362,1739364913334
145.29111800697956,-460.76416642140066,356.7435281583704,179.92325486331472,0.31537949524844366,179.61136118373452,1739364913342
145.28430382702638,-460.7436572808855,356.7610332928826,179.92291906897077,0.3153700885889402,179.61131581907563,1739364913350
145.28001148523623,-460.73080856031123,356.7757250480099,179.9230301687395,0.3153719644636931,179.61125388481847,1739364913358
145.2826416421775,-460.72154198050293,356.78751419055527,179.92328301085755,0.3153829392278021,179.6118691126581,1739364913366
145.28629205063004,-460.71565437642323,356.7963011879313,179.92374598983457,0.3153920918110597,179.61248138909005,1739364913374
145.29026141875357,-460.71260729127926,356.80141366394867,179.92408625511766,0.3154016339435268,179.613063381338,1739364913382
145.29225168675458,-460.71708138847714,356.79208004315063,179.9228154273171,0.3153734124733285,179.61332884851203,1739364913390
145.2930019424742,-460.7224263609355,356.7813144519224,179.9214831583285,0.31534982311064624,179.6134027515961,1739364913398
145.29278949537039,-460.72573707634626,356.7742517682444,179.92060626886362,0.3153369843035426,179.61336371149113,1739364913406
145.2915272576573,-460.7270176755381,356.77320995170925,179.92046318361614,0.3153539461128122,179.6131862390904,1739364913414
145.2893943851777,-460.73215670985735,356.77582739851994,179.92077588985543,0.31535643383692513,179.61290958968738,1739364913422
145.2861421138192,-460.743564143745,356.78191866033916,179.92151686039824,0.3153692508092924,179.61249292277216,1739364913430
145.281477523516,-460.75396277298427,356.773439806961,179.92046327533674,0.31535518532647916,179.61189557379828,1739364913437
145.27296204100287,-460.7643832087157,356.7635732107102,179.91913786832833,0.3153304809713243,179.61082142832498,1739364913446
145.26065523659142,-460.76957396477064,356.76612524222855,179.91899515456117,0.3153424662400087,179.60932837238073,1739364913454
145.24751574200027,-460.7756529138688,356.7737271042522,179.91905018038355,0.315346298396764,179.60781928837858,1739364913462
145.24100250251777,-460.782586869373,356.7875008781503,179.9194188708189,0.3153698312145622,179.60734207698317,1739364913470
145.23738136630456,-460.79325117865136,356.81010103328003,179.92032591173918,0.31539613231466507,179.60745020147564,1739364913478
145.23330456213645,-460.81046797796955,356.8411509611805,179.92141163666503,0.31542520341000013,179.60784479323453,1739364913486
145.22821113069529,-460.83691155288017,356.87498106626015,179.9218196946622,0.31543915917163795,179.60846084243028,1739364913494
145.21145144349322,-460.9013153919222,356.9433502519818,179.9226646264748,0.31548097560283617,179.60917720820964,1739364913506
145.19382222914186,-460.96206828482445,357.00386302425125,179.92346763115307,0.3154999572153483,179.60953275912195,1739364913514
145.170967796909,-461.0384674914407,357.0740111450703,179.92408359038237,0.3155110808590723,179.6097959908554,1739364913522
145.1434566680523,-461.1291024925802,357.15321182511906,179.92451243065074,0.3155081716383517,179.61001391872506,1739364913529
145.1111249909429,-461.23469021898495,357.241726487766,179.92467214471438,0.31551686759665476,179.61014614565627,1739364913538
145.0730332847247,-461.35702837397355,357.34074607880007,179.92470683257648,0.3154981010038746,179.61022760854445,1739364913546
145.03010055049893,-461.4983931054285,357.4549270697163,179.92495576299842,0.315498106616442,179.61035055505278,1739364913554
144.9819529008409,-461.6608972810208,357.5912013817337,179.9258541989017,0.3154912385684689,179.610439201001,1739364913562
144.92792389933228,-461.84154157734065,357.7380600654865,179.92558712618842,0.3154887621758069,179.61048562163626,1739364913570
144.86744065417224,-462.0355613390898,357.8858745526077,179.92346754346934,0.3154458344468489,179.61027108967767,1739364913578
144.8018162265193,-462.2450959134279,358.04597356053904,179.92178638418727,0.3154058875602648,179.6100066073091,1739364913586
144.7334644387605,-462.47123363314586,358.22806341056014,179.9222151454289,0.3154021181841561,179.60988219703012,1739364913594
144.6575480861301,-462.7052235737028,358.4175761329682,179.9226003175774,0.315398178803102,179.60954744017712,1739364913602
144.57781613519757,-462.9450080425902,358.6193370803007,179.92277013278468,0.3154084895529091,179.6091769494276,1739364913610
144.49439811931217,-463.1952116639716,358.83340702517165,179.92265087691092,0.31541498814354335,179.60893425462558,1739364913618
144.40833237402734,-463.45150930596145,359.04734836357034,179.92289431975485,0.315408485545791,179.60876600980507,1739364913626
144.32033019409678,-463.72071231341954,359.27031195410876,179.92466959781487,0.315430334339532,179.6087879225578,1739364913633
144.2355665836053,-463.98976872206157,359.4833903765843,179.92409446156267,0.31540914884144244,179.609484342986,1739364913642
144.15406964298353,-464.2559798897783,359.69399025573495,179.92249162478822,0.31537512452094796,179.6103772451559,1739364913650
144.0763581357754,-464.5213595745269,359.92138578792253,179.92376247875634,0.3154122727881946,179.61149887996416,1739364913658
143.99807890472113,-464.7780694701196,360.13906933124446,179.92465670472887,0.3154452597507276,179.61207481773067,1739364913666
143.91859721525333,-465.033649898725,360.35959301728116,179.92582745228037,0.3154832295944949,179.6121226971576,1739364913674
143.8412363659531,-465.27986497087886,360.5662965367559,179.92488198744638,0.31549489530559865,179.61207243139594,1739364913682
143.726432448405,-465.6450546843999,360.85699954546703,179.92449045381866,0.3154781327155168,179.6114984735892,1739364913694
143.6538342433177,-465.87978310870915,361.0404528332021,179.92460695323408,0.31548198359152035,179.61106475846657,1739364913701
143.58434510735952,-466.09409930657444,361.2098668824646,179.9234160675824,0.3154650108948192,179.61064650396898,1739364913709
143.51785158009946,-466.29368071564517,361.3814357845328,179.92293641163135,0.31548823803810944,179.61022174345726,1739364913718
143.45516952848212,-466.48010858891166,361.54243473771083,179.9235961381589,0.31551330150521195,179.60978505431365,1739364913726
143.39608103003758,-466.6517144152777,361.6871940596786,179.92456600576574,0.3155292614968251,179.60932560178713,1739364913733
143.3419653313853,-466.8040527835644,361.81335487701307,179.92512482965918,0.31556436596713394,179.60896446910152,1739364913741
143.2924284607187,-466.94501504574635,361.93358478816884,179.92606126044274,0.3155800547320425,179.60859006522762,1739364913749
143.24986457879095,-467.06859273378683,362.03270773090946,179.9257502616582,0.3155756847558872,179.60846261224648,1739364913758
143.21784554487843,-467.17030064676806,362.11556443315607,179.9248979853301,0.31559137788527214,179.60892521124512,1739364913766
143.1914606441903,-467.2549355047645,362.18128726692055,179.92374291314763,0.3155925857888942,179.60941259606835,1739364913774
143.17132459603837,-467.3260693116551,362.2337763958641,179.92262529662264,0.3155956232224669,179.61007757678982,1739364913782
143.15525961769106,-467.384802343611,362.2783498047813,179.92216332986342,0.31562964973743024,179.61061137254998,1739364913790
143.14212477596598,-467.4315131888151,362.31493127791805,179.9219500018017,0.31563606878158623,179.61095334386795,1739364913798
143.1304071444793,-467.46942166418796,362.34783042989676,179.92244752045684,0.31566052932776173,179.6109641076165,1739364913806
143.12095218737826,-467.4982225666554,362.37458532797615,179.92316055825057,0.3156696477793739,179.6108733059542,1739364913813
143.11558727773132,-467.51854572170544,362.39549964080186,179.9239193645198,0.31568142227462465,179.610967067904,1739364913822
143.1137849178216,-467.532009353373,362.4110399450839,179.92465621150572,0.3157011352415173,179.61123240127478,1739364913829
143.1183831354138,-467.5380603501417,362.421202515777,179.92511994829357,0.3157261084050522,179.61208440452282,1739364913838
143.1227841466023,-467.5375850654162,362.4342322334298,179.92619475809536,0.31575031814849075,179.61278140034838,1739364913845
143.1267211505348,-467.5335918117707,362.4465392671157,179.92735742976583,0.3157846750584898,179.6133482399383,1739364913854
143.1284479218038,-467.52696306591696,362.4521107594542,179.92778568612277,0.3157969724103576,179.61358352199656,1739364913862
143.1284701151519,-467.52095067326445,362.45326182596307,179.9277786753864,0.3158091740478576,179.6135774729944,1739364913870
143.12629752477088,-467.5179591301518,362.4486634971327,179.92708514994078,0.3158094492223297,179.61330217890776,1739364913882
143.1208946040687,-467.5229181405733,362.4428369624484,179.92631703236543,0.3157958813960635,179.61263192581035,1739364913890
143.10892862922213,-467.53751828447537,362.4271135764874,179.9244001265493,0.3157728189414544,179.61115252589386,1739364913898
143.0893359963196,-467.5613480161465,362.4097350298688,179.9223408602267,0.31572828789837515,179.6087679936082,1739364913906
143.0778944371736,-467.57525244226144,362.40475409857623,179.9217922104161,0.3157189022977189,179.60769745520156,1739364913914
143.07076914240753,-467.5840884917251,362.4002433784821,179.921260103734,0.3156932432954037,179.60767410393865,1739364913922
143.06043985066486,-467.5945591634422,362.39753240668256,179.9210175370243,0.31567873298616395,179.6079987362583,1739364913929
143.0439794579213,-467.61152934209935,362.3945078473479,179.92085428038675,0.31568945885895233,179.6084184007194,1739364913937
143.0196996750833,-467.636383265961,362.3902556229688,179.92060276993723,0.3156754186194439,179.60908893776863,1739364913946
142.98164311656956,-467.6735819250156,362.38308258127074,179.9201964962473,0.3156741794952996,179.6095943355495,1739364913954
142.928497608845,-467.72688504546755,362.3742039454298,179.91999745440415,0.3156604033507154,179.61003732852092,1739364913962
142.85860438718964,-467.79738819074015,362.3642739122484,179.920115851694,0.31564212853115264,179.6104863768668,1739364913970
142.76953547767977,-467.8881257006653,362.35148000055386,179.92046504415083,0.3156227643714334,179.61096048646195,1739364913978
142.660593384138,-468.00093111727256,362.3339066991232,179.92082093576965,0.31558415976130116,179.61139715908118,1739364913986
142.5292856968364,-468.13639717011523,362.3097878185878,179.92094602841146,0.3155711549767553,179.61163198148623,1739364913994
142.37208416322213,-468.29724067248776,362.2781327048026,179.9207122347209,0.31554715497590846,179.61138562331575,1739364914001
142.0802761731598,-468.59202626984603,362.21972762071834,179.9202390395378,0.31552060665366155,179.61027773528704,1739364914013
141.84719988090913,-468.82631481307016,362.16802585725367,179.91926787388715,0.3154863708033687,179.60999019614624,1739364914022
141.59462118064414,-469.0875878144675,362.11159470246395,179.9184242063054,0.31542534781948667,179.6106921415123,1739364914030
141.3252986045648,-469.37120486878507,362.06238502087774,179.91916796222043,0.3153608338247177,179.6112227651905,1739364914037
141.03177867017268,-469.6728691995262,362.01955959450726,179.9212518437642,0.3153132199912749,179.61024202428044,1739364914046
140.71588819478762,-469.9929097315887,361.9711161664505,179.92316798606552,0.3152874715426167,179.60945455199035,1739364914053
140.38310542545554,-470.3300483399711,361.908186764362,179.92382502294936,0.31528141231805035,179.61009808520754,1739364914061
140.0449057760604,-470.6806942582678,361.83254616600453,179.92326864470232,0.3152203426239848,179.61073967342102,1739364914070
139.69660166708957,-471.0351515427912,361.7609658028027,179.92324973858257,0.31516319912894264,179.61030357898682,1739364914078
139.3319817367084,-471.39578462910777,361.69769972662175,179.92400350136887,0.31515457573056965,179.61001033453618,1739364914086
138.9749287940622,-471.7585923276686,361.6291112488541,179.9239522185171,0.3151246378538361,179.61142048088968,1739364914094
138.62117680090685,-472.1256249132934,361.54978179280204,179.92276326127924,0.31506155782602424,179.61164024283755,1739364914102
138.26011167106972,-472.4818049666374,361.4856465078452,179.92333955102652,0.3150383229683431,179.61063336675457,1739364914110
137.9082091286393,-472.82304024530345,361.4226940143801,179.92370767132462,0.31507995268182587,179.6112453955242,1739364914118
137.5834327913647,-473.1519873065091,361.3560875460309,179.9232305155253,0.3150997660139617,179.61231756329897,1739364914126
137.26464763862657,-473.4764436418745,361.2899766798573,179.92256976282215,0.3151265702452605,179.61167726481645,1739364914134
136.95327890690191,-473.78622969103185,361.235592290218,179.9230791481164,0.31515203099082395,179.61090249406513,1739364914141
136.66872539345897,-474.06608124391767,361.1907636726373,179.92440783351714,0.31521478595640773,179.61154108652838,1739364914149
136.41233591774662,-474.32025586487885,361.1447436118674,179.92507761463563,0.3152670299045206,179.6120084326729,1739364914157
136.17760753484416,-474.5535876006977,361.09621713295695,179.92500019957035,0.31529372653897975,179.6115490067232,1739364914166
135.9598636120205,-474.7692237589492,361.0426932875311,179.92388184889592,0.31536388764233464,179.61048741448678,1739364914174
135.76456250604525,-474.9592288811981,360.9947237980654,179.92272476212995,0.31546441978929096,179.6100074123577,1739364914182
135.52982982505372,-475.1921466547436,360.94880922382015,179.92296064881864,0.31560260064201984,179.61077400516047,1739364914194
135.416414747787,-475.3114151540415,360.9295365847799,179.92377077871677,0.3156394339998427,179.61207440616144,1739364914202
135.32307078467213,-475.4078930419652,360.9176166169924,179.92491598762967,0.3156869086883818,179.61242786334384,1739364914209
135.24662874205126,-475.48586845311365,360.90783790524966,179.92582268685868,0.31577145252476224,179.61218425542074,1739364914218
135.1882895204475,-475.54437703226694,360.89902895987575,179.92632962981844,0.315860769529707,179.6118865789077,1739364914225
135.14291401206347,-475.58763342327427,360.89339873545055,179.92680615303843,0.3158977373495603,179.61141414700003,1739364914233
135.11104071872788,-475.6186032903604,360.88883243925454,179.92701615076993,0.3159079756697036,179.61112594052668,1739364914241
135.08934153825925,-475.63891943609934,360.88527119680026,179.92706347358535,0.3159246272937948,179.61090623974857,1739364914249
135.07572009344125,-475.6516072915241,360.8826097074855,179.92699038504892,0.3159525461045514,179.61076187896228,1739364914257
135.06708116612117,-475.65892558472734,360.87741895531633,179.9264651248219,0.315971037204217,179.61060195636864,1739364914266
135.06395385684866,-475.6576190097451,360.87594593506407,179.92630505552302,0.31598064928153224,179.61077065443277,1739364914274
135.07105925429335,-475.6495693239331,360.88074218356115,179.92685743583579,0.3159846491303532,179.61192949229897,1739364914282
135.0783356171193,-475.64109019814316,360.88740759398445,179.9276266950704,0.3159882875454412,179.61298770527517,1739364914290
135.0819269381996,-475.63702390439005,360.8920679295078,179.92817769900697,0.3159962764811103,179.61346680032463,1739364914298
135.07911844379166,-475.63291701081357,360.8986373293579,179.92895281873803,0.31598480522606204,179.6131653368696,1739364914306
135.07128656875548,-475.6224071737953,360.9150201613506,179.93087036370878,0.3160041800922601,179.61225866986916,1739364914314
135.05689774038396,-475.6119145797538,360.92194273671595,179.93160510653468,0.3160078459543257,179.61061074356348,1739364914322
135.0422518047642,-475.6112747071103,360.91521312837506,179.9307020811318,0.3160010680441999,179.60906911528073,1739364914330
135.03435043487124,-475.6127128483821,360.91308171042147,179.930337461536,0.3159969009590355,179.60857816287273,1739364914338
135.0269472626865,-475.612322331736,360.9098570474075,179.92961429196058,0.3160100231726877,179.60844013048438,1739364914346
135.01783298308445,-475.6082019832545,360.9068668395149,179.9286622656658,0.3159949024305394,179.6085606641283,1739364914354
135.0045396951293,-475.5975398604072,360.9104056103779,179.92817629409328,0.31600755711449674,179.60881504133317,1739364914362
134.97088388569358,-475.56282811746513,360.92571301291883,179.9274596717047,0.3160489340969661,179.60913257168653,1739364914374
134.93538839422345,-475.52547473935346,360.94339028647823,179.92694617684558,0.3160858046681816,179.60908460685073,1739364914382
134.88877731763543,-475.47409993292223,360.9687345904514,179.926507739276,0.31613515267782577,179.6089606344916,1739364914390
134.82911164809713,-475.4081611211711,360.9995265535012,179.92581287710888,0.31620632228163353,179.6088066459134,1739364914398
134.7552453667233,-475.3246521019652,361.04011514686573,179.92522979437263,0.31626804940850833,179.60873461171533,1739364914406
134.6647960772362,-475.22276471411584,361.0901608193755,179.92457723210165,0.3163572795839045,179.60880560097686,1739364914414
134.5591275185645,-475.0980781423499,361.15342580383543,179.92434507028148,0.3164484341348501,179.60929401477887,1739364914422
134.4378069861257,-474.94987810724456,361.2380089128928,179.92556050463912,0.316531155168817,179.61027372588111,1739364914429
134.29882622098089,-474.7816389159824,361.33213493905123,179.92667794652377,0.3166081722797766,179.61107029038058,1739364914437
134.14196894774295,-474.59359245774164,361.43976400339193,179.9282610409904,0.31666271076596836,179.6115710119757,1739364914445
133.966638205633,-474.3860021108542,361.5478972491665,179.92867101669222,0.31668191602038687,179.6116713489526,1739364914453
133.76601623695402,-474.14638268225315,361.6791631005053,179.93008589242052,0.31673143298161754,179.61085077057913,1739364914461
133.54358653707223,-473.87907603728524,361.8072067136666,179.92889719792814,0.3167946009916685,179.6098456892386,1739364914469
133.29550381224843,-473.5952280170706,361.93581585840536,179.92596749900184,0.31690878858768456,179.6091758438398,1739364914477
133.03721905712584,-473.28739753310253,362.09181790914465,179.9250859551853,0.3170367478828156,179.6099546405077,1739364914486
132.76747118514186,-472.963439916604,362.25849020876643,179.92490436585055,0.31711961263323013,179.61055816206496,1739364914494
132.48473159257435,-472.62373624113627,362.4311624946353,179.92529129663671,0.31720901290986825,179.61025500616262,1739364914502
132.17770421378148,-472.26258409002827,362.61278514339944,179.92583377200836,0.3173067024507762,179.6092044673256,1739364914509
131.86129693907728,-471.89121319601344,362.8036186098346,179.92615375118172,0.3174194633952222,179.60968589162437,1739364914517
131.54686013378327,-471.5034005144289,363.00276293918307,179.92570685300063,0.3174592982902815,179.61078814639026,1739364914525
131.22090365839534,-471.1077911163032,363.1878291118059,179.92348862588096,0.3173648193760193,179.6101879260365,1739364914533
130.88243948852858,-470.70285639546165,363.38845393947827,179.92398109102336,0.3170475038220165,179.60957816612915,1739364914541
130.5464351787871,-470.3003659710444,363.5930032844112,179.92482611174248,0.31660998080784225,179.61074732863443,1739364914550
130.21758207986713,-469.8869198977814,363.80717348179826,179.92615422754727,0.31626895133797206,179.61129993818875,1739364914558
129.7080923387177,-469.2674726172059,364.09461405930807,179.92279385352032,0.31627711539864134,179.60983079890897,1739364914569
129.37709048485868,-468.8632625105568,364.2977997589854,179.9236167921955,0.3163487130757724,179.61059530289972,1739364914577
129.05954564135163,-468.4616421805272,364.49818411312253,179.92496170438392,0.3163731375927835,179.61157545095725,1739364914585
128.73779154979704,-468.0672583202041,364.6790234141544,179.9239586181554,0.3163994772705955,179.6103535340283,1739364914593
128.41847710996822,-467.6852459871659,364.8634371683254,179.92293859005125,0.3164538161534508,179.60989800666198,1739364914601
128.1219165475285,-467.31137220638,365.05039065929134,179.92325799333565,0.3163870704963043,179.611443063689,1739364914610
127.83932423365916,-466.95501540339706,365.2128113339845,179.92271868702326,0.3162845854684348,179.61203027591384,1739364914618
127.56292950869386,-466.6089510301458,365.3762781488122,179.92352101838847,0.31620049121586713,179.61116271488922,1739364914626
127.29544131982922,-466.2903382834212,365.5229071656547,179.92275859694618,0.3161934562775364,179.6109295684701,1739364914634
127.05334770518218,-465.98501184803695,365.6737309420686,179.92291000838898,0.31616828295005406,179.61189660538554,1739364914642
126.83343706409303,-465.6993873738471,365.8029199971682,179.92158606424795,0.31610105567551955,179.61216733171807,1739364914650
126.62878542098821,-465.437848809966,365.9127911483051,179.9199133178361,0.31604683190936855,179.61144969438035,1739364914658
126.4362396125327,-465.1998081607851,366.03136310882076,179.92121397502098,0.3159919359964394,179.6100496943252,1739364914666
126.26113570597953,-464.9907819350237,366.1333105536142,179.92194216286842,0.31596622306329586,179.60924127351706,1739364914674
126.04127533625193,-464.72712010560684,366.2608072321322,179.9226411552774,0.3158712826437843,179.61019638282457,1739364914686
125.92702777088968,-464.57460476752266,366.3397713952172,179.9240694085273,0.3157038251297765,179.61148841018468,1739364914694
125.82909473081502,-464.4372559834025,366.40832142211235,179.9251046162751,0.31561592589466164,179.61218714640933,1739364914701
125.74606157265796,-464.32305216823113,366.45783628825956,179.92469395075406,0.3156192982295583,179.61231356357303,1739364914709
125.67643537645495,-464.23153339326336,366.49108699704334,179.92345719553063,0.31567319871020677,179.6120595258697,1739364914718
125.61894242653068,-464.15744687004326,366.5182517038007,179.92233860791742,0.3156806831302639,179.6115823951929,1739364914725
125.57330632326274,-464.1006875770856,366.53934740350707,179.92134106130737,0.3156762235612799,179.6111880925418,1739364914733
125.53663375932445,-464.0588021486938,366.55609096434273,179.92069111088404,0.3156846308765458,179.61076221165246,1739364914741
125.5083407499476,-464.0274579541147,366.5699363124465,179.92040351002407,0.31571016738668894,179.61040798773075,1739364914750
125.48638218535687,-464.00468956548343,366.58110454733094,179.92037537649355,0.31568330643158243,179.61009176894257,1739364914758
125.4698128614399,-463.99031170529156,366.58891803242983,179.9204726131345,0.3156555119677141,179.60976554459842,1739364914766
125.46008667652322,-463.98088420116767,366.5938988739696,179.92058110004885,0.31565338854183134,179.60972907889598,1739364914774
125.45574113181578,-463.97434738990233,366.5982161278555,179.92085726052412,0.3156487752896446,179.6099501111663,1739364914782
125.45970084927075,-463.9713892436278,366.60619077336645,179.92175036685248,0.31563038862650983,179.610928229312,1739364914790
125.4654975205694,-463.9743784469891,366.60450301845896,179.92152064562399,0.31562577433975775,179.61196046615981,1739364914798
125.471296037398,-463.9796640892053,366.5985161329212,179.920787484525,0.3156376624760943,179.61288078158876,1739364914806
125.47511269777075,-463.9836336945711,366.5937985773894,179.9202101207736,0.31564725725347276,179.613448476433,1739364914813
125.47640168243312,-463.98535888212757,366.58861361377336,179.91957177685146,0.3156742749853927,179.61364188317629,1739364914822
125.48034456736265,-463.98956221711416,366.5732024887511,179.91768247690644,0.3157213183719544,179.6141473985327,1739364914829
125.48821358649171,-463.99718479656224,366.54499149838546,179.91424290643826,0.31578749649109783,179.61511949903607,1739364914838
125.50097363738702,-463.9931455579979,366.530195828536,179.91261167019815,0.31583243065040456,179.61663806206633,1739364914845
125.50507110760192,-463.98643012697784,366.5163246928194,179.91131312713034,0.31587260087379776,179.61699434095752,1739364914853
125.5080530635625,-463.9846666742341,366.5061600388343,179.911725775243,0.3158896542340334,179.61684824823087,1739364914865
125.51133371898779,-463.9909706059021,366.4999472538574,179.91336615950758,0.31584687769423025,179.61648638388718,1739364914873
125.51974580108755,-464.0025805919972,366.4857691449955,179.91538919767711,0.31576212907042944,179.61608259092037,1739364914881
125.53512792956317,-464.0211478832805,366.45836064118174,179.91747430900182,0.31568678078343126,179.61541496553463,1739364914890
125.56196170404374,-464.0463151635646,366.4146001110397,179.9194501812056,0.3155892224401407,179.61497719730895,1739364914898
125.6006518169778,-464.0787447291788,366.35016311959635,179.92093623738543,0.315497409008206,179.614718318891,1739364914905
125.650778228415,-464.1201262877604,366.2641137604519,179.92227690623628,0.3153791580845534,179.61431740578863,1739364914913
125.7159749787329,-464.1710122795797,366.15057194846673,179.92281337951133,0.3152955568379947,179.61405564782072,1739364914921
125.79623833716036,-464.23283253697343,366.00815564253213,179.9227338702663,0.31519814942604846,179.6137887373422,1739364914929
125.89175957487878,-464.30837338524435,365.83426258760045,179.9222558976213,0.31510396148135905,179.61342560770953,1739364914937
126.00468340905863,-464.4028983947209,365.62558821630176,179.92208327780378,0.3149593756037054,179.61288061233319,1739364914945
126.13626953782817,-464.51771939142026,365.3783139969506,179.92231780531802,0.31479888760233427,179.61207537122692,1739364914953
126.29064655430827,-464.64282376408704,365.1007025164649,179.92269254235478,0.31464771876494574,179.61105189721033,1739364914961
126.47150631579532,-464.77439942116507,364.79191965425935,179.92291466836465,0.3145084467512088,179.61017023985238,1739364914969
126.68120463592547,-464.922489318458,364.44327322699934,179.92411883828098,0.31437418639939013,179.6108145363385,1739364914977
126.90735015398874,-465.09099545798546,364.04120628371027,179.92243878024112,0.3142872058220084,179.611863706396,1739364914986
127.14642580024609,-465.27504534096875,363.6136418492741,179.92267268122427,0.3141936513670997,179.61256083084504,1739364914994
127.40105901940247,-465.4722173422886,363.1558207284048,179.9231961386127,0.31408455824511367,179.61219716581493,1739364915002
127.67922388134484,-465.69142428026424,362.65397576693215,179.92273465147713,0.3139857170023052,179.61112278747294,1739364915009
127.98651114900775,-465.913886280377,362.1377268165601,179.92375772547055,0.31389944114184115,179.61140718967528,1739364915018
128.29669543933232,-466.1547136713612,361.5878519131126,179.92454141153985,0.3139123889695497,179.6113157810808,1739364915025
128.61843930113017,-466.398025929022,361.0098584598387,179.92422529717052,0.3141295475537846,179.61081391964527,1739364915034
128.9610808677712,-466.6459308374934,360.40710263652846,179.9240114880921,0.3145335290973266,179.60967866727037,1739364915042
129.3204096330025,-466.9006769297342,359.78649669693186,179.92361151381633,0.3148990643788986,179.610344116375,1739364915049
129.67543935990366,-467.16293957622776,359.15957981460093,179.92369821591615,0.31511531894979816,179.61057626907177,1739364915057
130.22505676425357,-467.5661471672949,358.20096521299814,179.9244860086268,0.31511560887090245,179.60953317621224,1739364915070
130.6017179818725,-467.83013369275653,357.54795768811186,179.92418801260544,0.3150114238079387,179.61029644061543,1739364915078
130.96699305731872,-468.09290461755376,356.89604929152716,179.9249407804959,0.31491360775488586,179.61021738085833,1739364915085
131.3389451887877,-468.36007439258236,356.2341885004805,179.92404092335332,0.31494276364670676,179.60916122454742,1739364915093
131.7188236315127,-468.61717793012406,355.5916272064873,179.92467457012143,0.31496516945427777,179.60971915539196,1739364915101
132.08167961385274,-468.8783065050267,354.9474056104558,179.92432505620937,0.31498201625319006,179.60990454070196,1739364915109
132.4393156775854,-469.1251699441489,354.31907918032124,179.92491032616053,0.31497872835590524,179.60881866730918,1739364915117
132.80050442306091,-469.36381844113066,353.6945141124859,179.9237191283521,0.3149716547449378,179.60901785907777,1739364915125
133.14106907946518,-469.59459161333746,353.1053023557654,179.92440026164928,0.314949039561206,179.60966175116118,1739364915133
133.4656831854311,-469.82632186585016,352.5312751303318,179.9250811827555,0.31500742775726537,179.60933467753867,1739364915141
133.79012048600285,-470.0377885578824,351.99481343450935,179.9270298619317,0.31514679064931084,179.60937970868827,1739364915150
134.0949740979251,-470.2413238623177,351.4684749503732,179.92665514138685,0.31531668296356785,179.60978414932757,1739364915158
134.37543009823014,-470.42452354276486,350.9835967253038,179.92790111532736,0.31540645828165,179.61035223032147,1739364915166
134.63396526171286,-470.5947848381013,350.52064734898187,179.9268608471577,0.3155609153550791,179.61026983804254,1739364915174
134.8780920109416,-470.7565231744001,350.09484589988904,179.9271375181093,0.31558793764016985,179.60956641636506,1739364915182
135.10897507727992,-470.8978133285382,349.717811599857,179.92809425991422,0.31554012638759965,179.6099112713257,1739364915190
135.31185489470136,-471.03040802199604,349.3723782317571,179.92851285045262,0.3154726876936472,179.6104003604884,1739364915198
135.48729269714093,-471.1547201062665,349.05634145527836,179.92811267273993,0.3154117357611582,179.61071926247274,1739364915206
135.6404452337639,-471.25719981132636,348.7875733952528,179.928134800326,0.31540281077192783,179.61088818166579,1739364915213
135.77477264683947,-471.3440098550085,348.5562813032735,179.928698440003,0.31543320653122225,179.61077614459438,1739364915221
135.8884054830915,-471.41862176041593,348.3510489226044,179.92874835512447,0.3153909969582231,179.61004808990944,1739364915229
136.0326873796273,-471.51066024130273,348.09053168312096,179.92620908373456,0.31537051648414155,179.60943895567536,1739364915241
136.11164794359553,-471.556470864563,347.95145483793044,179.92403756056535,0.3154046540150863,179.609695536999,1739364915249
136.17427340545015,-471.5907342160579,347.8427855695089,179.92256313243976,0.3154691269593147,179.60985502657783,1739364915257
136.2223964673787,-471.61734746662086,347.75892117312173,179.921799845988,0.31551663724256923,179.61027980263498,1739364915265
136.25672748000713,-471.63843163002866,347.6995820696148,179.9220633787707,0.31554970895604695,179.61035068336537,1739364915273
136.2799766752641,-471.6560912568147,347.6597361298765,179.92306763276227,0.31559152613803737,179.6102608909001,1739364915281
136.29621971326696,-471.6689806865069,347.63355712092334,179.92417888095721,0.315634561552972,179.6102439483696,1739364915290
136.30738808969872,-471.67696862412737,347.6169203469945,179.9249878973699,0.3156639279127994,179.6103103097957,1739364915298
136.31484577939935,-471.68195071957,347.6082530139113,179.9256634762008,0.3156688738627375,179.61042451367203,1739364915306
136.31946419256374,-471.6864911392579,347.60640283745977,179.9263548121251,0.3157067285984801,179.61055154891753,1739364915314
136.31593165297767,-471.69017729721713,347.61017513795287,179.9272577348288,0.3157158996656746,179.60988089656487,1739364915322
136.3098504196361,-471.6892114477393,347.62432902660385,179.92915419074288,0.3157585050367371,179.60904107921027,1739364915330
136.3020445215897,-471.68681988648035,347.63844222004127,179.93087388485444,0.3157695136440622,179.6080313472801,1739364915338
136.2980889081203,-471.6862314540389,347.6451922826453,179.93166935305172,0.3157781057513068,179.60755353429417,1739364915346
136.29583633458194,-471.6904993560283,347.6475986906408,179.93196864016335,0.31578211123314603,179.607304050791,1739364915354
136.29218669464657,-471.7014748834316,347.64989064346145,179.9322406590095,0.31577432892890867,179.6068850461618,1739364915362
136.28439615593524,-471.7189350878111,347.64061710802525,179.931092009988,0.3157755393523678,179.6059820581369,1739364915370
136.27281712625862,-471.7345869540951,347.6210568681128,179.9286177205407,0.315772223226316,179.60462944254914,1739364915378
136.26892649545445,-471.7419770555677,347.6129266932721,179.92738801619217,0.3157682296426069,179.60430474573886,1739364915386
136.26638916078485,-471.7479199148215,347.60801186488146,179.92629503875597,0.3157666238182604,179.60428181502647,1739364915394
136.26322204396666,-471.75666668930364,347.6071148583478,179.9253806308347,0.3157650272031434,179.6045140297865,1739364915402
136.25755991439115,-471.77124667043125,347.61335778090364,179.9249512163667,0.3157620510774035,179.60486802744754,1739364915409
136.24647125210655,-471.7955189006093,347.6270450770264,179.9250291399754,0.3157558253056027,179.60534430444315,1739364915418
136.2147486526422,-471.8542142174024,347.6617845895132,179.92575407381776,0.315753989992819,179.60600422252017,1739364915430
136.18220671884743,-471.91052447676265,347.6936327536712,179.92635580459896,0.31575953346561353,179.6064031472887,1739364915438
136.13818702572007,-471.9821901222701,347.7318088761545,179.92668585995148,0.31574200744287356,179.60672757516758,1739364915445
136.0812812702617,-472.07277408873114,347.77569945281726,179.92652767834247,0.31574068178326614,179.6069367194024,1739364915454
136.01114523698908,-472.1841811471632,347.8259661429996,179.92597139175774,0.3157342715444486,179.6073371516921,1739364915461
135.9270460292676,-472.3155028621778,347.87828959969545,179.924487309824,0.3157243041640048,179.60794600986844,1739364915469
135.82989433430348,-472.4720437214813,347.93755186469014,179.9226939566858,0.31572000094454006,179.60884212059923,1739364915477
135.7178761833528,-472.65847519766066,348.01265162763116,179.92177381482492,0.3156827452534261,179.60978754165717,1739364915486
135.59162279887406,-472.87595904305095,348.11002809019095,179.92235125569144,0.31564461362471885,179.61062421052105,1739364915494
135.44942224395263,-473.1167800363074,348.22209418672514,179.92326331729262,0.3156069232093752,179.61106746132242,1739364915502
135.29142166929987,-473.37870391096254,348.34844240701733,179.92446259586578,0.3155711357061216,179.61117122235277,1739364915510
135.1149850439869,-473.6663548226304,348.48963412542656,179.92539250604054,0.3155451689398793,179.6107739461135,1739364915517
134.91991196307993,-473.9825659094688,348.63847362415663,179.92491900320724,0.3155519294851033,179.61005451973088,1739364915526
134.7001319238265,-474.3274062392485,348.78440163833375,179.9229670130504,0.31556975710504886,179.6094997646613,1739364915533
134.464062318911,-474.7059043381713,348.94678811568883,179.92256043805946,0.31560761580674057,179.60985799968344,1739364915541
134.21863458285944,-475.10179893071364,349.1235745253165,179.92286087242292,0.3155973582149153,179.61046781700355,1739364915550
133.9649487521629,-475.5131316324467,349.3223018128208,179.92431287175899,0.3155655756974939,179.61066901972075,1739364915558
133.69543129026474,-475.9435339237961,349.51844306808493,179.92319309071763,0.31553948337015897,179.60992123097284,1739364915566
133.40891019820643,-476.400994715672,349.71526895120854,179.92232975640908,0.3155583054086025,179.60923057344738,1739364915574
133.11335930349162,-476.87051677734325,349.9330404267955,179.9238320188127,0.3155798558756847,179.60993022447082,1739364915582
132.81710065943548,-477.34184043215885,350.15800871868674,179.92475115675438,0.3156300710468852,179.61082805491637,1739364915590
132.51555394105196,-477.82336898399814,350.37332827271206,179.92297511020607,0.31565186982412474,179.61072269870292,1739364915598
132.19782899731962,-478.32604904957236,350.5962141287282,179.92314189620916,0.3156289130022194,179.6098214469411,1739364915606
131.87410581004642,-478.827480420284,350.83127395946696,179.92484255158453,0.31567105857468436,179.61007826654048,1739364915614
131.40024045194497,-479.5798199428337,351.16820280675586,179.92346916038366,0.31575751877720915,179.61107116160636,1739364915626
131.0817173650965,-480.087210102527,351.3902796548761,179.92305279153095,0.3157719235630749,179.61051889334985,1739364915633
130.75689412058708,-480.5844221665976,351.61738913620513,179.92367545581385,0.3158039263650088,179.61022740415663,1739364915641
130.44034846181424,-481.07744521979635,351.8433927637715,179.9231994299172,0.31590221059678986,179.6112759550602,1739364915649
130.13479335458905,-481.5630582333166,352.0526425954746,179.92124203330522,0.3159558469907032,179.61152280474857,1739364915658
129.83010914556306,-482.0435476455786,352.2839019687432,179.92356633442535,0.3158948841115787,179.61074349235756,1739364915665
129.52531805503924,-482.50343951406785,352.49739074768445,179.92421889167682,0.31587470967565684,179.61000987934125,1739364915673
129.23412880928603,-482.94898818213096,352.68747995205246,179.92159431646505,0.3159719605232575,179.61054377856746,1739364915682
128.96138606761394,-483.3832884241017,352.87819885347733,179.92101734203573,0.3159861526085781,179.61130637274297,1739364915690
128.70078016165925,-483.7884145635218,353.07403370701985,179.92281287121187,0.315938522797466,179.61116366449554,1739364915698
128.44185979604532,-484.1780589903199,353.261050316512,179.9243504238791,0.315912718861576,179.609985445731,1739364915706
128.1967553554535,-484.5456573680224,353.4208890216912,179.92297532700707,0.31591795470311357,179.60990669840436,1739364915714
127.96916835432906,-484.89086458555664,353.5710797118848,179.92192734012303,0.31593752790671387,179.610728108758,1739364915722
127.76804960826352,-485.20709751133677,353.7220598754623,179.92305843378617,0.31587555849235,179.61185094841386,1739364915730
127.58268201602166,-485.49370387495605,353.85695873817946,179.9240324469118,0.31582980241096753,179.61212739800993,1739364915738
127.4136080805262,-485.75536797631315,353.9799170433413,179.92480260981907,0.3157801981028078,179.6118676640481,1739364915746
127.25921219640679,-485.99273547127086,354.08848096397145,179.92474764508412,0.3157747436209176,179.61145107854537,1739364915754
127.11467387149413,-486.20692000291746,354.1722821476328,179.92303280383544,0.315787683708221,179.61072667593024,1739364915761
126.98598240101006,-486.39236915661445,354.24666390448084,179.92156931859003,0.3158413760071823,179.61034419114225,1739364915770
126.87590396435608,-486.5521927445591,354.3219998036471,179.92189008954546,0.3158468687343692,179.61031810135302,1739364915778
126.78682405930105,-486.68842860217023,354.38839232571075,179.92276329947273,0.31581776834313374,179.61069586405895,1739364915786
126.71693688655105,-486.8003869695766,354.444587199931,179.9238708018767,0.3157824165749229,179.61139503394705,1739364915794
126.65982070383534,-486.88992024721307,354.49174280985744,179.92500955154023,0.3157600496402318,179.61174386351175,1739364915802
126.59390276706029,-486.9924777111832,354.54017981262234,179.9256762890523,0.3157625048467914,179.61170146567898,1739364915813
126.56186098322681,-487.0422292070416,354.56145947137605,179.92563475366333,0.3157685411880822,179.61160320007463,1739364915822
126.53711587458704,-487.0799348059428,354.57817763293286,179.92559611732352,0.31580589297493095,179.61147242741097,1739364915830
126.5178659446651,-487.1083675947863,354.59196677100783,179.92568851333192,0.31580268047174476,179.6112563295015,1739364915838
126.50361281772015,-487.1297629037926,354.60234071666906,179.92585248614327,0.3157994185633856,179.61102279173133,1739364915846
126.49403800706962,-487.1445840547815,354.60891076524234,179.92586388311344,0.3157876418437472,179.61082619325708,1739364915853
126.48976232177517,-487.1535194760466,354.6113007090217,179.92561590091145,0.3158034079966447,179.61093158419277,1739364915861
126.49377768597716,-487.15418788247405,354.61932237794804,179.92620924859415,0.3157992998338379,179.61174039340318,1739364915869
126.49916622233445,-487.14890427308234,354.62670720235633,179.92681572960365,0.3158055418354443,179.612561531387,1739364915878
126.50364874914685,-487.1416893317998,354.6322142397158,179.92729894754854,0.3157949408662626,179.61319733300815,1739364915886
126.50617939819075,-487.1363982409437,354.6344928379055,179.92747658170285,0.31581602312525225,179.6135316943179,1739364915894
126.50626628937536,-487.1348654579309,354.6334410463782,179.92732021175325,0.3158137035143104,179.6135579705344,1739364915902
126.50679791341949,-487.13096133322085,354.6320796867602,179.92711678338142,0.3158345558240204,179.61361774980614,1739364915909
126.50975540055178,-487.1180824598862,354.6320127574037,179.9269874555142,0.3158336913266087,179.61392231477257,1739364915918
126.51816073848507,-487.09952030093126,354.640681242851,179.92790519902732,0.31582894295165126,179.61483784852294,1739364915925
126.52968571574507,-487.09303790125756,354.6402736455652,179.92780962463704,0.3158269549781831,179.61612889317422,1739364915933
126.53293191484217,-487.0913846910225,354.6374004920499,179.92753692924714,0.31582571193249337,179.61639172697647,1739364915941
126.53445010927081,-487.0883375922015,354.63241346865897,179.9269845932168,0.31583812506502884,179.616231306673,1739364915949
126.5388488747751,-487.080146128926,354.62313696315243,179.925954206899,0.3158559899321022,179.61600595619294,1739364915957
126.54616089703646,-487.064164706422,354.61290902663774,179.92489330654217,0.31588545936450524,179.61544580387417,1739364915966
126.56086261416574,-487.03581425916286,354.60169936751134,179.92380670906,0.31589473799960227,179.61486312898037,1739364915974
126.58680212670382,-486.9927271213984,354.58962074789946,179.92289165121545,0.3159138842464209,179.61456354110666,1739364915982
126.62213765409398,-486.9348206411946,354.57613199374657,179.92222202903008,0.3159409633208365,179.61417248003306,1739364915990
126.69802112639908,-486.81112959851725,354.549758271399,179.9211798761361,0.315985770023984,179.61364808422786,1739364916001
126.7647822235154,-486.70213520263104,354.5290784290627,179.9207207944687,0.31601794204177425,179.61306156408813,1739364916009
126.8477747509776,-486.5683188317456,354.5059418365749,179.92048259431553,0.31604315047721376,179.61249048593487,1739364916017
126.94790808254314,-486.4060473073395,354.4790510252974,179.92034862130996,0.31608616071611256,179.61172950183186,1739364916025
127.06728811186338,-486.2095678146421,354.44920785102534,179.92045403491008,0.31614143580800835,179.61089414129017,1739364916033
127.2106363369442,-485.9766227985439,354.4141569191818,179.92045823766807,0.31618937122039387,179.61053344668375,1739364916041
127.37649427468189,-485.7133542516371,354.38023873751956,179.92112440555087,0.3162525556070939,179.61067322065452,1739364916049
127.56165328453939,-485.4214378131831,354.3409390316598,179.92189671505952,0.316299702092163,179.61141732278128,1739364916057
127.76253119241757,-485.0973203688999,354.2871874505644,179.92182870627855,0.3163768996517133,179.61190861010013,1739364916066
127.98118678515178,-484.73450697331265,354.22455589601844,179.9215849515012,0.31646267053694904,179.61215058618444,1739364916073
128.2166480276838,-484.3369642245489,354.1743388562475,179.92369045059743,0.31649116013437584,179.61149325741223,1739364916081
128.4807183381704,-483.90722408276685,354.10686299425663,179.92429813788183,0.31648197173020276,179.6103441505435,1739364916089
128.77238475456332,-483.4434603164502,354.0271700121437,179.9242882622879,0.3164763574126846,179.61020218252526,1739364916097
129.0806904324241,-482.94253243006074,353.9641486953945,179.9263729021296,0.3164706047050608,179.61084437064855,1739364916105
129.39874613242495,-482.40969348716845,353.8804431367557,179.9261794159831,0.316567135548954,179.61100621462646,1739364916113
129.7344499103134,-481.85144689451795,353.7866104450359,179.92511847436995,0.31663786506597286,179.6102476272733,1739364916121
130.09558604097808,-481.2566348913786,353.69519114646073,179.92485754033737,0.31664637433574805,179.60990253003237,1739364916130
130.4652976887968,-480.6458224478409,353.59339728451675,179.92409725578582,0.3165788205875873,179.61037772240408,1739364916138
130.83969751820794,-480.0122149256967,353.4985132172465,179.9252068623161,0.31656065724146243,179.61008718837226,1739364916146
131.23441951648604,-479.35448916645316,353.38447549600596,179.9248384301248,0.3165795825825819,179.6092502924976,1739364916153
131.64194164825562,-478.68525478064896,353.28818139526004,179.92688889841398,0.316600003254148,179.60977933523134,1739364916161
132.04539045953877,-477.99296112109334,353.17845052365686,179.92691280015188,0.3166420662066654,179.6098015865531,1739364916169
132.4610427125187,-477.29353425536607,353.06013761551384,179.92584316174336,0.31675390681232607,179.6089754000204,1739364916178
133.09447664761657,-476.23460638881016,352.88039016004996,179.92481003659302,0.3167880841551509,179.6102368647511,1739364916189
133.5063554687269,-475.52781200958225,352.767866683193,179.92610660337013,0.31679302628384404,179.60965304172274,1739364916197
133.93182050013414,-474.8157944304757,352.6422341704351,179.92566824422744,0.316692992155268,179.6096183249262,1739364916205
134.34702064035244,-474.1036827294304,352.5316053182561,179.9267284346912,0.31645693829303495,179.61048677365932,1739364916213
134.75077788156895,-473.40610004766097,352.41412300909366,179.92638957735156,0.31628204760388845,179.61020416210204,1739364916222
135.16075363581078,-472.7056674427679,352.2915611651799,179.92478958941302,0.3160989161902538,179.61015776618794,1739364916230
135.55536479544898,-472.0226886318123,352.1730572618843,179.92412066467597,0.3159159448968502,179.61074147467187,1739364916238
135.93153831555009,-471.3593066769152,352.0607470364587,179.92491208480385,0.31575131938539236,179.61013445113184,1739364916246
136.31336000768968,-470.7070658447867,351.9501978902165,179.92571496793997,0.315632475209252,179.60985051514695,1739364916254
136.6748067301688,-470.0802826203799,351.84330670427363,179.92624845879075,0.31552665031279775,179.6100962016568,1739364916262
137.0153233874744,-469.4702915192236,351.73682314266375,179.9257481503503,0.31555558646812454,179.61013468873955,1739364916270
137.34701990969165,-468.8919088585274,351.6281455705911,179.92407333367214,0.3156168376473897,179.60946182043017,1739364916277
137.67002727716985,-468.32866339574474,351.5282798155853,179.92322490668934,0.3156380318940526,179.6097900321004,1739364916285
137.96639236669918,-467.80838004616277,351.43822690004004,179.9232182499616,0.31565982483921007,179.61042133132918,1739364916294
138.2380980997659,-467.3183578857915,351.3478380222251,179.92299239849484,0.31572712186835583,179.61024570875776,1739364916302
138.49586430088092,-466.8594156574476,351.2858807782596,179.9258043972435,0.31579089874320593,179.60949558458572,1739364916310
138.85852469894246,-466.2340017945583,351.1648948460217,179.92471076419628,0.3157982789859914,179.61006987472973,1739364916321
139.06384908467828,-465.86583445826875,351.1070513911194,179.92553625989322,0.3157882059540623,179.6101409079086,1739364916329
139.2470946284339,-465.5254558102524,351.048390682355,179.92537793847472,0.3158653975762026,179.6103229289528,1739364916338
139.41060207109135,-465.22279963544,350.9932740898567,179.92474160359737,0.31590712976327007,179.6101709850872,1739364916346
139.5578741129643,-464.9606221948903,350.9437215299355,179.92389046277793,0.3159180222648352,179.6097478364938,1739364916354
139.68906393078214,-464.73374484510094,350.89583272131085,179.92285184584335,0.3158657693329187,179.6090835302406,1739364916362
139.8061601305239,-464.52909009042486,350.852176995166,179.92157503295292,0.3158307743152826,179.60909758257958,1739364916370
139.90749315342464,-464.35201959916077,350.8209263680902,179.9211759646266,0.3158244311144613,179.60976887782445,1739364916378
139.99028740179727,-464.2098725261608,350.79709213521255,179.9212447842238,0.31580323835207524,179.6103798998707,1739364916386
140.052205227962,-464.097409826488,350.7812345678309,179.92189560146156,0.31580662191130215,179.6103867731012,1739364916394
140.09934072474678,-464.0075793139609,350.7689349881232,179.92265055681796,0.3158137750601073,179.61018016999802,1739364916402
140.13662431301586,-463.93810314694304,350.7591641754432,179.92340678620016,0.31580369265867464,179.61020114258795,1739364916410
140.16490958094312,-463.88349300191163,350.7519373017508,179.92405368707202,0.3157933585806391,179.6102320337925,1739364916418
140.1870424744948,-463.84242754658965,350.74261155991337,179.92403864462824,0.31576421622184536,179.6102625639214,1739364916425
140.20409988141225,-463.81165947042433,350.734839089317,179.92385076350243,0.3157428530158332,179.61036999751673,1739364916433
140.21681335607155,-463.7894979850476,350.7278682322042,179.92347608012025,0.31570943087145875,179.61057398822385,1739364916441
140.22565281595595,-463.7747201457145,350.72189068350326,179.92300888440377,0.3157127102924093,179.6107861347168,1739364916449
140.2292350417843,-463.7665075254833,350.718262409431,179.92273377802925,0.3156940827382054,179.61065368248046,1739364916457
140.2260620599409,-463.7664481901395,350.7127847646319,179.92218129445175,0.31566868502139145,179.60992198249193,1739364916466
140.22076786421658,-463.7740510110833,350.70702881498994,179.92157505343295,0.3156441846773286,179.60903408986306,1739364916474
140.2154556256826,-463.78279435000195,350.7038270311832,179.92126172692647,0.31564195412341706,179.6082569407353,1739364916482
140.21323553947175,-463.78757367410384,350.70308429140545,179.9212343384226,0.3156244076779311,179.6079369769859,1739364916490
140.2097732612121,-463.7868975278119,350.70735001141827,179.92178474495822,0.31563716366306993,179.60747089862403,1739364916497
140.19760686085922,-463.7853539719001,350.7158462020074,179.92282490347893,0.3156571977764154,179.6059880365341,1739364916509
140.18420239369226,-463.77886706781203,350.73109565982764,179.9246879743374,0.31568194193354476,179.60442151698976,1739364916517
140.18075415718207,-463.76576007022163,350.74595723118193,179.9264700397839,0.3157092073559467,179.60419388461636,1739364916525
140.17705317639567,-463.755687001852,350.7440866612984,179.92617327187907,0.3157165980123699,179.60417846572878,1739364916533
140.17148559505233,-463.7505311192661,350.74505746204596,179.9262192956668,0.31572410874187107,179.604450910152,1739364916541
140.15980074152105,-463.74778241114973,350.74578518100026,179.92616151328957,0.31572498353999606,179.60486609775415,1739364916549
140.1384786752685,-463.7456010508545,350.74834254607043,179.92621986929655,0.3157582165414006,179.6054390692455,1739364916557
140.1030829411167,-463.7439079541419,350.75449565814586,179.9265662018001,0.31577939994877996,179.60595357799423,1739364916565
140.05230854001582,-463.74111222680017,350.7626939084653,179.92687415866615,0.31579480643398977,179.60624541802898,1739364916574
139.9838007805422,-463.73574375666374,350.77262836998466,179.92692962053118,0.3158401324948103,179.60665444875164,1739364916582
139.8942410800346,-463.72748974100966,350.78669622960757,179.92693790589672,0.31587811563677004,179.60701254743623,1739364916590
139.77815577129618,-463.7167736637049,350.80255626961156,179.9265752715512,0.3159488817601704,179.60711404372768,1739364916597
139.63281187798742,-463.70342502344903,350.8217172488317,179.92603525712823,0.31600126416218405,179.60719115770243,1739364916605
139.4591716584393,-463.6863733214938,350.84895753400735,179.92595898516922,0.31608169494259897,179.60774360448315,1739364916613
139.2585138731651,-463.66584180507533,350.88236050155433,179.92601903885915,0.3161532077373841,179.60872255443164,1739364916621
139.03335711661526,-463.63895384472073,350.92316788069365,179.9264150011716,0.3162308967510357,179.60964606351058,1739364916629
138.77669056498516,-463.607998666248,350.9719381238521,179.92713331953587,0.3162871850861556,179.60965808615265,1739364916637
138.48544420533122,-463.5758843105945,351.0244514856269,179.92769719075693,0.3163390183876437,179.6094354372012,1739364916645
138.15153199895747,-463.54497292092447,351.0797181207562,179.9280126883895,0.31640151196841126,179.60942610003218,1739364916653
137.79594050758115,-463.51055093605,351.1358948144103,179.9279471500225,0.3164434090429192,179.61036966502758,1739364916661
137.4180010773995,-463.47068719306947,351.1964841378916,179.92779632608384,0.31641207576139874,179.61039242055034,1739364916669
137.00198581441708,-463.4315140796965,351.2607438211953,179.92753257569242,0.31638400371179315,179.60988818858544,1739364916677
136.56643105312446,-463.3843786065129,351.33481661872213,179.92798184978045,0.3163683514596215,179.6105133077061,1739364916686
135.88150146134706,-463.300593954792,351.45331550005244,179.92839099663703,0.316255386230692,179.61019649084471,1739364916698
135.39986465187872,-463.24430076578426,351.5234255596643,179.92699510874368,0.3161990806231608,179.61084753768563,1739364916705
134.91641051654918,-463.1851158469719,351.58837800147364,179.92460512454616,0.3161325081429123,179.61102630126038,1739364916713
134.41213673540784,-463.1280480532689,351.6607387417727,179.92297607108188,0.31606174201590276,179.6110341257689,1739364916721
133.9139149348765,-463.06617278313075,351.7433420000589,179.92267766291147,0.31603704631299884,179.61136224145065,1739364916729
133.39954828815885,-463.0098687082312,351.83310644236127,179.92361615321343,0.315867236716318,179.6099481900068,1739364916737
132.8930492244738,-462.95511624918095,351.91780462016163,179.92424005962297,0.3157554115366987,179.61030474069642,1739364916745
132.40010992382022,-462.90040059040496,351.9983119098174,179.92479766905106,0.3156073553521282,179.6102975382677,1739364916753
131.90290953389177,-462.8478455919304,352.07693130619947,179.9253135522747,0.31554647580560335,179.61060845865626,1739364916761
131.43049007855853,-462.7834526336897,352.15732437221516,179.9260589225703,0.31554318835146306,179.6110158355866,1739364916770
130.95976855526087,-462.72304552910236,352.2319061718393,179.92617235276114,0.31552644051815004,179.61049455880982,1739364916778
130.51453337453896,-462.6659103524197,352.298196989294,179.9254738742997,0.315575304598097,179.6111502997003,1739364916786
130.09475201828806,-462.61294587488845,352.3618739236542,179.92467061025894,0.31557683135005066,179.61089323926896,1739364916794
129.6874414550315,-462.5677258725835,352.42062616130255,179.9235072494887,0.3156608257955604,179.6106802434327,1739364916802
129.316224935091,-462.51839010825285,352.48292342657527,179.92319355150283,0.315755546540639,179.6110949278343,1739364916810
128.9793631398669,-462.46896588512413,352.54642952295785,179.92359409053967,0.31577452767808456,179.61114283549165,1739364916818
128.65611514535289,-462.42925780085284,352.6023443572783,179.92401643732995,0.31579392330293793,179.61065387813005,1739364916826
128.3646711073995,-462.3946436673086,352.65024162861334,179.92422564132406,0.31582405369561567,179.61115763725945,1739364916834
128.12349190579343,-462.36074948580494,352.6872936867481,179.92390827267027,0.3158190333877928,179.6125567374761,1739364916842
127.90684142094219,-462.3328773793045,352.71823235566666,179.92358527546548,0.3157934324854671,179.61235965855934,1739364916849
127.71406896920423,-462.3102866091888,352.7429792858793,179.92313526285417,0.3158136246500859,179.61160665963607,1739364916857
127.54597701350053,-462.2925595824807,352.76312365403663,179.92266347437348,0.3158453655878542,179.61114205341605,1739364916865
127.40679148192311,-462.276831118944,352.78008411232554,179.92237101223031,0.3158717291014917,179.61103476292706,1739364916873
127.29921779977799,-462.2619055981608,352.79692362590686,179.92248687607227,0.3158683025850353,179.61133482974054,1739364916881
127.18721156111987,-462.2424730852118,352.8162264944877,179.9226877753386,0.315842822140599,179.61180688561538,1739364916893
127.13436319585972,-462.23236778339805,352.8274163258773,179.92300979529773,0.3158446364250002,179.6118434461406,1739364916901
127.09452306044459,-462.2252773753057,352.8369004272043,179.92340361581014,0.31584906082815434,179.6117016911541,1739364916909
127.06566335332514,-462.2207137908114,352.84536920568496,179.9239048831869,0.31584342824344386,179.61149095935878,1739364916917
127.0452164549411,-462.21767109212897,352.85220540589955,179.92435849686794,0.31581270715284954,179.6112040804557,1739364916925
127.03273166591659,-462.21737018869493,352.8596958816357,179.925025436863,0.3157921529811258,179.6110807492342,1739364916933
127.02454883499156,-462.2212868687577,352.8588293205013,179.92475795014985,0.31578457580964014,179.61093764758462,1739364916941
127.02148473756822,-462.22685757076874,352.8526466904093,179.9238832578545,0.3157790933597854,179.61106936636867,1739364916950
127.02823810077379,-462.2306978765984,352.84401416877097,179.9227630716645,0.31579078301081537,179.61221218875724,1739364916958
127.03528767935052,-462.23268315910514,352.83665558829324,179.92179792392494,0.3157869705101836,179.61321313605072,1739364916966
127.0409478975908,-462.2329635338384,352.83243274702653,179.92120677305502,0.315797733469347,179.61395801382892,1739364916973
127.0452459585869,-462.23319551889443,352.8295352306759,179.9208261107478,0.31580432584184087,179.61449303149328,1739364916981
127.05392087358261,-462.2349472292147,352.82270646058794,179.91998237584508,0.31579061725406765,179.6155622717702,1739364916989
127.06479789827368,-462.24097365983084,352.8100965278379,179.91843846386257,0.3158003899410007,179.6168517087663,1739364916997
127.06758565645748,-462.2496282919245,352.8001791130728,179.9172473323254,0.31579569685212017,179.6170553499374,1739364917005
127.07015165548712,-462.253165990067,352.80498408572436,179.91789062590541,0.3157783625558668,179.61696372708056,1739364917013
127.07674775619637,-462.2549688057804,352.8127553722872,179.91891159882624,0.3157598377376221,179.61679945618022,1739364917021
127.08736550020413,-462.25413786020295,352.81630528073623,179.91954641630076,0.31573462790224766,179.61618991662488,1739364917029
127.10724964447681,-462.2519107709405,352.81789826128517,179.92009197436485,0.31569390803325215,179.6154087448983,1739364917037
127.14354020192111,-462.2488611213743,352.8133531757035,179.9200995741904,0.3156847183657075,179.6151394666682,1739364917046
127.19318962160978,-462.2484963462128,352.80325842685824,179.9198928061863,0.3156625935357006,179.61470914935086,1739364917053
127.25891677978757,-462.2518371225253,352.78840791394117,179.91967484805855,0.31563479297563224,179.61426782536157,1739364917061
127.3417241986546,-462.25806426628645,352.7701693383881,179.91967632500447,0.3155968168795413,179.6138503865759,1739364917069
127.499864052559,-462.27446906831864,352.73348190513997,179.91971758426257,0.31549919961684897,179.6129745527294,1739364917081
127.63174922715548,-462.28807873292794,352.70233792905725,179.91962205306206,0.31544887622020307,179.61217865639128,1739364917089
127.78781729376684,-462.3031492319052,352.667745958803,179.91974080676113,0.31536654160969385,179.61144060719718,1739364917098
127.96778575992859,-462.3209683205557,352.6295489882757,179.92009080178158,0.3152586441537289,179.61130416550793,1739364917105
128.16239673089726,-462.34104651603013,352.5909928802091,179.92107952203125,0.31514283365836343,179.6116764769288,1739364917113
128.36876152789824,-462.36485651993405,352.54749232776885,179.92212963423592,0.3150700691079473,179.61209871660535,1739364917121
128.58467051033165,-462.39179592382607,352.50148209550224,179.92329950968227,0.31498012478675796,179.6120495316636,1739364917129
128.81325309987565,-462.42170431856647,352.45045699554254,179.92435422840555,0.31490894925837787,179.61107828176014,1739364917137
129.05780481502407,-462.45081070667044,352.3974674081096,179.92546595748664,0.314817147980618,179.61015284083288,1739364917145
129.31235988508945,-462.47989549246273,352.33466420815364,179.92529336785685,0.31474409716340823,179.61053255871326,1739364917153
129.55727606732336,-462.5130056606324,352.26917545593295,179.92467238738587,0.3147531001401789,179.61069306115456,1739364917161
129.79832696450976,-462.5455188351273,352.2032639907502,179.92369445043374,0.3148446337213799,179.61067697593901,1739364917169
130.03515002189658,-462.5731496389032,352.142757094878,179.92299336339025,0.3148904572949372,179.60995827645925,1739364917178
130.27210482166976,-462.595669561916,352.0894318008968,179.92277488296816,0.31488805602272846,179.6094017239825,1739364917186
130.49722039401067,-462.61540846670977,352.0416777752131,179.92292247846277,0.3148636920009447,179.6097334580546,1739364917194
130.70280855759012,-462.6353831568678,351.99829728949203,179.92321328367322,0.31486122873938394,179.61012331898905,1739364917202
130.88754867210454,-462.65504738989586,351.959266757866,179.92358550089114,0.31487565374475535,179.61031979537745,1739364917210
131.0562084807713,-462.67376692134775,351.9224061747439,179.92378264935115,0.3149147586309518,179.60999493580758,1739364917218
131.2099510166283,-462.690020178625,351.8889200354786,179.92392598801126,0.31491688514717514,179.60929238755267,1739364917225
131.35039775724388,-462.70330562270635,351.85624348201736,179.9236526429646,0.3149345645938033,179.6090193595632,1739364917233
131.4722783715515,-462.71525136593004,351.82657797147095,179.92325279519125,0.3149722270885934,179.60935421605495,1739364917241
131.57306700540022,-462.72545821368976,351.80196552274936,179.92290410717726,0.31502277866035705,179.61016935729853,1739364917249
131.64962240170158,-462.73556099442715,351.7792463678234,179.9222496455158,0.3150611046797757,179.61053782916096,1739364917257
131.70479970227984,-462.7445309853378,351.7625237340408,179.92188550132707,0.3151143128770706,179.61031971885143,1739364917265
131.7478621790846,-462.750659222811,351.751664612335,179.92187111363026,0.3151532826463287,179.6104326334804,1739364917273
131.79027297847233,-462.7564139122107,351.7426721950097,179.92219091236728,0.31518924838631157,179.61066232597673,1739364917286
131.80579213552053,-462.75691381296093,351.73558562110185,179.92197696799624,0.3152491605810008,179.61058146842913,1739364917293
131.8148906821325,-462.75611922826124,351.73181564900557,179.9219573315188,0.31528474601326806,179.61049648322086,1739364917302
131.82054166895176,-462.7512062000519,351.73824863143443,179.92298737903573,0.31530940844539945,179.61049393091193,1739364917310
131.8199912701092,-462.7460158946139,351.7482841986971,179.92433867497587,0.3153472881241038,179.6099910614333,1739364917318
131.81598157839736,-462.7418448819346,351.75914234117573,179.92573860967755,0.3153852179343379,179.6092509366174,1739364917326
131.81059393512103,-462.7404045764197,351.76656993624476,179.92671081367263,0.3154119526626975,179.60848798499399,1739364917334
131.80645077322018,-462.7418821345451,351.76796839923617,179.92694199912498,0.3154295455923659,179.60792466249453,1739364917342
131.80614032128568,-462.7474424486412,351.76285922656837,179.92631693722856,0.3154582355418406,179.60788709204363,1739364917349
131.80612532739678,-462.7645000462338,351.75043788431003,179.92482150250225,0.3154788198876725,179.6079056765793,1739364917358
131.80597482911247,-462.78643234412226,351.73803695894026,179.92332599214794,0.3154954485387824,179.6079108484893,1739364917366
131.80587512186307,-462.7971278250149,351.73432935731495,179.92290508061785,0.3155313884618996,179.60791522938632,1739364917374
131.805464399176,-462.8045282855886,351.73170697960535,179.92258596978957,0.315548905468041,179.60789994619438,1739364917382
131.80307988266057,-462.8147095036228,351.73056163068037,179.92247747955201,0.3155556454540944,179.60764783714404,1739364917390
131.79714059419868,-462.832322220224,351.7295272171859,179.92238962457955,0.3155637488466276,179.60700170931443,1739364917398
131.7890143667042,-462.8572176872414,351.7287488253588,179.92235643035244,0.3155726225451118,179.60613841540146,1739364917406
131.78425238674276,-462.89256053913635,351.72864352977064,179.92245254062027,0.31556397631570304,179.60577903253693,1739364917414
131.7821001855624,-462.94162122199106,351.7310609258741,179.92292310784208,0.3155397634157797,179.60589781402103,1739364917422
131.77931811924978,-463.0069538766391,351.7325953358465,179.9233674561343,0.3155160538929768,179.60613197296567,1739364917430
131.7713553255629,-463.1419258488853,351.7366949104926,179.92449511505168,0.31544953126545183,179.60654667962294,1739364917441
131.7616085146943,-463.2594485896581,351.7356920071622,179.92491620459364,0.3154049482557651,179.60675322017838,1739364917449
131.74866496660346,-463.4017615863591,351.73287624479184,179.92523735712862,0.3153485223327422,179.6069999708598,1739364917457
131.7325297656964,-463.57248657142617,351.7250190371719,179.92509897451373,0.31528756652927,179.60740705350173,1739364917465
131.71254810256536,-463.7742738620693,351.7096647988162,179.92421544598236,0.3152499243478914,179.60780282746393,1739364917473
131.6880916024872,-464.0134118914267,351.68302241326626,179.92217114354628,0.3152207806477177,179.60800118358796,1739364917481
131.65964379873606,-464.28679522634695,351.66943459667897,179.92203269121313,0.3151588732646151,179.6082306538811,1739364917489
131.6267370406418,-464.592557004062,351.6662638371475,179.9233651714384,0.3150704420249686,179.60845549240295,1739364917497
131.59029633907164,-464.92946041188344,351.65441629280235,179.92386467334194,0.31501959669034274,179.60877044884745,1739364917505
131.54902585364474,-465.3048001821719,351.62492189582565,179.9225246735924,0.3150036917877192,179.6089856676631,1739364917513
131.50379824920753,-465.7140861163225,351.6132400271582,179.9236820847967,0.3149962547825577,179.60912040416167,1739364917521
131.45424785990346,-466.15215639099387,351.595318494367,179.92412293405238,0.3151100507707032,179.60913688498806,1739364917529
131.40143314400817,-466.6182585276347,351.55148122700973,179.92155604069083,0.315368703308759,179.60910896148744,1739364917537
131.34504829722903,-467.1113781571897,351.5355746844681,179.9227399771417,0.31577758168884795,179.6090149110729,1739364917545
131.2858051838221,-467.63063738353037,351.49840277700196,179.9216050483033,0.31646152258141935,179.60888668843697,1739364917553
131.22456136903003,-468.17122916795347,351.48062771301073,179.9231005972594,0.3169507916637802,179.60900579516814,1739364917562
131.16062151258012,-468.7293169685994,351.4433943198619,179.9223189297846,0.316988262628413,179.60913292048954,1739364917570
131.09385512393595,-469.3026254881823,351.4189797164257,179.92341127197372,0.31679570375228056,179.60923040077097,1739364917578
131.0272523035415,-469.8847953199701,351.3829744636534,179.92305618782248,0.31655142399442443,179.60970192719594,1739364917586
130.96052117402724,-470.4759657824705,351.355540528359,179.92414828377017,0.3162617819199914,179.61015393261692,1739364917594
130.89430728899012,-471.0725617025515,351.3133589997348,179.9234252077732,0.31599515661037997,179.61067160893901,1739364917602
130.82785360212478,-471.6705906483525,351.2856191623641,179.92463955860723,0.3157321741491392,179.61111279205733,1739364917610
130.76187648915663,-472.27020834724823,351.2318079511947,179.92259635645118,0.31550563676572657,179.61139364486698,1739364917618
130.66343651405023,-473.15733552248673,351.18889871648884,179.924636564931,0.31519625885716757,179.61157863738154,1739364917629
130.5988826041633,-473.7393204190141,351.1494257477675,179.9246656270527,0.31504690927953427,179.61153181671466,1739364917637
130.53597855075964,-474.3120503532337,351.1134102327335,179.9250548511568,0.31492131718620303,179.61157662439143,1739364917645
130.47369836933933,-474.86788592711184,351.0741081301776,179.92502881909834,0.31486177542868765,179.61137420072296,1739364917653
130.41324658289767,-475.4101525184185,351.0412687347854,179.92558040080482,0.31484088922455505,179.6111973117243,1739364917661
130.35443837176769,-475.9317360972478,351.00153241814047,179.9252953329339,0.31488039891838504,179.6109331729676,1739364917669
130.2979628654207,-476.43006811095995,350.97058838530484,179.9260297687765,0.31497333829635393,179.61066782407488,1739364917677
130.24468161546633,-476.8982654443573,350.92412507216346,179.92454845627736,0.315173278591233,179.61053261983437,1739364917685
130.194258596228,-477.33508080907495,350.8985813094076,179.92544503819815,0.3153619917288969,179.61039745224883,1739364917693
130.14665753060487,-477.7452771281595,350.8553653240844,179.92381011791608,0.3155368580771885,179.61023453359792,1739364917701
130.10199724975192,-478.1190442631921,350.82281602902776,179.92342308729442,0.31562937858980283,179.610090388417,1739364917709
130.06072079945562,-478.461899177252,350.8091815858882,179.92505910812426,0.3156733826419436,179.6099105869158,1739364917717
130.0233614988741,-478.77449807797046,350.7763505145768,179.9239869841311,0.31572234307519964,179.6097895505484,1739364917725
129.99019557196542,-479.04966498245074,350.7487284460602,179.92336130162263,0.315761121797247,179.60973737284263,1739364917733
129.9607833347193,-479.2881614077658,350.7348154655602,179.92403124355357,0.3157585335197947,179.60967891419804,1739364917741
129.93501543520605,-479.4956524192536,350.7250603346009,179.9247261064532,0.31574739533244145,179.60963494733102,1739364917749
129.91293116883264,-479.67635780078433,350.71103012350443,179.9246912086801,0.3157328126555271,179.60960606170204,1739364917757
129.8952229640479,-479.8283064927335,350.69173932079656,179.92387945787752,0.3157301891669845,179.60970677474927,1739364917765
129.8807523212478,-479.9501957502832,350.6766921773202,179.92331755803335,0.31574162435015624,179.6097876660893,1739364917773
129.86903936217843,-480.04482486997136,350.66689661759597,179.92310121348132,0.31577751062890747,179.60984974263755,1739364917781
129.86045461985867,-480.118507451308,350.6607185520698,179.92305963269246,0.3157940021128884,179.60996038166675,1739364917789
129.85392177621938,-480.1740912369628,350.6578030788323,179.92324768680487,0.3157879764790259,179.61009224703176,1739364917797
129.85260628206726,-480.2316165578504,350.6611187712825,179.92425200887672,0.31579545643131757,179.61086123343435,1739364917809
129.8553543392328,-480.2567870184456,350.6631676274152,179.92480451352483,0.31578015446148244,179.61159925989728,1739364917818
129.85841652077073,-480.2738961473675,350.66344417860415,179.92506450999886,0.3157956652546665,179.61222648299903,1739364917825
129.8605795738588,-480.2843912066447,350.6636053538601,179.92520851858364,0.3158117664305654,179.61266268870406,1739364917834
129.8614856834105,-480.29071726023756,350.66318090434476,179.9252362882397,0.3158127163126593,179.6128805049558,1739364917842
129.86145675960924,-480.2904827146384,350.6646390411159,179.92543398788027,0.3158238806923486,179.6129291159099,1739364917850
129.86130777243616,-480.2839968777608,350.67212933636637,179.92632486878404,0.3158242563207658,179.61292717911851,1739364917858
129.86062026338087,-480.27775687653696,350.67861304615394,179.9270727349643,0.3158129359789637,179.61286335328035,1739364917866
129.85946216262965,-480.2760325252551,350.68125576366396,179.92737179323316,0.31581070288043034,179.61270875074788,1739364917874
129.85983416219915,-480.2771635307694,350.6835619449893,179.92766412859584,0.3158058167201726,179.61276494667385,1739364917881
129.8621282520328,-480.2811145969747,350.6919894219155,179.92871768549313,0.3157881201294521,179.61304351860002,1739364917889
129.86866153400476,-480.2855538168323,350.70374524282033,179.93015187529647,0.31576421332320503,179.6138278251963,1739364917897
129.8801199383166,-480.28644416740883,350.7119459601415,179.93108252568462,0.315735401047185,179.61514645810325,1739364917905
129.8860775913538,-480.28886576482245,350.7211191545736,179.93197202445944,0.3157213487017184,179.61569099225844,1739364917913
129.88743284807273,-480.29275411882367,350.73254584908955,179.9328131204617,0.31571594651133467,179.6155101899668,1739364917921
129.89151445333258,-480.2957240973046,350.74908813310844,179.9335572819919,0.31570159115266316,179.61537485741667,1739364917929
129.9003085905297,-480.2969116852733,350.77629020108355,179.93447580666336,0.31569715569689555,179.6153303555171,1739364917937
129.91570348187102,-480.29813437401543,350.816458659602,179.93566130381816,0.31566610067945694,179.61527007983284,1739364917945
129.94002933626055,-480.3041708866521,350.85850539816306,179.9356716633443,0.3156707358739068,179.61513897107184,1739364917953
129.97507302741047,-480.31368519375536,350.9132106093649,179.935606804607,0.3156708986353863,179.61500632378662,1739364917961
130.02030730878528,-480.32345345371834,350.97989991741406,179.9345970828592,0.3156912229951535,179.61484513952212,1739364917969
130.07647945651,-480.33368306313145,351.060146249853,179.93275683631742,0.3157364321628858,179.6145003500842,1739364917977
130.14558576160508,-480.3451249433975,351.15919072525924,179.93083307047633,0.31578132389929897,179.61413216095332,1739364917986
130.22728793026238,-480.3587224995762,351.2794430931002,179.9293626294248,0.31583060316269956,179.6136265399105,1739364917994
130.37552611095123,-480.3814279662278,351.50136434252374,179.9278943698697,0.31586680665852584,179.61294942408114,1739364918006
130.49309143460314,-480.4009809299679,351.68492500949594,179.92742757636685,0.31589031723030625,179.61267747420342,1739364918013
130.62654175858884,-480.4209504472475,351.8940904906119,179.92589558605374,0.31592611016762057,179.6122331567162,1739364918021
130.77791678017783,-480.4436459893726,352.13043854634464,179.92496929697538,0.3159510451003603,179.61161598325856,1739364918029
130.9477346189455,-480.466080580281,352.38938217616703,179.9252267135863,0.31596949892858067,179.61087518391062,1739364918037
131.1384270190925,-480.48589718033173,352.6683694125523,179.9250799124761,0.31602125834601935,179.61074464348135,1739364918045
131.33943469841682,-480.5088851026112,352.96804446051414,179.92386047071122,0.31606077346894484,179.61097461128506,1739364918053
131.54547298902102,-480.53424223061654,353.2821638928483,179.92351493034812,0.3161043524358976,179.61122357827307,1739364918061
131.75558026657737,-480.5587842484434,353.60850524626244,179.92261495352216,0.3161608635803386,179.61125994317106,1739364918069
131.97119678888308,-480.5872446088739,353.95354654905213,179.92206871904304,0.31620931863774576,179.61079649734415,1739364918077
132.1963479760674,-480.6152303564179,354.3031858842752,179.92201483468915,0.31621444850674,179.60963651342632,1739364918085
132.43403263850385,-480.6388441876977,354.6585425576712,179.92080738819212,0.3162023482090309,179.60919697660955,1739364918093
132.67634483211782,-480.6649647664403,355.0273332507148,179.92154026024102,0.31618391799479495,179.60980072460146,1739364918101
132.912000917675,-480.6896287508859,355.38695351949957,179.92087821693806,0.31618718649020805,179.61057461181028,1739364918109
133.14588194878598,-480.71658915343335,355.7549738967543,179.9209097840834,0.316225505646633,179.61107660691582,1739364918117
133.37313051110522,-480.7433108488597,356.119469299839,179.92186915380378,0.3162451730657408,179.61016674655488,1739364918125
133.60565569298086,-480.76430908288154,356.4703118446272,179.92095657221248,0.31625862655615306,179.60947790891507,1739364918133
133.8362866884991,-480.7886355103468,356.82441301685236,179.92243780609462,0.3162286896104018,179.61000607777197,1739364918141
134.05395690586255,-480.81009484696995,357.1582584979622,179.92231087853287,0.3162306998459783,179.61070801330357,1739364918149
134.25594616275586,-480.8307615647835,357.47495704968213,179.92143733222082,0.31625530381539024,179.61093961773093,1739364918157
134.44703991243685,-480.85499846935227,357.78914352034286,179.9233493038925,0.3162751610705886,179.61075741065778,1739364918165
134.62886297789453,-480.8716138009828,358.07122953582905,179.9227423282907,0.3162797632130149,179.61008650443853,1739364918173
134.8875455535039,-480.892115556282,358.4652654964621,179.92353491856048,0.31628309671407917,179.60984979976755,1739364918185
135.0446083105096,-480.90700765543494,358.7045757119335,179.92512153813274,0.316253003084827,179.61075483145981,1739364918193
135.1796675601724,-480.9196214153892,358.91095818300204,179.92491921401745,0.31626104721087717,179.61125120983394,1739364918201
135.29215713624538,-480.9281963392181,359.0915521961591,179.9239330691234,0.3162773821603001,179.61113303373503,1739364918209
135.38981285302057,-480.9384739747767,359.2537807547982,179.92451354580047,0.3162704933199817,179.61103681924521,1739364918217
135.4750513701032,-480.95053744845364,359.39544722785945,179.9258103841554,0.31625145777310776,179.6111521723683,1739364918225
135.54542253103367,-480.95996612554467,359.5096339937929,179.92629225902886,0.31622963994193015,179.61086937365013,1739364918233
135.60387032703073,-480.9669951462037,359.6037391768778,179.92653039871664,0.31619782441916555,179.61058191256296,1739364918241
135.6509392699426,-480.9713980524825,359.6767398888569,179.9261021217235,0.31617116492338876,179.61011947119772,1739364918249
135.69001979985106,-480.97303101797684,359.73183972483724,179.92529978686196,0.3161353895850108,179.60991291559233,1739364918257
135.72043614387727,-480.974900833082,359.76638617754884,179.9236333549563,0.316102960321752,179.60976365557292,1739364918265
135.74313192200867,-480.97716531001174,359.7874984953986,179.92182972947003,0.31609360281531934,179.60966353711927,1739364918273
135.758919420854,-480.98092552336,359.8019763145934,179.9205881370456,0.3160584375261524,179.60959745417222,1739364918281
135.7684916455258,-480.98450110253873,359.81182355070257,179.91988018263658,0.31602687929059586,179.60939032842788,1739364918289
135.77385881740102,-480.9874286971114,359.81810593201186,179.91951503978927,0.3159732671917802,179.60923374812052,1739364918297
135.7740610289364,-480.98982246516454,359.822848652708,179.91949188530327,0.315932615057362,179.6088167797417,1739364918306
135.7714099742995,-480.99013519714856,359.8228436950268,179.9191300926916,0.3159141933869866,179.60825975050466,1739364918314
135.7681313571282,-480.98868705033794,359.81925270600834,179.91853788825765,0.31588999217310265,179.60776760832684,1739364918322
135.76650647080822,-480.98661637657085,359.8160992762552,179.91808886290573,0.31586547800091425,179.60754758836205,1739364918330
135.76544052894562,-480.9854246957978,359.8161718161328,179.91808196532764,0.3158395586725889,179.6074387423525,1739364918338
135.76539443340272,-480.9846151578105,359.81816887216655,179.91834024687356,0.3158127266375301,179.60746050059493,1739364918345
135.7654620694231,-480.98385058472763,359.8204927061727,179.91861888707746,0.31578589272988583,179.60748933043016,1739364918354
135.76616908131837,-480.98284618820435,359.8238653411617,179.91904041493547,0.31576572377419915,179.60760727987898,1739364918366
135.76717297280555,-480.98208945043166,359.825854421658,179.91928522468288,0.31575229539141897,179.60775825287246,1739364918374
135.7681639850933,-480.981332323769,359.82803937392714,179.91956390802278,0.3157319714922423,179.6078957585748,1739364918382
135.76873595719837,-480.9808305712327,359.8292979700178,179.919720424366,0.3157321195538656,179.6079918197909,1739364918387
135.7697948375662,-480.98020930630986,359.8317812823292,179.92004681580474,0.3157183960066907,179.60814993822484,1739364918395
135.77187967244583,-480.9792622746332,359.83608812748236,179.92059083552482,0.315704535649401,179.6084453624936,1739364918407
135.77680777141978,-480.98048591551293,359.8409838083743,179.92122324033113,0.31569493958170664,179.60907461691338,1739364918415
135.78725827047586,-480.9853437822591,359.8539821702442,179.9228480656899,0.31566662440069365,179.61036296497682,1739364918423
135.80502721955668,-480.98987130104985,359.8656425703276,179.9243368188842,0.31565048796251277,179.6124866808866,1739364918430
135.81814525042248,-480.9935053157827,359.8651064537472,179.92428884319858,0.3156377275236454,179.61399626152837,1739364918438
135.82461114020435,-481.0000599606849,359.8582123457901,179.9233905778513,0.3156387470460525,179.61460400115217,1739364918446
135.83055388893712,-481.00521280667857,359.85736859493255,179.92281662039915,0.3156284825578593,179.61480186403114,1739364918454
135.83819136058804,-481.00768419440146,359.8639084372964,179.92238149269477,0.31562909432156944,179.61447565413545,1739364918462
135.85082254625354,-481.010652107201,359.879281006558,179.9222609621079,0.3156165304066229,179.61387158855123,1739364918470
135.87201762392868,-481.01729610765426,359.9045729708389,179.92259685159496,0.31562104082890224,179.61320161488268,1739364918478
135.90421579036757,-481.0272088603719,359.93822497370144,179.92310952854066,0.31560214331697417,179.61264830477754,1739364918486
135.94810736046668,-481.041488918127,359.9805679932307,179.92352641377872,0.3155942714403479,179.6121308739333,1739364918494
136.0065526998182,-481.061435402678,360.03386665889735,179.92411887295816,0.3155751072636197,179.61191633790892,1739364918502
136.08122044204285,-481.0876991245509,360.1027747967838,179.92515011764525,0.3155514642498222,179.6118454604652,1739364918510
136.17308547902937,-481.1214029963726,360.1866679423742,179.9263277820504,0.3155235432523891,179.6120270024119,1739364918518
136.34105318384684,-481.1866148374441,360.3358004421363,179.92754996801466,0.3154845402305612,179.61210912517998,1739364918529
136.4757934615451,-481.23590449507867,360.45115099101076,179.92738725560733,0.31545862777598976,179.6122623215448,1739364918537
136.63044698831138,-481.2908914169858,360.5797372132866,179.92611586481797,0.31543844855516184,179.6122125071743,1739364918545
136.80730508377533,-481.3538992969733,360.7275785073385,179.92405304944165,0.3154220319889973,179.61182218933,1739364918553
137.010587544714,-481.42928438085715,360.90737899616283,179.9238473209906,0.31538856500293677,179.6110928953767,1739364918561
137.24304776194865,-481.5122043690936,361.1074433165248,179.92451138851365,0.31534602737249173,179.61005586262243,1739364918569
137.5073164453271,-481.59892772488547,361.3247991523382,179.925386715681,0.3152996188307891,179.6104154865079,1739364918577
137.79095709563506,-481.6959733159008,361.56796534146315,179.92607603099515,0.3152670217849079,179.61137808847388,1739364918585
138.08867742232854,-481.8029067775509,361.8279558494212,179.9261684230382,0.315237319955105,179.61176663334024,1739364918593
138.41110259873565,-481.917434419722,362.10131245123006,179.92673443378527,0.3151976301668564,179.61095112633566,1739364918601
138.76064391995757,-482.04038645565305,362.39758084803987,179.92718188444377,0.3151471028071143,179.6103212603047,1739364918609
139.1269884326894,-482.16763380594944,362.69630181386754,179.9251353922852,0.3150925446561563,179.61060231718017,1739364918617
139.503748682332,-482.3106440555859,363.0171997971133,179.92536353928602,0.31504108763834404,179.61033113581857,1739364918625
139.90471618528485,-482.4468217004964,363.3390339823537,179.92290696498236,0.31501752913836684,179.60930319549524,1739364918633
140.32525680368755,-482.5868631374579,363.68777678604124,179.92247432028077,0.3149628061489954,179.6102013469505,1739364918641
140.74528181724654,-482.7277356892296,364.04493488316353,179.9223708616738,0.314931684447127,179.61029100253558,1739364918649
141.18134314380939,-482.8710520824224,364.41583495627305,179.92202165553792,0.3149167848844046,179.60959879807544,1739364918657
141.62884084535116,-483.01793406673386,364.7907868102631,179.92296702327027,0.31489977267315933,179.61073815281654,1739364918666
142.07255953387167,-483.1688200637095,365.1660219209237,179.92232630399167,0.3148757582582573,179.6110034728836,1739364918673
142.5226521304799,-483.3243351993023,365.5411048125919,179.92223244206812,0.3148671726293103,179.61005862927217,1739364918681
142.9779624777943,-483.4747573765512,365.9119396345514,179.9211331330585,0.3148163962401362,179.61100799930227,1739364918689
143.42311243578357,-483.62676363386845,366.2964442150236,179.9216402099152,0.31485491810151167,179.609961859203,1739364918697
143.8796714005261,-483.76985971800394,366.6806897412511,179.9229806273509,0.314906764760462,179.60975010134996,1739364918705
144.53922898848052,-483.98006052977206,367.24098803473123,179.9235755779602,0.314911242507284,179.61030973228895,1739364918717
144.97198413398897,-484.1215336416519,367.6097933342366,179.9247920837255,0.314959384645122,179.60940398254047,1739364918725
145.4019154404054,-484.2526601345231,367.95050359092807,179.92291708819047,0.314948240866751,179.61084219497053,1739364918733
145.80037948828675,-484.39029064618535,368.29009518055875,179.92340314869318,0.3149462263755758,179.61012084982508,1739364918741
146.1963037806917,-484.5120796101852,368.61307537325166,179.9221954783779,0.3149896784297814,179.60907249488974,1739364918749
146.58236123235704,-484.62714962984086,368.9345674423704,179.92312716836508,0.3150373244360244,179.6101536276437,1739364918757
146.9352534947381,-484.7378792003184,369.23742361970335,179.92418841112405,0.31510017341075935,179.6098974797651,1739364918765
147.26986803879367,-484.8416242600526,369.5239445032291,179.92405145588006,0.31513798139768406,179.6083761201657,1739364918773
147.59416332221753,-484.93447461201833,369.7842740662876,179.9238478178038,0.31517524109590067,179.60834594219622,1739364918781
147.89354904681625,-485.02804086719226,370.03457937813,179.9251166854224,0.315212734004788,179.60976576677137,1739364918790
148.1595373483133,-485.1119492554744,370.2538645439347,179.92399384633546,0.3152131202806294,179.60991480584096,1739364918798
148.40249906781636,-485.1900507219224,370.4513407529817,179.92296881345263,0.3152360301612014,179.60913853749483,1739364918806
148.6261380845009,-485.26202585437585,370.63849118621084,179.92383283696904,0.3152915857065197,179.6084578195644,1739364918814
148.8332720168829,-485.3221917115015,370.7999221404193,179.9242142407954,0.3153150592835769,179.60946605280006,1739364918821
149.01275039107315,-485.3710336213672,370.94314399862947,179.924145184091,0.3153326840901399,179.61061950492572,1739364918829
149.16307504638542,-485.4123649407742,371.0698436764186,179.92366396347705,0.31538352999371727,179.61142371895306,1739364918837
149.28610330862236,-485.4509418989028,371.1824258134657,179.9237671870241,0.31542472359303825,179.61139737887453,1739364918845
149.3895007946703,-485.48450050336703,371.27456833915096,179.9238951134429,0.31548126854100494,179.61114065547724,1739364918853
149.47547831172727,-485.5108012108295,371.350304365628,179.92420987672887,0.3154984093337536,179.61052757407063,1739364918861
149.54583497504564,-485.532104421503,371.4113189444978,179.92467707371586,0.3155149621653947,179.60983196195824,1739364918869
149.60295840483235,-485.54869173390546,371.4596115137993,179.92521405798192,0.31556316868546536,179.60926659495016,1739364918877
149.6662972889434,-485.5659730004236,371.5089092144941,179.92525944149187,0.31558428461078075,179.6089614664783,1739364918889
149.69607036911944,-485.57430047919786,371.53113433504546,179.9251240475481,0.31558758771759554,179.60886803590245,1739364918897
149.7188628110584,-485.5787646185375,371.5459204971857,179.9247431159301,0.31559432475686916,179.60907351058728,1739364918906
149.7344274044517,-485.58208544106543,371.5572937781277,179.9245643014168,0.315607862913676,179.6093500404248,1739364918914
149.7433800829298,-485.58139405057153,371.57381671059744,179.92551693700625,0.31564920624088566,179.60945893313183,1739364918922
149.74722978981458,-485.5794388124421,371.58634798411026,179.92632284231263,0.3156743295405055,179.60942815264667,1739364918930
149.74602550718762,-485.577863061992,371.5952554499794,179.92697401536054,0.31568847262427097,179.60906107797405,1739364918938
149.74356127713406,-485.57523865590423,371.5970603661829,179.92696607023987,0.3157052844657199,179.60864079312586,1739364918946
149.7412693086825,-485.5731083323564,371.5966832681648,179.9267755180178,0.31570964294073556,179.60836844148943,1739364918954
149.73906791888535,-485.5730752977912,371.595050348589,179.9264968985457,0.31570285166663525,179.6081157374802,1739364918961
149.7382039963847,-485.57266394699064,371.5932514419001,179.92623848099424,0.31570322356661495,179.6080124261803,1739364918969
149.73519595215808,-485.5700299018331,371.5870830077312,179.9254229568732,0.3156838241939113,179.60767448105156,1739364918977
149.72654074655793,-485.5641043270317,371.58051688153665,179.92456604796664,0.3156944582857529,179.6066965752903,1739364918985
149.71223678445202,-485.56001607348895,371.5892173937642,179.92554465884177,0.3157284933682091,179.60507036125927,1739364918993
149.70561122313822,-485.5543272044546,371.5982746171667,179.9265984570879,0.31576395392649853,179.60442343643004,1739364919001
149.7023304013015,-485.5527807562264,371.59590544269724,179.92638213521295,0.31575996897873665,179.60425814842705,1739364919009
149.69860794496162,-485.5501966329909,371.5890999975541,179.92582765829758,0.315740295816189,179.6043135688456,1739364919017
149.69214209493973,-485.54570589324055,371.57490758546373,179.92471196393868,0.3157202772086932,179.60462117111186,1739364919025
149.67905559647338,-485.53775271957846,371.55256243652804,179.9231323262095,0.3156976972128847,179.60509822988135,1739364919033
149.65679414194227,-485.52617230724474,371.5232357034609,179.92152474828774,0.31565710818061526,179.60553432578322,1739364919041
149.6244011469649,-485.51040701907095,371.48838509962974,179.920440119446,0.3156402946690953,179.6059978801315,1739364919049
149.58151284416223,-485.4888720587681,371.447667661573,179.91972309870968,0.31565183359505367,179.6066585651374,1739364919057
149.49269170786798,-485.44231499100164,371.3727791163205,179.91935224184334,0.31566620857932787,179.60803820513541,1739364919069
149.4154797906309,-485.399624430167,371.31195380382326,179.91948926035965,0.3156981633063785,179.60922666268917,1739364919077
149.32205687988716,-485.34637913325145,371.2370998812774,179.91947216151712,0.31574089620700435,179.6102173895554,1739364919085
149.21282792357164,-485.2797278658927,371.1478270958277,179.91934163924012,0.31579051368648564,179.6110300608194,1739364919093
149.08463430451874,-485.2009331039818,371.03970912605905,179.91890796080736,0.31583376418898024,179.61135509027966,1739364919101
148.93390414705098,-485.1130052174635,370.9281826586016,179.92028647743805,0.3159304506054543,179.61110164970557,1739364919109
148.758834050866,-485.01404793852134,370.802312797193,179.92197660907453,0.31603650945287837,179.61028215690064,1739364919117
148.55573619822707,-484.90656471303265,370.6640343926561,179.92400101301618,0.316145397586452,179.60883732543678,1739364919125
148.32746981777865,-484.7807249525991,370.4935948168665,179.92352791837533,0.3162093613717563,179.60760896161173,1739364919133
148.0822431980387,-484.6441759577198,370.3114329964173,179.92335458879955,0.3162911183487431,179.60823078448692,1739364919141
147.82249948334226,-484.4950904854834,370.1081896253111,179.92314728060538,0.3163577106990042,179.60954578733592,1739364919149
147.54151006659833,-484.33049073140893,369.877111441426,179.92252241317578,0.31639499696226225,179.61021537911193,1739364919157
147.22870426705975,-484.1550714905954,369.6442623742159,179.92309025742045,0.31648603319179797,179.60903721064187,1739364919165
146.88809791758987,-483.9603391147023,369.3915316033788,179.92267416765418,0.31656881257548813,179.6085875309689,1739364919173
146.53393621289874,-483.75538056596616,369.1297863552518,179.924432243225,0.3166931471902568,179.6100154267385,1739364919181
146.1613298601619,-483.5335062150229,368.833372702739,179.92419885721927,0.31675001237977385,179.61039974895127,1739364919189
145.75451510565998,-483.3056829101395,368.5202025923634,179.92325267414617,0.31677627012091275,179.60927289404734,1739364919198
145.32973523269982,-483.0582138836876,368.20127200701245,179.92459256292463,0.3169134229733368,179.61022930541037,1739364919206
144.89410508879786,-482.79175535645356,367.8642027616682,179.9250068402331,0.31697660355201024,179.61074038107841,1739364919214
144.42490743484595,-482.52006265644394,367.50902309483934,179.92495768105172,0.31702465473613184,179.6094262475098,1739364919222
143.94298341430135,-482.2369880223886,367.13056919256564,179.9250992449198,0.31709281232558895,179.61030613813287,1739364919230
143.44621156207086,-481.93149110910736,366.7440201081545,179.92512315369962,0.3171224899951317,179.61016362600162,1739364919238
142.91938734951947,-481.6196314964212,366.3465557363716,179.92625396797817,0.31721367284441593,179.60990681808286,1739364919245
142.3900101359782,-481.2948570607143,365.92258240614825,179.92470376030573,0.31723787940969245,179.61117231984227,1739364919253
141.55217013710572,-480.7924744252781,365.2809427502998,179.92591038948242,0.31726481794307015,179.61078486768739,1739364919265
140.98997888710105,-480.44036015255136,364.8403538133426,179.92634169617114,0.3173000156583317,179.61094965168377,1739364919273
140.40616372961318,-480.0891150731784,364.37539263027753,179.92469765252142,0.3172778232204312,179.61050406626543,1739364919281
139.8196663064695,-479.72313118439615,363.92279450420347,179.9259051065388,0.31729372009128776,179.61020767247132,1739364919289
139.22397961958416,-479.35213727754035,363.4546947228251,179.92556455001628,0.3172348925855399,179.610286997599,1739364919297
138.63006565962283,-478.9781054571506,362.9831419136914,179.92601683198293,0.31712993118760946,179.6112668294123,1739364919306
138.0231973674602,-478.59824247130496,362.5189551164751,179.92739405296186,0.31695234912160714,179.61074264031643,1739364919314
137.42733281854768,-478.2142206331563,362.02908409359344,179.92654942823324,0.31675536262344667,179.61171509227145,1739364919321
136.8230730746084,-477.83796527260495,361.5567653073332,179.9267816284254,0.3164516457883679,179.6110238818962,1739364919329
136.22993185441314,-477.4542380946228,361.0881640636642,179.92769545351462,0.3161832843332076,179.61196708191915,1739364919337
135.63391920476107,-477.0759453074498,360.6050813281788,179.92624987776512,0.315871575329139,179.61133117786645,1739364919345
135.04542824821974,-476.6942990714536,360.13721492655134,179.92647185961127,0.31566250751282043,179.61180866324483,1739364919353
134.45854829954482,-476.31744037436977,359.6840678223114,179.9277715308167,0.31553289631093,179.6104770529494,1739364919361
133.895356795164,-475.9415867226848,359.2160230063725,179.92580863286122,0.31556546741584246,179.61173493579946,1739364919369
133.33772296228435,-475.5728501751538,358.7737565104766,179.926502505848,0.3156178058713157,179.6107565811452,1739364919377
132.78936871246253,-475.2101284102983,358.3355457258376,179.92580464673367,0.315714024237754,179.61103612652897,1739364919385
132.26340647510492,-474.85594582505223,357.88943007376787,179.92372239701226,0.3158014889644183,179.61067308727402,1739364919393
131.74235616306038,-474.5148159431709,357.4779742000946,179.92378097064815,0.31587039491190017,179.61070718747192,1739364919401
131.25234744806534,-474.1778572816114,357.0868534933964,179.92574603126184,0.3159469335257997,179.61114594516837,1739364919409
130.76832886907502,-473.8599723507058,356.69291637188894,179.9247909331412,0.3159843251428884,179.610520902637,1739364919418
130.3118254031616,-473.5483320914685,356.3144275735638,179.9240919583841,0.3160682216792304,179.61135218983836,1739364919426
129.6648812235274,-473.10042431840196,355.79581011598293,179.92487894239355,0.3160847906246943,179.61058730196805,1739364919438
129.25971634174797,-472.82569672963956,355.4596551624565,179.92457381142705,0.3161560592774615,179.61128407223907,1739364919446
128.88539896570032,-472.5670047991669,355.1472018561732,179.92515517446904,0.3161429694206351,179.61154748080367,1739364919454
128.51945852821441,-472.31149647983733,354.84629851941537,179.9239990141838,0.3161851730072009,179.61068912287647,1739364919462
128.172135410973,-472.0807028216616,354.58026958882607,179.92604524560718,0.3161736952346956,179.61101582796323,1739364919470
127.86382238668934,-471.8569957749602,354.31485634269904,179.92549152518706,0.3161369627540315,179.6120619025962,1739364919477
127.57285110756064,-471.65193061220117,354.06841680442164,179.92436761953604,0.3161079989914861,179.61169316288863,1739364919485
127.29205395768464,-471.463203973706,353.83731956144754,179.92401201196984,0.3161146029865752,179.6111550541062,1739364919493
127.03737609416291,-471.28931577034916,353.6369479419503,179.9253773319875,0.31608338527830404,179.61160247945062,1739364919501
126.81388779701497,-471.119242504883,353.4458705834142,179.92466159392126,0.3160789631626815,179.6120009351164,1739364919509
126.61114991334127,-470.97000043087655,353.2793101619478,179.92468728871143,0.31602400297297356,179.61154527072404,1739364919517
126.42660064682693,-470.84035661579185,353.128908419125,179.925188867895,0.3159632011544943,179.610880776156,1739364919525
126.25599460328942,-470.72459891888457,352.98161880034644,179.9248717071096,0.31593534395252854,179.61006498468532,1739364919533
126.10209773420861,-470.62247920220847,352.85627544060293,179.92499592855535,0.3159262701798657,179.60987469644851,1739364919541
125.97174539898154,-470.5349498268127,352.75003493584165,179.92486207590963,0.31589468489834205,179.6103152467236,1739364919550
125.86357987958738,-470.46020339273343,352.65811685167904,179.9243730435233,0.31584858165851815,179.61083159293312,1739364919557
125.77467643050491,-470.3920893727733,352.57872289953804,179.92354421166212,0.3158062698090284,179.6112789028981,1739364919565
125.70210123275349,-470.33127409238443,352.51120494798704,179.92270500788996,0.3158134343965303,179.61159491926801,1739364919573
125.64230979515004,-470.2835836683609,352.45875172573517,179.92243250563712,0.31580465237602506,179.61152365250368,1739364919581
125.57308811493753,-470.22872074778815,352.401821531776,179.92234856636094,0.31579050750855864,179.61120277126977,1739364919593
125.5551610419627,-470.2154043591002,352.3889287277804,179.9226048195118,0.31577998897599796,179.61110129540023,1739364919598
125.51320534376629,-470.1870730301445,352.36248849411976,179.92382045854222,0.3157154958972599,179.61085577626554,1739364919610
125.49288294037433,-470.1749054327723,352.3522230317363,179.92472374589823,0.3157019255341794,179.61064702453783,1739364919618
125.47823023186517,-470.1671256205342,352.3438775507577,179.92522190382417,0.3156813449310159,179.61048171407143,1739364919626
125.46853870977861,-470.16221193186016,352.3371297867568,179.9254249067477,0.315665763821172,179.61041368744748,1739364919634
125.46358806173463,-470.16107743901694,352.3262460763127,179.92471528868177,0.3156820577199202,179.61053383527334,1739364919641
125.46778619969618,-470.1606033557476,352.3147933710672,179.92368412394322,0.3156904139874784,179.61147670925902,1739364919650
125.4738391192366,-470.1640535565939,352.3092331902745,179.92323717950228,0.3157026298320753,179.61251274037085,1739364919658
125.47844574421566,-470.16778000718017,352.30597299066807,179.92293926002148,0.31571202767319434,179.61327870690263,1739364919666
125.48053009413387,-470.17026079458566,352.3050957649489,179.92287843782597,0.3157108339016892,179.61361809092833,1739364919673
125.47988286293781,-470.1714623556728,352.3077675149122,179.92320484991365,0.3157025493450649,179.61357932525846,1739364919681
125.47797148309434,-470.1754105724502,352.31752307788287,179.92442135438864,0.3156649198140656,179.6133963066626,1739364919689
125.47570047603718,-470.1822862365188,352.3350315747618,179.9266029877507,0.31560948832030633,179.61315793868974,1739364919697
125.473036939164,-470.18369239899954,352.34435210231743,179.92768358289524,0.31557761163618075,179.61286578641187,1739364919705
125.4709080338742,-470.18297000815113,352.352744432345,179.92854018007722,0.3155666149926172,179.6126001923133,1739364919713
125.46883344534437,-470.18155902676426,352.3633758503209,179.92943041617752,0.3155429746951267,179.61234335028186,1739364919721
125.46752007575202,-470.17990328933354,352.37740969632495,179.93018522556594,0.3155388264959898,179.61218498267058,1739364919729
125.46592829287967,-470.1783480246853,352.3999682593143,179.93102829461048,0.31553053580831203,179.6119934695062,1739364919737
125.46471151507,-470.1777859424411,352.43306944507367,179.93197346310114,0.31552487837546356,179.61185907172214,1739364919745
125.46356668768621,-470.17995353471173,352.47965053121203,179.93323169943565,0.31552996648837456,179.61172987021627,1739364919753
125.46226618037495,-470.1900070755013,352.5297626772981,179.93343559918122,0.31552622750723397,179.6116330384935,1739364919761
125.46140527052712,-470.2062700115655,352.5888507516427,179.9328992703133,0.31556379733586876,179.6115934058865,1739364919769
125.46031725170107,-470.2424539304084,352.7063529737312,179.9315406669834,0.31562295638925897,179.61163652517453,1739364919781
125.45971595794045,-470.2748293644172,352.8101184321331,179.93077347988154,0.3156738360894795,179.6117068550328,1739364919789
125.4585931381909,-470.31612059619687,352.9406523714971,179.93069948928834,0.3157074430420762,179.61175349741495,1739364919797
125.45749044762711,-470.36322102017635,353.0961834417574,179.93038062971215,0.3157444310209438,179.61181681587206,1739364919805
125.45644427663392,-470.4115069413342,353.2693226881639,179.9280642077139,0.3158533997361003,179.61188554837318,1739364919813
125.45553917261937,-470.4648255864675,353.47011009764805,179.92574044200575,0.31595431188586987,179.61195259906495,1739364919821
125.45426477524569,-470.52774862075535,353.70333973657387,179.9248167945628,0.31602750423926973,179.61200017091565,1739364919829
125.4529299631641,-470.6042389541444,353.97771273275333,179.92561227188799,0.3160522361514897,179.6120767595908,1739364919837
125.45153536827455,-470.68338428013243,354.2756472068758,179.92402887433605,0.31614103978920316,179.6121172486696,1739364919845
125.44993044836849,-470.7693672418055,354.60377015362224,179.92354603325523,0.31619054425521376,179.6121568936316,1739364919853
125.44801753075605,-470.86790373660415,354.9743854084108,179.92494525994655,0.3161881903723418,179.61215851765505,1739364919861
125.44639010577255,-470.9683138188989,355.36291772065806,179.92344880165984,0.3162541684882175,179.61215362244263,1739364919869
125.44447237331566,-471.0820863109619,355.78496863051697,179.924262527283,0.3162568245702725,179.6121019525446,1739364919877
125.4429065121403,-471.19461881107674,356.22834817786656,179.92253366460696,0.3163084810598051,179.61204622041035,1739364919885
125.4406627312922,-471.3186905172359,356.70414711295695,179.9232095428761,0.31626758103267943,179.61192887644808,1739364919893
125.43892575205662,-471.448033821925,357.20635428433724,179.92293303396403,0.3162218749723518,179.61189855983818,1739364919901
125.43675031182694,-471.58251605807095,357.7297043871113,179.92344519082377,0.31617443405681256,179.6117983419713,1739364919909
125.43403981957604,-471.7220760404572,358.2724039919517,179.92342422557365,0.31603164403623457,179.61170330558772,1739364919917
125.43153396714557,-471.86371859310776,358.8307015230901,179.9228121669385,0.3159106947637317,179.61164396170275,1739364919925
125.42867239870576,-472.00827622203076,359.402364353894,179.92291861401682,0.31571202053105,179.61153480042762,1739364919933
125.42598460927773,-472.1566008280953,359.9907420474397,179.92307426943805,0.31556409507577166,179.611481900006,1739364919941
125.42356874327945,-472.3054815324688,360.58756866101703,179.92304800221254,0.31547788477691563,179.61144389143175,1739364919949
125.42067771157275,-472.4558079038488,361.19059248781593,179.92334886242824,0.3154169988417548,179.6113364144875,1739364919957
125.41790737006126,-472.6067926048431,361.801887722981,179.92343322589153,0.31539807170983364,179.61123013204104,1739364919965
125.41545527058054,-472.7544656030347,362.41247437112077,179.92315873986598,0.31544358047347976,179.611096447296,1739364919974
125.41305124638627,-472.90267855973127,363.0284341023613,179.9238149125079,0.31544344988572065,179.61101396526732,1739364919982
125.40990848384124,-473.12011467851835,363.9482640169237,179.92375805173793,0.31554115018920803,179.61092193138094,1739364919994
125.4079799335891,-473.26168900920925,364.55167428038976,179.92366172915783,0.31561641057297884,179.6109037263203,1739364920002
125.40620950828583,-473.3944215365297,365.1388146136088,179.92228007531503,0.31569629104444347,179.61086539533738,1739364920010
125.40415664457369,-473.526097606576,365.71981447115064,179.92198574956123,0.315742018561923,179.61080620763798,1739364920018
125.4021388687817,-473.6553607075686,366.2910512576021,179.92254090550222,0.3157593910820903,179.61076392252752,1739364920026
125.4001575240479,-473.77518246381527,366.83587336396187,179.92138292552005,0.3158090276260558,179.6106520490043,1739364920034
125.3983488002581,-473.8964544354386,367.37277251399576,179.92264539117613,0.31581934829817027,179.61061773660975,1739364920041
125.39684002753256,-474.0078168314974,367.87902237170624,179.92256156809063,0.3158435631834437,179.6105637556635,1739364920049
125.39534942652739,-474.1181311494426,368.37095385124593,179.92354523423296,0.3158510452612204,179.6105290073491,1739364920057
125.39384486331822,-474.2190285999538,368.82739715955375,179.9233939862649,0.3158913921656209,179.61042905676675,1739364920065
125.39225780356655,-474.31714391444905,369.261927525078,179.9238137380437,0.31590617597879067,179.6103760315268,1739364920073
125.39084508795986,-474.4059577225368,369.6600683374059,179.92328846716933,0.31593483316982923,179.61028387929622,1739364920081
125.38930300462475,-474.4892136881191,370.03123412519585,179.92364675604222,0.3159294622315259,179.61021297823726,1739364920089
125.38833122386045,-474.56128490735483,370.36575270442484,179.92254445944224,0.31598102299064296,179.61015779780863,1739364920097
125.38731163199854,-474.6295431553582,370.67479961875193,179.92337194457818,0.31596280459036236,179.61011690579963,1739364920105
125.38673126251776,-474.691155743277,370.9574315929337,179.92367594169764,0.31595048028226974,179.61009988339063,1739364920113
125.38621195934194,-474.74429151583433,371.203834209462,179.92310349475989,0.31596410659817137,179.61007098831934,1739364920121
125.38560538403176,-474.7911186914746,371.4223830102429,179.9237810331734,0.31592100472370765,179.61003470548428,1739364920129
125.38512845921953,-474.832990594415,371.6183143099314,179.92497565599848,0.3158767825233465,179.61002423026807,1739364920137
125.38480182270601,-474.8702875619359,371.7858966501417,179.9251302414493,0.3158436080977449,179.61004354399316,1739364920145
125.38456255225755,-474.89924552283287,371.92329655423595,179.92436021569247,0.31582054024355316,179.61004300633712,1739364920153
125.38441736386785,-474.92158691054107,372.03611098408686,179.92384251487596,0.3158177417161812,179.6100328023131,1739364920161
125.38444861742443,-474.93995040632404,372.12716233389216,179.92384807773763,0.3157930947430915,179.6100560206106,1739364920169
125.38449546834471,-474.9609290470234,372.2281591453359,179.9238665238922,0.3157503591503583,179.61006127749258,1739364920181
125.38442861012777,-474.9729439267514,372.2728793557398,179.92336225430998,0.31572867034541685,179.61005608641815,1739364920189
125.3845384924062,-474.9842622607058,372.30663968311495,179.9230144479482,0.31570464722039016,179.61008136059667,1739364920197
125.38487695791933,-474.99373775544825,372.330559903362,179.9226737880902,0.31569064296142957,179.61013150345352,1739364920205
125.38479862233257,-475.00105669010543,372.3473848167627,179.92238808801665,0.315693917189872,179.6101273505375,1739364920213
125.3848234789019,-475.005959821791,372.35778357565437,179.92208172122506,0.31568971763765935,179.6101172166944,1739364920221
125.3849619703781,-475.00820415933794,372.3641238405078,179.9218025228209,0.3156781713141683,179.61014397792016,1739364920229
125.38542780726877,-475.0088415374264,372.3675659139779,179.92155142100586,0.315699681454862,179.61018835476222,1739364920238
125.38587528019127,-475.0061424613545,372.3635251067629,179.9206401439504,0.3157042119104202,179.61022673358386,1739364920246
125.38643952588033,-475.0029821815827,372.35834815985476,179.91975001738157,0.31573517243836985,179.61027081249242,1739364920253
125.38673189090687,-475.00049655846095,372.35444367465925,179.91910420231292,0.3157460121361484,179.6102953127748,1739364920261
125.3875080811672,-475.0008041406205,372.35398062236413,179.91896823043123,0.3157490582269661,179.61038350626615,1739364920269
125.39054905085791,-475.0063467934847,372.3505530004973,179.91851976196008,0.3157611996342517,179.61077569507714,1739364920277
125.39661858697768,-475.02231738272826,372.34052905438296,179.91733653091194,0.315767261989686,179.61155106469485,1739364920285
125.40689588859047,-475.0278355774422,372.34575338367364,179.9180086790943,0.31573787042716467,179.61275855236647,1739364920293
125.42030624175135,-475.0284578148861,372.351694617157,179.9187486594639,0.3157237580848847,179.61421792442013,1739364920301
125.42709489083586,-475.031313031748,372.3576904930693,179.91950113160289,0.31570188176432534,179.6147187640813,1739364920309
125.42945239859345,-475.0407153999272,372.3638291816982,179.9203001453568,0.31568090033041085,179.61449929180873,1739364920317
125.43191880902998,-475.05595079610066,372.3691686037581,179.92101576400665,0.3156565275755157,179.6140007705201,1739364920325
125.43584495162611,-475.0809802867867,372.3725429567082,179.9215455446996,0.31563408236930723,179.6132904942613,1739364920333
125.44437647507178,-475.11787611017894,372.375449386856,179.92205810241973,0.31558674952314486,179.61264166077297,1739364920341
125.45926135107116,-475.16882669598766,372.3758584386168,179.9223502238366,0.3155575929473408,179.61218883540857,1739364920349
125.47974682919485,-475.23604670598723,372.37370485564753,179.922481658528,0.31550241174110527,179.61181640657207,1739364920357
125.50668993858721,-475.321410490736,372.3641597663595,179.9218677223487,0.31546659204126803,179.61142580360146,1739364920365
125.56419677617103,-475.4897075821053,372.33881547133,179.92007599525732,0.3154013210812209,179.6111496671538,1739364920377
125.61193587105765,-475.6278790771933,372.32167377252745,179.9192632597923,0.31532184242832106,179.61085754954948,1739364920385
125.66937111367551,-475.7867438098003,372.3066950301703,179.91907642673857,0.31524645381382616,179.61055416379622,1739364920393
125.73662810622483,-475.96902333652696,372.29056373232464,179.91910606560702,0.3151279036088796,179.61025771368173,1739364920401
125.81382344258382,-476.1807190707409,372.2774171061618,179.9198899357327,0.3150035664968518,179.60988316312367,1739364920410
125.90122320260863,-476.426831324813,372.25868809054487,179.92040730495995,0.31487835480157594,179.60933626284623,1739364920418
125.99926897865969,-476.70110641876204,372.231638617781,179.9203665789748,0.3147635365989481,179.60874390761535,1739364920426
126.10880235503818,-476.98726213142015,372.2071714882299,179.9209468851715,0.31468844846867194,179.60848731585028,1739364920434
126.23015678607786,-477.2946288119767,372.18128330872884,179.92149632144958,0.31459311769072196,179.6091151672238,1739364920442
126.36080161533627,-477.63274383320703,372.14839104764195,179.92140253947903,0.314476031206861,179.6102908453252,1739364920450
126.49740261797074,-477.9838602842946,372.1163577963169,179.92188552711332,0.31440746082287085,179.6116990709191,1739364920458
126.63498392609915,-478.34945708442643,372.0833135855811,179.9224276600618,0.3143925047847279,179.6125843903733,1739364920466
126.77160299105364,-478.7363936212016,372.0407966304457,179.92178964387418,0.3143972418403094,179.6126083775445,1739364920474
126.91256943202464,-479.1255451428019,372.0034714242414,179.92212531274532,0.3143703309175502,179.6122558570417,1739364920482
127.05607743936895,-479.5274595840688,371.9611444816035,179.92198618332358,0.31437395733054796,179.61103780326823,1739364920489
127.20622360000323,-479.9345634465078,371.9272838574548,179.92291814273818,0.3144116036921455,179.6098203291756,1739364920497
127.36396408882203,-480.3361815180523,371.8850566651432,179.92322798873596,0.31460590126237686,179.6093989922979,1739364920505
127.5258117352587,-480.747645631466,371.83561049873873,179.9225193895407,0.3149755828740895,179.6102252373545,1739364920514
127.68555638930185,-481.14315534733856,371.80093439873497,179.92354483944416,0.31547816272525925,179.61142900324896,1739364920522
127.83485730852934,-481.54361537676283,371.7507908668466,179.92285519726667,0.31584691234992984,179.6117452817711,1739364920530
127.97745281816708,-481.93359137159734,371.7138197798199,179.9233578404079,0.3159212372353043,179.61170446787722,1739364920538
128.11405137950814,-482.3100083172141,371.6721447183743,179.923368255946,0.3158736907307148,179.61094578447643,1739364920546
128.31095631173415,-482.85832504741893,371.6070878884009,179.92291859944515,0.31567305065016765,179.60878273794177,1739364920558
128.44154322356087,-483.1940268618086,371.5773767482304,179.924027990488,0.31555674045163146,179.60820132159958,1739364920565
128.56812593067315,-483.5105679628228,371.52618592148195,179.92239941149978,0.3154838530392813,179.6085754673366,1739364920573
128.69044026092914,-483.8026323521598,371.49759952182785,179.9231125079587,0.3154522606214774,179.6099098632267,1739364920581
128.79939766386735,-484.0700882049851,371.47755499732943,179.9246086797653,0.31540087709860737,179.61111956769,1739364920589
128.8933437354955,-484.3151452922028,371.44235945279956,179.92391561950427,0.3153811403639831,179.61166406441416,1739364920597
128.97186149695034,-484.5385052193534,371.404893374966,179.92257000010886,0.31539518555841545,179.61147793820572,1739364920605
129.0391145519418,-484.7371745530259,371.39115204135675,179.9239210991617,0.3153247802819605,179.6109738579305,1739364920613
129.09933190047474,-484.90498849518656,371.3799183760278,179.92508117569832,0.31524014384216553,179.61076175622534,1739364920621
129.15161178961938,-485.04489525101394,371.3664024910319,179.9254658720879,0.31522888099636287,179.61047801501866,1739364920629
129.1965863481542,-485.16391549829945,371.35010171699514,179.92536640064105,0.31521802081952993,179.61027875921573,1739364920637
129.23501870593333,-485.2627554630338,371.33140281671285,179.92466771622762,0.3152632948805593,179.61014415797297,1739364920645
129.26682415928815,-485.3414889111711,371.31191190549293,179.92343721515496,0.31532331128938007,179.61011632953426,1739364920653
129.29054167134876,-485.40281215660144,371.2994066396824,179.92275494414838,0.3153729645861678,179.60992219072415,1739364920661
129.30860936557448,-485.44861797373414,371.2928165158546,179.92253150410548,0.3153908877813822,179.60975149409833,1739364920669
129.32239516486086,-485.48083480172244,371.2919239779027,179.9228001722076,0.3153946992997289,179.6095702115035,1739364920677
129.33216694215434,-485.50485688583626,371.2936618017438,179.92333750777442,0.31540321347329286,179.60951919555794,1739364920685
129.33902626204133,-485.5207754066322,371.2956547518618,179.92379560719164,0.31542782391359186,179.6094812609146,1739364920693
129.3397478933969,-485.5309827349624,371.29707305086805,179.92407886733784,0.3154549957317014,179.60905483581348,1739364920701
129.33672305017632,-485.53829268888865,371.2986163368631,179.92433617737538,0.3154726156748431,179.60844462670906,1739364920709
129.33344823510905,-485.5388236041074,371.3011294821288,179.92466907595218,0.31550178059234785,179.60789569989265,1739364920718
129.33058415916673,-485.530595537418,371.31108863708226,179.92583140732907,0.31549920051289354,179.60748062067432,1739364920726
129.3292569964167,-485.52196657349043,371.3195233846164,179.92680409741698,0.3155198435276124,179.60729559013063,1739364920734
129.33133947029876,-485.5172599157896,371.31958180651145,179.9267773540538,0.3155441099047367,179.6075264221638,1739364920745
129.33884324898833,-485.5129744113949,371.30619471046134,179.92513923472583,0.31557635454124544,179.60839348097673,1739364920753
129.3555489835272,-485.50534255633687,371.27955381952984,179.92192404479852,0.31563863312618184,179.6103113218354,1739364920761
129.3712220320802,-485.5063784187526,371.2571552655303,179.91942877255974,0.3156895975569761,179.6120084205695,1739364920769
129.38024746617054,-485.51566120617457,371.23062913167064,179.91682313069208,0.3157349179217916,179.61266241230805,1739364920777
129.3889110703074,-485.52360297841653,371.2104450038445,179.91561506937393,0.3157444224717518,179.61283047320825,1739364920786
129.39917822967487,-485.52460549077466,371.2001602516579,179.91638207966784,0.31572678308517726,179.61261645636785,1739364920794
129.41519298496382,-485.5221220813661,371.18689178173616,179.9177699776809,0.3157101601908345,179.6122150751212,1739364920801
129.4401955000767,-485.51642486919565,371.16480401156696,179.9194024405615,0.31565652286600177,179.61172369047483,1739364920810
129.47634493486373,-485.50689651695734,371.1308366716384,179.92114367132353,0.31561441972197746,179.61124849641027,1739364920818
129.52659835449063,-485.49323256524605,371.08047573435863,179.92273345032717,0.3155720484025472,179.61084702318988,1739364920826
129.59371337571216,-485.475263838872,371.01099578020467,179.92403404718019,0.3155026161341861,179.61062583874494,1739364920834
129.6798572713378,-485.45112287705473,370.91862724099326,179.9249500146609,0.31544751202295995,179.61063593469834,1739364920842
129.78880848392214,-485.4214965008902,370.8024077859154,179.92565606417926,0.3153808661138371,179.61103951975193,1739364920849
129.91915079499802,-485.3849699448598,370.65823972413557,179.9257919392839,0.3153353091679384,179.61156810268378,1739364920857
130.07218660244817,-485.3404933107575,370.48187511591726,179.92549803053382,0.3152651979390162,179.61209520611368,1739364920865
130.24755106678094,-485.2892181450213,370.2690815164978,179.92531806239595,0.31520537583629554,179.61240558186552,1739364920873
130.44840434459144,-485.2289807971297,370.0183318416303,179.92499740193324,0.31514590566681333,179.61234852779106,1739364920881
130.67955944155457,-485.1605028678762,369.734121981551,179.924339386916,0.3150952943008593,179.6113235152116,1739364920889
130.94717596980445,-485.0833740555863,369.41869596831697,179.9239000395174,0.315037286961267,179.6098349945501,1739364920897
131.25825991050488,-484.99753333177676,369.0671314070132,179.9248776946912,0.3149595934376869,179.61029050277926,1739364920905
131.59339344878887,-484.89973114803576,368.66829423124625,179.92381612604643,0.3149285309203019,179.61102534742247,1739364920913
131.95221278828424,-484.80088937775076,368.240455473983,179.92426514025138,0.31498008849911896,179.61080106846933,1739364920921
132.56047778568407,-484.62380736271854,367.51898050734565,179.92241066865702,0.31520832182257563,179.6098924432632,1739364920933
133.00385650162775,-484.4937167195715,367.0075399514358,179.92347536403886,0.31541956459668824,179.61132498304448,1739364920941
133.45992789183572,-484.3521372249411,366.4613642489496,179.9232044300858,0.3157561853472008,179.6097768939303,1739364920949
133.9640147459218,-484.19841424962226,365.8933903825427,179.92422923849335,0.3161847782507486,179.61086585308996,1739364920957
134.47088428776175,-484.0413667150716,365.2975135049349,179.92546820526988,0.31644773449698704,179.61091644041625,1739364920965
135.00459202135556,-483.8761186909432,364.6733856825897,179.92584017870408,0.31654803791930786,179.61018834002545,1739364920973
135.55985052742363,-483.70439448595573,364.01635998266386,179.92458171961175,0.3164344338036553,179.61137074798378,1739364920981
136.12239553982621,-483.5308780237576,363.3505729682128,179.92474741929095,0.3162929869098377,179.61032734050218,1739364920989
136.70678970186216,-483.3420431810812,362.66634007412864,179.92414810611265,0.31612818252236463,179.61121896100454,1739364920997
137.28667085187024,-483.15332079933563,361.9866250467961,179.92567505391676,0.3159080847893688,179.6100656174554,1739364921005
137.89232195863934,-482.95156823848686,361.29009628606434,179.92620562362936,0.31571849952829345,179.6112029938237,1739364921013
138.4786173455173,-482.75603897749676,360.5847308406421,179.92634170811627,0.31550147732941414,179.6099811968037,1739364921021
139.08366557976635,-482.559986972418,359.87658224504474,179.92667591741275,0.31538423771217017,179.60985891456698,1739364921029
139.68006973174988,-482.35973965807074,359.16357729774677,179.92539063051854,0.31524417423111234,179.60967300895842,1739364921037
140.2815113873893,-482.1541974054563,358.47208841617174,179.9258525226863,0.31515382509721196,179.61010905613904,1739364921046
140.86440052899363,-481.94664203787585,357.7859847522775,179.92593395945605,0.31506367201779234,179.60964584690007,1739364921054
141.4461572024521,-481.7392340247619,357.11071271026225,179.92652621450986,0.31504879208259784,179.60929399141887,1739364921062
142.0086723890341,-481.5431189878948,356.4530844338168,179.92776769283176,0.315060593074681,179.6098079434547,1739364921070
142.5612477880895,-481.348565559342,355.79595985176576,179.92622241738664,0.3150983198257842,179.6093337094371,1739364921077
143.09998785819823,-481.1604903710075,355.1673021769967,179.92599334027452,0.3151409622626259,179.61050867705953,1739364921085
143.60770704182963,-480.97456106462045,354.5627514643773,179.92627828121704,0.3152410242425784,179.6089166471198,1739364921093
144.10973900516842,-480.79028642380587,353.9958607732621,179.92741585247663,0.31535491935320603,179.60975052312173,1739364921101
144.5701982787083,-480.6143749874011,353.4442065062662,179.92690898402284,0.3154176139094072,179.60947827294183,1739364921109
145.2284357951947,-480.36991143896626,352.68473981622293,179.92788217412118,0.31559885165727014,179.6091809059118,1739364921121
145.6220341617168,-480.2222834919272,352.2107318604589,179.9274226946727,0.31562579750566205,179.60961852885396,1739364921129
145.98858859719834,-480.08785008033067,351.7732831422813,179.92696056135514,0.3156778488239292,179.6089201776549,1739364921137
146.3346007040623,-479.9559167828313,351.364625584107,179.92569400522208,0.31564369136139836,179.60892131023078,1739364921145
146.64337777795686,-479.8399060945206,351.0098525925635,179.9266850254714,0.3156731284048511,179.60966171622806,1739364921153
146.90993594747118,-479.734488092991,350.6883940218434,179.92612639123158,0.3157229045337168,179.6092574993313,1739364921161
147.15369694244677,-479.63642312152945,350.3988935258983,179.92621366503403,0.3157641758436788,179.60860911283962,1739364921169
147.37407775993876,-479.5480073697583,350.1492172148616,179.9263054054074,0.3157698409705819,179.6083704639576,1739364921177
147.56597885949057,-479.4722072305579,349.93607087907793,179.92588431434973,0.31571488713609386,179.60896774926118,1739364921185
147.72364515816722,-479.41325657913063,349.75983062588324,179.92702887632817,0.315718513077801,179.60967830717613,1739364921193
147.85324100484158,-479.3628619495761,349.60818449138134,179.92807527868575,0.3157394904834031,179.61026135504684,1739364921201
147.9584643700074,-479.3202482308936,349.4795074077327,179.9284151381097,0.3157501037663332,179.61048508610784,1739364921209
148.04266005993537,-479.2855127727865,349.3714591617901,179.9278566306343,0.31572300696038846,179.61039537070084,1739364921218
148.11008620076055,-479.25650689394604,349.2818701261255,179.92629639252996,0.31568895081038273,179.6103506191473,1739364921226
148.16337106420949,-479.23447299708624,349.2128544467205,179.9248949945129,0.31563602990933143,179.61023590944012,1739364921234
148.20481483836807,-479.2189641808184,349.1625070853004,179.92399046855382,0.31561726060387446,179.61014432489972,1739364921241
148.23550370789582,-479.20729339573495,349.1266682096443,179.92341906181576,0.3155945575416261,179.60998371089178,1739364921249
148.25737848920835,-479.19937855439406,349.1029341542017,179.92331594652444,0.3156028655952752,179.60994897595637,1739364921257
148.27296341339613,-479.19282400943473,349.09018870565444,179.92358480321883,0.31560647934789604,179.61002545494387,1739364921265
148.28239463605235,-479.185145301532,349.0903551687765,179.92467258864593,0.3156581817257072,179.6100848192537,1739364921273
148.28570978435147,-479.17995315192655,349.09474859080547,179.92584486011057,0.31568706540456093,179.60986237878683,1739364921282
148.28364087822007,-479.1798794923469,349.1056404301232,179.92765748438615,0.31573734543426285,179.60927820823156,1739364921290
148.27947493237806,-479.1822580759793,349.11598089376133,179.9291990158034,0.315794229276343,179.60861932863602,1739364921298
148.27676903881877,-479.1846710193015,349.12001237581313,179.92979011664255,0.31580738053444146,179.60825523723958,1739364921305
148.27454270414415,-479.1823222965313,349.1225142883309,179.93008864327012,0.31584454352926206,179.6080051736856,1739364921317
148.26842172003725,-479.17267015905685,349.1320156623708,179.93114850808803,0.3158875976848075,179.60730384460092,1739364921325
148.25560233243115,-479.16187880033993,349.14184211577026,179.93221519549382,0.3159403383213032,179.60584778082847,1739364921333
148.2426568624626,-479.1604357667976,349.13775335652133,179.93167858286293,0.31593130922888457,179.60438249724177,1739364921341
148.23943298500473,-479.15835142686376,349.13195980189425,179.93099980473124,0.3159234480001543,179.60418748037833,1739364921349
148.2379021542757,-479.15246867878915,349.1226193874199,179.92988045306663,0.3159004889346642,179.60440418345658,1739364921357
148.2340597265121,-479.14144389740636,349.11188143823404,179.92858624617128,0.31588495618707113,179.60473474153594,1739364921365
148.22298331938887,-479.1264515035762,349.10118136531173,179.92733710299083,0.315869322575483,179.60498976303649,1739364921373
148.2027231394816,-479.1033332659932,349.09109460204525,179.92616906235438,0.3158657158052414,179.60535950720597,1739364921381
148.17213865943995,-479.0696553199606,349.0805730447961,179.9249803707503,0.31586691048334614,179.60573406460466,1739364921389
148.1306621565029,-479.02488540323765,349.0717193259401,179.92409831916697,0.3158884314544343,179.606264382954,1739364921397
148.07676745512669,-478.96635385173397,349.06364938924605,179.9233741147059,0.31592939346100235,179.60691550750786,1739364921405
148.00958973749044,-478.89209074559085,349.0569831373595,179.92295166614358,0.3159745424626269,179.6077419492306,1739364921413
147.92601162467324,-478.7992057617923,349.04970460031,179.92266716032285,0.3160563792619377,179.60836776610597,1739364921421
147.82474011341088,-478.6843233216372,349.037761998371,179.92189697453574,0.3161295289489315,179.60884412107777,1739364921429
147.70696125758357,-478.5471289242659,349.0264088221567,179.92128683647562,0.31622355343313746,179.60936527776315,1739364921437
147.5666576318741,-478.3859486078706,349.0233961635492,179.92173544788312,0.3163494968179825,179.60946755311036,1739364921445
147.40321997929817,-478.20410396228084,349.0286803635264,179.92315493956707,0.31651608133306036,179.60917865764958,1739364921453
147.21079736967616,-478.0022162245566,349.0260350078962,179.92394591692394,0.31665799776390635,179.60852691756276,1739364921461
146.99061391969224,-477.77834172884894,349.01303744707644,179.92390685337904,0.3167657709850121,179.6080678131899,1739364921470
146.75245600580493,-477.5254938676458,349.0046517635834,179.92464617258145,0.31692763801612034,179.60869608478492,1739364921478
146.50015868491377,-477.24847343091284,349.0026937100038,179.925913001436,0.31705819885024245,179.60951024583028,1739364921486
146.23207877219082,-476.94558308232126,348.98117167732073,179.92479626970737,0.31709527299380147,179.60994677838414,1739364921494
145.93946455439945,-476.62470297057035,348.96246716924225,179.92446636079993,0.3171363801239047,179.60957364924516,1739364921502
145.4552702464978,-476.1005445097414,348.95137190404165,179.9258687028174,0.31732036566913524,179.61006217660233,1739364921514
145.1211145317001,-475.72915951652266,348.92682131626964,179.9250209095636,0.3173744141293156,179.61060428471998,1739364921522
144.7728421902086,-475.33551398608677,348.9129089644106,179.92538673706395,0.31734462035870126,179.60988798935767,1739364921530
144.4042965861531,-474.9365145892002,348.8873746988231,179.92467226228678,0.31727248903923133,179.60917611647815,1739364921538
144.03402898560628,-474.5194097030246,348.87576305788895,179.92555207366797,0.3172595912621043,179.61018707792678,1739364921546
143.66270195127962,-474.09558490692007,348.853344637737,179.92536259193056,0.31717831257090906,179.61055105434866,1739364921553
143.27504250690095,-473.6622841010839,348.8333549283113,179.92534390895443,0.3169370378425129,179.61006014622885,1739364921562
142.87562887096402,-473.2284657365246,348.811090078556,179.9254107170746,0.3167355281611625,179.61011858092678,1739364921569
142.4955946985004,-472.7805507114877,348.7859238459556,179.9249825079836,0.3165203413122672,179.61149436674435,1739364921578
142.10773141545798,-472.3401486951333,348.76505451112905,179.92557115770896,0.31627112026066473,179.61133106798007,1739364921586
141.71133567379871,-471.8998206681881,348.73119203112725,179.92439820023014,0.31612780334406204,179.61128177654197,1739364921594
141.329973126482,-471.46395498033837,348.7045198487062,179.92431701297912,0.31609059673722567,179.61134138140665,1739364921602
140.9568654149849,-471.03183160515283,348.67353783165834,179.92392814326274,0.31607692989553626,179.61078047634652,1739364921610
140.58146919703415,-470.61212926146123,348.65841558512244,179.92567682540013,0.31619718589081053,179.61043022111835,1739364921618
140.0512970561325,-469.99662850879446,348.6111857209412,179.9253249356727,0.31633669277064913,179.61107001905015,1739364921630
139.7121918930145,-469.60418229077584,348.5741268235078,179.92418746689165,0.3163426680185261,179.6104508984008,1739364921638
139.38049645263496,-469.23306319410466,348.54706498208736,179.92429390591735,0.31633332092644384,179.61061679665804,1739364921646
139.07042035082023,-468.8733815986915,348.5232617045263,179.9243687605702,0.3163092522633088,179.61132483341945,1739364921654
138.78536212708227,-468.5350638963151,348.4908617254261,179.92336467595715,0.31621816703611294,179.61169614559557,1739364921661
138.51566825866408,-468.2126173920121,348.47700332825934,179.9243329766289,0.3160931929921123,179.61162128158327,1739364921669
138.25336237842293,-467.91835807562245,348.4528190035185,179.92396898017822,0.31595635490781504,179.61120837967874,1739364921677
138.0174352260698,-467.6509261485396,348.43272900249355,179.92374158362225,0.31580519762566417,179.61165155188792,1739364921685
137.81136622413686,-467.40288336440176,348.41956895854014,179.9241125765643,0.31558943203362705,179.61210234983682,1739364921693
137.62687348556244,-467.17635806152737,348.3992850027353,179.92351332456317,0.31539177573141164,179.61181584622267,1739364921701
137.46390015571802,-466.9788919884206,348.38298651421377,179.92311075582867,0.315327898378245,179.61149433334361,1739364921709
137.31552528586133,-466.8113382178168,348.3713225614088,179.92315327483323,0.31534468333019783,179.6109815312969,1739364921717
137.18384270185132,-466.66661700851205,348.36130414384337,179.92333573131728,0.3154189312460862,179.61068938819557,1739364921725
137.0694932532788,-466.53529149657146,348.3526715112908,179.92330310764194,0.3154770507008929,179.6104951801161,1739364921733
136.97501929790505,-466.42493049756877,348.34321376083176,179.92305418232317,0.3154904069599154,179.61051972709342,1739364921741
136.90137904923992,-466.3393822928066,348.3363210863569,179.92303034430262,0.3154969248015658,179.61075888947272,1739364921749
136.84744566345987,-466.27042136437467,348.3319022972755,179.9231718126631,0.3155106869912147,179.61132090778167,1739364921757
136.80412561365347,-466.2190127463926,348.3259523009743,179.9229981582684,0.3155532800083704,179.61147526382476,1739364921765
136.77109936062422,-466.1799623695535,348.31959422247195,179.9226671596992,0.3155955114633757,179.611473984826,1739364921773
136.74655813025552,-466.15050534082104,348.31478933635344,179.9224257505875,0.31561367401308993,179.61152227277478,1739364921781
136.7203050322889,-466.12187066939185,348.3087439880742,179.9220406750714,0.31563117904426286,179.61119573797384,1739364921793
136.70894161084507,-466.1102822039948,348.3065177549662,179.92197235403643,0.31564372694350146,179.61096181988944,1739364921801
136.70183696751184,-466.10232847707545,348.3070083204136,179.92220063555322,0.3156386167138018,179.61081181379433,1739364921809
136.7018677987397,-466.09621445825,348.3087380474824,179.92256330953475,0.3156437512042863,179.6112408370106,1739364921817
136.70716275578582,-466.0970660383773,348.3055065438559,179.92231314771072,0.31564114222843925,179.61214258945074,1739364921825
136.71321075036985,-466.1017722350462,348.30089920891993,179.9218380766502,0.31563515442190343,179.61303684183204,1739364921833
136.7174382000195,-466.10598322430434,348.2980591275708,179.92157327279529,0.31563013198401124,179.61361961569796,1739364921841
136.71761412220957,-466.10826042612,348.2979580250038,179.92162100424878,0.3156416168588006,179.6136535831882,1739364921849
136.7170768763293,-466.1131330755849,348.2964337743777,179.92147148071993,0.3156306789542662,179.61360509162196,1739364921857
136.7167488791615,-466.1280704456589,348.2899745607209,179.92073027104666,0.31560402436772345,179.61355352986692,1739364921865
136.7168547877624,-466.14311926757665,348.284859723781,179.92017275457536,0.31560448096432864,179.6135505348065,1739364921873
136.71744761010515,-466.1452689462458,348.28652599095585,179.92039019694968,0.3156027398254742,179.61360626776533,1739364921881
136.71888096180908,-466.14543515026935,348.28804574011787,179.9205667349702,0.3156024461034732,179.61374340503878,1739364921889
136.72272826130398,-466.1478147265792,348.29181146653787,179.9210354622253,0.3155999805300747,179.6141542833416,1739364921897
136.73047668193823,-466.1553916181539,348.29630078487503,179.92162626337122,0.31559907322706776,179.614987520833,1739364921905
136.73583241282532,-466.1714824902708,348.30035163286465,179.92215540553323,0.3155781322584505,179.61546058215546,1739364921913
136.73729234281979,-466.20113168082327,348.30456210735565,179.92277239525964,0.3155739586833614,179.61533612097244,1739364921921
136.73911034976257,-466.24418416520007,348.30806200321763,179.92329281515836,0.3155245240990829,179.61504877711448,1739364921929
136.74231069152836,-466.30275250722536,348.31247379782303,179.92395458123303,0.315482287075824,179.6146610222064,1739364921937
136.74812752648282,-466.3794616747344,348.3154864045376,179.92445782144836,0.3154308412730604,179.61420535388262,1739364921945
136.75886619317149,-466.47562125889664,348.3154860332792,179.9245707582135,0.315361554147265,179.6138575248784,1739364921953
136.77462827872571,-466.59535903767505,348.3151732222522,179.9246200601488,0.31527833494585006,179.61368779225785,1739364921961
136.79422523952329,-466.74127654257734,348.315132520128,179.92472114128063,0.31519963490933567,179.6134995414735,1739364921969
136.81719871479723,-466.9170506313933,348.3126293479012,179.92447269847756,0.3150884344020261,179.61323673183114,1739364921977
136.85936098676027,-467.2226034122882,348.3147155497513,179.9248089654092,0.31494026992432933,179.61285661100237,1739364921989
136.89236520562218,-467.4521765273407,348.31787286400527,179.92522618917258,0.3148303561105569,179.61245236901922,1739364921997
136.9292023077437,-467.70794109490566,348.31746298004015,179.92519184629606,0.3146972937365753,179.6119999111828,1739364922005
136.97017869263215,-467.99919497147977,348.31606903926036,179.92511434643754,0.31460171094899303,179.6115628992124,1739364922013
137.01611083766667,-468.31103762131255,348.30824455825376,179.92425935385268,0.31452049482568467,179.61124535102337,1739364922022
137.06597092067824,-468.6374913989433,348.3060379538007,179.92420444852303,0.31448814324683066,179.6109604549535,1739364922030
137.11941365018305,-468.9842189171254,348.30970626199,179.92486785583282,0.3145008572351593,179.6106342243324,1739364922038
137.17590890092956,-469.3568772661191,348.3041576339792,179.9244620815928,0.3145030043129465,179.61033075927352,1739364922046
137.2358076240771,-469.7351415487615,348.305961544358,179.92523138843654,0.3145349466118576,179.61021694740072,1739364922054
137.296882412709,-470.12647545713224,348.3062985763632,179.92569379542317,0.31456307479621226,179.6100562624615,1739364922061
137.36078586584742,-470.52652739004554,348.2959842736163,179.92475589106877,0.31458776324567284,179.6102495959563,1739364922069
137.42431664226493,-470.9273523412831,348.2971905815074,179.9256611858162,0.3146351941574665,179.61052632580183,1739364922077
137.48897816780638,-471.3357505048817,348.2898120036827,179.92522770861524,0.3146882984783611,179.61100922484584,1739364922085
137.5520906284046,-471.7377645732398,348.2791584025645,179.92444111475456,0.3147050932243039,179.61139464333942,1739364922093
137.61032431279534,-472.14232898376923,348.2787362968005,179.925199130405,0.3147925381844125,179.6113800642215,1739364922101
137.6680194162072,-472.54418513052445,348.26155946787367,179.9236126059397,0.3149042795227769,179.61142882013743,1739364922110
137.72509900671923,-472.92977573322156,348.25488216008404,179.92363768767885,0.3149851296849075,179.61150452195787,1739364922118
137.77707724453663,-473.31158518711135,348.25528389646774,179.92459519288215,0.3150802970649297,179.61114361886763,1739364922126
137.8307127761992,-473.6733145525443,348.23846912060515,179.92315419757688,0.3152257637739519,179.6111840344212,1739364922134
137.9062430077977,-474.1810519302367,348.2353390203854,179.92407137925542,0.31533301438091316,179.61118677237408,1739364922146
137.9534058433366,-474.49761694921295,348.2234852541326,179.92325252480737,0.3154239147521465,179.61113264419902,1739364922153
137.99716371899888,-474.78831639387914,348.2084948645166,179.92221821185683,0.3154738128693138,179.61108070703517,1739364922161
138.03795144475714,-475.0546539685499,348.20936076449624,179.9231976576286,0.31553118260147084,179.61094993278695,1739364922169
138.07523295091795,-475.2962484782886,348.21492345740467,179.9244444363861,0.31557166056128966,179.61082086638143,1739364922177
138.10854393700532,-475.51566148992174,348.20321968260424,179.92364062389134,0.3156092817387143,179.61067022166807,1739364922185
138.13710455773318,-475.70793377024455,348.1920926445998,179.9230088886622,0.3156090173410758,179.61036773924206,1739364922193
138.16282030204883,-475.86586391886,348.18908666896834,179.92317552750202,0.3156620788318263,179.6102585576659,1739364922201
138.18508000511417,-475.99873441250116,348.189856484404,179.9236301985245,0.3157181761087509,179.61020431461634,1739364922209
138.2039826143945,-476.1114187484763,348.1942443939692,179.92444033571888,0.31574595844487297,179.61013044093986,1739364922217
138.2200707828985,-476.2033362538173,348.19999711438,179.92538894656667,0.31576507009496074,179.61019149546655,1739364922225
138.23245901787436,-476.27670056152925,348.2033183722876,179.92606105297958,0.31578542333955845,179.61022162583362,1739364922233
138.2421000999154,-476.333625890726,348.2046870964778,179.9264561393369,0.31580525901629214,179.61024187623323,1739364922241
138.24948048562857,-476.3756429430436,348.20154879648703,179.92624085494563,0.3158422163327318,179.61025734581577,1739364922249
138.25406294031777,-476.40579795565037,348.19660187007446,179.92572765385427,0.3158545801226996,179.61017514659898,1739364922257
138.25050253433216,-476.42952258422156,348.1914694462255,179.92513390713736,0.3158604854318635,179.6093101869037,1739364922265
138.2471441923334,-476.4449886189856,348.1866015001862,179.92451381020715,0.31588005890684623,179.60862143867828,1739364922273
138.2439858945768,-476.454444528689,348.1840132964942,179.92418655881448,0.31588528558865836,179.6080629267287,1739364922281
138.24177425118447,-476.459247327495,348.1815067675816,179.9238529983942,0.3158805529664106,179.60771481141464,1739364922290
138.24083510485667,-476.4541485832329,348.18704039735053,179.92444415763597,0.31589457018661626,179.60754849242957,1739364922298
138.2407651745268,-476.44587473674784,348.1976669069683,179.92566088626813,0.3158932756198182,179.60752159665273,1739364922306
138.2415206210595,-476.4391532062611,348.20669879874134,179.92671460009606,0.3159101139814036,179.60760923953964,1739364922313
138.24355801720927,-476.4346863851705,348.2146089600929,179.92765953732086,0.31591744961994384,179.60785264907162,1739364922321
138.25017996312005,-476.4182742557409,348.24473773170484,179.93125595583783,0.3159452255130929,179.60868250867378,1739364922333
138.25781414166636,-476.4046559704239,348.26074696947774,179.93305742790778,0.31595615984686337,179.60959755066546,1739364922341
138.26908322929341,-476.3969363898368,348.2554328905168,179.93220054304524,0.3159568975020474,179.61089876601156,1739364922349
138.28361514218957,-476.3878387517425,348.2460409124764,179.9306429823151,0.3159422162872761,179.61251672366444,1739364922357
138.29502854783703,-476.3791473288111,348.23838472087533,179.92885359170492,0.31594939476507083,179.61362659859287,1739364922365
138.30127952411752,-476.3692538527755,348.235521771733,179.92690648853883,0.3159410604986704,179.61388408468494,1739364922373
138.3056511360034,-476.354817677176,348.2427996982975,179.92552208963696,0.31595587750832566,179.61363271698258,1739364922381
138.311015512551,-476.3306690235585,348.26378116594793,179.9250668009672,0.31595830168938527,179.61311272178207,1739364922389
138.31934436757578,-476.29371131037595,348.296851969961,179.9250777854518,0.3159699169468783,179.61245217583962,1739364922397
138.3327911681017,-476.24194708322744,348.33801399504324,179.92475240568425,0.31601690616758293,179.6118183729891,1739364922405
138.3532640048593,-476.172039969896,348.39136584303446,179.92433477621432,0.3160628950529723,179.6113503713495,1739364922413
138.380784007721,-476.0844661872191,348.45695175790337,179.9237298860424,0.3161211754731862,179.6110755962111,1739364922421
138.41554811010334,-475.97630912133246,348.53822740023884,179.92335782108754,0.316182000632284,179.61077198688744,1739364922430
138.4568139877716,-475.84772785131037,348.63536675633577,179.92321177917088,0.3162455550844389,179.61035135942691,1739364922438
138.50702974619978,-475.6945042604895,348.7494038678908,179.92338839808545,0.31632924803022733,179.61037169732444,1739364922446
138.5637842486691,-475.5186586117299,348.883229389702,179.9240694940449,0.31641989641585666,179.61023727101406,1739364922454
138.6287022637984,-475.31264104904596,349.0456703320321,179.92603788105166,0.3164950935456016,179.61034868547137,1739364922461
138.70046654991356,-475.0798454516218,349.22433986539795,179.92723253077608,0.31656499069881905,179.6103307830256,1739364922469
138.77914002941878,-474.8254992088294,349.4088707054612,179.92640469866913,0.3166322785482075,179.6105708056173,1739364922477
138.8640416862992,-474.55041496862776,349.60823107082985,179.92519878606393,0.3167221750022497,179.61084364786547,1739364922485
138.95315300235475,-474.2526802340059,349.8369162581336,179.92664025503626,0.31679337799698293,179.61096787226708,1739364922494
139.04598477371562,-473.9422404957094,350.07419275351236,179.927949162773,0.3168650332725749,179.61096347480722,1739364922502
139.14348650888,-473.6187595558275,350.3124173106208,179.927092806868,0.3168551601871909,179.61095550122846,1739364922510
139.2450290306017,-473.2763329295796,350.5702425355312,179.92674295320916,0.3168912893367642,179.61086837620917,1739364922518
139.35044963693463,-472.9279134968256,350.832426298839,179.92717829468972,0.31692738379606034,179.61066199673328,1739364922526
139.51491871925853,-472.3912332406705,351.2293657126151,179.92739253418424,0.3168924565938269,179.60989766367732,1739364922538
139.62905467875046,-472.0209294791974,351.50284431925763,179.92695594682465,0.3168176841401264,179.60928127932533,1739364922546
139.74569246573776,-471.65426897020023,351.76446671816285,179.926009352434,0.3166964763574146,179.60894151667014,1739364922554
139.86349555091658,-471.28497082582726,352.03891430786996,179.92748534996713,0.3165167646949171,179.60918847959394,1739364922562
139.97710297670645,-470.9194009008393,352.29343222611016,179.92545031822405,0.3162592109423045,179.60957273683616,1739364922570
140.08701697282586,-470.56059285114435,352.53961533540246,179.9228886527361,0.31604452665232463,179.61016211168916,1739364922577
140.18822930430886,-470.2105740811706,352.7982737892908,179.92412428612013,0.31587260087755475,179.61039835579695,1739364922585
140.2843433940082,-469.8821268322227,353.0305951690975,179.92292206418944,0.3157015255989406,179.6104734540669,1739364922593
140.37758752754718,-469.56255861416975,353.2584217802826,179.92124667136096,0.31559434621735466,179.61070266718028,1739364922601
140.46386487529944,-469.2602399942752,353.4893529525069,179.92223880321683,0.3155625828583007,179.6105654042634,1739364922609
140.546485981085,-468.98317761878627,353.6926753563583,179.92253315997465,0.3155471914932971,179.61039257010668,1739364922617
140.62433855580318,-468.7266014770171,353.88366348334205,179.9233607024838,0.3155939122080449,179.61016864184404,1739364922625
140.6972774119761,-468.48521903677545,354.06856435176906,179.92466086159348,0.3156836674981694,179.6099941391396,1739364922633
140.79475407005486,-468.1642321395844,354.2974024688697,179.92380739628385,0.3157955572741418,179.6095456632198,1739364922645
140.85094241367307,-467.98524070512894,354.4240347817419,179.9235624891882,0.31581350200030744,179.60932466742508,1739364922653
140.90080753728367,-467.83376302808057,354.53152537803555,179.92362340911433,0.31583654484679546,179.60950227548472,1739364922662
140.94286421139006,-467.70134623537075,354.62464688751476,179.92394817068077,0.3158538767282497,179.60968797007732,1739364922670
140.97693601150084,-467.5884744775424,354.70395497479325,179.92423777918097,0.3158776085639853,179.60988947014155,1739364922678
141.00459514944438,-467.49791062944576,354.7654113120513,179.9239475439792,0.3158655736305843,179.61011763451955,1739364922686
141.02607538925926,-467.4266256531165,354.8142208959702,179.92368166386015,0.3158670663054799,179.61028094478078,1739364922693
141.0414011486211,-467.3734815504588,354.85024788492535,179.92321538826215,0.3158611945277537,179.61029793000077,1739364922701
141.05297426744679,-467.3333211968013,354.87643396261416,179.92259574992656,0.3158670163547148,179.6103816763368,1739364922709
141.06160162631912,-467.3039957283496,354.89416180585783,179.92196478059523,0.3158466414248902,179.61047873039513,1739364922717
141.0670069905522,-467.28375889428236,354.90696653434463,179.92162120252354,0.31583923401159386,179.61051018442345,1739364922725
141.06808911349373,-467.2730970153714,354.91890619478636,179.92185693394092,0.31582134955000596,179.61025497131243,1739364922733
141.0626363562325,-467.2693734941393,354.9291880930184,179.92239266216305,0.31580033454493994,179.60934545601674,1739364922741
141.05832199373592,-467.26823752401066,354.93617335476614,179.92291543899063,0.31578870936552034,179.60869147041348,1739364922750
141.05338000057674,-467.2726180601047,354.93215166702396,179.92228291688818,0.3157668388970334,179.60801583915506,1739364922758
141.04944495782158,-467.2788253889979,354.92358697115367,179.92122231723098,0.3157382611804778,179.60749317751683,1739364922766
141.04869543536694,-467.282968825968,354.9160082027272,179.92030472059142,0.31569838157343083,179.6073994499992,1739364922773
141.0492806272015,-467.2848478629031,354.9105632667964,179.91963860972126,0.31566944535689495,179.60747035766033,1739364922781
141.04870505775682,-467.2909419119179,354.89637925394476,179.91792559264522,0.3156469059096535,179.60739907125415,1739364922789
141.04542893203626,-467.30301696412346,354.87024602177496,179.91479859168112,0.31559856717806734,179.6069793241617,1739364922797
141.03551663140323,-467.30826746461884,354.86258532508447,179.9139695717318,0.31558775819798707,179.60581793746476,1739364922805
141.02542208464754,-467.31069594476753,354.85820264222696,179.9136505810657,0.31558405683466806,179.60467222859617,1739364922813
141.0231546441646,-467.31041571337016,354.85295261969804,179.91361108905187,0.31556143499304634,179.60461306791973,1739364922821
141.02075294417085,-467.3123333601718,354.84181584465347,179.91364762898775,0.31555477277836497,179.60476611253316,1739364922830
141.0142661753046,-467.3254945452555,354.8120191597244,179.91396130192345,0.31554551447890156,179.60533066713433,1739364922842
141.0039920826591,-467.3496488723381,354.7851264885479,179.9148010347824,0.3155403470067869,179.60589089979837,1739364922850
140.98600965150925,-467.38813645370516,354.7471748666035,179.9159177258211,0.31551487473016454,179.6063802075342,1739364922857
140.95835819820522,-467.44211117436413,354.6979056879585,179.9175298138636,0.31546297418237096,179.6067165040314,1739364922866
140.92119712830083,-467.5126852767834,354.63170368247233,179.9191684479343,0.3154050369423702,179.606970214645,1739364922874
140.87341530851944,-467.601993484296,354.5415070493193,179.92025000763053,0.3153325808109565,179.60718347514515,1739364922881
140.81563526181608,-467.70980858992993,354.4238183798272,179.92004113975125,0.315247016525953,179.60759213949342,1739364922889
140.7463626741346,-467.83845886894795,354.2773654169793,179.91871207600227,0.31512703486853827,179.60805219394186,1739364922897
140.6681785689525,-467.98515037020246,354.11197600023394,179.9178470447358,0.31499490680620035,179.6089441361568,1739364922905
140.57916571373295,-468.15162187226133,353.930255898316,179.91860088601618,0.31488993965601153,179.60989486780107,1739364922913
140.47954929565108,-468.3384977152226,353.73117047057804,179.92071426154527,0.31478808227117316,179.6107407634091,1739364922921
140.36783432769963,-468.54923149403135,353.5011423213445,179.92155551369018,0.3146603535220122,179.61115400922094,1739364922929
140.2460189686672,-468.780699423105,353.2421676231831,179.92077092877008,0.31455030761258085,179.61136799771037,1739364922937
140.11082813569016,-469.0333646683744,352.9668665660524,179.92143941574926,0.31446378732656305,179.61085953979259,1739364922945
139.96859145254055,-469.29663522476943,352.68239466070327,179.9234526949518,0.31441734359362306,179.6105117953868,1739364922953
139.8133764654018,-469.57402752265546,352.37328051141515,179.92326402585695,0.3143555926514586,179.6099420743764,1739364922961
139.64575278331333,-469.8721904610176,352.0434233280845,179.92285831802343,0.31429579429837246,179.60918561890125,1739364922969
139.47280390291687,-470.17604515104745,351.71920273539814,179.92495525425576,0.31427006965017507,179.6092066225798,1739364922977
139.2991144153452,-470.4805794039778,351.3822374710792,179.9250707923376,0.3142931122311983,179.60983137643677,1739364922985
139.12896139139215,-470.79358356761094,351.02792690917653,179.9243352207888,0.31427564606385144,179.61065368085406,1739364922993
138.96261728634823,-471.1024789552305,350.68644167104,179.92533583806,0.314302957799007,179.61120678138641,1739364923001
138.79549876453447,-471.40777228577684,350.34477943874566,179.92554514824982,0.3144330088801684,179.61116965800258,1739364923009
138.62775937604306,-471.7170362257804,349.9956950091337,179.92562419763985,0.31460896167953184,179.61084137282396,1739364923017
138.37305723705873,-472.1617620185219,349.50510947853076,179.92675451711273,0.31500352357307787,179.6103598726358,1739364923029
138.20746266683153,-472.45014747358607,349.1792164694928,179.92663840155933,0.3152836239193625,179.61063043828167,1739364923037
138.0527927933547,-472.7258003901545,348.8626739444744,179.92559131925864,0.31541992986882506,179.61114832460825,1739364923045
137.9112507172333,-472.9796907987848,348.5749343246297,179.92535037439467,0.31553085750429233,179.6115539835241,1739364923053
137.78006161050826,-473.2164715188748,348.30241778562987,179.92552196312957,0.3156186621400787,179.61162521477223,1739364923061
137.6608246909676,-473.4396199692051,348.03812663306627,179.92417549193377,0.3156386206796943,179.6116101250906,1739364923069
137.54873943153092,-473.6425170614812,347.8056301487705,179.9236923758708,0.315662533098092,179.6112608195238,1739364923077
137.44513658604512,-473.82070884125585,347.6011392789611,179.92381459820888,0.31569141576416265,179.6107913378683,1739364923085
137.3502856984339,-473.9806628428343,347.420843595769,179.92482824363879,0.3156895593149013,179.61035476292284,1739364923093
137.2640893409645,-474.12506914958783,347.2611986254666,179.92554234714098,0.31564845352934845,179.60971851774406,1739364923101
137.18963986952747,-474.25015646496394,347.11894119414484,179.92487692137794,0.31560597284987074,179.6093974654077,1739364923109
137.128835513907,-474.3514630998168,347.0014076345898,179.9239937279962,0.3156074630155676,179.60944383177363,1739364923117
137.08066016966626,-474.431429593411,346.90880419020334,179.92355205021232,0.3156220837218361,179.60972792015585,1739364923125
137.0459079755036,-474.49284411212636,346.83497168884986,179.9231909575127,0.31565124258088567,179.6102245317616,1739364923133
137.0194546658884,-474.5386965848856,346.7800703728239,179.9232519851218,0.3156658929494828,179.61063436033137,1739364923141
136.99955120942988,-474.5741282670603,346.7424938384328,179.92401482248266,0.3156741549512963,179.6109084347702,1739364923149
136.98504371028432,-474.6015981437526,346.7184187718337,179.92518777875722,0.3156934136672673,179.61100311124463,1739364923157
136.97540343153213,-474.62155794265135,346.70438761763944,179.92635709798452,0.3157093258369734,179.61103823135292,1739364923165
136.96967844529595,-474.6351948981388,346.6960291802019,179.9273063367402,0.31572625634487045,179.6110918267625,1739364923173
136.9698241126527,-474.64264005441254,346.69086877472336,179.9278458174295,0.3157361450994338,179.61152911000923,1739364923181
136.97420792564742,-474.64566475551754,346.6876882738615,179.9281053365195,0.3157437022110995,179.61226056285327,1739364923189
136.97908400971139,-474.6421402720138,346.69609067778794,179.92945888422759,0.3157665239930718,179.6129527780836,1739364923198
136.9845163921779,-474.6355254609374,346.7085130495659,179.93100232288091,0.31577984633615813,179.61364127416857,1739364923206
136.9861175818125,-474.63118488998265,346.7173646168706,179.9320628433299,0.3157916132780991,179.61382422181973,1739364923214
136.98545876288227,-474.6303706769615,346.71872573135147,179.93219872979114,0.315799574161999,179.61372319341297,1739364923226
136.98149318046902,-474.62932191118153,346.7226615111152,179.9326541745763,0.3158157957515923,179.6132228355502,1739364923234
136.96986644223543,-474.623809033496,346.74047194372747,179.93472095653115,0.31582690615849546,179.61183478951241,1739364923242
136.95015958261325,-474.62057004709584,346.75579791232013,179.9364208266864,0.3158513998773169,179.60949320683463,1739364923250
136.9392857493926,-474.62097801811433,346.7545168447409,179.93605466040253,0.3158406326765567,179.60836373535892,1739364923257
136.9300163879324,-474.61974913436984,346.74814012929465,179.93488854670065,0.31583763740878573,179.60782890374597,1739364923265
136.9216166370098,-474.61311856683875,346.73562571146147,179.93250178523294,0.315860198662753,179.60792874742575,1739364923273
136.90917442153028,-474.6015182776547,346.72388546807275,179.92944586215398,0.3158710613018607,179.60826074291333,1739364923281
136.88927290873076,-474.58990070559486,346.7271729255728,179.92738781711975,0.3158977842492997,179.60865231908156,1739364923289
136.85908515767994,-474.57482449563247,346.74549013991304,179.9262205831543,0.3159241155968845,179.60908963056724,1739364923297
136.81542234205563,-474.55481894011325,346.7774426536029,179.92559183863133,0.3159525652871354,179.6094017108938,1739364923305
136.7572807852086,-474.5270245230956,346.8233941004296,179.92523060563312,0.3160074107473224,179.60961615008281,1739364923313
136.68203363932997,-474.4886604502574,346.88400029163626,179.92499612330036,0.3160860536119009,179.6097810013732,1739364923321
136.5878651532686,-474.4385850889326,346.9613860224452,179.9249916765116,0.3161706057661289,179.60993190245017,1739364923329
136.47247166280678,-474.37546829698374,347.0583123979727,179.925422740147,0.316250098970639,179.6100777153852,1739364923337
136.33330020130956,-474.2964326794119,347.180158318498,179.92661659752656,0.31638339746135724,179.6100118023376,1739364923345
136.16473528654217,-474.20244666432274,347.3240315705087,179.92809420610592,0.31652408120914,179.60975940709983,1739364923353
135.96168946656857,-474.09673539107416,347.48264797109374,179.9283827116748,0.31669466969303367,179.6090985996148,1739364923361
135.73163486131668,-473.97726140838745,347.6562331081621,179.9270568074467,0.31683198135643015,179.60955309328017,1739364923369
135.474800798035,-473.83997612126507,347.8514503375781,179.9248928536788,0.31695996717686575,179.61012820912856,1739364923377
135.1977305237207,-473.6812712939237,348.0808873993295,179.92481500425632,0.31706037419528377,179.61055265503472,1739364923385
134.72452622322783,-473.41694387568003,348.468206901419,179.92570723545788,0.31722088600503284,179.61018742795105,1739364923397
134.36743256239404,-473.22461528072523,348.74577633441675,179.9243178850002,0.3173865842866934,179.61066045417687,1739364923405
133.9926337121031,-473.0097906629841,349.066622238911,179.92639335204174,0.3174907715082529,179.6110576205547,1739364923413
133.59260227679576,-472.7902294739234,349.38817049757574,179.927185078114,0.317447157712162,179.610104094087,1739364923421
133.16085928256064,-472.5575010120563,349.7278338384602,179.92688532811187,0.3173811533036392,179.60958909704487,1739364923429
132.72444882941596,-472.3117729738989,350.08570807192285,179.92774315139084,0.31724459661031645,179.6102106541806,1739364923437
132.27117877623428,-472.0605430205545,350.4443463436504,179.92744047197482,0.31693429029559317,179.60963821240767,1739364923445
131.79752403368934,-471.79579680284786,350.8196576071342,179.926597705589,0.3165603975538136,179.60999237675463,1739364923453
131.32834189940797,-471.52939445712053,351.1925414379891,179.92617443956706,0.3162139696655126,179.61050127605031,1739364923461
130.84145639942147,-471.2520997767608,351.58058267984285,179.9257263154987,0.3160080824241332,179.6101063074269,1739364923469
130.35644988374375,-470.9756494444171,351.9643683887954,179.92513916010478,0.3161158575044879,179.61075600322877,1739364923477
129.87346097141074,-470.6941024882914,352.3548519688153,179.92531857330593,0.3161483050543933,179.61025589524516,1739364923485
129.38323066527764,-470.41343362358646,352.7333565176146,179.92302644483976,0.3162920814064518,179.61023910546592,1739364923493
128.908041910489,-470.12924977537006,353.12159984634644,179.92376392616796,0.3164015101007757,179.61026893537107,1739364923501
128.43614172877741,-469.85084265160344,353.4858380706445,179.92051658937058,0.31654768212082973,179.61044055763122,1739364923509
127.97365012651906,-469.57309333649147,353.86446904549933,179.92144273496268,0.3166729658995817,179.61141613561855,1739364923517
127.5270199963294,-469.30501380249706,354.22430056418074,179.92062977112846,0.3166875790467801,179.6113591293288,1739364923526
127.08266967179854,-469.04628156750044,354.5839672736066,179.9215028282936,0.31671505984977044,179.61137591739558,1739364923534
126.66989604626764,-468.7980625610722,354.9248132978789,179.9225119874718,0.3166984208658079,179.61172389770715,1739364923542
126.27497193078358,-468.5563130047173,355.2490229904652,179.92217227584578,0.316541253016601,179.61080908502913,1739364923550
125.89398499584547,-468.3345449488235,355.55445003227203,179.9228410002701,0.31639338622811647,179.61069332076437,1739364923558
125.54657764132219,-468.1271024487075,355.83188202352727,179.92267923601113,0.3161856741785484,179.61119386274362,1739364923566
125.22943627725505,-467.92486535834263,356.0996500197999,179.92278699551605,0.31600856323990345,179.61108798267588,1739364923573
124.9238314642469,-467.74625327008005,356.34226217493983,179.92315153325333,0.31589986267838754,179.61051835588276,1739364923581
124.52956468438178,-467.51301477755044,356.6510260230179,179.9230150713546,0.3157985523038073,179.6117211808344,1739364923593
124.30844505389054,-467.3711263711891,356.8364747557315,179.9232314889675,0.3156988760742617,179.61189778211332,1739364923601
124.11194369130897,-467.2465289337135,356.9945392513949,179.92245119017934,0.3157041849510624,179.61135835050834,1739364923609
123.93544624438651,-467.14411149758877,357.12666707402207,179.92180747567568,0.31575924931702276,179.61063284783663,1739364923617
123.78288342661371,-467.0631308737944,357.2372970457794,179.92170678742758,0.3157922625479157,179.61033652617033,1739364923625
123.66020525161025,-466.99372274670014,357.3314170217278,179.92203147292167,0.3158087491616975,179.61077971479767,1739364923633
123.56216038789415,-466.9336654907747,357.4113013719866,179.92254292413693,0.3157998921771207,179.61127125652672,1739364923642
123.48809967186224,-466.88142999689217,357.47983163001726,179.92339724166607,0.3157501303314692,179.61176588855807,1739364923650
123.4311900712708,-466.8387897468984,357.5349782965454,179.92404306192967,0.3157586489048134,179.61197703686364,1739364923658
123.38776274534735,-466.8068284011456,357.5757702530555,179.92426371704875,0.31577151361648553,179.61197892004736,1739364923665
123.35507798746653,-466.7827769688393,357.60716021862294,179.9244431984171,0.3157965047627237,179.611938558133,1739364923673
123.33107157292119,-466.7673496771307,357.6292749755596,179.9244858753802,0.31580284508231454,179.61172704258078,1739364923681
123.31481733946565,-466.75864752602166,357.6468379177659,179.92483523584383,0.31578104447830235,179.61153153480896,1739364923689
123.30306586606365,-466.7542541185003,357.65875122702664,179.92528260756728,0.31574722848569814,179.61124246383292,1739364923697
123.29559177834703,-466.7520935418003,357.6658346473542,179.92557815451673,0.3157256945477216,179.61101046531022,1739364923706
123.29545946872774,-466.75132299538444,357.66661965451743,179.92540388385623,0.3157331404293203,179.611419345232,1739364923714
123.30211123626796,-466.7554733233894,357.65339283726917,179.92366506066253,0.31576423393050945,179.61252497215767,1739364923722
123.30883458068972,-466.76071599424114,357.6382977409392,179.92179632481842,0.31579738228504567,179.61350673818058,1739364923730
123.31196487773381,-466.7644967681752,357.6275183001665,179.920464829549,0.31583777354562415,179.61396809324887,1739364923738
123.31060806981603,-466.7653531467823,357.625367488003,179.920192830251,0.31583822438466747,179.6138169787269,1739364923746
123.30828073875414,-466.7656143473327,357.62586672794987,179.92027423217786,0.3158293605327017,179.61354536440388,1739364923754
123.30682019196274,-466.76450952893686,357.62949843347354,179.92076340977042,0.31580991906052225,179.6133779513902,1739364923766
123.31206350658474,-466.76151145348297,357.6354072236144,179.92151072482955,0.31578342719876595,179.6140144554451,1739364923774
123.32351338955813,-466.75693342436676,357.64806121740594,179.92307366299383,0.31574090569875907,179.6153969579888,1739364923782
123.33040868826416,-466.75365355335873,357.6698870976761,179.92576456586298,0.3156667082780603,179.61620151318223,1739364923789
123.33337403898379,-466.74662935653333,357.69176402022,179.92841436196045,0.31559771342627924,179.6164213475649,1739364923797
123.33902445976881,-466.7362393734786,357.715629299545,179.93113648910486,0.3155223276819831,179.6165476225529,1739364923805
123.34811904107791,-466.7259412237416,357.73338769135376,179.93249607748854,0.31549978590874855,179.61638484203104,1739364923813
123.36498678765913,-466.718643990099,357.7413547138994,179.93197905926775,0.31549978710079846,179.6159577113998,1739364923821
123.39445903069146,-466.70986294000215,357.7500396742259,179.9307411487932,0.3155337349965448,179.61565474694157,1739364923829
123.43845197685351,-466.6974309805863,357.7626764237335,179.9289768994962,0.3155841543743833,179.61532219676994,1739364923837
123.4995985515269,-466.68090476701695,357.7826502446205,179.92705141049612,0.3156334317666209,179.61498981289685,1739364923845
123.57761222317762,-466.66017948479686,357.81267264264625,179.92523420637536,0.31566697177366787,179.6142449589315,1739364923853
123.67749448368383,-466.63403886911647,357.8558552075577,179.92379646775686,0.3156909517986046,179.61349799443144,1739364923861
123.80344782456122,-466.60076236634427,357.9139924332423,179.92273337922947,0.31569227206146794,179.61246500680582,1739364923869
123.96016404747563,-466.5596485090486,357.9897424660437,179.92231488112736,0.3156699087278173,179.61133839876135,1739364923877
124.15274618886191,-466.5088251919855,358.083218136952,179.92245308350192,0.31562775316647607,179.61081863771977,1739364923885
124.38098414780819,-466.4477908414099,358.1960679942772,179.9230009528998,0.31557302725153896,179.61131536864048,1739364923893
124.63740873421087,-466.3777615802515,358.32601922277246,179.92332022980983,0.31554509941741865,179.61188246861107,1739364923901
124.92496723852078,-466.2984245929677,358.47431452997745,179.92312800901226,0.3155712678821583,179.61199803596787,1739364923909
125.25239381322505,-466.2075251245364,358.645242709206,179.92248638614444,0.3155936480333927,179.61075489577595,1739364923917
125.62724197141101,-466.1051679182733,358.83750590344954,179.92202707247498,0.31557934686620037,179.61036049188422,1739364923925
126.03192942104768,-465.995307336474,359.0525638008083,179.92310896703754,0.3155175996262103,179.61094328295817,1739364923933
126.70862799163868,-465.8063602405607,359.40668173907216,179.92487126630348,0.31550641163529486,179.61007496675782,1739364923945
127.20801815867591,-465.6584163753276,359.6573764984201,179.9236913587834,0.3155519955213144,179.61117624398923,1739364923953
127.73227038349111,-465.50560426099474,359.9343000622722,179.92413783118866,0.31557025937118544,179.61075593880187,1739364923961
128.2979776659929,-465.34317886747533,360.2342835968577,179.92616354545802,0.3155324413718558,179.6110818926418,1739364923969
128.88168482346137,-465.17108345060785,360.5430872175599,179.92652774590616,0.3155445545932861,179.61056860496905,1739364923977
129.50200280769013,-464.9872436235107,360.8594899593348,179.9264499434531,0.31556582631518315,179.61087197707067,1739364923985
130.12932575405915,-464.8041552926954,361.1882964935731,179.92735890401198,0.31554303839269215,179.6099480392573,1739364923993
130.78750071988438,-464.6127322130614,361.52356994825374,179.92622778159026,0.3155757099211057,179.61018221874446,1739364924001
131.45169907427893,-464.4186412258549,361.86127594417195,179.92522820374936,0.3155543289487474,179.6093511001089,1739364924009
132.13814355040455,-464.21574770400684,362.20289956411466,179.92430349948813,0.31557817947823263,179.60995795460047,1739364924017
132.82673347412447,-464.01143655225775,362.558959869521,179.92383625477143,0.31561220370277293,179.60876225078405,1739364924025
133.5236038269735,-463.8053740761599,362.9233923358889,179.925167494429,0.3156029825147774,179.60943436368674,1739364924033
134.22584007395272,-463.5863737682802,363.2808449724917,179.92405050539224,0.3156361075238239,179.60938981717425,1739364924042
134.92527435951982,-463.36604051396716,363.64650644247973,179.92453736816876,0.3156539820997115,179.6102410077731,1739364924050
135.61515708678868,-463.15105259664557,364.0172619959805,179.92601110249066,0.31565385810779917,179.6102253102336,1739364924058
136.29553200984705,-462.9351814800749,364.3688840207063,179.92463209998883,0.3156701512967019,179.6095574092711,1739364924066
136.96899598228592,-462.72324517039584,364.7137588187002,179.92465911158044,0.3156886564842392,179.6103429144317,1739364924073
137.6248510974017,-462.51594135232716,365.0535508571472,179.92392759177983,0.31570611125723075,179.60954776749676,1739364924081
138.26348200614288,-462.31526749248286,365.3821644780884,179.92330482122242,0.31572522472749975,179.6103807509813,1739364924089
138.87973038810253,-462.1177941335188,365.69285685357136,179.92241552415734,0.31572262637458526,179.60948440271642,1739364924097
139.4707477385921,-461.9238452453481,365.99372403679615,179.92052358498202,0.31573898563571534,179.60985196976705,1739364924105
140.03673077535836,-461.74207280003515,366.2944541790079,179.92135956317082,0.31575817238178566,179.60872639799143,1739364924113
140.5784100494404,-461.5653848308678,366.58043454041234,179.9225257714563,0.3157888650621518,179.6102789912148,1739364924121
141.3159266343179,-461.3156973955662,366.96849383418385,179.92176691663465,0.31581807364476044,179.6089913317558,1739364924133
141.76448344978476,-461.16673484605025,367.2091191711473,179.92295892815577,0.3158219319742877,179.60988362037497,1739364924141
142.1725842373406,-461.0363187920596,367.4352611806625,179.9248964892964,0.31586635545736635,179.6090823132535,1739364924149
142.55943013365777,-460.90976467596306,367.6328657425447,179.92473847245125,0.31585368987542856,179.61021600091436,1739364924157
142.8926182710064,-460.7991699767186,367.80743064637323,179.92405445861712,0.3158377988429691,179.6103775695252,1739364924165
143.18594027443874,-460.70049019795636,367.9601195869107,179.9236795328353,0.315850874495862,179.6086556945633,1739364924173
143.45768695271713,-460.6102451339486,368.0915525489611,179.92334249428436,0.3158227446535806,179.60857985691985,1739364924181
143.69820760900498,-460.53006325445995,368.20313563252455,179.92267596579765,0.3157867825207981,179.6101791411078,1739364924189
143.88608066502553,-460.46686989216045,368.29870486721603,179.92187975742675,0.31573232363838905,179.61001673452398,1739364924197
144.04541663375622,-460.412516408008,368.38358597804114,179.9213552994192,0.3157275454130153,179.6100412390805,1739364924205
144.17758840472231,-460.3681581943816,368.4581628233789,179.9212958820953,0.31570509108114125,179.60960005568694,1739364924213
144.28613198556576,-460.3319005984365,368.52050112523983,179.92144837196255,0.31568185252276426,179.60887533671948,1739364924221
144.37535137843116,-460.3020560685576,368.57076834034496,179.92185393143092,0.31565215565369914,179.60845863148734,1739364924229
144.4464855651148,-460.2786391889678,368.6092228485477,179.92234354093543,0.3156275237441545,179.6086971833324,1739364924237
144.50295002263795,-460.2600462179656,368.6376955191221,179.9227294621309,0.315619478558383,179.6092870324964,1739364924245
144.54378526295503,-460.24657144018215,368.6571719810779,179.9228950254273,0.3156061744940255,179.60986895714586,1739364924253
144.57147737539574,-460.2374620917536,368.66902524898006,179.922850878774,0.3156013435777659,179.61024704362035,1739364924261
144.58919810326853,-460.2346737379057,368.67065545918604,179.92205828587726,0.3155730139260096,179.61044699438307,1739364924270
144.5995548369204,-460.2343118148346,368.66816279728243,179.921188892359,0.31554929759954076,179.6106024833745,1739364924278
144.6041884881731,-460.2331078963776,368.6614321433594,179.92007093573753,0.3155160210328793,179.6105708601881,1739364924286
144.60259677485323,-460.23308037090857,368.6550859785182,179.91913795615673,0.31549324829152586,179.61004299785895,1739364924294
144.59818621790944,-460.2335028705496,368.6506218038609,179.91852567397171,0.3154628102463892,179.6093599927642,1739364924302
144.592552244582,-460.2342258002501,368.64867692498046,179.91826712944305,0.3154590892869968,179.60861755881473,1739364924309
144.58834175542358,-460.2350165849819,368.6485453826313,179.91823993124615,0.31545908697045805,179.60809398972745,1739364924317
144.57658548377447,-460.23599965922534,368.64588158075657,179.91792043816264,0.31546241123671126,179.60665071821603,1739364924329
144.55829145679823,-460.23626972872586,368.6396921219021,179.9171591914935,0.31545337434209403,179.60440263240758,1739364924337
144.54947260182837,-460.23086396949964,368.6299924006881,179.91600406579153,0.31543947769703073,179.60340960740558,1739364924345
144.54784404755713,-460.22638224396945,368.63054113139555,179.91612727500234,0.31545258325474057,179.60339623600007,1739364924353
144.54339089037532,-460.2232313093695,368.6355744832522,179.91691231391343,0.3154567874400941,179.6034403525808,1739364924361
144.5344836172343,-460.2200155739492,368.6458147994839,179.91852342467985,0.3155042540678799,179.60364430378036,1739364924369
144.51673027960874,-460.21659738655745,368.65738826680064,179.92063747494572,0.31555637016004195,179.60396422854606,1739364924377
144.48623106700285,-460.2149001728386,368.6670706477859,179.92305966451895,0.3156222454374872,179.6043566882784,1739364924385
144.4403355982548,-460.22006534484075,368.6590965210051,179.92392750450438,0.31564458041647037,179.60442265959676,1739364924393
144.37837676941407,-460.2300292784131,368.63906640163094,179.92415555745146,0.3156551052782614,179.60479128208135,1739364924401
144.29826225078583,-460.24415785877034,368.6089642870944,179.92400995373848,0.3156598483954755,179.6053959597311,1739364924409
144.1979895397939,-460.25999537088774,368.56706186931103,179.9233102781589,0.3156863633574669,179.60661605919944,1739364924417
144.07395617800796,-460.2784838207795,368.51467160514414,179.9224581223294,0.3156865591782472,179.6079966475957,1739364924425
143.92479064354944,-460.3006470896256,368.45288372516353,179.92189062549323,0.31569385421059676,179.60979638858754,1739364924433
143.74524013339752,-460.32797624918203,368.384395796564,179.92196361993382,0.3157399597887087,179.61060310194424,1739364924441
143.53372022772956,-460.3596629852668,368.30756793009044,179.92249035453176,0.3157684643514365,179.61077588710535,1739364924450
143.27898028475636,-460.39876715286823,368.2233797298076,179.9236508118397,0.3158162685937014,179.60956073826776,1739364924458
142.9820390189538,-460.4428887864991,368.1284237740889,179.92477332704698,0.3158702536513443,179.60854642933134,1739364924466
142.65396639286783,-460.4881959333992,368.0195653904359,179.92554148560347,0.3159129401796853,179.609647744652,1739364924473
142.2977989029817,-460.5321332405601,367.89278683428216,179.92532156434166,0.31594888504356256,179.61052322132028,1739364924481
141.8977756389249,-460.5792697346653,367.74524175690993,179.9238171906568,0.3159570901824416,179.60968864037554,1739364924489
141.46073824613964,-460.63048006951453,367.58225064719005,179.92229803886457,0.3160142146939482,179.6102334901576,1739364924497
141.00022550775293,-460.6883793438169,367.41935613938557,179.92286126296946,0.31605626389785973,179.61067317365976,1739364924505
140.23456324314674,-460.78896443711983,367.1579622826833,179.92432181969696,0.316125003563264,179.61010246041468,1739364924517
139.69771249791884,-460.85249401801735,366.9646178479636,179.92387551075157,0.31615673842180514,179.61027758909083,1739364924525
139.1182934297592,-460.92088858893663,366.7638541447159,179.92337761521688,0.3161973899856629,179.609364961867,1739364924533
138.539946926668,-460.9905779461916,366.56426394043507,179.9247558319008,0.31622860698484934,179.61100674409198,1739364924541
137.92513266899158,-461.06864554355275,366.35672086537596,179.92641383861505,0.31622303799855206,179.61079157317292,1739364924550
137.30694624203915,-461.13960471274214,366.1337167226631,179.92623544757535,0.3162100142249601,179.61125838776294,1739364924558
136.66734755352218,-461.2119451555576,365.9059287577348,179.92540171895547,0.31617652868171453,179.61108955667777,1739364924566
136.02768310055077,-461.2892498855614,365.6870445093402,179.92642633760966,0.31616397650431693,179.61135441278122,1739364924574
135.3738864639169,-461.36565448924483,365.4520268470853,179.92631241080443,0.31613326943423586,179.6117964920891,1739364924582
134.72276792473994,-461.43739841796554,365.2107582494538,179.92498863683957,0.3161104064592415,179.61141203970152,1739364924590
134.06767913625058,-461.510419301634,364.98133314796127,179.9242018509996,0.31607346439579725,179.61182638154392,1739364924597
133.41812087231628,-461.5832065975505,364.75294330092794,179.92417748147787,0.3159857941489213,179.61079238226645,1739364924605
132.77718045319767,-461.6508759007465,364.5211430253945,179.92410902280497,0.315953862354958,179.61138012643622,1739364924613
132.14642497579592,-461.716991649909,364.3032305762731,179.92445440089625,0.3159189113612614,179.6106475619021,1739364924621
131.5313621996636,-461.7818734391787,364.089991193719,179.92412444235538,0.3158920338744599,179.61147731511412,1739364924629
130.92970216913585,-461.84344625612835,363.8761495288336,179.92370893792895,0.3158280358782655,179.61093331200541,1739364924637
130.35437925074316,-461.9012278098119,363.67343727373185,179.92454022335326,0.31577716389349014,179.61164177043872,1739364924645
129.79927242369683,-461.9588875158913,363.48299116207477,179.92526804944742,0.31574270039912783,179.61085930000678,1739364924653
129.27647253027612,-462.01025537862176,363.29777972657695,179.92455542582456,0.31573208015620285,179.6117496102204,1739364924661
128.77987569202304,-462.0549221926922,363.11856207360233,179.9236240232203,0.3157295440869435,179.61070816560593,1739364924669
128.31169799816183,-462.0976332742346,362.9553624816445,179.92400783347318,0.3157078551139221,179.61133833835487,1739364924677
127.89104718542366,-462.1385517384979,362.8089009825504,179.92540859134982,0.31566072513291443,179.61249231380688,1739364924685
127.4919032090468,-462.17905539125826,362.6763016792897,179.92638337580482,0.315610869345517,179.61184460429433,1739364924693
127.12596474039556,-462.2124167265198,362.5500709958316,179.92607461658878,0.3156281644668941,179.6116127121804,1739364924701
126.67066396648046,-462.2450764072042,362.37848798730494,179.9245319339169,0.3156155584276755,179.6122517177143,1739364924713
126.39634690996654,-462.26714237224905,362.2801745206292,179.9235616734058,0.3156507155883668,179.61059857940205,1739364924721
126.15373051704663,-462.2900286307546,362.19615099483843,179.9231198748293,0.31568225843568953,179.61007284493908,1739364924729
125.96274780567381,-462.30773543263797,362.1284637762044,179.92354341988747,0.31567893318101803,179.61148484573437,1739364924737
125.80349985733594,-462.32251762221745,362.0756488360326,179.92458002580474,0.31563472998645087,179.61227736268242,1739364924745
125.66774187982371,-462.3356945474167,362.03353755790266,179.925696830502,0.31559729013679355,179.61197828900842,1739364924753
125.5568072858829,-462.34639682943657,361.9985600240739,179.92649648594588,0.3155772641049776,179.61140757388364,1739364924761
125.46557320991667,-462.3540145314207,361.9679843330072,179.9266301421996,0.3155996499424499,179.61066521475743,1739364924769
125.39154219627818,-462.3606035117325,361.94314679926634,179.92654095407903,0.31560501792786677,179.60996931662436,1739364924777
125.33369168257924,-462.36788501001564,361.9219541280245,179.92616199284151,0.3156000362547158,179.6093588559238,1739364924785
125.29168415599356,-462.37425082037856,361.9021842307394,179.92535351747074,0.31561671485493686,179.60917191019323,1739364924793
125.26399942622122,-462.37911490722365,361.88557150536576,179.92434688294017,0.3156436122359405,179.6093009321732,1739364924802
125.24666072256046,-462.38215395950914,361.87117055260256,179.92319149267965,0.31567366003637626,179.60961578710626,1739364924810
125.235661064311,-462.38434293599977,361.86064911419993,179.9222483315744,0.3156977211310542,179.6097639264672,1739364924818
125.23000835366874,-462.38722550947415,361.85890823552734,179.92219869073605,0.3156916144450463,179.60997317980116,1739364924825
125.23225908259097,-462.3881762878394,361.8612808196119,179.92259561840365,0.3156810359712755,179.6107633979034,1739364924834
125.24072034748635,-462.3874713368533,361.86471301347973,179.92311355047448,0.31567393914751857,179.6120438891269,1739364924842
125.24969828517717,-462.3860730184829,361.8673193941559,179.923521081925,0.3156425491777795,179.6132354004295,1739364924850
125.25503247253047,-462.3849702364375,361.8685017013668,179.92370505511934,0.3156512833742966,179.61390925589566,1739364924858
125.25761294059257,-462.3862646417485,361.87173538314397,179.9241061763228,0.3156467344584462,179.61423116452468,1739364924866
125.26474847340613,-462.39911638833553,361.8773046577407,179.9247849848166,0.3156044639104438,179.61515320434387,1739364924878
125.27409719090853,-462.40918580961375,361.8628414375318,179.92298339678163,0.315644218377258,179.6162645598053,1739364924886
125.28453313979146,-462.4119077483064,361.8585006186092,179.92238461130572,0.31566092752459257,179.61743088792363,1739364924894
125.28635965184314,-462.41312801883436,361.8603272273264,179.92245122995323,0.3156649960060647,179.61738489950739,1739364924901
125.28644459147736,-462.4164765913111,361.86664639349146,179.9229381112496,0.31566460803143426,179.6168937207143,1739364924909
125.28765354740004,-462.4240600509355,361.87967204968146,179.92400668720038,0.3156198073370128,179.61621751845084,1739364924917
125.29250538466289,-462.43708876776,361.89849089828164,179.9252557759278,0.31559398480322737,179.61533570614728,1739364924925
125.30707031457469,-462.4559192330021,361.9209291855422,179.92624159132765,0.3155559598243769,179.61487245597183,1739364924933
125.32961597702513,-462.4821681806234,361.9450225994358,179.92652200338946,0.3155432025578008,179.61439836177698,1739364924941
125.36047760431259,-462.51876547319745,361.9746229658751,179.92662630093955,0.31550624172802033,179.61401816330402,1739364924949
125.40124483023062,-462.5654091913261,362.01036040219356,179.92652642883579,0.31547285684058957,179.6136169171044,1739364924957
125.45377726581575,-462.6232167808943,362.0532196057489,179.92601784169875,0.31543426750294246,179.61338624536012,1739364924965
125.51839016035893,-462.691845830714,362.105850686434,179.92518974702224,0.31543019748547196,179.61328767804477,1739364924973
125.59348436272344,-462.77653885042633,362.1703347813753,179.92438750586945,0.31540041248340345,179.61319349057314,1739364924981
125.68077539903494,-462.87930530245063,362.25375935129193,179.92451416219336,0.31533502978410494,179.61309525440296,1739364924989
125.7798648691443,-463.0010736099573,362.35366380153914,179.92530467784806,0.3152330833876747,179.612984345355,1739364924997
125.89258788292248,-463.13942356877914,362.4631645554573,179.92626225392607,0.3151332067591428,179.61280758334786,1739364925005
126.02221063892188,-463.2953123642781,362.5814955245173,179.92706549300567,0.3150350455821358,179.6126532036865,1739364925013
126.16868315562787,-463.47441609041744,362.7094816119909,179.92738007324877,0.3149496265075997,179.61227108534743,1739364925021
126.4212844997001,-463.7820855326008,362.9179687208102,179.9262264791709,0.31484989724886375,179.61071737099536,1739364925033
126.61862563047634,-463.99901892884543,363.0748992777685,179.92446066058903,0.31480867376914945,179.6103733239368,1739364925041
126.83465445104825,-464.2372029129624,363.26474789469677,179.92466566271955,0.3147176561715228,179.61112460695742,1739364925049
127.06088248283729,-464.49204662185576,363.44889833248703,179.92312505722444,0.3147164866622247,179.611846822653,1739364925057
127.29785072821134,-464.7817250688328,363.65148714369013,179.92330111019203,0.31466913856108686,179.61221045762755,1739364925065
127.5503667593253,-465.07945095268997,363.8691216336338,179.92305287439268,0.31467277212998745,179.6112635333231,1739364925073
127.82724578937085,-465.39010685998295,364.11238085335367,179.92350928843285,0.31464671719447973,179.61050309341252,1739364925081
128.12176562450443,-465.71520150086934,364.3545874683746,179.92290796995977,0.3146134579469301,179.6112603069269,1739364925089
128.42260734359698,-466.06701204231433,364.60906750375176,179.92336752368197,0.31456515701553506,179.61162043345715,1739364925097
128.73298972129302,-466.42632555692694,364.88108176774074,179.92386806710738,0.31458845106531447,179.61035899333555,1739364925105
129.06767782301088,-466.7933817740898,365.15488257514875,179.92275932952387,0.3145966433568848,179.61005447834,1739364925113
129.41156295968437,-467.18243172324975,365.4323274441501,179.92230871659098,0.3144974723559614,179.61100455223544,1739364925121
129.75386582278986,-467.57668737082435,365.7259883830227,179.92237679571662,0.31441839857717596,179.61070502407728,1739364925129
130.1106146107321,-467.97673737583176,366.0173071282529,179.9207125584478,0.314445233338277,179.60950963587482,1739364925137
130.48235391726212,-468.38805693818637,366.32054444846204,179.92118343192917,0.31442034067943114,179.6102878531613,1739364925145
130.85091460419932,-468.8030307008734,366.64068469208667,179.92247831887255,0.31435595565815494,179.6109724022106,1739364925153
131.21980561105968,-469.22684898053006,366.94705499057704,179.92147771927327,0.3144192150421115,179.60920151578017,1739364925161
131.60908134404917,-469.6428402854768,367.25838165127493,179.92175488742862,0.3144868913907433,179.609745340843,1739364925169
131.98994267010718,-470.0627446420621,367.5740276134146,179.92174630112532,0.31458854033258543,179.61031484957127,1739364925177
132.3670806999255,-470.4932471492537,367.8881095246993,179.92209790804964,0.31476315008907724,179.60891197665,1739364925185
132.75602142508626,-470.9035098731514,368.2003851657355,179.9227972594343,0.31491335876288906,179.609145374624,1739364925193
133.1357116465299,-471.3206242572271,368.49852569383864,179.9209368859864,0.31505074937950067,179.61011864847538,1739364925201
133.50600015286415,-471.73261728947466,368.8094739982285,179.92210022268938,0.3152954899021671,179.6093317307381,1739364925209
133.88418695402729,-472.1305566237786,369.1179008946701,179.92363645902643,0.31549910524883057,179.6093918940809,1739364925217
134.43158902179263,-472.7173020248926,369.5481980125542,179.92228728122572,0.3156268380829546,179.61121277751465,1739364925229
134.77723625392446,-473.09278354019455,369.83765042160024,179.92402066443347,0.31567489210020805,179.60999086322414,1739364925237
135.12283578933432,-473.4580048642315,370.1024822733257,179.9227022474848,0.31567582134121625,179.6101516829596,1739364925245
135.4532617802824,-473.81397788336176,370.3747586050277,179.92375247276144,0.3156453531021824,179.611430518198,1739364925254
135.7636887735869,-474.1473014506765,370.6268272026371,179.92450035069166,0.31566546321527134,179.61079345555999,1739364925261
136.06504275420866,-474.47131345219975,370.8617072469831,179.92388331285727,0.3156467587629903,179.6093403428801,1739364925269
136.36018091327028,-474.7754669444712,371.0871417736004,179.92290067329196,0.31558403758753534,179.60987710202483,1739364925277
136.63520868393675,-475.0627481055631,371.31159452179696,179.92453165002345,0.31551245511573345,179.61095870360765,1739364925285
136.88572218280257,-475.33682325898576,371.52078106052113,179.9261050935766,0.3155220040390082,179.61084942566134,1739364925293
137.11902882809653,-475.5940152630171,371.69642153201823,179.92420873039129,0.3155164752705958,179.60939483854355,1739364925301
137.34479226645104,-475.8281678795373,371.8752396879054,179.92394077828035,0.31546911905611413,179.60893189894824,1739364925309
137.5585798321476,-476.036351033374,372.0412493132499,179.9242676767429,0.3154489269057067,179.61006592719374,1739364925317
137.7517398729289,-476.2290603624394,372.1916583135874,179.92521466188654,0.31540070886662896,179.6114419222085,1739364925325
137.91694830830005,-476.41304120242586,372.32660350929257,179.92611975364753,0.3154232987175037,179.61166079584987,1739364925333
138.06155668453937,-476.5794063117031,372.4365119939022,179.9250754304193,0.31549013080552313,179.6109133533145,1739364925342
138.19339380460985,-476.7205919219395,372.53801303033384,179.92412637773,0.31549555605560897,179.60991825931455,1739364925349
138.31197580665594,-476.8444066428688,372.6383516200051,179.9243071807494,0.31548505882728056,179.60881702190846,1739364925357
138.4189417116937,-476.9499776891429,372.7247058878426,179.92435669552964,0.315494748374755,179.60839524675774,1739364925365
138.5150912158436,-477.03994016023745,372.7970388820015,179.92468312351104,0.31551568931949253,179.60880883167474,1739364925373
138.5971691735823,-477.11469137596276,372.8560339757521,179.92500784579175,0.31556903154130866,179.60968484703886,1739364925381
138.66730365060073,-477.17690034442114,372.90315677865834,179.92506951277812,0.31558387475083244,179.61075329869837,1739364925389
138.72068537118741,-477.22978969565855,372.9411899358609,179.9251056915628,0.3156009329474674,179.6113570285408,1739364925397
138.7595132547021,-477.2748466416075,372.9715445466445,179.92510066185895,0.31561865303735936,179.6113751118359,1739364925405
138.7865515833171,-477.31266127249626,372.99753848340697,179.92542128551926,0.3156378501867677,179.61109564672978,1739364925413
138.8060031337049,-477.3427984303586,373.01955384966027,179.9259095929642,0.315664369343546,179.61073001953508,1739364925421
138.82777961991104,-477.37369596311913,373.03761197556184,179.9257854838707,0.3156529986991052,179.61054538166823,1739364925433
138.8405925686054,-477.384893093077,373.04298790914595,179.92538476188935,0.3156756081513303,179.61090547828536,1739364925441
138.84934949940225,-477.3908318185985,373.04491431003174,179.9248434162616,0.31568165102771245,179.6111737996567,1739364925449
138.85110568425955,-477.3938264371436,373.0476779248317,179.92463666849233,0.3157064648698149,179.61087094331197,1739364925457
138.84673911601226,-477.3926979399077,373.05704383297564,179.9254030830621,0.31574067016801916,179.61002152031017,1739364925466
138.84057099092124,-477.38715247801457,373.0643530849564,179.92601371285988,0.3157506098106961,179.60906812082948,1739364925473
138.8359189832614,-477.3813379526797,373.0703959432952,179.9265568838077,0.315753035859457,179.60839242281278,1739364925481
138.8336813018197,-477.37832626495253,373.0727061524535,179.92675360919677,0.3157708617798965,179.60804723453052,1739364925489
138.83423995531592,-477.37688413538723,373.0702546806426,179.92640684603484,0.3157634670478825,179.60810661707723,1739364925497
138.8381161707798,-477.3722925104658,373.06186514804165,179.9253529205364,0.3157676555334326,179.60853541345384,1739364925505
138.8471318131143,-477.3636062677917,373.04546765097655,179.92332661939733,0.3157552035261925,179.60954286145557,1739364925513
138.86357901349808,-477.35692778429893,373.03798606710365,179.92242140489827,0.3157585352815711,179.61132526806634,1739364925521
138.87638440390134,-477.35307196367955,373.03208550983976,179.92175298311867,0.3157544117257457,179.6124630285567,1739364925529
138.8830274520402,-477.3502068721456,373.02520027151695,179.921069273669,0.3157568081486095,179.61255288427404,1739364925537
138.89128338664355,-477.3456345578786,373.0155061198609,179.9203966460281,0.31574459651099146,179.61238172385995,1739364925545
138.903516554457,-477.33812521528836,373.000159579981,179.91984323070886,0.31574399410943793,179.61210991315738,1739364925553
138.9228661617278,-477.32636304351286,372.97680698315145,179.91953696059682,0.31574042270478403,179.611891448193,1739364925561
138.9515234750547,-477.30881646661555,372.9429824956124,179.91948384474247,0.3157264225178169,179.61184637942122,1739364925569
138.98982989487754,-477.28485047235495,372.897161755532,179.91943707905045,0.3157008320524059,179.6116405185897,1739364925578
139.04042276899327,-477.25242415257395,372.8352841285476,179.91920622026657,0.3156827651181979,179.61156949236053,1739364925586
139.14311217445376,-477.18824198612515,372.71333427410343,179.91926619807163,0.31564688395509805,179.61128560788458,1739364925598
139.2317991428312,-477.13392582297394,372.6113544757973,179.91977640408135,0.31560546111220594,179.61084293166124,1739364925606
139.33793633526744,-477.0697451790539,372.49163436774165,179.9209805138237,0.31557117079988944,179.6101039191968,1739364925614
139.46533110667283,-476.99421412561674,372.35301056529846,179.92303878316872,0.31553042908171014,179.60899924997173,1739364925621
139.61707523127643,-476.903164471433,372.1882863703446,179.925014422202,0.3154741781460215,179.60814901364293,1739364925629
139.79647400632848,-476.7911959949291,371.9892266185867,179.92539293397508,0.3154451712083224,179.6082343276377,1739364925637
140.00372993506048,-476.6586264411148,371.75765305201213,179.92449436420327,0.31538899020887434,179.6093719807534,1739364925645
140.2303245817729,-476.51657097700877,371.508326131847,179.92546066146292,0.3153648432388751,179.61075549956507,1739364925653
140.4726472247355,-476.36684264506323,371.2316429099749,179.92687408696983,0.31536940198098223,179.6112837785111,1739364925662
140.7361991240477,-476.19453061422774,370.9096572141703,179.92498351218768,0.3153371932789941,179.61065280604706,1739364925670
141.02600801884356,-476.01251377565967,370.57751668877086,179.9253422223109,0.3153337527483847,179.6093291707068,1739364925677
141.34694614298058,-475.8144212338522,370.22126293877875,179.92624254745482,0.31529079976299323,179.61009661410978,1739364925685
141.68128800242155,-475.5981941594091,369.82718422743045,179.92457888731977,0.3152683169782428,179.61109761557293,1739364925693
142.0301692381598,-475.376338536735,369.4272582139268,179.9258338775846,0.31533407099981564,179.61064753471715,1739364925701
142.4083807866519,-475.1314540070557,368.99488927877036,179.92464461901702,0.3153503686400928,179.61061245328335,1739364925709
142.79815143139348,-474.88367726237726,368.55829034980843,179.9260695789876,0.3153711903645167,179.61143992891303,1739364925717
143.18719404711402,-474.6211754448572,368.0924955517611,179.924535253992,0.3153715835941422,179.6106261785088,1739364925725
143.59964215291023,-474.3548928626653,367.6283321396879,179.92586656645773,0.31543507263293946,179.60970792491142,1739364925733
144.0236699759734,-474.0751869257249,367.1428096044697,179.92489548750854,0.31539440565445664,179.6105066577698,1739364925741
144.44133838618785,-473.80021577530454,366.66356958636135,179.92630069303965,0.31540870173906194,179.61009093717522,1739364925749
145.09271036196603,-473.36850816063213,365.92126453860396,179.92618381663956,0.3154215580605508,179.6098395215377,1739364925761
145.52278156225418,-473.07682421026334,365.4184895661699,179.9250708355788,0.31540945548307886,179.6105475647698,1739364925769
145.95297675889452,-472.7909414709692,364.9299477257477,179.92652987008293,0.3154831582740416,179.60943644276145,1739364925777
146.38906945694603,-472.49700132160507,364.43392516091683,179.92566197757918,0.315493430334714,179.60989205793328,1739364925785
146.80773838372235,-472.21282203007695,363.95238696087915,179.92646747592573,0.3155159887581215,179.60970616913255,1739364925793
147.22558469283524,-471.9272335457516,363.47193087591614,179.92615310360796,0.31555259222371906,179.60865945275435,1739364925801
147.6423328428837,-471.64631649125675,363.00487143144136,179.92673485679612,0.31560442503242814,179.60979956344494,1739364925809
148.03346756171814,-471.37580241200345,362.54945963711185,179.92732740610094,0.31564920848734096,179.60982199814825,1739364925817
148.41709570923203,-471.1098674288598,362.1052898343913,179.92714419434267,0.3157224561215086,179.6089790115141,1739364925825
148.79281673799386,-470.8531861360847,361.6833538687686,179.92710548449602,0.31575279349622226,179.60984944977656,1739364925833
149.1424482267926,-470.60939684887353,361.2801494073533,179.92695573439994,0.31575571648605655,179.6107715262334,1739364925841
149.4679191668054,-470.3789776248926,360.8973816971236,179.92672104092688,0.31579711201601307,179.609557655015,1739364925849
149.7878103157113,-470.15874716656117,360.54048612257185,179.92753763626027,0.3158590219214222,179.60974655324026,1739364925857
150.07982676875383,-469.94867546270467,360.1972089837465,179.92585552831943,0.31584346275900455,179.6106246954209,1739364925866
150.34212124222034,-469.76403396681815,359.89544934009785,179.9269210685796,0.31592207390073973,179.61079678815702,1739364925874
150.58143640165758,-469.5912608432991,359.60839810784955,179.92595773177476,0.3159284121227673,179.6099045903908,1739364925882
150.80498634680404,-469.4322021883588,359.34574707706844,179.92418516506996,0.3158737588071644,179.6092879445107,1739364925889
151.00859790723771,-469.2938277802266,359.1196967106658,179.9245326850446,0.315866675834765,179.60981755407207,1739364925897
151.18562528009667,-469.17279892710815,358.9191895495473,179.92506374362304,0.3158557854479186,179.61074473033298,1739364925905
151.33247937651836,-469.0638549975902,358.733474778394,179.92357190807795,0.31582010290335016,179.6109950313159,1739364925913
151.45741070598208,-468.9686456737715,358.57261753163726,179.92139374133285,0.3157693375144373,179.6110450629562,1739364925921
151.56218346435168,-468.89186083895555,358.44319337050655,179.92049844825107,0.3157435700477319,179.61074197605583,1739364925929
151.64889626246378,-468.8305483983624,358.33914851862943,179.9206065840944,0.3157205161571174,179.610128098895,1739364925937
151.72209134531533,-468.78065684370154,358.25613154775,179.92140412290914,0.31571175434482374,179.60960084762112,1739364925945
151.80809346387414,-468.7239261986671,358.1640901176716,179.9226008226258,0.3157164995307151,179.60910540371987,1739364925957
151.8512371440361,-468.6946030748651,358.1174547597083,179.9227825902574,0.31572152439530055,179.60919078629595,1739364925965
151.88490816667127,-468.67007440688815,358.0786293067777,179.9222180917601,0.31568957386701657,179.60949523147434,1739364925973
151.90889492402667,-468.651929716275,358.04989859088823,179.92163252288847,0.3156614670105761,179.60973434013226,1739364925981
151.925260698077,-468.63892963381886,358.0305978670013,179.92120102634794,0.315655677785425,179.60994800089222,1739364925989
151.93434297365258,-468.6310043736312,358.01912369182895,179.9209774708507,0.3156453410906124,179.60995112514408,1739364925997
151.93903545669377,-468.62649272340093,358.0131777700612,179.92094009829117,0.31564250426890195,179.60991156280494,1739364926005
151.93845807310035,-468.6249530944732,358.011414528639,179.92107468445357,0.3156327464151021,179.60954252321082,1739364926014
151.93648367798605,-468.6265226861397,358.0170882194021,179.92194348772577,0.3156667622543927,179.60915897525538,1739364926021
151.9326293988429,-468.62911884163987,358.0255322258353,179.92305066788904,0.3157089809142517,179.6086484607567,1739364926029
151.9292617609713,-468.6309950370837,358.0336385583269,179.92408323613506,0.3157493501456636,179.60822608742586,1739364926037
151.9250805833543,-468.63005309209336,358.0392817867379,179.92477627972886,0.31577426144220044,179.6077337586608,1739364926045
151.91507233738616,-468.6256980841312,358.0483509515629,179.9258635394202,0.31580985416498425,179.60656374178342,1739364926053
151.89713165047525,-468.61690355783037,358.0584638592244,179.9270315414207,0.31587434316274204,179.60443546229445,1739364926062
151.88871765343563,-468.6026974946755,358.0759028593949,179.9291106974381,0.31595742055752446,179.60354968372326,1739364926070
151.88463031699482,-468.59519714829764,358.0809476790456,179.92975720824376,0.3159792464398458,179.60327396338585,1739364926078
151.87980223826386,-468.5925409691751,358.07784850333354,179.92963774667152,0.31598482742456196,179.6032574327168,1739364926085
151.8708416720565,-468.5905189136185,358.0693687898225,179.92906784137696,0.3159759504195885,179.6036037506179,1739364926093
151.85263045547444,-468.5863532901978,358.05452080861596,179.92785894712986,0.3159506257814602,179.60403323918726,1739364926101
151.8215807509704,-468.580805628575,358.03600495092314,179.92655007710025,0.31591984504370124,179.60447957346102,1739364926109
151.7745661826463,-468.57226760798466,358.01455801555215,179.92526470604142,0.31589000834210873,179.60479349529325,1739364926117
151.7130118906365,-468.5585662271506,357.99128688867347,179.92426325849007,0.31588474342552486,179.60562817709933,1739364926125
151.63129769030573,-468.5408815984879,357.96547471482427,179.92348819934108,0.31587593543249076,179.60682665677032,1739364926133
151.52839034107683,-468.5173628288806,357.9364725808999,179.9230123844997,0.3159076276824437,179.6081229413563,1739364926141
151.32798366518043,-468.47095572246974,357.8840400503793,179.92269802904536,0.31596806221495916,179.60976123728918,1739364926153
151.1585769777859,-468.4321573762153,357.84256517315663,179.92276447666407,0.3160390082974836,179.61025437688147,1739364926161
150.95687492800494,-468.38589548692255,357.79586989849753,179.92316186995635,0.316140862943438,179.61025165274393,1739364926169
150.71440880455685,-468.33251856517484,357.73544442930967,179.92285527462516,0.3162100013428797,179.60942716200796,1739364926177
150.4279624954554,-468.27061141052724,357.6637150014305,179.92233918096886,0.31627832361489905,179.6084077344609,1739364926185
150.10853536489566,-468.1940532212423,357.58007778146225,179.9216169955876,0.31634891161385315,179.60916424060525,1739364926193
149.76337360297808,-468.10754161910626,357.5050010308162,179.92331892832425,0.316454552143925,179.6099919800828,1739364926201
149.3784819337965,-468.0163590191112,357.42439721996874,179.9254683422174,0.31657609964974615,179.60947379294237,1739364926209
148.95048060572086,-467.9158668365192,357.32031696304625,179.92582267497582,0.3166795708940985,179.60975818632747,1739364926217
148.49969182509074,-467.80643030904247,357.20417329251745,179.9255706566851,0.3167384804898144,179.61054154758767,1739364926225
148.0094433885358,-467.6940188086239,357.0868541975848,179.92560833813116,0.3167852112809142,179.60963667035324,1739364926233
147.48854927082348,-467.5686395973278,356.95558637786974,179.9243217249959,0.3168021606764071,179.61007277534804,1739364926241
146.94925848886368,-467.429394546602,356.82152424026117,179.92369746357318,0.31678892272232695,179.60989939515554,1739364926249
146.3742823664651,-467.294473083545,356.6875309928019,179.92417220905944,0.3167864159226435,179.60981287315118,1739364926257
145.79445088144405,-467.152604016936,356.5338687269316,179.92362622236175,0.3167839711554398,179.61015842977824,1739364926265
145.18727845090004,-467.0130734469837,356.3879767781177,179.92458769749766,0.3167841614913951,179.6104613541266,1739364926273
144.57829381903028,-466.852187763119,356.23563881273157,179.92414857953344,0.31684575158040684,179.61065068319834,1739364926281
143.95085105479706,-466.69445228605366,356.07158764548365,179.92233464879158,0.3167949318711981,179.61047128518362,1739364926289
143.32970878052797,-466.53727019408177,355.9146240531083,179.92184411048942,0.3168052237694231,179.61069129129868,1739364926297
142.6910838444635,-466.37716403903784,355.7629953033404,179.9232212453199,0.3167713125510004,179.61077069154362,1739364926305
142.06755535306868,-466.21420576512173,355.6209265781116,179.9258545144965,0.31677966496365967,179.6111973962778,1739364926313
141.43585460081914,-466.0508917170767,355.46269776212034,179.92578711732347,0.3167375425953714,179.61143674905193,1739364926321
140.82511427034,-465.8924837930803,355.30820150184286,179.92538456811522,0.31666990937119904,179.61136139419537,1739364926329
140.21253394501505,-465.7306227936255,355.15417376850166,179.92465683405084,0.31653795935312556,179.6112259316808,1739364926337
139.33324781409704,-465.49627544376074,354.9427594176712,179.9261223835173,0.3163814646790368,179.61114395953143,1739364926345
138.77068811429947,-465.3465455466596,354.7890459247157,179.92543390752851,0.316195490900442,179.61195584284965,1739364926357
138.22662846259112,-465.2073114974274,354.6534860347992,179.9258961759285,0.3159903726140154,179.61172308888058,1739364926365
137.70767474443613,-465.0610948183071,354.52488185989574,179.9257341318325,0.31588141591617697,179.61230009064496,1739364926373
137.2241735996075,-464.92488376174094,354.39810916632064,179.92473422497667,0.3157528521178486,179.61201769628502,1739364926381
136.75492905894464,-464.8062854147221,354.28198983291816,179.92421909788158,0.31566475644258396,179.61137159937894,1739364926389
136.33954301596984,-464.68726601633165,354.16145486752134,179.92290151861,0.3156683071444042,179.61225986207683,1739364926397
135.94765341845215,-464.5824181042101,354.0614377808414,179.92348232463598,0.3156048518515502,179.61147228342702,1739364926406
135.5831664962283,-464.4850974786976,353.9776858344485,179.92464809095532,0.3156595517756171,179.6114677178276,1739364926414
135.27091460523656,-464.3913731884092,353.8986436463046,179.92509697848558,0.3156772682334552,179.61244150553355,1739364926422
134.99354222005942,-464.3075387823718,353.82154644882746,179.9246111032837,0.3156721244803524,179.61218874283244,1739364926429
134.73941858180564,-464.2398558811675,353.756966672533,179.9242900784303,0.3157182769151226,179.61130909250627,1739364926437
134.5197707950797,-464.1847359285446,353.7020333655785,179.92389030747464,0.315775605587939,179.61146587116139,1739364926445
134.34064762335123,-464.1375509244216,353.65408055358347,179.9232681430555,0.31581713353858915,179.6120652092074,1739364926453
134.19278438113568,-464.09621312472956,353.61557966411175,179.92293380424485,0.31583009472160484,179.6120546507133,1739364926461
134.07412011476626,-464.06029074096426,353.5833338895056,179.92265956496064,0.315809331173088,179.6118190758601,1739364926470
133.97616433926342,-464.0317773918127,353.5560920048114,179.92242369760098,0.3158170267672194,179.61117379971418,1739364926478
133.89868763803165,-464.00761344432834,353.53309146434856,179.92203880866535,0.31583748336046985,179.61066216211907,1739364926486
133.83758171701479,-463.98911654310683,353.5156082989282,179.92179189369907,0.3158281673818731,179.61013535324813,1739364926494
133.7903815804556,-463.976961955153,353.5039924296373,179.92179460339304,0.3158295423393535,179.60972270250457,1739364926501
133.75609542865092,-463.969025615319,353.4970042813788,179.9220069779109,0.31582981659710846,179.60947742820275,1739364926509
133.7320537754428,-463.964928285796,353.49350961762843,179.92239614503907,0.31580949685236587,179.60931691722092,1739364926517
133.7169920350017,-463.9624350395238,353.49249592581737,179.92285487824196,0.3157851606731378,179.6093286827221,1739364926525
133.70798749867402,-463.9629152474672,353.4869679894056,179.92252792752333,0.31578852754998804,179.6093308361899,1739364926533
133.7054197582068,-463.96813778059254,353.47833641498215,179.92172915630056,0.3157685113817053,179.60969140622092,1739364926541
133.71666943437054,-463.97490139869325,353.4694257108154,179.92089558219556,0.3157507757159533,179.61160883212565,1739364926553
133.7227862030649,-463.97701622811667,353.4688510916099,179.92089612257521,0.3157474055276253,179.61247186235906,1739364926561
133.7272343556267,-463.9765362671893,353.46939307395024,179.92099152029584,0.3157461440443327,179.61306371719272,1739364926569
133.72497742720785,-463.97991197892276,353.4648386900713,179.92046099946407,0.3157330696650619,179.6127748952408,1739364926577
133.71647270394766,-463.99230411733265,353.44712964065883,179.91834021567303,0.31575000500257044,179.61176279950317,1739364926585
133.69996872030995,-464.00820842880705,353.4323417009555,179.91668854298032,0.3157357237093772,179.60983494740987,1739364926593
133.68971912170383,-464.01541895442233,353.4369892546994,179.91751964228843,0.31572687389766874,179.60889316534448,1739364926602
133.6811626840922,-464.0225952870871,353.44572430597884,179.91900510456915,0.3157137545928873,179.60847767044802,1739364926610
133.6711098655244,-464.0326072840092,353.4543854952454,179.92089410878694,0.3156814703613244,179.6083607468084,1739364926618
133.6572762368976,-464.0459711605868,353.4544139053311,179.9224467345498,0.31564650953405526,179.60842685927375,1739364926626
133.6376121535005,-464.06523151699065,353.44417006613764,179.92330496051142,0.3156445219165987,179.60876349924763,1739364926634
133.60782019376535,-464.0964596225622,353.4221059125053,179.92355733250776,0.31561554104930134,179.60900899319648,1739364926642
133.56647607099592,-464.14241465661337,353.3906662919045,179.92376989857817,0.3155807741550744,179.60926002522103,1739364926650
133.51422560961694,-464.20237718487135,353.35278735249193,179.92430394211428,0.3155319788488161,179.6097906831149,1739364926658
133.45020416999472,-464.2796228675879,353.30658906156,179.92516562918226,0.3154719549487681,179.61037501099364,1739364926665
133.3703451395077,-464.37480164064823,353.2493384096177,179.9260098496449,0.3154102762134416,179.6107866662276,1739364926673
133.27880367092962,-464.4862926399006,353.1800091296253,179.9266519804804,0.31533486407142514,179.61137850105507,1739364926681
133.17395189577192,-464.616508598984,353.0979146837786,179.9270036259792,0.3152515839691226,179.61193936798327,1739364926689
133.05347322279425,-464.76622930990675,353.00447209978165,179.92728973675696,0.3151724120368963,179.61226631610964,1739364926697
132.9196892690451,-464.93517033713204,352.89770103313367,179.92707317591405,0.31508709300515503,179.61231063269113,1739364926705
132.7707029278199,-465.123206413047,352.7732152814931,179.9255854963703,0.31499665555367684,179.61181110757988,1739364926713
132.6068295384748,-465.3265693137055,352.63737424352627,179.92365785795778,0.31491260484855926,179.61109175190063,1739364926721
132.42809437694652,-465.5365461415703,352.50548000179003,179.9231466762038,0.3148547416363804,179.61015667382907,1739364926729
132.14356806741512,-465.8654383423381,352.303027677879,179.9239932389234,0.31473001933217576,179.60973745453896,1739364926741
131.9590170599904,-466.08958685859596,352.16248209968575,179.92471865686167,0.31466992271536015,179.6105001457087,1739364926749
131.77916726511862,-466.3158899376402,352.0134141658482,179.9240798982802,0.314606281812145,179.61108744866695,1739364926757
131.60280685435916,-466.53677125158805,351.86712041232823,179.92316500677907,0.31461912556473987,179.6111337882793,1739364926765
131.42997403468297,-466.7463977144398,351.7336625632185,179.9228786990908,0.31463814641015536,179.6109254679649,1739364926773
131.25909655099696,-466.94525694034354,351.6073975483986,179.92279375943514,0.3147067789620634,179.61032875793558,1739364926781
131.09320945540634,-467.1368174677618,351.48828633716465,179.92302566153748,0.3147584541608916,179.60990792680403,1739364926789
130.938407618778,-467.318078135915,351.37756082786814,179.9238099957497,0.31476990342806604,179.61005117759294,1739364926797
130.8029696131524,-467.48542480637474,351.2709038227066,179.92405367115254,0.31478967027514376,179.6106608685175,1739364926805
130.68803147688854,-467.63139886156716,351.17619575238024,179.92418353861135,0.3148348440790802,179.61153240368597,1739364926813
130.58840132864535,-467.7556299975774,351.0948729664545,179.92419316009,0.31491486311454076,179.6120551054325,1739364926821
130.50192838301496,-467.86070674183935,351.02724597783583,179.9241571347471,0.3150135203847504,179.6119844769068,1739364926829
130.42953105049435,-467.948402177423,350.9715922868931,179.92409055121405,0.3151282746829856,179.61171332677787,1739364926837
130.36919130511208,-468.02041376096446,350.9272066286008,179.92409614385897,0.3152223395510035,179.61126130862888,1739364926845
130.31989816814507,-468.07772151725356,350.8926853539336,179.92416888981242,0.315321903113435,179.61073595481827,1739364926853
130.28112499144174,-468.12292405522203,350.8660951170108,179.92433073358185,0.3154034927670976,179.61044153619864,1739364926861
130.25192874972421,-468.15656094602707,350.8469341107359,179.92447857492257,0.315468109719793,179.610058219513,1739364926870
130.23239864326118,-468.1798810640767,350.83165779393215,179.92434860431138,0.31551760012349056,179.60984156449868,1739364926878
130.2200421645125,-468.19300463036205,350.81660857535917,179.92369195970556,0.31558241862836417,179.60987014768855,1739364926885
130.21329678546394,-468.2006130661292,350.8054998748744,179.92299863880422,0.3156663678487392,179.6100245143039,1739364926893
130.2131162921212,-468.20353991844036,350.7986984483834,179.92252034554295,0.3157237101880937,179.61061063616773,1739364926901
130.21787193888773,-468.19798673258447,350.8081352039646,179.92389646127594,0.31574973288603175,179.61156883103945,1739364926909
130.22312940521468,-468.19018565505627,350.8223133869698,179.9257471493938,0.31575123354367224,179.61242177563125,1739364926917
130.2278565916645,-468.1840243583632,350.8357648483263,179.92756341466153,0.3157515750830146,179.61313821953428,1739364926929
130.22794914641372,-468.1844939212167,350.83638953447775,179.92775440152718,0.31577539052804077,179.61317253788357,1739364926937
130.22743673272447,-468.1856343252568,350.8351603735642,179.92764636851587,0.31580979702707795,179.6131240396303,1739364926946
130.2262580994656,-468.18730406219095,350.8328505592157,179.92737463639253,0.3158189669603128,179.61299322592615,1739364926954
130.22479800011448,-468.18924917434776,350.8303157455124,179.92707571023928,0.3158283248745451,179.61282826443895,1739364926962
130.22291762186862,-468.1916669104342,350.8270586341503,179.92668807694756,0.31582491219847947,179.61260160385865,1739364926970
130.22223702954258,-468.1945934778286,350.8246180771331,179.9263757617816,0.3158471903119224,179.61252519408467,1739364926977
130.22355787332745,-468.19966713055834,350.8274004099545,179.92672895867648,0.31583133776874894,179.6126838929121,1739364926985
130.2274803071029,-468.20944785016803,350.84304094652595,179.92865919258702,0.31579077641392383,179.61317869016864,1739364926993
130.2363478226058,-468.2133065739685,350.8508823835578,179.92959011508603,0.3157737362153239,179.6142250251667,1739364927001
130.24349245206744,-468.215641162541,350.85872466110004,179.9304119788208,0.3157669689717499,179.61497227115245,1739364927009
130.24530109504252,-468.21862269843064,350.8661190739268,179.9309473162517,0.31575193819304104,179.61492404584962,1739364927017
130.250054181313,-468.22185804620045,350.8747843567549,179.93121618904863,0.3157480292841144,179.6149657937194,1739364927025
130.25875336159075,-468.22470788725974,350.88826163966814,179.93120405754118,0.3157509575661854,179.6150667469624,1739364927033
130.2724682974522,-468.22844000599355,350.90939924228604,179.9310583290166,0.31575127780199386,179.61499822158214,1739364927041
130.29513628253846,-468.2336710443692,350.9416163627394,179.9310086644827,0.315758795000436,179.61493305777535,1739364927049
130.327903198074,-468.2400725530746,350.98642191379196,179.93104093264725,0.31576102159849023,179.6149610283829,1739364927057
130.36997125296,-468.2491626005324,351.04618879479654,179.9311672434636,0.3157578030321554,179.61471722802733,1739364927065
130.42397804131986,-468.2610522677973,351.12434461749115,179.9315298100122,0.31576827784905026,179.6143541901451,1739364927073
130.4916981291617,-468.2760995737295,351.2236306421237,179.93215474299703,0.3157657244302839,179.61398999295702,1739364927081
130.5744181093914,-468.2933010893037,351.3426289640656,179.93250402103692,0.3157792413841767,179.61352209816738,1739364927089
130.72857253332342,-468.3194354034062,351.5548047951511,179.93122668725985,0.3158216302977644,179.61286414034814,1739364927101
130.8545564884667,-468.3372469997658,351.72013546777004,179.9293307060471,0.31587617949426405,179.6123947044177,1739364927109
131.00259293665363,-468.3592407311775,351.9119869754266,179.92825419696956,0.3158995391045799,179.61169044877997,1739364927117
131.1749462306022,-468.38802934719564,352.13961402602666,179.92849891981376,0.31590057299660573,179.61075247204883,1739364927125
131.37657375747256,-468.41882767325626,352.3985890595932,179.92838893384578,0.3159139906350521,179.61070751174327,1739364927133
131.59914520790747,-468.4486146741025,352.6809302994715,179.9268812005495,0.3159551101849293,179.6112163874433,1739364927141
131.8354095660155,-468.4869429723964,352.9985780987686,179.92755239176853,0.3159920905691359,179.61155104553745,1739364927149
132.09153530316482,-468.5298312730842,353.3480143956351,179.92763878785775,0.3160311384874629,179.61186167768065,1739364927157
132.36769104850146,-468.5720658317065,353.715560802068,179.9260377980213,0.31608644311002115,179.61066861626685,1739364927165
132.67694733588223,-468.6211702316122,354.12169885810107,179.92655318698863,0.3160703405413842,179.61038557459398,1739364927173
133.00487881504546,-468.66975686429095,354.54682117224036,179.92502813452697,0.3160631138811779,179.61100007167676,1739364927181
133.34389936455366,-468.728464065634,355.00548554784996,179.9254049986426,0.3160928562529807,179.61133723627802,1739364927189
133.70552217362624,-468.7816731447662,355.4809729402208,179.92340107761427,0.31615684860520915,179.61044909024886,1739364927197
134.0949040534297,-468.838797979509,355.9876921757027,179.9230705528316,0.3161517740339261,179.61081821187122,1739364927205
134.48996928670633,-468.8967724974175,356.5116257316687,179.92157274580165,0.3161071405792591,179.6111029512997,1739364927213
134.90481222793997,-468.9586745706318,357.067972188314,179.92169758688127,0.31612069211909666,179.61081717876502,1739364927221
135.33874078561834,-469.02029006715105,357.64233285602427,179.92239025344796,0.3161189345050366,179.61106402561757,1739364927229
135.77530650739942,-469.08205189947813,358.2298379396604,179.92189129836194,0.3161433413473604,179.6112499493394,1739364927237
136.22657639553577,-469.14354625903223,358.8341345734129,179.9218930206948,0.3161987004282246,179.61028816845388,1739364927245
136.69274251673724,-469.204526365727,359.4507436965813,179.92277040808295,0.316177565818347,179.61099546911592,1739364927253
137.15310997018423,-469.26589034715215,360.07155311620164,179.92259945286423,0.31620956711998216,179.61067478558957,1739364927261
137.63158913426327,-469.32413123401784,360.70437132629314,179.92295407207456,0.31626067334435465,179.61046643559948,1739364927269
138.10642630825782,-469.3832110126474,361.3393812190915,179.92346582705582,0.31627945594697904,179.61120495595182,1739364927278
138.5765429808417,-469.4399510625594,361.9728191419817,179.92331666978663,0.3163037784013357,179.60985574150573,1739364927286
139.0629304488987,-469.49154660389837,362.60950204625954,179.92350863154067,0.316314787609203,179.61070497379615,1739364927293
139.7634657697199,-469.5719708878418,363.5610347375501,179.92404612988497,0.31634255846010145,179.60928295290583,1739364927305
140.23899708105301,-469.6177095884592,364.18651851249655,179.9237067703045,0.316356615929628,179.60981656876896,1739364927313
140.69387510899125,-469.6678064214686,364.8069581743956,179.92431723135925,0.3163672336766349,179.60992268795704,1739364927321
141.14435358635302,-469.70716738708194,365.40154232496866,179.92270169019204,0.3163795019792165,179.60894735723537,1739364927329
141.5889164092918,-469.7467847219974,365.9910971075933,179.92214935073423,0.316362390424481,179.61015501439823,1739364927337
142.00877870695834,-469.7871947540187,366.5608028336449,179.92185642736055,0.31636161303077354,179.60976663333943,1739364927345
142.426494433846,-469.8203540289394,367.1081128497508,179.920729586215,0.3163601355177943,179.6095150452423,1739364927353
142.82643963718402,-469.8552880290965,367.6424217703111,179.92083084486254,0.3163536168917138,179.6103238181452,1739364927361
143.19983953780869,-469.88887531558396,368.1499979558047,179.92097442247186,0.31634874856157286,179.6093876411838,1739364927369
143.5677227436472,-469.91654852785393,368.6378150994451,179.9208859088058,0.31634431113062617,179.60882771649875,1739364927377
143.9185201178391,-469.9421206906092,369.09940970063104,179.9218450707016,0.3163416071565594,179.6099823551793,1739364927385
144.23488002835717,-469.96701704155385,369.53010316179757,179.92130530493088,0.3163107621032325,179.60998195597114,1739364927393
144.53188765056873,-469.9919995938728,369.9317744039402,179.92217937257223,0.31631571959829397,179.60884443890473,1739364927401
144.81771760954337,-470.01087616686306,370.30283458554584,179.92158749273622,0.31627612044338893,179.6091695905904,1739364927409
145.0783686994751,-470.02803073768064,370.6390567279128,179.92145910416846,0.31622325905115994,179.61027756913828,1739364927417
145.30889963786498,-470.0490497861161,370.9538131425799,179.92222476784204,0.31621465439968804,179.61086803843898,1739364927425
145.5141827208184,-470.06398529001757,371.23034670735376,179.92094763571396,0.3161693784557665,179.61018863670387,1739364927433
145.70221439776478,-470.0771630354138,371.47816394628677,179.92107347586546,0.31614507418317933,179.60910654751402,1739364927441
145.87345604964443,-470.0896975013005,371.70459294619934,179.9217912666352,0.3161206271797495,179.60850680692724,1739364927449
146.02655255745975,-470.0984011860602,371.9021504389133,179.92148135864397,0.31604992409370425,179.60907152322343,1739364927457
146.15911258195297,-470.1030334786557,372.0680119575058,179.92041281604662,0.3159899523745092,179.6101313791518,1739364927465
146.26856176716424,-470.10784606019723,372.20822542281473,179.9201193027357,0.31595224358111895,179.61087390445508,1739364927474
146.35739880549215,-470.1147316461683,372.32812664105853,179.92057786493743,0.3159369054386634,179.61114098579034,1739364927482
146.45847737407587,-470.1251522789259,372.47493084940527,179.92160389232913,0.3158954810887526,179.6109358962158,1739364927493
146.50968098634004,-470.1306119206342,372.55221046554175,179.92219454988899,0.3158503634314401,179.61074842560322,1739364927501
146.54986188071607,-470.13485669773934,372.6151599800331,179.922812009563,0.31583809932419304,179.61046598244278,1739364927509
146.58091564088298,-470.13603397727127,372.66144901970694,179.92295347441802,0.3157951185627379,179.6102095179671,1739364927517
146.604999294279,-470.1358477078376,372.69542377018155,179.92288214276104,0.3157872090088145,179.61006430631147,1739364927525
146.62293485620566,-470.13372789354986,372.71745461008385,179.9224963061537,0.31574476072839025,179.60999003920452,1739364927533
146.63544003805944,-470.13142014486453,372.73229449550155,179.92218908491355,0.31571618510769733,179.60998376244032,1739364927541
146.64370282932168,-470.1295560717873,372.7428459896366,179.9221431020855,0.3157051549064437,179.6100275053907,1739364927549
146.6453966984619,-470.1293217266577,372.75024287561,179.92231705065453,0.31568370603531515,179.6096668963673,1739364927557
146.64175490247885,-470.12932113910614,372.75220006141865,179.92213214272144,0.31564785431278286,179.60888708491402,1739364927565
146.6377178770714,-470.12756225078664,372.749294754685,179.92158074171232,0.315618403485425,179.60819846841667,1739364927573
146.63490504024426,-470.1253417790978,372.7456525909267,179.92105044867964,0.3155891909099489,179.60778788080262,1739364927581
146.63393465797137,-470.12399345600994,372.74263297820903,179.92066295577393,0.3155821465921754,179.60766325536116,1739364927589
146.63155032570847,-470.1249975942047,372.7322877575467,179.91939861947432,0.3155543598266103,179.60734303242813,1739364927597
146.62366409872934,-470.1295063309228,372.7035230125524,179.91590537526076,0.31546291776278035,179.60637725545374,1739364927605
146.61038784356467,-470.13628323261673,372.6738299765724,179.91235097145702,0.3153762892670257,179.6047717042599,1739364927613
146.60466113256317,-470.1389704760442,372.66390711325414,179.9113389687612,0.3153528873230498,179.6041931757612,1739364927621
146.60216183585246,-470.1416218676017,372.6540946786937,179.9107905504538,0.3153305174150583,179.60423274787078,1739364927630
146.59662016577252,-470.1483356363776,372.64380562981,179.91114844667962,0.3153220727266782,179.60429784590488,1739364927638
146.58611875112135,-470.16116316877276,372.62846176358556,179.912549861662,0.315340486265738,179.60440454225633,1739364927646
146.56595132521568,-470.1820922694107,372.5998580248502,179.91444832555794,0.31535886884635234,179.60466859911307,1739364927654
146.53400309951056,-470.21249304897435,372.55121761448544,179.91619281569996,0.3153893210056113,179.60516645199922,1739364927662
146.4892677317664,-470.2542142400548,372.47879093297786,179.91788665430596,0.31536244492002047,179.60581983000648,1739364927670
146.429442266051,-470.3105688233092,372.380012228263,179.91954439599175,0.3153434707569145,179.60669449449588,1739364927678
146.30541693754284,-470.42572384679886,372.16025914920976,179.91980142826867,0.31525365483856727,179.60797288901276,1739364927690
146.1957195600113,-470.5254192619436,371.9588741451279,179.91818910231854,0.3151469152811073,179.60861774854192,1739364927698
146.05718580164398,-470.6489199262881,371.7154345346574,179.91677631910986,0.3150150272245476,179.6085245668525,1739364927705
145.89093808152114,-470.79704318887406,371.43893858670685,179.91788242353388,0.31493332596403073,179.6081943864911,1739364927713
145.6885099576872,-470.9697972145104,371.12471495111726,179.919532608402,0.3148751246460919,179.60721122302996,1739364927721
145.45822133154888,-471.1656636067121,370.7629304166601,179.9208694294646,0.31480808625645484,179.60760032146015,1739364927729
145.2022140429907,-471.38856202524585,370.34561840799387,179.92272566804257,0.3147016399745971,179.60891837221928,1739364927737
144.92166616417978,-471.6368669278808,369.85818340609984,179.92160567241058,0.31454473798515387,179.6098793404962,1739364927745
144.60491233948213,-471.9137874573444,369.3307255856088,179.92308372833946,0.31447347227700995,179.60925132053544,1739364927753
144.24946121713617,-472.21415138170863,368.7617841254302,179.92451270309283,0.3144346988189084,179.60866850409647,1739364927761
143.8741775355025,-472.5359590378716,368.12371593688994,179.92333493175158,0.31433243478309814,179.60997954707125,1739364927769
143.46997763194304,-472.8804242318705,367.4464901372099,179.92367017383233,0.31418336981840755,179.60965668928657,1739364927777
143.0343541070994,-473.2447871869392,366.74124397938823,179.92497623235778,0.31411101682781517,179.60917253021526,1739364927785
142.58086013558267,-473.6268732718621,365.96869288306567,179.9225915647204,0.31408282410172034,179.61048381275444,1739364927793
142.11084865826086,-474.0193463887034,365.1942994660814,179.92428182276973,0.31415198552149926,179.61045627000428,1739364927801
141.61259492268957,-474.42989972401,364.38031559297644,179.9242226141374,0.3143141030341392,179.61041772913748,1739364927809
141.11398521481073,-474.8409480450981,363.5500049987721,179.92494831850982,0.3145643105658041,179.61097636568763,1739364927817
140.59425070338526,-475.2702280217063,362.69805352261875,179.92561800282186,0.3147616329543253,179.60987252340044,1739364927825
140.0729891276398,-475.69160988621815,361.83806376407904,179.926986512436,0.31497482615808164,179.6108347069158,1739364927833
139.54603778898738,-476.11992620635704,360.9697472870702,179.92773255332233,0.31506784945183436,179.61041881131985,1739364927841
139.01184726393822,-476.5418559380238,360.08165811212064,179.92604241882515,0.3151303261441658,179.6112402086836,1739364927849
138.21764605849896,-477.17010971691684,358.77209569007516,179.92502947716514,0.31512903235621115,179.61095987698454,1739364927861
137.6931850277197,-477.5772820951268,357.9157542769591,179.92500426651532,0.3151717559417843,179.61185083319884,1739364927869
137.18303418203323,-477.97984970087214,357.06942531361545,179.92450654697512,0.3151733449386003,179.6114882291733,1739364927877
136.6723118958434,-478.36801485770735,356.2485342942888,179.92506354744242,0.31518128669083517,179.6113442022385,1739364927885
136.1882332106988,-478.7447210140733,355.4522563995285,179.9255443131161,0.31521907903454016,179.6117195526701,1739364927893
135.71347691609657,-479.1006880961755,354.6784053194547,179.92534609838935,0.31520633393458547,179.61105480072456,1739364927901
135.2575869791942,-479.4420150763858,353.95370883797574,179.92659631872147,0.3152565250807965,179.61148611193906,1739364927909
134.84111930134782,-479.75890274721917,353.24828648097815,179.92498561191277,0.31527156140816553,179.61204007490633,1739364927917
134.43306029518453,-480.0562757612748,352.6042721401844,179.92589233805788,0.31532617526027285,179.6114958089288,1739364927925
134.05841747985806,-480.33898380254806,352.00112558975286,179.9268163429509,0.3153743904979881,179.61197404825074,1739364927933
133.720850484367,-480.58757499061267,351.43153145902846,179.92558372743903,0.31539840503414396,179.61176934489512,1739364927941
133.40410885176712,-480.81454726118864,350.9290839182307,179.92632409286807,0.3154224750429144,179.61064866015602,1739364927949
133.11281006580893,-481.022588636556,350.4755250369435,179.92653572512444,0.3154998316323172,179.6102988828273,1739364927957
132.86695952394166,-481.20532061825065,350.0658474299871,179.92508625460442,0.31560631806963446,179.61121982683565,1739364927965
132.65525433336427,-481.3573191565858,349.7136829760724,179.92489354196752,0.31561386770366606,179.61135205557633,1739364927973
132.47300817574424,-481.48541172654035,349.42179732442406,179.92641938875224,0.31564967658955784,179.61095630749654,1739364927981
132.31404592314107,-481.59456120391906,349.1747875335618,179.92647989722656,0.3156885750823556,179.6102339920501,1739364927989
132.17701585213914,-481.6906859327279,348.97086991888017,179.92685306975525,0.3157379181506254,179.60963051245378,1739364927997
132.065491295387,-481.7721776191466,348.8047903955051,179.92792601780482,0.31576925629814717,179.60956208803782,1739364928006
131.97596483165543,-481.83773612956026,348.66723258873935,179.92801292301044,0.3157811886792711,179.60967555436645,1739364928014
131.9107303784209,-481.8873520476977,348.56075011287936,179.9277860500221,0.3157727236508766,179.61009473871277,1739364928022
131.8689199677928,-481.91919612859937,348.47484132178715,179.92645989705537,0.3157847930157708,179.61117135943542,1739364928030
131.82404498565123,-481.95016897923756,348.38554889242243,179.92449382995554,0.3158322479930321,179.61163372420916,1739364928042
131.80416972986916,-481.96272318484864,348.34877461541674,179.9236300782527,0.31586023168198235,179.61159615683405,1739364928050
131.7920580552401,-481.9700952913135,348.3240492279006,179.92288993966875,0.3158813564078719,179.6114940011407,1739364928058
131.78468665094886,-481.97486394962925,348.3099912575332,179.9225812848443,0.3158827377072139,179.6113530420942,1739364928066
131.78215600426856,-481.9770157197098,348.30555451092977,179.92290303215304,0.3158884490592663,179.61143044374992,1739364928074
131.78684546786212,-481.9741173646424,348.3213162455492,179.92529689663482,0.31586581594601937,179.6121618987862,1739364928082
131.79103074642634,-481.9699471518078,348.342327219075,179.9280911470665,0.31583489631059447,179.61272059259375,1739364928090
131.79683715970856,-481.9661919509718,348.35700617692277,179.9300015666537,0.3158254346781448,179.61341763447928,1739364928098
131.8003408242747,-481.9636120032225,348.36580321775136,179.93117079704066,0.3158155810193924,179.61382490617402,1739364928106
131.80689067445678,-481.9560980064311,348.3826069110297,179.93319671048147,0.3158085750556429,179.61458446948387,1739364928114
131.81955254524505,-481.9423994286721,348.41055475741587,179.9364800526766,0.31578737150824626,179.61603848354628,1739364928122
131.82897664027672,-481.9385675782573,348.4210915067926,179.93761457920235,0.3157650770771944,179.61705924693493,1739364928130
131.83157361194748,-481.9410888968454,348.4303734553874,179.93849658201705,0.3157350613874063,179.61712113910679,1739364928138
131.83578981175876,-481.9440630776071,348.44074992972526,179.93917339767475,0.31572122206261527,179.6171095818156,1739364928146
131.8431208866478,-481.9385515016409,348.44555391062903,179.93846028961772,0.3157289435855325,179.6168695897461,1739364928153
131.85629411990814,-481.92474161794587,348.4533015866021,179.93717133418866,0.31575080498858416,179.6164214077595,1739364928161
131.8778613031066,-481.90113857081286,348.46954558661724,179.93556294770679,0.3157663727886401,179.61577635178017,1739364928169
131.9334703364429,-481.8417373582048,348.52046965500455,179.93326523216604,0.3158215316673808,179.6148811833694,1739364928181
131.98875414322902,-481.78364411767006,348.57544143079406,179.93167551111353,0.3158681026382878,179.6141384480823,1739364928189
132.06139407814297,-481.70760091510874,348.65461427853705,179.9307333302047,0.31592112430505764,179.61327214139996,1739364928197
132.15635754886864,-481.6112686387308,348.7593329824158,179.93021836960622,0.31597789830897227,179.61238562037946,1739364928205
132.27500461184968,-481.4927183822916,348.89032541273633,179.9296477200255,0.31603297761273974,179.61162957019692,1739364928213
132.4201305494922,-481.3495174448351,349.0484596950592,179.9287158177165,0.3161191504374648,179.61132454063906,1739364928221
132.58913545420424,-481.18017653722006,349.2350629750692,179.92718618399087,0.3161942877327509,179.6115534186062,1739364928229
132.7817259940861,-480.9855276498358,349.4549404691011,179.9265862876786,0.3162815765538287,179.6118088085507,1739364928237
133.0003085287444,-480.76346189475396,349.70723174661424,179.92639169511253,0.31637485092487316,179.61224010187922,1739364928245
133.24827996149742,-480.5019341661445,350.0059581172478,179.92670472058927,0.3164823162016766,179.61207673297994,1739364928253
133.53294567852728,-480.2059236132981,350.33432269460184,179.9254535892839,0.31658231871960574,179.61136165875214,1739364928261
133.85775024361615,-479.8834131062402,350.6953094131791,179.92550411099,0.3166188045231689,179.61127792292615,1739364928269
134.20648220212183,-479.52749634481125,351.0971058088234,179.92557624605084,0.31665656903385403,179.61188785700338,1739364928277
134.57779358744625,-479.1405346282862,351.5354595557729,179.926154194411,0.3168081792309486,179.61186850677782,1739364928285
134.98592419064235,-478.7235342118628,351.99681423483185,179.925078723516,0.31695396094849476,179.61122481021587,1739364928293
135.42185296707208,-478.27460430201944,352.5066707984772,179.92587229167302,0.3170138930270796,179.6116404682803,1739364928301
135.87201389744658,-477.8061715903534,353.03380539218574,179.92497285098904,0.31710959004283473,179.61135278265047,1739364928309
136.35643127770732,-477.30623742755137,353.5999780308538,179.92595762861694,0.3171462688861848,179.61068203790688,1739364928317
136.8584393087813,-476.78621878733554,354.18101732020176,179.9252716299652,0.3170797759199594,179.61144771911177,1739364928325
137.36845349964645,-476.24210548071926,354.79097035950497,179.92617240636073,0.31692779368559093,179.61018360330047,1739364928333
137.9063937152596,-475.67807324969465,355.40677599898646,179.9254455382167,0.3167003064337455,179.61067468770625,1739364928341
138.72104842670652,-474.8024962348785,356.3548579092356,179.92360551087125,0.3162550459534267,179.60970835245809,1739364928353
139.28484389461238,-474.1992919338972,357.00277763655845,179.92257717495042,0.31611153180140067,179.61059764612227,1739364928361
139.8425893387186,-473.5930959870743,357.6561959090946,179.9216760951713,0.316070801459277,179.6093040876251,1739364928369
140.41396678896143,-472.9759307673587,358.3355418755356,179.92381301451772,0.31616746492187325,179.60973069183066,1739364928377
140.9735232028825,-472.3698347088544,358.99244144995527,179.9227824964654,0.31623161538546113,179.60900176765014,1739364928385
141.54539847206686,-471.75222951217813,359.659946931646,179.92357948014686,0.3163833523467509,179.60982441315204,1739364928393
142.09721960687781,-471.14540714023207,360.3105074985611,179.9234602550031,0.31645519242771464,179.60986018825642,1739364928401
142.65326464758613,-470.5359792446943,360.9540530513573,179.92335155200198,0.3165826469899187,179.61011563083557,1739364928409
143.18632898456556,-469.9349295171692,361.58997452799514,179.9231478761278,0.31655488033632234,179.61005348391402,1739364928417
143.7155996166473,-469.3482739600903,362.2080450420518,179.92323340723135,0.31655444929379095,179.60911377188728,1739364928425
144.2269287536313,-468.7729920659254,362.8178058869483,179.92437367992335,0.31642471931361316,179.60973063513578,1739364928433
144.71662728774342,-468.2191435924195,363.39542631330085,179.92272494190334,0.31629102746320287,179.60867945505697,1739364928441
145.19597572425403,-467.6804323141256,363.96712511689367,179.92398271761792,0.3162537626590771,179.6097010167585,1739364928449
145.63932445369565,-467.1716241348046,364.4988087793774,179.92299301152286,0.3161972082608501,179.6092844294773,1739364928457
146.0742672622017,-466.67623947530984,365.0147034697118,179.92366762751314,0.3162307172922267,179.60909058436098,1739364928465
146.47539734558865,-466.21796302273253,365.48684767132397,179.9230452791047,0.3161348900645485,179.60960893769376,1739364928473
146.8426937407355,-465.7837528462517,365.9321648493973,179.9224846169452,0.3161115832708447,179.60872413517546,1739364928481
147.19350230291653,-465.382034491799,366.33773277922614,179.9219999599429,0.31611622365768993,179.60853229823192,1739364928490
147.5177755036025,-465.01347052587363,366.7043091129975,179.92072436608996,0.31602922721282967,179.61049008887156,1739364928497
147.79351077851658,-464.6804886740644,367.0488836094203,179.9210533596274,0.31602432201610287,179.6103599612778,1739364928505
148.04179506842635,-464.38721534003975,367.3514740220595,179.9214504757559,0.31603799714055586,179.60929552782065,1739364928513
148.3783851693363,-464.0052979262906,367.7353438297392,179.9200756701226,0.31588847421959493,179.60955058268024,1739364928525
148.56937682850185,-463.7883880505595,367.963164647273,179.92161688789633,0.315804964103198,179.61102265708772,1739364928533
148.72194589348285,-463.6069631128272,368.1540563986326,179.92280445284356,0.3157696755299554,179.61149024459945,1739364928542
148.844319168464,-463.45895693280556,368.3097058971266,179.92285868390638,0.31575705376233393,179.61106482626207,1739364928549
148.94923043348368,-463.3361428081364,368.4363227344036,179.9220565138565,0.315724069308127,179.61084602548854,1739364928557
149.03480041974814,-463.2346909172835,368.53785638129915,179.92098743053677,0.31566173849760276,179.6102040898798,1739364928565
149.1032220784443,-463.1542864726837,368.61704709991943,179.92028422018555,0.315572308904839,179.60948725451567,1739364928573
149.158018690617,-463.09100305602067,368.6807967279577,179.920264490621,0.3155236158116082,179.60904116474953,1739364928581
149.20102310482935,-463.0417142110031,368.7314011253721,179.9207638982266,0.31551508393290867,179.60889527960393,1739364928589
149.23346628892173,-463.0048802170664,368.7702580086442,179.9214757636439,0.31552742731898553,179.60901052969612,1739364928597
149.2576223519032,-462.978125502049,368.80082926100124,179.92249393890592,0.31553150694459425,179.60932190407306,1739364928605
149.2738270284967,-462.95792332196226,368.81873946682055,179.9228717901421,0.3155392926875457,179.609663581448,1739364928613
149.28404341904115,-462.9441030606624,368.82924127838356,179.9230564246835,0.31554959646759434,179.60997171532298,1739364928621
149.2885046904457,-462.93623264115206,368.8353076173208,179.92317615948915,0.31554656970081735,179.61005846697165,1739364928629
149.28613308446012,-462.9365159901753,368.8314069970476,179.92231161281052,0.3155174050007823,179.60947835174497,1739364928637
149.2823335492768,-462.9433585502215,368.81715008739474,179.92039517425235,0.3154397442814573,179.60888377991768,1739364928645
149.27888017884638,-462.950653478107,368.8030663187144,179.91858713726344,0.31539837878684357,179.60839798964395,1739364928653
149.2762865203665,-462.9551137478892,368.79545014520323,179.9176084128313,0.3153752124942796,179.6080527256714,1739364928661
149.2735448375294,-462.96148614979074,368.7851740452911,179.91633109396017,0.3153285269097179,179.60769875402508,1739364928670
149.26808985883386,-462.97583457722004,368.7637128224511,179.9137079249806,0.3152589746077116,179.60698333603085,1739364928678
149.25239839344206,-462.99637125492535,368.75169985008336,179.9123218759227,0.3152143465874911,179.60501024251562,1739364928690
149.2426576701946,-463.005343171339,368.7622548658444,179.91366733184927,0.31526725943840045,179.60382828859187,1739364928698
149.2405593489904,-463.00926659537,368.76879364056623,179.91468745216096,0.3152853807687148,179.60365604533828,1739364928705
149.2378712128444,-463.0164504977286,368.7750433810808,179.9160140845049,0.3153150725765211,179.60353754398744,1739364928713
149.23444151979305,-463.0288944921283,368.77579488417564,179.91714546612502,0.31535415744533246,179.60369320359482,1739364928721
149.22680845201705,-463.0506963195497,368.7672903844783,179.91783992943917,0.3153590548570331,179.60407927466315,1739364928729
149.21250870291584,-463.0861537550683,368.7491221921142,179.91819318220354,0.31535643379450123,179.60457297981782,1739364928737
149.1909895804908,-463.1374080934198,368.72269608831886,179.9185118903254,0.3153323101783281,179.60516840794315,1739364928745
149.16051136357638,-463.207706003407,368.6870400332071,179.91883080932234,0.315298645285588,179.6058239238406,1739364928753
149.12071625212127,-463.2984468836041,368.6421722825014,179.9193547571126,0.31526619622149876,179.60668205262593,1739364928761
149.0709131085329,-463.4123943396413,368.5843584400278,179.91983268969753,0.31524564982100395,179.60778745788812,1739364928769
149.00853528048214,-463.55240699305784,368.51259770003736,179.92052472681888,0.3151796611735869,179.60891457531127,1739364928777
148.93363945345004,-463.7216171831488,368.42637656641284,179.92142234301687,0.31513301062735316,179.60999511254604,1739364928785
148.8469993582628,-463.92272352346265,368.31974604873477,179.92228714595407,0.3150808324381426,179.6109493634403,1739364928793
148.74575365747884,-464.161062519548,368.1861212485954,179.922025762221,0.31498499111783596,179.61152171587494,1739364928801
148.62861462970085,-464.43272880847877,368.03563747862466,179.92173813108445,0.3149132848051233,179.61153613161554,1739364928809
148.49399986882764,-464.73308960701536,367.87540622005224,179.92216012252925,0.31486271798383686,179.61108627610702,1739364928817
148.3413111706889,-465.06697121614474,367.6939772817234,179.92164224059158,0.3147948100769531,179.61045686694075,1739364928825
148.07162217064163,-465.6513039394592,367.3737407566756,179.91985594479658,0.3146430431181072,179.60850212996806,1739364928837
147.87205794721083,-466.0807785406328,367.1573633951719,179.92213975274157,0.31463281501965845,179.6083309329861,1739364928845
147.6636488933803,-466.54373277875044,366.90523881315727,179.92183410316383,0.31458283301971696,179.6095473959006,1739364928853
147.44437348183314,-467.03189854028653,366.6371234059735,179.92105994377496,0.31448581529520925,179.61061599978734,1739364928861
147.21092901997503,-467.55240646195193,366.3553275210574,179.9217989898399,0.3144232902192495,179.61071364007336,1739364928869
146.95397684913308,-468.106177725084,366.05136555959496,179.92218505776765,0.31440423049559046,179.60938686808254,1739364928877
146.68269702799617,-468.6843825785987,365.73723351199726,179.9221226044532,0.314487878322998,179.6091213408153,1739364928885
146.40812881037567,-469.28768320703995,365.41168139861384,179.92241822211602,0.31459548937469006,179.6105609383554,1739364928894
146.12697049842836,-469.90943905703585,365.075207860161,179.92370811846965,0.31467965636074297,179.61144096735657,1739364928901
145.8306298507816,-470.5460876167574,364.72324956450325,179.9233659154103,0.31478086936173194,179.6104896735222,1739364928909
145.51866738224814,-471.20331221325984,364.3569180366951,179.9232375490761,0.315051527611409,179.6098473207653,1739364928917
145.20768306542024,-471.8714389436158,363.9895310174347,179.92395375986183,0.3153264759793621,179.61085064723991,1739364928925
144.89939991610368,-472.54483646681115,363.6208441327833,179.92428011312276,0.3153907215088028,179.6113458421394,1739364928933
144.5778399481107,-473.2259864292376,363.24281045716646,179.92519079151097,0.31536507806221686,179.61006633411165,1739364928941
144.24978179720327,-473.9050461163601,362.8607845598628,179.9250695802997,0.3153076167579371,179.60957504981664,1739364928949
143.93390630358292,-474.5860691818536,362.4740649071051,179.92511290536325,0.3152519715817118,179.61091731028333,1739364928957
143.61955442146444,-475.26590580703396,362.100439135658,179.92704518110128,0.31514765801335354,179.61107410738683,1739364928965
143.29551600146482,-475.9404205400043,361.7168995549036,179.92610717371667,0.3150050566897478,179.60992205277222,1739364928973
142.97423279513512,-476.6045542762791,361.3369708104622,179.92600353677477,0.3149571700918362,179.61028926500381,1739364928981
142.6696871438205,-477.24311227115857,360.9640317442816,179.92511210474788,0.3149619713382385,179.6118060467589,1739364928989
142.37167571519458,-477.8789595551799,360.58887576479356,179.92324333064096,0.3149699064210492,179.61203216336474,1739364928997
142.0717510664796,-478.49369885278435,360.25085180065895,179.92571341418912,0.31502226479601964,179.61125191974128,1739364929005
141.77764512836018,-479.0898315605926,359.90494766908387,179.9248313022715,0.31513178707690215,179.6112170674285,1739364929013
141.37335222606416,-479.92829556543853,359.40778704957506,179.92401321858955,0.315363768653371,179.6118514196261,1739364929025
141.1186062549994,-480.4496689604468,359.10428018762144,179.92423525134814,0.3154591105702737,179.61109545052827,1739364929033
140.8717331368246,-480.953675416534,358.8081351474725,179.92280509898399,0.3155260744587364,179.61006915445236,1739364929041
140.63518292220908,-481.42552752690136,358.54823905917164,179.92492064044947,0.31564632293776135,179.60985029129864,1739364929049
140.42301774837853,-481.86382572050223,358.2874085094875,179.92472195136304,0.3156846423686004,179.6108282590855,1739364929057
140.2298377276079,-482.2612345796366,358.04902743011985,179.9240993943487,0.315642641431222,179.6112390333986,1739364929065
140.0537202729792,-482.6164951680966,357.84090412130234,179.9243726342794,0.31559923099660825,179.61102622047693,1739364929073
139.8931941491765,-482.9453472527681,357.6386650815564,179.92362072996008,0.31554303966015923,179.61051209338888,1739364929082
139.74395837534541,-483.2404456927991,357.4712192254082,179.92504889949362,0.3155550776871824,179.60979869583272,1739364929090
139.6094702657231,-483.50106780698763,357.3294981592029,179.92671411342315,0.3155898046394192,179.60950586902715,1739364929097
139.49265618967183,-483.7289657255623,357.2011266324119,179.92711291615112,0.31560064762794265,179.60977429885162,1739364929105
139.39360804846592,-483.9296956541944,357.0832984653722,179.9265158735322,0.3155828076914708,179.6103569364967,1739364929113
139.3135579338856,-484.09597924206236,356.9875726918484,179.92648511591742,0.3155852799762125,179.61113875474345,1739364929121
139.24825397858262,-484.22981241840057,356.9098193765276,179.92673579143408,0.3156181162444919,179.6117289545426,1739364929129
139.19477979029142,-484.3391122889685,356.84503444898394,179.92698355689566,0.31563864181052864,179.61198828296796,1739364929137
139.15233775680363,-484.42813015065406,356.7932098947985,179.9275222948382,0.3156444724853968,179.61210036449265,1739364929145
139.1189898055216,-484.49817446932684,356.74891854347936,179.92751712232862,0.3156923171569241,179.61206152598206,1739364929153
139.0929669312597,-484.5527971586306,356.714773168209,179.9275339973092,0.3157280623420284,179.61197569215085,1739364929161
139.0724572838494,-484.59517970433603,356.6859067710068,179.92717914117,0.3157600878483293,179.61171698251272,1739364929169
139.05592846851042,-484.6262914930602,356.6636599238419,179.92667097207254,0.31576882426654457,179.61126597198847,1739364929177
139.04436564168836,-484.64844574036437,356.6477684749719,179.92622137400892,0.3157593875401552,179.61094199385266,1739364929185
139.0362219410645,-484.6665328985775,356.62895415858196,179.9251729642387,0.31579072211013753,179.61091494566568,1739364929197
139.04166454030053,-484.6687264800554,356.6191839576368,179.924304652707,0.315802055618741,179.61188681827616,1739364929205
139.04386199768015,-484.6682075063148,356.61734371259803,179.92416248433935,0.31580770179827145,179.61225249708716,1739364929210
139.05072314879862,-484.6572992331735,356.6313615480992,179.92581565507564,0.3158384932859481,179.61328831199225,1739364929222
139.05209671526788,-484.65027839628334,356.6439766128766,179.9272775848185,0.3158526272535775,179.6135143891729,1739364929230
139.05157447929267,-484.64687969312035,356.65192884468104,179.928208989698,0.31586101780846926,179.6134654397465,1739364929237
139.04803631296429,-484.64249561862647,356.6621781133833,179.9293987292227,0.3158588635948178,179.61306445403568,1739364929245
139.04016347015786,-484.63081267543487,356.6812130175098,179.93156747146858,0.3158899666561082,179.61216589265644,1739364929253
139.02554904364538,-484.6189446487633,356.6911994617863,179.93256702764265,0.3159026787175708,179.61049230870478,1739364929261
139.00975523385625,-484.6187245259439,356.68919761094867,179.9322077363713,0.3159118910292999,179.60881119641667,1739364929269
139.00167270264066,-484.620106478369,356.6876938714623,179.93188366103897,0.3158914807346145,179.60826629446544,1739364929277
138.9949904638891,-484.6194031643548,356.68386826681603,179.93107853653618,0.31587769547141864,179.60818204816778,1739364929285
138.98734141268778,-484.6138895659701,356.6793240542278,179.92988816321315,0.3158676002499224,179.60839618539765,1739364929293
138.97587141734365,-484.60280611061887,356.6792097764737,179.9289659675779,0.3158798952060423,179.60871509771255,1739364929301
138.9571482588283,-484.5826290711701,356.68440950118577,179.92811586661526,0.3158914712710236,179.6089353303708,1739364929309
138.92995909566562,-484.5509538798098,356.6974397811139,179.92763119075045,0.3159336729644104,179.6090924094495,1739364929317
138.89268877072018,-484.5067433073164,356.7154729387766,179.92699619623025,0.31596497940928314,179.60917072066445,1739364929325
138.844530973563,-484.4473553688583,356.74464543812644,179.92684387691952,0.31601909934607914,179.60920856796773,1739364929333
138.7836202593804,-484.3711105201439,356.7789792240076,179.9263798295121,0.3161007491501124,179.6091606245363,1739364929341
138.70797877735848,-484.27697138023365,356.8215987357323,179.92576904324324,0.3161592337042092,179.6091380806217,1739364929349
138.61641731149845,-484.1612679748814,356.870488858845,179.92450926712195,0.3162511441111488,179.60913255481324,1739364929357
138.50571750819776,-484.0231524165946,356.9307129244891,179.92330169008153,0.3163679603696279,179.6089367441926,1739364929365
138.30259023934246,-483.76913301653354,357.0629603640537,179.92422811091325,0.3165711956378881,179.60884724041426,1739364929377
138.1448774980595,-483.5715238780566,357.1702914905177,179.9257008272746,0.31667821445531286,179.60958624766567,1739364929385
137.97091622935,-483.3506518079758,357.28631220989814,179.92698080194606,0.31676647414403314,179.61043237757391,1739364929393
137.7797103369927,-483.10299382007946,357.4122537804373,179.92803420267882,0.31685348002609776,179.61128447540332,1739364929401
137.56960764659192,-482.8181637982692,357.55562772948184,179.92937507024874,0.31699150227094297,179.6114336574524,1739364929409
137.33304873440247,-482.5095604250605,357.68595526235794,179.9273092637552,0.31712277431151825,179.61073660865446,1739364929417
137.06591805888365,-482.1783242270872,357.84060826305017,179.92600965159963,0.31725616681335644,179.60969737401302,1739364929425
136.77712574034072,-481.81806631461103,358.02211332357734,179.92594833470332,0.3173806791411163,179.60991504634703,1739364929433
136.4762300921136,-481.428838552804,358.19805430711125,179.9240820150487,0.31743605605102804,179.61053566607401,1739364929441
136.15866018310464,-481.00835853251795,358.4037722908027,179.9255053417062,0.3174166102432229,179.61029910916386,1739364929449
135.8132115224239,-480.57612866244193,358.6153749941836,179.92661703351277,0.31739939403245393,179.60933340983297,1739364929457
135.44910450527368,-480.11160461578515,358.83690517925453,179.92712368103423,0.3173096262225328,179.6098777265502,1739364929465
135.08086115402014,-479.62064795194175,359.0544735987424,179.92520791961894,0.3170470449463915,179.6109986454624,1739364929473
134.69196441789967,-479.1105214424002,359.29791083773245,179.9254017772886,0.3165147129072381,179.61050786868194,1739364929481
134.280765435569,-478.5795402435011,359.5473248665171,179.92642301337102,0.3161272681181379,179.61044240411962,1739364929489
133.86606117014645,-478.0394441875037,359.8007931105014,179.9275610569908,0.3160552813152777,179.61074877762218,1739364929497
133.44282094894976,-477.47602152080486,360.0583265394488,179.92708930505594,0.3160898162353048,179.60995974442008,1739364929505
132.9995559493972,-476.900729231591,360.3182684664497,179.92640391919838,0.31623604404520433,179.60953451351912,1739364929513
132.5655884743524,-476.31615878393956,360.58936115224526,179.9276987110227,0.3163650568749112,179.610396634784,1739364929521
132.11819322955685,-475.7212894935371,360.8520849466381,179.92741676830863,0.31650643190618133,179.60952806166333,1739364929529
131.66655710249552,-475.1237701218944,361.1224858897345,179.92695104952716,0.31665545822117463,179.61037552002614,1739364929537
131.22290749343844,-474.5140506196842,361.3820278141756,179.9252397778937,0.31672343635120276,179.61076813339048,1739364929545
130.76469795706632,-473.92028229751276,361.6362628943083,179.92410722283503,0.31663157330620384,179.60992804673057,1739364929553
130.09813869649707,-473.0141604971478,362.02182028395345,179.9226944017245,0.31636845381157663,179.6108885600766,1739364929565
129.65229221938344,-472.4176418379151,362.28279306253404,179.9223479243211,0.3162293954970223,179.60976771087599,1739364929573
129.21777613540675,-471.8207918752573,362.53660471073516,179.9227679170947,0.3161938449483424,179.61040953924814,1739364929581
128.7996691472856,-471.23645645898915,362.79679856928317,179.92454243191466,0.31618480585804587,179.61060304485224,1739364929589
128.3767839660872,-470.65611859876566,363.03246808902355,179.92257822833355,0.3162847803054042,179.6098509046229,1739364929597
127.9741740296888,-470.0941450609758,363.28768745716576,179.92433197717622,0.31637177849627685,179.6112016826096,1739364929605
127.58756497800968,-469.5461730578365,363.5186576007845,179.92495936480663,0.31636149733772845,179.61155590136056,1739364929613
127.20183074205684,-469.0190188791287,363.7407620690615,179.9253172873501,0.31634085269232115,179.61121867018224,1739364929621
126.84117582186835,-468.50707245248424,363.9636228554719,179.9259105149596,0.316294346743348,179.61228501141113,1739364929629
126.5002731521222,-468.016752776953,364.15181870899414,179.92345729296096,0.31627196914011446,179.61194674185577,1739364929637
126.16508921609935,-467.5562308520797,364.3444254036996,179.92380288031643,0.31622911334525233,179.61059785001163,1739364929645
125.85291252133577,-467.12035930944916,364.5244333917283,179.9242683596739,0.3162448094684406,179.6112926662486,1739364929653
125.56603120698497,-466.70343837137546,364.6905661601986,179.9242324568057,0.31620672520970916,179.6119910106478,1739364929661
125.2951162556942,-466.3175728098881,364.8449049470121,179.92355073492146,0.31619364732654454,179.6108798624279,1739364929669
125.03476785717262,-465.9630457654664,364.9959831026225,179.92362598529567,0.31620318297669936,179.61010621592592,1739364929677
124.79869762167696,-465.63725571752065,365.11717141508376,179.9222087706477,0.3162019118975849,179.61064137072734,1739364929685
124.59099602004508,-465.3352971585052,365.2353889399134,179.92249865424262,0.31609183875093755,179.61160743587797,1739364929694
124.40416164199921,-465.0660549561477,365.34215363263957,179.92261182665348,0.3159302987575608,179.61183695143967,1739364929702
124.23425879379558,-464.82818013346736,365.4366863669137,179.92258649916158,0.3157730126244262,179.61128813649174,1739364929710
124.07782911511045,-464.6084244034198,365.5310037290312,179.9236660230868,0.3156622646449149,179.61022812599603,1739364929718
123.93789333896909,-464.4125551610277,365.602120172247,179.9228079260673,0.31564780262954056,179.6096127136089,1739364929726
123.81865968110654,-464.24573873861624,365.65995635896087,179.92149712210767,0.3156095488255028,179.60985658825985,1739364929734
123.71967496624698,-464.10456739240095,365.7131433376367,179.92079253620915,0.3155415480978051,179.61053758659497,1739364929742
123.60799005951182,-463.9264648283765,365.7912035060606,179.9216314803684,0.31546171405420387,179.61199354843427,1739364929753
123.54999983606601,-463.832898162532,365.83794550073054,179.9229393762656,0.3154524303715622,179.6123805474879,1739364929761
123.50337440334751,-463.75833918389156,365.87424229034696,179.92398565100166,0.3154314608853502,179.61248657547506,1739364929769
123.46518478481589,-463.7015358230315,365.9013720287093,179.9248072741945,0.31542118357601506,179.6123467119838,1739364929777
123.43616974913162,-463.6587834961735,365.9184716412299,179.92504505141426,0.31544277511561386,179.61215104827752,1739364929785
123.41335886845613,-463.6281196666489,365.9274769412644,179.92474130753632,0.3154784753976589,179.6119148793753,1739364929793
123.39583721848086,-463.6060262875638,365.93218598888615,179.92431026165198,0.315492974019464,179.61160702300526,1739364929801
123.38321464187284,-463.5920417978754,365.9339120082238,179.92389698434428,0.3155305669169434,179.61130324124247,1739364929809
123.37469899510683,-463.58364017679304,365.93445083988485,179.9235965715672,0.31555763848805335,179.61108660415513,1739364929817
123.37072774326055,-463.57823407759975,365.93279064042747,179.9231642124903,0.3155633596784559,179.61108572019836,1739364929825
123.3752870593026,-463.5760594780524,365.93398753834174,179.9231525805101,0.3155724484093239,179.61195025471716,1739364929833
123.3793725842804,-463.57984686805503,365.9276612028069,179.92229759041365,0.3155999373687482,179.612680055763,1739364929841
123.3828221890091,-463.585961159072,365.9177965411853,179.9210679418404,0.31562895501919996,179.613230437452,1739364929849
123.38379733620224,-463.58980382693323,365.91190067143066,179.92034114346248,0.31565289320296985,179.61340294345143,1739364929857
123.38367470410972,-463.592189420184,365.90961164696165,179.9200628362676,0.31566560951715206,179.61342168783636,1739364929865
123.38404294774874,-463.6006024009607,365.9032382726442,179.9192743570194,0.3156807702008736,179.61350550988772,1739364929873
123.38641795949268,-463.61725879733723,365.89238317240665,179.91794868595943,0.3157036653170804,179.61385126454272,1739364929881
123.39239200304831,-463.6224105659135,365.8967956750782,179.9185192627074,0.31568182274211637,179.61460232750386,1739364929889
123.40094251755883,-463.62096858332967,365.8985339945332,179.91873633516596,0.31567488975304875,179.61559617140898,1739364929897
123.40545554480373,-463.6208169164987,365.9007631742012,179.91905488116137,0.3156578700303016,179.6160532283504,1739364929905
123.40678077991988,-463.6252011628797,365.905054677882,179.9196586562898,0.31564305855870767,179.6160290758149,1739364929913
123.40855972318442,-463.6357601931822,365.90700602487533,179.92001004931797,0.3156364807158325,179.61590123781474,1739364929921
123.41494441451202,-463.6705346774164,365.9060568763451,179.9203078376227,0.3156073833567074,179.61547187823493,1739364929933
123.42445793242717,-463.70986701635314,365.90056544245857,179.92014810702236,0.3155923911910162,179.6150322951077,1739364929941
123.44013131173774,-463.76416715050465,365.8909437854959,179.91984710665395,0.31555105481895385,179.61461645501672,1739364929949
123.46205840731879,-463.8361231359947,365.8768153802204,179.9194328266994,0.3155206734684611,179.61414921766476,1739364929957
123.49170008896338,-463.9283532178647,365.8565815657816,179.91875473873603,0.31548222362431166,179.61377896330796,1739364929965
123.52866154785526,-464.0422765217096,365.8290835581896,179.9176762631962,0.3154515948605713,179.61326013466024,1739364929973
123.57599969352357,-464.18141650200545,365.7968417841331,179.9165831579733,0.31538659710934047,179.61288687060247,1739364929981
123.63190092455407,-464.34540897928633,365.7679841544033,179.91652333699315,0.31529960355135345,179.61242030786397,1739364929989
123.69835732339648,-464.5336085121218,365.7470727177372,179.91805315619155,0.315168931351884,179.61197940536456,1739364929997
123.7742968100577,-464.7497416189505,365.72723844230217,179.9203891581533,0.3149862026536287,179.6112668475277,1739364930005
123.86329634926916,-464.99849211318667,365.6973242679501,179.92238389845093,0.31482495845275377,179.6106618504308,1739364930013
123.96530093975514,-465.279227912407,365.6414569149736,179.92207953952138,0.31475142194175365,179.60994906298092,1739364930021
124.0827327790815,-465.58726812002834,365.5886781673085,179.92295811292362,0.3146761674005,179.6098568649903,1739364930029
124.21383800348242,-465.927395630511,365.5383491201087,179.9246116010363,0.3145682843173874,179.61038555987628,1739364930037
124.35549152970695,-466.3023304040602,365.46029474440735,179.923363082423,0.3144881583947166,179.6113026531082,1739364930045
124.50413290775367,-466.7037472230909,365.3867341102827,179.92342758109203,0.31438639850649586,179.6120464541657,1739364930053
124.65681215935537,-467.14540055381156,365.30936870030007,179.9236422012208,0.31431714325001986,179.61200660297484,1739364930061
124.82065509210246,-467.6117842195009,365.21890970230635,179.92263869031922,0.3143058512329476,179.61165928809564,1739364930069
124.99504071870146,-468.1096368840051,365.1230258643627,179.92183922676273,0.31426712307334814,179.61030264405187,1739364930077
125.18751294579364,-468.63128915860597,365.0262366268826,179.92139749030423,0.3142658080416581,179.60921197961932,1739364930085
125.39596505071943,-469.1744486292573,364.9179585804216,179.92044993022927,0.3143181227613984,179.60931725434378,1739364930093
125.61353289338325,-469.7400529548967,364.81977073142554,179.92151792198592,0.3144295552034926,179.61066172992173,1739364930102
125.82947013057772,-470.3289320727792,364.6957170780122,179.9203237195375,0.31477361808259685,179.61104367333508,1739364930110
126.05236896144389,-470.93871547183346,364.5906418673058,179.92233085284417,0.31507689316884085,179.61093104564853,1739364930118
126.40033482283961,-471.88295726666985,364.41102068691043,179.92390053862053,0.3153192696576198,179.60933545291522,1739364930130
126.64679385977156,-472.521762671965,364.2767884270725,179.9232234691261,0.3153422732099049,179.6101522066348,1739364930137
126.88922086539358,-473.17431802920504,364.1473537771293,179.92317134541892,0.3152409335454156,179.61090057030486,1739364930145
127.13066293503827,-473.8305255495214,364.01533964596433,179.92284600030965,0.3151828933248435,179.61100364592485,1739364930154
127.3770631023264,-474.4916159629903,363.8825284235836,179.922681952787,0.3150934968963626,179.6101702512911,1739364930162
127.63316707528627,-475.1482174803133,363.7260268523275,179.91985715304162,0.315053060036449,179.6098313820563,1739364930169
127.88984569991723,-475.8008182633295,363.6001266057332,179.92143065112097,0.31493449460856704,179.61077368732086,1739364930177
128.13660078848645,-476.4556787011041,363.4690486001097,179.92319306013675,0.314914812830331,179.61095190174825,1739364930185
128.37644118579485,-477.10614286237393,363.3346880061161,179.92420869247624,0.3149915054531092,179.61002198280897,1739364930193
128.6208836634872,-477.74728879641714,363.2132672214809,179.9266675799031,0.31505289199262615,179.6086954677331,1739364930201
128.8694442758954,-478.36882036133113,363.0802571750127,179.9271194064817,0.3151000488744519,179.60887145687977,1739364930209
129.11077703379257,-478.98046449985696,362.94807911584184,179.92703838689698,0.3151782653105419,179.61000876880038,1739364930217
129.33862285128964,-479.57071040032815,362.8148183053805,179.92640033776752,0.3153295969039165,179.6104932140415,1739364930225
129.5574770571437,-480.1477165736884,362.6888112724088,179.9264155347571,0.3154382188204209,179.61008642782522,1739364930233
129.77117371794668,-480.6960014889897,362.55586900548343,179.92528613622417,0.3154456210739797,179.60893308378346,1739364930241
129.9840570873689,-481.2205757029903,362.446826462726,179.92686874881971,0.3153237029453164,179.60911584791035,1739364930249
130.18758980518695,-481.7208809061234,362.31932631165523,179.92566219229,0.315197911475793,179.6103183180442,1739364930257
130.37401981698986,-482.1946504611913,362.2194793303578,179.9272346910371,0.31515620556580753,179.61122747644725,1739364930265
130.54354285575675,-482.64397894170486,362.1078973988488,179.92636136524627,0.3152290449056886,179.6112576972367,1739364930273
130.7016978380735,-483.0542704668327,362.01206040460585,179.9265174625205,0.31527384737815495,179.61045450700718,1739364930281
130.92106363984263,-483.6178051829896,361.87032285884464,179.92462831667567,0.3152739064144235,179.60875410231912,1739364930293
131.05858401092607,-483.94498961036567,361.7901563710184,179.92420298161812,0.31528921663002585,179.60852981492204,1739364930301
131.18501791903472,-484.24708862533714,361.7165874444051,179.92368901227786,0.31539611073902857,179.60909785010753,1739364930309
131.2974448046906,-484.5219340816707,361.65023461282806,179.9230980884752,0.31556946687657667,179.60985322886722,1739364930317
131.39381109426742,-484.7613917477005,361.59838351674034,179.92372630659509,0.3157058802008565,179.61040533218045,1739364930325
131.4767223587529,-484.9686856451004,361.54705686420067,179.9234782423006,0.31585194461796295,179.61069038529808,1739364930333
131.54724128819552,-485.15067005375175,361.4946293194824,179.92228514494386,0.3159743078716252,179.61080287525544,1739364930341
131.60633546921105,-485.3119843585273,361.4542519374693,179.92211778384487,0.3160479966149224,179.61075917790174,1739364930349
131.65624207060236,-485.4457927015837,361.43209607225464,179.92333560124789,0.3160900010570966,179.6106043746265,1739364930357
131.6979773086172,-485.5510381749504,361.4163875996994,179.92454439678775,0.3161005113032033,179.61038404212087,1739364930365
131.7331842400586,-485.63586120817433,361.40656434626345,179.9260231483691,0.3160753326330149,179.61034976050985,1739364930373
131.76271333129085,-485.7017790829207,361.3985001529107,179.92724125024455,0.31605866391532117,179.6104239305334,1739364930381
131.7857414917817,-485.7522591167981,361.3901654452014,179.92790609118154,0.3160709827778137,179.61040831898936,1739364930389
131.80245103406924,-485.7910691514847,361.37931755059117,179.9278191671629,0.31605608565129284,179.61024721430445,1739364930397
131.81454267956474,-485.81944347880426,361.3693740466471,179.92744985286,0.31604198192497684,179.6101063911725,1739364930405
131.82251534441252,-485.84022875210877,361.36213554352935,179.9271510921872,0.3160087898291871,179.60999411667777,1739364930413
131.82715622595202,-485.8555027318676,361.3551210366957,179.92675965744243,0.31599621854713433,179.60988145055353,1739364930421
131.82489794818255,-485.8670927918063,361.3483939693466,179.92625395247242,0.31598328907753587,179.60919070147395,1739364930429
131.82205070574523,-485.8741346757591,361.3402467191248,179.925402978073,0.31599190050441095,179.60863458592414,1739364930437
131.8190285698707,-485.8727355282886,361.3402621661759,179.92543623295134,0.31599303408726337,179.60813801136877,1739364930445
131.81668161252375,-485.8665028518611,361.34867109911664,179.92640775093167,0.3159761828339099,179.60776953180962,1739364930453
131.8158845647472,-485.86110104593456,361.35687002556307,179.92735926368883,0.31596537185806445,179.60763898073918,1739364930461
131.81648760826187,-485.8589605307883,361.3610841487567,179.92787594511645,0.3159622371950641,179.60770981690212,1739364930469
131.81968912187577,-485.85399337269456,361.3691155617869,179.9288547633837,0.3159430107262919,179.60809593578927,1739364930477
131.83327760444996,-485.8303186027606,361.39981237620833,179.93239652395474,0.3159207760856784,179.60965282441143,1739364930489
131.85119872262257,-485.8170790178336,361.3973341652797,179.9319811365548,0.31591797754690243,179.61164896361748,1739364930497
131.86195844691272,-485.810449544223,361.39244994769024,179.93131996378986,0.31591325438866463,179.61262403525237,1739364930501
131.86984439749446,-485.80653617223317,361.390698789588,179.9308885371761,0.31592559615009025,179.61295596159167,1739364930514
131.8780006883476,-485.79950441224696,361.3897608330224,179.93027800953095,0.3159358754546741,179.6129009905015,1739364930522
131.8888266687593,-485.78671349376134,361.39461579701873,179.92997632198188,0.3159142993640703,179.61253747430544,1739364930529
131.90531308719295,-485.76409906202537,361.40786418607763,179.92999702406223,0.3159256908032746,179.61202372007486,1739364930537
131.929675489468,-485.7269980096668,361.4276618378458,179.92985579801513,0.3159241703148367,179.61146024537757,1739364930545
131.9645804568902,-485.67385931007874,361.45406622506914,179.92947776138257,0.3159452536215751,179.61104427120338,1739364930553
132.0108877239493,-485.60266990320093,361.4885252147012,179.92898303703544,0.31597538364403477,179.61050479414519,1739364930561
132.07226747480348,-485.50964623064357,361.5335590993591,179.9285409594183,0.3159885863317113,179.610231056821,1739364930569
132.14883065363185,-485.3931791560997,361.58927485649633,179.92783090283928,0.3160103599481086,179.6099718884169,1739364930577
132.24315339437143,-485.2491156663544,361.6601649462309,179.9272331282925,0.3160475208462667,179.60992760227523,1739364930585
132.3560273900165,-485.0751641269335,361.7456861499354,179.9268092455062,0.3160939800625799,179.61028780566804,1739364930593
132.4864214051655,-484.8662692016155,361.8532865633219,179.92701978037366,0.31613167948152215,179.6106569122329,1739364930601
132.63594846644884,-484.6204876764883,361.9854475625803,179.92823216157805,0.3161457894175387,179.61132211311647,1739364930609
132.80263897382378,-484.34092542939055,362.12874884960644,179.92842604329385,0.31621217217006264,179.61166943561744,1739364930617
132.99059246970856,-484.0274888497909,362.28386185884614,179.92725757833458,0.3162848183650277,179.61160498835946,1739364930625
133.20138719241606,-483.6764188404082,362.46362665640174,179.926417821692,0.31639359663623534,179.6109202151815,1739364930633
133.44019357241962,-483.28386075497036,362.6733718102666,179.92726983856093,0.31645416817964844,179.60980830013017,1739364930641
133.71195276017488,-482.85760298052037,362.8948346125703,179.9281615065798,0.316503614030349,179.6100102431887,1739364930649
134.00349027787414,-482.39685187838273,363.13651425161896,179.92954032313992,0.316520275922148,179.6110365122942,1739364930657
134.46780487426878,-481.6345497313417,363.50671139086256,179.9267729022981,0.3167493904497626,179.61150729072858,1739364930669
134.8050266259063,-481.0760479524729,363.775944755826,179.92534317602278,0.3169015382171053,179.6104216003334,1739364930677
135.1704253361266,-480.49116717115305,364.0660851754258,179.92557409477175,0.3169344456464268,179.61088841679657,1739364930685
135.54410019873643,-479.8737923102974,364.38165865531255,179.92611872013404,0.3169272297630031,179.61147835090358,1739364930693
135.92879482003278,-479.23123748184605,364.70253487796936,179.92532654165865,0.31696406555563783,179.61020490026897,1739364930701
136.34169236721894,-478.5552266001835,365.0367322950654,179.9261924004419,0.3168804699920188,179.60998756011867,1739364930709
136.76187258957512,-477.85700107041316,365.37963853122466,179.92603804624392,0.316713472694726,179.61077227211106,1739364930718
137.18698853818825,-477.1415360728987,365.73526804395874,179.92542901672866,0.3165022108566926,179.60997895040384,1739364930726
137.6349374998418,-476.40568965825605,366.09863692920186,179.9264893010751,0.3162997158803015,179.61022453313865,1739364930734
138.08521238304672,-475.6490466075794,366.45175583696437,179.9241400335226,0.3160036221885069,179.61148619642844,1739364930742
138.52772657033623,-474.8871927286455,366.82535521882625,179.92423995836256,0.3159486596873426,179.60967123608629,1739364930750
138.99037572136496,-474.1186860936356,367.19950366631946,179.92488804021102,0.31592859958755903,179.60997929908007,1739364930758
139.44323695445635,-473.34250766872884,367.5598510976961,179.92222919303737,0.3158767982880633,179.60997540480363,1739364930766
139.89956753084786,-472.56036528057416,367.92952606568616,179.922428476808,0.31601889369009906,179.60864521405952,1739364930774
140.3608412489823,-471.7824323501986,368.30866495608166,179.92314675511025,0.31609095557109806,179.6097730619341,1739364930782
140.80476703098222,-471.01121423531146,368.68419962633493,179.9234657511851,0.3161660762580403,179.60932338626063,1739364930790
141.2524352670691,-470.24401956125865,369.0414334906337,179.92359896164243,0.3162875109816478,179.6091385351992,1739364930797
141.68904943050492,-469.48298985248846,369.40130118862317,179.92316194891524,0.3163118991942418,179.61034629548755,1739364930805
142.1090832090928,-468.7457968751277,369.7602267467248,179.9247230922226,0.31639667958517664,179.60962924143794,1739364930813
142.73481245057081,-467.66255661739916,370.2629663009652,179.9249263030386,0.3164589413380888,179.61061280324836,1739364930825
143.12261885230407,-466.9650220033956,370.5872476389228,179.92476216419792,0.3165069776159478,179.61021967511152,1739364930833
143.5029596612502,-466.3012064412178,370.89985745132975,179.92597344815152,0.31648419669157135,179.60925921406306,1739364930841
143.8711647464211,-465.6585894451577,371.2064308641232,179.92689149506776,0.31636481349790935,179.61024034634545,1739364930849
144.20851221869054,-465.04679080720126,371.4797551056983,179.92565553563404,0.3162428220189429,179.61010199015138,1739364930857
144.5288681911147,-464.4714021489131,371.73866293129663,179.9259533909173,0.31614850002306144,179.60865856788232,1739364930865
144.84089763484502,-463.92823081388417,371.98099694846445,179.92501141202305,0.31602872646337,179.6093658904752,1739364930873
145.12723723807488,-463.4162688614545,372.2173686701189,179.92417971184258,0.3158306376809973,179.6106811906102,1739364930881
145.37886751440354,-462.9533979930947,372.42512369657965,179.9235307711553,0.3156732953652469,179.61002737156397,1739364930889
145.6156236485238,-462.5203347590813,372.6271853351063,179.92531492535278,0.3156066425054162,179.60877427771212,1739364930897
145.83796942972606,-462.12751130348926,372.7960288001441,179.92484347950352,0.3155442370155611,179.60842703635183,1739364930905
146.04141385250753,-461.7722712176326,372.94448737354367,179.922653320325,0.3154211346902715,179.60946551613125,1739364930914
146.21700311188508,-461.4525837649798,373.091722307813,179.92246448957934,0.3154072426100799,179.61018109702908,1739364930922
146.36844822724677,-461.1754262699031,373.2195635298088,179.92265730135065,0.3154263307828271,179.6105256325935,1739364930930
146.49859770482743,-460.93826804681726,373.32751152526066,179.92294194609337,0.31547374830024133,179.61007065386974,1739364930938
146.61135152350545,-460.734833260167,373.424292688301,179.9239710292313,0.3155288574512658,179.60923769018507,1739364930945
146.707014476659,-460.5568153313805,373.5110388799637,179.92518192372302,0.3155553854763722,179.6082868604052,1739364930953
146.7903265910122,-460.40176659545995,373.5830301428955,179.92569244678393,0.3155426151141587,179.6080785931064,1739364930961
146.86115389432214,-460.27536584815715,373.6390605805541,179.92570540783726,0.3155361915463182,179.60849590161052,1739364930969
146.9190577130063,-460.1745013614807,373.6831090091586,179.92555935215236,0.3155329333821344,179.60922909405807,1739364930977
146.96517032769955,-460.0958543247841,373.7147979456212,179.9250076089655,0.31553680573335663,179.61009459262308,1739364930985
146.99942526671788,-460.0359564914264,373.7361443873989,179.92403457060865,0.31553721919784955,179.61069990688895,1739364930993
147.02424911899038,-459.992555576963,373.74852274034845,179.92278193807513,0.31553166989082526,179.61114801791422,1739364931001
147.0454138161521,-459.9518270044515,373.7583794606879,179.92126461963548,0.3155049237626343,179.61115915496532,1739364931013
147.05200534683786,-459.9369097513328,373.76331163447,179.92083762271616,0.31548800491887846,179.6109874839793,1739364931021
147.0560034705018,-459.92908808566534,373.76861790717464,179.9208821535118,0.3154688232390027,179.6108970549476,1739364931029
147.05554499624543,-459.9270818222565,373.7746106330245,179.921281067466,0.3154874802928204,179.6105008051752,1739364931037
147.05374801709473,-459.93090769192867,373.77267439468955,179.92092660556506,0.3154768695536834,179.61007133088683,1739364931045
147.04966598377536,-459.9389319157583,373.76457452277566,179.91991334408948,0.3154479448260418,179.6094197280181,1739364931053
147.0454655194739,-459.9457571090205,373.7570886706711,179.91899550479968,0.31542904747942,179.60882970788882,1739364931061
147.0432618639477,-459.94829698625836,373.7535385321182,179.9185672707637,0.31541763086415986,179.60853481464633,1739364931069
147.04148004172097,-459.9520449629643,373.745496091637,179.91756816280943,0.31539887913789844,179.60831150170972,1739364931077
147.03698826305495,-459.962800689886,373.72342742816545,179.91487658887243,0.31534277430524965,179.6077109490834,1739364931085
147.02836585877242,-459.9726976452591,373.70178918139,179.91226664855762,0.3152902471379157,179.60662114390263,1739364931093
147.01684313372544,-459.97319465715725,373.69117575508494,179.91108382246594,0.31528559299329834,179.60521952901962,1739364931101
147.01251723338873,-459.96930236680953,373.6786703361457,179.9098878456015,0.3152679254375922,179.6047611454194,1739364931109
147.0097699720987,-459.9699550277126,373.6726925942107,179.9100655517639,0.31526880547250674,179.60458534682758,1739364931117
147.00650400402216,-459.97732252745175,373.66689337829473,179.91137974587502,0.3152863588811075,179.60455748962016,1739364931125
147.00021084868308,-459.99250984040196,373.6527733421039,179.91307724951764,0.31532945352960556,179.6046641484968,1739364931133
146.98804494347075,-460.01936077458834,373.62725109674966,179.91514709510938,0.3153671982837301,179.6049229394213,1739364931141
146.9675146774977,-460.05986790847777,373.5845537583275,179.9170732897134,0.3153859960488248,179.60511183690133,1739364931149
146.93769446307957,-460.1147629215286,373.5212702377011,179.9186326445213,0.3153797704788989,179.60530964817576,1739364931157
146.89834529585931,-460.18643717291303,373.4361263120265,179.91995375533156,0.31538238550982844,179.60547422995975,1739364931165
146.8470039225606,-460.27687707314647,373.3229701662057,179.92044086344026,0.3153382302371304,179.6055941163149,1739364931173
146.78419904493092,-460.3881171932104,373.1807548577194,179.92025754624783,0.31528930275883554,179.60592647011075,1739364931181
146.70893682882155,-460.5247653303803,373.00188583493826,179.91884101997576,0.3151844324326457,179.60646529820607,1739364931189
146.5719246623846,-460.78090009016995,372.6773683579038,179.91822888387875,0.3150680416339132,179.60791004668135,1739364931201
146.46367260108076,-460.97843439517357,372.43114270082634,179.9196073707025,0.31501358558727416,179.60935541227505,1739364931209
146.33940805649218,-461.20110047127935,372.15074487318395,179.92047915287867,0.31495897786795496,179.61056667821404,1739364931217
146.20013025086934,-461.4579979387106,371.82952531210367,179.92184375977467,0.31488319523643615,179.61159752837582,1739364931225
146.04161532009076,-461.75267350350435,371.4595430062847,179.92272103611242,0.3147970881003373,179.61175578038103,1739364931233
145.86259540038571,-462.06947611561486,371.05667692337903,179.92324114971152,0.3147175947871992,179.61117129905278,1739364931241
145.6587809602291,-462.4196086829383,370.61079790922247,179.92433822672837,0.31465394978871175,179.6097927906188,1739364931249
145.43447156859852,-462.8001912900752,370.10281450623745,179.92144938951483,0.3145274752397512,179.60905829515534,1739364931257
145.1977069898279,-463.2076039708405,369.57631177239006,179.92246603257811,0.3144841967540031,179.6099607945871,1739364931265
144.9506650105701,-463.6468892097875,368.997952064643,179.92080480617074,0.31442683490120904,179.61091008478297,1739364931273
144.68904531333834,-464.10847083269937,368.39972207151766,179.92139007609418,0.3144992511015902,179.61086024118828,1739364931281
144.40305844224005,-464.606281916284,367.76280033707366,179.92209983418664,0.3146930686823552,179.60961439814469,1739364931289
144.10108757057606,-465.1183500979596,367.10066233433685,179.9231520273304,0.31510985968072447,179.60972004288632,1739364931297
143.79338836828293,-465.6521463069638,366.3940754039895,179.92236466795606,0.31548444081359256,179.61070797649805,1739364931305
143.4746626084257,-466.19801025373755,365.6686304099819,179.92319210157518,0.31562727467203694,179.61057011762128,1739364931313
143.13411288655664,-466.770820065589,364.9139535686024,179.92333073394872,0.31564126869701264,179.6096343632599,1739364931321
142.78339941464307,-467.356454591569,364.144349454149,179.9237494768134,0.3156084856443104,179.6101691779634,1739364931329
142.43673329801464,-467.94770565633155,363.35815004309427,179.92455743755517,0.3154797166744171,179.61148617625923,1739364931337
142.07619184450832,-468.54914256570754,362.54304294162796,179.92398395424115,0.3152742052023149,179.61089145103762,1739364931345
141.70085262195968,-469.1580527985351,361.7185419093324,179.9234347273303,0.3151366112141754,179.61063741134734,1739364931353
141.33056159156268,-469.7668912182106,360.8976525535977,179.92378891808337,0.31508481479013023,179.61107446605953,1739364931361
140.7750490651857,-470.6812813011696,359.6511184869924,179.92333145784173,0.31497347967131856,179.6101518652838,1739364931373
140.39406314157077,-471.28885989216576,358.81391833995247,179.92245175879683,0.314971571387153,179.6102418608913,1739364931381
140.02530774618597,-471.8875043815366,357.99308669342014,179.92340096418118,0.31504044456629077,179.61075405473588,1739364931389
139.65810875947534,-472.47711786112325,357.18914447306094,179.92517931309362,0.31521019219290236,179.61028960358823,1739364931397
139.28667263713666,-473.06330243322174,356.3883765331536,179.92597091061242,0.31540663681983805,179.61042978167043,1739364931405
138.9307259385708,-473.63419002712163,355.5947830405621,179.92620627945905,0.3155758802480725,179.61150331986855,1739364931413
138.58347637376818,-474.18487493207454,354.8186219103314,179.9268644315017,0.31562746297773936,179.61151184765578,1739364931421
138.22971474898432,-474.7310107482902,354.0626656057482,179.9274524338461,0.31558320761317665,179.61048655972027,1739364931429
137.89873890416553,-475.2516018954293,353.3330569748961,179.92773801741578,0.31559995283448045,179.61170894762478,1739364931437
137.58478489432395,-475.7484898743096,352.62977739957427,179.92759233581415,0.3155465383266,179.61213317888334,1739364931445
137.27905984740968,-476.2231633410122,351.94607697988187,179.9266798580156,0.3154771607826661,179.61146099329682,1739364931453
136.978348886428,-476.67354722023595,351.30424841588615,179.92762046307908,0.31549793205512544,179.6109049560107,1739364931461
136.6993509694663,-477.1005415016726,350.6868906449161,179.9266839009778,0.31559049947132,179.61158327792123,1739364931469
136.44147167393456,-477.49548309509066,350.12096218082087,179.92678326184577,0.31558974011863145,179.61174751349884,1739364931477
136.20219633421723,-477.8679273502832,349.58541093627525,179.92668986510446,0.3155489349473499,179.61136067711018,1739364931485
135.97352464199315,-478.2084871147991,349.093115583898,179.92589334121644,0.31551036991923825,179.6105695522143,1739364931493
135.7567574117279,-478.5228240309384,348.6480227551842,179.9270422083298,0.3155058071320362,179.6101836332575,1739364931501
135.56526612918353,-478.8063750292569,348.22352889800453,179.9245902249966,0.3155168467988984,179.61081150734415,1739364931509
135.39780656058085,-479.0568124074098,347.8546876723194,179.9252283816745,0.315525635312292,179.6113263907585,1739364931517
135.24980713472883,-479.27913402059323,347.52040095195156,179.92428029167513,0.31547810763716544,179.61143697789544,1739364931525
135.12015245079564,-479.47878081716436,347.21790222201236,179.92245526364587,0.31548084529033926,179.61124228419473,1739364931533
135.00667941071464,-479.6555313860211,346.9686529163324,179.9237472011529,0.3154922515416444,179.6111232761434,1739364931541
134.86138040063298,-479.8651655375571,346.6726185944552,179.925446040445,0.3155513000753088,179.6106183877164,1739364931553
134.77942921442803,-479.9763557014616,346.512370119694,179.92566854144397,0.3155827494786413,179.610220457149,1739364931561
134.71001377200116,-480.0722188009185,346.37948821946486,179.9263655033716,0.31560067691828375,179.60986539796988,1739364931569
134.65515834764923,-480.1516419399592,346.26844762985695,179.92708916991148,0.3156126398328885,179.60994987580676,1739364931577
134.6127236835041,-480.2157118883124,346.1774177579109,179.92739748129162,0.315627600944876,179.61017371115415,1739364931585
134.58069429535553,-480.265113332069,346.1073654208847,179.9274951255261,0.31563112161542733,179.61045591864143,1739364931593
134.5584062826016,-480.29979891569747,346.0533547349249,179.9272198552965,0.3156626629913285,179.61080586727778,1739364931601
134.54295377811755,-480.3244851850288,346.01311063509604,179.92673590604213,0.31570986148371666,179.61109259711165,1739364931609
134.53177871917475,-480.3421113673179,345.9816112815051,179.92582647476692,0.31575627313815885,179.6111761972913,1739364931617
134.52364462216502,-480.3534939044142,345.9607536135828,179.92510436689352,0.3157841679253867,179.61111203090002,1739364931625
134.51944040672763,-480.3624030422315,345.951044631961,179.92495081084633,0.3158011293413584,179.61108409297242,1739364931633
134.52296635084394,-480.3667499225773,345.94766664593925,179.9251424392549,0.31579349153230774,179.61174771861874,1739364931641
134.5261033631176,-480.3651586323928,345.9577309135478,179.92672710173974,0.31579380386831396,179.61223049840032,1739364931649
134.53238580654,-480.35841517764817,345.9746047262362,179.92889613491653,0.3158102685834492,179.61300364536675,1739364931657
134.53619437927918,-480.352658003872,345.988105999781,179.93056860381483,0.3158149779977734,179.61345492035127,1739364931665
134.53616434779013,-480.3492024932046,345.9973176178432,179.9316699340039,0.31581409474786076,179.61344773869072,1739364931673
134.53457715342196,-480.3429051368174,346.0150049127398,179.93376384457972,0.3158194403193386,179.61324252189556,1739364931681
134.5305141849396,-480.3331738573497,346.0449340759083,179.93728552961392,0.31582357047019377,179.61276039628592,1739364931689
134.51989855780863,-480.3345327101963,346.05591900870826,179.93845479482815,0.31580817982402826,179.61151079659666,1739364931697
134.50448261291396,-480.3415324919743,346.06417665105215,179.93915519721878,0.31580531745476,179.60970917741847,1739364931705
134.49598422888477,-480.346659047246,346.072615672785,179.93946869118062,0.31581272706392,179.6088260078428,1739364931713
134.48943113933012,-480.3436690443801,346.0747024304177,179.93818594034875,0.31581563846187133,179.60844140850855,1739364931722
134.48318909360023,-480.33441938833585,346.08151326829824,179.93644297827248,0.31583075919378245,179.60845519797329,1739364931729
134.47448547796404,-480.3188492523648,346.098125198233,179.93471626046718,0.31586481377830306,179.608626457725,1739364931737
134.46069717516784,-480.29604752373496,346.12813452373626,179.9330543599643,0.3159076166902412,179.6088425683174,1739364931746
134.4294979485252,-480.24585170640415,346.2045280628293,179.93057582913204,0.3159742643933398,179.6092944809473,1739364931758
134.39891016332876,-480.19818206699847,346.2822738966487,179.92904017257976,0.31604481009169133,179.6094204217963,1739364931762
134.36021755970802,-480.1376409686171,346.3846740145039,179.92751026017325,0.31614421297601375,179.6095802248212,1739364931774
134.31289012182256,-480.0639876111008,346.51311454404686,179.9257143633033,0.31625581416674203,179.60978225277765,1739364931782
134.25604964537933,-479.97809858797547,346.6703094240083,179.92444819938223,0.3163670505745857,179.60999405013948,1739364931790
134.1899328396232,-479.87782567798854,346.85831001125734,179.92407890954468,0.31649766357101344,179.61020320488876,1739364931798
134.11262701040891,-479.76250716870993,347.07803927351574,179.92406356772824,0.3166133494223816,179.61042475689854,1739364931806
134.02357449881393,-479.6258651302091,347.3339088060736,179.92346462007566,0.3167646878447718,179.6106088012722,1739364931813
133.92085085934184,-479.4609185303417,347.6394290005546,179.92364173065053,0.31693265967307027,179.61054743802194,1739364931821
133.801585826288,-479.2833642363625,347.9758547230493,179.92427596097232,0.3170490793390403,179.6101377475835,1739364931829
133.6672030462963,-479.0898966518945,348.3462030284848,179.9242741387812,0.3171698508944124,179.60968954447492,1739364931837
133.51350830834133,-478.87520991146164,348.7627704095542,179.92504491757117,0.3173342124490876,179.60884439794384,1739364931845
133.34715457917937,-478.64112893896726,349.2218063020237,179.92730421971152,0.3174811798707523,179.6088903525499,1739364931853
133.16951559514405,-478.38800701067925,349.70293588251,179.92660893661895,0.3175974076134457,179.60938678850002,1739364931861
132.98497133028374,-478.11203288192957,350.2357234247241,179.92875449378943,0.31764452509026897,179.6102371367565,1739364931869
132.79138741893578,-477.8168074253239,350.7842993274557,179.92754483645237,0.31766878709503654,179.6106562947072,1739364931877
132.58616509185308,-477.4953578420484,351.37643292467556,179.92803166055458,0.3176206176254084,179.6104854003752,1739364931885
132.36412031524958,-477.1607026859951,351.99590670933515,179.92839564308142,0.31741464730985847,179.60984958170678,1739364931893
132.1240306960838,-476.8043042806292,352.640343234751,179.92675802446598,0.3171505746218135,179.60918373388924,1739364931901
131.87623599421994,-476.4353729496277,353.30734370055495,179.9247087917889,0.31678440213738523,179.6097018964277,1739364931909
131.50293764625783,-475.8539682070879,354.36654756707725,179.92343287055635,0.316519432990882,179.61062953149022,1739364931921
131.2480494617242,-475.44700568092406,355.10923171020244,179.92401588490182,0.3165372985030304,179.61052755558075,1739364931929
130.97739012029479,-475.0324418705245,355.86273423329675,179.9241449485777,0.31664536514771885,179.6096895036731,1739364931937
130.7015682820722,-474.60740015205135,356.6218511734428,179.92360605067262,0.31682531932444846,179.61006908359934,1739364931945
130.42978192464938,-474.16963745096683,357.3912783037814,179.9229637874315,0.3168849348575765,179.61099683495218,1739364931953
130.16066542776773,-473.7216377166482,358.1668158376644,179.92210336914687,0.31686133118406734,179.61112325769164,1739364931961
129.8813702387428,-473.28389869929526,358.9322986734221,179.91948833391632,0.3168225299688154,179.60996797605898,1739364931969
129.5967101904753,-472.84197450620525,359.72506572409156,179.92057996039227,0.3167847726178001,179.6094938368119,1739364931977
129.32106948729017,-472.3969329887486,360.5160707220054,179.92212834064836,0.3167411623190575,179.6102776158675,1739364931985
129.0535211365118,-471.95224026534805,361.2902136576715,179.9223780568168,0.31667884732682544,179.61083295435603,1739364931993
128.7849727827505,-471.50314369087033,362.05736457500427,179.922419201244,0.3166846133716647,179.61008587628334,1739364932001
128.51302111314016,-471.06031340271613,362.82130751794637,179.92379689268384,0.3167361857346889,179.60934338667815,1739364932009
128.24906296989357,-470.6270329030785,363.5672653959786,179.9239343028216,0.3168194396685446,179.610118864229,1739364932017
128.00139433107907,-470.20036339999155,364.3018594012998,179.92449031798768,0.3167990842642944,179.61148427175527,1739364932025
127.7596017833198,-469.781838959657,365.01737866168077,179.9254609052047,0.3166097247811674,179.6117598833617,1739364932033
127.51912167805423,-469.37873454568944,365.69894374566525,179.9254238119536,0.31640094058531076,179.61081190689197,1739364932041
127.28398840047342,-468.98484932430887,366.3584400284132,179.92552460084593,0.3162416806854519,179.61061392262982,1739364932049
127.06484017445746,-468.6071762419791,366.97347525503926,179.92340532222545,0.31614721766780235,179.61149585641442,1739364932057
126.8602276952768,-468.2480887637032,367.5606426400295,179.9223607260979,0.31598372523017293,179.61205355755428,1739364932065
126.66811129191439,-467.9069163561059,368.1203763104991,179.92169963632753,0.31590403278119705,179.61174433319667,1739364932073
126.48417086647285,-467.5878791713382,368.65030176487545,179.92150735988645,0.31589609906842353,179.61076287810175,1739364932081
126.30855329548154,-467.2940129438022,369.1506862805423,179.9230120102155,0.31597403083525366,179.60976677631007,1739364932089
126.14342611101934,-467.0162344255373,369.6127864328191,179.9234114737461,0.3160831065403279,179.6092483049511,1739364932097
125.92843076833537,-466.6471046556308,370.2235676661074,179.92402092192697,0.3160740440446751,179.6103141668931,1739364932109
125.80646917765937,-466.4217855991107,370.58492652409535,179.9237961037627,0.31605292233187454,179.61110015329135,1739364932117
125.69861185280429,-466.2257415346429,370.8985372202681,179.92318708708896,0.31606883665967545,179.61161242844554,1739364932125
125.60273054173324,-466.04452174910745,371.1865420037401,179.92266993506118,0.31609220474893446,179.61172076088434,1739364932133
125.51576095798848,-465.88312994324684,371.4471873923791,179.92338666013993,0.3160535316539118,179.6113264524389,1739364932141
125.43750191171007,-465.74635345922434,371.66798242742436,179.92402698213039,0.3159855827851547,179.6106715629302,1739364932149
125.36908031527086,-465.63195456212,371.85322196475977,179.92370853022894,0.31592390951366806,179.61003333681924,1739364932157
125.30971685239153,-465.5343132691928,372.0108012306291,179.9227999103471,0.3158948328506772,179.60940475768524,1739364932165
125.2599479336822,-465.4511299842777,372.1432377306713,179.9220559955365,0.31588053778020314,179.60892961376572,1739364932173
125.21947424555793,-465.38154406177006,372.2586164729774,179.92298487779402,0.315802621814373,179.60867405801037,1739364932181
125.18817438899968,-465.326471386923,372.35536981178404,179.92471802547863,0.3157178604575365,179.60868562720393,1739364932189
125.16700376831305,-465.28423430506496,372.42882394418143,179.92593790708978,0.31566929767910107,179.60919326957298,1739364932197
125.15045546950287,-465.2537223512283,372.4825852910783,179.92665840428091,0.3156539415656757,179.6095816108795,1739364932205
125.13758096458433,-465.232314619886,372.51841123712256,179.92664793917965,0.3156545643487067,179.60976424737092,1739364932213
125.1273051630864,-465.2173767429879,372.5416449066421,179.9262123183193,0.3156338573639905,179.60976599624257,1739364932221
125.12054717593907,-465.20735420399905,372.55292319998614,179.92535996205058,0.3156204318019524,179.60983217000228,1739364932229
125.11974826317434,-465.19926069780536,372.5563033644735,179.92437051857905,0.3156375506078567,179.61027198099106,1739364932237
125.12620684258141,-465.1921108096264,372.5565477792839,179.92341383724727,0.3156562375742947,179.61137509930379,1739364932245
125.13166474157906,-465.18928949498667,372.55188330116306,179.9222458596825,0.31568174167215685,179.61224289797917,1739364932253
125.13734414337519,-465.1922256763402,372.538859662161,179.92030253138688,0.3157269336287191,179.61304308526334,1739364932261
125.14057521270664,-465.19624847375087,372.52741370523273,179.9187530306981,0.3157612686531543,179.61348376842923,1739364932269
125.14216582785481,-465.1982386014853,372.5212647096836,179.91786944993044,0.3157813146838372,179.61368349798434,1739364932281
125.14948578821797,-465.1985477954762,372.5160636191689,179.91718959333346,0.315789363827821,179.61459760941977,1739364932289
125.16551241116395,-465.199825539634,372.503140861602,179.9155991454887,0.31583025431125017,179.6165530511156,1739364932298
125.1726547317545,-465.2064763357973,372.4814158659674,179.91292698860732,0.3158812375110074,179.61731240223034,1739364932306
125.17567008221964,-465.2056433507308,372.4727722375668,179.9118924035843,0.3159193799061181,179.61732646984748,1739364932314
125.1799998915178,-465.2007597157509,372.46410155808417,179.9109300818332,0.3159509795854608,179.61706160974717,1739364932321
125.18822397456186,-465.1966593612164,372.45908143218014,179.91069798725763,0.3159542155921617,179.61664937243873,1739364932329
125.20434489411663,-465.1946097265485,372.4596504180067,179.9117505396305,0.3159115704667692,179.61608385622262,1739364932337
125.23331461235735,-465.19397732467945,372.45581344895015,179.91309342139246,0.31584522773419327,179.61560896261128,1739364932345
125.27679989696838,-465.1959222551537,372.44355088212825,179.91456242369978,0.3157900570842341,179.61505806987984,1739364932353
125.33846878055208,-465.2001978512646,372.42154853484107,179.91613531079386,0.31571132911120003,179.61474273558383,1739364932361
125.41933552404561,-465.2060909862088,372.386005512484,179.9173482146538,0.31562014014381,179.61446983193457,1739364932369
125.52134888412522,-465.2141910855976,372.3367825317912,179.91835757651216,0.3155381544765473,179.61436135572302,1739364932377
125.64452443623279,-465.2251814646017,372.27256083327046,179.91906111488814,0.3154533369852365,179.61443666487216,1739364932385
125.78776799306357,-465.2389882934692,372.191435479436,179.91916520473075,0.3153656746751293,179.6143409593256,1739364932393
125.95302302339,-465.25717791562465,372.0929157432525,179.9188165565598,0.31527466995466535,179.61378123089014,1739364932401
126.14485971054795,-465.2772043602324,371.9808150485147,179.9186381828547,0.31516572449776614,179.6128959483618,1739364932409
126.36584579757077,-465.2981904520586,371.85835280836307,179.91956410574497,0.3150291120658706,179.61121745254528,1739364932417
126.62361157644669,-465.3168098468898,371.72730477951325,179.9216080218925,0.31487691400316575,179.6108821156286,1739364932425
126.90614975777042,-465.3365954609218,371.58715792762973,179.92407062039206,0.3147029896758919,179.6119042726539,1739364932433
127.20221295821024,-465.35814420350545,371.4318336262405,179.9254294439969,0.3145842923233527,179.61267635512777,1739364932441
127.51469208932187,-465.37856618995147,371.2655860240442,179.9261713609672,0.3145157593395934,179.61182815928694,1739364932449
128.02856970952828,-465.4151364126741,370.98673866653564,179.92623500080276,0.31440800146181075,179.61140086498864,1739364932461
128.3849241015639,-465.4473156496354,370.7831685127043,179.926044913776,0.31433737477771445,179.6121314522171,1739364932469
128.74035482619226,-465.47904429658615,370.5756663543249,179.92536232750348,0.31435363486393575,179.61057502040035,1739364932477
129.11049104964263,-465.50194363258635,370.3713024777082,179.92455066112322,0.3143749544860466,179.60957242099673,1739364932485
129.4852412207357,-465.5214552899031,370.16906629144694,179.92439960507662,0.31435330754585783,179.61073275949258,1739364932493
129.84707864653186,-465.54665709268494,369.9690060535426,179.92544381074032,0.3143220753714519,179.61005774154856,1739364932501
130.21270289654282,-465.5715350497727,369.7667926017678,179.92592069172585,0.31434709789169435,179.60909627896493,1739364932509
130.57575002182608,-465.59488716304605,369.55938730308077,179.92454713543052,0.31437192619523335,179.6101319519115,1739364932517
130.91618811064475,-465.6177245090848,369.360535623537,179.92305622007328,0.31444329955718486,179.61038714302344,1739364932526
131.24486066810877,-465.63689472993065,369.17849737033583,179.92336648218367,0.3145060314412374,179.60911165969617,1739364932534
131.56463772693118,-465.6526985236257,369.01139123299265,179.9247570648593,0.31455571728008475,179.6091467727696,1739364932542
131.85991189975408,-465.6689462357036,368.8541836680828,179.92569201177113,0.3145883308788298,179.60994645125257,1739364932549
132.12651819424528,-465.68608893441746,368.7047809098448,179.92535788143942,0.3147137699113994,179.60987838117808,1739364932557
132.37096246074287,-465.70264658141093,368.5649034821585,179.92438639109545,0.31490027556465455,179.60850117810406,1739364932565
132.59885868099823,-465.71844045792994,368.4353612599731,179.92326837359784,0.31503378705587387,179.6083030919729,1739364932573
132.80410737708561,-465.7322662299143,368.3222148271729,179.92292696774587,0.31511702847405937,179.60947173069346,1739364932581
132.97648732759373,-465.74431153646145,368.23058441494067,179.92374292673756,0.315199028016964,179.61061744042166,1739364932589
133.11723165317898,-465.7549983642473,368.1550323495536,179.92463910519052,0.31536334179065856,179.6111522488811,1739364932597
133.23337992105263,-465.762276219647,368.0928210930347,179.9252496798031,0.31553658395582623,179.6111285682921,1739364932605
133.3252981391004,-465.76829831993683,368.0430280044515,179.9257367525056,0.3156666575502026,179.61051813792258,1739364932613
133.3980237226797,-465.7719945388321,368.00410263758783,179.92594200229328,0.31573316606917684,179.60962570191438,1739364932621
133.45578707267404,-465.7741294042955,367.9719090472314,179.92567619265134,0.3157683368032721,179.60909364747465,1739364932629
133.49974282291447,-465.77542538424115,367.94864291932925,179.9255363602205,0.3158064877841054,179.60875310886587,1739364932637
133.53272567515543,-465.7759150086136,367.93256012774384,179.92547404004395,0.31583278988535424,179.60882692076956,1739364932645
133.56280564050104,-465.77862804198173,367.9224386626076,179.92586330350443,0.3158503450717138,179.60908912797748,1739364932657
133.57431182059977,-465.77995429282186,367.9208875400993,179.92623117228106,0.31585406804836175,179.60939314371595,1739364932665
133.5798383333966,-465.77708734667436,367.92908035834984,179.9275604289041,0.3158450174534711,179.6094937257525,1739364932673
133.57616306006875,-465.7747832031491,367.9392164365844,179.9289662856896,0.3158383537239397,179.60878691277318,1739364932681
133.56900224690185,-465.77292356180817,367.94908386957815,179.93027786817913,0.3158264046127474,179.60782844638692,1739364932689
133.56350871382367,-465.7724070601646,367.95375179062484,179.930882975326,0.3158311675514501,179.60714509231076,1739364932697
133.5639426495523,-465.77206305355895,367.95223452186036,179.93069952951413,0.3158256725104906,179.60723235741833,1739364932705
133.57101512444137,-465.77075373622,367.94518001949325,179.92983620133614,0.31583024311184266,179.60811103796544,1739364932713
133.5872712220124,-465.7669264844866,367.92765588919764,179.9276946190655,0.31584228599545106,179.61008343907736,1739364932721
133.59779911248586,-465.76408526568406,367.89565652893197,179.9239483410871,0.31586364799860434,179.61129037648936,1739364932729
133.6065664902849,-465.76958325372175,367.8632107186269,179.92036333963682,0.3158761984096014,179.61195977077116,1739364932737
133.61761926000915,-465.77265245742325,367.8398927494625,179.91814148232348,0.3158868893984467,179.61229544017365,1739364932745
133.6321966252627,-465.77123954772514,367.82424820049806,179.9172951589322,0.3158687809884151,179.61228917795484,1739364932753
133.6541466590503,-465.7664705658269,367.81130700343556,179.91742914827168,0.31585520427037767,179.61217502179963,1739364932761
133.68646603482517,-465.7599031091576,367.79683255766537,179.9184455755483,0.31580847279545515,179.6119152846912,1739364932770
133.73347825839338,-465.75009535070126,367.77605146291984,179.91982686779934,0.3157653478148985,179.61179870068986,1739364932778
133.79850301378286,-465.7350397582066,367.74376407073936,179.92098119154835,0.3157231313465731,179.6121749020894,1739364932786
133.88179265652184,-465.7162047795332,367.697467242838,179.92187049141754,0.31567858015590494,179.61234142383364,1739364932794
133.98621921780867,-465.69380210621676,367.63591374376904,179.92263047219066,0.3156084598081635,179.6126504513843,1739364932802
134.11251475199242,-465.6677863608697,367.5572369973376,179.92322581201833,0.3155523423788045,179.61286237051635,1739364932810
134.342691309293,-465.6221986023494,367.4030695670883,179.9241489999851,0.315427353569786,179.61259619532373,1739364932821
134.52771942367008,-465.5861595097698,367.27469354285637,179.9244951142882,0.31533790664442884,179.6118108956738,1739364932829
134.74483072971125,-465.5410966937147,367.12337507055673,179.92411668528644,0.31524959020498483,179.6105228136932,1739364932838
134.9979333428793,-465.48626482626526,366.95077925361164,179.9229351436547,0.31519022986112094,179.6097126201051,1739364932845
135.28610544860254,-465.42490055743144,366.7604347045372,179.92144832370732,0.3151293193487277,179.61084457958302,1739364932853
135.5924029555057,-465.36330588168653,366.55652059806266,179.9207643010649,0.3151148159218383,179.6117453203086,1739364932861
135.91625116779966,-465.30231636878244,366.3419630333898,179.92174545807464,0.31516976693293175,179.61090691209031,1739364932869
136.27592443459847,-465.2315719505585,366.1171618032596,179.92323586317906,0.31521228176413363,179.6106837068347,1739364932877
136.64888977830637,-465.1521126562932,365.87527041495605,179.92320374706367,0.31524893745968047,179.61094333353714,1739364932885
137.03139189648658,-465.06738294709066,365.6196396697556,179.92319032751567,0.3153321018378661,179.61080270108576,1739364932893
137.43365254142842,-464.9786030364961,365.35652228186797,179.9241582395734,0.31545738485488467,179.60981745946714,1739364932901
137.85202406559242,-464.885962088634,365.0901016985478,179.92460816046068,0.31552057677100065,179.61067247623006,1739364932909
138.26458446748305,-464.7964424672695,364.82182710142035,179.92481230085062,0.31560222215338946,179.6106492841112,1739364932917
138.685518593565,-464.7077235702774,364.5531223275654,179.92631618199937,0.31569243485463144,179.60945446712722,1739364932925
139.11304178381715,-464.6118645277243,364.27283874792215,179.92606594743506,0.31572054216303597,179.61033199716502,1739364932933
139.52499893184475,-464.5193887932651,363.9892311394088,179.92452069378962,0.3157514236897854,179.6099440131263,1739364932941
139.94132177698765,-464.4316061500269,363.7162855871142,179.92467144319963,0.31579841354940114,179.60947509585174,1739364932949
140.3421678874297,-464.3469968187393,363.4530574248725,179.92527955442037,0.3157620270884374,179.6099119083145,1739364932957
140.7218131067761,-464.26151319201966,363.1990377877668,179.9246941724939,0.31574713462619197,179.60954308433605,1739364932965
141.09418554805998,-464.1723199609064,362.95554523002943,179.92486016930792,0.3157807572629389,179.60897869814218,1739364932973
141.4479537898351,-464.08966267710963,362.7292513204522,179.9262781813488,0.31577493485541436,179.61001922358983,1739364932981
141.9188782424904,-463.9809317585719,362.4173670508028,179.92650301888003,0.3157832139847611,179.6100583581597,1739364932993
142.20893060916114,-463.91447442427136,362.2323671398235,179.92647953942753,0.3157606148377802,179.60939200988005,1739364933001
142.47895333563167,-463.8539358750934,362.06463588993944,179.92742239970968,0.3157130908356401,179.61010666055157,1739364933009
142.71341174661615,-463.80211375417133,361.91302185534545,179.92840186974215,0.315709806075489,179.61066615479461,1739364933017
142.91564749764555,-463.7560482472503,361.7738963070833,179.9282107174972,0.3157513216218572,179.6107901752599,1739364933025
143.08856604645106,-463.71385091949463,361.6470768594456,179.92651190108546,0.3157645021617743,179.61003709785103,1739364933033
143.2384533184092,-463.67637849208444,361.53637095927866,179.9243113177223,0.3157308607277502,179.60909562128856,1739364933041
143.36623404297316,-463.6457286924248,361.4455678213207,179.92260482182994,0.31568225809196676,179.60870883925236,1739364933049
143.47297805788475,-463.620870601382,361.3772412100166,179.92205993736923,0.31564947215940475,179.609285978555,1739364933057
143.55625221365747,-463.6024852431125,361.3248765998338,179.92204130454948,0.31564250788968834,179.6099789959171,1739364933065
143.6190360484753,-463.58872492007873,361.28813428529594,179.92262780102428,0.3156420087006871,179.61063784430627,1739364933073
143.662456103585,-463.57921003594123,361.26275691788794,179.92344922014203,0.3156545276298001,179.61085125463165,1739364933081
143.69226964341794,-463.5727282744855,361.24560525414364,179.92423148368619,0.31566059754153963,179.61090910884633,1739364933089
143.7117451642868,-463.568172780372,361.23442123894495,179.92484312935485,0.3156705861925039,179.61081631795352,1739364933097
143.72403499680695,-463.56243116837686,361.23275165140956,179.9258133749417,0.3156871440800045,179.6107791983029,1739364933105
143.73071294491967,-463.556475815571,361.23906451821307,179.92722199633323,0.31572235870100823,179.61068069621817,1739364933113
143.7333218044668,-463.55284413425096,361.2501816925211,179.9288435853694,0.31575553279684065,179.61047755778958,1739364933121
143.7294025703077,-463.5525932180752,361.26032432408994,179.93018775355068,0.3157841861934384,179.6096961364624,1739364933129
143.72390490454407,-463.55398599501166,361.26679238238444,179.93098886770022,0.31580381164324794,179.60885103076563,1739364933137
143.7203015711692,-463.55551501025366,361.2684258425414,179.93119236146458,0.31582025677817965,179.60834914943743,1739364933145
143.71882833164028,-463.55812379931854,361.264746917773,179.93071647232657,0.31580418267023613,179.60813582565478,1739364933153
143.71893579355583,-463.56540666544873,361.25062973176443,179.9289693097136,0.31578396901134087,179.60810541186498,1739364933161
143.7192963454965,-463.58184697760237,361.22150340931273,179.925400712313,0.31572028366982563,179.60811194053093,1739364933169
143.71975169501906,-463.592836103898,361.21043668652584,179.92410919333037,0.3156970964153167,179.60813817132075,1739364933177
143.72061224790494,-463.60543194851897,361.20477202615723,179.9235994012117,0.31569126582252793,179.6082226256759,1739364933189
143.72094254280216,-463.61354438188124,361.1986886237344,179.92348408473845,0.31567309059529663,179.60825832474916,1739364933197
143.72114662348088,-463.62506147323967,361.1886798201431,179.92357238401917,0.3156931425251645,179.60826984079554,1739364933205
143.72130014032396,-463.642028014085,361.172297208468,179.9235318410952,0.31568334764542305,179.6082691150978,1739364933213
143.7214670162724,-463.6678320458785,361.1488493005135,179.9235186069293,0.31566273529260624,179.60824860966844,1739364933221
143.72153901724704,-463.70437797116034,361.1189001340126,179.92370959633993,0.31562533845679114,179.6082086512316,1739364933229
143.72176683398766,-463.7543078080237,361.0797281226802,179.9239618964448,0.3155998388179943,179.60819466159433,1739364933237
143.72179520503346,-463.8208192548987,361.03029727007066,179.92436391189167,0.3155568835490269,179.60811051221552,1739364933245
143.72061741347525,-463.90438141726906,360.96780945276237,179.92467105669252,0.31551246611062767,179.60788604950648,1739364933253
143.71775532000146,-464.00618970624606,360.8878034806905,179.92416274579344,0.3154549942581456,179.6074503619459,1739364933261
143.71420503323512,-464.1278384416594,360.79328111776675,179.92355281300217,0.3153927647636454,179.6069343998741,1739364933269
143.7104206653874,-464.27058808421543,360.6830187822359,179.9226716332455,0.31532208428464475,179.60644617877125,1739364933277
143.70918047553062,-464.4381793128429,360.55205509775226,179.92115897481935,0.31525278169393056,179.60634906508577,1739364933285
143.70926173894782,-464.62975977818553,360.4051127675795,179.92017750117506,0.3151813736419126,179.6065096771727,1739364933293
143.70890083824705,-464.8408420901001,360.2555831217955,179.9214466830223,0.3151730513445903,179.60673358158726,1739364933301
143.70822114135086,-465.0695816117089,360.09603465632784,179.92359342637593,0.31521623313318314,179.60705684229444,1739364933309
143.70668894060745,-465.31778241597175,359.9157444205931,179.92445671994554,0.31520410892480594,179.60739828418005,1739364933317
143.70466315509285,-465.5867887847818,359.70922645829774,179.92296835520182,0.3151814843201678,179.60772064928972,1739364933325
143.70247980952965,-465.86366694549093,359.5010423970094,179.92256136705512,0.3151775353768256,179.60810868567722,1739364933333
143.6994990116797,-466.15393303334525,359.2818708400503,179.9227731418924,0.3151977442532793,179.60841891362733,1739364933341
143.69589180303413,-466.4578855855792,359.04634106578504,179.9221832809256,0.315181903610881,179.6086622447404,1739364933349
143.692342393465,-466.7652643321478,358.8125550565322,179.92185814570715,0.3151875319447109,179.60886674423347,1739364933357
143.6879585994172,-467.0742313505251,358.5787099418574,179.921587211985,0.31521981062346716,179.6089765896447,1739364933365
143.6847256833744,-467.39119470010814,358.3318810761164,179.92087385012962,0.31528729679012574,179.60916469069141,1739364933373
143.68123580935796,-467.7051789694582,358.10015297558215,179.92237649414864,0.3154041673144126,179.60935694886314,1739364933381
143.6754290858776,-468.1686787056266,357.75079470049286,179.9223187938893,0.31556878964341545,179.60954922623412,1739364933393
143.67141918783895,-468.47353447630496,357.5244005207298,179.92265206218073,0.3156488053526227,179.60964022335708,1739364933401
143.66771953838523,-468.7714888007818,357.3165899722815,179.92562271907204,0.31575364328823885,179.60975125523606,1739364933409
143.66417163676286,-469.0545512271103,357.1079805330815,179.92676433357775,0.3158358675026922,179.6098365924336,1739364933417
143.660395524833,-469.3236126131077,356.8985039976553,179.92571707544693,0.31585695914540307,179.60987625347502,1739364933425
143.65631003004458,-469.5730770007551,356.7128805814873,179.9263079068319,0.3158847805458484,179.60987995179966,1739364933433
143.65315123763688,-469.80484768778376,356.5326096217655,179.9264841348152,0.31587056154943277,179.60999025873755,1739364933441
143.65037252631717,-470.0220578715965,356.35730958410346,179.9256608799732,0.31581886948231,179.6101058199948,1739364933449
143.64738182372076,-470.2189225123601,356.20447421858495,179.9255100289683,0.3157765923358574,179.61015126049423,1739364933457
143.64551516322916,-470.387800117041,356.0729221953015,179.92543990825428,0.3157695794371235,179.61030930465301,1739364933465
143.6465283673759,-470.5337769521742,355.95526703788516,179.92470997482314,0.31573329766170216,179.61076498642186,1739364933473
143.6477623505712,-470.6637771586543,355.8518638418028,179.92412226531118,0.31569225999568584,179.61118475532885,1739364933481
143.64892245946965,-470.77844153030566,355.7618006231757,179.923690370735,0.3156660927674919,179.61156096767021,1739364933489
143.64991904851968,-470.8727420191759,355.6883657691362,179.9236995079492,0.31567063482009544,179.61186179427656,1739364933497
143.65069673484132,-470.9491611548987,355.63134446820555,179.9242657965698,0.3156642678041553,179.61210742558316,1739364933505
143.65127311689884,-471.0067440804101,355.588852200109,179.92491311498054,0.3156823030023106,179.61231712200595,1739364933513
143.65174948794967,-471.049925840941,355.55749425914365,179.92541736367144,0.31568951857279015,179.61248164487608,1739364933521
143.65195558713913,-471.082579391939,355.53572180530205,179.9259145365283,0.3156970723512996,179.61259287849927,1739364933529
143.6521771460252,-471.105505235299,355.5199958159052,179.92619388880192,0.31569988727198317,179.61267516927933,1739364933537
143.65204336956316,-471.12041928841916,355.5080952365753,179.92608550017366,0.3157276215541279,179.6127336612647,1739364933545
143.65128569887807,-471.1276885787215,355.49621299261315,179.92545371701158,0.31572187613160557,179.61269713371996,1739364933553
143.64861878415368,-471.132494182487,355.4847108550911,179.92457014843856,0.3157228135286098,179.6124027302479,1739364933565
143.6476442077499,-471.1323105648025,355.4843828767425,179.92459728254136,0.3157437411736492,179.61230717936763,1739364933570
143.6446039567608,-471.1248601267197,355.4986673251721,179.92635782897852,0.31578477149253437,179.61197707765447,1739364933581
143.6422845936418,-471.12075784070265,355.5082941772032,179.92751331712705,0.31582043598229936,179.61171866460228,1739364933589
143.64023446434533,-471.1209269788228,355.5112485310944,179.92785997045087,0.3158399275382548,179.61148967024386,1739364933597
143.63396919029785,-471.12422901846276,355.51578743191646,179.92841754300105,0.31584075028342024,179.61074527080166,1739364933605
143.62081667403555,-471.1315691579562,355.5315884963264,179.93031404549424,0.3158815728566511,179.60915952646846,1739364933613
143.60136294553706,-471.1400116708631,355.5578443927642,179.93338032411597,0.3159283714335401,179.6069016995669,1739364933621
143.59220972122006,-471.13889294961655,355.5839616932589,179.93628442730096,0.31598545925597,179.60610516663397,1739364933629
143.5864658308394,-471.14013842063775,355.59986481945583,179.9375730347246,0.31598944413807034,179.60609053791936,1739364933637
143.58124836181273,-471.14497751213565,355.60935428294187,179.93744981205157,0.3159853448937172,179.60652787548287,1739364933645
143.57324596524776,-471.14996941324057,355.6197948494071,179.9364325637119,0.31600056896880585,179.60727322567536,1739364933653
143.5578384885,-471.1566027530531,355.6339179440207,179.93444827336924,0.31598180140719573,179.60800284057729,1739364933661
143.5323362597909,-471.1677214362968,355.66003798399515,179.93238793166785,0.31596258321022325,179.60851240657468,1739364933669
143.4944735369772,-471.1825568091427,355.7048054077194,179.9306672765953,0.3159731720202362,179.6087664679535,1739364933677
143.4419023108667,-471.199638010676,355.7686358886207,179.928723809667,0.3159827625092281,179.60875923275609,1739364933685
143.37307781171992,-471.22122469811154,355.85577309036296,179.92715816980515,0.3160061822463098,179.6087521918671,1739364933693
143.28577898221116,-471.2466575080723,355.9686354197039,179.92600607499824,0.31606025387473263,179.6088153812581,1739364933701
143.17968064042893,-471.2771124817781,356.1117302988195,179.92574503810283,0.3161244601233054,179.60916985887332,1739364933709
143.0559800950172,-471.3116350671629,356.2843221076844,179.9260702361761,0.31620912017244485,179.61017567591577,1739364933717
142.9128272762192,-471.3495626799103,356.4851144559475,179.92575578774742,0.3163223092373463,179.61122822842398,1739364933725
142.74734485506517,-471.3890825962636,356.717079300274,179.92385014531874,0.3164122137775591,179.61195744832497,1739364933733
142.55771207282388,-471.4381050330279,356.9910419519495,179.92333029879154,0.3165201283295441,179.6120500030195,1739364933741
142.3400961110343,-471.49749624196215,357.3094270920929,179.92510272090726,0.31665383131581176,179.61145923653407,1739364933749
141.953439041047,-471.5935248216801,357.83574600141037,179.92364519942618,0.3168071825083181,179.61004810553342,1739364933761
141.6674434015952,-471.66898327983705,358.23123971853545,179.92445623030181,0.31694895988799515,179.6105009353303,1739364933769
141.36500537063768,-471.7504797680799,358.6596103357181,179.92425768186197,0.3170210280602182,179.6107473322023,1739364933777
141.0480460722623,-471.8353903090006,359.1071256138055,179.92413353666285,0.3170717452485154,179.61038565494138,1739364933785
140.7021806604301,-471.9250851963403,359.578968148553,179.92309461382007,0.3171582044678709,179.60955103685555,1739364933793
140.3430096101874,-472.01935307573626,360.08520218850595,179.92441231700187,0.31728427007953436,179.6103762512289,1739364933802
139.9773223129521,-472.10613940079713,360.6070600327668,179.9243126211296,0.3173240677206754,179.6110200912111,1739364933810
139.59347597180889,-472.1996754383393,361.1510470232466,179.92622928334575,0.31734558447912725,179.6102062405905,1739364933818
139.19588422881978,-472.29153756915406,361.690928278343,179.92467356621847,0.31737613078101773,179.610474485232,1739364933826
138.80451218853347,-472.38951238369106,362.24028912588886,179.9243283437442,0.3173259010376954,179.61159341777545,1739364933834
138.40491349092036,-472.487409486353,362.7983577291495,179.92454382866026,0.317198912195132,179.61114228529735,1739364933842
137.99456323500976,-472.5812928968519,363.35410552395285,179.9227212851079,0.3170577667426682,179.61095015040567,1739364933849
137.59997530204396,-472.6677875686902,363.9207961235109,179.92296766560187,0.31681282275897166,179.61198197464816,1739364933857
137.00521030016137,-472.7983380115393,364.7552593263714,179.9229522504533,0.3163900785115877,179.61076311715854,1739364933869
136.61569191228472,-472.88703466496196,365.296304588149,179.92244857415602,0.31617193179296355,179.61095086442873,1739364933877
136.245308941124,-472.96655559390445,365.8135041881463,179.92060304859888,0.3159403764074385,179.6118394694317,1739364933885
135.87666514027853,-473.049301186917,366.3276064626056,179.92108970386565,0.31573073600858165,179.6105670367815,1739364933893
135.51983534229097,-473.1216316957093,366.8128732534363,179.91989114390023,0.31568966871787907,179.61067105523674,1739364933901
135.19416924231075,-473.19171154998867,367.2919646619812,179.92208468132063,0.3156548798074744,179.61200895867293,1739364933910
134.88449699490081,-473.25370992545027,367.72892502063655,179.92153264854613,0.31564611910959667,179.61170795781845,1739364933918
134.58638215773354,-473.3183474191906,368.13634989124813,179.9223892528893,0.3156909068717495,179.61046047332619,1739364933925
134.3147127740634,-473.37757968945334,368.51599095881284,179.9221450107403,0.3157934136970298,179.61114063784566,1739364933933
134.073206663327,-473.42795449155983,368.85538612147917,179.922099214237,0.3158616111383014,179.61202166322514,1739364933941
133.855854936856,-473.47040656181014,369.15945998682565,179.92124299224238,0.3158802782224382,179.61194017274698,1739364933949
133.65791347002207,-473.50929520569946,369.4355057342956,179.92082447803008,0.3159422713947331,179.61085350241086,1739364933957
133.48014357530616,-473.54689043646096,369.6844204092452,179.92238404047154,0.3159901636338473,179.60967125710286,1739364933965
133.3250089312003,-473.5788210293684,369.8960972251804,179.92350957181716,0.31602541817247665,179.6089519259214,1739364933973
133.19666564356666,-473.59984198878834,370.0716765878601,179.923113565627,0.31607794267103817,179.60918746179647,1739364933981
133.0993600741947,-473.6132960108589,370.21618171832125,179.92275047073156,0.31606912121368,179.61063186921504,1739364933989
133.02107082622973,-473.6270603907551,370.33375006783973,179.92299771726599,0.316058626778393,179.61160905957206,1739364933997
132.95922767857883,-473.6383649653398,370.42762379648923,179.92358531481997,0.3160610103099315,179.61212901462488,1739364934005
132.91039248280728,-473.64946543835407,370.5011310931178,179.92420251490046,0.31604700547815096,179.6122157289089,1739364934013
132.87295419989468,-473.6586983047187,370.5586128214352,179.92483176998047,0.3160418430109177,179.61213143343818,1739364934021
132.84455853513637,-473.6663369563072,370.6010777480986,179.9252635372542,0.31601522323080533,179.61189095392922,1739364934029
132.82402875642512,-473.67156018003845,370.6293577078059,179.92530931839906,0.3159915572113341,179.61163125229712,1739364934037
132.80423422302948,-473.67662236953305,370.6525396407184,179.92497932804187,0.3159420781291449,179.61119069834947,1739364934049
132.7972872834534,-473.6815532925544,370.6529643990346,179.9238947553121,0.31591260186180065,179.61102297203468,1739364934057
132.7979703382723,-473.68487611009704,370.64779741031373,179.9226386917578,0.3158815208415769,179.61150306892256,1739364934065
132.8031802989242,-473.6843532662316,370.6360300808357,179.9208178140077,0.3158827969787186,179.61235176221794,1739364934073
132.80851388954645,-473.68259569054356,370.6255729526275,179.91932937801258,0.3158816625592897,179.6130922994569,1739364934081
132.81029445592714,-473.6812700236861,370.6200626021355,179.9185475436884,0.3158683415267234,179.61334675708596,1739364934089
132.80878306685474,-473.68205063494327,370.6162729831037,179.91803732111453,0.3158448909868934,179.61316733582285,1739364934097
132.8004013592902,-473.6895726710276,370.60145008188834,179.91623533127242,0.3158202516779335,179.61216425404515,1739364934105
132.78333180619418,-473.7046716230074,370.5708694101062,179.91255739978521,0.3158190678440848,179.61015054436663,1739364934113
132.77258747191286,-473.70765570015544,370.5536925831404,179.91051238221522,0.31582113947532997,179.60910460747732,1739364934121
132.76322151230778,-473.70469571270417,370.53763611277634,179.90874147202894,0.3158325370498881,179.60858925374257,1739364934129
132.75274841817105,-473.70660576770956,370.5313000082025,179.9085709216466,0.3158204999969165,179.6084817132451,1739364934137
132.73760016617678,-473.7167998401268,370.5284480956055,179.90972970213156,0.3157900695823286,179.60850489138062,1739364934145
132.71587071955977,-473.73495363690836,370.5216955844519,179.91162146797203,0.3157727496636853,179.60870048691322,1739364934153
132.68296564758177,-473.76373963536696,370.5054314675892,179.91384670068064,0.3157289138971614,179.60890771197396,1739364934161
132.63587500920062,-473.8063475965233,370.47213594807386,179.9157952257819,0.31569428977906666,179.60898478602746,1739364934169
132.5712659482428,-473.8629617048401,370.4198748947322,179.91733939498255,0.31562971909737697,179.60890972219613,1739364934177
132.48656483404906,-473.9371135177813,370.34280045686165,179.91795054291953,0.3155707718759846,179.6085829730227,1739364934185
132.37743944489398,-474.0321497929629,370.24119624234055,179.91808064526361,0.3155115001054557,179.60809263652342,1739364934193
132.24460409090352,-474.1468990462703,370.1115535907214,179.9172202602244,0.31545102681338927,179.6076198191914,1739364934201
132.0883739167629,-474.2822940858185,369.95932616918265,179.9167462188911,0.3153683775681121,179.60789493476935,1739364934209
131.91148141710462,-474.438407480366,369.786578709525,179.9175086233864,0.31527253286990425,179.60927216957242,1739364934217
131.71085877590866,-474.6172721272985,369.59356386646715,179.9195929746053,0.31514549171698336,179.61091551826524,1739364934225
131.3583549501927,-474.9299184735149,369.2527225358212,179.92171126558821,0.31497956326026383,179.6117567411032,1739364934237
131.08253864036175,-475.1717032764597,368.9881127491136,179.92210375948497,0.31487953841789,179.61076379626988,1739364934245
130.77266354455654,-475.4429458111282,368.69623351512894,179.9231773931012,0.31477726282314133,179.60967853445007,1739364934253
130.45120799394277,-475.7236184253902,368.38901889874376,179.9242974385496,0.3146576965881949,179.6108303140493,1739364934261
130.1195260037082,-476.0122298125116,368.06523617555234,179.9249250884864,0.31452618823004613,179.61158773221032,1739364934269
129.75987784032392,-476.32367356764325,367.715253069919,179.9255603660297,0.3144166854517952,179.61037831236305,1739364934277
129.3832090157855,-476.64667074722803,367.34284655602664,179.92403709748294,0.3143806938348847,179.61010451521966,1739364934285
129.00882395084008,-476.9673518913837,366.9703145064099,179.9237038958828,0.31441424203783036,179.6111616872383,1739364934293
128.62821007599064,-477.2907699411825,366.5890149272885,179.92316818763018,0.3143907986489621,179.6107840541679,1739364934301
128.2330047186575,-477.6224905203125,366.1952014267164,179.92059310308676,0.31442274456177055,179.6098618652149,1739364934309
127.84907246903416,-477.95121082449714,365.82629669675237,179.92233452089525,0.3144387151243274,179.6113834416402,1739364934317
127.47023643490083,-478.27112497833355,365.4678465983685,179.92377328938971,0.3144667945803151,179.611623199856,1739364934325
127.09242390239325,-478.59216729584773,365.10694291777185,179.92432944820897,0.3145088452653244,179.61098562415717,1739364934333
126.72747224245093,-478.9032013217592,364.7620639356718,179.9259405415576,0.314591841860997,179.6118770863838,1739364934341
126.38676524256768,-479.19025196338623,364.43780267371255,179.9271126149827,0.3147101067225016,179.61230425093538,1739364934349
126.05932225530697,-479.4657845267146,364.12008474083495,179.92769837903757,0.31487431751005657,179.61132384365206,1739364934357
125.74287412800028,-479.7312154749801,363.80652461544287,179.92600841595444,0.3151376951927904,179.61036390093173,1739364934365
125.46029119874427,-479.96976339865967,363.5223584926734,179.92463378878605,0.315414682984078,179.61130532877144,1739364934373
125.20634776329106,-480.18177144835886,363.27311160525704,179.92553432362266,0.315556926733544,179.6120221827605,1739364934381
124.97506155088504,-480.3724979792791,363.04446912738683,179.92589478406302,0.31566274741140904,179.61137725223034,1739364934389
124.76148017309866,-480.5463569013431,362.83466313309157,179.9246033009394,0.3158110088855733,179.6102545591332,1739364934397
124.57704434763023,-480.6988574032161,362.6501755651504,179.92271921831843,0.3159573637057434,179.60995676518723,1739364934405
124.35571085869253,-480.88264418491144,362.4376828980998,179.92267838289388,0.316019656385638,179.6107548303001,1739364934417
124.24846289483985,-480.9746058360239,362.33405652829356,179.9239759839131,0.31596171447355015,179.61180716174445,1739364934425
124.1637379949321,-481.04679725467986,362.2534310224097,179.92510710055964,0.31591366463715065,179.61238982031722,1739364934433
124.09597879869268,-481.1039576765958,362.19149602251866,179.9260344946988,0.3159133656651203,179.61227488335913,1739364934441
124.04532278090204,-481.1454410695285,362.1460960354227,179.92663828065534,0.3159308536172209,179.61211317332535,1739364934449
124.00850130287283,-481.1746045959748,362.1117428631242,179.92669555089577,0.3159413728357046,179.61194784855743,1739364934457
123.98125317223841,-481.19488278171616,362.08845929092183,179.92662224809402,0.3159242915826937,179.61158818353806,1739364934465
123.96355508280828,-481.20820871834434,362.0725488743512,179.92640820580343,0.3159312805803927,179.61135734958984,1739364934473
123.95191518271128,-481.21828231533755,362.06671021397733,179.92663889025903,0.3159306777442533,179.61112803023454,1739364934481
123.94489061295,-481.2251011874374,362.064816201509,179.92693477787702,0.31591767151100647,179.61100397335753,1739364934489
123.94829351493851,-481.22309265581526,362.0738232542132,179.92831011251144,0.3158893764023427,179.6118258904134,1739364934497
123.9567635102103,-481.2163389740931,362.08727007581905,179.93001043364382,0.31584935821636334,179.6130385694027,1739364934505
123.96354793074198,-481.2107104051326,362.09681754493096,179.93116608496805,0.3158161007148551,179.6139154276337,1739364934513
123.96699971942935,-481.2098188827868,362.0960003987206,179.93107151009724,0.31583215894445255,179.6143499273212,1739364934521
123.97366045964327,-481.21176267736314,362.0852326825516,179.92980002309818,0.3158480991783175,179.61513773599418,1739364934529
123.98744634403366,-481.2184708590697,362.0552686708236,179.92625856517253,0.3159235694921786,179.6167685929283,1739364934537
123.99263693284253,-481.22465873189094,362.02578413251234,179.92295433352578,0.3159941539628176,179.61724356348088,1739364934546
123.9950869464765,-481.22424150782706,361.99802075466414,179.92009089091223,0.31605794200580073,179.61716814785282,1739364934554
123.99922367119899,-481.2252412718773,361.97946467576276,179.91868768740392,0.3161078720754638,179.61699035943133,1739364934561
124.0063850013504,-481.23007987115915,361.96301810306153,179.9182307375645,0.3160914762771566,179.61648040035806,1739364934569
124.0208337087257,-481.23789584099126,361.9459062257712,179.91873266813712,0.3160334303198769,179.61581931467518,1739364934577
124.04815985381225,-481.2469353431784,361.92176811312083,179.9195661446724,0.315969158211177,179.61517216264355,1739364934585
124.09068176716121,-481.25903374199004,361.88701354957885,179.92058757194366,0.3158989464314043,179.61467888094805,1739364934593
124.18995163801023,-481.28264575326716,361.80611277438027,179.92195737940054,0.31576176246442844,179.61417952158277,1739364934605
124.28090558591838,-481.30491327584053,361.7252488402683,179.922341332837,0.3156520315361662,179.61383090622147,1739364934613
124.39491511444396,-481.33324750255673,361.6237024122583,179.92295335455893,0.31553731557040443,179.61319235018377,1739364934621
124.53527129639768,-481.3689793312881,361.4930014486271,179.92302978377128,0.31541943507280895,179.6122982847633,1739364934629
124.704808368525,-481.41026920085176,361.3395237963555,179.92326767319003,0.31527473852587473,179.61096984816936,1739364934637
124.9087429615977,-481.45307446163173,361.1616245269246,179.9233379072992,0.3151284782632776,179.61042955816535,1739364934645
125.14640552351483,-481.4974503175253,360.9592775874061,179.92280806496746,0.315013363831798,179.61093638426286,1739364934653
125.40929525760086,-481.54874914237126,360.7339604185966,179.92292544941185,0.31492081958826756,179.61202113294897,1739364934661
125.69671937226326,-481.6121803379531,360.481680077888,179.9244302721584,0.3148645005777989,179.61209559552856,1739364934669
126.01322848537639,-481.6844207921052,360.1941813802692,179.9249386228917,0.3148776014967773,179.61089044017348,1739364934677
126.36910239639407,-481.7579611727684,359.87167747102365,179.9230007398901,0.31491193598610295,179.61090260154234,1739364934685
126.74298542045021,-481.8349951257607,359.5393253320446,179.9232702708144,0.31487491585396116,179.61163130322504,1739364934693
127.1325664844421,-481.9150451533343,359.19072435953746,179.92390653279938,0.3149053815379073,179.611305691007,1739364934701
127.55440567743386,-482.0006537263508,358.8161788649003,179.92257056086657,0.3149970587692493,179.61079121171528,1739364934709
127.98931198362328,-482.09892461824455,358.42501262039553,179.92235854524955,0.3150042408406618,179.61132282780645,1739364934717
128.42820149312888,-482.18951636212927,358.04049528682464,179.92336145012962,0.3150662187725688,179.6104036991726,1739364934725
128.89046449345645,-482.2786923983163,357.6437519296032,179.92448856765978,0.3151470680208094,179.61003866217578,1739364934733
129.35377522517464,-482.3735069627001,357.22672018759596,179.9236758454209,0.3151698876367828,179.61093057794113,1739364934741
129.80753134767153,-482.46518420496716,356.81704182851365,179.92408733931993,0.3152432677896225,179.60928475369508,1739364934749
130.27749915489485,-482.54890972630915,356.4110151166082,179.9253012768045,0.31531495118588027,179.60959247940892,1739364934757
130.73165750723408,-482.63970402933364,355.99432844550427,179.92381930345547,0.3153986391620857,179.60986800279363,1739364934765
131.18825450639125,-482.72814463824085,355.59684975314246,179.92487461508088,0.31549900163315026,179.60935546213705,1739364934773
131.63411476844152,-482.8094328635186,355.2150836339589,179.92545263984715,0.3156005491566421,179.60982251816378,1739364934781
132.26032701538898,-482.9367362223156,354.6493552457435,179.9252799551126,0.3157093343790777,179.60881780135486,1739364934793
132.66660356747147,-483.00845140438963,354.2972223098668,179.92487382740822,0.3156720556877106,179.60901258164475,1739364934801
133.04122614566938,-483.07351599195454,353.9712155689084,179.92609669236586,0.31562837961432283,179.60990038461532,1739364934809
133.3820270098838,-483.13404351135136,353.6593493602908,179.92574085443846,0.3156181845652841,179.6089117317936,1739364934817
133.7123551298432,-483.18940392681657,353.3630323922125,179.92385334130978,0.3156066783388313,179.60880178379236,1739364934825
134.01514152480192,-483.24099069966246,353.1046127125943,179.9246762310777,0.31557080841019847,179.61001286296522,1739364934833
134.27456881845876,-483.28672945444725,352.87927422442186,179.92603915301243,0.31552951353110426,179.61034677020703,1739364934841
134.50209758963393,-483.32816734255084,352.67890419243315,179.9262710350564,0.31554859204024865,179.61005723499278,1739364934849
134.704081109128,-483.36419865163896,352.4995431779002,179.92566037889793,0.31554575547982455,179.60935791571092,1739364934857
134.88220975037405,-483.3969087546292,352.34713594790713,179.92600085124053,0.315502687380328,179.6095029901417,1739364934865
135.03491555787465,-483.42582310611084,352.21463222731575,179.92604338816355,0.3154739186356563,179.61054884011756,1739364934873
135.15294036593434,-483.4492603980981,352.10515069145265,179.9257181093125,0.31549839078310954,179.61099531937003,1739364934881
135.24163682673654,-483.4652182165061,352.0206800357805,179.92531455749105,0.3155612918540926,179.6110000874925,1739364934889
135.3080603807917,-483.47722928312913,351.9591025459215,179.92531847893233,0.31559861305567155,179.61081960450935,1739364934897
135.35729790183532,-483.4862375633776,351.9159033751434,179.92561150180902,0.31561288121906306,179.61053864645748,1739364934905
135.3952353510157,-483.4917657073614,351.8847901050242,179.9257841872376,0.3156289498226924,179.61053297948794,1739364934913
135.42373528312484,-483.4945855286962,351.8621906982714,179.92578051143937,0.31563681450080233,179.61073845646362,1739364934921
135.44270247833612,-483.4965000755693,351.84524085673854,179.92546972019568,0.3156541683655878,179.61082657335925,1739364934929
135.45409266655557,-483.49907195297186,351.83780997839597,179.92559117084733,0.31566293910040477,179.61075248385967,1739364934937
135.46060990087716,-483.50180072258814,351.8356044423535,179.92589253434573,0.31566860319769785,179.61068268023973,1739364934945
135.4597114716334,-483.500576575015,351.84591161686967,179.92748040805816,0.31567868517027686,179.61002337892495,1739364934953
135.45476070652836,-483.49821295447873,351.85875966725433,179.92916489401944,0.31569181728460055,179.60914159786273,1739364934961
135.449500612776,-483.49616257643396,351.8687121540568,179.93042867405507,0.31569233130174523,179.60838698077362,1739364934969
135.44569859260505,-483.49620335516875,351.8719399958471,179.93086366438095,0.3157126466291644,179.60788608616156,1739364934977
135.44568479582114,-483.4963291459041,351.8713653693938,179.9308295090983,0.31570559825534644,179.60786523711766,1739364934985
135.44708317140805,-483.49663824378655,351.8684643421344,179.93049647733974,0.31571903329394424,179.608026330184,1739364934997
135.44817215999382,-483.49667783638887,351.86649062675275,179.93025845329345,0.3157190786490226,179.60814049375014,1739364935005
135.44807774175058,-483.49540788147516,351.8700885830227,179.93066641658575,0.31572645673626165,179.60812942070032,1739364935013
135.4477011276273,-483.48933082503777,351.88582141227255,179.93248842181106,0.3157223475152739,179.60809955451015,1739364935021
135.44512377528108,-483.4838518206273,351.90397159937237,179.93455550995535,0.3157385815941431,179.60784037810717,1739364935029
135.43746505484643,-483.48752719881287,351.9120963902277,179.93540550559032,0.3157300714495808,179.60698329695902,1739364935037
135.4290772081801,-483.49149141050464,351.92011530957916,179.93603845335687,0.3157297019307676,179.6061196133167,1739364935045
135.4264819389442,-483.48883550991377,351.92503054834253,179.93575429674905,0.3157373762180737,179.60605596452973,1739364935053
135.4230780401139,-483.4809196330979,351.9341297362043,179.9349680135217,0.31574845665620727,179.60607080889952,1739364935061
135.4174136561475,-483.4684761808679,351.9488701348597,179.9336061368842,0.31578469547716953,179.60619957584055,1739364935069
135.40720697785363,-483.44875225332027,351.97516563369965,179.9320563915957,0.31580915489556177,179.60626986473625,1739364935077
135.39102992703357,-483.42206409213736,352.0169319535379,179.9306879857929,0.3158563291995442,179.60644105807896,1739364935085
135.36739365861334,-483.3869959020726,352.07705443250603,179.92929711418816,0.31591717680562487,179.60657980407976,1739364935093
135.33610218236163,-483.3410071494286,352.1596724806935,179.92785735869396,0.31599660279303105,179.60679830412647,1739364935101
135.29563208388942,-483.2821337957297,352.2723660895495,179.92699514300108,0.3160971235868684,179.60708865132545,1739364935109
135.24446503674835,-483.20831370218457,352.41728815651567,179.9263038930152,0.31621809960527547,179.60751421698208,1739364935117
135.18284450512965,-483.11840334093563,352.5945660660624,179.9255108916057,0.31635528750154424,179.60796661050486,1739364935125
135.1087983183505,-483.015161420729,352.803993559095,179.92534431599697,0.31650191668247873,179.60834986396526,1739364935133
135.02191045976144,-482.90111786440036,353.0411394865311,179.9253011421817,0.3166499629809247,179.60863382643322,1739364935141
134.9207624849004,-482.77304775617677,353.31006200074023,179.9248383738605,0.3168087660229086,179.60879527416205,1739364935149
134.80159206217326,-482.6220423322439,353.617480634258,179.92333092603482,0.31698841366375574,179.6084388590676,1739364935157
134.5931153664466,-482.36371826239423,354.1597739379322,179.92413198536784,0.3172433481399753,179.60799626390022,1739364935169
134.43856511499246,-482.174310758986,354.55510328774335,179.92240733636683,0.31736511974266657,179.6085234952768,1739364935177
134.27477002051205,-481.9666443794864,355.0006977114698,179.9234845939796,0.31749696360282686,179.6093147626931,1739364935185
134.10390371602847,-481.73200174762974,355.4759583939876,179.9232676868468,0.3176326839762045,179.61002990151525,1739364935193
133.92346152392906,-481.4828194851065,355.9782048419017,179.92302760534736,0.3177302303651547,179.61038758206564,1739364935201
133.73035327805385,-481.21687943104996,356.5165222688649,179.9235538184608,0.31780990909914153,179.61012961388266,1739364935209
133.52144594654013,-480.9405993714985,357.07498140627837,179.92407293058926,0.31782474820460427,179.6092774691638,1739364935217
133.29699958537216,-480.6477859455649,357.66218441741313,179.92443784201515,0.3177255034502604,179.60843688128497,1739364935225
133.07182343106268,-480.3513891761143,358.25961677280185,179.92409644763245,0.3174668840260817,179.60925262452488,1739364935233
132.84691816354436,-480.044320228982,358.88202584284477,179.92501099148654,0.3169502079680128,179.6104294054857,1739364935241
132.61961160788996,-479.73057090549537,359.50797801139856,179.9245158838742,0.31647599625675443,179.61085056686582,1739364935249
132.3874366342069,-479.4069335277733,360.15271178442396,179.92581024869446,0.31620819044436466,179.6104231933223,1739364935257
132.1439774996979,-479.0823686040849,360.7946964690554,179.92632458815118,0.3162295772035809,179.60941769957157,1739364935265
131.90099483625107,-478.7491645698713,361.4371131477363,179.92560297655197,0.3163357360997406,179.60967966279878,1739364935273
131.6655920312413,-478.4203103811344,362.07054971945786,179.9242215502484,0.31639953730133985,179.61086112517214,1739364935281
131.43531420509495,-478.0901897371575,362.71922660516253,179.92576240990633,0.3163860206452006,179.61136028708714,1739364935289
131.2064222511815,-477.76609594278375,363.351553848305,179.92521180410367,0.3164400554032412,179.61102698004024,1739364935297
130.97269829186405,-477.44046349218206,363.9839395675691,179.92575536416038,0.3165121609441511,179.60990476240818,1739364935305
130.7425235352179,-477.12684221363963,364.58546704404284,179.92500307762447,0.31657670067687915,179.60969019981528,1739364935313
130.5266340454074,-476.8137070305177,365.17378068429514,179.92424712406472,0.31654786693108533,179.61079098946735,1739364935321
130.32316613324892,-476.5130873145613,365.72183286186856,179.9208683287333,0.3164239933729509,179.61153504184622,1739364935329
130.1297530469228,-476.2196462315405,366.27568586010955,179.92184850459614,0.31618427972110924,179.6115115576613,1739364935337
129.93961033273723,-475.9512130377917,366.78247783463974,179.91964832876522,0.3160602750830344,179.6105756784745,1739364935345
129.75399377626093,-475.69293846851315,367.28034461294175,179.92096594175266,0.315973625088971,179.60923375866273,1739364935353
129.5811271239727,-475.45065058959966,367.73827705068635,179.92095709846828,0.315960872811412,179.60904238500186,1739364935361
129.35902420406043,-475.11195086901256,368.36435509616456,179.92154967214125,0.3159606184541289,179.61077923819533,1739364935373
129.22999781912327,-474.9093631035845,368.73734340956935,179.92217207216126,0.31601178447859407,179.61166972510114,1739364935381
129.11397277021464,-474.72852314882056,369.06257318168383,179.9212942204714,0.3160839571259562,179.61201763686435,1739364935389
129.00960159658064,-474.5636707312504,369.3595368859247,179.92055545124032,0.3161409699008622,179.6119126109081,1739364935397
128.91469508060894,-474.4201110847365,369.62993819364425,179.9220099977914,0.3161461071538328,179.61136682946636,1739364935405
128.83134161804756,-474.2977106222532,369.8602332844813,179.9228985555797,0.3161465489217984,179.61071194802852,1739364935413
128.75757896553853,-474.1966094999645,370.04980684485,179.92201874865893,0.31613341539838025,179.609976336559,1739364935421
128.69279303761178,-474.1148495510262,370.2117427679051,179.9217582824617,0.3161016318144417,179.60927690869678,1739364935429
128.6375731692311,-474.0471178988646,370.3459350777029,179.92215633611414,0.31601333287145417,179.6085383914316,1739364935437
128.59468259234458,-473.9900218046892,370.45928657896235,179.92346628462425,0.3159031223173153,179.60827642350614,1739364935445
128.56325210577722,-473.9437011975896,370.55095778073513,179.92486720632115,0.3158283980151529,179.60849146932094,1739364935453
128.54209317723343,-473.90522173127886,370.62014934419864,179.92555005089173,0.3157878282652398,179.60906829005515,1739364935461
128.5267522224175,-473.8772334096696,370.67024890763355,179.92576065731677,0.3157908429118669,179.60962216510777,1739364935469
128.51356370391986,-473.85842204931555,370.7028210859329,179.9253079572948,0.3157762977927754,179.6098419696143,1739364935477
128.5032602058191,-473.8452499390313,370.72324139749367,179.9245937096284,0.31576181201438497,179.60984060903803,1739364935485
128.49750869921016,-473.83561771303283,370.73662955439556,179.92406054766403,0.3157423207687099,179.6099551311299,1739364935493
128.49910973141976,-473.8264693877697,370.7418825246532,179.9233826864985,0.3157192445263962,179.61062681465648,1739364935501
128.50571354246838,-473.81884622536006,370.7444067630493,179.92289483744213,0.31572902402579445,179.6116969542732,1739364935510
128.51301220629003,-473.81787251623996,370.7353139639174,179.92134516854398,0.31572202789442744,179.61274484310258,1739364935518
128.51888085903428,-473.82102124981793,370.72158284499375,179.9194761575198,0.3157501542054189,179.61352402192122,1739364935525
128.5213148828235,-473.8244755907623,370.7116220720782,179.91820495741166,0.31576141328984175,179.61385019938976,1739364935533
128.52013174191862,-473.82418836366503,370.70394693678253,179.91723261476778,0.31576463333119514,179.61370187467065,1739364935545
128.51854493011317,-473.8197124020232,370.6925385507959,179.91582516899734,0.3157784911514552,179.61346900111312,1739364935553
128.51703947949326,-473.8152494115187,370.67986069424217,179.91428217852783,0.31580813307288674,179.61326236761104,1739364935561
128.51563872490462,-473.81565920972304,370.6727404065412,179.9134868143726,0.3158210292100001,179.61308031469432,1739364935569
128.51375943256926,-473.8184727601563,370.6621965784629,179.9124810091929,0.315848328885115,179.61284797384906,1739364935577
128.51107460693635,-473.82270281030503,370.64783019657153,179.91156974318142,0.31585031751739645,179.6125032726005,1739364935585
128.50887285542703,-473.8277356891315,370.6269791098481,179.91073341759548,0.3158535553089935,179.61223414076795,1739364935593
128.50692836350723,-473.8261636779338,370.6089527780573,179.91143350999536,0.31584522277775584,179.61195808375547,1739364935601
128.50529025893496,-473.82027828617333,370.5827514524688,179.91242538987652,0.3158030002764942,179.61173505937043,1739364935609
128.50407192790198,-473.8112557987969,370.54498993998556,179.9135602091803,0.3157748119333399,179.61151465606736,1739364935617
128.5033146115457,-473.7996334750235,370.4952087279912,179.91515708019836,0.31572620862806183,179.6113571797547,1739364935625
128.50341578395648,-473.7844478671799,370.4271925778602,179.91660447458332,0.31568779480666026,179.61126463229755,1739364935633
128.50366626919237,-473.7664253568433,370.3380148549444,179.9175488741638,0.3156514450743489,179.6112009190661,1739364935641
128.50399535111657,-473.74625553008946,370.22774895070535,179.91848618493066,0.31561300442918333,179.61108379059866,1739364935649
128.50424098838886,-473.72479594806646,370.0947680482489,179.91953207706894,0.315555062217015,179.61097960848736,1739364935657
128.50444161455206,-473.7030757860585,369.93558151453703,179.92120982140187,0.31547758729828895,179.61083002867278,1739364935665
128.50470382658617,-473.67917378526215,369.74749530126985,179.92355369400832,0.3153868150974429,179.6106664289813,1739364935673
128.50549700164146,-473.6470104257504,369.51925486700145,179.92429984673382,0.31530841896792833,179.6105292966243,1739364935681
128.5061053002491,-473.6061264596292,369.2511388990364,179.92297357867483,0.31530719808402086,179.61029721960335,1739364935689
128.50677584199153,-473.56577916552885,368.9613308153,179.92283640121863,0.31525574315484395,179.61009786517292,1739364935697
128.50732446697387,-473.52455608839534,368.6445590264023,179.9237119971176,0.315162967329649,179.60995380758166,1739364935705
128.5081313208052,-473.471817438865,368.28632610608736,179.9221001617548,0.315116232847892,179.60985664157178,1739364935713
128.50934177577807,-473.3904483661244,367.7170786693838,179.9236438728749,0.3150329201406493,179.609804679843,1739364935725
128.5105516224753,-473.3269971939054,367.29744178614544,179.92295132043077,0.315010132837254,179.60981936972576,1739364935733
128.51150430042875,-473.26081211886697,366.8617063967676,179.92408118500532,0.3149898804960947,179.60976882431737,1739364935741
128.5136165781703,-473.1869153632068,366.4051850969902,179.92398074775303,0.31498256983563727,179.60987077052715,1739364935749
128.51500737955013,-473.11288537792785,365.92914521552257,179.92521924702578,0.31494293237340343,179.60987805773817,1739364935757
128.51717657238027,-473.03585216706597,365.44398641177634,179.92588678399656,0.31490462077085923,179.6100069643095,1739364935765
128.5193929457444,-472.9549370216313,364.94113058889565,179.92694832205737,0.3148504498547943,179.61011214002778,1739364935773
128.52117939757775,-472.8730055764135,364.42769932112526,179.92694928782674,0.31480547660390584,179.61016168435117,1739364935781
128.52313857530606,-472.78571103803245,363.9004280528826,179.9266647338599,0.3147686640499399,179.61019199064123,1739364935789
128.52521311816434,-472.70004544301844,363.3758342787398,179.92721629936545,0.3147129525290468,179.61026442766885,1739364935797
128.52734053096685,-472.6095071972926,362.83389999785595,179.9257630041336,0.3147125914821784,179.61030347211272,1739364935805
128.52942308890346,-472.5274765236618,362.31040671334944,179.92700825328944,0.31466407003638636,179.61036262262203,1739364935813
128.53171396049953,-472.4391851060538,361.77841678055114,179.92590182638153,0.31467724958768917,179.61038330747274,1739364935821
128.53376762949253,-472.35377654511126,361.255433518624,179.92514186705176,0.3146774996551509,179.61037793174503,1739364935829
128.5354395042082,-472.27194777631024,360.74306495382933,179.9248105483145,0.3146839669187763,179.61035467893325,1739364935837
128.53704776900224,-472.18837605731864,360.24095675813487,179.92366380033005,0.31472685316161864,179.61028079886052,1739364935845
128.53861704993196,-472.10797570202186,359.7629727800767,179.92430465794416,0.3147282066472056,179.61024690420317,1739364935854
128.541594730476,-471.9849198324447,359.07610275871497,179.9232821734884,0.31482922713620604,179.61021288213308,1739364935866
128.54355158108027,-471.9090045482433,358.6555303443414,179.9244609769917,0.31487900811993724,179.61020379302255,1739364935874
128.5454957134471,-471.8333809161014,358.250348204424,179.9242124151131,0.3149595905027366,179.610197331362,1739364935882
128.54748426534687,-471.7638343374172,357.87622095081684,179.9254395345842,0.315048195533753,179.61020381304752,1739364935890
128.54947502180008,-471.69978397985443,357.52959929985894,179.92543585414765,0.31513926898708144,179.61023755612842,1739364935897
128.55130666347577,-471.63996436609204,357.2064301730488,179.9262414661011,0.31523632250648775,179.61026457847674,1739364935905
128.5529230345919,-471.58658865839163,356.91834683242286,179.9268702282514,0.31533797733637403,179.61027666459287,1739364935913
128.55528043132247,-471.5177644757927,356.5387844041808,179.92708631646258,0.31552288288021996,179.61031388334203,1739364935925
128.55632350195992,-471.4762769410397,356.3145403258113,179.92706176568205,0.31561039038985983,179.61029747451158,1739364935933
128.55758535355275,-471.4390496768596,356.12068525665796,179.92618729467017,0.3157093246820556,179.610310260726,1739364935941
128.55832981393354,-471.40983881140414,355.9587822852167,179.92539330649583,0.3157573884715761,179.6103117277078,1739364935949
128.55898917911904,-471.3871635815198,355.82428166268267,179.92528562345709,0.31578790689276326,179.61031716553038,1739364935957
128.55945660944667,-471.36847205764775,355.71363997048553,179.92578218475617,0.31577550744579386,179.6103301091645,1739364935965
128.55982816322745,-471.35358624592084,355.62308244094316,179.92638090891688,0.31577634269547067,179.6103274401671,1739364935973
128.56004826672827,-471.3406500111362,355.54768332249887,179.9263880225003,0.3157765622496935,179.61032595614654,1739364935981
128.56054475320389,-471.32878410868955,355.4865699609708,179.9257634175902,0.3158179041940913,179.6103248718469,1739364935989
128.56100102129676,-471.3192546459774,355.43884518414546,179.9247981729471,0.31583156916382543,179.61033661483788,1739364935997
128.56153905783123,-471.3117266898386,355.4064464423861,179.9243362219393,0.3158419806487685,179.6104025050225,1739364936005
128.56195213430118,-471.3028073946561,355.39277690783774,179.92495509255622,0.31584166019286725,179.6104362207097,1739364936013
128.5623430888968,-471.29587621257883,355.38780791788116,179.92578486666193,0.31584717382389976,179.61047087827416,1739364936021
128.5628530345736,-471.29141032403925,355.38784336876125,179.9266214320999,0.3158534445302416,179.6105238318411,1739364936029
128.5631879982405,-471.28890598280066,355.3894070222593,179.92730819759802,0.3158486281320371,179.6105717100285,1739364936037
128.56356855935343,-471.2893016023317,355.39426026191944,179.9281987622,0.31583904250613776,179.6106156662396,1739364936045
128.56395828685743,-471.29130894982717,355.399573936979,179.92898732019444,0.3158237972810494,179.61068747969526,1739364936054
128.5644746499172,-471.29335653958327,355.40275163934535,179.92943604120347,0.3158211952835072,179.61075104408175,1739364936062
128.56472358540603,-471.29458821596825,355.402994052232,179.92947684607384,0.3158194289328529,179.61079207481555,1739364936070
128.56562812259534,-471.29708854130826,355.3980405313662,179.9288651728997,0.3158340211935992,179.6109041848334,1739364936077
128.56912807064438,-471.30505319434405,355.38189519892995,179.92689373971757,0.3158589668297155,179.61134155734226,1739364936085
128.57734106012197,-471.32063947547584,355.3538868720049,179.92352153261382,0.3158924671022619,179.6123349516232,1739364936093
128.59810759314402,-471.33367300496064,355.3460437646789,179.92273255325884,0.3158893033728338,179.6148726977016,1739364936105
128.60442450413686,-471.33923192145147,355.3430329340779,179.92258232322575,0.31588464734913146,179.61555725381382,1739364936113
128.60767088277277,-471.3451067873745,355.3377896676397,179.92254014710454,0.3158766398901934,179.61574329850296,1739364936121
128.6104260935527,-471.3549795054594,355.33037693425956,179.9227685689728,0.31585818497387236,179.61566206520217,1739364936129
128.616632132686,-471.36923975544255,355.3173484073005,179.92279020437294,0.31583574721903235,179.6155151406268,1739364936137
128.62791574546387,-471.3919616191853,355.2965887440428,179.92258345199832,0.3158045620125029,179.6153076987576,1739364936145
128.6475766788671,-471.4245896910061,355.26920207342124,179.92240418247744,0.31575732474950885,179.6150133200155,1739364936153
128.67533747254708,-471.4701608996099,355.2320110796997,179.92206895229467,0.31570040672994965,179.61460237067337,1739364936161
128.71306723699567,-471.5298029659772,355.1837232239092,179.92151666839825,0.31563297357618414,179.61432542133284,1739364936169
128.7614308138541,-471.6042589017143,355.12530434902845,179.9210929320668,0.3155540562087558,179.61404695670495,1739364936177
128.82183651987827,-471.69428188612704,355.0562800986815,179.9208106824927,0.3154755531175648,179.61376662012677,1739364936185
128.89458446630692,-471.8020160451865,354.97787673335694,179.92132227098372,0.31538979204418294,179.61347116358672,1739364936193
128.97882062216075,-471.9300248902084,354.88786254983677,179.92243059044776,0.31527772514880975,179.61315224121697,1739364936201
129.07458989829334,-472.08038630539176,354.78370059811346,179.9242387541865,0.3151754308686467,179.61286878039422,1739364936209
129.18362199706237,-472.2556451681524,354.65598228203356,179.92522382806064,0.31511240081940933,179.6127574688397,1739364936217
129.30584697084072,-472.45639057688334,354.50017313416066,179.92452191464312,0.31513556115261476,179.6125640240697,1739364936225
129.44158800202075,-472.67341574248843,354.3324936565082,179.92390727803632,0.31521950940896726,179.61233412583323,1739364936233
129.59359167884816,-472.9042026916981,354.1570498090903,179.92377114495275,0.31531933828210496,179.61200291938553,1739364936241
129.7603300940517,-473.16089708631614,353.9494619168847,179.92165077667846,0.3154297711898941,179.61118557960003,1739364936249
129.94692949730094,-473.4389154635119,353.7331709417949,179.9213394481252,0.31546218614474686,179.61065255998793,1739364936257
130.1470179763992,-473.7311374130577,353.52085424142564,179.9233803435754,0.3154592803117641,179.6105568886463,1739364936265
130.35620874535292,-474.0422889485416,353.28188643413097,179.92263225842055,0.3154999290331914,179.61118437778336,1739364936273
130.56758671760122,-474.3651079975276,353.04178514296126,179.92294861117233,0.3155379199480636,179.61150517796523,1739364936281
130.89314233386543,-474.8765877993141,352.65588084604127,179.92439358964643,0.31552430544376187,179.61100375810244,1739364936293
131.12262907869558,-475.2191999924678,352.3946595005102,179.9254834185626,0.31542552371000004,179.60986057632456,1739364936301
131.36486676108018,-475.5681918748604,352.11644518232583,179.92446312188255,0.3153409624645791,179.60972656591417,1739364936309
131.60651620147516,-475.9239325258735,351.84404024289506,179.9251810395374,0.3152566045264731,179.61027009493014,1739364936317
131.84270627337182,-476.28341020847876,351.5704454900954,179.92629030515658,0.3152269974451372,179.61062975293697,1739364936325
132.07643312422175,-476.64112947948087,351.28844689637964,179.9253526464867,0.31525697364959915,179.61040083154623,1739364936333
132.3139758932427,-476.9890914626235,351.011128939545,179.92494610343562,0.31529419169525713,179.6094686077616,1739364936341
132.55511166996754,-477.3358113357712,350.7260719100286,179.92385491330234,0.3152882223758141,179.60941518518445,1739364936349
132.78965056475124,-477.6715999543875,350.4638558239149,179.92445138411924,0.3153005752784024,179.60999850939447,1739364936357
133.01050536449915,-478.0059807884669,350.1957523093312,179.92277359192207,0.31541084492610044,179.61051208825214,1739364936365
133.22319208598236,-478.3267227821932,349.9569190360893,179.9247432179732,0.31553744439932596,179.610577335706,1739364936373
133.4279114024467,-478.6376115803433,349.71559827093495,179.9257815995625,0.31559581745337323,179.6098662191001,1739364936381
133.6312262554815,-478.9265601265981,349.48351735892965,179.92578167966354,0.31561503400612,179.6094011986545,1739364936389
133.8265040925083,-479.19156806407295,349.265937123526,179.9253710601377,0.31560277032158063,179.60998786174594,1739364936397
134.00144509180708,-479.44763141820135,349.0479298664688,179.92352533678314,0.3156116166120418,179.61043914787507,1739364936405
134.1587553983972,-479.683306641746,348.8619995313707,179.92419869222684,0.31559764758095055,179.61070294087935,1739364936413
134.30046516306305,-479.89750002927946,348.69810424107146,179.92518650648856,0.31554276183035,179.61072534379562,1739364936421
134.4289413254443,-480.09520890167397,348.54200126435103,179.92467298771442,0.315483390247129,179.61061205544883,1739364936429
134.54608057440308,-480.2687243656083,348.40451375948436,179.92420736903583,0.3154445972966794,179.61039023728912,1739364936437
134.65001276935664,-480.41627590893296,348.29304611486356,179.92506818739992,0.31544284310604015,179.60988773057753,1739364936445
134.74213130189696,-480.5363653652015,348.19698105833754,179.92575459800062,0.3154720682837995,179.6095862768318,1739364936453
134.8209018402825,-480.6404424508916,348.112868259226,179.9264506509849,0.31544531394533415,179.60955173026937,1739364936461
134.9172028948026,-480.77033287250873,348.00511322883284,179.9268539043008,0.31542122857609195,179.6102615133384,1739364936473
134.96614741689623,-480.83733295662677,347.9467873591614,179.92660080615025,0.3154660090194036,179.61074931174025,1739364936481
135.00347678212162,-480.8893749558164,347.9000776349406,179.92608295263537,0.3155291759177073,179.61113698269102,1739364936489
135.02672456508873,-480.9297224271578,347.86463317087663,179.9256113563154,0.3155582309273813,179.61090740619795,1739364936497
135.04072618978122,-480.95924456873576,347.83851523670074,179.9251093763606,0.3155571531157477,179.61029033855215,1739364936505
135.05324625382775,-480.9812035554389,347.8199718509928,179.924767364745,0.315553133599425,179.6101615997904,1739364936513
135.06282844149902,-480.9950119743981,347.8113845933206,179.92501313649407,0.3155587802442155,179.61023710965083,1739364936521
135.07050683236903,-481.00289900572193,347.8043731053132,179.92493481713015,0.3155869782075407,179.61045646300644,1739364936529
135.07189939439616,-481.006576232035,347.7960087342937,179.92438214037622,0.31561608840108013,179.61020543531762,1739364936537
135.06937997050358,-481.00796629929755,347.7914523726403,179.9240885192253,0.3156145580194655,179.60967154663757,1739364936545
135.064798347117,-481.0041455374379,347.80034755568215,179.92523005445477,0.3156495439565011,179.60895678389753,1739364936553
135.05960761820543,-480.9990899485594,347.81270925330176,179.9267050646789,0.31565828624665143,179.60827851807974,1739364936561
135.0572822561621,-480.99596734579933,347.8211191585341,179.92768389306445,0.31565249813967655,179.6079851938567,1739364936569
135.05723848360688,-480.995836932904,347.82178038788607,179.9277587698202,0.3156592841005457,179.60798567110723,1739364936577
135.05748808227705,-480.9963100781653,347.82090875530247,179.92763650618483,0.31567281149466253,179.60801230667744,1739364936585
135.05795057535997,-480.9970673127578,347.8197914062935,179.92748699269407,0.31567931329632337,179.60806599162245,1739364936593
135.0588113976792,-480.9979000816305,347.818106453235,179.92726953104622,0.3156858206387306,179.60817366696193,1739364936601
135.05985797086737,-480.9983828813799,347.8174115606173,179.9271609018264,0.31569918316420864,179.60830244649262,1739364936609
135.06350953800379,-480.9958380157297,347.8207150897459,179.9275280459927,0.31569296315937545,179.60875344567037,1739364936617
135.0751776146313,-480.9858305992505,347.8344358002154,179.9290779408426,0.31568183152004126,179.61013620800864,1739364936625
135.0949905349732,-480.9718902353856,347.84765252645707,179.93051230088378,0.31568611184244916,179.61247026428177,1739364936633
135.10595103407658,-480.9644745847197,347.84323081898884,179.929742752877,0.315698884539111,179.6135137626379,1739364936641
135.11399441041615,-480.95761184602856,347.83746540393304,179.92869896572543,0.31570570040484164,179.6138017420617,1739364936649
135.12882435616433,-480.94440415163353,347.8388934362643,179.92766109881177,0.315718572527914,179.6134973068341,1739364936661
135.1450696919804,-480.92890557983,347.84763431577545,179.92732150741858,0.315718308533129,179.6130283090067,1739364936669
135.17077443994208,-480.90290278070853,347.8653517682708,179.92734983877295,0.3157392613123047,179.61256590714663,1739364936677
135.20923091253255,-480.86327945855254,347.89133809729924,179.92749980306817,0.3157637910172457,179.61225229734515,1739364936685
135.26158280661375,-480.80807453071174,347.9249691566786,179.92743023102776,0.31578812504293213,179.61200558746734,1739364936693
135.33012234181706,-480.7313269072004,347.9684635499073,179.9270376544944,0.3158316618812175,179.61180008434897,1739364936701
135.41887412761895,-480.6313352354244,348.02731952823814,179.926850126611,0.31588725221638764,179.61172834079503,1739364936709
135.52832555297599,-480.5054653796823,348.1042719615438,179.9270223725421,0.3159436797355403,179.61157478402689,1739364936717
135.66116568997808,-480.3518222012857,348.19877081281936,179.92723165399696,0.3160165495858698,179.6110604947535,1739364936725
135.8222620553409,-480.16793021996574,348.30863323627176,179.92731274872975,0.316105904218612,179.61040120994966,1739364936733
136.0189574019975,-479.9532679249868,348.43242467746535,179.9272281156886,0.3161817021140011,179.6098814593269,1739364936741
136.24716380613805,-479.70705653486374,348.56971719559857,179.92687310243647,0.31625323101893416,179.60975920701978,1739364936749
136.50385685105599,-479.4260713329411,348.7273927112116,179.9269386563302,0.31635268236215597,179.61043367552446,1739364936757
136.78267387677064,-479.10501400870436,348.9168954568585,179.92827322133323,0.31648985081426034,179.61092075668031,1739364936765
137.09153197909413,-478.74739029576205,349.1187530505321,179.9279386740988,0.3166307293452622,179.61076566200416,1739364936773
137.43959898818372,-478.3534819523223,349.3288324749654,179.9254339944538,0.3166992476827313,179.61028530970563,1739364936781
137.81682599872056,-477.92381739329187,349.5766477941913,179.9260954063501,0.3167522942289592,179.61062095449256,1739364936789
138.2110018613123,-477.46872560848806,349.8378429569703,179.92688717250442,0.3168684155136282,179.61083099277982,1739364936797
138.6367564448003,-476.9821242815299,350.1120189767005,179.9265030470155,0.3170049120945562,179.61010083252208,1739364936805
139.09544834894095,-476.4615118661066,350.41476147643397,179.9267908892295,0.3171133704972604,179.6108759148216,1739364936813
139.55587577595378,-475.92960575463553,350.71944095299216,179.92717227931306,0.3172368962190954,179.6105036320461,1739364936821
140.04672632620654,-475.36722597794096,351.0426841662138,179.92880298035027,0.3173473937204806,179.610029769179,1739364936829
140.54612233885666,-474.7868214173137,351.3586003253942,179.9267670906014,0.31739168852863986,179.61034249338104,1739364936837
141.0506967005041,-474.18966133483974,351.6874989507803,179.92662370099933,0.31740429197264874,179.60946093221597,1739364936845
141.83187515586366,-473.2728372359646,352.1925345693934,179.92597430379126,0.31708820079082317,179.61002395827464,1739364936857
142.35631517178757,-472.65521941088684,352.5357905467352,179.92511421755952,0.31674958607199266,179.60979068013648,1739364936865
142.89057958949,-472.0391936354351,352.8792138845251,179.92587332164243,0.3163519208900816,179.61089645479112,1739364936873
143.14909028391065,-471.7278419335585,353.0563845109814,179.92634469740307,0.31612568187014556,179.61100208942807,1739364936878
143.93568945844893,-470.7971821377429,353.5589842503239,179.9242017482185,0.31576397102078696,179.61041658702243,1739364936890
144.43986027046412,-470.1847500666917,353.89593132203794,179.92522800483346,0.3156719476276474,179.61007859454847,1739364936898
144.9452783843162,-469.5805595493345,354.21160854762365,179.92270745861907,0.3157375608540544,179.6094631383783,1739364936906
145.43444259572297,-468.9919341775,354.53591718559784,179.92327661039596,0.31583671042588346,179.6101110045696,1739364936914
145.90611067740096,-468.4277065050927,354.8396307876847,179.9229643846947,0.31595731147074146,179.60923472344405,1739364936922
146.36936514158947,-467.87223364359437,355.1428616802748,179.92260848241068,0.31605979672906964,179.60937942366863,1739364936929
146.79764972143687,-467.3511018773827,355.42054558965276,179.92172270360012,0.3161090636767125,179.60893328601705,1739364936937
147.21417270443402,-466.84496189089754,355.69785818737455,179.92338474793226,0.3162369033914327,179.6082605185251,1739364936945
147.60744679474772,-466.36685216236725,355.9415832823784,179.92171486029935,0.31621717648657355,179.60918226152407,1739364936953
147.96200505075268,-465.9232662302712,356.1719477108372,179.9203848514276,0.3162280774706076,179.60912137491243,1739364936961
148.2971610806887,-465.5126121644329,356.3946504557796,179.92143126235246,0.31627688337324317,179.60863086692197,1739364936970
148.6093316383692,-465.14149982884607,356.58771995303306,179.92132211050813,0.3161690415880014,179.60967438630402,1739364936977
148.88292767369617,-464.8073113584472,356.76933921494106,179.92166694304703,0.31607763706255143,179.61057956464853,1739364936985
149.11995191626156,-464.5058379853902,356.9415639162127,179.92273805312132,0.31602598582702096,179.6105113299843,1739364936993
149.33178333341036,-464.2424220840895,357.08301383653964,179.92275582810882,0.315959502680981,179.60973866834593,1739364937001
149.5225540599623,-464.01454377378496,357.2023701034857,179.92286341999997,0.3157954217437602,179.60981774380815,1739364937009
149.68636998710838,-463.8226297365465,357.3028442761306,179.92323371704356,0.31561009367707,179.61082585938746,1739364937017
149.8175465355576,-463.6597227142922,357.3905960510588,179.92399584576975,0.31556652886044656,179.6115033828614,1739364937025
149.96098986611707,-463.4666562883435,357.4965733427839,179.9248651640043,0.31557503768083683,179.6112783100714,1739364937037
150.03298847504874,-463.3711330102854,357.5471356440803,179.92489610296823,0.3155433688086608,179.61121185022517,1739364937045
150.08780489898194,-463.297213953275,357.58562904071346,179.92468672040013,0.3154744150256292,179.6108364599579,1739364937053
150.1310989220616,-463.24224651773466,357.6116727484585,179.92413265322764,0.31542696380113305,179.61066856531735,1739364937061
150.16411283935798,-463.2015899085878,357.62689964316155,179.92307541654222,0.3153735280368026,179.610390135829,1739364937069
150.18845900198872,-463.1721845760873,357.63847245541916,179.92241905860755,0.3153567625995702,179.6103257719368,1739364937077
150.20542165706877,-463.1526457286667,357.64620002032746,179.92197894866945,0.3153315019980597,179.61026476440603,1739364937085
150.21626414376172,-463.1417911737482,357.656261168675,179.9224054952612,0.31535902301949603,179.61019134990562,1739364937093
150.22287226886138,-463.1359568474202,357.6646183437208,179.92300538342099,0.31537408119109706,179.6101299111348,1739364937101
150.22292332709577,-463.13671887044507,357.6658386738519,179.92297557521275,0.3153591495701155,179.60960081870164,1739364937109
150.21989304905972,-463.1435544150866,357.6570608821825,179.92186619918166,0.3153277526488585,179.6088944853862,1739364937117
150.21617824892164,-463.1500631520584,357.64737106897877,179.92068316508434,0.31528780391703,179.60827578614,1739364937125
150.21526702721826,-463.15247246139205,357.6430213296717,179.92014570432727,0.31528352927101716,179.60808915291966,1739364937133
150.21526518589172,-463.15239457237357,357.64283278582207,179.92013200031045,0.3152831114543429,179.60806860117114,1739364937141
150.2135105349532,-463.1535841525701,357.6406509302664,179.91987387878112,0.3152680031844538,179.6078358744492,1739364937149
150.205224113324,-463.1600981488194,357.630898909424,179.91871848674919,0.31524369546187897,179.60680229933598,1739364937157
150.190652205259,-463.1726340890012,357.6099099693698,179.91622476268066,0.315169067755679,179.60499241940374,1739364937165
150.1851542462421,-463.17802317442835,357.59375201110953,179.91441064503434,0.3151178401765103,179.60434827455344,1739364937173
150.18154080572563,-463.1747625985222,357.5824286172848,179.9132632873207,0.3150861404710551,179.60411506812662,1739364937181
150.1749613528588,-463.1711487797242,357.5689420085108,179.91217219357125,0.31507669999050997,179.60394772314586,1739364937189
150.16147050437453,-463.17554707883465,357.5630505711673,179.91262835510827,0.3151140958044937,179.60375812304153,1739364937197
150.12108844510078,-463.19936652162784,357.5499496464966,179.91430319569486,0.3151749188746997,179.60424058456223,1739364937209
150.07717987721765,-463.22767874608957,357.5340297962275,179.91586512688025,0.31521518278481897,179.60467323116367,1739364937217
150.01790520897129,-463.26745498669885,357.50874786806475,179.9175829257612,0.3152582725799296,179.60554616536416,1739364937225
149.94199347901326,-463.31908083352965,357.4724103089077,179.91930668887937,0.3152991450304651,179.60662691600476,1739364937233
149.8457142563656,-463.3858703387005,357.41922164285546,179.92056832244333,0.31533491635646443,179.60763225867504,1739364937241
149.72642010957452,-463.46864860268397,357.3485047530841,179.92126095999706,0.31533583122669057,179.60846657107498,1739364937249
149.58071846851334,-463.56783457672145,357.25924729025525,179.92124084374547,0.3153258915424925,179.6086396232407,1739364937257
149.40631893421585,-463.685316250984,357.14916316168546,179.92025282675402,0.3152776932230258,179.6083469465388,1739364937265
149.19803561373564,-463.8250597670354,357.01952219324056,179.918654159875,0.3152483589416201,179.60782726808114,1739364937273
148.9643211511668,-463.9814636709928,356.87667003781564,179.91773901744486,0.3152065069036526,179.60842365684013,1739364937281
148.70875539965564,-464.15516824893433,356.7235179307522,179.91816601483728,0.31517103149520553,179.6092540870356,1739364937289
148.43412057483957,-464.3421816066553,356.5615396307348,179.91981369819123,0.31514576623034357,179.60964007939765,1739364937297
148.13105464640142,-464.54626552894416,356.38803271364804,179.92150184647923,0.3151363355048563,179.60897592323573,1739364937305
147.8007241055371,-464.7639731576353,356.2001537702036,179.92229923781412,0.31518073876752156,179.6088239309032,1739364937313
147.46113675565596,-464.9928247636458,355.9970872822174,179.92227432080472,0.31519546941604176,179.60996525864078,1739364937321
147.11005808079196,-465.23539217471637,355.78044233203343,179.9225919677121,0.31513933348209705,179.60994550834312,1739364937329
146.73579954012513,-465.48993713121257,355.5570100938603,179.92337676846296,0.31509925206565725,179.60925994459026,1739364937337
146.35475781739706,-465.7409329512833,355.3349798316059,179.92394784437337,0.31513006125535936,179.6099355885487,1739364937345
145.98029145871078,-465.9867960492073,355.1109123979248,179.92395054804766,0.31512353563401635,179.61063740336633,1739364937353
145.59555486425214,-466.23835496684944,354.88922309888466,179.925163583992,0.31512090852394875,179.61015024044136,1739364937361
145.20849302105984,-466.4942157011846,354.6619209651816,179.9261050051697,0.3151346983721237,179.61074657183002,1739364937369
144.8399773967665,-466.7426002444526,354.43111648577866,179.92562029468053,0.31511029050130335,179.61141662371267,1739364937377
144.47442538547284,-466.9812382162929,354.20877221242307,179.92491553564983,0.3151004345053282,179.6108705843876,1739364937385
144.11098308568387,-467.21225565575963,353.9974609299781,179.92519756964998,0.31512924907059736,179.61089718316916,1739364937393
143.77531887652796,-467.43022278530333,353.7981211675296,179.92639604071664,0.3151273033946834,179.61161302544332,1739364937401
143.30321156249812,-467.737462876644,353.50875042858377,179.92597358793023,0.31505394967835015,179.61090006003255,1739364937413
143.00352785255038,-467.9318051201207,353.32098846042726,179.92376296904115,0.3150333361474035,179.61064496181237,1739364937421
142.7326307844892,-468.10966095958287,353.15209865298533,179.92259021478026,0.3150520171464366,179.61113250400157,1739364937429
142.5037348493644,-468.2640966457937,353.00808532501003,179.9233717448534,0.31504482917716764,179.6124141758418,1739364937437
142.2903342601122,-468.40342142777564,352.88355786820205,179.92454803455792,0.3150416954027396,179.61202626280914,1739364937445
142.09647678293285,-468.5267934579655,352.7780479241076,179.92572872483547,0.3150737236043393,179.61120623235357,1739364937453
141.92265132846597,-468.63377867635324,352.68820265748224,179.9264115762889,0.31514268224678577,179.61015567064163,1739364937461
141.785689227136,-468.72047874118994,352.61060068389276,179.9263979031821,0.31521722868789515,179.61061221647844,1739364937469
141.6764811717933,-468.7911165247682,352.54391802457025,179.9259717735798,0.31522950432569957,179.61113306666505,1739364937477
141.59157682787605,-468.8468217369754,352.4908982454305,179.925683900179,0.31523942345829387,179.6113596075202,1739364937485
141.52936134974448,-468.8893508679443,352.44842793322806,179.92535441580253,0.3152641074007045,179.61177205414143,1739364937493
141.4844253046515,-468.92080007908316,352.4165139001538,179.9251897865996,0.3153254735560982,179.61217979990082,1739364937501
141.44773174407666,-468.94605977944514,352.3908071254457,179.92484584164805,0.3153971218229479,179.61191329166542,1739364937509
141.41994725195102,-468.9637531519695,352.37406643425606,179.92472630941515,0.31545752477134054,179.61151826822356,1739364937517
141.40133209371743,-468.9774834043629,352.36604170931156,179.92501567425504,0.3155184930422499,179.61119845421038,1739364937525
141.38965601467345,-468.98677211361155,352.36170186593864,179.92532767105294,0.31557582784277255,179.61090216655694,1739364937533
141.382379498123,-468.9892434823947,352.3682732963631,179.9266839382978,0.3156362488985815,179.61067510495397,1739364937541
141.38346379050793,-468.9852135062609,352.38089630326965,179.9285417998375,0.31569258018550866,179.61120717913377,1739364937549
141.39211718902425,-468.9782131677202,352.3932137819704,179.93020145705597,0.3157478282979879,179.61247344034788,1739364937557
141.39958608011682,-468.9733550481406,352.3999453361477,179.93109226900035,0.31580709025033427,179.61347749596004,1739364937565
141.4041362057308,-468.9719763493915,352.4002124180594,179.93116008147607,0.3158621034105916,179.6140419195198,1739364937573
141.40244620357157,-468.97309896007096,352.3989550753361,179.93101711696298,0.3159076077834374,179.61383027221595,1739364937581
141.39970766376095,-468.9749603180795,352.39658149124983,179.93073837206737,0.3159240806321862,179.6135022561648,1739364937589
141.3949342906468,-468.97818484763394,352.39188275466057,179.93016058381477,0.31591632873783687,179.6129210570258,1739364937601
141.39300851007695,-468.98016949134416,352.38840761882153,179.92973220342319,0.3159173014954324,179.61266705856383,1739364937609
141.3913742963646,-468.98223946466993,352.3845150517533,179.92926315069866,0.3159244715996461,179.61247393740757,1739364937617
141.38932491296342,-468.9841886139954,352.38069889797094,179.92878725533242,0.3159182159395689,179.61221289254627,1739364937625
141.38739735976955,-468.9858504799258,352.37762121693055,179.9284064590078,0.3159199749325496,179.6119591654556,1739364937633
141.38545558886358,-468.98723367213535,352.37525423322097,179.92810734789828,0.31591609836845347,179.61171954615202,1739364937641
141.38400207278897,-468.98846250715144,352.372751182867,179.92780143663373,0.31590529445306564,179.61153420007838,1739364937650
141.38256077226453,-468.9895755726055,352.37012884618724,179.92747509456663,0.3159011863019534,179.61134876676897,1739364937658
141.38148390862273,-468.99053625814554,352.36765814437274,179.92716245628915,0.31588369177039377,179.6112178368934,1739364937666
141.3807653227785,-468.9912423155775,352.365084117605,179.92683614989215,0.3158797728755225,179.61112761313592,1739364937674
141.37959173950088,-468.9898305061371,352.36285025877356,179.9265505000233,0.31587808742432694,179.61096270147388,1739364937681
141.3762253065799,-468.9822378777726,352.35554137622233,179.9255919234289,0.31587478853500567,179.61055571093874,1739364937689
141.36936051282504,-468.9669953325929,352.34816431408825,179.92460611262342,0.31587146059602855,179.6097265909542,1739364937697
141.35928060872035,-468.9561070894783,352.3554696345507,179.92543536086814,0.3158920491604297,179.6085073694297,1739364937705
141.346718422728,-468.9549998520786,352.3527466491817,179.92508894564304,0.3158786919187812,179.60702298251226,1739364937713
141.338514493158,-468.9543208385266,352.3508622841825,179.92488602189096,0.31587228767444253,179.60620552827714,1739364937721
141.33564971231092,-468.9485272867671,352.3472273887246,179.92457561400715,0.31587410559594153,179.60628379845872,1739364937729
141.33303658758894,-468.9377147311668,352.3412448546266,179.9243483242076,0.3158793450684176,179.60667901674015,1739364937737
141.32824951516608,-468.92043046406735,352.3314295730688,179.9240553950015,0.31587454019612243,179.6072335336271,1739364937745
141.31936653757867,-468.89434528613543,352.31798557969705,179.92373785994823,0.3158828947292179,179.60777731638646,1739364937753
141.30492212149863,-468.85936756054605,352.3010702368478,179.9236550602637,0.3158999112537261,179.6083101145659,1739364937761
141.28396155069976,-468.812830102026,352.28081290257836,179.92379344982652,0.3159279506268513,179.60872988931106,1739364937769
141.2551357132969,-468.75363822259965,352.25665434940936,179.9240920187891,0.3159607198235514,179.60890015484537,1739364937777
141.21827223510928,-468.6794286007468,352.22720839418747,179.92452479666252,0.3159994187641798,179.60902349460238,1739364937785
141.1728288893983,-468.5878642185038,352.1884733068558,179.92465015333997,0.3160479638292593,179.60908314476376,1739364937793
141.08599956608393,-468.4159149258466,352.1094358580159,179.92383024205597,0.3161206476489995,179.60906067019204,1739364937805
141.0162672344579,-468.28006860092904,352.0497133422933,179.92337285739447,0.316184976428052,179.6090104364478,1739364937813
140.9366520756904,-468.1259572270574,351.98833641165396,179.92334420435313,0.3162626620011797,179.60908597815853,1739364937821
140.8449225499897,-467.9512401416848,351.927231659169,179.92430908185565,0.31635320309099435,179.60911133997178,1739364937829
140.74192019775808,-467.7495658984978,351.85835496311927,179.9251597442258,0.31644404155529027,179.60925038842814,1739364937837
140.63100429033076,-467.5284931124002,351.774619267457,179.92513976980092,0.3165338080611263,179.60956632851654,1739364937845
140.51595257865594,-467.2943467132628,351.6852355426517,179.92497556516986,0.3166051286586982,179.61032536631646,1739364937853
140.3966082221406,-467.04359437091307,351.58027830940586,179.9238763207842,0.3166513394471335,179.61110468321883,1739364937861
140.27038827339928,-466.7726933736449,351.4682935282319,179.923051670009,0.3167270771136699,179.6115294210029,1739364937869
140.137005355576,-466.4881746399045,351.3663267321763,179.92444593400032,0.31682350158846245,179.61155842566887,1739364937877
139.99670055284028,-466.19823062092615,351.2476911731158,179.92453098835753,0.31687766334863343,179.61121367849302,1739364937885
139.84779870737196,-465.9020216352157,351.12441560974816,179.9244920396566,0.3169165927230184,179.61072196711905,1739364937893
139.69091146887607,-465.59671179741787,351.0004187803205,179.92396161199463,0.31698479982852523,179.6101008527406,1739364937901
139.5280686134623,-465.2782329391896,350.8735032119539,179.92312393705564,0.3170371763696369,179.60971505005057,1739364937909
139.365470161189,-464.9651489263291,350.74756078673624,179.92246044079565,0.31706050287927195,179.61008524863453,1739364937917
139.21062540294145,-464.64716600790325,350.61489607153766,179.92186917182403,0.3170682055537539,179.61091856909042,1739364937925
139.06054443578958,-464.3317188180671,350.5075455724493,179.92534606934888,0.3170988884484117,179.61159308602078,1739364937933
138.91166497705012,-464.0125914290478,350.383392594998,179.92604570641356,0.31715085405507415,179.61173292618227,1739364937941
138.76463645600086,-463.70404925352506,350.2550809474747,179.92577757398934,0.3171490867500896,179.61164012200155,1739364937949
138.61722317605603,-463.3992135880027,350.1385169312729,179.9260451526495,0.31712445362155295,179.61124511316672,1739364937957
138.39306472790213,-462.9578611649335,349.96065299005403,179.924845670609,0.3170603563943173,179.6102659909218,1739364937969
138.24950224973452,-462.6838312466871,349.84132680341276,179.92341341689715,0.3169346754624066,179.61028112368837,1739364937977
138.11716270923625,-462.4234403367796,349.7287002387499,179.9233145154101,0.316749956545353,179.61063462992448,1739364937985
138.00038216890192,-462.17331002005255,349.6441229057614,179.9257566718128,0.31655870487055493,179.6114257466011,1739364937993
137.8916952131771,-461.93467174934625,349.5515052350177,179.92586549238126,0.316331117735328,179.61173094281153,1739364938001
137.79166594193853,-461.71768847704436,349.4589538585193,179.9251710874913,0.3160562142825436,179.61171900167744,1739364938009
137.7008534579651,-461.5231079315551,349.37983303714043,179.92479659710776,0.3157946173815417,179.61168607014804,1739364938017
137.61665528099402,-461.34534643251493,349.3071870900482,179.9241374491459,0.3155619119747708,179.61138160975057,1739364938025
137.54031269529003,-461.18024573820423,349.23945742020237,179.92318658063203,0.3153534637098223,179.6109128002933,1739364938033
137.47111332866032,-461.0365674844548,349.1875189352889,179.92324400784145,0.31520043210822235,179.61044437287725,1739364938041
137.41006234085185,-460.91896203575317,349.1438238603974,179.92346600597253,0.31509556786652104,179.60996398080923,1739364938049
137.35810163758708,-460.825553644042,349.10477728365044,179.92366291598015,0.31505211362633323,179.60969965813933,1739364938057
137.3160054899475,-460.7462890663923,349.07015345605396,179.92371202360388,0.31506459751202726,179.60969178556886,1739364938065
137.28146956862864,-460.6803733281478,349.03940273159117,179.92348460792462,0.31510041173587117,179.6097632238902,1739364938073
137.25417107872144,-460.62855813817606,349.01105375807896,179.9229533643641,0.3151378138459132,179.60987188408285,1739364938081
137.23320015370788,-460.5866183417828,348.98846938382724,179.92247185662598,0.31515441220531853,179.60993858394087,1739364938089
137.21801466392728,-460.5543975142924,348.9724489421222,179.92217020336125,0.3151847701328688,179.61003863440718,1739364938097
137.2071242666771,-460.53254048860515,348.9608992507198,179.9220492809528,0.31519362191831696,179.61017692038973,1739364938105
137.20022390905314,-460.5174255664708,348.95555618419405,179.92232717597486,0.315218525116552,179.61038177469516,1739364938113
137.19717855072457,-460.5068951529673,348.9543005554255,179.92277288094846,0.3152402685178535,179.61067870953215,1739364938121
137.20005883407418,-460.49913578254905,348.95319824373104,179.92302641697788,0.3152517330683901,179.6113909281327,1739364938129
137.2034125931271,-460.49639478568986,348.94887780681256,179.92270810251054,0.31525849569436964,179.61201963038138,1739364938137
137.208909945494,-460.499055193707,348.941560118085,179.9219336654785,0.3152800559992973,179.61278242942038,1739364938145
137.21353945266816,-460.50406690427474,348.9355897290791,179.9212880266885,0.3152798901591567,179.61338998488446,1739364938153
137.21615815941595,-460.5087917145872,348.93169584991216,179.92085980920987,0.3153150376060913,179.6136931609058,1739364938165
137.21573374545983,-460.50866683986425,348.9326233681839,179.92097540997017,0.3153222782882905,179.61363944534756,1739364938173
137.2145286118695,-460.50832287946844,348.93426604843694,179.9211792823482,0.31535042778233946,179.61345026895248,1739364938182
137.21293382178592,-460.5078842112981,348.93634618955906,179.92143759882003,0.31534489944038313,179.6132546118661,1739364938190
137.21174262002108,-460.5070554747729,348.93886698757075,179.9217502730489,0.3153804664811189,179.6130660647463,1739364938198
137.21018675967002,-460.50619633125916,348.9417819182187,179.92209701113597,0.31539592489994556,179.61286422996486,1739364938206
137.20831539554348,-460.5052046157591,348.94565193375803,179.92257290944886,0.3154185711778133,179.61261548477182,1739364938214
137.20803533836994,-460.5042936025154,348.95227647803904,179.92339548478478,0.3154482343765233,179.6125523376732,1739364938221
137.20858455966638,-460.50751643663995,348.9693405372428,179.92550296284824,0.3154702123065003,179.61260582033577,1739364938229
137.2125290904399,-460.5085151245191,348.9867077373044,179.92756934983677,0.31549342392864704,179.6130267165575,1739364938237
137.22091687114334,-460.5036565580316,348.9993755225581,179.9289488669298,0.3155126073266097,179.61396083063283,1739364938245
137.23024727005478,-460.4966002904887,349.01406275939564,179.93029390696668,0.3155346206224054,179.61492397540724,1739364938253
137.234135118668,-460.4910458130741,349.03191532554655,179.93151571032752,0.31556570093977726,179.61504719162238,1739364938261
137.2390738068463,-460.48472562264385,349.0575749433136,179.93289292039196,0.315601389433214,179.615129742031,1739364938269
137.24513614946275,-460.4822058402947,349.0849733658536,179.93347877759632,0.31562299747362954,179.61486846226236,1739364938277
137.25593812706953,-460.4863552939967,349.11466003505427,179.9331499587267,0.31564137137964315,179.61452931253731,1739364938285
137.27338086262608,-460.49393168414656,349.1543178475745,179.93250401085731,0.3156479341094598,179.61423394781792,1739364938293
137.29891320705525,-460.501942297692,349.20467433674406,179.93128166929992,0.3156796653810833,179.61396293196532,1739364938301
137.3530612052383,-460.51792170241873,349.3128741746702,179.92989563746923,0.3157025309190375,179.6135010266039,1739364938313
137.4003938767518,-460.53100399334596,349.40957438738445,179.9292350385605,0.3157346221445855,179.6130477403046,1739364938321
137.45902209501335,-460.54469050632497,349.5281724414759,179.92879175745978,0.31575441164551127,179.61275032831884,1739364938329
137.52706806687408,-460.55939292495333,349.6708385751464,179.92844373467483,0.3157773321682403,179.61242060460214,1739364938337
137.6060776723208,-460.57372450681584,349.8357752152436,179.92744284159028,0.31583168553599983,179.61217356094699,1739364938345
137.69539410230914,-460.5899871524495,350.03014266401186,179.92602042607686,0.315858154532504,179.61201551161915,1739364938353
137.79687669886965,-460.6135915316927,350.2624360437799,179.92650730808052,0.3159136804809395,179.61195103949933,1739364938361
137.91003626747244,-460.6386768539718,350.5190853812844,179.92738740654983,0.31597773743326846,179.61192211204653,1739364938369
138.03509421721276,-460.6627549429855,350.7945611472433,179.92706227401825,0.31603041310477037,179.6118171431353,1739364938377
138.172280339644,-460.6845418379951,351.09259322445587,179.9256605222138,0.31607362316100823,179.61156455207686,1739364938385
138.32227751238068,-460.71320711831993,351.42396720218187,179.9270224933754,0.31613697676358377,179.6111009240901,1739364938393
138.48579482477493,-460.73749218311974,351.76625490849244,179.92674213963494,0.3161645638120805,179.61040497160607,1739364938401
138.6626956656967,-460.7604372469967,352.125164327985,179.9260897005732,0.31618436661865695,179.61048637290995,1739364938409
138.8449313438378,-460.79010983565104,352.51112853890663,179.9278831783756,0.31622063087196534,179.610970037602,1739364938417
139.02500402767868,-460.8152544620756,352.89379501372173,179.92603208201032,0.3162284899359131,179.61107521240146,1739364938425
139.20780266259132,-460.84769990254654,353.29580293543097,179.9268586005883,0.31626317388817826,179.61135085876498,1739364938433
139.38947174609453,-460.87674414730344,353.69708238836944,179.92513210322608,0.31624699059573264,179.61083410664247,1739364938441
139.5769241347093,-460.90852569842497,354.10212071938207,179.9246435083318,0.3162080077563781,179.60990441926128,1739364938449
139.77186718580904,-460.93926206199944,354.5165917010605,179.92423954089656,0.3161648304224576,179.6092212871573,1739364938457
139.97228783494702,-460.96318007864767,354.91880830476657,179.92300262900807,0.3161561872741475,179.6097993246338,1739364938465
140.16351964343764,-460.99310909933706,355.32338114247904,179.92236321754223,0.31615474620432654,179.61032440865372,1739364938473
140.34634798637643,-461.0194999299932,355.7178039095826,179.92122563002073,0.31620448850117594,179.61070478819747,1739364938481
140.52289745039323,-461.04742047512354,356.1013313917634,179.92020622156417,0.31621348776647024,179.61075546786375,1739364938489
140.69317670607904,-461.0766132420881,356.4877586053509,179.92044417840802,0.3162017905034301,179.6099571217264,1739364938497
140.86143621629788,-461.0990297915431,356.84688249095353,179.92022054924047,0.31619094281997645,179.60901856090518,1739364938505
141.10999861082112,-461.1306658399121,357.36922683853044,179.92079154032533,0.3161437065373719,179.60935170447394,1739364938517
141.26101623646005,-461.1501859849798,357.6854347651891,179.92145962832393,0.31614393717134137,179.61013976470116,1739364938525
141.39812644959918,-461.1640733223444,357.9771004377172,179.92053260402284,0.31613687444950794,179.61087340894798,1739364938533
141.51986351919714,-461.1818156166347,358.2553493660886,179.92129315139778,0.31616223687005973,179.6112250335584,1739364938541
141.62955638065145,-461.19748542315074,358.50245621637214,179.92208058728116,0.3161488883445418,179.61120787443173,1739364938549
141.7276195479603,-461.2082230587114,358.71965864794765,179.92135849844442,0.3160958136211897,179.6108797184488,1739364938557
141.8156548810428,-461.21695850493546,358.9164845154342,179.92111158385993,0.3160668350962787,179.6104163735983,1739364938565
141.89370947870637,-461.2291905729033,359.0919275635261,179.92238091142423,0.31603117351145793,179.60995145324804,1739364938573
141.96270142142396,-461.2397250611954,359.24101490928564,179.9239160705613,0.3160086457087149,179.60971328444577,1739364938581
142.02242527900114,-461.2457666495476,359.36320846638176,179.9248267135043,0.3160013285602205,179.60972984559774,1739364938589
142.07182373948487,-461.24826138241707,359.4601918586713,179.92493602426683,0.31599438535217733,179.6098466144249,1739364938597
142.11076670751345,-461.2499526214895,359.53516135607543,179.9243463211713,0.31596765246369696,179.61008685672329,1739364938605
142.13945602669645,-461.25058764103176,359.59213356358913,179.92347037951257,0.3159195077934855,179.61012730044197,1739364938613
142.16063236150475,-461.2511156475121,359.6345558948356,179.92259954934644,0.3158798225841198,179.61016108001078,1739364938621
142.17615491607233,-461.25278208481393,359.6647578301335,179.92189610596776,0.3158427744651824,179.61025132773426,1739364938629
142.18772543874172,-461.25684186862475,359.6818547098182,179.92098505516785,0.3157963415597105,179.61039785315637,1739364938637
142.19500680355483,-461.261776474594,359.69128181949736,179.9202465710695,0.31574791334088304,179.610475858529,1739364938645
142.19752991594711,-461.2669350400646,359.6959647423394,179.91975471668167,0.3157138831505525,179.61031793560974,1739364938653
142.19214958719922,-461.2725036124881,359.6989891264404,179.91956313012844,0.31568328539583534,179.60938973999157,1739364938661
142.18726910554216,-461.27452156403376,359.6983704444991,179.91918866773614,0.3156384471220419,179.60863513379596,1739364938669
142.18193778266996,-461.27489604864707,359.6953852556196,179.91873306700896,0.3155931702080634,179.60790561583727,1739364938677
142.17816114601493,-461.27473314995893,359.69318378214615,179.91844082165161,0.31556339150029966,179.60742131102904,1739364938685
142.1779109786454,-461.27381061833916,359.693202767515,179.91846134076,0.3155507903801594,179.60740087394294,1739364938697
142.17878758388687,-461.2730956842588,359.69457405695164,179.9186315933161,0.31552613684582315,179.60753783513206,1739364938705
142.17975486576597,-461.27224979778623,359.69631707983007,179.91886273115261,0.3155226412768979,179.60765464283088,1739364938713
142.18169418505434,-461.2710369719298,359.69823883177474,179.91912129636407,0.31551276983397825,179.6079279372991,1739364938721
142.18376743390667,-461.26976560853234,359.7004340230702,179.91941352921648,0.3155168891079908,179.608174234596,1739364938729
142.18578623598603,-461.2684981654399,359.70239718503984,179.9196720338814,0.3155206776210436,179.60846116172593,1739364938737
142.18757260411738,-461.26723563147095,359.7048664297121,179.91999830462615,0.3155184923252577,179.60867366509348,1739364938745
142.18927447643884,-461.26599435072757,359.7073220737839,179.9203179042979,0.3155299075274429,179.6089133593632,1739364938753
142.19078755665356,-461.2648533740446,359.7095318582705,179.92061713336764,0.31552736118217656,179.6091188686437,1739364938761
142.19187593034647,-461.2639495779268,359.7118755710692,179.92092311248462,0.3155316606251472,179.60927010556014,1739364938769
142.193031641733,-461.2630912861575,359.71409662507665,179.921229118894,0.31554265635842266,179.6094416264794,1739364938777
142.19384697234418,-461.2622839104411,359.71604417777576,179.92148067660025,0.31554626916541245,179.6095517918557,1739364938785
142.19466360635016,-461.26179321211555,359.7181918126167,179.92177306349078,0.3155500777344649,179.60966888655256,1739364938793
142.19530347872026,-461.26117567375655,359.7199045278913,179.92199075612143,0.31554638720651385,179.6097720942476,1739364938801
142.19564051713053,-461.2608481112806,359.72152045888873,179.92222195008725,0.3155561945565775,179.60983440582282,1739364938809
142.1959784180539,-461.2605464337374,359.7229161890432,179.92240559520476,0.31556547782041144,179.6099033873634,1739364938817
142.19608536314598,-461.26045106718726,359.72435139285284,179.92260961003024,0.3155680191641927,179.60993158720726,1739364938825
142.1964125498934,-461.2604519083847,359.72536120446813,179.92276600332391,0.31556978927391166,179.60997986869876,1739364938833
142.19663069301615,-461.2605122900047,359.72634252947165,179.9229088380382,0.3155714206524064,179.61002134732425,1739364938841
142.19668443295654,-461.2605980414942,359.7273788663718,179.92305850792764,0.31557316819709585,179.61004926855858,1739364938849
142.196873609259,-461.26086459409873,359.7282899340978,179.92320812060362,0.3155882749317575,179.61009747578987,1739364938857
142.19697105501984,-461.2613135635213,359.729648273761,179.92341898827766,0.3155835844993838,179.61012561064433,1739364938869
142.19708058275864,-461.2615722997469,359.73064068593425,179.92356866031585,0.31558515166852286,179.61016029550817,1739364938877
142.19716070705775,-461.261810059796,359.7313736760889,179.92367057328937,0.3155997939481161,179.61017441775584,1739364938885
142.1972580295376,-461.26197900380936,359.7317533983681,179.92373871698769,0.3155936253758283,179.6102086615011,1739364938893
142.19736745759863,-461.26214862632133,359.73246057601614,179.92384756253193,0.3155947627015342,179.6102363453192,1739364938901
142.19737987349242,-461.26228835312503,359.73293672196735,179.92392244350987,0.31560236089989513,179.61026386690992,1739364938909
142.19738049289026,-461.26251706241084,359.73339717337655,179.92399050105058,0.3156030058627272,179.61027779015825,1739364938917
142.1973799730785,-461.26264345456343,359.73391550361185,179.92408571266205,0.31560397933257217,179.61028492318215,1739364938925
142.19739229762365,-461.2627824000242,359.7342560070303,179.924153683607,0.31561141885170185,179.61029193458967,1739364938933
142.19733691280766,-461.26279862209685,359.7344211994807,179.9241946219771,0.31561188068585844,179.61031241963911,1739364938941
142.19744672764355,-461.26300549271446,359.7348689206627,179.92427620119517,0.31561260117009504,179.61032631034186,1739364938949
142.19739170304172,-461.26305997363295,359.73501941786805,179.92431034181902,0.31561296805761613,179.61034679347182,1739364938957
142.19747174603648,-461.2631439787201,359.73499128126196,179.92431704385373,0.3156265214447681,179.61035355834576,1739364938965
142.19741683838402,-461.2631735387779,359.73511419359625,179.92433747557413,0.31562675554111874,179.61035364060655,1739364938973
142.19734986673024,-461.2633039897724,359.7352086800553,179.92436483021314,0.31562016607855764,179.61036728637143,1739364938981
142.19734980824566,-461.2633164501691,359.7352224725226,179.9243716659418,0.3156202279634357,179.61037408752557,1739364938989
142.19742918855115,-461.26328678291065,359.7352914692891,179.9243852020873,0.315633993513754,179.6103877266415,1739364938997
142.19742910444143,-461.2633249436124,359.7354684901561,179.9244125444264,0.3156343196132109,179.61041504319994,1739364939005
142.19742922211256,-461.2633247165831,359.7353593702366,179.92439887353098,0.3156341294842137,179.61040136648666,1739364939013
142.19750881213614,-461.26332029552924,359.7353733555788,179.92440564940676,0.31564779692406986,179.61042176472205,1739364939021
142.19750911460986,-461.26339570876814,359.73529091763936,179.92440572541076,0.3156477065334051,179.6104352881211,1739364939029
142.19752154747994,-461.2634214046304,359.7354542424868,179.92442610846604,0.3156547510968318,179.6104422064166,1739364939041
142.19753385544425,-461.2634083872926,359.7354140229202,179.9244260972876,0.31566154615003406,179.6104489674739,1739364939049
142.1974784954721,-461.2633742148382,359.7354975222946,179.92444656595407,0.3156618189086154,179.61045581011592,1739364939057
142.19747912461887,-461.2634499535628,359.73533248794575,179.92442613530832,0.31566148874189087,179.61044889316955,1739364939065
142.19736960306102,-461.26349615901233,359.7353462804264,179.92443297104205,0.31566155061061885,179.61044209738787,1739364939073
142.1974913983186,-461.26337430883103,359.73530590239886,179.924412639396,0.31566825906379054,179.61047608161334,1739364939081
142.19743664186498,-461.2634415754156,359.73538759583727,179.92443299675773,0.3156684210048609,179.61046252988567,1739364939089
142.19749173434465,-461.26348765572413,359.73529136540833,179.92442627448816,0.3156682777094601,179.61048284916285,1739364939097
142.19750364780123,-461.26337375186563,359.73527947531755,179.92441946395937,0.3156751159848976,179.6104896438298,1739364939105
142.19744897476008,-461.26337816402037,359.7352656828399,179.924412665681,0.31567506308746657,179.61048284276634,1739364939113
142.19739412626146,-461.26341995732275,359.73529326779675,179.92442629969474,0.31567517784957766,179.6104828480498,1739364939121
142.19752916901265,-461.2634998756858,359.7351963272774,179.92441940575642,0.315688571260932,179.6104963693715,1739364939129
142.19747461362718,-461.26350406074687,359.7350734148715,179.92439904894513,0.3156883551660842,179.61049628728315,1739364939137
142.19752934446203,-461.26346249452513,359.7351549498487,179.92439904837985,0.3156884215415409,179.6105031601551,1739364939145
142.19752904340638,-461.2634364686921,359.73507431786066,179.9243990109555,0.3156883881502404,179.61049628652046,1739364939153
142.1975538427226,-461.2634366868871,359.73518363067393,179.92441258458007,0.31570217484938795,179.61050996328993,1739364939161
142.1975540524379,-461.2634619330979,359.7351286192198,179.9244057868498,0.31570206778933074,179.61050992382553,1739364939169
142.1975115361258,-461.2634156212941,359.7351158261758,179.92439893939826,0.3157088551453305,179.61050312211344,1739364939177
142.19757906217384,-461.26351209117615,359.7351013856105,179.92441245093048,0.31571565414312264,179.61050309102927,1739364939185
142.19753705732188,-461.2635417450882,359.7350326781232,179.92439880627896,0.31572229248278544,179.61049625051498,1739364939193
142.1976037365879,-461.2634735960355,359.7350071540552,179.92440566779078,0.31572920032826957,179.61052340910894,1739364939201
142.19756182378222,-461.2635287232611,359.7349925550388,179.92439874647448,0.3157358858355914,179.6105030115891,1739364939209
142.19756176529762,-461.2635411836495,359.7350063475135,179.92440550728872,0.3157359297608911,179.61049621562174,1739364939217
142.19764153149822,-461.26352407505635,359.7348974205003,179.9243918514772,0.31574936315779356,179.61050973309585,1739364939229
142.19772130564087,-461.26357060062566,359.73501962281784,179.9244122239291,0.31576316079424427,179.61053021161757,1739364939237
142.19765380590172,-461.26347312393,359.73478930004666,179.92437820631247,0.31575603124326984,179.61050965284252,1739364939245
142.19772087826075,-461.2634564740775,359.73489851641904,179.92439179112944,0.3157630106764956,179.61052332950678,1739364939253
142.1977336970016,-461.263494728745,359.73488391740705,179.92438490727253,0.31576970515186,179.6105165290193,1739364939261
142.19782592168963,-461.2634776156429,359.73477508688285,179.92437120282526,0.315789936849177,179.61053004649722,1739364939269
142.19789296047384,-461.26342303203916,359.73481640234104,179.9243711536358,0.3157967893106319,179.61053688185234,1739364939277
142.1979174251498,-461.2633592906699,359.7347771822965,179.92437105583932,0.315810415647551,179.61053684368673,1739364939285
142.1979052684344,-461.2634100146365,359.7347761828253,179.92437114248386,0.3158035843703534,179.61054364290322,1739364939293
142.1979430048832,-461.26347295398756,359.73468024178777,179.92436412443098,0.3158238000866467,179.61052996947092,1739364939301
142.19788850797534,-461.2634646785595,359.7345435369564,179.92433696935692,0.31582353110889416,179.61052988472366,1739364939309
142.19796797238797,-461.2633968502985,359.73443551303683,179.92432335050395,0.31583701545120535,179.61055020006305,1739364939317
142.19809020369775,-461.26347745452233,359.7346658357297,179.92435725571136,0.315844118076961,179.61055716164694,1739364939325
142.19807275558196,-461.2634688404003,359.73461201672626,179.92435031152849,0.3158644478622225,179.61055032307254,1739364939333
142.19811466038283,-461.2633500787337,359.7343954864996,179.9243231671233,0.31585738915038464,179.61055696093558,1739364939341
142.19820745505461,-461.2633964706552,359.7342169491248,179.92429579225112,0.31587740098780775,179.61055683979833,1739364939349
142.19809805915628,-461.2635060835235,359.73435275088275,179.92432302281205,0.3158776459651083,179.61055012696107,1739364939357
142.1980979414871,-461.26350631079043,359.7344618707838,179.92433658132282,0.315877809149602,179.61054340802923,1739364939365
142.19815281558647,-461.26343881668697,359.7342710575461,179.92430262799357,0.3158774750744236,179.61055688004637,1739364939373
142.1982500554919,-461.26340462124415,359.73405272130174,179.92427555961078,0.31587035042348083,179.61058391484568,1739364939381
142.19808568475165,-461.26346792686286,359.73417563362966,179.92429587892082,0.3158705575090417,179.6105500045496,1739364939389
142.19816611299657,-461.26353979659956,359.73405110815514,179.92427538843148,0.3158838451366583,179.61055672211106,1739364939397
142.19815380575707,-461.26357750755335,359.73400979263914,179.92427547510115,0.31587700166030697,179.6105634838055,1739364939405
142.19822066041272,-461.2634719771004,359.7339428913399,179.92426175442688,0.3158837059420757,179.61055664171082,1739364939413
142.19816592887517,-461.2634888497253,359.7339428913399,179.9242617919086,0.3158837149288447,179.6105566418082,1739364939421
142.1982453683871,-461.263471415579,359.73391656080224,179.92426849292318,0.31589735220449516,179.61056340537206,1739364939433
142.19816112408012,-461.2635558714255,359.73391585071664,179.92426835868815,0.3159108978566134,179.61054301053804,1739364939441
142.1982955290394,-461.2634717229544,359.733834350416,179.9242478665869,0.31592432355618355,179.61055656208592,1739364939449
142.1984430888709,-461.26353917588426,359.73372371387893,179.92423416322202,0.3159444713619478,179.61057687927982,1739364939457
142.1983333247019,-461.26354689509014,359.7336430819741,179.92423412576727,0.31594443795084215,179.61055640870433,1739364939465
142.19850944140143,-461.26347070144396,359.73378078631123,179.9242612691439,0.31595155615437676,179.61057688835578,1739364939473
142.19846781647513,-461.26378935096,359.7337519666469,179.92430873617798,0.3159584603430581,179.61055640186848,1739364939481
142.19841266615282,-461.26378042492274,359.7337804546635,179.92432233220407,0.31595860808934007,179.61054960798631,1739364939489
142.19834078821032,-461.2638394028824,359.7337257326692,179.924315501024,0.3159789228586035,179.6105563672845,1739364939497
142.19842076417447,-461.2638475399023,359.7335617942622,179.92429501002056,0.31599224023020217,179.610563046613,1739364939505
142.19839629153535,-461.26384764650663,359.7333698849318,179.92426107952906,0.3159782496426421,179.6105561236143,1739364939513
142.19846354008092,-461.26381830897054,359.73335618899597,179.92425423260912,0.31598499504478317,179.61056291945826,1739364939521
142.19845903705308,-461.26393605013703,359.7333282452745,179.9242608374015,0.31601214500459696,179.61055608743,1739364939529
142.1984588857957,-461.26389834371895,359.7333694643523,179.92426087435032,0.31601220815668357,179.61056292286577,1739364939537
142.19851379424293,-461.2638934764122,359.73316501699765,179.92424044314802,0.3160119077355835,179.6105627660658,1739364939545
142.198446301648,-461.2638349407191,359.73324735863764,179.92424049069308,0.31600521776967055,179.61055604133006,1739364939553
142.19850091555972,-461.26381829558824,359.7333564785289,179.92425408668504,0.316005389933879,179.61056291946667,1739364939561
142.1985557063322,-461.2638136558219,359.7332611510784,179.92424728897169,0.31600527066388273,179.61056964090324,1739364939569
142.19866504233602,-461.263667116358,359.73330221189667,179.92422685554337,0.31600521132075765,179.6105765051146,1739364939577
142.19870286216067,-461.263667200523,359.73311078520527,179.92419279433426,0.3160252391836493,179.61058997780552,1739364939585
142.1987449254805,-461.2636250863296,359.73316570018756,179.92419960320757,0.3160185389517471,179.61059001721446,1739364939593
142.1986654113725,-461.26379370374116,359.733437110409,179.9242541616432,0.3160054323303619,179.61059698708038,1739364939601
142.19857306242938,-461.26379679654184,359.7332608615456,179.92424743489576,0.31598487577478673,179.6105764393676,1739364939613
142.19827490628077,-461.2639069673789,359.7332321805112,179.92423393615238,0.3159711314389945,179.61054244242047,1739364939621
142.19827424352343,-461.2637932954658,359.7333293142264,179.92424069531145,0.3159713256289984,179.6105357195513,1739364939629
142.19824920887032,-461.26379353188673,359.73343824110265,179.9242545010593,0.31595792816501184,179.6105561949073,1739364939637
142.19816958592045,-461.2637847123982,359.73327481983813,179.92423409161867,0.31594406733798275,179.61052888091743,1739364939645
142.1981452140112,-461.2638986207538,359.7332866130187,179.9242409882437,0.3159304397309951,179.61052888487126,1739364939653
142.19809008789193,-461.26381460701475,359.73331494277903,179.92423422637322,0.31593049194586215,179.61052891854746,1739364939661
142.19806490270653,-461.26380183035207,359.7333835537291,179.92424795715058,0.3159170642951835,179.61053575922617,1739364939669
142.19810729345525,-461.2637847346725,359.7332743373573,179.92423433482958,0.31591007585619785,179.61052888091524,1739364939677
142.19804034597192,-461.26384009834203,359.7333686651818,179.92424121920013,0.3159033638651929,179.61052895869946,1739364939685
142.19802791238638,-461.26378970842137,359.73328687543875,179.92422091050622,0.31589640366725524,179.6105357118739,1739364939693
142.19800281925308,-461.26380240527425,359.7334095947778,179.9242414020577,0.31588303213048524,179.6105357941313,1739364939701
142.1979905119995,-461.2638401161556,359.7333682792296,179.92424145124644,0.31587617966892706,179.61053575726208,1739364939709
142.19786804530563,-461.2637599663485,359.73335619654335,179.92423466306633,0.3158694033984417,179.6105153578049,1739364939717
142.19791119011117,-461.2638573227924,359.7332854898819,179.92422119171934,0.31586237922236166,179.61053571264247,1739364939725
142.19788551835876,-461.2637181862541,359.733328322225,179.9242212124334,0.3158489027209329,179.610522151046,1739364939733
142.1978307618723,-461.26378545320887,359.7334100154791,179.92424160725182,0.3158490736141334,179.61051539795073,1739364939741
142.19775134794722,-461.263777186307,359.73327311777973,179.92421458693778,0.3158352170535167,179.61052211176272,1739364939749
142.19775123027995,-461.26377741382856,359.7333822376466,179.9242281079775,0.31583537123296496,179.61050859425322,1739364939757
142.1976717322456,-461.26380730836956,359.73342236063945,179.9242282052432,0.315821786850805,179.61050183331685,1739364939765
142.19767173294133,-461.263832001721,359.7333408256406,179.92422820580842,0.31582172047504686,179.6105017589155,1739364939773
142.1977012122209,-461.26372648459295,359.7332736350023,179.9242146685475,0.31580803884560454,179.61050171540163,1739364939781
142.1976339965326,-461.2637690626317,359.7334367667736,179.9242352238587,0.31580150479041985,179.61051543239577,1739364939789
142.19767623605142,-461.26371426058176,359.7333687694891,179.92422160101623,0.3157945705152234,179.61050859098188,1739364939801
142.19766392808543,-461.2637272781074,359.73340898896464,179.92422176205162,0.3157878114039733,179.61052902421946,1739364939809
142.19759685499596,-461.26371923424693,359.73338130763136,179.92420813919452,0.31578088933775916,179.61050862340315,1739364939817
142.19766416272142,-461.2637021297184,359.7332722842417,179.92419449456224,0.31578751547154443,179.6105153422563,1739364939825
142.19758445568425,-461.2637314716099,359.7332858837432,179.92420139012188,0.3157739717722225,179.61050854639944,1739364939833
142.19758373452208,-461.2636302601089,359.7333968098023,179.92421498505144,0.31577422784407067,179.61050862467974,1739364939841
142.19749181155964,-461.2636980929993,359.73350473718034,179.9242287649622,0.31575397215357387,179.61050870505466,1739364939849
142.19750447975753,-461.263723334565,359.7334498221605,179.92422191859217,0.31576066339215125,179.6105086655831,1739364939857
142.19744959766737,-461.26372719403315,359.73340950621673,179.92422195607642,0.31576066017309384,179.61050862814693,1739364939865
142.19749195416483,-461.26364747112166,359.7333139240846,179.92419473668596,0.31575362010955266,179.61050178153926,1739364939873
142.19753410956028,-461.2636308305365,359.7334229474728,179.9242083813182,0.3157469939757333,179.6105086596188,1739364939881
142.19742437756491,-461.26362709665125,359.73357328635876,179.9242219767617,0.3157472203034568,179.61049517915094,1739364939889
142.19753441130769,-461.26368155004656,359.73342204437523,179.92420841931477,0.3157469610141973,179.61051545885195,1739364939897
142.19746670188712,-461.26355882654224,359.733246733471,179.92418123689632,0.31573994747405715,179.6105017381469,1739364939905
142.19745463717203,-461.2636350240204,359.7332998422867,179.9241880468654,0.3157331633315166,179.6104949803842,1739364939913
142.19746697799786,-461.26363524709024,359.73340905858464,179.92420159421562,0.3157401337920475,179.61049505998244,1739364939921
142.19745406723905,-461.26357151895417,359.7333695492773,179.92420164234306,0.31573336523977913,179.6104950217869,1739364939929
142.1974968174976,-461.26356798905334,359.7333271724458,179.92418140906946,0.31572639329505375,179.61052220883116,1739364939937
142.19746694444822,-461.2635973131413,359.73334115778135,179.92418803514053,0.31574002478858576,179.61050181581473,1739364939945
142.19749669983005,-461.2635682165627,359.73343629228293,179.924194967598,0.3157265564596905,179.61051548986356,1739364939953
142.19749670052607,-461.26359290993344,359.73335475730215,179.9241948932371,0.3157264720945489,179.61050181832687,1739364939961
142.19744145683532,-461.26350912358146,359.7334922068251,179.92420176479726,0.31572670547211235,179.61050873019497,1739364939969
142.19733256435458,-461.2636310670921,359.7333409648732,179.9241881698848,0.3157264371913483,179.6104950174517,1739364939977
142.19737477823676,-461.2636019660791,359.733436195831,179.9241949787755,0.3157197491686339,179.6104950943594,1739364939985
142.19737435883366,-461.2635514740521,359.73354621875365,179.92420853677373,0.3157199542927262,179.61048837472472,1739364939993
142.1974292080465,-461.2635343740376,359.73343709891645,179.92419501570672,0.3157198001179644,179.6105086907319,1739364940005
142.197429711573,-461.2635467045239,359.7331500553794,179.92415419025252,0.31571928684611583,179.61050169090248,1739364940013
142.19742917449693,-461.26349644009036,359.73336919811464,179.92418145662924,0.3157196911185137,179.61051544656902,1739364940021
142.19741680804034,-461.2635219180444,359.7334232100371,179.9241881911451,0.3157129309379952,179.61049509100314,1739364940029
142.19751450817748,-461.26361508993654,359.733475415787,179.9241950765706,0.31570612283181093,179.61051552797792,1739364940037
142.19748381399543,-461.26345409403825,359.733315089745,179.92417462090563,0.31571961701905704,179.6105154063398,1739364940045
142.19740411421122,-461.2635223774382,359.7336413532623,179.9242155441518,0.3157065039467102,179.6105156459016,1739364940053
142.19741707623206,-461.26353470360397,359.7333544061528,179.92417459513644,0.31571277098437794,179.61049504893978,1739364940061
142.19741692501486,-461.26349699716104,359.7333956251837,179.92417463204976,0.3157128341466763,179.61050188437537,1739364940069
142.19736219347422,-461.2635138696908,359.7333956251837,179.92417466951125,0.31571284314378295,179.6105018844726,1739364940077
142.1974294170578,-461.26353492666095,359.7334636224345,179.9241882174112,0.31571975943590797,179.61050872566685,1739364940085
142.19740440803423,-461.2635094620495,359.7334093211607,179.92418151642943,0.3157060977400206,179.61050868554653,1739364940093
142.19741671600352,-461.2634964445363,359.73336910166427,179.92418143034527,0.31571287482953564,179.6105018494396,1739364940101
142.19741662327363,-461.26344627765076,359.73339652826314,179.9241746315187,0.3157128761013144,179.61050188370987,1739364940109
142.19734958376816,-461.26347616768743,359.7334367477612,179.92417471760288,0.3157060990126017,179.6105019213472,1739364940117
142.197416832978,-461.2634715236498,359.7333415168139,179.9241678712499,0.3157127780406317,179.61050864281182,1739364940125
142.19739185681078,-461.2634592996053,359.7334366513137,179.92417472878282,0.31569929171911704,179.61050192125657,1739364940133
142.19739176477404,-461.26343382609866,359.73338254294225,179.9241679305215,0.31569922661516353,179.61050188112702,1739364940141
142.19745908039215,-461.26348035656576,359.73350464856304,179.92418831414264,0.3157062170083454,179.6105155610152,1739364940149
142.1974466475266,-461.2634546600084,359.73334132391744,179.92416796852947,0.31569918144787795,179.61051544129705,1739364940157
142.19740422326748,-461.26343382165265,359.7333826393897,179.92416784442023,0.3157060159136352,179.61049508255198,1739364940165
142.19740395507574,-461.26342103609153,359.7334514432604,179.92418147788956,0.3157061848635473,179.61050192318135,1739364940177
142.19741674024812,-461.2634213567609,359.73336894341566,179.92416107242332,0.31571277931321645,179.6105086770821,1739364940185
142.19734901384257,-461.2634126626077,359.7335064547037,179.92418827561983,0.315706291922134,179.61049516417583,1739364940193
142.1974716223031,-461.2634174972872,359.7334092593626,179.9241610724062,0.31571279152376114,179.61051551308594,1739364940201
142.19737915506337,-461.26339612409686,359.73342366551645,179.92416805353204,0.31569250047976294,179.61051551513765,1739364940209
142.19737964087813,-461.2634977906045,359.73353097919204,179.92418161312668,0.3156925797335131,179.61050879749305,1739364940217
142.1973374775872,-461.2634507961846,359.73319082684577,179.924133902783,0.3156988326052384,179.61048815983932,1739364940225
142.19745946625306,-461.2634929146253,359.73332672485634,179.924161047221,0.3157058668995942,179.61050184222302,1739364940233
142.19733727579714,-461.2634891851897,359.7334769672622,179.9241747287657,0.3156993039296573,179.61049516031966,1739364940241
142.1973497342906,-461.2634891807452,359.7334770637097,179.9241746801251,0.31570610222604095,179.61049516031304,1739364940249
142.19739148797055,-461.26333271217885,359.73330175280563,179.9241475726321,0.31569910667934586,179.61050863370747,1739364940257
142.1974591973637,-461.26345543568243,359.7334770637097,179.92417471758577,0.315706111223142,179.61051555582142,1739364940265
142.1974048516876,-461.2634848662636,359.7332991400148,179.92414752558543,0.31570577911182096,179.61050863569415,1739364940273
142.19745889561645,-461.26340471617215,359.7334779667829,179.9241747170547,0.3157061531777799,179.6105155551559,1739364940281
142.19745892124436,-461.2633790151577,359.7333147385999,179.9241542478805,0.3157058979146542,179.6105018382951,1739364940289
142.19740428106147,-461.2633966678167,359.73345038193537,179.92416108303718,0.31570603839386097,179.61050195292415,1739364940297
142.1973374512633,-461.26345180385243,359.7334355899932,179.92415433393046,0.3156991452494298,179.61049515253143,1739364940305
142.19745888769026,-461.26334108118596,359.73324683781743,179.9241406888014,0.31570578891680606,179.61050859413555,1739364940313
142.19736203366014,-461.2633878348763,359.73328725021025,179.92414071506656,0.31571261742599377,179.61050863185284,1739364940321
142.19734954953276,-461.263413540345,359.73345038193537,179.9241610455765,0.31570602939514214,179.61048835588613,1739364940329
142.19745846827556,-461.26329058920413,359.73335686068594,179.9241542842619,0.31570600303400503,179.6105086730652,1739364940337
142.1974041305375,-461.263383654759,359.73341006598696,179.9241610830543,0.31570602618332094,179.61050191539067,1739364940345
142.19739131112223,-461.2633207067404,359.7335061999897,179.92416792887698,0.3156993891106989,179.61050199173093,1739364940353
142.19755607632646,-461.2633582875866,359.7333549580977,179.92415433396465,0.31569912082834495,179.61052227134599,1739364940365
142.19740409698804,-461.2633457208002,359.73334216519856,179.92414748651456,0.315705908185957,179.61050187266346,1739364940373
142.19740415547525,-461.2633332603495,359.73332837278,179.92414072569676,0.31570586429368125,179.61050866863422,1739364940381
142.19740434024197,-461.26340890075943,359.7333550545452,179.92415428532402,0.31570591912472873,179.61050187592585,1739364940389
142.1974041305375,-461.263383654759,359.73341006598696,179.92416112051495,0.31570603518203516,179.6105087139583,1739364940397
142.19739182256802,-461.26339667226273,359.73345028548795,179.9241610942179,0.3156992310987642,179.61049515436477,1739364940405
142.1974038623457,-461.26337086919625,359.7334788698503,179.924174679063,0.31570618613531737,179.6105019574524,1739364940413
142.1973622177277,-461.2634387819056,359.73339546694103,179.9241542366663,0.3157127296316317,179.61049511497987,1739364940421
142.19740409698804,-461.2633457208002,359.73334216519856,179.9241475239752,0.3157059171862847,179.6105086712311,1739364940429
142.19745901258798,-461.26337979528216,359.73345038193537,179.92416108303718,0.31570603839386097,179.61050875139452,1739364940437
142.1974591046277,-461.2634052687809,359.73350449030846,179.9241679187592,0.3157061124957137,179.6105155900925,1739364940445
142.19750136972823,-461.2633247657134,359.7332732648968,179.9241339391465,0.3156989499375657,179.61051542755396,1739364940453
142.1974591631135,-461.26339280833514,359.7334906978855,179.92416112048076,0.31570605960311116,179.6105155874956,1739364940461
142.1974587364687,-461.26330337474764,359.73328805683457,179.9241407631745,0.31570586108426185,179.61052222813873,1739364940469
142.19745886136621,-461.26334208882463,359.73349160095285,179.92416108248904,0.315706092559035,179.61050878826248,1739364940477
142.19736176477969,-461.26335035594263,359.73343758903025,179.92415431051003,0.31571284375049746,179.61050874831759,1739364940485
142.1974166139686,-461.2633332559035,359.73332846922904,179.92414063959552,0.3157126535889053,179.61050187005594,1739364940493
142.19740370321017,-461.26326952777174,359.73328895990204,179.92414068772217,0.31570588503663627,179.61050183186762,1739364940501
142.19739193954248,-461.26337175136626,359.7334227006463,179.9241475725808,0.31569914331097987,179.61050874630786,1739364940509
142.1973493398312,-461.26338829433314,359.7335053933758,179.92416784330678,0.31570613645453194,179.61048839535098,1739364940517
142.19732444847844,-461.26336260221746,359.7333419723051,179.9241475837958,0.3156923115932021,179.61049507421276,1739364940525
142.19739169698178,-461.26333326479545,359.7333282763326,179.9241408117964,0.3156990749984158,179.61051546721248,1739364940533
142.19740403780747,-461.26333348785886,359.7334374925813,179.92415428422768,0.31570602745508985,179.61050194966177,1739364940541
142.19745888699424,-461.263316387815,359.73332837278,179.92414068823612,0.31570585529254697,179.61050866853697,1739364940553
142.19740400495124,-461.2633202472822,359.73328805683457,179.92414072571387,0.31570585208313207,179.61050863110074,1739364940561
142.1973914287901,-461.2633204792473,359.73339708018545,179.92415429542558,0.3156992079486462,179.61049511356973,1739364940569
142.1973916378013,-461.2633210318559,359.7334236037137,179.92414749713004,0.31569916726497,179.61049514850714,1739364940577
142.1974038865902,-461.2632957814012,359.73347871159274,179.9241543211402,0.3157060906197853,179.61050878509738,1739364940585
142.19747143752735,-461.26334185688063,359.73338257759434,179.92414743785682,0.31571271869285994,179.61050870865742,1739364940593
142.1974164963009,-461.26333348341285,359.73343758903025,179.92415423558708,0.3157128257514483,179.6105019496527,1739364940601
142.19740382810292,-461.26330824184856,359.7334925040142,179.92416111941864,0.315706143512388,179.61050878769424,1739364940609
142.1974164042642,-461.26330800990627,359.73338348066187,179.92414747478725,0.3157127696478318,179.6105087080892,1739364940617
142.19745880288045,-461.26335454927045,359.7335053933758,179.92416784330678,0.315706136454532,179.61050199229174,1739364940625
142.19739178901852,-461.2633587383085,359.73338238469785,179.9241475725979,0.3156991311004397,179.6105087087744,1739364940633
142.19734942395405,-461.26335013287775,359.73332837278,179.92414072569676,0.3157058642936813,179.61050187016383,1739364940641
142.19740407135689,-461.263371421805,359.7335053933758,179.9241679182281,0.315706154450352,179.61050879095663,1739364940649
142.19734903018525,-461.2632739398476,359.733275167485,179.92413388944377,0.31570583214322584,179.6104950308004,1739364940657
142.19745892054826,-461.2633543217771,359.73339627356546,179.92415435969716,0.3157059912889489,179.6105223083994,1739364940665
142.19734921425263,-461.26332488688047,359.7333833842129,179.92414748596642,0.31570596235114,179.61049511106106,1739364940673
142.19736155507815,-461.2633251099324,359.7334926004632,179.92416103331738,0.315712932810032,179.61049519064798,1739364940681
142.19734936546533,-461.26336259332845,359.73334216519856,179.9241475239752,0.3157059171862846,179.6105018727607,1739364940689
142.1975132575747,-461.26323656282364,359.7334246032228,179.92414748541822,0.3157060165163186,179.61051554334014,1739364940697
142.19739188105527,-461.2633842118153,359.73343649306645,179.92415440831905,0.3156992052030937,179.61051554747155,1739364940705
142.19736169837995,-461.26329918138754,359.73322025250707,179.92412700561144,0.3157125143782238,179.61048819275567,1739364940713
142.1974163707147,-461.2632700759407,359.7333155798792,179.92413387824746,0.31571265165207996,179.6105086653604,1739364940721
142.1973917305313,-461.2633711987577,359.733396177118,179.92415429595664,0.3156991659940079,179.61049511423522,1739364940733
142.19752586729425,-461.2632742648277,359.73338348066187,179.92414739986432,0.3157127516471604,179.61050870789467,1739364940741
142.1974039457708,-461.2633080143522,359.7333833842129,179.92414744850575,0.3157059533508079,179.6104951109638,1739364940749
142.19745907107375,-461.26336733483475,359.7334365895139,179.92415428475874,0.31570598550045154,179.61050874879763,1739364940757
142.19740430599919,-461.2633462734119,359.73336868872684,179.92414072567965,0.3157058765042259,179.61050870616768,1739364940765
142.19740388728354,-461.2633204748013,359.73339717663293,179.92415428424482,0.3157060152445498,179.61050191212829,1739364940773
142.19741667245583,-461.26332079545125,359.73331467681186,179.92413387877852,0.3157126096974416,179.6105086660259,1739364940781
142.1974167901234,-461.2633205679126,359.7332055570195,179.92412024532547,0.31571242853293235,179.61050178786152,1739364940789
142.19734948244272,-461.2633376724255,359.73331458036296,179.92413388995772,0.31570580239913654,179.61049506899937,1739364940797
142.19748398806055,-461.2633673259398,359.7334367824133,179.92415418747754,0.31571958209318085,179.61050874877952,1739364940805
142.1974160104864,-461.26323181688235,359.7333302753578,179.92414067599486,0.31571274649932224,179.61050866729258,1739364940813
142.19739131042874,-461.2632960133212,359.73358773494965,179.92416792831173,0.3156994554863954,179.61050206613237,1739364940821
142.19744669669387,-461.26332917779905,359.73325947248117,179.92412710340827,0.3156988880414088,179.61050182791996,1739364940829
142.19741664751814,-461.2633711898657,359.7333963700145,179.92415419867376,0.3157127625867385,179.61049511421712,1739364940837
142.19745867728685,-461.2632911418176,359.7333833842129,179.92414752342705,0.31570597135146766,179.6105155065694,1739364940845
142.19739184750574,-461.2633462778579,359.73336859227936,179.92414077431945,0.31569907820783627,179.61050870617834,1739364940853
142.1974165554814,-461.26334571635425,359.7333422616475,179.92414743787393,0.3157127064823154,179.61050187265363,1739364940861
142.19741613607243,-461.2632952243498,359.73345228451325,179.924160995873,0.31571291160077164,179.61049515301727,1739364940869
142.19734915507348,-461.2633126539296,359.73347871159274,179.92415424621888,0.31570607262073863,179.61048838949174,1739364940877
142.1974039457708,-461.2633080143522,359.7333833842129,179.92414741104508,0.31570594435047133,179.6104883123962,1739364940885
142.1974043651796,-461.2633585063402,359.73327336134423,179.92413389050586,0.3157057482339496,179.61050183060178,1739364940893
142.19734924779755,-461.2633628208345,359.7334512850028,179.9241611199668,0.31570608934721384,179.61050195235586,1739364940901
142.1974164963009,-461.26333348341285,359.73343758903025,179.92415427304854,0.3157128347509751,179.61050874822035,1739364940913
142.1973370574943,-461.26337561083534,359.73338238469785,179.92414753513805,0.3156991221001178,179.61049511173638,1739364940921
142.19745852606505,-461.26325343536485,359.7334246032228,179.92414748541822,0.3157060165163185,179.61050874486978,1739364940929
142.1973616142573,-461.26333734288505,359.73339727308195,179.92415419814276,0.31571280454137685,179.61048831508123,1739364940937
142.19730688273575,-461.263354215408,359.73339727308195,179.92415416068127,0.3157127955418411,179.61047471804324,1739364940945
142.19747101811237,-461.2632913648666,359.7334926004632,179.92416103331738,0.31571293281003193,179.61050878758874,1739364940953
142.19741610252305,-461.26325729039553,359.7333843837232,179.92414743679473,0.3157128026021367,179.6105019088561,1739364940961
142.19736194093613,-461.263337667981,359.73331467681186,179.92413380385565,0.31571259169354376,179.61048827042026,1739364940969
142.19747110222622,-461.2632532034046,359.7333155798792,179.924133840786,0.315712642650133,179.61050866526313,1739364940977
142.19748374549528,-461.26332883937073,359.733342358098,179.92414742669558,0.3157195137790257,179.61051546968176,1739364940985
142.19736209214884,-461.26337537442396,359.7332734577932,179.9241338044038,0.3157125375283567,179.6104882335523,1739364940993
142.197361672746,-461.263324882436,359.73338348066187,179.9241475122487,0.31571277864816083,179.61050870818644,1739364941001
142.19742913886762,-461.2633844259612,359.73354590222687,179.92416774600684,0.3157197452577813,179.61049523133997,1739364941009
142.19745921367303,-461.263316712896,359.73324577651454,179.92412029394904,0.31570564244712784,179.61050862387845,1739364941017
142.19747131193355,-461.2632784493939,359.7332605684508,179.92412704305573,0.315712535591535,179.6105086257975,1739364941025
142.19745892054826,-461.2633543217771,359.73339627356546,179.9241542473152,0.3157059642903859,179.61050191269655,1739364941033
142.19745891985198,-461.2633296283772,359.7334778085314,179.9241542842106,0.31570603966562555,179.6105087856656,1739364941041
142.1974163707147,-461.2632700759407,359.7333155798792,179.924133840786,0.3157126426501331,179.61050186679276,1739364941049
142.19740412984416,-461.26335896135924,359.73349160095285,179.92416104502834,0.31570608356031626,179.6104951912245,1739364941057
142.19736188244744,-461.2633501284332,359.73332846922904,179.92414063959552,0.3157126535889053,179.61049507158555,1739364941065
142.19747143752735,-461.26334185688063,359.73338257759434,179.92414747531825,0.3157127276931934,179.61051550722507,1739364941073
142.19744627797522,-461.26330337919507,359.7332879603871,179.92414073689386,0.31569904478561395,179.61050863101417,1739364941081
142.19736176477969,-461.26335035594263,359.73343758903025,179.92415423558708,0.31571282575144827,179.6104951511823,1739364941089
142.19736203296986,-461.26336314149563,359.73336878517574,179.9241405646555,0.31571264779715646,179.61048151198375,1739364941101
142.19741685652934,-461.26337174247436,359.73342289354275,179.9241474378397,0.3157127309034001,179.61050194772054,1739364941109
142.19745894547998,-461.26330392736264,359.73331458036296,179.92413385249705,0.31570579339719107,179.6105018673725,1739364941117
142.19745907107375,-461.26336733483475,359.7334365895139,179.9241542472981,0.315705976500926,179.61050195023003,1739364941125
142.19736209214884,-461.26337537442396,359.7332734577932,179.92413384186523,0.31571254653030784,179.6104950321199,1739364941133
142.19740385373407,-461.263282540839,359.7333292758473,179.92414065024442,0.31570588824604645,179.61049507083348,1739364941141
142.1974165554814,-461.26334571635425,359.7333422616475,179.9241474004125,0.3157126974819775,179.61049507408597,1739364941149
142.19741643781364,-461.2633459438603,359.73345138145174,179.92416103386552,0.3157128786448576,179.61050195225042,1739364941157
142.1974291644988,-461.2633587249706,359.7333826740448,179.92414742667845,0.31571952598957015,179.61050870874485,1739364941165
142.1974164042642,-461.26330800990627,359.73338348066187,179.92414739986432,0.3157127516471604,179.61049511095396,1739364941173
142.19745885344017,-461.26327845384134,359.73326047200186,179.92412709169636,0.31570573729517665,179.61050862580979,1739364941181
142.19742903891247,-461.263295317484,359.73326066490125,179.92412695695285,0.3157193248851424,179.6104950287472,1739364941189
142.19741682367302,-461.2633585018943,359.7332734577932,179.92413384186523,0.31571254653030784,179.6105018305903,1739364941197
142.19740403780747,-461.26333348785886,359.7334374925813,179.92415428422768,0.31570602745508985,179.61050194966177,1739364941205
142.19745831705382,-461.2632528827562,359.73339807969427,179.92415428371376,0.3157060571991881,179.61050870993316,1739364941213
142.19747134479144,-461.26329168997717,359.7334100041917,179.9241406764917,0.31571272896576863,179.61051554149537,1739364941221
142.19734964156643,-461.2634390138437,359.73350449030846,179.9241678812985,0.3157061034978059,179.6104951945841,1739364941229
142.19741689007884,-461.26340967642375,359.73349079433444,179.92416103437947,0.3157128489007552,179.61050199044936,1739364941237
142.19734915507348,-461.2633126539296,359.73347871159274,179.9241542087582,0.31570606362120857,179.6104815909241,1739364941245
142.19742910601155,-461.2633711854197,359.73339646646485,179.92415415003236,0.31571956088310377,179.61049511420808,1739364941253
142.19740364402966,-461.26325729484154,359.73338428727425,179.92414748543533,0.3157060043057784,179.61050190886593,1739364941261
142.19733654605767,-461.2632996453212,359.73343829919526,179.92415436979715,0.31569928011285986,179.61050194910254,1739364941269
142.19737449146328,-461.26336313705116,359.73336888162623,179.92414059093775,0.3157194640958209,179.61049510910834,1739364941277
142.1974163201457,-461.26334617134063,359.7335605012622,179.92417462985713,0.3157130508073811,179.61050203184723,1739364941285
142.1974586516586,-461.2633168428081,359.73354661238875,179.9241678427586,0.31570619061970157,179.6105020291597,1739364941297
142.1974164042642,-461.26330800990627,359.73338348066187,179.9241474373258,0.3157127606474983,179.61050190952156,1739364941305
142.1974163122275,-461.26328253639304,359.7333293722963,179.9241406765259,0.31571270454468364,179.61050866795804,1739364941313
142.19741652193184,-461.2633077823839,359.73327436086646,179.9241338038727,0.3157125794829945,179.61049503135717,1739364941321
142.19747149601312,-461.26332939642987,359.73336878517574,179.92414063957838,0.31571266579944984,179.61050870605976,1739364941329
142.19733684779283,-461.2633503648317,359.7334373961338,179.92415437032818,0.31569923815822143,179.61050194976804,1739364941337
142.19752586799333,-461.2632989582082,359.73330194570207,179.92414743789104,0.3157126942717661,179.61051543206088,1739364941345
142.19741652193184,-461.2633077823839,359.73327436086646,179.9241338787956,0.3157125974868924,179.61050862849243,1739364941353
142.19740409629472,-461.2633210274099,359.7334237001612,179.92414748594928,0.31570597456168015,179.6105019470649,1739364941361
142.19740415547525,-461.2633332603495,359.73332837278,179.92414068823612,0.315705855292547,179.6105018700666,1739364941369
142.19747122781993,-461.26331661087687,359.73343758903025,179.92415419812562,0.315712816751917,179.61050194955547,1739364941377
142.19729475092115,-461.26335454494705,359.73331458036296,179.92413392741832,0.31570581140107745,179.6104950690966,1739364941385
142.1974709260727,-461.2632658913664,359.73343849209175,179.92415419759456,0.31571285870655535,179.61050194888995,1739364941393
142.19747134548763,-461.26331638336757,359.73332846922904,179.92414067705695,0.3157126625900454,179.6105154670939,1739364941401
142.19737452500829,-461.26340107100856,359.7334367824133,179.9241542249398,0.31571959109271347,179.6105019504064,1739364941409
142.19737430808593,-461.26333688337655,359.73317912994185,179.92412703244264,0.3157192765149157,179.61050175301068,1739364941417
142.1973621250036,-461.26338861500403,359.73342289354275,179.92414740037825,0.31571272190306215,179.61048835068254,1739364941425
142.19740400495124,-461.2633202472822,359.73328805683457,179.9241406882532,0.31570584308199773,179.61050183253315,1739364941433
142.19741688216024,-461.2633460414403,359.7332596653776,179.92412696866393,0.3157124756313772,179.6104882308574,1739364941441
142.1974590375197,-461.26332940087735,359.73336868872684,179.92414072567965,0.3157058765042259,179.61051550463804,1739364941449
142.19741646275142,-461.2632955494556,359.73336968824333,179.9241406015859,0.3157126987529437,179.61049510835628,1739364941457
142.19742895479428,-461.26333347896684,359.73343768548074,179.92415422440877,0.3157196330473519,179.6105087482113,1739364941465
142.1974466125803,-461.26336733928224,359.73343649306645,179.92415433339937,0.31569918720406775,179.6105087488067,1739364941473
142.19741667245583,-461.26332079545125,359.73331467681186,179.9241338413171,0.3157126006954949,179.61050186745828,1739364941481
142.19745888699424,-461.263316387815,359.73332837278,179.92414068823612,0.31570585529254697,179.61050866853697,1739364941493
142.19734894606236,-461.2633121013241,359.7334521880643,179.92416100705375,0.3157061043056956,179.61048155598752,1739364941501
142.19741685652934,-461.26337174247436,359.73342289354275,179.9241473629168,0.3157127129027199,179.61048835058529,1739364941509
142.19741660604967,-461.2632696208381,359.7330973403128,179.92410664880282,0.31571229832498926,179.61050170759933,1739364941517
142.19741646275142,-461.2632955494556,359.73336968824333,179.9241406015859,0.3157126987529437,179.61049510835628,1739364941525
142.19736200802615,-461.26341353590044,359.7334504783844,179.9241609969351,0.3157128276914947,179.6104883558779,1739364941533
142.19736182395872,-461.263362588884,359.7333422616475,179.9241474753354,0.3157127154826488,179.61050187275083,1739364941541
142.19741652193184,-461.2633077823839,359.73327436086646,179.9241338038727,0.3157125794829945,179.61049503135717,1739364941549
142.1973914287901,-461.2633204792473,359.73339708018545,179.9241543703453,0.3156992259476813,179.61050871070498,1739364941557
142.19741648838226,-461.26326984840233,359.733206460093,179.92412028225584,0.31571247949113057,179.61050858576368,1739364941565
142.19740415547525,-461.2633332603495,359.73332837278,179.92414065077548,0.3157058462914083,179.61049507149897,1739364941573
142.19736158071234,-461.2632994089227,359.7333293722963,179.924140601603,0.315712686542399,179.61048827235243,1739364941581
142.19740415547525,-461.2633332603495,359.73332837278,179.92414065077548,0.3157058462914083,179.61049507149897,1739364941589
142.1974170077466,-461.26340944892695,359.73338167452107,179.92414740092642,0.31571266773788415,179.61049511228495,1739364941597
142.19745909670158,-461.2633416338056,359.73327336134423,179.92413385304522,0.3157057392320041,179.61050183050452,1739364941605
142.1973613710109,-461.2632741629253,359.7333843837232,179.92414743679473,0.3157128026021367,179.6104951103857,1739364941613
142.19734957447648,-461.2633631459401,359.73336868872684,179.92414068821898,0.3157058675030916,179.6104951091297,1739364941621
142.19747134548763,-461.26331638336757,359.73332846922904,179.92414060213406,0.3157126445877608,179.61050186995868,1739364941629
142.19741664751814,-461.2633711898657,359.7333963700145,179.92415419867376,0.3157127625867385,179.61049511421712,1739364941637
142.19736194093613,-461.263337667981,359.73331467681186,179.92413387877852,0.31571260969744164,179.6105018675555,1739364941645
142.1974163122275,-461.26328253639304,359.7333293722963,179.92414060160297,0.31571268654239903,179.6104950708228,1739364941653
142.1973075111437,-461.26340526001445,359.7333137737384,179.92413380438668,0.31571254973890567,179.6104814726154,1739364941661
142.19741663959934,-461.2633075548358,359.73316524107736,179.924120282804,0.3157124253259345,179.6105085488957,1739364941669
142.19752604344615,-461.2632615768513,359.7332605684508,179.92412704305573,0.315712535591535,179.61051542426787,1739364941677
142.19747152956717,-461.2633673303873,359.7334366859629,179.92415423611814,0.31571278379680984,179.61050874878856,1739364941689
142.19741658041906,-461.26329532192995,359.7332605684508,179.9241270055943,0.3157125265887772,179.61049502875952,1739364941697
142.1974837447991,-461.2633041459803,359.7334238930606,179.92414738866805,0.31571957115440946,179.61050874551555,1739364941705
142.19741667245583,-461.26332079545125,359.73331467681186,179.9241338413171,0.3157126006954949,179.61050186745828,1739364941713
142.19742898042526,-461.26330777793794,359.73327445731684,179.92413379269354,0.3157193867813168,179.61050182991332,1739364941721
142.19742895479428,-461.26333347896684,359.73343768548074,179.92415418694648,0.3157196240478193,179.61050194964366,1739364941729
142.19740439803593,-461.26337174692026,359.7334227970938,179.92414748648034,0.31570593260704183,179.6105019477304,1739364941737
142.1974712870019,-461.26332884381816,359.7333422616475,179.92414743787393,0.31571270648231536,179.61050867112397,1739364941745
142.1974832925264,-461.26324041341223,359.73338448017364,179.9241473881541,0.3157196008985078,179.61050870731657,1739364941753
142.1974294918707,-461.26338374343254,359.7332185428048,179.92412703295656,0.3157192467708355,179.61050858968005,1739364941761
142.1974293742032,-461.26338397096777,359.7333276626059,179.92414062894818,0.315719418931784,179.6105086692784,1739364941769
142.19745894547998,-461.26330392736264,359.73331458036296,179.92413385249705,0.31570579339719107,179.6105018673725,1739364941777
142.1974586516586,-461.2633168428081,359.73354661238875,179.9241678427586,0.31570619061970157,179.6105020291597,1739364941785
142.19734996824545,-461.26343933895885,359.7334218940206,179.92414752447206,0.31570589965273144,179.61050194849312,1739364941793
142.19740406343848,-461.2633077868299,359.7332742644175,179.9241338899748,0.31570579018858735,179.61050182993628,1739364941801
142.19740427244966,-461.2633083394433,359.7333007879474,179.92412712913992,0.31570575850847366,179.61050866344053,1739364941809
142.19745867728685,-461.2632911418176,359.7333833842129,179.92414748596642,0.31570596235113996,179.6105087080018,1739364941817
142.19748368631332,-461.2633166064294,359.73343768548074,179.92415422440877,0.3157196330473519,179.61051554668165,1739364941825
142.19745897833775,-461.26331716792816,359.73346401611127,179.92414744847153,0.31570597777188386,179.6105019845011,1739364941833
142.19747158012655,-461.2632912349194,359.7331917646069,179.92411340958566,0.3157123666351502,179.61050178516663,1739364941841
142.19736163920103,-461.2632869484704,359.7333155798792,179.92413384078603,0.3157126426501331,179.6104950683224,1739364941849
142.1974164042642,-461.26330800990627,359.73338348066187,179.9241474373258,0.3157127606474983,179.61050190952156,1739364941857
142.1974039457708,-461.2633080143522,359.7333833842129,179.92414748596642,0.31570596235114007,179.61050190953142,1739364941865
142.1974164963009,-461.26333348341285,359.73343758903025,179.92415419812562,0.31571281675191704,179.6104951510851,1739364941873
142.19740430599919,-461.2633462734119,359.73336868872684,179.92414068821898,0.31570586750309165,179.61050190760008,1739364941885
142.19741658041906,-461.26329532192995,359.7332605684508,179.92412708051717,0.3157125445942884,179.61050862589477,1739364941893
142.1974043066924,-461.2633709667926,359.73328715376135,179.9241406887843,0.3157058011273599,179.61050183319864,1739364941901
142.19741643781364,-461.2633459438603,359.73345138145174,179.92416103386552,0.3157128786448576,179.61050195225042,1739364941909
142.19747077554723,-461.2632528783087,359.7333981761432,179.92415419761167,0.3157128464960151,179.6105019113565,1739364941917
142.19747134548763,-461.26331638336757,359.73332846922904,179.92414067705695,0.3157126625900454,179.6105154670939,1739364941925
142.1974038865902,-461.2632957814012,359.73347871159274,179.92415428367954,0.3157060816202641,179.61050198652973,1739364941933
142.19734918070768,-461.2632869529149,359.73331548343026,179.9241339268873,0.3157058533557158,179.61050186690147,1739364941941
142.19747143752735,-461.26334185688063,359.73338257759434,179.92414747531825,0.3157127276931934,179.61051550722507,1739364941949
142.1973738551383,-461.26324845743267,359.733221252025,179.92412699390118,0.31571936363199093,179.6104949906455,1739364941957
142.1974164042642,-461.26330800990627,359.73338348066187,179.92414747478725,0.3157127696478318,179.6105087080892,1739364941965
142.19740397932023,-461.2633459483063,359.7334512850028,179.92416108250612,0.31570608034849934,179.61050195225866,1739364941973
142.19748383683879,-461.2633296194823,359.73347800143074,179.92415414946709,0.315719627258818,179.61050198707989,1739364941981
142.19736194162635,-461.26336236135177,359.73323314184927,179.92413384188234,0.31571253431975405,179.61049499458647,1739364941989
142.19736158071234,-461.2632994089227,359.7333293722963,179.9241406765259,0.31571270454468364,179.61050186948768,1739364941997
142.19737436588449,-461.26329972955955,359.73324687248714,179.92412023359893,0.3157192899980609,179.61050182481364,1739364942005
142.19740397932023,-461.2633459483063,359.7334512850028,179.92416108250612,0.31570608034849934,179.61050195225866,1739364942013
142.1973618153573,-461.26327426047476,359.7331926676803,179.92411344651603,0.31571241759415936,179.610494986128,1739364942021
142.1974041219257,-461.2632953263759,359.73326047200186,179.92412705423575,0.3157057282924246,179.6104950287718,1739364942029
142.1974037025169,-461.26324483439083,359.7333704948557,179.92414072461756,0.3157059604135028,179.6105087048367,1739364942037
142.19734924779755,-461.2633628208345,359.7334512850028,179.92416108250612,0.31570608034849934,179.61049515378826,1739364942045
142.1974293742032,-461.26338397096777,359.7333276626059,179.92414062894818,0.315719418931784,179.6105086692784,1739364942053
142.19744132125098,-461.2633080010143,359.7333836735643,179.92414730258147,0.31572634823987833,179.6104951109342,1739364942061
142.19737434094085,-461.2633501239888,359.7333285656794,179.9241405909549,0.3157194518852764,179.61049507157486,1739364942073
142.1973495409314,-461.26332521197156,359.7333007879474,179.9241270916793,0.31570574950572605,179.6104950664025,1739364942081
142.19737470116473,-461.26338838304656,359.7333138701888,179.92413383066972,0.3157193660391803,179.61050186820955,1739364942089
142.19738689146794,-461.2633755930573,359.7333827704967,179.9241473031125,0.31572630628523995,179.6104883131293,1739364942097
142.19745888699424,-461.263316387815,359.73332837278,179.92414068823612,0.31570585529254697,179.61050866853697,1739364942105
142.1973491557639,-461.2633373473295,359.73339717663293,179.92415424678416,0.3157060062450243,179.6104883150903,1739364942113
142.19730703325655,-461.26336722846577,359.73343758903025,179.92415427304854,0.3157128347509751,179.6104951512796,1739364942121
142.19739169698178,-461.26333326479545,359.7333282763326,179.92414073687675,0.3156990569961632,179.61050187007726,1739364942129
142.1974164963009,-461.26333348341285,359.73343758903025,179.92415427304854,0.3157128347509751,179.61050874822035,1739364942137
142.19747152956717,-461.2633673303873,359.7334366859629,179.92415419865668,0.31571277479727866,179.61050195022096,1739364942145
142.19741670600538,-461.2633587294166,359.73338257759434,179.92414747531825,0.31571272769319336,179.6105087087547,1739364942153
142.19741643781364,-461.2633459438603,359.73345138145174,179.92416103386552,0.3157128786448576,179.61050195225042,1739364942161
142.19741688216024,-461.2633460414403,359.7332596653776,179.92412708104823,0.3157125026396505,179.6105086265603,1739364942169
142.1974164963009,-461.26333348341285,359.73343758903025,179.92415423558708,0.3157128257514483,179.6105019496527,1739364942177
142.19747140397337,-461.2633039229152,359.73331467681186,179.9241338413171,0.31571260069549484,179.61050866592862,1739364942185
142.19741664751814,-461.2633711898657,359.7333963700145,179.9241542735967,0.3157127805857965,179.61050871135237,1739364942193
142.19739178901852,-461.2633587383085,359.73338238469785,179.92414753513805,0.3156991221001178,179.61050191020678,1739364942201
142.1973492727413,-461.2633124264298,359.73336959179437,179.92414065022732,0.31570590045659114,179.61048830989654,1739364942209
142.19736152153322,-461.2632871759831,359.73342469967173,179.92414743677762,0.315712814812677,179.61049514791918,1739364942217
142.19741642989507,-461.2632823088579,359.73322025250707,179.92412708053428,0.315712532383735,179.6105085883613,1739364942225
142.19747140397337,-461.2633039229152,359.73331467681186,179.9241338413171,0.31571260069549484,179.61050866592862,1739364942233
142.1973743073958,-461.2633121900151,359.73326066490125,179.9241269944151,0.3157193338879061,179.61049502884447,1739364942241
142.1974170333773,-461.26338374787855,359.7332184463544,179.92412708159637,0.3157124484744586,179.6105085896923,1739364942253
142.1974166468248,-461.26334649646583,359.73347790498036,179.92415427303146,0.31571284696151086,179.6105087857538,1739364942261
142.19734942395405,-461.26335013287775,359.73332837278,179.92414068823612,0.315705855292547,179.6104950715962,1739364942269
142.1973916378013,-461.2633210318559,359.7334236037137,179.92414753458988,0.3156991762652963,179.61050194707477,1739364942277
142.19742874508972,-461.2633082329566,359.7334926969137,179.92416098467675,0.315719731106403,179.61050198911013,1739364942285
142.1974712863057,-461.26330415042776,359.73342379661017,179.9241473998472,0.3157127638577005,179.61050194695778,1739364942293
142.19741646275142,-461.2632955494556,359.73336968824333,179.9241406015859,0.3157126987529437,179.61049510835628,1739364942301
142.1974292236792,-461.26337095790063,359.7332873466607,179.92414055404078,0.315719388718939,179.61049503460967,1739364942309
142.19748374549528,-461.26332883937073,359.733342358098,179.92414738923333,0.31571950477868643,179.6105086711141,1739364942317
142.19742925653554,-461.26338419847735,359.7334367824133,179.92415415001526,0.315719573093644,179.61049515174153,1739364942325
142.19734951598778,-461.2633756063908,359.7333824811454,179.92414748649742,0.3157059203965016,179.61049511172655,1739364942333
142.19745850113316,-461.2633038297599,359.7335062964372,179.92416791769708,0.3157061964049904,179.61051558876147,1739364942341
142.1974167651858,-461.26337096234664,359.73328725021025,179.92414064014366,0.3157125994237182,179.61050183318798,1739364942349
142.19736197448117,-461.2633756019463,359.73338257759434,179.92414740039536,0.315712709692522,179.61048831314906,1739364942357
142.1974044572164,-461.2633839798597,359.7333274697065,179.92414065130654,0.3157058043367702,179.6104950721645,1739364942365
142.19747146315513,-461.26331615583223,359.7332193494336,179.92412711852677,0.3157124994318456,179.6105221860648,1739364942373
142.19734921425263,-461.26332488688047,359.7333833842129,179.92414748596642,0.31570596235114,179.61049511106106,1739364942381
142.1974044572164,-461.2633839798597,359.7333274697065,179.92414065130654,0.3157058043367702,179.6104950721645,1739364942389
142.19736182395872,-461.263362588884,359.7333422616475,179.92414743787393,0.3157127064823154,179.61049507418323,1739364942397
142.19736194093613,-461.263337667981,359.73331467681186,179.92413387877852,0.31571260969744164,179.6105018675555,1739364942405
142.19731970213581,-461.2634171634071,359.7333011390792,179.9241473523192,0.3157194416131558,179.6104814402674,1739364942413
142.1974043395487,-461.26338420736937,359.7334365895139,179.9241542472981,0.31570597650092613,179.61049515175966,1739364942421
142.1974164042642,-461.26330800990627,359.73338348066187,179.9241474373258,0.3157127606474983,179.61050190952156,1739364942433
142.19738698350164,-461.26340106656403,359.73343687886523,179.9241541763,0.3157263893890776,179.61050195039735,1739364942441
142.1974164963009,-461.26333348341285,359.73343758903025,179.92415419812562,0.31571281675191704,179.6104951510851,1739364942449
142.19741667245583,-461.26332079545125,359.73331467681186,179.9241338413171,0.3157126006954949,179.61050186745828,1739364942457
142.1974291644988,-461.2633587249706,359.7333826740448,179.92414742667845,0.31571952598957015,179.61050870874485,1739364942465
142.1974163707147,-461.2632700759407,359.7333155798792,179.924133840786,0.3157126426501331,179.61050186679276,1739364942473
142.1974293742032,-461.26338397096777,359.7333276626059,179.92414059148592,0.3157194099306382,179.61050187071075,1739364942481
142.19736205860372,-461.2633374404422,359.7332055570195,179.9241202827869,0.3157124375364923,179.61050178795878,1739364942489
142.1974166139686,-461.2633332559035,359.73332846922904,179.92414060213406,0.3157126445877607,179.61049507148832,1739364942497
142.19737439942952,-461.2633376635365,359.7333147732623,179.92413379267646,0.31571939899186596,179.6104950689764,1739364942505
142.19741654686948,-461.26325738794515,359.7331926676803,179.92411340905457,0.3157124085897883,179.61049498603077,1739364942513
142.1974164042642,-461.26330800990627,359.73338348066187,179.92414754971017,0.3157127876484853,179.61052230522446,1739364942521
142.19748350223387,-461.26326565940946,359.7333294687468,179.92414059042383,0.3157194938399146,179.61050866785013,1739364942529
142.19748359427365,-461.2632911329227,359.73338357711236,179.9241473512229,0.31571954994352563,179.61050190941444,1739364942537
142.1974161945597,-461.26328276390234,359.73343849209175,179.924154309979,0.3157128857051361,179.61051554612249,1739364942545
142.19741652193184,-461.2633077823839,359.73327436086646,179.9241338038727,0.3157125794829945,179.61049503135717,1739364942553
142.19741688216024,-461.2633460414403,359.7332596653776,179.92412708104823,0.3157125026396505,179.6105086265603,1739364942561
142.19734929837523,-461.2632867253764,359.73320636364406,179.92412021851382,0.3157056541840905,179.61048139160349,1739364942569
142.19745892054826,-461.2633543217771,359.73339627356546,179.9241542473152,0.3157059642903859,179.61050191269655,1739364942577
142.19747143752735,-461.26334185688063,359.73338257759434,179.92414743785682,0.31571271869285994,179.61050870865742,1739364942585
142.19747104374048,-461.26326566385694,359.7333293722963,179.92414063906443,0.31571269554354353,179.6105086678608,1739364942593
142.19741682367302,-461.2633585018943,359.7332734577932,179.92413384186523,0.31571254653030784,179.6105018305903,1739364942601
142.1973621250036,-461.26338861500403,359.73342289354275,179.9241474378397,0.3157127309034001,179.61049514925014,1739364942613
142.1973738295043,-461.2632741584808,359.73338448017364,179.92414731322955,0.3157195828978158,179.61048151324056,1739364942621
142.19747143752735,-461.26334185688063,359.73338257759434,179.92414740039536,0.3157127096925221,179.61050191008982,1739364942629
142.19753835141245,-461.26324855933035,359.7332203489575,179.92412703189447,0.31571933068011176,179.61052218528977,1739364942637
142.19730745265352,-461.26341772046675,359.7333275661555,179.92414064012655,0.31571261163426717,179.61048827378067,1739364942645
142.19742925653554,-461.26338419847735,359.7334367824133,179.92415418747754,0.31571958209318096,179.61050195030916,1739364942653
142.19741688216024,-461.2633460414403,359.7332596653776,179.9241270061254,0.31571248463413937,179.61049502942504,1739364942661
142.1974290139748,-461.26334571190824,359.733342358098,179.92414738923333,0.31571950477868643,179.61050187264374,1739364942669
142.19741670600538,-461.2633587294166,359.73338257759434,179.92414743785682,0.31571271869285994,179.61050191018705,1739364942677
142.1973917305313,-461.2633711987577,359.733396177118,179.92415433341648,0.31569917499352756,179.61050191280285,1739364942685
142.19736190739107,-461.26329973400397,359.7332467760367,179.92412024477733,0.3157124826981241,179.61049502625912,1739364942693
142.19741673955485,-461.2633966633707,359.7334504783844,179.92416103439658,0.31571283669021927,179.6105019529159,1739364942701
142.19736197448117,-461.2633756019463,359.73338257759434,179.92414740039536,0.315712709692522,179.61048831314906,1739364942709
142.19741697419698,-461.2633715149614,359.7333137737384,179.92413387930958,0.3157125677428035,179.6105086666914,1739364942717
142.1974170333773,-461.26338374787855,359.7332184463544,179.92412704413496,0.31571243947170546,179.6105017911247,1739364942725
142.19742895479428,-461.26333347896684,359.73343768548074,179.92415422440877,0.3157196330473519,179.6105087482113,1739364942733
142.19748359427365,-461.2632911329227,359.73338357711236,179.9241474636097,0.3157195769445434,179.61052230511734,1739364942741
142.1974167644926,-461.2633462689659,359.73336878517574,179.92414067703982,0.3157126748005899,179.61050870615702,1739364942749
142.1974043066924,-461.2633709667926,359.73328715376135,179.9241406887843,0.3157058011273599,179.61050183319864,1739364942757
142.19741670600538,-461.2633587294166,359.73338257759434,179.92414740039536,0.315712709692522,179.61049511161946,1739364942765
142.1974166139686,-461.2633332559035,359.73332846922904,179.92414060213406,0.3157126445877607,179.61049507148832,1739364942773
142.19736152153322,-461.2632871759831,359.73342469967173,179.92414743677762,0.315712814812677,179.61049514791918,1739364942781
142.19752592577854,-461.263261804377,359.73336968824333,179.92414063904735,0.3157127077540882,179.61051550386463,1739364942793
142.19736188244744,-461.2633501284332,359.73332846922904,179.92414067705695,0.3157126625900454,179.61050187015317,1739364942801
142.19741646275142,-461.2632955494556,359.73336968824333,179.9241406765088,0.31571271675522844,179.61050870549153,1739364942809
142.19741658041906,-461.26329532192995,359.7332605684508,179.9241270055943,0.3157125265887772,179.61049502875952,1739364942817
142.19752599289544,-461.26333767228033,359.7335054898248,179.92416783212684,0.31571294374880254,179.6105155893223,1739364942825
142.19740421396247,-461.26332079989726,359.73331458036296,179.92413388995772,0.31570580239913654,179.61050186746974,1739364942833
142.19733669658,-461.26331265837405,359.7334786151452,179.92415436978004,0.31569929232339555,179.61050198663602,1739364942841
142.19740406343848,-461.2633077868299,359.7332742644175,179.92413385251416,0.31570578118664194,179.61049503136866,1739364942849
142.19741715035167,-461.2633588269657,359.73319086152765,179.92411337265528,0.3157123156761368,179.61048818879416,1739364942857
142.197361672746,-461.263324882436,359.73338348066187,179.92414747478725,0.3157127696478318,179.61050190961882,1739364942865
142.19740403780747,-461.26333348785886,359.7334374925813,179.92415420930638,0.3157060094560344,179.61048835252652,1739364942873
142.19736218418262,-461.2634008479434,359.7333275661555,179.92414064012655,0.31571261163426706,179.61049507225104,1739364942881
142.19747122781993,-461.26331661087687,359.73343758903025,179.92415419812562,0.315712816751917,179.61050194955547,1739364942889
142.19734930628627,-461.2633503603871,359.7334374925813,179.92415428422768,0.31570602745508985,179.61049515119137,1739364942897
142.19745879425832,-461.2632662209146,359.73335579937725,179.9241339268702,0.3157058655662606,179.6105155013757,1739364942905
142.19737458349698,-461.26338861055956,359.73342298999324,179.92414742666136,0.31571953820011034,179.6105019478079,1739364942913
142.19740376169736,-461.26325706731944,359.733275167485,179.92413396436504,0.3157058501471034,179.610515426406,1739364942921
142.19736209214884,-461.26337537442396,359.7332734577932,179.9241339167881,0.31571256453419666,179.61050862925518,1739364942929
142.1975138025969,-461.2633504622936,359.7334365895139,179.9241543222194,0.31570599449997255,179.61052234583562,1739364942937
142.19734951598778,-461.2633756063908,359.7333824811454,179.92414748649742,0.3157059203965016,179.61049511172655,1739364942945
142.19740382810292,-461.26330824184856,359.7334925040142,179.92416111941864,0.315706143512388,179.61050878769424,1739364942953
142.19736215063756,-461.26336291397007,359.7332596653776,179.92412708104825,0.31571250263965045,179.6105018280899,1739364942961
142.19741616170353,-461.26326952332573,359.733289056351,179.924140676543,0.31571269233413474,179.61050863042462,1739364942969
142.1974292821664,-461.26335849744834,359.7332735542436,179.92413383068686,0.31571935382863126,179.61050862914647,1739364942977
142.19741667245583,-461.26332079545125,359.73331467681186,179.92413376639416,0.3157125826915881,179.61048827032303,1739364942989
142.19741679804213,-461.26338420292336,359.7334366859629,179.9241542735796,0.3157127927963366,179.61050874888585,1739364942997
142.1974291644988,-461.2633587249706,359.7333826740448,179.92414735175393,0.31571950798888737,179.61049511160957,1739364943005
142.19741637863297,-461.2633337108965,359.7335467088377,179.9241677941172,0.31571298891605426,179.61049523068192,1739364943013
142.19741682367302,-461.2633585018943,359.7332734577932,179.92413384186523,0.31571254653030784,179.6105018305903,1739364943021
142.19745876140036,-461.2632529803136,359.73320636364406,179.92412033089568,0.31570568119476644,179.61051538424712,1739364943029
142.1974713198596,-461.26334208437714,359.7334916974018,179.92416103384843,0.3157128908553934,179.61050878825424,1739364943037
142.1974166139686,-461.2633332559035,359.73332846922904,179.92414063959552,0.3157126535889053,179.61050187005594,1739364943045
142.1974040298889,-461.2632698528483,359.73320636364406,179.92412025597443,0.31570566318765353,179.6104949886415,1739364943053
142.197458979034,-461.26334186132806,359.7333824811454,179.92414744903678,0.3157059113961695,179.61050191009966,1739364943061
142.1974166139686,-461.2633332559035,359.73332846922904,179.92414063959552,0.3157126535889053,179.61050187005594,1739364943069
142.19747140397337,-461.2633039229152,359.73331467681186,179.92413376639416,0.31571258269158814,179.6104950687934,1739364943077
142.19736206651487,-461.2634010754531,359.7334366859629,179.92415423611814,0.31571278379680984,179.61049515184783,1739364943085
142.1975260770047,-461.2632995108249,359.73332846922904,179.9241406395955,0.3157126535889053,179.61051546699667,1739364943093
142.1974712870019,-461.26332884381816,359.7333422616475,179.92414751279685,0.3157127244829777,179.61052226825922,1739364943101
142.19745852606505,-461.26325343536485,359.7334246032228,179.9241475228789,0.3157060255166463,179.61051554343737,1739364943109
142.19740409629472,-461.2633210274099,359.7334237001612,179.92414752340994,0.31570598356200785,179.61050874563253,1739364943117
142.197458979034,-461.26334186132806,359.7333824811454,179.92414748649742,0.3157059203965016,179.6105087086673,1739364943125
142.1974044572164,-461.2633839798597,359.7333274697065,179.92414065130654,0.3157058043367702,179.6104950721645,1739364943133
142.1974167644926,-461.2633462689659,359.73336878517574,179.92414067703982,0.3157126748005899,179.61050870615702,1739364943141
142.1974166139686,-461.2633332559035,359.73332846922904,179.92414067705695,0.3157126625900453,179.61050866862357,1739364943149
142.19741667245583,-461.26332079545125,359.73331467681186,179.9241338413171,0.3157126006954949,179.61050186745828,1739364943157
142.19747116933414,-461.2633290713242,359.73345138145174,179.92416099640403,0.31571286964613304,179.61050195215313,1739364943169
142.1974040298889,-461.2632698528483,359.73320636364406,179.92412033089568,0.3157056811947665,179.61050858577676,1739364943177
142.19736142949964,-461.2632617024746,359.73337059130466,179.9241406385163,0.31571274970872665,179.61049510778804,1739364943185
142.1974166139686,-461.2633332559035,359.73332846922904,179.92414063959552,0.3157126535889053,179.61050187005594,1739364943193
142.19741613607243,-461.2632952243498,359.73345228451325,179.924160995873,0.31571291160077164,179.61049515301727,1739364943201
142.19736194093613,-461.263337667981,359.73331467681186,179.9241338413171,0.3157126006954949,179.6104950689879,1739364943209
142.19745856031528,-461.26331606271407,359.7334109690545,179.92416108252326,0.3157060681379592,179.61050871319554,1739364943217
142.1973617904137,-461.2633246549135,359.73327436086646,179.92413384133417,0.31571258848494566,179.6104950314544,1739364943225
142.1974591295595,-461.26335487438575,359.7334227970938,179.92414741155903,0.3157059146063731,179.6104951490655,1739364943233
142.19747179776036,-461.2633801159401,359.73336788210247,179.92414064010944,0.31571262384481186,179.61050870672528,1739364943241
142.1974292236792,-461.26337095790063,359.7332873466607,179.9241406289653,0.315719406721235,179.61050863174492,1739364943249
142.19742871223363,-461.2632949923978,359.7333432611654,179.92414742616452,0.3157195557336639,179.61050867054587,1739364943257
142.19747200746778,-461.2634053619355,359.733312870659,179.92413384237918,0.31571251678621864,179.61050866725967,1739364943265
142.19747125344782,-461.26329090984785,359.73327436086646,179.9241338787956,0.3157125974868924,179.6105154269628,1739364943273
142.1973614886786,-461.26327393540305,359.73327526393393,179.92413387826457,0.3157126394415309,179.61050182935654,1739364943281
142.19734948244272,-461.2633376724255,359.73331458036296,179.92413388995772,0.31570580239913654,179.61049506899937,1739364943289
142.19747119426594,-461.2632786769195,359.73336968824333,179.9241406765088,0.31571271675522833,179.6105155039619,1739364943297
142.19744624442117,-461.26326544521663,359.7332200596107,179.9241271028943,0.31569891778549314,179.61050178972098,1739364943305
142.1975386531656,-461.26329927884046,359.7332194458841,179.92412706988773,0.31571929772822815,179.6105289845229,1739364943313
142.19747200746778,-461.2634053619355,359.733312870659,179.92413380491774,0.31571250778426757,179.610501868692,1739364943321
142.19741658041906,-461.26329532192995,359.7332605684508,179.92412708051717,0.3157125445942884,179.61050862589477,1739364943329
142.19741664751814,-461.2633711898657,359.7333963700145,179.9241541612123,0.3157127535872028,179.6104883156495,1739364943337
142.19741652193184,-461.2633077823839,359.73327436086646,179.9241338787956,0.3157125974868924,179.61050862849243,1739364943345
142.19734885402877,-461.2632866278188,359.73339807969427,179.9241542462531,0.3157060481996626,179.6104883144248,1739364943357
142.19753868602513,-461.26331251943833,359.73336888162623,179.9241406284,0.31571947309696674,179.6105223030871,1739364943365
142.19736184890237,-461.26331219445956,359.7332605684508,179.92412704305573,0.315712535591535,179.61049502885677,1739364943373
142.19740424751197,-461.2633587338626,359.7333824811454,179.92414756141872,0.3157059383971524,179.6105155073322,1739364943381
142.1974597586817,-461.2634306123719,359.7332577627636,179.9241270932895,0.31570561143126236,179.61050862780633,1739364943389
142.19736176477969,-461.26335035594263,359.73343758903025,179.92415423558708,0.31571282575144827,179.6104951511823,1739364943397
142.1973490045511,-461.26329964087665,359.73343839564274,179.924154246236,0.31570606041020277,179.61048835195825,1739364943405
142.19740421396247,-461.26332079989726,359.73331458036296,179.92413392741832,0.3157058114010775,179.61050866603736,1739364943413
142.19748389602077,-461.26334185243314,359.7333826740448,179.9241473892162,0.31571951698923106,179.6105087086476,1739364943421
142.19740415547525,-461.2633332603495,359.73332837278,179.92414068823612,0.315705855292547,179.6105018700666,1739364943429
142.19740415547525,-461.2633332603495,359.73332837278,179.92414065077548,0.3157058462914083,179.61049507149897,1739364943437
142.19741670600538,-461.2633587294166,359.73338257759434,179.92414747531825,0.31571272769319336,179.6105087087547,1739364943445
142.19737458349698,-461.26338861055956,359.73342298999324,179.9241473891991,0.31571952919977114,179.6104951492403,1739364943453
142.1974164963009,-461.26333348341285,359.73343758903025,179.92415419812562,0.31571281675191704,179.6104951510851,1739364943461
142.1974169157098,-461.2633839754138,359.7333275661555,179.92414064012655,0.3157126116342671,179.61050187072144,1739364943469
142.19740422188084,-461.26338443485326,359.7335457093275,179.92416791821105,0.31570616666088347,179.61050882849008,1739364943477
142.19742913094925,-461.2633207910053,359.7333147732623,179.92413379267646,0.31571939899186596,179.6105018674468,1739364943485
142.19734936546533,-461.26336259332845,359.73334216519856,179.92414744905392,0.3157058991856249,179.61048827562547,1739364943493
142.19736230116,-461.26337592703715,359.7332999813229,179.92412711849258,0.31571252385294835,179.61050866419097,1739364943501
142.19751374411257,-461.263362922741,359.73345038193537,179.92416108303718,0.31570603839386085,179.61051554986489,1739364943509
142.1974039122213,-461.2632700803867,359.73331548343026,179.9241339268873,0.3157058533557158,179.61050866537187,1739364943517
142.1973613710109,-461.2632741629253,359.7333843837232,179.92414743679473,0.3157128026021367,179.6104951103857,1739364943525
142.19734942395405,-461.26335013287775,359.73332837278,179.92414072569676,0.3157058642936813,179.61050187016383,1739364943533
142.1974043651796,-461.2633585063402,359.73327336134423,179.92413389050586,0.3157057482339496,179.61050183060178,1739364943545
142.19740376169736,-461.26325706731944,359.733275167485,179.9241339269044,0.31570584114516687,179.6105086278384,1739364943553
142.19740400495124,-461.2633202472822,359.73328805683457,179.92414072571387,0.31570585208313207,179.61050863110074,1739364943561
142.19747125344782,-461.26329090984785,359.73327436086646,179.92413384133417,0.31571258848494577,179.61050862839517,1739364943569
142.1974164963009,-461.26333348341285,359.73343758903025,179.92415423558708,0.3157128257514483,179.6105019496527,1739364943577
142.19747152956717,-461.2633673303873,359.7334366859629,179.92415423611814,0.31571278379680984,179.61050874878856,1739364943585
142.19736188244744,-461.2633501284332,359.73332846922904,179.92414067705695,0.3157126625900454,179.61050187015317,1739364943593
142.19737401426195,-461.2633497988879,359.7334111619539,179.9241610601666,0.31571968272813605,179.61050871337355,1739364943601
142.19742892193804,-461.2633202383903,359.73328824973396,179.92414055350972,0.31571943067357683,179.61049503394418,1739364943609
142.19737394717203,-461.26327393095863,359.73327536038437,179.92413382962474,0.3157194377379077,179.61050182934508,1739364943617
142.19734972568926,-461.26340085238786,359.7333274697065,179.92414068876718,0.3157058133379088,179.61049507226173,1739364943625
142.19736197448117,-461.2633756019463,359.73338257759434,179.92414743785682,0.31571271869285994,179.6104951117167,1739364943633
142.19745892054826,-461.2633543217771,359.73339627356546,179.9241542473152,0.3157059642903859,179.61050191269655,1739364943641
142.19736188244744,-461.2633501284332,359.73332846922904,179.92414067705695,0.3157126625900454,179.61050187015317,1739364943649
142.1973615222236,-461.26331186937335,359.7333431647149,179.92414747480433,0.3157127574372871,179.61050187208534,1739364943657
142.1974709260727,-461.2632658913664,359.73343849209175,179.9241542725175,0.3157128767056136,179.6105155460252,1739364943665
142.1974287707209,-461.263282531947,359.7333294687468,179.9241405904238,0.3157194938399147,179.61050186937976,1739364943673
142.19740406343848,-461.2633077868299,359.7332742644175,179.9241338899748,0.31570579018858735,179.61050182993628,1739364943681
142.1973742489071,-461.263324650469,359.73327445731684,179.92413375523128,0.3157193777793598,179.61048823287533,1739364943689
142.19740409698804,-461.2633457208002,359.73334216519856,179.9241475239752,0.3157059171862847,179.6105086712311,1739364943697
142.1974164963009,-461.26333348341285,359.73343758903025,179.92415419812562,0.31571281675191704,179.6104951510851,1739364943705
142.1974041219257,-461.2632953263759,359.73326047200186,179.92412709169636,0.3157057372951767,179.61050182733942,1739364943713
142.1974838289127,-461.2632659844909,359.73324687248714,179.92412019613667,0.3157192809944952,179.61050862318677,1739364943721
142.197458979034,-461.26334186132806,359.7333824811454,179.92414741157614,0.3157059023958329,179.61049511153206,1739364943729
142.19736182395872,-461.263362588884,359.7333422616475,179.92414743787393,0.3157127064823154,179.61049507418323,1739364943741
142.19742907246203,-461.2633332514576,359.7333285656794,179.92414051603038,0.3157194338829713,179.61048827291,1739364943749
142.1974166139686,-461.2633332559035,359.73332846922904,179.92414063959552,0.3157126535889053,179.61050187005594,1739364943757
142.19741634577696,-461.26332047035527,359.73339727308195,179.92415419814276,0.31571280454137685,179.61049511355162,1739364943765
142.19741685652934,-461.26337174247436,359.73342289354275,179.92414751276263,0.3157127489040625,179.6105155448558,1739364943773
142.19742895479428,-461.26333347896684,359.73343768548074,179.9241541494842,0.31571961504828233,179.61049515107604,1739364943781
142.197404004258,-461.2632955539016,359.73336959179437,179.92414068768798,0.31570590945773,179.6105019069346,1739364943789
142.19736188244744,-461.2633501284332,359.73332846922904,179.92414067705695,0.3157126625900454,179.61050187015317,1739364943797
142.19736191599247,-461.26338806239534,359.7333963700145,179.9241541612123,0.3157127535872028,179.6104815171791,1739364943805
142.19740451570362,-461.26337151940743,359.73331367728946,179.9241338530281,0.31570575144255314,179.61049506956763,1739364943813
142.1973617312347,-461.2633124219853,359.73336968824333,179.92414063904735,0.3157127077540883,179.61049510845353,1739364943821
142.19736188244744,-461.2633501284332,359.73332846922904,179.92414060213406,0.3157126445877607,179.61048827301792,1739364943829
142.19741649699418,-461.26335817680325,359.7333560540676,179.92415423615236,0.3157127593757251,179.6105018752513,1739364943837
142.1974418326966,-461.2633839665218,359.73332775905783,179.9241405428453,0.31572620822699654,179.6105018707001,1739364943845
142.1974166139686,-461.2633332559035,359.73332846922904,179.92414067705695,0.3157126625900453,179.61050866862357,1739364943853
142.19736212569396,-461.2634133083941,359.7333413585741,179.924147438405,0.31571266452767716,179.61049507484873,1739364943861
142.19737413123943,-461.26332487799147,359.73338357711236,179.92414738868516,0.3157195589438694,179.61049511104133,1739364943869
142.19747155519497,-461.2633416293582,359.7332734577932,179.9241338044038,0.3157125375283567,179.61050183049304,1739364943877
142.1974716136807,-461.26332916890425,359.7332596653776,179.92412708104823,0.31571250263965045,179.61051542503066,1739364943885
142.19748401368838,-461.2633416249107,359.7332735542436,179.9241337932246,0.3157193448266788,179.61050862904918,1739364943893
142.19745870291464,-461.2632654407692,359.7332201560581,179.9241271291741,0.3157057340873709,179.61051538684396,1739364943901
142.1974039457708,-461.2633080143522,359.7333833842129,179.92414752342705,0.31570597135146766,179.61050870809905,1739364943909
142.19747152164086,-461.2633036953766,359.7332055570195,179.92412032024833,0.3157124465400479,179.61052218346714,1739364943917
142.1973492734316,-461.2633371198103,359.73328805683457,179.9241406882532,0.3157058430819978,179.61049503406275,1739364943925
142.19729460040026,-461.26334153187975,359.7332742644175,179.9241338899748,0.3157057901885874,179.61048823299552,1739364943937
142.19740421396247,-461.26332079989726,359.73331458036296,179.92413388995772,0.31570580239913654,179.61050186746974,1739364943945
142.19741652193184,-461.2633077823839,359.73327436086646,179.92413376641127,0.3157125704810389,179.61048823278955,1739364943953
142.19736170560046,-461.26333812298054,359.73353291641473,179.92416107076173,0.31571295401928345,179.6105020267491,1739364943961
142.19745831705382,-461.2632528827562,359.73339807969427,179.92415428371376,0.3157060571991881,179.61050870993316,1739364943969
142.19741646275142,-461.2632955494556,359.73336968824333,179.92414063904735,0.3157127077540883,179.61050190692393,1739364943977
142.1974039457708,-461.2633080143522,359.7333833842129,179.92414741104508,0.31570594435047133,179.6104883123962,1739364943985
142.19741685652934,-461.26337174247436,359.73342289354275,179.9241474378397,0.3157127309034001,179.61050194772054,1739364943993
142.19736188244744,-461.2633501284332,359.73332846922904,179.92414071451842,0.315712671591181,179.6105086687208,1739364944001
142.19742919012958,-461.26333302392226,359.7332194458841,179.9241270324255,0.3157192887254735,179.61050858901453,1739364944009
142.1974714710814,-461.2633797908347,359.7334504783844,179.92416099693511,0.31571282769149467,179.61050195281862,1739364944017
142.19741613607243,-461.2632952243498,359.73345228451325,179.924160995873,0.31571291160077164,179.61049515301727,1739364944025
142.19747125344782,-461.26329090984785,359.73327436086646,179.92413384133417,0.31571258848494577,179.61050862839517,1739364944033
142.19736188244744,-461.2633501284332,359.73332846922904,179.92414063959552,0.3157126535889053,179.61049507158555,1739364944041
142.19745894547998,-461.26330392736264,359.73331458036296,179.92413385249705,0.31570579339719107,179.6105018673725,1739364944049
142.19741646275142,-461.2632955494556,359.73336968824333,179.92414063904735,0.3157127077540883,179.61050190692393,1739364944057
142.19737464267604,-461.26340084349886,359.7333276626059,179.92414059148592,0.3157194099306382,179.61049507224035,1739364944065
142.1973493319203,-461.2633246593579,359.7332742644175,179.9241338899748,0.31570579018858735,179.6104950314659,1739364944073
142.19734963365545,-461.2633753788685,359.73327336134423,179.92413389050586,0.3157057482339495,179.61049503213138,1739364944081
142.19745909600547,-461.26331694042506,359.7333548963098,179.92413388994058,0.3157058146096812,179.61050870347358,1739364944089
142.19730745265352,-461.26341772046675,359.7333275661555,179.92414064012655,0.31571261163426717,179.61048827378067,1739364944097
142.19748380398104,-461.2633163789201,359.7333285656794,179.9241405909549,0.31571945188527645,179.61050866851562,1739364944105
142.19748359427365,-461.2632911329227,359.73338357711236,179.9241473512229,0.31571954994352563,179.61050190941444,1739364944113
142.19742864513466,-461.2632191244459,359.7332074596108,179.92412027054723,0.3157193287457072,179.6105153836527,1739364944125
142.1974290139748,-461.26334571190824,359.733342358098,179.92414738923333,0.31571950477868643,179.61050187264374,1739364944133
142.19737437448586,-461.26338805795086,359.73339646646485,179.92415418749462,0.31571956988264077,179.6104951143053,1739364944141
142.19736209214884,-461.26337537442396,359.7332734577932,179.92413384186523,0.31571254653030784,179.6104950321199,1739364944149
142.1974167651858,-461.26337096234664,359.73328725021025,179.92414060268223,0.3157125904225738,179.61049503462036,1739364944157
142.19734948313294,-461.2633623657963,359.73323304540025,179.92413389052297,0.3157057360233957,179.61049499459793,1739364944165
142.19736221703724,-461.26341408850595,359.73347700191295,179.92415419863957,0.3157127870078146,179.61048839081369,1739364944173
142.1974292236792,-461.26337095790063,359.7332873466607,179.92414059150303,0.3157193977200892,179.61050183317732,1739364944181
142.1973493319203,-461.2633246593579,359.7332742644175,179.9241338899748,0.31570579018858735,179.6104950314659,1739364944189
142.19741606897364,-461.2632193564301,359.7333164829408,179.92413384025497,0.31571268460477164,179.61050186612727,1739364944197
142.19745885344017,-461.26327845384134,359.73326047200186,179.92412705423575,0.3157057282924246,179.61050182724216,1739364944205
142.197374256818,-461.2633882854441,359.73350558627527,179.9241678584108,0.3157197600410077,179.610508791039,1739364944213
142.197391604945,-461.26330779127585,359.73327416797,179.92413397607524,0.3156990008941388,179.61050862851536,1739364944221
142.19740379524683,-461.2632950012897,359.7333430682659,179.92414752344416,0.3157059591409231,179.61050867056557,1739364944229
142.1974163122275,-461.26328253639304,359.7333293722963,179.92414060160297,0.31571268654239903,179.6104950708228,1739364944237
142.19736200802615,-461.26341353590044,359.7334504783844,179.9241609969351,0.3157128276914947,179.6104883558779,1739364944245
142.19741648838226,-461.26326984840233,359.733206460093,179.92412024479444,0.3157124704875706,179.61050178719603,1739364944253
142.19741679804213,-461.26338420292336,359.7334366859629,179.92415419865668,0.31571277479727866,179.6104951517506,1739364944261
142.19741642989507,-461.2632823088579,359.73322025250707,179.92412700561144,0.3157125143782238,179.61049499122606,1739364944269
142.19738664891176,-461.2633371064768,359.7332883461858,179.92414054233134,0.31572623797108545,179.61049503403075,1739364944277
142.19747155519497,-461.2633416293582,359.7332734577932,179.92413384186523,0.31571254653030784,179.61050862906066,1739364944285
142.19742938212167,-461.26344760591576,359.73355879158385,179.9241746572032,0.31571978318869615,179.61051563030685,1739364944293
142.19736142949964,-461.2632617024746,359.73337059130466,179.92414067597775,0.31571275870986687,179.61050190635564,1739364944305
142.19741669808656,-461.2632950943785,359.73315144866467,179.92411340960277,0.3157123544245922,179.61049494916278,1739364944313
142.19747140397337,-461.2633039229152,359.73331467681186,179.92413380385565,0.31571259169354376,179.61050186736102,1739364944321
142.19741655478813,-461.2633210229639,359.73342379661017,179.92414743730865,0.31571277285803845,179.61050194705504,1739364944329
142.19737439942952,-461.2633376635365,359.7333147732623,179.9241337552142,0.315719389989909,179.61048827040878,1739364944337
142.1974169157098,-461.2633839754138,359.7333275661555,179.92414064012655,0.3157126116342671,179.61050187072144,1739364944345
142.19736218418262,-461.2634008479434,359.7333275661555,179.92414064012655,0.31571261163426706,179.61049507225104,1739364944353
142.1974161945597,-461.26328276390234,359.73343849209175,179.9241542725175,0.31571287670561365,179.61050874755486,1739364944361
142.19741646344463,-461.26332024283624,359.7332881532835,179.92414060215114,0.31571263237721153,179.61049503395483,1739364944369
142.19752577455236,-461.263224097924,359.7334109072532,179.92414060103775,0.31571275291812245,179.610508742165,1739364944377
142.1973617983246,-461.2633882898886,359.7335054898248,179.92416783212684,0.3157129437488025,179.61049519391116,1739364944385
142.1974590375197,-461.26332940087735,359.73336868872684,179.924140688219,0.3157058675030916,179.61050870607045,1739364944393
142.19748344305185,-461.2632534264699,359.73342479612216,179.924147388137,0.3157196131090481,179.61050874485005,1739364944401
142.19747140397337,-461.2633039229152,359.73331467681186,179.9241338413171,0.31571260069549484,179.61050866592862,1739364944409
142.19736188244744,-461.2633501284332,359.73332846922904,179.92414063959552,0.3157126535889053,179.61049507158555,1739364944417
142.19747155519497,-461.2633416293582,359.7332734577932,179.9241338044038,0.3157125375283567,179.61050183049304,1739364944425
142.1974292821664,-461.26335849744834,359.7332735542436,179.92413383068686,0.31571935382863126,179.61050862914647,1739364944433
142.19748368631332,-461.2633166064294,359.73343768548074,179.92415418694648,0.3157196240478192,179.610508748114,1739364944441
142.19737455064225,-461.2633753699795,359.7332735542436,179.9241337932246,0.31571934482667885,179.61049503210845,1739364944449
142.1974164042642,-461.26330800990627,359.73338348066187,179.9241474373258,0.3157127606474983,179.61050190952156,1739364944457
142.1974160440358,-461.2632697508446,359.7333981761432,179.92415423507316,0.31571285549554645,179.61050191145375,1739364944465
142.1973617904137,-461.2633246549135,359.73327436086646,179.9241338787956,0.3157125974868924,179.61050183002206,1739364944473
142.19741667245583,-461.26332079545125,359.73331467681186,179.9241338413171,0.3157126006954949,179.61050186745828,1739364944481
142.19747164723478,-461.26336710287774,359.7333275661555,179.92414064012655,0.3157126116342671,179.6105086691918,1739364944489
142.1975257831848,-461.26331242626196,359.7335605012622,179.92417459239564,0.31571304181026977,179.61050883022034,1739364944501
142.19740388728354,-461.2633204748013,359.73339717663293,179.92415428424482,0.3157060152445498,179.61050191212829,1739364944509
142.19742861950368,-461.2632448254989,359.73337068775515,179.9241405524134,0.3157195390039473,179.61049510768012,1739364944517
142.19737449146328,-461.26336313705116,359.73336888162623,179.92414059093775,0.3157194640958209,179.61049510910834,1739364944525
142.19736194162635,-461.26336236135177,359.73323314184927,179.92413380442088,0.315712525317803,179.61048819601882,1739364944533
142.19748383753503,-461.2633543128822,359.73339646646485,179.92415415003236,0.3157195608831038,179.61050191267842,1739364944541
142.19736158071234,-461.2632994089227,359.7333293722963,179.9241406765259,0.31571270454468364,179.61050186948768,1739364944549
142.19736163920103,-461.2632869484704,359.7333155798792,179.92413384078603,0.3157126426501331,179.6104950683224,1739364944557
142.19745876932652,-461.26331661532436,359.7334374925813,179.92415424676705,0.3157060184555643,179.6105019495645,1739364944565
142.19747071636516,-461.26324064535595,359.7334935035186,179.9241610702478,0.3157129837633907,179.61051558549087,1739364944573
142.1974166139686,-461.2633332559035,359.73332846922904,179.92414060213406,0.3157126445877607,179.61049507148832,1739364944581
142.19747134548763,-461.26331638336757,359.73332846922904,179.92414067705695,0.3157126625900454,179.6105154670939,1739364944589
142.19742913094925,-461.2633207910053,359.7333147732623,179.92413379267646,0.31571939899186596,179.6105018674468,1739364944597
142.19737439942952,-461.2633376635365,359.7333147732623,179.92413386760094,0.31571941699576656,179.61050866611166,1739364944605
142.1974716223031,-461.2634174972872,359.7334092593626,179.92416099748326,0.31571277352631666,179.61050191595066,1739364944613
142.19748362782755,-461.2633290668768,359.7334514779022,179.92416098522492,0.31571967694122866,179.61050875071254,1739364944621
142.19741625374022,-461.2632949968437,359.7333431647149,179.92414747480433,0.3157127574372871,179.61050867055573,1739364944629
142.19742922298602,-461.26334626451995,359.73336888162623,179.92414059093775,0.31571946409582097,179.61050190757874,1739364944637
142.19736182326838,-461.2633378954936,359.73342379661017,179.92414743730865,0.31571277285803845,179.61049514858465,1739364944645
142.19748389602077,-461.26334185243314,359.7333826740448,179.92414742667847,0.3157195259895702,179.61051550721518,1739364944653
142.1974288627576,-461.26330800546026,359.73338357711236,179.92414738868516,0.3157195589438694,179.61050190951173,1739364944661
142.19741670600538,-461.2633587294166,359.73338257759434,179.92414743785682,0.31571271869285994,179.61050191018705,1739364944669
142.19739136960945,-461.26330824629457,359.7334924075667,179.92416113059858,0.31569933621728974,179.61050198913486,1739364944681
142.19747137904162,-461.26335431732963,359.7333963700145,179.9241542735967,0.31571278058579655,179.61051550982273,1739364944689
142.1974039457708,-461.2633080143522,359.7333833842129,179.92414748596642,0.31570596235114007,179.61050190953142,1739364944697
142.1974043987292,-461.2633964403104,359.7333412621251,179.92414748704562,0.315705866231319,179.61050187332896,1739364944705
142.1974164963009,-461.26333348341285,359.73343758903025,179.92415416066416,0.31571280775238125,179.61048835251745,1739364944713
142.19742925653554,-461.26338419847735,359.7334367824133,179.92415415001526,0.315719573093644,179.61049515174153,1739364944721
142.1974593064089,-461.2633668797898,359.7332183499055,179.92412713023623,0.31570565017809443,179.61051538817497,1739364944729
142.19742892193804,-461.2633202383903,359.73328824973396,179.92414059097197,0.31571943967472704,179.6105018325118,1739364944737
142.1973493319203,-461.2633246593579,359.7332742644175,179.9241338899748,0.31570579018858735,179.6104950314659,1739364944745
142.1974043395487,-461.26338420736937,359.7334365895139,179.92415428475874,0.3157059855004516,179.61050195032726,1739364944753
142.19747143752735,-461.26334185688063,359.73338257759434,179.92414743785682,0.31571271869285994,179.61050870865742,1739364944761
142.19737470185487,-461.26341307641763,359.73323233522035,179.9241337563105,0.3157192816595304,179.61048819667286,1739364944769
142.19734951598778,-461.2633756063908,359.7333824811454,179.92414748649742,0.3157059203965016,179.61049511172655,1739364944777
142.1974711364763,-461.26331583075086,359.73330194570207,179.9241474753525,0.31571270327209955,179.6105154321581,1739364944785
142.19745852676132,-461.263278128755,359.7333430682659,179.9241474859835,0.3157059501405952,179.61050867046833,1739364944793
142.1974837119412,-461.2632909054004,359.73327445731684,179.92413386761805,0.3157194047852172,179.61052222551896,1739364944801
142.19747113578023,-461.2632911373701,359.73338348066187,179.9241474373258,0.3157127606474983,179.61050870799193,1739364944809
142.1973620914586,-461.2633506810434,359.7333549927588,179.92413380383852,0.3157126039040884,179.61048830795372,1739364944817
142.19745888699424,-461.263316387815,359.73332837278,179.92414068823612,0.31570585529254697,179.61050866853697,1739364944825
142.19745888699424,-461.263316387815,359.73332837278,179.92414068823612,0.31570585529254697,179.61050866853697,1739364944833
142.19734942395405,-461.26335013287775,359.73332837278,179.9241405758542,0.3157058282891175,179.61047467589336,1739364944841
142.1973742817618,-461.26333789104905,359.7334238930606,179.92414735120576,0.3157195621540659,179.61048835000716,1739364944849
142.19747149601312,-461.26332939642987,359.73336878517574,179.92414067703982,0.31571267480058984,179.6105155046274,1739364944861
142.19741610252305,-461.26325729039553,359.7333843837232,179.92414743679473,0.3157128026021367,179.6105019088561,1739364944869
142.19736227621638,-461.26342632145656,359.73338167452107,179.9241474758493,0.3157126857385552,179.6105019109498,1739364944877
142.19737407275068,-461.26333733844046,359.7333973695324,179.92415414950133,0.3157196028377422,179.6104883150722,1739364944885
142.19747143752735,-461.26334185688063,359.73338257759434,179.92414740039536,0.3157127096925221,179.61050191008982,1739364944893
142.1974168308981,-461.2633974434506,359.73358612172945,179.92416783209265,0.3157129681698606,179.6105020674485,1739364944901
142.19742922298602,-461.26334626451995,359.73336888162623,179.9241406284,0.31571947309696674,179.61050870614636,1739364944909
142.19747158805288,-461.26335486993827,359.73342289354275,179.92414747530117,0.3157127399037335,179.61051554475853,1739364944917
142.19747140397337,-461.2633039229152,359.73331467681186,179.92413376639416,0.31571258269158814,179.6104950687934,1739364944925
142.19744134688185,-461.26328229996597,359.7332204454094,179.92412694579158,0.315726119973711,179.6105017897691,1739364944933
142.19737401426195,-461.2633497988879,359.7334111619539,179.92416098524203,0.3157196647306887,179.6104951162383,1739364944941
142.1974164963009,-461.26333348341285,359.73343758903025,179.92415423558708,0.3157128257514483,179.6105019496527,1739364944949
142.1974716136807,-461.26332916890425,359.7332596653776,179.92412704358682,0.3157124936368972,179.610508626463,1739364944957
142.19739199872296,-461.26338398430573,359.7333273732591,179.9241407374078,0.31569901504152503,179.61050187074275,1739364944965
142.1974166139686,-461.2633332559035,359.73332846922904,179.92414071451842,0.31571267159118094,179.6105154671912,1739364944973
142.19736163920103,-461.2632869484704,359.7333155798792,179.92413380332457,0.3157126336481819,179.61048826975477,1739364944981
142.1974712863057,-461.26330415042776,359.73342379661017,179.92414743730865,0.3157127728580384,179.6105087455254,1739364944989
142.19741652193184,-461.2633077823839,359.73327436086646,179.92413384133417,0.31571258848494577,179.6105018299248,1739364944997
142.19741652193184,-461.2633077823839,359.73327436086646,179.92413384133417,0.31571258848494577,179.6105018299248,1739364945005
142.19740391291447,-461.2632947737578,359.7332339484738,179.9241338899919,0.31570577797803406,179.6105017924028,1739364945013
142.19747104374048,-461.26326566385694,359.7333293722963,179.924140601603,0.3157126865423989,179.61050186929316,1739364945021
142.19748353509152,-461.2632788999717,359.73347890449213,179.9241542238606,0.315719687212526,179.6105155835496,1739364945029
142.19740424751197,-461.2633587338626,359.7333824811454,179.92414748649742,0.3157059203965015,179.61050191019694,1739364945037
142.19741646275142,-461.2632955494556,359.73336968824333,179.9241406765088,0.31571271675522844,179.61050870549153,1739364945045
142.19752595933699,-461.2632997383343,359.73343758903025,179.92415427304854,0.31571283475097506,179.6105223451611,1739364945053
142.19736200011505,-461.2633499008979,359.7332193494336,179.92412711852677,0.3157124994318456,179.61050858912404,1739364945061
142.19747122781993,-461.26331661087687,359.73343758903025,179.92415423558708,0.3157128257514482,179.61050874812307,1739364945073
142.1974163122275,-461.26328253639304,359.7333293722963,179.9241406765259,0.31571270454468364,179.61050866795804,1739364945081
142.1974043987292,-461.2633964403104,359.7333412621251,179.92414748704562,0.315705866231319,179.61050187332896,1739364945089
142.19744667106605,-461.2633548788332,359.7334227006463,179.92414753512094,0.31569913431065794,179.61050874621063,1739364945097
142.19747122781993,-461.26331661087687,359.73343758903025,179.92415423558708,0.3157128257514482,179.61050874812307,1739364945105
142.19736194093613,-461.263337667981,359.73331467681186,179.9241338413171,0.3157126006954949,179.6104950689879,1739364945113
142.1973617312347,-461.2633124219853,359.73336968824333,179.92414063904735,0.3157127077540883,179.61049510845353,1739364945121
142.19736203366014,-461.2633878348763,359.73328725021025,179.92414060268223,0.31571259042257377,179.61048823614996,1739364945129
142.19740430599919,-461.2633462734119,359.73336868872684,179.92414072567965,0.3157058765042259,179.61050870616768,1739364945137
142.19741685722258,-461.26339643586437,359.7333413585741,179.92414740094353,0.31571265552733935,179.61049507475147,1739364945145
142.19740424751197,-461.2633587338626,359.7333824811454,179.92414756141872,0.3157059383971524,179.6105155073322,1739364945153
142.19740376169736,-461.26325706731944,359.733275167485,179.92413388944377,0.31570583214322584,179.6105018292708,1739364945161
142.19747167286238,-461.2633414018099,359.7331643379978,179.92412024587364,0.3157123743677363,179.61050854946396,1739364945169
142.19737392153792,-461.2632996319876,359.73343858854224,179.92415418641542,0.3157196660024578,179.61049515050777,1739364945177
142.19745843402538,-461.26322796185644,359.7333704948557,179.92414068715692,0.3157059514123683,179.61050870473943,1739364945185
142.1974041219257,-461.2632953263759,359.73326047200186,179.92412705423575,0.3157057282924246,179.6104950287718,1739364945193
142.1974161945597,-461.26328276390234,359.73343849209175,179.92415423505605,0.31571286770608686,179.61050194898723,1739364945201
142.19747149670923,-461.2633540898105,359.73328725021025,179.92414064014366,0.31571259942371815,179.61050863165835,1739364945209
142.19742907246203,-461.2633332514576,359.7333285656794,179.92414062841715,0.31571946088642217,179.61050866861288,1739364945217
142.19736188244744,-461.2633501284332,359.73332846922904,179.92414063959552,0.3157126535889053,179.61049507158555,1739364945225
142.1974166139686,-461.2633332559035,359.73332846922904,179.92414063959552,0.3157126535889053,179.61050187005594,1739364945233
142.19734942395405,-461.26335013287775,359.73332837278,179.92414065077548,0.3157058462914082,179.61048827302858,1739364945245
142.1973493319203,-461.2633246593579,359.7332742644175,179.9241338899748,0.31570579018858735,179.6104950314659,1739364945253
142.19734942395405,-461.26335013287775,359.73332837278,179.92414072569676,0.3157058642936813,179.61050187016383,1739364945261
142.19742910601155,-461.2633711854197,359.73339646646485,179.92415418749462,0.31571956988264077,179.6105019127757,1739364945269
142.19736194093613,-461.263337667981,359.73331467681186,179.92413387877852,0.31571260969744164,179.6105018675555,1739364945277
142.19753868602513,-461.26331251943833,359.73336888162623,179.92414059093775,0.31571946409582097,179.61051550451947,1739364945285
142.19741668037423,-461.2633844304072,359.73354580577643,179.92416779464827,0.315712946961416,179.61049523134741,1739364945293
142.19753823374492,-461.2632487868654,359.7333294687468,179.92414055296155,0.31571948483876433,179.61050866775287,1739364945301
142.19737413123943,-461.26332487799147,359.73338357711236,179.92414738868516,0.3157195589438694,179.61049511104133,1739364945309
142.19747155519497,-461.2633416293582,359.7332734577932,179.92413384186523,0.31571254653030784,179.61050862906066,1739364945317
142.19747149670923,-461.2633540898105,359.73328725021025,179.92414060268223,0.31571259042257377,179.61050183309072,1739364945325
142.19741667245583,-461.26332079545125,359.73331467681186,179.92413380385563,0.31571259169354376,179.61049506889066,1739364945333
142.19736182395872,-461.263362588884,359.7333422616475,179.9241474753354,0.3157127154826488,179.61050187275083,1739364945341
142.1973621250036,-461.26338861500403,359.73342289354275,179.92414747530117,0.3157127399037335,179.6105019478178,1739364945349
142.19747113578023,-461.2632911373701,359.73338348066187,179.92414739986432,0.3157127516471604,179.61050190942433,1739364945357
142.19740430599919,-461.2633462734119,359.73336868872684,179.92414065075837,0.3157058585019529,179.61049510903243,1739364945365
142.19734993539058,-461.26342609837866,359.7332724582647,179.92413381611567,0.3157056882754162,179.61048143566165,1739364945373
142.19745888699424,-461.263316387815,359.73332837278,179.92414065077548,0.3157058462914082,179.61050186996934,1739364945381
142.19747089321498,-461.26325265078964,359.733289056351,179.92414067654303,0.3157126923341347,179.61051542889498,1739364945389
142.19741648838226,-461.26326984840233,359.733206460093,179.924120207333,0.3157124614840061,179.61049498862843,1739364945397
142.197484197768,-461.2633925719433,359.73338177097145,179.924147352285,0.31571946603424944,179.61050191074543,1739364945405
142.1974716136807,-461.26332916890425,359.7332596653776,179.92412704358682,0.3157124936368972,179.610508626463,1739364945413
142.19752550705678,-461.263236005766,359.7333981761432,179.92415427253462,0.31571286449507335,179.61052230696214,1739364945421
142.19737416478435,-461.26336281194546,359.7334514779022,179.9241609852249,0.31571967694122866,179.61049515377178,1739364945429
142.1974714118993,-461.26336755787105,359.73354580577643,179.92416786957122,0.31571296495724754,179.61051562695303,1739364945441
142.1974712870019,-461.26332884381816,359.7333422616475,179.9241474753354,0.31571271548264873,179.6105154696916,1739364945449
142.19759299811466,-461.2632451548771,359.73347890449213,179.9241542238606,0.3157196872125262,179.61052918049037,1739364945457
142.19745909670158,-461.2633416338056,359.73327336134423,179.92413389050586,0.3157057482339494,179.61050862907214,1739364945465
142.1974164042642,-461.26330800990627,359.73338348066187,179.9241474373258,0.3157127606474983,179.61050190952156,1739364945473
142.1973617312347,-461.2633124219853,359.73336968824333,179.92414063904735,0.3157127077540883,179.61049510845353,1739364945481
142.1973616142573,-461.26333734288505,359.73339727308195,179.9241541606813,0.3157127955418411,179.6104815165136,1739364945489
142.19734912221892,-461.2632994133672,359.7333292758473,179.92414072516573,0.31570590624831957,179.61050186949834,1739364945497
142.19747185624607,-461.26336765548774,359.7333540896854,179.92413387929247,0.3157125799533482,179.61051550269525,1739364945505
142.19742904683093,-461.2633589524672,359.7334917938523,179.9241609852078,0.3157196891517644,179.6105019897756,1739364945513
142.19747191542788,-461.26337988841425,359.733258762298,179.92412700665642,0.31571244267950116,179.6105018285609,1739364945521
142.19737422327307,-461.2633503514981,359.73343768548074,179.92415422440877,0.3157196330473519,179.6105019497409,1739364945529
142.19736188244744,-461.2633501284332,359.73332846922904,179.92414060213406,0.3157126445877607,179.61048827301792,1739364945537
142.19745852676132,-461.263278128755,359.7333430682659,179.9241475609048,0.3157059681412462,179.61052226760359,1739364945545
142.19742898042526,-461.26330777793794,359.73327445731684,179.92413379269354,0.3157193867813168,179.61050182991332,1739364945553
142.1974170662338,-461.2633969884763,359.73336788210247,179.924140602648,0.3157126148436674,179.61049510968726,1739364945561
142.19739193162374,-461.2633081163473,359.73319157171045,179.92411354432835,0.31569877904677907,179.61050178529166,1739364945569
142.1974839216485,-461.2633161513848,359.7332194458841,179.92412695750104,0.315719270719951,179.61050179034964,1739364945577
142.19748383753503,-461.2633543128822,359.73339646646485,179.92415418749462,0.31571956988264077,179.61050871124607,1739364945585
142.1974839209525,-461.26329145801384,359.73330098084676,179.9241269569358,0.3157193370956919,179.61050186475106,1739364945593
142.197525741693,-461.26321085734094,359.7332614715183,179.92412700506324,0.3157125685434155,179.61050862503475,1739364945601
142.19736182395872,-461.263362588884,359.7333422616475,179.9241474753354,0.3157127154826488,179.61050187275083,1739364945609
142.19737413123943,-461.26332487799147,359.73338357711236,179.92414738868516,0.3157195589438694,179.61049511104133,1739364945617
142.19742922298602,-461.26334626451995,359.73336888162623,179.9241405534755,0.3157194550946707,179.61049510901108,1739364945625
142.1974166139686,-461.2633332559035,359.73332846922904,179.92414063959552,0.3157126535889053,179.61050187005594,1739364945637
142.19747149601312,-461.26332939642987,359.73336878517574,179.92414063957838,0.31571266579944984,179.61050870605976,1739364945645
142.1974712870019,-461.26332884381816,359.7333422616475,179.9241474004125,0.3157126974819775,179.61050187255634,1739364945653
142.1974164042642,-461.26330800990627,359.73338348066187,179.9241474373258,0.3157127606474983,179.61050190952156,1739364945661
142.1973498762117,-461.26341386545045,359.73336778565357,179.92414065128943,0.31570581654731483,179.61048831122756,1739364945669
142.1974166139686,-461.2633332559035,359.73332846922904,179.92414063959552,0.3157126535889053,179.61050187005594,1739364945677
142.19742934065363,-461.2633460369944,359.73325976182804,179.92412699494616,0.3157192919332682,179.61050182798036,1739364945685
142.19752586729425,-461.2632742648277,359.73338348066187,179.92414747478725,0.3157127696478318,179.61052230502995,1739364945693
142.1974289883437,-461.26337141291293,359.73350558627527,179.92416778348624,0.31571974204517367,179.6105019923741,1739364945701
142.19737409769445,-461.26328694402594,359.73331567632965,179.92413382960765,0.3157194499484568,179.61050186687854,1739364945709
142.19741679804213,-461.26338420292336,359.7334366859629,179.92415423611814,0.31571278379680984,179.6105019503182,1739364945717
142.1974165554814,-461.26334571635425,359.7333422616475,179.92414743787393,0.3157127064823154,179.61050187265363,1739364945725
142.1974166139686,-461.2633332559035,359.73332846922904,179.92414060213406,0.3157126445877607,179.61049507148832,1739364945733
142.1974164963009,-461.26333348341285,359.73343758903025,179.92415419812562,0.31571281675191704,179.6104951510851,1739364945741
142.19738706762433,-461.26336290508107,359.7332598582799,179.9241269837686,0.3157260992323914,179.6105018280653,1739364945749
142.19736200011505,-461.2633499008979,359.7332193494336,179.92412708106534,0.31571249042909666,179.61050179055644,1739364945757
142.19734963365545,-461.2633753788685,359.73327336134423,179.92413396542713,0.3157057662378268,179.61050862926663,1739364945765
142.19747113578023,-461.2632911373701,359.73338348066187,179.92414739986432,0.3157127516471604,179.61050190942433,1739364945773
142.19736182395872,-461.263362588884,359.7333422616475,179.9241474753354,0.3157127154826488,179.61050187275083,1739364945781
142.19741642989507,-461.2632823088579,359.73322025250707,179.92412704307287,0.3157125233809816,179.6105017897937,1739364945789
142.19744639494672,-461.26327845828877,359.73326037555444,179.924127140337,0.31569893899879287,179.61050862582206,1739364945797
142.19740418110592,-461.26330755928177,359.73316514462846,179.92412033144385,0.3157056270295703,179.61050854890877,1739364945805
142.19741652262493,-461.2633324757453,359.73319282590705,179.92413384189945,0.31571252210919626,179.6105017555234,1739364945813
142.1975137105541,-461.26332498878685,359.7333824811454,179.92414744903678,0.3157059113961695,179.61050870857005,1739364945821
142.19737455064225,-461.2633753699795,359.7332735542436,179.9241337932246,0.31571934482667885,179.61049503210845,1739364945829
142.19736188244744,-461.2633501284332,359.73332846922904,179.92414063959552,0.3157126535889053,179.61049507158555,1739364945841
142.19736218418262,-461.2634008479434,359.7333275661555,179.924140677588,0.3157126206354071,179.61050187081867,1739364945849
142.19740424751197,-461.2633587338626,359.7333824811454,179.92414744903678,0.3157059113961695,179.6104951116293,1739364945857
142.19742904683093,-461.2633589524672,359.7334917938523,179.92416106013238,0.31571970714921194,179.61051558691088,1739364945865
142.1974415894426,-461.2633207865593,359.7333148697142,179.92413381896193,0.3157262152921363,179.61051546457057,1739364945873
142.1974709852547,-461.2632781243076,359.7333431647149,179.9241473998814,0.3157127394366156,179.61050187189085,1739364945881
142.1974167644926,-461.2633462689659,359.73336878517574,179.92414067703982,0.3157126748005899,179.61050870615702,1739364945889
142.19747137834537,-461.26332962392974,359.73347790498036,179.9241541981085,0.31571282896245284,179.61050198708892,1739364945897
142.19740397140168,-461.2632823133039,359.7332201560581,179.92412701679223,0.3157057070791147,179.61048819267072,1739364945905
142.19748389602077,-461.26334185243314,359.7333826740448,179.92414742667847,0.3157195259895702,179.61051550721518,1739364945913
142.1974292821664,-461.26335849744834,359.7332735542436,179.9241337932246,0.31571934482667885,179.6105018305788,1739364945921
142.19737460913095,-461.2633629095256,359.73325976182804,179.92412706987068,0.31571930993878183,179.61050862664524,1739364945929
142.19748374549528,-461.26332883937073,359.733342358098,179.92414735177104,0.3157194957783428,179.61050187254648,1739364945937
142.19734936546533,-461.26336259332845,359.73334216519856,179.92414748651456,0.31570590818595706,179.61049507419307,1739364945945
142.19736190808123,-461.26332442736543,359.73316524107736,179.924120282804,0.3157124253259345,179.6105017504253,1739364945953
142.19741648838226,-461.26326984840233,359.733206460093,179.92412028225584,0.31571247949113057,179.61050858576368,1739364945961
142.1974165554814,-461.26334571635425,359.7333422616475,179.9241474753354,0.3157127154826488,179.61050867122123,1739364945969
142.19741646344463,-461.26332024283624,359.7332881532835,179.92414063961257,0.31571264137835614,179.61050183252246,1739364945977
142.19737415687337,-461.263299176943,359.7332203489575,179.9241269944322,0.3157193216773526,179.61049499131101,1739364945985
142.19740454925324,-461.26340945337296,359.7333815780721,179.92414752448914,0.31570588744219114,179.61050870943004,1739364945993
142.19745879495443,-461.2632909142953,359.7332742644175,179.9241338899748,0.31570579018858735,179.61050862840665,1739364946001
142.1974167651858,-461.26337096234664,359.73328725021025,179.9241406776051,0.3157126084248582,179.6105086317556,1739364946009
142.19736218418262,-461.2634008479434,359.7333275661555,179.92414064012655,0.31571261163426706,179.61049507225104,1739364946017
142.19739199872296,-461.26338398430573,359.7333273732591,179.9241407374078,0.31569901504152503,179.61050187074275,1739364946029
142.19740403780747,-461.26333348785886,359.7334374925813,179.92415428422768,0.31570602745508985,179.61050194966177,1739364946037
142.19741658041906,-461.26329532192995,359.7332605684508,179.92412708051717,0.3157125445942884,179.61050862589477,1739364946045
142.19741697419698,-461.2633715149614,359.7333137737384,179.92413380438668,0.31571254973890567,179.61049506955615,1739364946053
142.1974464869865,-461.2633039318101,359.7333144839154,179.92413393859835,0.31569900410275276,179.61050866595158,1739364946061
142.19747134548763,-461.26331638336757,359.73332846922904,179.92414063959552,0.3157126535889053,179.6105086685263,1739364946069
142.197458946176,-461.2633286207336,359.73323304540025,179.9241339279836,0.31570574502533666,179.61051539010631,1739364946077
142.1974043651796,-461.2633585063402,359.73327336134423,179.9241339279665,0.31570575723589034,179.6105086291694,1739364946085
142.19741646344463,-461.26332024283624,359.7332881532835,179.92414060215114,0.31571263237721153,179.61049503395483,1739364946093
142.1974164042642,-461.26330800990627,359.73338348066187,179.92414747478725,0.3157127696478318,179.6105087080892,1739364946101
142.19740424751197,-461.2633587338626,359.7333824811454,179.92414748649742,0.3157059203965015,179.61050191019694,1739364946109
142.19740448284705,-461.26335827879194,359.7331642415489,179.92412033197488,0.31570558507493207,179.61050854957426,1739364946117
142.19741652193184,-461.2633077823839,359.73327436086646,179.92413384133417,0.31571258848494577,179.6105018299248,1739364946125
142.19742910601155,-461.2633711854197,359.73339646646485,179.92415415003236,0.31571956088310377,179.61049511420808,1739364946133
142.1974290139748,-461.26334571190824,359.733342358098,179.92414738923333,0.31571950477868643,179.61050187264374,1739364946141
142.1974412627637,-461.2633204614633,359.7333974659843,179.92415410085988,0.3157264011340947,179.6104951135335,1739364946149
142.1974292236792,-461.26337095790063,359.7332873466607,179.92414055404078,0.315719388718939,179.61049503460967,1739364946157
142.19741667245583,-461.26332079545125,359.73331467681186,179.9241338413171,0.3157126006954949,179.61050186745828,1739364946165
142.19741684930352,-461.2633328008072,359.7331102296445,179.9241134476123,0.31571230926376265,179.61050171086245,1739364946173
142.19740397932023,-461.2633459483063,359.7334512850028,179.9241611199668,0.3157060893472138,179.61050875082626,1739364946181
142.1974165554814,-461.26334571635425,359.7333422616475,179.9241474753354,0.3157127154826488,179.61050867122123,1739364946189
142.19747116933414,-461.2633290713242,359.73345138145174,179.92416107132698,0.31571288764357774,179.61051554928838,1739364946197
142.19745907107375,-461.26336733483475,359.7334365895139,179.92415428475874,0.31570598550045154,179.61050874879763,1739364946209
142.197416673149,-461.2633454888222,359.73323314184927,179.9241338044209,0.3157125253178031,179.61049499448922,1739364946217
142.19740406343848,-461.2633077868299,359.7332742644175,179.92413385251416,0.31570578118664194,179.61049503136866,1739364946225
142.19740424751197,-461.2633587338626,359.7333824811454,179.92414748649742,0.3157059203965015,179.61050191019694,1739364946233
142.19751350084363,-461.2632997427833,359.7334374925813,179.9241542842277,0.31570602745508985,179.61051554660253,1739364946241
142.1974165554814,-461.26334571635425,359.7333422616475,179.9241474004125,0.3157126974819775,179.61049507408597,1739364946249
142.19741685652934,-461.26337174247436,359.73342289354275,179.9241474378397,0.3157127309034001,179.61050194772054,1739364946257
142.1974291644988,-461.2633587249706,359.7333826740448,179.9241473892162,0.315719516989231,179.61050191017722,1739364946265
142.1973741904184,-461.2633371109213,359.73328824973396,179.92414055350974,0.31571943067357683,179.61048823547378,1739364946273
142.19745909670158,-461.2633416338056,359.73327336134423,179.92413389050586,0.3157057482339494,179.61050862907214,1739364946281
142.19739178109972,-461.2632951032704,359.7331512557683,179.92411350688565,0.3156987578318616,179.61049494919058,1739364946289
142.19747155519497,-461.2633416293582,359.7332734577932,179.9241338044038,0.3157125375283567,179.61050183049304,1739364946297
142.19736248591778,-461.26345156745384,359.7333266630762,179.92414067811904,0.3157125786807689,179.6105018714842,1739364946305
142.1973742489071,-461.263324650469,359.73327445731684,179.9241338301558,0.31571939578326913,179.61050183001058,1739364946313
142.19742892193804,-461.2633202383903,359.73328824973396,179.9241406658965,0.3157194576770143,179.61051542964705,1739364946321
142.19747137904162,-461.26335431732963,359.7333963700145,179.92415419867376,0.3157127625867386,179.61050191268748,1739364946329
142.1974160775852,-461.2633076847955,359.7334660769363,179.92416783161292,0.3157129734929054,179.6105019541826,1739364946337
142.19747104374048,-461.26326566385694,359.7333293722963,179.92414063906443,0.31571269554354353,179.6105086678608,1739364946345
142.1974288627576,-461.26330800546026,359.73338357711236,179.92414738868516,0.3157195589438694,179.61050190951173,1739364946353
142.1974165554814,-461.26334571635425,359.7333422616475,179.92414743787393,0.3157127064823154,179.61050187265363,1739364946361
142.1974590375197,-461.26332940087735,359.73336868872684,179.924140688219,0.3157058675030916,179.61050870607045,1739364946369
142.19747122781993,-461.26331661087687,359.73343758903025,179.92415423558708,0.3157128257514482,179.61050874812307,1739364946377
142.1974290053629,-461.2632573834992,359.73319276413076,179.92411336041314,0.31571920688615357,179.61049498601685,1739364946385
142.19741697419698,-461.2633715149614,359.7333137737384,179.92413384184812,0.31571255874085685,179.61050186812378,1739364946397
142.19742882990127,-461.2632947648659,359.73323414137315,179.92413379271065,0.3157193745707634,179.61050179237986,1739364946405
142.19745909670158,-461.2633416338056,359.73327336134423,179.92413385304522,0.3157057392320041,179.61050183050452,1739364946413
142.19736142949964,-461.2632617024746,359.73337059130466,179.92414067597775,0.31571275870986687,179.61050190635564,1739364946421
142.1974710101865,-461.26322772988345,359.7332614715183,179.9241270425247,0.31571257754617343,179.610508625132,1739364946429
142.19741691501656,-461.2633592820236,359.73340910112427,179.92414067702276,0.31571268701113014,179.6105087436905,1739364946437
142.19736188244744,-461.2633501284332,359.73332846922904,179.92414063959552,0.3157126535889053,179.61049507158555,1739364946445
142.19730724295508,-461.2633924744695,359.73338257759434,179.92414743785682,0.31571271869285994,179.61048831324632,1739364946453
142.19742922298602,-461.26334626451995,359.73336888162623,179.9241405534755,0.3157194550946707,179.61049510901108,1739364946461
142.1973491301296,-461.26336304831494,359.73356040481326,179.924174641037,0.3157062435139172,179.61048843481584,1739364946469
142.1974165554814,-461.26334571635425,359.7333422616475,179.9241474753354,0.3157127154826488,179.61050867122123,1739364946477
142.19748380398104,-461.2633163789201,359.7333285656794,179.92414055349263,0.31571944288412607,179.610501869948,1739364946485
142.1974287707209,-461.263282531947,359.7333294687468,179.92414055296155,0.3157194848387644,179.61049507081214,1739364946493
142.19741679804213,-461.26338420292336,359.7334366859629,179.92415423611814,0.31571278379680984,179.6105019503182,1739364946501
142.19736140455575,-461.26331209687953,359.73345228451325,179.92416103333449,0.3157129205994962,179.61049515311453,1739364946509
142.19744624442117,-461.26326544521663,359.7332200596107,179.92412714035413,0.31569892678823946,179.6105085882886,1739364946517
142.1974292821664,-461.26335849744834,359.7332735542436,179.9241337932246,0.31571934482667885,179.6105018305788,1739364946525
142.19741622019077,-461.26325706287355,359.73327526393393,179.92413384080314,0.31571263043958414,179.6105018292593,1739364946533
142.19741652193184,-461.2633077823839,359.73327436086646,179.9241338038727,0.3157125794829945,179.61049503135717,1739364946541
142.19741652193184,-461.2633077823839,359.73327436086646,179.9241338038727,0.3157125794829945,179.61049503135717,1739364946549
142.19742919012958,-461.26333302392226,359.7332194458841,179.9241270324255,0.3157192887254735,179.61050858901453,1739364946557
142.1973613710109,-461.2632741629253,359.7333843837232,179.9241474742562,0.31571281160247017,179.61050190895332,1739364946565
142.1973617904137,-461.2633246549135,359.73327436086646,179.9241338787956,0.3157125974868924,179.61050183002206,1739364946573
142.19747173927462,-461.26339257639074,359.73338167452107,179.9241474758493,0.31571268573855527,179.61051550789057,1739364946581
142.19740406343848,-461.2633077868299,359.7332742644175,179.92413385251416,0.31570578118664194,179.61049503136866,1739364946593
142.1974164963009,-461.26333348341285,359.73343758903025,179.92415419812562,0.31571281675191704,179.6104951510851,1739364946601
142.1974166468248,-461.26334649646583,359.73347790498036,179.9241541981085,0.31571282896245284,179.61049518861856,1739364946609
142.19740392013955,-461.2633337153426,359.73354661238875,179.9241678427586,0.3157061906197017,179.61049523068934,1739364946617
142.19740427314278,-461.2633330328142,359.7332192529847,179.92412712970517,0.3157056921327326,179.61050858903909,1739364946625
142.19739139524063,-461.263282545285,359.73332917939985,179.924140661426,0.315699080948531,179.6104882722765,1739364946633
142.1973616142573,-461.26333734288505,359.73339727308195,179.92415419814276,0.31571280454137685,179.61048831508123,1739364946641
142.1974166139686,-461.2633332559035,359.73332846922904,179.92414067705695,0.3157126625900453,179.61050866862357,1739364946649
142.19741697419698,-461.2633715149614,359.7333137737384,179.92413387930958,0.3157125677428035,179.6105086666914,1739364946657
142.19742898042526,-461.26330777793794,359.73327445731684,179.92413379269354,0.3157193867813168,179.61050182991332,1739364946665
142.19734972568926,-461.26340085238786,359.7333274697065,179.92414072622782,0.31570582233904304,179.61050187082932,1739364946673
142.19734942395405,-461.26335013287775,359.73332837278,179.92414068823612,0.315705855292547,179.6104950715962,1739364946681
142.19734951598778,-461.2633756063908,359.7333824811454,179.92414744903678,0.31570591139616955,179.6104883131589,1739364946689
142.1973614630445,-461.2632996364321,359.73343849209175,179.92415423505605,0.31571286770608675,179.61049515051684,1739364946697
142.19747122781993,-461.26331661087687,359.73343758903025,179.92415427304854,0.315712834750975,179.61051554669072,1739364946705
142.19748422339566,-461.2633668708949,359.7332185428048,179.92412692056985,0.3157192197625451,179.6104949924475,1739364946713
142.19747121989377,-461.2632529758662,359.733206460093,179.92412028225584,0.31571247949113057,179.61051538423402,1739364946721
142.1974164042642,-461.26330800990627,359.73338348066187,179.92414739986432,0.3157127516471604,179.61049511095396,1739364946729
142.197361672746,-461.263324882436,359.73338348066187,179.92414739986432,0.3157127516471604,179.61048831248357,1739364946737
142.19741670600538,-461.2633587294166,359.73338257759434,179.92414743785682,0.31571271869285994,179.61050191018705,1739364946745
142.19740427314278,-461.2633330328142,359.7332192529847,179.92412709224453,0.31570568312998515,179.61050179047146,1739364946753
142.19736149658937,-461.26333757037816,359.7335063928862,179.92416783159578,0.31571298570344103,179.6104951932457,1739364946761
142.19747140466941,-461.2633286162862,359.73323314184927,179.92413384188237,0.3157125343197541,179.6105085915272,1739364946769
142.19741688216024,-461.2633460414403,359.7332596653776,179.9241270435868,0.31571249363689724,179.61050182799264,1739364946777
142.1974293742032,-461.26338397096777,359.7333276626059,179.92414059148592,0.3157194099306382,179.61050187071075,1739364946789
142.19736155507815,-461.2633251099324,359.7334926004632,179.92416103331738,0.315712932810032,179.61049519064798,1739364946797
142.19741658041906,-461.26329532192995,359.7332605684508,179.9241270055943,0.3157125265887772,179.61049502875952,1739364946805
142.19731936617885,-461.2633038165505,359.73331567632965,179.9241337921454,0.3157194409465042,179.61048826984054,1739364946813
142.19737470116473,-461.26338838304656,359.7333138701888,179.92413375574526,0.31571934803527096,179.61048827107427,1739364946821
142.19752607630556,-461.26327481743465,359.7334100041917,179.9241406764917,0.31571272896576863,179.6105223399657,1739364946829
142.19736239388396,-461.2634260939342,359.73327255471366,179.9241338423963,0.31571250457566946,179.61049503278542,1739364946837
142.1974169413404,-461.263358274346,359.7331643379978,179.9241202084122,0.315712365364172,179.61049495242597,1739364946845
142.1974170662338,-461.2633969884763,359.73336788210247,179.92414064010944,0.3157126238448119,179.61050190825492,1739364946853
142.19734963365545,-461.2633753788685,359.73327336134423,179.9241339279665,0.31570575723589034,179.610501830699,1739364946861
142.19740388728354,-461.2633204748013,359.73339717663293,179.9241542093235,0.31570599724549425,179.61048831499303,1739364946869
142.19741652193184,-461.2633077823839,359.73327436086646,179.9241338787956,0.3157125974868924,179.61050862849243,1739364946877
142.1973370239493,-461.26333767687,359.7333144839154,179.9241339011385,0.3156989951008132,179.6104882704432,1739364946885
142.19736182326838,-461.2633378954936,359.73342379661017,179.9241473998472,0.31571276385770053,179.61048835001702,1739364946893
142.19736188244744,-461.2633501284332,359.73332846922904,179.92414060213406,0.3157126445877607,179.61048827301792,1739364946901
142.19740382810292,-461.26330824184856,359.7334925040142,179.92416108195798,0.3157061345136736,179.61050198912662,1739364946909
142.19741682367302,-461.2633585018943,359.7332734577932,179.92413376694236,0.3157125285264012,179.61048823345504,1739364946917
142.19747149601312,-461.26332939642987,359.73336878517574,179.92414063957838,0.31571266579944984,179.61050870605976,1739364946925
142.19745876932652,-461.26331661532436,359.7334374925813,179.9241542842277,0.31570602745508985,179.61050874813213,1739364946933
142.19730705889367,-461.26334152743675,359.73327436086646,179.92413384133417,0.31571258848494577,179.61048823298404,1739364946941
142.1974167644926,-461.2633462689659,359.73336878517574,179.92414063957838,0.31571266579944984,179.6105019075894,1739364946949
142.19752616904745,-461.26332498433794,359.73338257759434,179.92414743785682,0.31571271869285994,179.61051550712781,1739364946957
142.1973915129082,-461.2632823177498,359.7332200596107,179.9241271028943,0.31569891778549314,179.61049499125062,1739364946965
142.1974167651858,-461.26337096234664,359.73328725021025,179.92414060268223,0.3157125904225738,179.61049503462036,1739364946973
142.19737422327307,-461.2633503514981,359.73343768548074,179.9241541494842,0.3157196150482822,179.61048835260564,1739364946985
142.19748344305185,-461.2632534264699,359.73342479612216,179.92414735067473,0.3157196041087042,179.61050194628243,1739364946993
142.19747119496208,-461.2633033703002,359.7332881532835,179.92414060215114,0.31571263237721153,179.6105018324252,1739364947001
142.19736163920103,-461.2632869484704,359.7333155798792,179.92413387824746,0.31571265165207996,179.61050186689002,1739364947009
142.19740409629472,-461.2633210274099,359.7334237001612,179.92414748594928,0.31570597456168015,179.6105019470649,1739364947017
142.1974164042642,-461.26330800990627,359.73338348066187,179.9241474373258,0.3157127606474983,179.61050190952156,1739364947025
142.19736170629093,-461.26336281639004,359.73345138145174,179.92416099640403,0.31571286964613304,179.61048835521237,1739364947033
142.1974161945597,-461.26328276390234,359.73343849209175,179.9241541601331,0.3157128497070197,179.61048835185196,1739364947041
142.1974164963009,-461.26333348341285,359.73343758903025,179.92415423558708,0.3157128257514483,179.6105019496527,1739364947049
142.19740415547525,-461.2633332603495,359.73332837278,179.92414065077548,0.3157058462914083,179.61049507149897,1739364947057
142.19747134548763,-461.26331638336757,359.73332846922904,179.92414067705695,0.3157126625900454,179.6105154670939,1739364947065
142.19742898042526,-461.26330777793794,359.73327445731684,179.92413379269354,0.3157193867813168,179.61050182991332,1739364947073
142.19752628671506,-461.2633247568155,359.7332734577932,179.92413384186526,0.3157125465303078,179.61051542753106,1739364947081
142.19742913094925,-461.2633207910053,359.7333147732623,179.92413383013871,0.3157194079938184,179.61050866601443,1739364947089
142.19736155507815,-461.2633251099324,359.7334926004632,179.92416107077884,0.31571294180875215,179.61050198921563,1739364947097
142.19734930628627,-461.2633503603871,359.7334374925813,179.92415424676705,0.31570601845556445,179.61048835262378,1739364947105
142.1974043651796,-461.2633585063402,359.73327336134423,179.92413389050586,0.3157057482339496,179.61050183060178,1739364947113
142.19745879495443,-461.2632909142953,359.7332742644175,179.9241338899748,0.31570579018858735,179.61050862840665,1739364947121
142.19745867728685,-461.2632911418176,359.7333833842129,179.92414744850572,0.3157059533508078,179.61050190943416,1739364947129
142.19747134548763,-461.26331638336757,359.73332846922904,179.92414056467263,0.31571263558661183,179.61049507139106,1739364947137
142.1974169413404,-461.263358274346,359.7331643379978,179.9241202084122,0.315712365364172,179.61049495242597,1739364947145
142.1975131990904,-461.26324902327275,359.73343839564274,179.92415428369665,0.31570606940972834,179.610515545937,1739364947157
142.19741679804213,-461.26338420292336,359.7334366859629,179.92415423611814,0.31571278379680984,179.6105019503182,1739364947165
142.19734969214414,-461.26336291841454,359.73325956892864,179.9241270547668,0.31570568633778684,179.61048823096692,1739364947173
142.1974044572164,-461.2633839798597,359.7333274697065,179.9241406138459,0.3157057953356271,179.61048827359684,1739364947181
142.19740415547525,-461.2633332603495,359.73332837278,179.92414065077548,0.3157058462914083,179.61049507149897,1739364947189
142.19736194093613,-461.263337667981,359.73331467681186,179.9241338413171,0.3157126006954949,179.6104950689879,1739364947197
142.19747149601312,-461.26332939642987,359.73336878517574,179.92414067703982,0.31571267480058984,179.6105155046274,1739364947205
142.19744141328766,-461.2633334745209,359.7334377819326,179.92415417576893,0.31572643134371603,179.61050874820222,1739364947213
142.1974163122275,-461.26328253639304,359.7333293722963,179.9241406765259,0.31571270454468364,179.61050866795804,1739364947221
142.19740424751197,-461.2633587338626,359.7333824811454,179.92414741157614,0.3157059023958329,179.6104883130617,1739364947229
142.1974039457708,-461.2633080143522,359.7333833842129,179.92414748596642,0.31570596235114007,179.61050190953142,1739364947237
142.19752595933699,-461.2632997383343,359.73343758903025,179.92415427304854,0.31571283475097506,179.6105223451611,1739364947245
142.19745876140036,-461.2632529803136,359.73320636364406,179.92412025597443,0.3157056631876535,179.61050178711187,1739364947253
142.1974841057282,-461.26336709843025,359.7333276626059,179.92414059148592,0.3157194099306382,179.61050866918112,1739364947261
142.1974164042642,-461.26330800990627,359.73338348066187,179.9241475122487,0.31571277864816083,179.61051550665684,1739364947269
142.19741663959934,-461.2633075548358,359.73316524107736,179.924120282804,0.3157124253259345,179.6105085488957,1739364947277
142.1974286530531,-461.26328275945633,359.73343858854224,179.92415414895316,0.31571965700292076,179.61049515041054,1739364947285
142.19742925653554,-461.26338419847735,359.7334367824133,179.9241542249398,0.3157195910927135,179.61050874887678,1739364947293
142.19741625374022,-461.2632949968437,359.7333431647149,179.9241473998814,0.31571273943661576,179.61049507342048,1739364947301
142.19737434094085,-461.2633501239888,359.7333285656794,179.9241405909549,0.3157194518852764,179.61049507157486,1739364947309
142.19742934065363,-461.2633460369944,359.73325976182804,179.92412699494616,0.3157192919332682,179.61050182798036,1739364947317
142.19737440011977,-461.2633623569073,359.7332332382997,179.9241337932417,0.31571933261612506,179.610494994575,1739364947325
142.19744122921426,-461.2632825275011,359.73332956519863,179.9241405417832,0.3157262921362729,179.6105018693691,1739364947333
142.1974293742032,-461.26338397096777,359.7333276626059,179.9241405540237,0.315719400929488,179.61049507214315,1739364947341
142.1974164042642,-461.26330800990627,359.73338348066187,179.9241474373258,0.3157127606474983,179.61050190952156,1739364947353
142.1974717057205,-461.2633546424253,359.7333137737384,179.92413384184812,0.3157125587408568,179.61050866659414,1739364947361
142.19747134548763,-461.26331638336757,359.73332846922904,179.92414063959552,0.3157126535889053,179.6105086685263,1739364947369
142.197429315716,-461.26339643141847,359.7333414550245,179.92414738976436,0.31571946282404834,179.61050187330923,1739364947377
142.19734912221892,-461.2632994133672,359.7333292758473,179.92414072516573,0.31570590624831957,179.61050186949834,1739364947385
142.19748382960864,-461.26329067785224,359.73316533752774,179.92412015923972,0.3157192056151754,179.61050175021774,1739364947393
142.19729448273256,-461.263341759402,359.7333833842129,179.92414748596642,0.31570596235114,179.61048831259066,1739364947401
142.19745870291464,-461.2632654407692,359.7332201560581,179.92412705425286,0.3157057160818712,179.6105017897087,1739364947409
142.19742907246203,-461.2633332514576,359.7333285656794,179.92414062841715,0.31571946088642217,179.61050866861288,1739364947417
142.19736200802615,-461.26341353590044,359.7334504783844,179.92416095947362,0.3157128186927658,179.61048155731024,1739364947425
142.1974709852547,-461.2632781243076,359.7333431647149,179.92414747480433,0.315712757437287,179.6105154690261,1739364947433
142.19747158805288,-461.26335486993827,359.73342289354275,179.92414740037825,0.3157127219030621,179.61050194762328,1739364947441
142.1974164963009,-461.26333348341285,359.73343758903025,179.92415427304854,0.3157128347509751,179.61050874822035,1739364947449
142.19736200011505,-461.2633499008979,359.7332193494336,179.92412700614247,0.31571247242358563,179.6104881934212,1739364947457
142.19741697419698,-461.2633715149614,359.7333137737384,179.92413384184812,0.31571255874085685,179.61050186812378,1739364947465
142.19736224267132,-461.26338838749103,359.7333137737384,179.92413376692525,0.31571254073695015,179.61048147251813,1739364947473
142.1973613710109,-461.2632741629253,359.7333843837232,179.92414743679473,0.3157128026021367,179.6104951103857,1739364947481
142.19730745265352,-461.26341772046675,359.7333275661555,179.92414071504945,0.3157126296365427,179.61050187091593,1739364947489
142.19740397140168,-461.2632823133039,359.7332201560581,179.92412705425284,0.3157057160818712,179.61049499123834,1739364947497
142.1974043987292,-461.2633964403104,359.7333412621251,179.92414748704562,0.315705866231319,179.61050187332896,1739364947505
142.19742919804827,-461.26339665892476,359.7334505748349,179.92416102321826,0.31571964398531627,179.61050875147527,1739364947513
142.19740412984416,-461.26335896135924,359.73349160095285,179.92416108248904,0.31570609255903515,179.6105019897921,1739364947521
142.19741669808656,-461.2632950943785,359.73315144866467,179.92411340960277,0.3157123544245922,179.61049494916278,1739364947529
142.19742907246203,-461.2633332514576,359.7333285656794,179.92414055349263,0.31571944288412607,179.61049507147766,1739364947537
142.19747143752735,-461.26334185688063,359.73338257759434,179.92414743785682,0.31571271869285994,179.61050870865742,1739364947549
142.19747113578023,-461.2632911373701,359.73338348066187,179.92414739986432,0.3157127516471604,179.61050190942433,1739364947557
142.1974166139686,-461.2633332559035,359.73332846922904,179.92414067705695,0.3157126625900453,179.61050866862357,1739364947565
142.19741682367302,-461.2633585018943,359.7332734577932,179.92413387932666,0.31571255553225447,179.61050862915795,1739364947573
142.1973617904137,-461.2633246549135,359.73327436086646,179.92413384133417,0.31571258848494566,179.6104950314544,1739364947581
142.197458979034,-461.26334186132806,359.7333824811454,179.92414748649742,0.3157059203965016,179.6105087086673,1739364947589
142.19736143018994,-461.2632863958554,359.733289056351,179.92414067654303,0.3157126923341347,179.61050183195422,1739364947597
142.19741682367302,-461.2633585018943,359.7332734577932,179.92413384186523,0.31571254653030784,179.6105018305903,1739364947605
142.1974039457708,-461.2633080143522,359.7333833842129,179.92414748596642,0.31570596235114007,179.61050190953142,1739364947613
142.197458979034,-461.26334186132806,359.7333824811454,179.92414748649742,0.3157059203965016,179.6105087086673,1739364947621
142.19741663959934,-461.2633075548358,359.73316524107736,179.92412020788117,0.3157124073188101,179.61049495176044,1739364947629
142.19741668037423,-461.2633844304072,359.73354580577643,179.92416783210973,0.315712955959334,179.610502029915,1739364947637
142.19742903891247,-461.263295317484,359.73326066490125,179.9241269944151,0.3157193338879061,179.61050182731486,1739364947645
142.19745918874142,-461.26336710732517,359.7333274697065,179.92414065130654,0.3157058043367701,179.61050187063486,1739364947653
142.19736170629093,-461.26336281639004,359.73345138145174,179.92416107132698,0.3157128876435778,179.61050195234762,1739364947661
142.19737415687337,-461.263299176943,359.7332203489575,179.92412695696999,0.315719312674589,179.6104881927434,1739364947669
142.19742949117762,-461.2633590500615,359.73330007777327,179.9241270323913,0.31571931314657636,179.61050866408146,1739364947677
142.19741658041906,-461.26329532192995,359.7332605684508,179.9241270055943,0.3157125265887772,179.61049502875952,1739364947685
142.19747152956717,-461.2633673303873,359.7334366859629,179.92415419865668,0.31571277479727866,179.61050195022096,1739364947693
142.19745880288045,-461.26335454927045,359.7335053933758,179.92416791822814,0.31570615445035194,179.610515589427,1739364947701
142.19740364402966,-461.26325729484154,359.73338428727425,179.9241474479747,0.31570599530544613,179.61049511029833,1739364947709
142.1973617312347,-461.2633124219853,359.73336968824333,179.92414063904735,0.3157127077540883,179.61049510845353,1739364947717
142.19741685722258,-461.26339643586437,359.7333413585741,179.92414747586645,0.31571267352801063,179.61050867188672,1739364947729
142.1974165554814,-461.26334571635425,359.7333422616475,179.9241474004125,0.3157126974819775,179.61049507408597,1739364947737
142.19747137834537,-461.26332962392974,359.73347790498036,179.92415423557,0.31571283796198396,179.61050878565655,1739364947745
142.19740442366682,-461.2633460458863,359.73325956892864,179.9241271671487,0.31570571334602954,179.61051542514016,1739364947753
142.1974712870019,-461.26332884381816,359.7333422616475,179.92414743787393,0.31571270648231536,179.61050867112397,1739364947761
142.19734951598778,-461.2633756063908,359.7333824811454,179.92414756141872,0.3157059383971524,179.6105087088618,1739364947769
142.19736218418262,-461.2634008479434,359.7333275661555,179.92414064012655,0.31571261163426706,179.61049507225104,1739364947777
142.19745886136621,-461.26334208882463,359.73349160095285,179.92416108248904,0.315706092559035,179.61050878826248,1739364947785
142.19736209214884,-461.26337537442396,359.7332734577932,179.9241338044038,0.3157125375283567,179.6104882335523,1739364947793
142.197373980717,-461.2633118649289,359.7333432611654,179.92414742616452,0.3157195557336639,179.6105018720755,1739364947801
142.19736188244744,-461.2633501284332,359.73332846922904,179.92414067705695,0.3157126625900454,179.61050187015317,1739364947809
142.19734963365545,-461.2633753788685,359.73327336134423,179.92413389050586,0.3157057482339495,179.61049503213138,1739364947817
142.1974170077466,-461.26340944892695,359.73338167452107,179.92414747584934,0.31571268573855527,179.6105087094202,1739364947825
142.19736163920103,-461.2632869484704,359.7333155798792,179.92413384078603,0.3157126426501331,179.6104950683224,1739364947833
142.1974166139686,-461.2633332559035,359.73332846922904,179.92414067705695,0.3157126625900453,179.61050866862357,1739364947841
142.19742898042526,-461.26330777793794,359.73327445731684,179.92413379269354,0.3157193867813168,179.61050182991332,1739364947849
142.19734957447648,-461.2633631459401,359.73336868872684,179.92414072567965,0.3157058765042259,179.6105019076973,1739364947857
142.19748389602077,-461.26334185243314,359.7333826740448,179.92414735175393,0.31571950798888737,179.61050191007993,1739364947865
142.19740379455357,-461.2632703078993,359.7334246032228,179.92414744795758,0.3157060075159863,179.61049514783178,1739364947873
142.19747155519497,-461.2633416293582,359.7332734577932,179.92413387932666,0.31571255553225436,179.6105154276283,1739364947881
142.19747104374048,-461.26326566385694,359.7333293722963,179.924140601603,0.3157126865423989,179.61050186929316,1739364947889
142.19737449215356,-461.2633878304318,359.7332873466607,179.9241405540408,0.315719388718939,179.61048823613928,1739364947897
142.1974164963009,-461.26333348341285,359.73343758903025,179.92415427304854,0.3157128347509751,179.61050874822035,1739364947905
142.19741667245583,-461.26332079545125,359.73331467681186,179.92413387877852,0.3157126096974416,179.6105086660259,1739364947917
142.1974169157098,-461.2633839754138,359.7333275661555,179.92414064012655,0.3157126116342671,179.61050187072144,1739364947925
142.1973747596534,-461.2633759225927,359.73330007777327,179.92412699492905,0.3157193041438173,179.61049506704344,1739364947933
142.19747143752735,-461.26334185688063,359.73338257759434,179.92414740039536,0.3157127096925221,179.61050191008982,1739364947941
142.19741670600538,-461.2633587294166,359.73338257759434,179.92414751277974,0.31571273669352223,179.61051550732233,1739364947949
142.19736218418262,-461.2634008479434,359.7333275661555,179.924140677588,0.3157126206354071,179.61050187081867,1739364947957
142.19736169837995,-461.26329918138754,359.73322025250707,179.92412700561144,0.3157125143782238,179.61048819275567,1739364947965
142.1974165298503,-461.26337141735894,359.7335054898248,179.92416779466535,0.31571293475088463,179.61049519381393,1739364947973
142.1974292486168,-461.2633205634667,359.73320565346995,179.92412019668484,0.3157192268293034,179.61050178784845,1739364947981
142.19737418972812,-461.26331241754076,359.73336978469376,179.92414062786898,0.31571951505160517,179.61050190701047,1739364947989
142.19734966720054,-461.2634133128386,359.7333412621251,179.92414744958495,0.3157058572309869,179.61048827629097,1739364947997
142.19748388809438,-461.26327821739505,359.7331515451151,179.92411343588574,0.31571917072970657,179.61051534475453,1739364948005
142.19742882990127,-461.2632947648659,359.73323414137315,179.92413379271065,0.3157193745707634,179.61050179237986,1739364948013
142.1974169157098,-461.2633839754138,359.7333275661555,179.9241406026651,0.3157126026331227,179.6104950721538,1739364948021
142.19744179914701,-461.26334603254844,359.7332598582799,179.92412690884248,0.31572608122685725,179.61049502940043,1739364948029
142.19741658833755,-461.26335895691324,359.7334916974018,179.9241610338484,0.31571289085539345,179.61050198978387,1739364948037
142.197361672746,-461.263324882436,359.73338348066187,179.92414739986432,0.3157127516471604,179.61048831248357,1739364948045
142.19734942395405,-461.26335013287775,359.73332837278,179.92414072569676,0.3157058642936813,179.61050187016383,1739364948053
142.1974294918707,-461.26338374343254,359.7332185428048,179.9241269580321,0.315719228765313,179.61049499254477,1739364948061
142.19744162299213,-461.2633587205246,359.7333827704967,179.92414734057556,0.31572631528558925,179.61050191016733,1739364948069
142.1974166139686,-461.2633332559035,359.73332846922904,179.92414060213406,0.3157126445877607,179.61049507148832,1739364948077
142.19747134548763,-461.26331638336757,359.73332846922904,179.92414060213406,0.3157126445877608,179.61050186995868,1739364948085
142.19734948244272,-461.2633376724255,359.73331458036296,179.92413388995772,0.31570580239913654,179.61049506899937,1739364948093
142.1974039457708,-461.2633080143522,359.7333833842129,179.92414748596642,0.31570596235114007,179.61050190953142,1739364948105
142.19736212569396,-461.2634133083941,359.7333413585741,179.924147438405,0.31571266452767716,179.61049507484873,1739364948113
142.19734942395405,-461.26335013287775,359.73332837278,179.92414072569676,0.3157058642936813,179.61050187016383,1739364948121
142.19736176477969,-461.26335035594263,359.73343758903025,179.92415416066416,0.3157128077523812,179.61048155404708,1739364948129
142.19741625304692,-461.2632703034533,359.73342469967173,179.92414739931615,0.315712805812339,179.61049514782192,1739364948137
142.1973493398312,-461.26338829433314,359.7335053933758,179.92416788076744,0.3157061454524442,179.6104951939186,1739364948145
142.19742964239475,-461.2633967565046,359.73325885874846,179.92412699547722,0.31571924997862993,179.61050182864588,1739364948153
142.19741667245583,-461.26332079545125,359.73331467681186,179.9241338413171,0.3157126006954949,179.61050186745828,1739364948161
142.19748404724245,-461.26337955888096,359.7333414550245,179.92414738976436,0.3157194628240483,179.6105086717796,1739364948169
142.19731991114693,-461.26341771602375,359.7333276626059,179.92414059148592,0.31571940993063824,179.61048827377002,1739364948177
142.19748365345546,-461.2633033658528,359.73328824973396,179.92414062843423,0.315719448675873,179.6105154295498,1739364948185
142.1974167644926,-461.2633462689659,359.73336878517574,179.92414067703982,0.3157126748005899,179.61050870615702,1739364948193
142.19736191530205,-461.2633633689955,359.73347790498036,179.92415423557,0.31571283796198396,179.6104951887158,1739364948201
142.1974169157098,-461.2633839754138,359.7333275661555,179.9241406026651,0.3157126026331227,179.6104950721538,1739364948209
142.19734957447648,-461.2633631459401,359.73336868872684,179.92414068821898,0.3157058675030916,179.6104951091297,1739364948217
142.19736215063756,-461.26336291397007,359.7332596653776,179.92412704358682,0.3157124936368972,179.61049502952227,1739364948225
142.19741670600538,-461.2633587294166,359.73338257759434,179.92414740039536,0.315712709692522,179.61049511161946,1739364948233
142.19737413123943,-461.26332487799147,359.73338357711236,179.92414738868516,0.3157195589438694,179.61049511104133,1739364948241
142.1974170333773,-461.26338374787855,359.7332184463544,179.92412700667353,0.31571243046894776,179.61049499255708,1739364948249
142.19740424751197,-461.2633587338626,359.7333824811454,179.92414748649742,0.3157059203965015,179.61050191019694,1739364948257
142.19733657169178,-461.26327394429205,359.7332750710375,179.9241339380844,0.31569903384684206,179.61049503081185,1739364948265
142.19734936546533,-461.26336259332845,359.73334216519856,179.92414748651456,0.31570590818595706,179.61049507419307,1739364948273
142.1974717057205,-461.2633546424253,359.7333137737384,179.92413380438668,0.31571254973890567,179.61050186802652,1739364948281
142.1974163122275,-461.26328253639304,359.7333293722963,179.9241406765259,0.31571270454468364,179.61050866795804,1739364948293
142.19741667245583,-461.26332079545125,359.73331467681186,179.9241338413171,0.3157126006954949,179.61050186745828,1739364948301
142.19736245237263,-461.2634136334803,359.733258762298,179.92412704411785,0.31571245168225887,179.61049503018776,1739364948309
142.19734918070768,-461.2632869529149,359.73331548343026,179.9241339268873,0.3157058533557158,179.61050186690147,1739364948317
142.1975260770047,-461.2632995108249,359.73332846922904,179.92414060213406,0.3157126445877607,179.61050866842905,1739364948325
142.19742910601155,-461.2633711854197,359.73339646646485,179.92415418749462,0.31571956988264077,179.6105019127757,1739364948333
142.19736203296986,-461.26336314149563,359.73336878517574,179.92414063957838,0.31571266579944984,179.61049510911903,1739364948341
142.197470834033,-461.2632404178597,359.7333843837232,179.9241474742562,0.3157128116024702,179.61051550589406,1739364948349
142.1974165554814,-461.26334571635425,359.7333422616475,179.92414743787393,0.3157127064823154,179.61050187265363,1739364948357
142.19742859456582,-461.2632952199038,359.73345238096374,179.92416098469386,0.3157197188958673,179.61050195157665,1739364948365
142.19741646344463,-461.26332024283624,359.7332881532835,179.92414060215114,0.31571263237721153,179.61049503395483,1739364948373
142.1974167644926,-461.2633462689659,359.73336878517574,179.92414067703982,0.3157126748005899,179.61050870615702,1739364948381
142.19736205860372,-461.2633374404422,359.7332055570195,179.9241202827869,0.3157124375364923,179.61050178795878,1739364948389
142.19741646344463,-461.26332024283624,359.7332881532835,179.92414063961257,0.31571264137835614,179.61050183252246,1739364948397
142.1973616142573,-461.26333734288505,359.73339727308195,179.92415419814276,0.31571280454137685,179.61048831508123,1739364948405
142.19747125344782,-461.26329090984785,359.73327436086646,179.92413380387273,0.3157125794829946,179.61050182982754,1739364948413
142.1974164042642,-461.26330800990627,359.73338348066187,179.9241474373258,0.3157127606474983,179.61050190952156,1739364948421
142.19742919012958,-461.26333302392226,359.7332194458841,179.92412692003882,0.315719261717183,179.61048819331165,1739364948429
142.19734906373023,-461.2633118738179,359.7333430682659,179.92414752344416,0.31570595914092303,179.6105018720952,1739364948437
142.19741622019077,-461.26325706287355,359.73327526393393,179.92413384080314,0.31571263043958414,179.6105018292593,1739364948445
142.19741658041906,-461.26329532192995,359.7332605684508,179.9241270055943,0.3157125265887772,179.61049502875952,1739364948453
142.19736182395872,-461.263362588884,359.7333422616475,179.9241474004125,0.3157126974819775,179.61048827561558,1739364948461
142.1975260770047,-461.2632995108249,359.73332846922904,179.9241406395955,0.3157126535889053,179.61051546699667,1739364948473
142.1974289212448,-461.2632955450096,359.73336978469376,179.92414055294446,0.3157194970493091,179.6104951083456,1739364948481
142.1974039457708,-461.2633080143522,359.7333833842129,179.92414752342705,0.31570597135146766,179.61050870809905,1739364948489
142.1974164042642,-461.26330800990627,359.73338348066187,179.9241475122487,0.31571277864816083,179.61051550665684,1739364948497
142.1974167651858,-461.26337096234664,359.73328725021025,179.92414064014366,0.3157125994237182,179.61050183318798,1739364948505
142.19736197448117,-461.2633756019463,359.73338257759434,179.92414740039536,0.315712709692522,179.61048831314906,1739364948513
142.1974165298503,-461.26337141735894,359.7335054898248,179.92416783212684,0.31571294374880254,179.61050199238156,1739364948521
142.19736154716733,-461.2632614749491,359.7332614715183,179.9241270425247,0.31571257754617343,179.61049502819125,1739364948529
142.19748415628726,-461.2632910029043,359.73308274127413,179.92409987733922,0.315719019785277,179.61052210125732,1739364948537
142.19740367757902,-461.26329522879576,359.7334521880643,179.92416108197511,0.3157061223031379,179.61050195159316,1739364948545
142.19740415547525,-461.2633332603495,359.73332837278,179.92414068823612,0.315705855292547,179.6105018700666,1739364948553
142.19741658041906,-461.26329532192995,359.7332605684508,179.92412704305573,0.315712535591535,179.61050182732714,1739364948561
142.19736184890237,-461.26331219445956,359.7332605684508,179.92412711797863,0.3157125535970373,179.610508625992,1739364948569
142.19741670600538,-461.2633587294166,359.73338257759434,179.92414740039536,0.315712709692522,179.61049511161946,1739364948577
142.1973617904137,-461.2633246549135,359.73327436086646,179.92413380387273,0.3157125794829945,179.6104882328868,1739364948585
142.19736203296986,-461.26336314149563,359.73336878517574,179.92414063957838,0.31571266579944984,179.61049510911903,1739364948593
142.19740376169736,-461.26325706731944,359.733275167485,179.9241338519831,0.3157058231412804,179.61049503070316,1739364948601
142.19742895479428,-461.26333347896684,359.73343768548074,179.9241541494842,0.31571961504828233,179.61049515107604,1739364948609
142.19740388728354,-461.2633204748013,359.73339717663293,179.9241543217055,0.3157060242440708,179.61050871069594,1739364948617
142.19729454191008,-461.26335399233204,359.73328805683457,179.92414072571387,0.31570585208313207,179.61049503415998,1739364948625
142.19736158071234,-461.2632994089227,359.7333293722963,179.92414063906443,0.31571269554354353,179.61049507092005,1739364948633
142.19736203296986,-461.26336314149563,359.73336878517574,179.92414060211692,0.31571265679830535,179.61048831055137,1739364948641
142.19741652193184,-461.2633077823839,359.73327436086646,179.9241338787956,0.3157125974868924,179.61050862849243,1739364948649
142.19745909670158,-461.2633416338056,359.73327336134423,179.92413389050586,0.3157057482339494,179.61050862907214,1739364948661
142.19747155519497,-461.2633416293582,359.7332734577932,179.92413384186523,0.31571254653030784,179.61050862906066,1739364948669
142.19753850987314,-461.2633252073856,359.7334917938523,179.92416091028323,0.3157196711542993,179.61050198958108,1739364948677
142.19747107729447,-461.26330359781923,359.73339727308195,179.92415427306568,0.31571282254043487,179.61051550915724,1739364948685
142.19729478446166,-461.2633924789125,359.7333824811454,179.92414752395808,0.31570592939682923,179.6104951118238,1739364948693
142.19734951598778,-461.2633756063908,359.7333824811454,179.92414748649742,0.3157059203965016,179.61049511172655,1739364948701
142.19736188244744,-461.2633501284332,359.73332846922904,179.92414067705695,0.3157126625900454,179.61050187015317,1739364948709
142.19741652123867,-461.2632830890033,359.73335589582626,179.92413384076892,0.31571265486067795,179.61050190432624,1739364948717
142.19736209214884,-461.26337537442396,359.7332734577932,179.92413387932666,0.31571255553225436,179.61050183068755,1739364948725
142.19736185681333,-461.26337582944285,359.7334916974018,179.92416099638695,0.31571288185666885,179.61048839274585,1739364948733
142.19752622753174,-461.26331252388724,359.73336878517574,179.92414063957838,0.3157126657994498,179.61051550453013,1739364948741
142.197361672746,-461.263324882436,359.73338348066187,179.9241474373258,0.3157127606474983,179.61049511105116,1739364948749
142.1974167644926,-461.2633462689659,359.73336878517574,179.92414063957838,0.31571266579944984,179.6105019075894,1739364948757
142.1973617904137,-461.2633246549135,359.73327436086646,179.9241338787956,0.3157125974868924,179.61050183002206,1739364948765
142.19736188244744,-461.2633501284332,359.73332846922904,179.92414063959552,0.3157126535889053,179.61049507158555,1739364948773
142.19751367699556,-461.26328705482143,359.73331458036296,179.92413392741832,0.3157058114010775,179.61052226297812,1739364948781
142.19734957447648,-461.2633631459401,359.73336868872684,179.92414068821898,0.3157058675030916,179.6104951091297,1739364948789
142.1974167644926,-461.2633462689659,359.73336878517574,179.92414063957838,0.31571266579944984,179.6105019075894,1739364948797
142.19740424751197,-461.2633587338626,359.7333824811454,179.92414744903678,0.3157059113961695,179.6104951116293,1739364948805
142.19741658041906,-461.26329532192995,359.7332605684508,179.92412704305573,0.315712535591535,179.61050182732714,1739364948813
142.19744682228776,-461.2633925852857,359.73338148162463,179.92414749820927,0.3156990711451535,179.61050191077504,1739364948821
142.19734936546533,-461.26336259332845,359.73334216519856,179.92414748651456,0.31570590818595706,179.61049507419307,1739364948829
142.19736197448117,-461.2633756019463,359.73338257759434,179.92414740039536,0.315712709692522,179.61048831314906,1739364948837
142.19736209214884,-461.26337537442396,359.7332734577932,179.92413387932666,0.31571255553225436,179.61050183068755,1739364948845
142.1973194582095,-461.2633292900653,359.73336978469376,179.92414062786898,0.3157195150516052,179.61049510854008,1739364948857
142.19731996963708,-461.2634052555714,359.7333138701888,179.92413383066975,0.3157193660391803,179.61049506973916,1739364948865
142.19747134548763,-461.26331638336757,359.73332846922904,179.92414060213406,0.3157126445877608,179.61050186995868,1739364948873
142.1973911855362,-461.26325729928755,359.73338419082677,179.92414757153583,0.31569921500971654,179.61050870744342,1739364948881
142.19741658833755,-461.26335895691324,359.7334916974018,179.92416099638695,0.3157128818566689,179.61049519121624,1739364948889
142.19751376903832,-461.2633125283362,359.73336868872684,179.924140688219,0.3157058675030916,179.6105155045408,1739364948897
142.19740379524683,-461.2632950012897,359.7333430682659,179.92414752344416,0.3157059591409231,179.61050867056557,1739364948905
142.19730754468424,-461.2634431939799,359.73338167452107,179.92414747584934,0.3157126857385552,179.61049511247944,1739364948913
142.1974289212448,-461.2632955450096,359.73336978469376,179.92414059040672,0.3157195060504594,179.61050190691324,1739364948921
142.19741622019077,-461.26325706287355,359.73327526393393,179.92413384080314,0.31571263043958414,179.6105018292593,1739364948929
142.1973075111437,-461.26340526001445,359.7333137737384,179.92413380438668,0.31571254973890567,179.6104814726154,1739364948937
142.19740424751197,-461.2633587338626,359.7333824811454,179.92414748649742,0.3157059203965015,179.61050191019694,1739364948945
142.19734918139787,-461.26331164628596,359.7332339484738,179.9241338899919,0.315705777978034,179.6104949939324,1739364948953
142.19747125344782,-461.26329090984785,359.73327436086646,179.9241338787956,0.3157125974868924,179.6105154269628,1739364948961
142.19734942326372,-461.2633254394874,359.7334099077427,179.92414068767087,0.31570592166827016,179.61049514599765,1739364948969
142.19740397140168,-461.2632823133039,359.7332201560581,179.9241271291741,0.3157057340873709,179.6105085883736,1739364948977
142.19736188244744,-461.2633501284332,359.73332846922904,179.92414067705695,0.3157126625900454,179.61050187015317,1739364948985
142.19731934122913,-461.263354210965,359.7333973695324,179.9241541869636,0.31571961183727926,179.61048831516942,1739364948993
142.19742922298602,-461.26334626451995,359.73336888162623,179.9241406284,0.31571947309696674,179.61050870614636,1739364949001
142.19736176477969,-461.26335035594263,359.73343758903025,179.92415427304854,0.31571283475097506,179.61050194974996,1739364949009
142.19748401368838,-461.2633416249107,359.7332735542436,179.9241337183001,0.3157193268227606,179.61049503191393,1739364949017
142.19741646344463,-461.26332024283624,359.7332881532835,179.92414060215114,0.31571263237721153,179.61049503395483,1739364949025
142.19752586729425,-461.2632742648277,359.73338348066187,179.92414739986432,0.3157127516471604,179.61050870789467,1739364949037
142.19737434094085,-461.2633501239888,359.7333285656794,179.92414055349263,0.31571944288412607,179.61048827300726,1739364949045
142.1974288627576,-461.26330800546026,359.73338357711236,179.9241473512229,0.31571954994352575,179.61049511094407,1739364949053
142.19747143752735,-461.26334185688063,359.73338257759434,179.92414743785682,0.31571271869285994,179.61050870865742,1739364949061
142.19747146245908,-461.26329146246127,359.73330088439633,179.92412704303865,0.3157125478020843,179.610508663331,1739364949069
142.1974166973935,-461.2632704010171,359.7332329836241,179.92411340903746,0.31571242080034173,179.61049502356425,1739364949077
142.19741652193184,-461.2633077823839,359.73327436086646,179.92413391625706,0.3157126064888347,179.61051542706005,1739364949085
142.19740403780747,-461.26333348785886,359.7334374925813,179.92415424676705,0.3157060184555644,179.61049515109414,1739364949093
142.19741684930352,-461.2633328008072,359.7331102296445,179.9241134476123,0.31571230926376265,179.61050171086245,1739364949101
142.1974167316362,-461.26333302836827,359.7332193494336,179.92412708106534,0.3157124904290967,179.6105085890268,1739364949109
142.19741685722258,-461.26339643586437,359.7333413585741,179.92414747586645,0.31571267352801063,179.61050867188672,1739364949117
142.19745885344017,-461.26327845384134,359.73326047200186,179.92412709169636,0.31570573729517665,179.61050862580979,1739364949125
142.19747104374048,-461.26326566385694,359.7333293722963,179.924140601603,0.3157126865423989,179.61050186929316,1739364949133
142.1974166139686,-461.2633332559035,359.73332846922904,179.92414067705695,0.3157126625900453,179.61050866862357,1739364949141
142.1973616142573,-461.26333734288505,359.73339727308195,179.92415419814276,0.31571280454137685,179.61048831508123,1739364949149
142.19747137111523,-461.2632906822997,359.73316524107736,179.92412024534258,0.3157124163223745,179.61050854879844,1739364949157
142.19740424751197,-461.2633587338626,359.7333824811454,179.92414748649742,0.3157059203965015,179.61050191019694,1739364949165
142.19747143752735,-461.26334185688063,359.73338257759434,179.92414743785682,0.31571271869285994,179.61050870865742,1739364949173
142.1974163707147,-461.2632700759407,359.7333155798792,179.924133840786,0.3157126426501331,179.61050186679276,1739364949181
142.19740442366682,-461.2633460458863,359.73325956892864,179.92412712968806,0.3157057043432864,179.61050862657254,1739364949193
142.19747149670923,-461.2633540898105,359.73328725021025,179.92414064014366,0.31571259942371815,179.61050863165835,1739364949201
142.19742958390754,-461.2634092169585,359.73327265116404,179.92413375629343,0.31571929387008374,179.6104950326767,1739364949209
142.19742903891247,-461.263295317484,359.73326066490125,179.92412703187733,0.3157193428906652,179.6105086258825,1739364949217
142.1974415894426,-461.2633207865593,359.7333148697142,179.92413366910972,0.31572617928429436,179.61048827030004,1739364949225
142.19741688216024,-461.2633460414403,359.7332596653776,179.92412708104823,0.3157125026396505,179.6105086265603,1739364949233
142.19742922298602,-461.26334626451995,359.73336888162623,179.9241406284,0.31571947309696674,179.61050870614636,1739364949241
142.19747134548763,-461.26331638336757,359.73332846922904,179.92414063959552,0.3157126535889053,179.6105086685263,1739364949249
142.19741652193184,-461.2633077823839,359.73327436086646,179.9241338787956,0.3157125974868924,179.61050862849243,1739364949257
142.19751331675815,-461.2632487957633,359.7333292758473,179.92414065024442,0.3157058882460464,179.6105086677742,1739364949265
142.19742934065363,-461.2633460369944,359.73325976182804,179.92412695748394,0.31571928293050455,179.61049502941276,1739364949273
142.1974710693682,-461.26323996278944,359.73316614415063,179.92412024481152,0.3157124582770126,179.6105085481329,1739364949281
142.19729457476316,-461.26336723290876,359.7334374925813,179.92415428422768,0.31570602745508985,179.610488352721,1739364949289
142.19740415547525,-461.2633332603495,359.73332837278,179.92414061331485,0.315705837290265,179.61048827293135,1739364949297
142.19741682367302,-461.2633585018943,359.7332734577932,179.92413384186523,0.31571254653030784,179.6105018305903,1739364949305
142.19730745265352,-461.26341772046675,359.7333275661555,179.9241406026651,0.31571260263312273,179.61048147521305,1739364949313
142.197513643437,-461.2632491208446,359.73324667958775,179.9241203308786,0.31570569340532,179.61052222025094,1739364949321
142.1975258337358,-461.26323633086207,359.7333155798792,179.924133840786,0.31571264265013305,179.61051546373352,1739364949329
142.1973491557639,-461.2633373473295,359.73339717663293,179.92415424678416,0.3157060062450243,179.6104883150903,1739364949337
142.19739196517338,-461.26334605033225,359.73325947248117,179.92412710340824,0.3156988880414088,179.6104950294496,1739364949345
142.19734969214414,-461.26336291841454,359.73325956892864,179.92412709222745,0.31570569534053883,179.61049502953455,1739364949353
142.19734963365545,-461.2633753788685,359.73327336134423,179.92413385304522,0.3157057392320042,179.61048823356379,1739364949361
142.19748362782755,-461.2633290668768,359.7334514779022,179.92416098522492,0.31571967694122866,179.61050875071254,1739364949373
142.19742889630703,-461.2633459394143,359.7334514779022,179.9241610226872,0.3157196859399546,179.61050875080977,1739364949381
142.197416673149,-461.2633454888222,359.73323314184927,179.9241338044209,0.3157125253178031,179.61049499448922,1739364949389
142.19736218418262,-461.2634008479434,359.7333275661555,179.92414056520366,0.31571259363197374,179.6104814751158,1739364949397
142.19747146315513,-461.26331615583223,359.7332193494336,179.9241270436039,0.3157124814263434,179.61050858892955,1739364949405
142.19734921425263,-461.26332488688047,359.7333833842129,179.92414752342705,0.31570597135146766,179.61050190962865,1739364949413
142.19747113578023,-461.2632911373701,359.73338348066187,179.92414739986432,0.3157127516471604,179.61050190942433,1739364949421
142.19740424751197,-461.2633587338626,359.7333824811454,179.92414752395808,0.31570592939682923,179.61050870876454,1739364949429
142.19741622019077,-461.26325706287355,359.73327526393393,179.92413387826457,0.31571263944153094,179.61050862782693,1739364949437
142.19748367838716,-461.26325297141875,359.7332065565434,179.92412015869155,0.3157192597803714,179.61050178708567,1739364949445
142.19741610252305,-461.26325729039553,359.7333843837232,179.92414751171765,0.31571282060279926,179.61051550599134,1739364949453
142.19736206651487,-461.2634010754531,359.7334366859629,179.9241542735796,0.3157127927963366,179.61050195041545,1739364949461
142.19741709186448,-461.2633712874229,359.7332046539402,179.92412028331793,0.3157123955818544,179.61050858709467,1739364949469
142.1974043651796,-461.2633585063402,359.73327336134423,179.9241339279665,0.31570575723589034,179.6105086291694,1739364949477
142.19745873577259,-461.26327868136696,359.73336959179437,179.92414068768798,0.3157059094577299,179.61050870540495,1739364949485
142.19741652193184,-461.2633077823839,359.73327436086646,179.92413384133417,0.31571258848494577,179.6105018299248,1739364949493
142.1974289212448,-461.2632955450096,359.73336978469376,179.92414059040672,0.3157195060504594,179.61050190691324,1739364949501
142.19741642989507,-461.2632823088579,359.73322025250707,179.92412704307287,0.3157125233809816,179.6105017897937,1739364949509
142.19747119496208,-461.2633033703002,359.7332881532835,179.92414067707406,0.3157126503794962,179.61051542956045,1739364949517
142.1974166139686,-461.2633332559035,359.73332846922904,179.92414063959552,0.3157126535889053,179.61050187005594,1739364949525
142.1974165554814,-461.26334571635425,359.7333422616475,179.92414743787393,0.3157127064823154,179.61050187265363,1739364949533
142.19741673955485,-461.2633966633707,359.7334504783844,179.92416103439658,0.31571283669021927,179.6105019529159,1739364949541
142.19740364402966,-461.26325729484154,359.73338428727425,179.92414748543533,0.3157060043057784,179.61050190886593,1739364949549
142.19736143810067,-461.26335003082227,359.7335201853107,179.92417459241273,0.3157130295997385,179.61048839727576,1739364949557
142.19742882990127,-461.2632947648659,359.73323414137315,179.92413379271065,0.3157193745707634,179.61050179237986,1739364949565
142.19740379524683,-461.2632950012897,359.7333430682659,179.92414744852283,0.3157059411402632,179.61049507343034,1739364949577
142.1974291644988,-461.2633587249706,359.7333826740448,179.9241473892162,0.315719516989231,179.61050191017722,1739364949585
142.19747164723478,-461.26336710287774,359.7333275661555,179.9241406026651,0.31571260263312273,179.61050187062418,1739364949593
142.19736239388396,-461.2634260939342,359.73327255471366,179.9241338423963,0.31571250457566946,179.61049503278542,1739364949601
142.19747125344782,-461.26329090984785,359.73327436086646,179.92413376641127,0.3157125704810389,179.61049503125992,1739364949609
142.1974043066924,-461.2633709667926,359.73328715376135,179.92414072624493,0.31570581012849414,179.61050863176627,1739364949617
142.1974041219257,-461.2632953263759,359.73326047200186,179.92412709169636,0.3157057372951767,179.61050182733942,1739364949625
142.19741648838226,-461.26326984840233,359.733206460093,179.92412028225584,0.31571247949113057,179.61050858576368,1739364949633
142.19741670600538,-461.2633587294166,359.73338257759434,179.92414743785682,0.31571271869285994,179.61050191018705,1739364949641
142.19740442366682,-461.2633460458863,359.73325956892864,179.92412712968806,0.3157057043432864,179.61050862657254,1739364949649
142.1974166139686,-461.2633332559035,359.73332846922904,179.92414067705695,0.3157126625900453,179.61050866862357,1739364949657
142.1974164963009,-461.26333348341285,359.73343758903025,179.92415427304854,0.3157128347509751,179.61050874822035,1739364949665
142.1974167901234,-461.2633205679126,359.7332055570195,179.92412024532547,0.31571242853293235,179.61050178786152,1739364949673
142.1975385611227,-461.2632738053082,359.73316533752774,179.92412019670195,0.3157192146187456,179.61051534725573,1739364949681
142.1974164963009,-461.26333348341285,359.73343758903025,179.92415427304854,0.3157128347509751,179.61050874822035,1739364949689
142.19741697489007,-461.26339620833244,359.73323223877,179.9241338424134,0.3157124923651161,179.61050179372236,1739364949697
142.19739190668616,-461.2633585107862,359.7332732648968,179.9241339391465,0.3156989499375657,179.61050183061326,1739364949705
142.19736197448117,-461.2633756019463,359.73338257759434,179.92414747531825,0.31571272769319336,179.6105019102843,1739364949713
142.19740427314278,-461.2633330328142,359.7332192529847,179.92412709224453,0.31570568312998515,179.61050179047146,1739364949721
142.1974164042642,-461.26330800990627,359.73338348066187,179.9241475122487,0.31571277864816083,179.61051550665684,1739364949729
142.19747140397337,-461.2633039229152,359.73331467681186,179.9241338413171,0.31571260069549484,179.61050866592862,1739364949737
142.1974712870019,-461.26332884381816,359.7333422616475,179.9241474753354,0.31571271548264873,179.6105154696916,1739364949745
142.19740388728354,-461.2633204748013,359.73339717663293,179.9241543217055,0.3157060242440708,179.61050871069594,1739364949757
142.19747146315513,-461.26331615583223,359.7332193494336,179.92412700614247,0.31571247242358563,179.61050179036192,1739364949765
142.197429315716,-461.26339643141847,359.7333414550245,179.92414731483984,0.3157194448233568,179.61048827617398,1739364949773
142.19736188244744,-461.2633501284332,359.73332846922904,179.92414067705695,0.3157126625900454,179.61050187015317,1739364949781
142.1974841057282,-461.26336709843025,359.7333276626059,179.92414059148592,0.3157194099306382,179.61050866918112,1739364949789
142.19740423959314,-461.26329509882447,359.7331513522157,179.9241134957048,0.31570556513260484,179.61050174774434,1739364949797
142.1974169157098,-461.2633839754138,359.7333275661555,179.92414064012655,0.3157126116342671,179.61050187072144,1739364949805
142.19748386246678,-461.2633039184678,359.7333147732623,179.92413379267646,0.31571939899186596,179.61050866591717,1739364949813
142.19736209214884,-461.26337537442396,359.7332734577932,179.9241338044038,0.3157125375283567,179.6104882335523,1739364949821
142.19734951598778,-461.2633756063908,359.7333824811454,179.92414737411548,0.315705893395492,179.61047471602365,1739364949829
142.1974291644988,-461.2633587249706,359.7333826740448,179.9241473892162,0.315719516989231,179.61050191017722,1739364949837
142.19741670600538,-461.2633587294166,359.73338257759434,179.92414743785682,0.31571271869285994,179.61050191018705,1739364949845
142.19747101880867,-461.2633160582666,359.73341106550345,179.9241611088056,0.3157128844317534,179.61052231032255,1739364949853
142.19741688216024,-461.2633460414403,359.7332596653776,179.9241270435868,0.31571249363689724,179.61050182799264,1739364949861
142.19741667245583,-461.26332079545125,359.73331467681186,179.92413387877852,0.3157126096974416,179.6105086660259,1739364949869
142.19741628659634,-461.26330823740255,359.7334926004632,179.92416110824033,0.315712950807468,179.61051558625363,1739364949877
142.1973617904137,-461.2633246549135,359.73327436086646,179.92413380387273,0.3157125794829945,179.6104882328868,1739364949885
142.19740421396247,-461.26332079989726,359.73331458036296,179.92413388995772,0.31570580239913654,179.61050186746974,1739364949893
142.19747116933414,-461.2633290713242,359.73345138145174,179.92416103386552,0.31571287864485753,179.61050875072078,1739364949901
142.19741673955485,-461.2633966633707,359.7334504783844,179.92416095947362,0.31571281869276574,179.61048835578063,1739364949909
142.19747125344782,-461.26329090984785,359.73327436086646,179.92413391625706,0.31571260648883465,179.61052222553042,1739364949917
142.19747134548763,-461.26331638336757,359.73332846922904,179.92414067705695,0.3157126625900454,179.6105154670939,1739364949925
142.19747125344782,-461.26329090984785,359.73327436086646,179.92413384133417,0.31571258848494577,179.61050862839517,1739364949933
142.1974169157098,-461.2633839754138,359.7333275661555,179.9241406026651,0.3157126026331227,179.6104950721538,1739364949945
142.1974163707147,-461.2632700759407,359.7333155798792,179.9241339157089,0.31571266065402226,179.610515463928,1739364949953
142.19736158862298,-461.2633630438704,359.7335605012622,179.92417459239564,0.3157130418102698,179.6104884348092,1739364949961
142.19741667245583,-461.26332079545125,359.73331467681186,179.92413391623995,0.3157126186993839,179.61051546459353,1739364949969
142.19741655478813,-461.2633210229639,359.73342379661017,179.9241474747701,0.3157127818583719,179.61050874562267,1739364949977
142.1974713704193,-461.2632659889384,359.7332467760367,179.92412028223873,0.3157124917016842,179.61051542176747,1739364949985
142.1974291644988,-461.2633587249706,359.7333826740448,179.9241473892162,0.315719516989231,179.61050191017722,1739364949993
142.19744162299213,-461.2633587205246,359.7333827704967,179.9241473031125,0.31572630628523995,179.6104951115997,1739364950001
142.19741673094305,-461.2633083349973,359.73330088439633,179.92412708050009,0.3157125568048377,179.61050866342822,1739364950009
142.19736163920103,-461.2632869484704,359.7333155798792,179.92413380332457,0.3157126336481819,179.61048826975477,1739364950017
142.19741670600538,-461.2633587294166,359.73338257759434,179.92414743785682,0.31571271869285994,179.61050191018705,1739364950025
142.1973617904137,-461.2633246549135,359.73327436086646,179.9241338787956,0.3157125974868924,179.61050183002206,1739364950033
142.19734963365545,-461.2633753788685,359.73327336134423,179.92413389050586,0.3157057482339495,179.61049503213138,1739364950041
142.19748356071963,-461.26325319895716,359.73331567632965,179.92413382960765,0.3157194499484567,179.6105154638193,1739364950049
142.1974167316362,-461.26333302836827,359.7332193494336,179.9241270436039,0.3157124814263434,179.61050179045918,1739364950057
142.19737413123943,-461.26332487799147,359.73338357711236,179.9241473137606,0.31571954094317756,179.61048151390605,1739364950065
142.1973493319203,-461.2633246593579,359.7332742644175,179.92413381505352,0.31570577218469215,179.61048143433064,1739364950073
142.197349390409,-461.26331219890403,359.73326047200186,179.92412705423575,0.3157057282924246,179.61048823030143,1739364950081
142.1974286786842,-461.2632570584276,359.73327536038437,179.92413382962474,0.3157194377379077,179.61050862781545,1739364950089
142.1973617904137,-461.2633246549135,359.73327436086646,179.9241338787956,0.3157125974868924,179.61050183002206,1739364950097
142.19736155507815,-461.2633251099324,359.7334926004632,179.92416103331738,0.315712932810032,179.61049519064798,1739364950105
142.19737476034356,-461.26340061596375,359.7332185428048,179.9241269580321,0.3157192287653129,179.61048819407438,1739364950113
142.19742919012958,-461.26333302392226,359.7332194458841,179.92412695750104,0.315719270719951,179.61049499187928,1739364950121
142.19745849320734,-461.2632401947848,359.733275167485,179.9241339269044,0.3157058411451668,179.61051542630878,1739364950129
142.19748353578788,-461.26330359337175,359.7333973695324,179.9241541495013,0.3157196028377421,179.61050191201292,1739364950141
142.1974164963009,-461.26333348341285,359.73343758903025,179.92415423558708,0.3157128257514483,179.6105019496527,1739364950149
142.19747155519497,-461.2633416293582,359.7332734577932,179.92413387932666,0.31571255553225436,179.6105154276283,1739364950157
142.19741643781364,-461.2633459438603,359.73345138145174,179.92416103386552,0.3157128786448576,179.61050195225042,1739364950165
142.19745894547998,-461.26330392736264,359.73331458036296,179.92413392741832,0.31570581140107745,179.61051546450773,1739364950173
142.19736158071234,-461.2632994089227,359.7333293722963,179.924140601603,0.315712686542399,179.61048827235243,1739364950181
142.19741670600538,-461.2633587294166,359.73338257759434,179.92414747531825,0.31571272769319336,179.6105087087547,1739364950189
142.19740385373407,-461.263282540839,359.7333292758473,179.92414068770506,0.31570589724718523,179.6105018694011,1739364950197
142.19740424751197,-461.2633587338626,359.7333824811454,179.92414748649742,0.3157059203965015,179.61050191019694,1739364950205
142.19741682367302,-461.2633585018943,359.7332734577932,179.92413387932666,0.31571255553225447,179.61050862915795,1739364950213
142.19747107729447,-461.26330359781923,359.73339727308195,179.92415423560422,0.31571281354090813,179.6105087105896,1739364950221
142.1974043651796,-461.2633585063402,359.73327336134423,179.92413389050586,0.3157057482339496,179.61050183060178,1739364950229
142.19734939831994,-461.2633758338874,359.73349160095285,179.9241611199497,0.3157061015577494,179.61050198988934,1739364950237
142.19740421396247,-461.26332079989726,359.73331458036296,179.92413388995772,0.31570580239913654,179.61050186746974,1739364950245
142.19737479388868,-461.263438549942,359.73328644358116,179.92414055457184,0.31571934676430075,179.61048823680477,1739364950253
142.19747116140803,-461.2632654363218,359.73322025250707,179.92412704307287,0.31571252338098155,179.61050858826405,1739364950261
142.1974289212448,-461.2632955450096,359.73336978469376,179.92414059040672,0.3157195060504594,179.61050190691324,1739364950269
142.19741682367302,-461.2633585018943,359.7332734577932,179.92413384186523,0.31571254653030784,179.6105018305903,1739364950277
142.19734930628627,-461.2633503603871,359.7334374925813,179.92415424676705,0.31570601845556445,179.61048835262378,1739364950285
142.19729418100346,-461.2632910398914,359.73338428727425,179.92414756035666,0.3157060223064295,179.61050190906042,1739364950293
142.19741682367302,-461.2633585018943,359.7332734577932,179.92413384186523,0.31571254653030784,179.6105018305903,1739364950301
142.19736194093613,-461.263337667981,359.73331467681186,179.92413380385565,0.31571259169354376,179.61048827042026,1739364950309
142.19741682297982,-461.26333380851366,359.7333549927588,179.92413384129998,0.3157126129060396,179.61050190499174,1739364950321
142.19736197448117,-461.2633756019463,359.73338257759434,179.92414747531825,0.31571272769319336,179.6105019102843,1739364950329
142.19736224336145,-461.26341308086216,359.73323223877,179.9241338798748,0.31571250136706264,179.6105017938196,1739364950337
142.19740414755628,-461.26326962528407,359.7330972438638,179.9241067349041,0.31570550903379835,179.61050850618165,1739364950345
142.19741667245583,-461.26332079545125,359.73331467681186,179.9241338413171,0.3157126006954949,179.61050186745828,1739364950353
142.19748380398104,-461.2633163789201,359.7333285656794,179.92414055349263,0.31571944288412607,179.610501869948,1739364950361
142.19740433163,-461.26332057235857,359.73320546057056,179.9241202939661,0.31570563023657405,179.6105017878746,1739364950369
142.19736176477969,-461.26335035594263,359.73343758903025,179.92415423558708,0.31571282575144827,179.6104951511823,1739364950377
142.19736206651487,-461.2634010754531,359.7334366859629,179.92415419865668,0.31571277479727866,179.6104883532802,1739364950385
142.1974163122275,-461.26328253639304,359.7333293722963,179.92414063906443,0.31571269554354353,179.61050186939045,1739364950393
142.197361672746,-461.263324882436,359.73338348066187,179.9241474373258,0.3157127606474983,179.61049511105116,1739364950401
142.1973616142573,-461.26333734288505,359.73339727308195,179.92415427306568,0.315712822540435,179.61050191221648,1739364950409
142.1974169157098,-461.2633839754138,359.7333275661555,179.92414064012655,0.3157126116342671,179.61050187072144,1739364950417
142.19740418902478,-461.2633711943117,359.73339627356546,179.9241542473152,0.315705964290386,179.61049511422618,1739364950425
142.19736169837995,-461.26329918138754,359.73322025250707,179.92412708053428,0.3157125323837349,179.61050178989092,1739364950433
142.19740403780747,-461.26333348785886,359.7334374925813,179.92415435914904,0.31570604545412756,179.61051554679702,1739364950441
142.1975384178304,-461.26329973388533,359.73343768548074,179.9241541494842,0.3157196150482823,179.61050874801677,1739364950449
142.19741670600538,-461.2633587294166,359.73338257759434,179.92414747531825,0.31571272769319336,179.6105087087547,1739364950457
142.1974290139748,-461.26334571190824,359.733342358098,179.92414738923333,0.31571950477868643,179.61050187264374,1739364950465
142.19736218418262,-461.2634008479434,359.7333275661555,179.924140677588,0.3157126206354071,179.61050187081867,1739364950473
142.19736163920103,-461.2632869484704,359.7333155798792,179.92413380332457,0.3157126336481819,179.61048826975477,1739364950481
142.1974291316424,-461.26334548437626,359.7332332382997,179.92413383070394,0.31571934161807746,179.61050859161298,1739364950489
142.19741669808656,-461.2632950943785,359.73315144866467,179.92411344706417,0.31571236342896314,179.61050174773044,1739364950501
142.1974712870019,-461.26332884381816,359.7333422616475,179.92414743787393,0.31571270648231536,179.61050867112397,1739364950509
142.19736152153322,-461.2632871759831,359.73342469967173,179.92414743677762,0.315712814812677,179.61049514791918,1739364950517
142.1974167644926,-461.2633462689659,359.73336878517574,179.92414063957838,0.31571266579944984,179.6105019075894,1739364950525
142.19740412261874,-461.2633200197373,359.73317893704257,179.92412709226164,0.31570567091942714,179.610501752938,1739364950533
142.1974043651796,-461.2633585063402,359.73327336134423,179.9241339279665,0.31570575723589034,179.6105086291694,1739364950541
142.1974170333773,-461.26338374787855,359.7332184463544,179.92412704413496,0.31571243947170546,179.6105017911247,1739364950549
142.19737403920573,-461.26329940447823,359.7333294687468,179.92414055296155,0.3157194848387643,179.61048827234177,1739364950557
142.1974291644988,-461.2633587249706,359.7333826740448,179.92414735175393,0.31571950798888737,179.61049511160957,1739364950565
142.19736209214884,-461.26337537442396,359.7332734577932,179.92413387932666,0.31571255553225436,179.61050183068755,1739364950573
142.19741682367302,-461.2633585018943,359.7332734577932,179.92413384186523,0.31571254653030784,179.6105018305903,1739364950581
142.1975259264776,-461.2632864977576,359.7332881532835,179.92414063961257,0.3157126413783561,179.6105154294632,1739364950589
142.1974164042642,-461.26330800990627,359.73338348066187,179.92414732494137,0.31571273364647123,179.6104815138187,1739364950597
142.19745864373283,-461.2632532078521,359.73331548343026,179.9241339268873,0.3157058533557157,179.61051546384223,1739364950605
142.19734945749906,-461.26338806683987,359.73339627356546,179.92415432223652,0.31570598228943236,179.61050191289104,1739364950613
142.1974166139686,-461.2633332559035,359.73332846922904,179.92414063959552,0.3157126535889053,179.61050187005594,1739364950621
142.19736209214884,-461.26337537442396,359.7332734577932,179.92413384186523,0.31571254653030784,179.6104950321199,1739364950629
142.1974043651796,-461.2633585063402,359.73327336134423,179.9241339279665,0.31570575723589034,179.6105086291694,1739364950637
142.19737409769445,-461.26328694402594,359.73331567632965,179.9241337546831,0.3157194319445472,179.61048826974326,1739364950645
142.1974712870019,-461.26332884381816,359.7333422616475,179.92414743787393,0.31571270648231536,179.61050867112397,1739364950653
142.19734942395405,-461.26335013287775,359.73332837278,179.92414072569676,0.3157058642936813,179.61050187016383,1739364950661
142.19745864373283,-461.2632532078521,359.73331548343026,179.92413388942663,0.3157058443537747,179.6105086652746,1739364950669
142.19734951598778,-461.2633756063908,359.7333824811454,179.92414752395808,0.31570592939682923,179.61050191029415,1739364950677
142.19741670600538,-461.2633587294166,359.73338257759434,179.92414743785682,0.31571271869285994,179.61050191018705,1739364950689
142.19741670600538,-461.2633587294166,359.73338257759434,179.92414740039536,0.315712709692522,179.61049511161946,1739364950697
142.19740421396247,-461.26332079989726,359.73331458036296,179.92413392741832,0.3157058114010775,179.61050866603736,1739364950705
142.19736203296986,-461.26336314149563,359.73336878517574,179.92414060211692,0.31571265679830535,179.61048831055137,1739364950713
142.19737407206026,-461.26331264504046,359.73347890449213,179.9241542238606,0.31571968721252613,179.61050198660888,1739364950721
142.19742871223363,-461.2632949923978,359.7333432611654,179.92414742616452,0.3157195557336639,179.61050867054587,1739364950729
142.19734948244272,-461.2633376724255,359.73331458036296,179.92413385249705,0.3157057933971911,179.61048827043174,1739364950737
142.19748350223387,-461.26326565940946,359.7333294687468,179.92414055296155,0.3157194848387643,179.6105018692825,1739364950745
142.1974164963009,-461.26333348341285,359.73343758903025,179.92415427304854,0.3157128347509751,179.61050874822035,1739364950753
142.19745852676132,-461.263278128755,359.7333430682659,179.9241474859835,0.3157059501405952,179.61050867046833,1739364950761
142.19740406343848,-461.2633077868299,359.7332742644175,179.9241338899748,0.31570579018858735,179.61050182993628,1739364950769
142.19739188105527,-461.2633842118153,359.73343649306645,179.9241543708592,0.31569919620358305,179.61050874890392,1739364950777
142.1974288627576,-461.26330800546026,359.73338357711236,179.92414738868516,0.3157195589438694,179.61050190951173,1739364950785
142.1974170333773,-461.26338374787855,359.7332184463544,179.92412704413496,0.31571243947170546,179.6105017911247,1739364950793
142.19740424751197,-461.2633587338626,359.7333824811454,179.92414748649742,0.3157059203965015,179.61050191019694,1739364950801
142.19741652193184,-461.2633077823839,359.73327436086646,179.9241338787956,0.3157125974868924,179.61050862849243,1739364950809
142.19747155519497,-461.2633416293582,359.7332734577932,179.9241338044038,0.3157125375283567,179.61050183049304,1739364950817
142.19749611125275,-461.26327866802455,359.7333698811457,179.9241405417661,0.31572630434681764,179.61050870537292,1739364950825
142.19742880427037,-461.26332046590926,359.7333973695324,179.92415411203905,0.3157195938382007,179.61048831497493,1739364950833
142.19740388728354,-461.2633204748013,359.73339717663293,179.9241543217055,0.3157060242440708,179.61050871069594,1739364950841
142.19734972568926,-461.26340085238786,359.7333274697065,179.92414065130654,0.3157058043367701,179.6104882736941,1739364950849
142.19748380398104,-461.2633163789201,359.7333285656794,179.92414055349263,0.31571944288412607,179.610501869948,1739364950857
142.19741663959934,-461.2633075548358,359.73316524107736,179.92412024534258,0.3157124163223745,179.6105017503281,1739364950869
142.1973617983246,-461.2633882898886,359.7335054898248,179.92416786958833,0.31571295274671607,179.6105019924788,1739364950877
142.19748383753503,-461.2633543128822,359.73339646646485,179.92415418749462,0.31571956988264077,179.61050871124607,1739364950885
142.1974164042642,-461.26330800990627,359.73338348066187,179.92414739986432,0.3157127516471604,179.61049511095396,1739364950893
142.19747107729447,-461.26330359781923,359.73339727308195,179.92415416068127,0.3157127955418411,179.61049511345436,1739364950901
142.19740415547525,-461.2633332603495,359.73332837278,179.92414068823612,0.315705855292547,179.6105018700666,1739364950909
142.19747137111523,-461.2632906822997,359.73316524107736,179.924120282804,0.3157124253259345,179.61051534736606,1739364950917
142.19752598496189,-461.2632740373052,359.73327436086646,179.92413384133414,0.31571258848494566,179.61051542686556,1739364950925
142.19752611056322,-461.263337444787,359.7333963700145,179.92415419867376,0.31571276258673847,179.61050871115785,1739364950933
142.1974166139686,-461.2633332559035,359.73332846922904,179.92414056467263,0.31571263558661183,179.6104882729207,1739364950941
142.19734891251753,-461.2632741673698,359.73338428727425,179.924147522896,0.31570601330610615,179.6105019089632,1739364950949
142.19741673955485,-461.2633966633707,359.7334504783844,179.92416107185804,0.3157128456889393,179.6105087514835,1739364950957
142.19747104374048,-461.26326566385694,359.7333293722963,179.924140601603,0.3157126865423989,179.61050186929316,1739364950965
142.19747137904162,-461.26335431732963,359.7333963700145,179.92415423613522,0.3157127715862697,179.6105087112551,1739364950973
142.19734942395405,-461.26335013287775,359.73332837278,179.92414068823612,0.315705855292547,179.6104950715962,1739364950981
142.1974044572164,-461.2633839798597,359.7333274697065,179.92414072622782,0.3157058223390431,179.61050866929972,1739364950989
142.1974466125803,-461.26336733928224,359.73343649306645,179.92415433339937,0.31569918720406775,179.6105087488067,1739364950997
142.19740385373407,-461.263282540839,359.7333292758473,179.92414065024442,0.31570588824604645,179.61049507083348,1739364951005
142.19736188244744,-461.2633501284332,359.73332846922904,179.92414067705695,0.3157126625900454,179.61050187015317,1739364951013
142.19737409769445,-461.26328694402594,359.73331567632965,179.9241338670699,0.31571945895040493,179.61050866544616,1739364951021
142.1975260178213,-461.2632872778853,359.73342379661017,179.92414751223157,0.3157127908587009,179.61052914113102,1739364951029
142.19741655478813,-461.2633210229639,359.73342379661017,179.9241474747701,0.3157127818583719,179.61050874562267,1739364951037
142.19736191599247,-461.26338806239534,359.7333963700145,179.92415423613522,0.3157127715862697,179.61049511431435,1739364951049
142.19742939914082,-461.2633335765388,359.73324596941393,179.92412015920553,0.31571923003628705,179.61049502681428,1739364951057
142.19740415547525,-461.2633332603495,359.73332837278,179.92414072569676,0.31570586429368125,179.61050866863422,1739364951065
142.19740436448643,-461.2633338129596,359.7333548963098,179.92413392740124,0.31570582361162225,179.61050870357082,1739364951073
142.1974166139686,-461.2633332559035,359.73332846922904,179.92414063959552,0.3157126535889053,179.61050187005594,1739364951081
142.1974291644988,-461.2633587249706,359.7333826740448,179.92414731429167,0.3157194989885393,179.61048831304194,1739364951089
142.19736209214884,-461.26337537442396,359.7332734577932,179.92413387932666,0.31571255553225436,179.61050183068755,1739364951097
142.1974164963009,-461.26333348341285,359.73343758903025,179.92415423558708,0.3157128257514483,179.6105019496527,1739364951105
142.19736182326838,-461.2633378954936,359.73342379661017,179.9241474747701,0.31571278185837187,179.61050194715227,1739364951113
142.197361672746,-461.263324882436,359.73338348066187,179.92414747478725,0.3157127696478318,179.61050190961882,1739364951121
142.19740409698804,-461.2633457208002,359.73334216519856,179.9241475239752,0.3157059171862847,179.6105086712311,1739364951129
142.19736206651487,-461.2634010754531,359.7334366859629,179.92415419865668,0.31571277479727866,179.6104883532802,1739364951137
142.19741670600538,-461.2633587294166,359.73338257759434,179.92414740039536,0.315712709692522,179.61049511161946,1739364951145
142.1973491557639,-461.2633373473295,359.73339717663293,179.92415424678416,0.3157060062450243,179.6104883150903,1739364951153
142.19751412997485,-461.26337548077464,359.7332724582647,179.92413389103692,0.3157057062793111,179.61051542820803,1739364951161
142.1974841057282,-461.26336709843025,359.7333276626059,179.92414066641044,0.31571942793292523,179.6105222663164,1739364951169
142.19741642989507,-461.2632823088579,359.73322025250707,179.92412708053428,0.315712532383735,179.6105085883613,1739364951177
142.19742909809275,-461.26330755038987,359.73316533752774,179.92412023416418,0.31571922362231125,179.61050854888262,1739364951185
142.19741634577696,-461.26332047035527,359.73339727308195,179.92415423560422,0.3157128135409082,179.61050191211928,1739364951193
142.1974044572164,-461.2633839798597,359.7333274697065,179.92414068876718,0.31570581333790887,179.6105018707321,1739364951201
142.19740442366682,-461.2633460458863,359.73325956892864,179.92412709222745,0.3157056953405389,179.61050182800494,1739364951209
142.19737395508278,-461.2633375659336,359.73350648933666,179.92416778295518,0.31571978399981204,179.61049519323822,1739364951221
142.1974841057282,-461.26336709843025,359.7333276626059,179.9241405540237,0.31571940092948797,179.61050187061352,1739364951229
142.1974163122275,-461.26328253639304,359.7333293722963,179.92414060160297,0.31571268654239903,179.6104950708228,1739364951237
142.19741628659634,-461.26330823740255,359.7334926004632,179.92416107077884,0.31571294180875215,179.61050878768603,1739364951245
142.19734951598778,-461.2633756063908,359.7333824811454,179.92414744903678,0.31570591139616955,179.6104883131589,1739364951253
142.197416673149,-461.2633454888222,359.73323314184927,179.92413387934377,0.3157125433217008,179.61050859162447,1739364951261
142.19741685722258,-461.26339643586437,359.7333413585741,179.924147438405,0.31571266452767727,179.61050187331912,1739364951269
142.1973617904137,-461.2633246549135,359.73327436086646,179.92413376641127,0.3157125704810389,179.61048143431915,1739364951277
142.1973615222236,-461.26331186937335,359.7333431647149,179.92414743734287,0.3157127484369537,179.61049507351774,1739364951285
142.19741682367302,-461.2633585018943,359.7332734577932,179.92413384186523,0.31571254653030784,179.6105018305903,1739364951293
142.19748377042697,-461.2632784449465,359.73326066490125,179.92412703187733,0.3157193428906653,179.61051542435285,1739364951301
142.19747122781993,-461.26331661087687,359.73343758903025,179.92415423558708,0.3157128257514482,179.61050874812307,1739364951309
142.19742898042526,-461.26330777793794,359.73327445731684,179.92413379269354,0.3157193867813168,179.61050182991332,1739364951317
142.19736197448117,-461.2633756019463,359.73338257759434,179.92414740039536,0.315712709692522,179.61048831314906,1739364951325
142.1973491557639,-461.2633373473295,359.73339717663293,179.92415424678416,0.3157060062450243,179.6104883150903,1739364951333
142.19741670600538,-461.2633587294166,359.73338257759434,179.92414743785682,0.31571271869285994,179.61050191018705,1739364951341
142.19736194093613,-461.263337667981,359.73331467681186,179.92413376639416,0.3157125826915881,179.61048147185264,1739364951349
142.19747131193355,-461.2632784493939,359.7332605684508,179.92412704305573,0.315712535591535,179.6105086257975,1739364951357
142.19736209214884,-461.26337537442396,359.7332734577932,179.92413384186523,0.31571254653030784,179.6104950321199,1739364951365
142.19736182395872,-461.263362588884,359.7333422616475,179.9241474753354,0.3157127154826488,179.61050187275083,1739364951373
142.19734921425263,-461.26332488688047,359.7333833842129,179.92414752342705,0.31570597135146766,179.61050190962865,1739364951381
142.1974712870019,-461.26332884381816,359.7333422616475,179.9241474004125,0.3157126974819775,179.61050187255634,1739364951389
142.1974166139686,-461.2633332559035,359.73332846922904,179.92414067705695,0.3157126625900453,179.61050866862357,1739364951401
142.19730700040347,-461.26335398788905,359.7332881532835,179.92414067707406,0.31571265037949625,179.61049503414932,1739364951409
142.19741679804213,-461.26338420292336,359.7334366859629,179.92415423611814,0.31571278379680984,179.6105019503182,1739364951417
142.19740424751197,-461.2633587338626,359.7333824811454,179.92414748649742,0.3157059203965015,179.61050191019694,1739364951425
142.19749632165616,-461.2633286073913,359.7332333347516,179.92413374460108,0.31572613091248347,179.61050859150424,1739364951433
142.1974837119412,-461.2632909054004,359.73327445731684,179.92413379269354,0.31571938678131684,179.61050862838368,1739364951441
142.19741658041906,-461.26329532192995,359.7332605684508,179.92412704305573,0.315712535591535,179.61050182732714,1739364951449
142.19749605276698,-461.2632911284752,359.7333836735643,179.9241473775076,0.31572636624057276,179.61051550653985,1739364951457
142.1974837119412,-461.2632909054004,359.73327445731684,179.92413375523128,0.3157193777793598,179.6105018298161,1739364951465
142.197458979034,-461.26334186132806,359.7333824811454,179.92414744903678,0.3157059113961695,179.61050191009966,1739364951473
142.19740442366682,-461.2633460458863,359.73325956892864,179.92412709222745,0.3157056953405389,179.61050182800494,1739364951481
142.1974164963009,-461.26333348341285,359.73343758903025,179.92415427304854,0.3157128347509751,179.61050874822035,1739364951489
142.1974293742032,-461.26338397096777,359.7333276626059,179.92414066641044,0.3157194279329253,179.61051546784603,1739364951497
142.19734903018525,-461.2632739398476,359.733275167485,179.9241338519831,0.3157058231412804,179.61048823223277,1739364951505
142.1974841057282,-461.26336709843025,359.7333276626059,179.92414059148592,0.3157194099306382,179.61050866918112,1739364951513
142.19736200011505,-461.2633499008979,359.7332193494336,179.92412700614247,0.31571247242358563,179.6104881934212,1739364951521
142.19734951598778,-461.2633756063908,359.7333824811454,179.92414744903678,0.31570591139616955,179.6104883131589,1739364951529
142.19740418902478,-461.2633711943117,359.73339627356546,179.92415428477585,0.3157059732899114,179.6105019127938,1739364951537
142.19740415547525,-461.2633332603495,359.73332837278,179.92414068823612,0.315705855292547,179.6105018700666,1739364951545
142.19741663959934,-461.2633075548358,359.73316524107736,179.924120282804,0.3157124253259345,179.6105085488957,1739364951553
142.19736209214884,-461.26337537442396,359.7332734577932,179.92413384186523,0.31571254653030784,179.6104950321199,1739364951561
142.19737458349698,-461.26338861055956,359.73342298999324,179.9241473891991,0.31571952919977114,179.6104951492403,1739364951569
142.1974166139686,-461.2633332559035,359.73332846922904,179.92414063959552,0.3157126535889053,179.61050187005594,1739364951577
142.19742928147323,-461.2633338040677,359.73335508920917,179.92413379265935,0.3157194112024107,179.61050190498025,1739364951585
142.1974170333773,-461.26338374787855,359.7332184463544,179.92412708159637,0.3157124484744586,179.6105085896923,1739364951597
142.19748413135576,-461.26334139736247,359.7331644344482,179.92412012230855,0.31571915465696265,179.6104949523156,1739364951605
142.1974832925264,-461.26324041341223,359.73338448017364,179.92414742561638,0.3157196098988471,179.61051550588422,1739364951613
142.19730667303722,-461.2633289694025,359.73345228451325,179.92416103333449,0.3157129205994962,179.61048835464413,1739364951621
142.19736197448117,-461.2633756019463,359.73338257759434,179.92414743785682,0.31571271869285994,179.6104951117167,1739364951629
142.19748377042697,-461.2632784449465,359.73326066490125,179.92412695695285,0.3157193248851424,179.61050182721758,1739364951637
142.19741648838226,-461.26326984840233,359.733206460093,179.92412031971728,0.3157124884946862,179.61051538433128,1739364951645
142.1974042146556,-461.26334549326816,359.73323304540025,179.92413389052297,0.31570573602339574,179.61050179306832,1739364951653
142.19741664751814,-461.2633711898657,359.7333963700145,179.92415423613522,0.31571277158626976,179.61050191278474,1739364951661
142.19734923988656,-461.26329918583195,359.7332201560581,179.9241270917135,0.31570572508462325,179.61049499133557,1739364951669
142.19736203296986,-461.26336314149563,359.73336878517574,179.92414063957838,0.31571266579944984,179.61049510911903,1739364951677
142.1974286786842,-461.2632570584276,359.73327536038437,179.924133867087,0.3157194467398558,179.6105154263831,1739364951685
142.19741634577696,-461.26332047035527,359.73339727308195,179.92415423560422,0.3157128135409082,179.61050191211928,1739364951693
142.19740427314278,-461.2633330328142,359.7332192529847,179.92412709224453,0.31570568312998515,179.61050179047146,1739364951701
142.19736203296986,-461.26336314149563,359.73336878517574,179.92414063957838,0.31571266579944984,179.61049510911903,1739364951709
142.19737449215356,-461.2633878304318,359.7332873466607,179.92414059150306,0.3157193977200892,179.61049503470693,1739364951717
142.1974714710814,-461.2633797908347,359.7334504783844,179.92416107185804,0.3157128456889393,179.61051554995387,1739364951725
142.1974163122275,-461.26328253639304,359.7333293722963,179.9241406765259,0.31571270454468364,179.61050866795804,1739364951733
142.19737415687337,-461.263299176943,359.7332203489575,179.92412695696999,0.315719312674589,179.6104881927434,1739364951741
142.19741688216024,-461.2633460414403,359.7332596653776,179.92412708104823,0.3157125026396505,179.6105086265603,1739364951749
142.19736194093613,-461.263337667981,359.73331467681186,179.9241338413171,0.3157126006954949,179.6104950689879,1739364951757
142.19736203366014,-461.2633878348763,359.73328725021025,179.9241406776051,0.31571260842485815,179.6105018332852,1739364951765
142.19747134548763,-461.26331638336757,359.73332846922904,179.92414056467263,0.31571263558661183,179.61049507139106,1739364951773
142.19736161356687,-461.263312649485,359.7334788080417,179.92415423503894,0.3157128799166224,179.61049518805032,1739364951781
142.19742964239475,-461.2633967565046,359.73325885874846,179.92412699547722,0.31571924997862993,179.61050182864588,1739364951793
142.19740394646402,-461.26333270773284,359.7333018492531,179.92414748653167,0.3157058959754078,179.61050183512998,1739364951801
142.1975260770047,-461.2632995108249,359.73332846922904,179.92414060213406,0.3157126445877607,179.61050866842905,1739364951809
142.197458979034,-461.26334186132806,359.7333824811454,179.92414744903678,0.3157059113961695,179.61050191009966,1739364951817
142.19747089251877,-461.26322795740896,359.73337059130466,179.92414060105483,0.31571274070758204,179.61050190616115,1739364951825
142.19748374549528,-461.26332883937073,359.733342358098,179.92414735177104,0.3157194957783428,179.61050187254648,1739364951833
142.1974709852547,-461.2632781243076,359.7333431647149,179.92414736241994,0.31571273043627324,179.6104950733232,1739364951841
142.1974290139748,-461.26334571190824,359.733342358098,179.92414742669558,0.3157195137790257,179.6105086712114,1739364951849
142.1973616142573,-461.26333734288505,359.73339727308195,179.92415419814276,0.31571280454137685,179.61048831508123,1739364951857
142.19747149601312,-461.26332939642987,359.73336878517574,179.92414067703982,0.31571267480058984,179.6105155046274,1739364951865
142.1974287707209,-461.263282531947,359.7333294687468,179.92414055296155,0.3157194848387644,179.61049507081214,1739364951873
142.19742919012958,-461.26333302392226,359.7332194458841,179.92412695750104,0.315719270719951,179.61049499187928,1739364951881
142.19741646344463,-461.26332024283624,359.7332881532835,179.92414063961257,0.31571264137835614,179.61050183252246,1739364951889
142.19741634577696,-461.26332047035527,359.73339727308195,179.92415419814276,0.31571280454137685,179.61049511355162,1739364951897
142.19741643781364,-461.2633459438603,359.73345138145174,179.92416103386552,0.3157128786448576,179.61050195225042,1739364951905
142.1974292821664,-461.26335849744834,359.7332735542436,179.9241337932246,0.31571934482667885,179.6105018305788,1739364951913
142.1974163122275,-461.26328253639304,359.7333293722963,179.92414056414154,0.31571267754125,179.6104882722552,1739364951921
142.19736188244744,-461.2633501284332,359.73332846922904,179.92414063959552,0.3157126535889053,179.61049507158555,1739364951929
142.19736188244744,-461.2633501284332,359.73332846922904,179.92414063959552,0.3157126535889053,179.61049507158555,1739364951937
142.19742898042526,-461.26330777793794,359.73327445731684,179.92413375523128,0.3157193777793598,179.61049503134572,1739364951945
142.19749608632094,-461.2633290624293,359.73345157435415,179.9241609365843,0.315726475237587,179.61050875070427,1739364951953
142.19741670600538,-461.2633587294166,359.73338257759434,179.92414743785682,0.31571271869285994,179.61050191018705,1739364951961
142.1975136185113,-461.2632995152738,359.73332837278,179.92414068823612,0.31570585529254697,179.61051546700733,1739364951969
142.19745888699424,-461.263316387815,359.73332837278,179.92414068823612,0.31570585529254697,179.61050866853697,1739364951977
142.1974167066986,-461.2633834227973,359.7333010426288,179.9241474384221,0.31571265231712825,179.61050183578564,1739364951989
142.19748388809438,-461.26327821739505,359.7331515451151,179.92411332349909,0.3157191437165761,179.61049494905163,1739364951997
142.19736206582442,-461.26337638204376,359.7335182209319,179.9241542355529,0.3157128501725154,179.61049522624927,1739364952005
142.19741664751814,-461.2633711898657,359.7333963700145,179.92415423613522,0.31571277158626976,179.61050191278474,1739364952013
142.19740418110592,-461.26330755928177,359.73316514462846,179.92412029398324,0.3157056180260161,179.61050175034117,1739364952021
142.19741688216024,-461.2633460414403,359.7332596653776,179.92412708104823,0.3157125026396505,179.6105086265603,1739364952029
142.1974588198861,-461.2632405198564,359.73319257123137,179.92411349515666,0.315705619297801,179.61050858308263,1739364952037
142.1974841057282,-461.26336709843025,359.7333276626059,179.92414059148592,0.3157194099306382,179.61050866918112,1739364952045
142.1974164042642,-461.26330800990627,359.73338348066187,179.92414747478725,0.3157127696478318,179.6105087080892,1739364952053
142.19736212569396,-461.2634133083941,359.7333413585741,179.924147438405,0.31571266452767716,179.61049507484873,1739364952061
142.19740436448643,-461.2633338129596,359.7333548963098,179.92413388994058,0.31570581460968133,179.61050190500322,1739364952069
142.1974164042642,-461.26330800990627,359.73338348066187,179.92414747478725,0.3157127696478318,179.6105087080892,1739364952077
142.19736188244744,-461.2633501284332,359.73332846922904,179.92414063959552,0.3157126535889053,179.61049507158555,1739364952085
142.19741682367302,-461.2633585018943,359.7332734577932,179.9241338044038,0.3157125375283567,179.6104950320227,1739364952093
142.19742907246203,-461.2633332514576,359.7333285656794,179.9241405909549,0.3157194518852764,179.61050187004525,1739364952101
142.1974169157098,-461.2633839754138,359.7333275661555,179.924140677588,0.3157126206354071,179.61050866928906,1739364952109
142.19741682367302,-461.2633585018943,359.7332734577932,179.92413384186523,0.31571254653030784,179.6105018305903,1739364952117
142.19736212569396,-461.2634133083941,359.7333413585741,179.92414747586645,0.3157126735280105,179.61050187341633,1739364952125
142.19736163989126,-461.2633116418415,359.73323404492277,179.92413380388984,0.3157125672724412,179.61048819535333,1739364952133
142.19748398013425,-461.2633036909292,359.73320565346995,179.92412019668484,0.3157192268293034,179.61050858631882,1739364952141
142.19747134548763,-461.26331638336757,359.73332846922904,179.92414063959552,0.3157126535889053,179.6105086685263,1739364952149
142.19747113578023,-461.2632911373701,359.73338348066187,179.92414736240283,0.3157127426468181,179.61049511085668,1739364952157
142.1973617904137,-461.2633246549135,359.73327436086646,179.92413384133417,0.31571258848494566,179.6104950314544,1739364952165
142.19736200011505,-461.2633499008979,359.7332193494336,179.92412696868104,0.3157124634208235,179.61048139485354,1739364952177
142.19729501979683,-461.2633920238419,359.7331642415489,179.92412029451427,0.31570557607137795,179.6104881540659,1739364952185
142.19744631083307,-461.26331661977184,359.7334373961338,179.92415437032818,0.3156992381582214,179.6105155467088,1739364952193
142.1974163122275,-461.26328253639304,359.7333293722963,179.92414063906443,0.31571269554354353,179.61050186939045,1739364952201
142.19734978417793,-461.26338839193556,359.73331367728946,179.9241338530281,0.31570575144255314,179.61048827109724,1739364952209
142.1974833517084,-461.2632526463422,359.73328915280143,179.92414059044094,0.3157194816293656,179.61050863031667,1739364952217
142.1974043066924,-461.2633709667926,359.73328715376135,179.92414072624493,0.31570581012849414,179.61050863176627,1739364952225
142.19734942395405,-461.26335013287775,359.73332837278,179.92414068823612,0.315705855292547,179.6104950715962,1739364952233
142.1974288292081,-461.26327007149473,359.73331567632965,179.92413379214537,0.3157194409465042,179.6105018667813,1739364952241
142.1975263451993,-461.2633122963616,359.7332596653776,179.9241270061254,0.3157124846341393,179.61050862636577,1739364952249
142.19742898042526,-461.26330777793794,359.73327445731684,179.9241338301558,0.31571939578326924,179.61050862848097,1739364952257
142.19742874508972,-461.2633082329566,359.7334926969137,179.92416102213906,0.31571974010512893,179.61050878767776,1739364952265
142.1974417406598,-461.26335849300233,359.73327365069554,179.92413370712092,0.31572613412107453,179.6104950319997,1739364952273
142.19747134548763,-461.26331638336757,359.73332846922904,179.92414063959552,0.3157126535889053,179.6105086685263,1739364952281
142.1974288627576,-461.26330800546026,359.73338357711236,179.92414738868516,0.3157195589438694,179.61050190951173,1739364952289
142.1974170333773,-461.26338374787855,359.7332184463544,179.92412696921213,0.31571242146618567,179.61048819398945,1739364952297
142.19742846897978,-461.2632318124364,359.7333303718083,179.92414062735503,0.3157195447956992,179.6105086672819,1739364952305
142.19747146315513,-461.26331615583223,359.7332193494336,179.92412700614247,0.31571247242358563,179.61050179036192,1739364952313
142.1974166139686,-461.2633332559035,359.73332846922904,179.92414067705695,0.3157126625900453,179.61050866862357,1739364952321
142.19736182395872,-461.263362588884,359.7333422616475,179.9241474004125,0.3157126974819775,179.61048827561558,1739364952329
142.1974290139748,-461.26334571190824,359.733342358098,179.92414742669558,0.3157195137790257,179.6105086712114,1739364952337
142.19734951598778,-461.2633756063908,359.7333824811454,179.92414744903678,0.31570591139616955,179.6104883131589,1739364952345
142.1974167644926,-461.2633462689659,359.73336878517574,179.92414067703982,0.3157126748005899,179.61050870615702,1739364952353
142.19740421396247,-461.26332079989726,359.73331458036296,179.92413392741832,0.3157058114010775,179.61050866603736,1739364952361
142.19734993539058,-461.26342609837866,359.7332724582647,179.92413385357628,0.31570569727736586,179.61048823422928,1739364952369
142.1973743073958,-461.2633121900151,359.73326066490125,179.9241269944151,0.3157193338879061,179.61049502884447,1739364952381
142.1974171333329,-461.26347285637974,359.7335036836841,179.92416779572747,0.3157128508416083,179.61049519514495,1739364952389
142.19734948313294,-461.2633623657963,359.73323304540025,179.92413385306233,0.3157057270214504,179.6104881960303,1739364952397
142.19737445860844,-461.2633498964534,359.7332194458841,179.92412699496327,0.3157192797227144,179.61049499197654,1739364952405
142.19749632165616,-461.2633286073913,359.7332333347516,179.92413378206413,0.31572613991444165,179.61051539007187,1739364952413
142.19736227621638,-461.26342632145656,359.73338167452107,179.9241474758493,0.3157126857385552,179.6105019109498,1739364952421
142.19739199872296,-461.26338398430573,359.7333273732591,179.92414069994797,0.3156990060403921,179.61049507217515,1739364952429
142.1974170662338,-461.2633969884763,359.73336788210247,179.92414071503234,0.31571264184708736,179.61051550539017,1739364952437
142.19737413123943,-461.26332487799147,359.73338357711236,179.9241474261474,0.31571956794420875,179.61050190960896,1739364952445
142.1974292236792,-461.26337095790063,359.7332873466607,179.92414059150303,0.3157193977200892,179.61050183317732,1739364952453
142.19737439942952,-461.2633376635365,359.7333147732623,179.92413383013871,0.3157194079938184,179.61050186754403,1739364952461
142.19736184890237,-461.26331219445956,359.7332605684508,179.92412708051717,0.31571254459428844,179.61050182742437,1739364952469
142.19740403780747,-461.26333348785886,359.7334374925813,179.92415428422768,0.31570602745508985,179.61050194966177,1739364952477
142.19742888838846,-461.2632823044119,359.7332203489575,179.9241269944322,0.3157193216773526,179.61050178978138,1739364952485
142.19741658041906,-461.26329532192995,359.7332605684508,179.9241270055943,0.3157125265887772,179.61049502875952,1739364952493
142.1974291644988,-461.2633587249706,359.7333826740448,179.92414735175393,0.31571950798888737,179.61049511160957,1739364952501
142.19736160634616,-461.26327370785515,359.73316614415063,179.92412024481152,0.31571245827701255,179.61049495119218,1739364952509
142.19736209214884,-461.26337537442396,359.7332734577932,179.92413384186523,0.31571254653030784,179.6104950321199,1739364952517
142.1974039457708,-461.2633080143522,359.7333833842129,179.92414748596642,0.31570596235114007,179.61050190953142,1739364952525
142.19742888838846,-461.2632823044119,359.7332203489575,179.9241269944322,0.3157193216773526,179.61050178978138,1739364952533
142.1974291644988,-461.2633587249706,359.7333826740448,179.9241473892162,0.315719516989231,179.61050191017722,1739364952541
142.1974043066924,-461.2633709667926,359.73328715376135,179.9241406887843,0.3157058011273599,179.61050183319864,1739364952549
142.19740424751197,-461.2633587338626,359.7333824811454,179.92414752395808,0.31570592939682923,179.61050870876454,1739364952557
142.1974166139686,-461.2633332559035,359.73332846922904,179.92414060213406,0.3157126445877607,179.61049507148832,1739364952565
142.1973745755858,-461.2633249755406,359.73319186105726,179.92411343586863,0.31571918294026463,179.61050178534722,1739364952577
142.19748398806055,-461.2633673259398,359.7334367824133,179.92415418747754,0.31571958209318085,179.61050874877952,1739364952585
142.1974039457708,-461.2633080143522,359.7333833842129,179.92414748596642,0.31570596235114007,179.61050190953142,1739364952593
142.1974286530531,-461.26328275945633,359.73343858854224,179.92415414895316,0.31571965700292076,179.61049515041054,1739364952601
142.19736164711173,-461.26335058342625,359.7335467088377,179.92416783157867,0.3157129979139723,179.61049523077915,1739364952609
142.1974043651796,-461.2633585063402,359.73327336134423,179.9241339279665,0.31570575723589034,179.6105086291694,1739364952617
142.19741652193184,-461.2633077823839,359.73327436086646,179.9241338787956,0.3157125974868924,179.61050862849243,1739364952625
142.19736188244744,-461.2633501284332,359.73332846922904,179.92414067705695,0.3157126625900454,179.61050187015317,1739364952633
142.19745873577259,-461.26327868136696,359.73336959179437,179.92414068768798,0.3157059094577299,179.61050870540495,1739364952641
142.19748404724245,-461.26337955888096,359.7333414550245,179.92414727737759,0.31571943582300427,179.61048827607672,1739364952649
142.1974169157098,-461.2633839754138,359.7333275661555,179.924140677588,0.3157126206354071,179.61050866928906,1739364952657
142.19741637140788,-461.26329476931187,359.73323404492277,179.9241338788127,0.31571258527633905,179.61050859095897,1739364952665
142.19740376169736,-461.26325706731944,359.733275167485,179.9241338519831,0.3157058231412804,179.61049503070316,1739364952673
142.19736184890237,-461.26331219445956,359.7332605684508,179.92412704305573,0.315712535591535,179.61049502885677,1739364952681
142.19739169698178,-461.26333326479545,359.7333282763326,179.92414073687675,0.3156990569961632,179.61050187007726,1739364952689
142.19741652123867,-461.2632830890033,359.73335589582626,179.92413380330748,0.3157126458587267,179.61049510575862,1739364952697
142.197349390409,-461.26331219890403,359.73326047200186,179.924127129157,0.31570574629792436,179.61050182743665,1739364952705
142.19734933123001,-461.2632999659775,359.73335579937725,179.9241338519489,0.3157058475623742,179.6104883072997,1739364952713
142.19745886136621,-461.26334208882463,359.73349160095285,179.92416108248904,0.315706092559035,179.61050878826248,1739364952721
142.19736197448117,-461.2633756019463,359.73338257759434,179.92414743785682,0.31571271869285994,179.6104951117167,1739364952729
142.1974165554814,-461.26334571635425,359.7333422616475,179.92414743787393,0.3157127064823154,179.61050187265363,1739364952737
142.1973617904137,-461.2633246549135,359.73327436086646,179.92413384133417,0.31571258848494566,179.6104950314544,1739364952749
142.19737439942952,-461.2633376635365,359.7333147732623,179.92413383013871,0.3157194079938184,179.61050186754403,1739364952757
142.19747107729447,-461.26330359781923,359.73339727308195,179.92415427306568,0.31571282254043487,179.61051550915724,1739364952765
142.19740388728354,-461.2633204748013,359.73339717663293,179.92415428424482,0.3157060152445498,179.61050191212829,1739364952773
142.19739169698178,-461.26333326479545,359.7333282763326,179.9241407743366,0.31569906599729164,179.61050866864488,1739364952781
142.1974716136807,-461.26332916890425,359.7332596653776,179.9241270061254,0.31571248463413937,179.6105018278954,1739364952789
142.19736184890237,-461.26331219445956,359.7332605684508,179.92412704305573,0.315712535591535,179.61049502885677,1739364952797
142.19747134548763,-461.26331638336757,359.73332846922904,179.92414060213406,0.3157126445877608,179.61050186995868,1739364952805
142.19737434094085,-461.2633501239888,359.7333285656794,179.92414051603038,0.31571943388297136,179.6104814744396,1739364952813
142.1974039457708,-461.2633080143522,359.7333833842129,179.92414748596642,0.31570596235114007,179.61050190953142,1739364952821
142.1974042146556,-461.26334549326816,359.73323304540025,179.92413389052297,0.31570573602339574,179.61050179306832,1739364952829
142.19741625374022,-461.2632949968437,359.7333431647149,179.92414743734287,0.3157127484369537,179.6105018719881,1739364952837
142.19745895410225,-461.263392255728,359.7334641743584,179.92416791877628,0.31570610028517776,179.610515552559,1739364952845
142.1973867067102,-461.26329995264405,359.73335608872856,179.9241337060246,0.31572624245144465,179.61048830726526,1739364952853
142.19741670600538,-461.2633587294166,359.73338257759434,179.92414740039536,0.315712709692522,179.61049511161946,1739364952861
142.19740409629472,-461.2633210274099,359.7334237001612,179.92414752340994,0.31570598356200785,179.61050874563253,1739364952869
142.19734948244272,-461.2633376724255,359.73331458036296,179.92413388995772,0.31570580239913654,179.61049506899937,1739364952877
142.19740385373407,-461.263282540839,359.7333292758473,179.92414065024442,0.31570588824604645,179.61049507083348,1739364952885
142.19741652193184,-461.2633077823839,359.73327436086646,179.9241338038727,0.3157125794829945,179.61049503135717,1739364952893
142.19737409838464,-461.263311637397,359.73323414137315,179.92413375524842,0.3157193655688064,179.61048819534184,1739364952901
142.19736224267132,-461.26338838749103,359.7333137737384,179.92413387930955,0.3157125677428035,179.610501868221,1739364952909
142.1974289212448,-461.2632955450096,359.73336978469376,179.92414062786898,0.3157195150516053,179.61050870548087,1739364952917
142.1973865897328,-461.263324873547,359.7333836735643,179.92414730258147,0.31572634823987833,179.61048831246381,1739364952925
142.19734936546533,-461.26336259332845,359.73334216519856,179.92414748651456,0.31570590818595706,179.61049507419307,1739364952937
142.1974170077466,-461.26340944892695,359.73338167452107,179.92414743838788,0.31571267673822195,179.61050191085258,1739364952945
142.1974167651858,-461.26337096234664,359.73328725021025,179.9241406776051,0.3157126084248582,179.6105086317556,1739364952953
142.19736218418262,-461.2634008479434,359.7333275661555,179.924140677588,0.3157126206354071,179.61050187081867,1739364952961
142.19737455064225,-461.2633753699795,359.7332735542436,179.92413383068686,0.31571935382863126,179.61050183067607,1739364952969
142.19744621879337,-461.2632911462651,359.73338328776543,179.92414753460702,0.3156991640547562,179.61050870801165,1739364952977
142.19749650503965,-461.2633548610433,359.7334230864451,179.92414734055848,0.31572632749612944,179.61050874617118,1739364952985
142.1973617904137,-461.2633246549135,359.73327436086646,179.92413380387273,0.3157125794829945,179.6104882328868,1739364952993
142.19740412261874,-461.2633200197373,359.73317893704257,179.92412709226164,0.31570567091942714,179.610501752938,1739364953001
142.1974039457708,-461.2633080143522,359.7333833842129,179.92414752342705,0.31570597135146766,179.61050870809905,1739364953009
142.19747116933414,-461.2633290713242,359.73345138145174,179.92416103386552,0.31571287864485753,179.61050875072078,1739364953017
142.19741670600538,-461.2633587294166,359.73338257759434,179.92414740039536,0.315712709692522,179.61049511161946,1739364953025
142.19730699971612,-461.26332929450837,359.73336968824333,179.92414063904735,0.31571270775408833,179.61048830998314,1739364953033
142.19740424751197,-461.2633587338626,359.7333824811454,179.92414752395808,0.31570592939682923,179.61050870876454,1739364953041
142.19741685652934,-461.26337174247436,359.73342289354275,179.9241474378397,0.3157127309034001,179.61050194772054,1739364953049
142.1974169157098,-461.2633839754138,359.7333275661555,179.9241406026651,0.3157126026331227,179.6104950721538,1739364953057
142.19741658833755,-461.26335895691324,359.7334916974018,179.92416099638695,0.3157128818566689,179.61049519121624,1739364953065
142.19741682367302,-461.2633585018943,359.7332734577932,179.92413384186523,0.31571254653030784,179.6105018305903,1739364953073
142.19736176477969,-461.26335035594263,359.73343758903025,179.92415423558708,0.31571282575144827,179.6104951511823,1739364953081
142.1974716136807,-461.26332916890425,359.7332596653776,179.92412704358682,0.3157124936368972,179.610508626463,1739364953089
142.19737436657465,-461.26332442292096,359.73316533752774,179.9241202716264,0.3157192326258726,179.61050854897985,1739364953097
142.1973372336507,-461.263362922859,359.73325947248117,179.92412714086808,0.31569889704415505,179.61049502954683,1739364953105
142.19740415547525,-461.2633332603495,359.73332837278,179.92414065077548,0.3157058462914083,179.61049507149897,1739364953117
142.19741646344463,-461.26332024283624,359.7332881532835,179.92414063961257,0.31571264137835614,179.61050183252246,1739364953121
142.19736236033884,-461.2633881599527,359.7332046539402,179.9241203207794,0.3157124045854097,179.6105085871919,1739364953129
142.19741652193184,-461.2633077823839,359.73327436086646,179.92413384133417,0.31571258848494577,179.6105018299248,1739364953141
142.19742946624,-461.26340944448094,359.73338177097145,179.924147352285,0.31571946603424944,179.6104951122751,1739364953149
142.1974291644988,-461.2633587249706,359.7333826740448,179.92414735175393,0.31571950798888737,179.61049511160957,1739364953157
142.19741667245583,-461.26332079545125,359.73331467681186,179.92413380385563,0.31571259169354376,179.61049506889066,1739364953165
142.19742898042526,-461.26330777793794,359.73327445731684,179.9241338301558,0.31571939578326924,179.61050862848097,1739364953173
142.1974293742032,-461.26338397096777,359.7333276626059,179.92414062894818,0.315719418931784,179.6105086692784,1739364953181
142.1974163707147,-461.2632700759407,359.7333155798792,179.92413376586313,0.31571262464622635,179.6104882696575,1739364953189
142.1974166139686,-461.2633332559035,359.73332846922904,179.92414063959552,0.3157126535889053,179.61050187005594,1739364953197
142.1974292821664,-461.26335849744834,359.7332735542436,179.92413383068686,0.31571935382863126,179.61050862914647,1739364953205
142.19745855961895,-461.2632913693141,359.7334925040142,179.92416108195798,0.3157061345136736,179.61050878759698,1739364953213
142.19737379595938,-461.2632362245153,359.7333165793912,179.92413375415208,0.3157194738991857,179.6104882690778,1739364953221
142.1974169157098,-461.2633839754138,359.7333275661555,179.9241406026651,0.3157126026331227,179.6104950721538,1739364953229
142.19730730144528,-461.2633800140188,359.73336878517574,179.92414067703982,0.3157126748005899,179.6104951092163,1739364953237
142.19748422339566,-461.2633668708949,359.7332185428048,179.92412692056985,0.3157192197625451,179.6104949924475,1739364953245
142.19747143752735,-461.26334185688063,359.73338257759434,179.92414743785682,0.31571271869285994,179.61050870865742,1739364953253
142.19742909809275,-461.26330755038987,359.73316533752774,179.92412023416418,0.31571922362231125,179.61050854888262,1739364953261
142.1974166139686,-461.2633332559035,359.73332846922904,179.92414067705695,0.3157126625900453,179.61050866862357,1739364953269
142.1974285025292,-461.2632697463986,359.7333982725937,179.92415418643253,0.3157196537919177,179.61050191144471,1739364953277
142.19734942395405,-461.26335013287775,359.73332837278,179.92414068823612,0.315705855292547,179.6104950715962,1739364953285
142.1973743073958,-461.2633121900151,359.73326066490125,179.9241269944151,0.3157193338879061,179.61049502884447,1739364953297
142.19747146315513,-461.26331615583223,359.7332193494336,179.92412708106534,0.31571249042909666,179.61051538749717,1739364953305
142.19745867728685,-461.2632911418176,359.7333833842129,179.92414744850572,0.3157059533508078,179.61050190943416,1739364953313
142.19737422327307,-461.2633503514981,359.73343768548074,179.9241541494842,0.3157196150482822,179.61048835260564,1739364953321
142.19745906314745,-461.26330369982406,359.73320546057056,179.9241202939661,0.31570563023657394,179.61050858634496,1739364953329
142.1974166139686,-461.2633332559035,359.73332846922904,179.92414060213406,0.3157126445877607,179.61049507148832,1739364953337
142.1975260178213,-461.2632872778853,359.73342379661017,179.9241473998472,0.3157127638577005,179.61050874542815,1739364953345
142.19748365275936,-461.26327867247204,359.73336978469376,179.92414059040672,0.31571950605045934,179.61050870538358,1739364953353
142.1974044572164,-461.2633839798597,359.7333274697065,179.92414068876718,0.31570581333790887,179.6105018707321,1739364953361
142.19747104374048,-461.26326566385694,359.7333293722963,179.9241406765259,0.31571270454468364,179.6105154664284,1739364953369
142.1974834437481,-461.2632781198601,359.7333432611654,179.92414738870224,0.31571954673332464,179.6105086704486,1739364953377
142.19740406343848,-461.2633077868299,359.7332742644175,179.92413385251416,0.31570578118664194,179.61049503136866,1739364953385
142.19742898042526,-461.26330777793794,359.73327445731684,179.92413379269354,0.3157193867813168,179.61050182991332,1739364953393
142.1974164042642,-461.26330800990627,359.73338348066187,179.9241474373258,0.3157127606474983,179.61050190952156,1739364953401
142.19747152164086,-461.2633036953766,359.7332055570195,179.92412024532547,0.31571242853293247,179.6105085863319,1739364953409
142.19748350223387,-461.26326565940946,359.7333294687468,179.92414059042383,0.3157194938399146,179.61050866785013,1739364953417
142.19748380398104,-461.2633163789201,359.7333285656794,179.9241405909549,0.31571945188527645,179.61050866851562,1739364953425
142.19747125344782,-461.26329090984785,359.73327436086646,179.92413384133417,0.31571258848494577,179.61050862839517,1739364953433
142.19741715035167,-461.2633588269657,359.73319086152765,179.92411348503953,0.31571234268924975,179.610508584497,1739364953441
142.19741685722258,-461.26339643586437,359.7333413585741,179.924147438405,0.31571266452767727,179.61050187331912,1739364953449
142.1974039457708,-461.2633080143522,359.7333833842129,179.92414752342705,0.31570597135146766,179.61050870809905,1739364953457
142.19741697419698,-461.2633715149614,359.7333137737384,179.92413380438668,0.31571254973890567,179.61049506955615,1739364953465
142.1974166139686,-461.2633332559035,359.73332846922904,179.92414067705695,0.3157126625900453,179.61050866862357,1739364953473
142.1974165554814,-461.26334571635425,359.7333422616475,179.9241474004125,0.3157126974819775,179.61049507408597,1739364953485
142.19736212569396,-461.2634133083941,359.7333413585741,179.924147438405,0.31571266452767716,179.61049507484873,1739364953493
142.1974288292081,-461.26327007149473,359.73331567632965,179.92413371722085,0.3157194229425858,179.61048826964605,1739364953501
142.1974294326904,-461.26337151051547,359.7333138701888,179.9241337932075,0.31571935703722787,179.6105018681123,1739364953509
142.19741673955485,-461.2633966633707,359.7334504783844,179.92416107185804,0.3157128456889393,179.6105087514835,1739364953517
142.19741670600538,-461.2633587294166,359.73338257759434,179.92414747531825,0.31571272769319336,179.6105087087547,1739364953525
142.19747137111523,-461.2632906822997,359.73316524107736,179.924120282804,0.3157124253259345,179.61051534736606,1739364953533
142.19736194093613,-461.263337667981,359.73331467681186,179.92413387877852,0.31571260969744164,179.6105018675555,1739364953541
142.19740403780747,-461.26333348785886,359.7334374925813,179.92415428422768,0.31570602745508985,179.61050194966177,1739364953549
142.19747131193355,-461.2632784493939,359.7332605684508,179.92412704305573,0.315712535591535,179.6105086257975,1739364953557
142.1974164042642,-461.26330800990627,359.73338348066187,179.92414747478725,0.3157127696478318,179.6105087080892,1739364953565
142.1974167316362,-461.26333302836827,359.7332193494336,179.92412700614247,0.3157124724235857,179.61049499189156,1739364953573
142.19741670600538,-461.2633587294166,359.73338257759434,179.92414740039536,0.315712709692522,179.61049511161946,1739364953581
142.19747104374048,-461.26326566385694,359.7333293722963,179.924140601603,0.3157126865423989,179.61050186929316,1739364953589
142.19747125344782,-461.26329090984785,359.73327436086646,179.9241338787956,0.3157125974868924,179.6105154269628,1739364953597
142.19734936546533,-461.26336259332845,359.73334216519856,179.92414748651456,0.31570590818595706,179.61049507419307,1739364953605
142.19737421536203,-461.26328671648747,359.7332065565434,179.92412015869155,0.31571925978037135,179.61048819014493,1739364953613
142.19752632027365,-461.2633626907857,359.7333413585741,179.92414740094353,0.31571265552733935,179.61050867169223,1739364953621
142.19740460774045,-461.26339699292225,359.73336778565357,179.92414065128943,0.31570581654731483,179.61049510969795,1739364953629
142.1974164042642,-461.26330800990627,359.73338348066187,179.92414736240283,0.3157127426468181,179.6104883123863,1739364953637
142.1974167316362,-461.26333302836827,359.7332193494336,179.92412700614247,0.3157124724235857,179.61049499189156,1739364953645
142.19740421396247,-461.26332079989726,359.73331458036296,179.92413385249705,0.3157057933971911,179.61049506890214,1739364953653
142.19741658041906,-461.26329532192995,359.7332605684508,179.92412708051717,0.3157125445942884,179.61050862589477,1739364953661
142.19741642989507,-461.2632823088579,359.73322025250707,179.92412704307287,0.3157125233809816,179.6105017897937,1739364953669
142.19741670600538,-461.2633587294166,359.73338257759434,179.92414740039536,0.315712709692522,179.61049511161946,1739364953681
142.19740406343848,-461.2633077868299,359.7332742644175,179.9241338899748,0.31570579018858735,179.61050182993628,1739364953689
142.19747134548763,-461.26331638336757,359.73332846922904,179.92414060213406,0.3157126445877608,179.61050186995868,1739364953697
142.19741697489007,-461.26339620833244,359.73323223877,179.9241338424134,0.3157124923651161,179.61050179372236,1739364953705
142.19737418972812,-461.26331241754076,359.73336978469376,179.92414055294446,0.315719497049309,179.6104883098752,1739364953713
142.19730724295508,-461.2633924744695,359.73338257759434,179.92414743785682,0.31571271869285994,179.61048831324632,1739364953721
142.19740415547525,-461.2633332603495,359.73332837278,179.92414076315742,0.31570587329481115,179.61051546720185,1739364953729
142.19741682367302,-461.2633585018943,359.7332734577932,179.92413376694236,0.3157125285264012,179.61048823345504,1739364953737
142.1974166139686,-461.2633332559035,359.73332846922904,179.92414063959552,0.3157126535889053,179.61050187005594,1739364953745
142.19747125344782,-461.26329090984785,359.73327436086646,179.92413380387273,0.3157125794829946,179.61050182982754,1739364953753
142.197361672746,-461.263324882436,359.73338348066187,179.92414739986432,0.3157127516471604,179.61048831248357,1739364953761
142.1974167901234,-461.2633205679126,359.7332055570195,179.9241202827869,0.31571243753649236,179.61050858642918,1739364953769
142.19748374549528,-461.26332883937073,359.733342358098,179.92414742669558,0.3157195137790257,179.61051546968176,1739364953777
142.19747164723478,-461.26336710287774,359.7333275661555,179.92414064012655,0.3157126116342671,179.6105086691918,1739364953785
142.19730724295508,-461.2633924744695,359.73338257759434,179.92414740039536,0.3157127096925221,179.61048151467867,1739364953793
142.19747122781993,-461.26331661087687,359.73343758903025,179.92415419812562,0.315712816751917,179.61050194955547,1739364953801
142.19745867728685,-461.2632911418176,359.7333833842129,179.92414752342705,0.31570597135146766,179.6105155065694,1739364953809
142.19740427314278,-461.2633330328142,359.7332192529847,179.92412705478392,0.3157056741272331,179.61049499190386,1739364953817
142.1974286786842,-461.2632570584276,359.73327536038437,179.92413375470025,0.3157194197339982,179.6104950306802,1739364953825
142.19747113578023,-461.2632911373701,359.73338348066187,179.92414736240283,0.3157127426468181,179.61049511085668,1739364953833
142.19742903891247,-461.263295317484,359.73326066490125,179.92412703187733,0.3157193428906652,179.6105086258825,1739364953841
142.1974041305375,-461.263383654759,359.73341006598696,179.9241610830543,0.31570602618332094,179.61050191539067,1739364953849
142.19741682367302,-461.2633585018943,359.7332734577932,179.92413384186523,0.31571254653030784,179.6105018305903,1739364953857
142.19747125344782,-461.26329090984785,359.73327436086646,179.92413384133417,0.31571258848494577,179.61050862839517,1739364953869
142.1974161945597,-461.26328276390234,359.73343849209175,179.92415423505605,0.31571286770608686,179.61050194898723,1739364953877
142.19741679804213,-461.26338420292336,359.7334366859629,179.92415419865668,0.31571277479727866,179.6104951517506,1739364953885
142.1974287707209,-461.263282531947,359.7333294687468,179.9241406278861,0.3157195028410606,179.61050866794739,1739364953893
142.19736188244744,-461.2633501284332,359.73332846922904,179.92414060213406,0.3157126445877607,179.61048827301792,1739364953901
142.19741670600538,-461.2633587294166,359.73338257759434,179.92414751277974,0.31571273669352223,179.61051550732233,1739364953909
142.19742913094925,-461.2633207910053,359.7333147732623,179.9241337552142,0.315719389989909,179.61049506887915,1739364953917
142.1975259264776,-461.2632864977576,359.7332881532835,179.92414063961257,0.3157126413783561,179.6105154294632,1739364953925
142.19736158071234,-461.2632994089227,359.7333293722963,179.9241406765259,0.31571270454468364,179.61050186948768,1739364953933
142.19745876932652,-461.26331661532436,359.7334374925813,179.92415424676705,0.3157060184555643,179.6105019495645,1739364953941
142.19747134548763,-461.26331638336757,359.73332846922904,179.92414067705695,0.3157126625900454,179.6105154670939,1739364953949
142.19734906373023,-461.2633118738179,359.7333430682659,179.92414741106217,0.3157059321399266,179.61048147639232,1739364953957
142.1974043395487,-461.26338420736937,359.7334365895139,179.9241543222194,0.3157059944999726,179.61050874889492,1739364953965
142.19748380398104,-461.2633163789201,359.7333285656794,179.92414062841715,0.31571946088642217,179.61051546708325,1739364953973
142.19740424820517,-461.26338342724324,359.73330094617984,179.9241474496021,0.31570584502043797,179.61049503722788,1739364953981
142.19752628671506,-461.2633247568155,359.7332734577932,179.92413384186526,0.3157125465303078,179.61051542753106,1739364953989
142.19736209214884,-461.26337537442396,359.7332734577932,179.92413384186523,0.31571254653030784,179.6104950321199,1739364953997
142.19748389602077,-461.26334185243314,359.7333826740448,179.92414742667847,0.3157195259895702,179.61051550721518,1739364954005
142.19741712472103,-461.263384528024,359.7333540896854,179.92413387929247,0.31571257995334834,179.61050870422488,1739364954013
142.19737445860844,-461.2633498964534,359.7332194458841,179.9241270324255,0.31571928872547345,179.61050179054413,1739364954021
142.19742922298602,-461.26334626451995,359.73336888162623,179.92414059093775,0.31571946409582097,179.61050190757874,1739364954029
142.19745924722713,-461.2633546468728,359.73331367728946,179.9241338530281,0.31570575144255314,179.610501868038,1739364954037
142.19744663820813,-461.26334163825305,359.7332732648968,179.92413390168667,0.3156989409356261,179.610501830516,1739364954045
142.19749611194885,-461.2633033614053,359.7332883461858,179.92414054233134,0.31572623797108545,179.61050863097148,1739364954057
142.19740415547525,-461.2633332603495,359.73332837278,179.92414068823612,0.315705855292547,179.6105018700666,1739364954065
142.19741682367302,-461.2633585018943,359.7332734577932,179.92413384186523,0.31571254653030784,179.6105018305903,1739364954073
142.19742934065363,-461.2633460369944,359.73325976182804,179.9241269200217,0.31571927392773674,179.6104882308451,1739364954081
142.1974166139686,-461.2633332559035,359.73332846922904,179.92414060213406,0.3157126445877607,179.61049507148832,1739364954089
142.19741682297982,-461.26333380851366,359.7333549927588,179.92413384129998,0.3157126129060396,179.61050190499174,1739364954097
142.19729448273256,-461.263341759402,359.7333833842129,179.92414748596642,0.31570596235114,179.61048831259066,1739364954105
142.19741667245583,-461.26332079545125,359.73331467681186,179.92413387877852,0.3157126096974416,179.6105086660259,1739364954113
142.19740403780747,-461.26333348785886,359.7334374925813,179.92415428422768,0.31570602745508985,179.61050194966177,1739364954121
142.19748365275936,-461.26327867247204,359.73336978469376,179.92414059040672,0.31571950605045934,179.61050870538358,1739364954129
142.19745886136621,-461.26334208882463,359.73349160095285,179.92416100756768,0.31570607456159294,179.61049519112723,1739364954137
142.19747137904162,-461.26335431732963,359.7333963700145,179.9241541612123,0.3157127535872028,179.61049511411986,1739364954145
142.19748373687287,-461.26324051096157,359.73319276413076,179.92411339787537,0.3157192158905304,179.61050858305487,1739364954153
142.19741634577696,-461.26332047035527,359.73339727308195,179.92415419814276,0.31571280454137685,179.61049511355162,1739364954161
142.197458979034,-461.26334186132806,359.7333824811454,179.92414752395808,0.31570592939682923,179.6105155072349,1739364954169
142.19736163920103,-461.2632869484704,359.7333155798792,179.92413384078603,0.3157126426501331,179.6104950683224,1739364954177
142.19742907246203,-461.2633332514576,359.7333285656794,179.9241405909549,0.3157194518852764,179.61050187004525,1739364954185
142.19737428245213,-461.26336258443945,359.733342358098,179.92414742669558,0.31571951377902563,179.610501872741,1739364954193
142.1974163122275,-461.26328253639304,359.7333293722963,179.92414060160297,0.31571268654239903,179.6104950708228,1739364954201
142.19747095962657,-461.2633038253124,359.7335063928862,179.9241677941343,0.31571297670552295,179.6105019916188,1739364954213
142.19747149601312,-461.26332939642987,359.73336878517574,179.92414060211692,0.31571265679830535,179.61050190749214,1739364954221
142.19747140466941,-461.2633286162862,359.73323314184927,179.92413387934377,0.3157125433217008,179.61051539009483,1739364954229
142.1974590375197,-461.26332940087735,359.73336868872684,179.924140688219,0.3157058675030916,179.61050870607045,1739364954237
142.1974291644988,-461.2633587249706,359.7333826740448,179.92414746414073,0.3157195349899049,179.61051550731247,1739364954245
142.1974167651858,-461.26337096234664,359.73328725021025,179.92414060268223,0.3157125904225738,179.61049503462036,1739364954253
142.1974167644926,-461.2633462689659,359.73336878517574,179.92414060211692,0.3157126567983054,179.61049510902177,1739364954261
142.19736175686862,-461.26328672093194,359.733206460093,179.92412028225584,0.31571247949113057,179.6105017872933,1739364954269
142.19736176477969,-461.26335035594263,359.73343758903025,179.92415423558708,0.31571282575144827,179.6104951511823,1739364954277
142.19730712528718,-461.2633927019661,359.7334916974018,179.92416103384843,0.31571289085539345,179.6104883928431,1739364954285
142.19736200011505,-461.2633499008979,359.7332193494336,179.92412696868104,0.3157124634208235,179.61048139485354,1739364954293
142.19742910601155,-461.2633711854197,359.73339646646485,179.92415426241917,0.3157195878817014,179.61051550991095,1739364954301
142.19742955827675,-461.26343491798775,359.73343587934005,179.92415418800857,0.31571954013854303,179.61050195097468,1739364954309
142.19734912221892,-461.2632994133672,359.7333292758473,179.92414065024442,0.31570588824604645,179.61048827236309,1739364954317
142.19736233470508,-461.263413861006,359.73336788210247,179.92414067757088,0.31571263284595186,179.61050190835215,1739364954325
142.19736203366014,-461.2633878348763,359.73328725021025,179.9241406776051,0.31571260842485815,179.6105018332852,1739364954333
142.19740428106147,-461.2633966678167,359.73345038193537,179.9241610455765,0.3157060293951422,179.6104951543565,1739364954341
142.19741682367302,-461.2633585018943,359.7332734577932,179.92413384186523,0.31571254653030784,179.6105018305903,1739364954349
142.19747155519497,-461.2633416293582,359.7332734577932,179.9241339167881,0.31571256453419666,179.61052222619594,1739364954357
142.19745888699424,-461.263316387815,359.73332837278,179.92414072569676,0.31570586429368125,179.6105154671046,1739364954365
142.19748398806055,-461.2633673259398,359.7334367824133,179.9241542249398,0.31571959109271347,179.61051554734715,1739364954373
142.19748380398104,-461.2633163789201,359.7333285656794,179.92414062841715,0.31571946088642217,179.61051546708325,1739364954381
142.19736215854854,-461.26342654895336,359.73349079433444,179.924160996918,0.31571283990203064,179.61048839341134,1739364954389
142.19753859398236,-461.26328704592356,359.7333147732623,179.92413371775194,0.3157193809879477,179.61050186725228,1739364954401
142.19741682367302,-461.2633585018943,359.7332734577932,179.92413387932666,0.31571255553225447,179.61050862915795,1739364954409
142.1974165890309,-461.2633836503131,359.7334101624359,179.9241610344137,0.31571282447967913,179.61050191538243,1739364954417
142.19742874508972,-461.2633082329566,359.7334926969137,179.92416098467675,0.315719731106403,179.61050198911013,1739364954425
142.1974166139686,-461.2633332559035,359.73332846922904,179.92414063959552,0.3157126535889053,179.61050187005594,1739364954433
142.19737445791822,-461.26332520308256,359.73330098084676,179.92412699439802,0.3157193460984554,179.61049506637795,1739364954441
142.19753913107022,-461.26333731033077,359.7330956305982,179.92410660122428,0.3157190127120839,179.61051530585638,1739364954449
142.1974291316424,-461.26334548437626,359.7332332382997,179.9241337932417,0.31571933261612517,179.6105017930454,1739364954457
142.19734921425263,-461.26332488688047,359.7333833842129,179.92414748596642,0.31570596235114,179.61049511106106,1739364954465
142.19740442366682,-461.2633460458863,359.73325956892864,179.9241270547668,0.31570568633778684,179.6104950294373,1739364954473
142.19741682367302,-461.2633585018943,359.7332734577932,179.92413384186523,0.31571254653030784,179.6105018305903,1739364954481
142.19747140397337,-461.2633039229152,359.73331467681186,179.9241338413171,0.31571260069549484,179.61050866592862,1739364954489
142.1974167644926,-461.2633462689659,359.73336878517574,179.9241407145013,0.3157126838017255,179.61051550472467,1739364954497
142.1973614886786,-461.26327393540305,359.73327526393393,179.92413380334168,0.31571262143763296,179.6104882322213,1739364954505
142.197403551993,-461.26323182132836,359.73333017890883,179.9241407246347,0.31570594820295816,179.6105086673032,1739364954513
142.19734942395405,-461.26335013287775,359.73332837278,179.92414072569676,0.3157058642936813,179.61050187016383,1739364954521
142.19741667245583,-461.26332079545125,359.73331467681186,179.9241338413171,0.3157126006954949,179.61050186745828,1739364954529
142.19741646344463,-461.26332024283624,359.7332881532835,179.92414063961257,0.31571264137835614,179.61050183252246,1739364954537
142.19736197448117,-461.2633756019463,359.73338257759434,179.92414740039536,0.315712709692522,179.61048831314906,1739364954545
142.1974164042642,-461.26330800990627,359.73338348066187,179.92414747478725,0.3157127696478318,179.6105087080892,1739364954553
142.19741625374022,-461.2632949968437,359.7333431647149,179.92414743734287,0.3157127484369537,179.6105018719881,1739364954561
142.19740433163,-461.26332057235857,359.73320546057056,179.92412033142674,0.3157056392401282,179.61050858644225,1739364954573
142.19747143752735,-461.26334185688063,359.73338257759434,179.92414747531825,0.3157127276931934,179.61051550722507,1739364954581
142.19737443297458,-461.2633755975018,359.7333826740448,179.92414742667845,0.31571952598957015,179.61050191027445,1739364954589
142.19747113578023,-461.2632911373701,359.73338348066187,179.92414747478725,0.3157127696478318,179.61051550655955,1739364954597
142.19741655478813,-461.2633210229639,359.73342379661017,179.92414736238572,0.3157127548573581,179.6104883499198,1739364954605
142.1974039122213,-461.2632700803867,359.73331548343026,179.92413396434793,0.31570586235765247,179.6105154639395,1739364954613
142.1974170662338,-461.2633969884763,359.73336788210247,179.924140602648,0.3157126148436674,179.61049510968726,1739364954621
142.1973492734316,-461.2633371198103,359.73328805683457,179.9241406882532,0.3157058430819978,179.61049503406275,1739364954629
142.1973497592343,-461.2634387863501,359.7333953704921,179.92415424784627,0.31570592233574796,179.61048831642128,1739364954637
142.19740415547525,-461.2633332603495,359.73332837278,179.92414068823612,0.315705855292547,179.6105018700666,1739364954645
142.19747134548763,-461.26331638336757,359.73332846922904,179.92414060213406,0.3157126445877608,179.61050186995868,1739364954653
142.19737434094085,-461.2633501239888,359.7333285656794,179.92414062841715,0.31571946088642217,179.6105018701425,1739364954661
142.19736158071234,-461.2632994089227,359.7333293722963,179.9241406765259,0.31571270454468364,179.61050186948768,1739364954669
142.19741679804213,-461.26338420292336,359.7334366859629,179.92415419865668,0.31571277479727866,179.6104951517506,1739364954677
142.1974163707147,-461.2632700759407,359.7333155798792,179.92413380332457,0.3157126336481819,179.61049506822516,1739364954685
142.19740464128998,-461.26343492687977,359.7334356864406,179.92415432275047,0.3157059525453347,179.6105087495604,1739364954693
142.19741682367302,-461.2633585018943,359.7332734577932,179.92413384186523,0.31571254653030784,179.6105018305903,1739364954701
142.19741652193184,-461.2633077823839,359.73327436086646,179.92413384133417,0.31571258848494577,179.6105018299248,1739364954709
142.19747168078885,-461.2634050368398,359.73339546694103,179.92415427412777,0.3157127386311584,179.61051551048823,1739364954717
142.1974711029223,-461.2632778967757,359.73323404492277,179.92413384135128,0.31571257627439236,179.6105085908617,1739364954725
142.1974165554814,-461.26334571635425,359.7333422616475,179.92414743787393,0.3157127064823154,179.61050187265363,1739364954733
142.19745906314745,-461.26330369982406,359.73320546057056,179.9241202939661,0.31570563023657394,179.61050858634496,1739364954741
142.19751409641617,-461.263337546793,359.73320455749126,179.9241202944972,0.31570558828193596,179.61051538548085,1739364954749
142.19748353509152,-461.2632788999717,359.73347890449213,179.92415414893603,0.3157196692134564,179.61050198641436,1739364954761
142.19736158071234,-461.2632994089227,359.7333293722963,179.92414063906443,0.31571269554354353,179.61049507092005,1739364954769
142.19741685722258,-461.26339643586437,359.7333413585741,179.92414740094353,0.31571265552733935,179.61049507475147,1739364954777
142.1974166139686,-461.2633332559035,359.73332846922904,179.92414056467263,0.31571263558661183,179.6104882729207,1739364954785
142.19741663959934,-461.2633075548358,359.73316524107736,179.92412024534258,0.3157124163223745,179.6105017503281,1739364954793
142.19741682367302,-461.2633585018943,359.7332734577932,179.92413384186523,0.31571254653030784,179.6105018305903,1739364954801
142.19736182395872,-461.263362588884,359.7333422616475,179.92414743787393,0.3157127064823154,179.61049507418323,1739364954809
142.19741658041906,-461.26329532192995,359.7332605684508,179.92412704305573,0.315712535591535,179.61050182732714,1739364954817
142.1974167651858,-461.26337096234664,359.73328725021025,179.9241406776051,0.3157126084248582,179.6105086317556,1739364954825
142.1973742817618,-461.26333789104905,359.7334238930606,179.9241474261303,0.31571958015474877,179.6105019471424,1739364954833
142.19736188244744,-461.2633501284332,359.73332846922904,179.92414063959552,0.3157126535889053,179.61049507158555,1739364954841
142.19747125344782,-461.26329090984785,359.73327436086646,179.92413384133417,0.31571258848494577,179.61050862839517,1739364954849
142.19736212569396,-461.2634133083941,359.7333413585741,179.924147438405,0.31571266452767716,179.61049507484873,1739364954857
142.19742894687568,-461.2632698439564,359.7332065565434,179.92412015869155,0.31571925978037135,179.61049498861533,1739364954865
142.19740415547525,-461.2633332603495,359.73332837278,179.92414072569676,0.31570586429368125,179.61050866863422,1739364954873
142.19741646344463,-461.26332024283624,359.7332881532835,179.92414067707406,0.3157126503794962,179.61050863109008,1739364954881
142.1975257831848,-461.26331242626196,359.7335605012622,179.92417459239564,0.31571304181026977,179.61050883022034,1739364954889
142.19741658041906,-461.26329532192995,359.7332605684508,179.92412708051717,0.3157125445942884,179.61050862589477,1739364954897
142.1973490045511,-461.26329964087665,359.73343839564274,179.92415428369665,0.3157060694097284,179.61049515052588,1739364954905
142.19736176477969,-461.26335035594263,359.73343758903025,179.92415427304854,0.31571283475097506,179.61050194974996,1739364954913
142.1973493319203,-461.2633246593579,359.7332742644175,179.9241338899748,0.31570579018858735,179.6104950314659,1739364954921
142.1974286786842,-461.2632570584276,359.73327536038437,179.9241337921625,0.31571942873595515,179.61050182924782,1739364954929
142.19740415547525,-461.2633332603495,359.73332837278,179.92414072569676,0.31570586429368125,179.61050866863422,1739364954937
142.1974163122275,-461.26328253639304,359.7333293722963,179.92414063906443,0.31571269554354353,179.61050186939045,1739364954949
142.1974166139686,-461.2633332559035,359.73332846922904,179.92414063959552,0.3157126535889053,179.61050187005594,1739364954957
142.19748401368838,-461.2633416249107,359.7332735542436,179.9241337932246,0.3157193448266788,179.61050862904918,1739364954965
142.19741697419698,-461.2633715149614,359.7333137737384,179.92413387930958,0.3157125677428035,179.6105086666914,1739364954973
142.19736170629093,-461.26336281639004,359.73345138145174,179.92416103386552,0.31571287864485753,179.61049515378002,1739364954981
142.19747143752735,-461.26334185688063,359.73338257759434,179.92414747531825,0.3157127276931934,179.61051550722507,1739364954989
142.1974043651796,-461.2633585063402,359.73327336134423,179.9241338155846,0.31570573023005444,179.61048823346655,1739364954997
142.19734921425263,-461.26332488688047,359.7333833842129,179.92414748596642,0.31570596235114,179.61049511106106,1739364955005
142.19729499416013,-461.2634177249098,359.7333274697065,179.9241406138459,0.31570579533562704,179.6104746766561,1739364955013
142.19736188244744,-461.2633501284332,359.73332846922904,179.92414067705695,0.3157126625900454,179.61050187015317,1739364955021
142.19747125344782,-461.26329090984785,359.73327436086646,179.92413384133417,0.31571258848494577,179.61050862839517,1739364955029
142.19734993539058,-461.26342609837866,359.7332724582647,179.92413389103692,0.3157057062793111,179.6104950327969,1739364955037
142.19741670600538,-461.2633587294166,359.73338257759434,179.92414740039536,0.315712709692522,179.61049511161946,1739364955045
142.19745885344017,-461.26327845384134,359.73326047200186,179.92412705423575,0.3157057282924246,179.61050182724216,1739364955053
142.19747122781993,-461.26331661087687,359.73343758903025,179.92415419812562,0.315712816751917,179.61050194955547,1739364955061
142.19741652193184,-461.2633077823839,359.73327436086646,179.92413384133417,0.31571258848494577,179.6105018299248,1739364955069
142.19745909670158,-461.2633416338056,359.73327336134423,179.92413389050586,0.3157057482339494,179.61050862907214,1739364955077
142.1974837119412,-461.2632909054004,359.73327445731684,179.92413379269354,0.31571938678131684,179.61050862838368,1739364955085
142.197458979034,-461.26334186132806,359.7333824811454,179.92414748649742,0.3157059203965016,179.6105087086673,1739364955093
142.19747146315513,-461.26331615583223,359.7332193494336,179.92412700614247,0.31571247242358563,179.61050179036192,1739364955101
142.19736182326838,-461.2633378954936,359.73342379661017,179.92414743730865,0.31571277285803845,179.61049514858465,1739364955109
142.19741658041906,-461.26329532192995,359.7332605684508,179.92412708051717,0.3157125445942884,179.61050862589477,1739364955117
142.19736158071234,-461.2632994089227,359.7333293722963,179.92414063906443,0.31571269554354353,179.61049507092005,1739364955129
142.19742913094925,-461.2633207910053,359.7333147732623,179.92413386760094,0.3157194169957665,179.61051546458205,1739364955137
142.19737449146328,-461.26336313705116,359.73336888162623,179.92414059093775,0.3157194640958209,179.61049510910834,1739364955141
142.1974293742032,-461.26338397096777,359.7333276626059,179.92414059148592,0.3157194099306382,179.61050187071075,1739364955153
142.19747155519497,-461.2633416293582,359.7332734577932,179.92413384186523,0.31571254653030784,179.61050862906066,1739364955161
142.19734948313294,-461.2633623657963,359.73323304540025,179.92413392798358,0.31570574502533666,179.61050179316555,1739364955169
142.19748359427365,-461.2632911329227,359.73338357711236,179.92414738868516,0.3157195589438693,179.6105087079821,1739364955177
142.1974713198596,-461.26334208437714,359.7334916974018,179.92416103384843,0.3157128908553934,179.61050878825424,1739364955185
142.1973622177277,-461.2634387819056,359.73339546694103,179.9241542366663,0.3157127296316317,179.61049511497987,1739364955193
142.19734921425263,-461.26332488688047,359.7333833842129,179.92414744850572,0.31570595335080787,179.6104883124934,1739364955201
142.19741679804213,-461.26338420292336,359.7334366859629,179.9241542735796,0.3157127927963366,179.61050874888585,1739364955209
142.19748367838716,-461.26325297141875,359.7332065565434,179.92412019615378,0.3157192687839417,179.61050858565332,1739364955217
142.19740427314278,-461.2633330328142,359.7332192529847,179.92412709224453,0.31570568312998515,179.61050179047146,1739364955225
142.19745879495443,-461.2632909142953,359.7332742644175,179.9241338899748,0.31570579018858735,179.61050862840665,1739364955233
142.19747152956717,-461.2633673303873,359.7334366859629,179.9241542735796,0.3157127927963367,179.61051554735621,1739364955241
142.19745907107375,-461.26336733483475,359.7334365895139,179.9241543222194,0.3157059944999725,179.61051554736525,1739364955249
142.19734966720054,-461.2634133128386,359.7333412621251,179.92414748704562,0.3157058662313189,179.61049507485856,1739364955257
142.19742880427037,-461.26332046590926,359.7333973695324,179.9241541869636,0.31571961183727926,179.6105019121102,1739364955265
142.1974163122275,-461.26328253639304,359.7333293722963,179.9241406765259,0.31571270454468364,179.61050866795804,1739364955273
142.19740397140168,-461.2632823133039,359.7332201560581,179.92412705425284,0.3157057160818712,179.61049499123834,1739364955281
142.19741658833755,-461.26335895691324,359.7334916974018,179.9241610338484,0.31571289085539345,179.61050198978387,1739364955289
142.19741669808656,-461.2632950943785,359.73315144866467,179.92411340960277,0.3157123544245922,179.61049494916278,1739364955297
142.1974592807812,-461.26339258083823,359.7333815780721,179.92414752448914,0.3157058874421912,179.6105155079004,1739364955305
142.19741634577696,-461.26332047035527,359.73339727308195,179.92415423560422,0.3157128135409082,179.61050191211928,1739364955317
142.1974294326904,-461.26337151051547,359.7333138701888,179.9241337932075,0.31571935703722787,179.6105018681123,1739364955325
142.19737434094085,-461.2633501239888,359.7333285656794,179.92414055349263,0.31571944288412607,179.61048827300726,1739364955333
142.19737434094085,-461.2633501239888,359.7333285656794,179.9241405909549,0.3157194518852764,179.61049507157486,1739364955341
142.19747121989377,-461.2632529758662,359.733206460093,179.92412024479444,0.3157124704875706,179.6105085856664,1739364955349
142.19736151431238,-461.2632482343164,359.7331120357974,179.92411348401166,0.31571240217740565,179.6105017096287,1739364955357
142.19741643781364,-461.2633459438603,359.73345138145174,179.92416103386552,0.3157128786448576,179.61050195225042,1739364955365
142.19730712528718,-461.2633927019661,359.7334916974018,179.92416103384843,0.31571289085539345,179.6104883928431,1739364955373
142.1974167316362,-461.26333302836827,359.7332193494336,179.9241270436039,0.3157124814263434,179.61050179045918,1739364955381
142.19740379524683,-461.2632950012897,359.7333430682659,179.92414748598347,0.3157059501405953,179.61050187199797,1739364955389
142.19747179845643,-461.2634048093206,359.73328634713073,179.9241406032133,0.31571254846793556,179.61050183375622,1739364955397
142.19737455064225,-461.2633753699795,359.7332735542436,179.9241337932246,0.31571934482667885,179.61049503210845,1739364955405
142.1974285025292,-461.2632697463986,359.7333982725937,179.92415422389482,0.31571966279145025,179.61050871001234,1739364955413
142.19747146315513,-461.26331615583223,359.7332193494336,179.92412711852677,0.3157124994318456,179.6105221860648,1739364955421
142.19734966720054,-461.2634133128386,359.7333412621251,179.92414748704562,0.3157058662313189,179.61049507485856,1739364955429
142.197404004258,-461.2632955539016,359.73336959179437,179.92414072514862,0.3157059184588644,179.61050870550218,1739364955437
142.19747119426594,-461.2632786769195,359.73336968824333,179.9241406015859,0.3157126987529436,179.61050190682664,1739364955445
142.19742907246203,-461.2633332514576,359.7333285656794,179.92414055349263,0.31571944288412607,179.61049507147766,1739364955453
142.1974164963009,-461.26333348341285,359.73343758903025,179.92415427304854,0.3157128347509751,179.61050874822035,1739364955461
142.1974044572164,-461.2633839798597,359.7333274697065,179.92414068876718,0.31570581333790887,179.6105018707321,1739364955469
142.197458979034,-461.26334186132806,359.7333824811454,179.92414752395808,0.31570592939682923,179.6105155072349,1739364955477
142.19752613548894,-461.2632870503725,359.73331467681186,179.9241338413171,0.3157126006954948,179.61051546439901,1739364955485
142.19747122781993,-461.26331661087687,359.73343758903025,179.92415423558708,0.3157128257514482,179.61050874812307,1739364955493
142.1974170662338,-461.2633969884763,359.73336788210247,179.92414067757088,0.31571263284595197,179.61050870682251,1739364955501
142.19745880288045,-461.26335454927045,359.7335053933758,179.92416788076744,0.31570614545244413,179.61050879085937,1739364955513
142.19736215063756,-461.26336291397007,359.7332596653776,179.92412708104825,0.31571250263965045,179.6105018280899,1739364955521
142.19736173192499,-461.26333711536574,359.7332881532835,179.92414063961257,0.3157126413783561,179.6104950340521,1739364955529
142.19736176477969,-461.26335035594263,359.73343758903025,179.92415419812562,0.31571281675191704,179.6104883526147,1739364955537
142.19740448284705,-461.26335827879194,359.7331642415489,179.92412025705366,0.3157055670678194,179.61049495243904,1739364955545
142.1974291644988,-461.2633587249706,359.7333826740448,179.92414742667845,0.31571952598957015,179.61050870874485,1739364955553
142.197361672746,-461.263324882436,359.73338348066187,179.9241474373258,0.3157127606474983,179.61049511105116,1739364955561
142.1974287707209,-461.263282531947,359.7333294687468,179.9241405904238,0.3157194938399147,179.61050186937976,1739364955569
142.1974841642139,-461.2633546379779,359.7333138701888,179.92413375574526,0.31571934803527096,179.610501868015,1739364955577
142.19742919012958,-461.26333302392226,359.7332194458841,179.9241270324255,0.3157192887254735,179.61050858901453,1739364955585
142.19741652193184,-461.2633077823839,359.73327436086646,179.92413384133417,0.31571258848494577,179.6105018299248,1739364955593
142.19734936546533,-461.26336259332845,359.73334216519856,179.92414744905392,0.3157058991856249,179.61048827562547,1739364955601
142.19747143752735,-461.26334185688063,359.73338257759434,179.92414743785682,0.31571271869285994,179.61050870865742,1739364955609
142.19742934065363,-461.2633460369944,359.73325976182804,179.92412703240842,0.31571930093602724,179.610508626548,1739364955617
142.1974167644926,-461.2633462689659,359.73336878517574,179.92414063957838,0.31571266579944984,179.6105019075894,1739364955625
142.19740379455357,-461.2632703078993,359.7334246032228,179.9241475228789,0.3157060255166464,179.610508744967,1739364955633
142.19741628659634,-461.26330823740255,359.7334926004632,179.92416103331738,0.31571293281003204,179.61050198911838,1739364955641
142.1974710693682,-461.26323996278944,359.73316614415063,179.92412028227295,0.3157124672805726,179.61051534670057,1739364955649
142.19736163920103,-461.2632869484704,359.7333155798792,179.92413384078603,0.3157126426501331,179.6104950683224,1739364955657
142.19741652193184,-461.2633077823839,359.73327436086646,179.9241338787956,0.3157125974868924,179.61050862849243,1739364955665
142.19742907246203,-461.2633332514576,359.7333285656794,179.92414055349263,0.31571944288412607,179.61049507147766,1739364955673
142.19742910601155,-461.2633711854197,359.73339646646485,179.92415415003236,0.31571956088310377,179.61049511420808,1739364955681
142.19741667245583,-461.26332079545125,359.73331467681186,179.92413387877852,0.3157126096974416,179.6105086660259,1739364955689
142.19731979347915,-461.2634179435332,359.7334367824133,179.92415415001526,0.31571957309364407,179.61048155480077,1739364955701
142.1973617904137,-461.2633246549135,359.73327436086646,179.9241339537185,0.31571261549077245,179.6105154271573,1739364955709
142.19747125344782,-461.26329090984785,359.73327436086646,179.92413384133417,0.31571258848494577,179.61050862839517,1739364955717
142.19742888838846,-461.2632823044119,359.7332203489575,179.9241269944322,0.3157193216773526,179.61050178978138,1739364955725
142.19737434094085,-461.2633501239888,359.7333285656794,179.9241405909549,0.3157194518852764,179.61049507157486,1739364955733
142.1974838631628,-461.26332861183874,359.7332332382997,179.92413383070394,0.3157193416180776,179.61051539008335,1739364955741
142.1974839545065,-461.26332939198244,359.73336888162623,179.92414059093775,0.31571946409582097,179.6105087060491,1739364955749
142.19741667245583,-461.26332079545125,359.73331467681186,179.92413387877852,0.3157126096974416,179.6105086660259,1739364955757
142.19747104374048,-461.26326566385694,359.7333293722963,179.924140601603,0.3157126865423989,179.61050186929316,1739364955765
142.19747143752735,-461.26334185688063,359.73338257759434,179.92414740039536,0.3157127096925221,179.61050191008982,1739364955773
142.1974040385008,-461.26335818124926,359.73335595761864,179.92415428479296,0.3157059610793668,179.61050187526033,1739364955781
142.1973743073958,-461.2633121900151,359.73326066490125,179.9241269944151,0.3157193338879061,179.61049502884447,1739364955789
142.19742907246203,-461.2633332514576,359.7333285656794,179.9241405909549,0.3157194518852764,179.61050187004525,1739364955797
142.19747134548763,-461.26331638336757,359.73332846922904,179.92414067705695,0.3157126625900454,179.6105154670939,1739364955805
142.1973617904137,-461.2633246549135,359.73327436086646,179.9241338787956,0.3157125974868924,179.61050183002206,1739364955813
142.19745888699424,-461.263316387815,359.73332837278,179.92414068823612,0.31570585529254697,179.61050866853697,1739364955821
142.1973617312347,-461.2633124219853,359.73336968824333,179.92414063904735,0.3157127077540883,179.61049510845353,1739364955829
142.19748380398104,-461.2633163789201,359.7333285656794,179.92414062841715,0.31571946088642217,179.61051546708325,1739364955837
142.19741682367302,-461.2633585018943,359.7332734577932,179.9241338044038,0.3157125375283567,179.6104950320227,1739364955845
142.19740451570362,-461.26337151940743,359.73331367728946,179.92413392794938,0.31570576944643935,179.61050866670286,1739364955853
142.1974170662338,-461.2633969884763,359.73336788210247,179.92414064010944,0.3157126238448119,179.61050190825492,1739364955861
142.1974464285008,-461.2633163922624,359.7333282763326,179.9241407743366,0.3156990659972917,179.61051546711525,1739364955869
142.19737445860844,-461.2633498964534,359.7332194458841,179.92412699496327,0.3157192797227144,179.61049499197654,1739364955877
142.19748368631332,-461.2633166064294,359.73343768548074,179.92415418694648,0.3157196240478192,179.610508748114,1739364955885
142.19736190739107,-461.26329973400397,359.7332467760367,179.92412024477733,0.3157124826981241,179.61049502625912,1739364955893
142.19742964239475,-461.2633967565046,359.73325885874846,179.92412699547722,0.31571924997862993,179.61050182864588,1739364955905
142.19745900396572,-461.2632914669087,359.7333007879474,179.9241270916793,0.315705749505726,179.61050866334324,1739364955913
142.19742898042526,-461.26330777793794,359.73327445731684,179.92413379269354,0.3157193867813168,179.61050182991332,1739364955921
142.1974165554814,-461.26334571635425,359.7333422616475,179.9241474753354,0.3157127154826488,179.61050867122123,1739364955929
142.19741682367302,-461.2633585018943,359.7332734577932,179.92413384186523,0.31571254653030784,179.6105018305903,1739364955937
142.19742907246203,-461.2633332514576,359.7333285656794,179.92414055349263,0.31571944288412607,179.61049507147766,1739364955945
142.19736224336145,-461.26341308086216,359.73323223877,179.9241338424134,0.315712492365116,179.61049499525197,1739364955953
142.1974164963009,-461.26333348341285,359.73343758903025,179.92415423558708,0.3157128257514483,179.6105019496527,1739364955961
142.19753867878993,-461.2632735777344,359.73305621774455,179.92410656324816,0.3157190334509718,179.61050846908978,1739364955969
142.19742901328152,-461.2633210185179,359.7334238930606,179.9241474261303,0.3157195801547488,179.6105087456128,1739364955977
142.1974167316362,-461.26333302836827,359.7332193494336,179.92412696868104,0.3157124634208235,179.61048819332393,1739364955985
142.19747149670923,-461.2633540898105,359.73328725021025,179.9241405652208,0.3157125814214249,179.6104950345231,1739364955993
142.19737449215356,-461.2633878304318,359.7332873466607,179.9241406289653,0.315719406721235,179.61050183327453,1739364956001
142.19736209214884,-461.26337537442396,359.7332734577932,179.9241337669424,0.3157125285264012,179.61048143498465,1739364956009
142.19734948244272,-461.2633376724255,359.73331458036296,179.92413388995772,0.31570580239913654,179.61049506899937,1739364956017
142.19741688216024,-461.2633460414403,359.7332596653776,179.9241270061254,0.31571248463413937,179.61049502942504,1739364956025
142.19740412984416,-461.26335896135924,359.73349160095285,179.92416108248904,0.31570609255903515,179.6105019897921,1739364956033
142.1974167316362,-461.26333302836827,359.7332193494336,179.9241270436039,0.3157124814263434,179.61050179045918,1739364956041
142.19740391291447,-461.2632947737578,359.7332339484738,179.9241338899919,0.31570577797803406,179.6105017924028,1739364956049
142.19736163920103,-461.2632869484704,359.7333155798792,179.9241339157089,0.3157126606540223,179.61050866545764,1739364956057
142.19731903950003,-461.2633034914544,359.7333982725937,179.92415418643253,0.3157196537919176,179.61048831450393,1739364956065
142.19752652928503,-461.2633632433974,359.73336788210247,179.924140602648,0.3157126148436673,179.61050870662802,1739364956073
142.19737434094085,-461.2633501239888,359.7333285656794,179.92414055349263,0.31571944288412607,179.61048827300726,1739364956081
142.1973741904184,-461.2633371109213,359.73328824973396,179.92414062843423,0.315719448675873,179.61050183260903,1739364956093
142.1974166139686,-461.2633332559035,359.73332846922904,179.92414063959552,0.3157126535889053,179.61050187005594,1739364956101
142.1974164042642,-461.26330800990627,359.73338348066187,179.92414739986432,0.3157127516471604,179.61049511095396,1739364956109
142.19741670600538,-461.2633587294166,359.73338257759434,179.92414747531825,0.31571272769319336,179.6105087087547,1739364956117
142.19753835141245,-461.26324855933035,359.7332203489575,179.92412699443224,0.31571932167735256,179.61051538672214,1739364956125
142.19739161286347,-461.263371426251,359.73350529692834,179.92416785448833,0.3156993291602432,179.6104883952612,1739364956133
142.1974039457708,-461.2633080143522,359.7333833842129,179.92414748596642,0.31570596235114007,179.61050190953142,1739364956141
142.19736190808123,-461.26332442736543,359.73316524107736,179.9241202453426,0.3157124163223745,179.6104949518577,1739364956149
142.1974584675793,-461.2632658958139,359.73343839564274,179.92415428369665,0.3157060694097283,179.61050874746664,1739364956157
142.19741667245583,-461.26332079545125,359.73331467681186,179.92413387877852,0.3157126096974416,179.6105086660259,1739364956165
142.19741670600538,-461.2633587294166,359.73338257759434,179.92414743785682,0.31571271869285994,179.61050191018705,1739364956173
142.19737398002664,-461.26328717153865,359.73342479612216,179.924147388137,0.3157196131090481,179.6104951479093,1739364956181
142.19742904683093,-461.2633589524672,359.7334917938523,179.9241610226701,0.3157196981504904,179.61050878834325,1739364956189
142.1973615222236,-461.26331186937335,359.7333431647149,179.9241473998814,0.31571273943661565,179.6104882749501,1739364956197
142.19741667245583,-461.26332079545125,359.73331467681186,179.9241338413171,0.3157126006954949,179.61050186745828,1739364956205
142.19742895479428,-461.26333347896684,359.73343768548074,179.92415418694648,0.3157196240478193,179.61050194964366,1739364956213
142.1974163122275,-461.26328253639304,359.7333293722963,179.92414063906443,0.31571269554354353,179.61050186939045,1739364956221
142.19741664751814,-461.2633711898657,359.7333963700145,179.92415419867376,0.3157127625867385,179.61049511421712,1739364956229
142.1974291644988,-461.2633587249706,359.7333826740448,179.9241473892162,0.315719516989231,179.61050191017722,1739364956237
142.19747120219162,-461.2633423118481,359.7336008172154,179.92417466730151,0.315713072015015,179.6105156664187,1739364956245
142.19734921425263,-461.26332488688047,359.7333833842129,179.92414748596642,0.31570596235114,179.61049511106106,1739364956253
142.19736206651487,-461.2634010754531,359.7334366859629,179.92415416119522,0.31571276579774293,179.61048155471258,1739364956261
142.1974714710814,-461.2633797908347,359.7334504783844,179.92416099693511,0.31571282769149467,179.61050195281862,1739364956273
142.1974297351247,-461.26344692339677,359.73323143213463,179.92413375684157,0.3157192397048922,179.61049499580875,1739364956281
142.19741667245583,-461.26332079545125,359.73331467681186,179.92413387877852,0.3157126096974416,179.6105086660259,1739364956289
142.19736191599247,-461.26338806239534,359.7333963700145,179.92415419867376,0.3157127625867385,179.61048831574672,1739364956297
142.19731970144846,-461.2633924700265,359.7333826740448,179.9241473892162,0.31571951698923106,179.61048831323643,1739364956305
142.19742894687568,-461.2632698439564,359.7332065565434,179.92412015869155,0.31571925978037135,179.61049498861533,1739364956313
142.1974289212448,-461.2632955450096,359.73336978469376,179.92414059040672,0.3157195060504594,179.61050190691324,1739364956321
142.1974043066924,-461.2633709667926,359.73328715376135,179.92414065132365,0.31570579212622124,179.61049503463101,1739364956329
142.1974043651796,-461.2633585063402,359.73327336134423,179.9241339279665,0.31570575723589034,179.6105086291694,1739364956337
142.1974717057205,-461.2633546424253,359.7333137737384,179.92413384184812,0.3157125587408568,179.61050866659414,1739364956345
142.1974044572164,-461.2633839798597,359.7333274697065,179.92414072622782,0.3157058223390431,179.61050866929972,1739364956353
142.19734924779755,-461.2633628208345,359.7334512850028,179.9241611199668,0.31570608934721384,179.61050195235586,1739364956361
142.19753856905663,-461.26333744033803,359.73339646646485,179.92415418749462,0.31571956988264077,179.61051550971644,1739364956369
142.19752613548894,-461.2632870503725,359.73331467681186,179.9241338413171,0.3157126006954948,179.61051546439901,1739364956377
142.1974165554814,-461.26334571635425,359.7333422616475,179.92414743787393,0.3157127064823154,179.61050187265363,1739364956385
142.1974837119412,-461.2632909054004,359.73327445731684,179.92413379269354,0.31571938678131684,179.61050862838368,1739364956393
142.19741642989507,-461.2632823088579,359.73322025250707,179.92412704307287,0.3157125233809816,179.6105017897937,1739364956401
142.1974718904963,-461.2634302828385,359.7333404554947,179.92414740147458,0.31571261357270125,179.61050187388733,1739364956409
142.19740409698804,-461.2633457208002,359.73334216519856,179.92414748651456,0.315705908185957,179.61050187266346,1739364956417
142.1974292821664,-461.26335849744834,359.7332735542436,179.92413375576237,0.315719335824722,179.61049503201122,1739364956425
142.1974161945597,-461.26328276390234,359.73343849209175,179.924154309979,0.3157128857051361,179.61051554612249,1739364956433
142.19747134548763,-461.26331638336757,359.73332846922904,179.92414060213406,0.3157126445877608,179.61050186995868,1739364956441
142.197471429601,-461.2632782218424,359.73315144866467,179.92411352198698,0.315712381437692,179.61052214333606,1739364956449
142.19745879495443,-461.2632909142953,359.7332742644175,179.92413385251416,0.31570578118664194,179.61050182983902,1739364956457
142.1974169157098,-461.2633839754138,359.7333275661555,179.9241406026651,0.3157126026331227,179.6104950721538,1739364956469
142.19737434094085,-461.2633501239888,359.7333285656794,179.9241405909549,0.3157194518852764,179.61049507157486,1739364956477
142.19752586729425,-461.2632742648277,359.73338348066187,179.92414739986432,0.3157127516471604,179.61050870789467,1739364956485
142.19741670600538,-461.2633587294166,359.73338257759434,179.92414743785682,0.31571271869285994,179.61050191018705,1739364956493
142.1974169413404,-461.263358274346,359.7331643379978,179.9241201709508,0.31571235636060324,179.61048815385834,1739364956501
142.19741634577696,-461.26332047035527,359.73339727308195,179.92415423560422,0.3157128135409082,179.61050191211928,1739364956509
142.1974168315916,-461.26342213686956,359.7335045867574,179.9241678326579,0.3157129017941643,179.61050199304705,1739364956517
142.1974288627576,-461.26330800546026,359.73338357711236,179.9241473512229,0.31571954994352575,179.61049511094407,1739364956525
142.19736169837995,-461.26329918138754,359.73322025250707,179.92412700561144,0.3157125143782238,179.61048819275567,1739364956533
142.19747134548763,-461.26331638336757,359.73332846922904,179.92414063959552,0.3157126535889053,179.6105086685263,1739364956541
142.19736169837995,-461.26329918138754,359.73322025250707,179.92412700561144,0.3157125143782238,179.61048819275567,1739364956549
142.19741673955485,-461.2633966633707,359.7334504783844,179.92416107185804,0.3157128456889393,179.6105087514835,1739364956557
142.19736158071234,-461.2632994089227,359.7333293722963,179.92414063906443,0.31571269554354353,179.61049507092005,1739364956565
142.19736182395872,-461.263362588884,359.7333422616475,179.92414736295103,0.3157126884816353,179.61048147704795,1739364956573
142.19731970144846,-461.2633924700265,359.7333826740448,179.92414742667847,0.3157195259895702,179.61049511180408,1739364956581
142.19736190808123,-461.26332442736543,359.73316524107736,179.9241202453426,0.3157124163223745,179.6104949518577,1739364956589
142.1974164963009,-461.26333348341285,359.73343758903025,179.92415427304854,0.3157128347509751,179.61050874822035,1739364956597
142.19742922298602,-461.26334626451995,359.73336888162623,179.92414059093775,0.31571946409582097,179.61050190757874,1739364956605
142.19736182395872,-461.263362588884,359.7333422616475,179.92414743787393,0.3157127064823154,179.61049507418323,1739364956613
142.1974164963009,-461.26333348341285,359.73343758903025,179.92415427304854,0.3157128347509751,179.61050874822035,1739364956621
142.19747126207008,-461.26337923822285,359.7334239548589,179.92416783269212,0.3157128773730883,179.61050871645048,1739364956629
142.19740424751197,-461.2633587338626,359.7333824811454,179.92414748649742,0.3157059203965015,179.61050191019694,1739364956637
142.1973616142573,-461.26333734288505,359.73339727308195,179.92415431052714,0.3157128315399573,179.61050871078413,1739364956645
142.19748401368838,-461.2633416249107,359.7332735542436,179.92413375576237,0.315719335824722,179.61050183048158,1739364956653
142.19742898042526,-461.26330777793794,359.73327445731684,179.92413379269354,0.3157193867813168,179.61050182991332,1739364956665
142.1974288627576,-461.26330800546026,359.73338357711236,179.92414738868516,0.3157195589438694,179.61050190951173,1739364956673
142.1973492734316,-461.2633371198103,359.73328805683457,179.9241406507926,0.31570583408085895,179.61048823549513,1739364956681
142.1973617904137,-461.2633246549135,359.73327436086646,179.92413384133417,0.31571258848494566,179.6104950314544,1739364956689
142.19741697419698,-461.2633715149614,359.7333137737384,179.924133916771,0.3157125767447456,179.61051546525903,1739364956697
142.1974160696668,-461.2632440498014,359.7332349479901,179.92413380335879,0.31571260922707944,179.61049499315823,1739364956705
142.197403551993,-461.26323182132836,359.73333017890883,179.9241407246347,0.31570594820295816,179.6105086673032,1739364956713
142.1974291644988,-461.2633587249706,359.7333826740448,179.9241473892162,0.315719516989231,179.61050191017722,1739364956721
142.1973614630445,-461.2632996364321,359.73343849209175,179.92415423505605,0.31571286770608675,179.61049515051684,1739364956729
142.19741646275142,-461.2632955494556,359.73336968824333,179.92414063904735,0.3157127077540883,179.61050190692393,1739364956737
142.19737403920573,-461.26329940447823,359.7333294687468,179.9241405904238,0.31571949383991466,179.61049507090937,1739364956745
142.1974164042642,-461.26330800990627,359.73338348066187,179.9241475122487,0.31571277864816083,179.61051550665684,1739364956753
142.19740424751197,-461.2633587338626,359.7333824811454,179.92414744903678,0.3157059113961695,179.6104951116293,1739364956761
142.19740400495124,-461.2633202472822,359.73328805683457,179.9241406882532,0.31570584308199773,179.61050183253315,1739364956769
142.19747134548763,-461.26331638336757,359.73332846922904,179.92414063959552,0.3157126535889053,179.6105086685263,1739364956777
142.1974161945597,-461.26328276390234,359.73343849209175,179.92415423505605,0.31571286770608686,179.61050194898723,1739364956785
142.1974043987292,-461.2633964403104,359.7333412621251,179.9241474121243,0.3157058482306505,179.6104882761937,1739364956793
142.19734942395405,-461.26335013287775,359.73332837278,179.92414072569676,0.3157058642936813,179.61050187016383,1739364956801
142.19747164723478,-461.26336710287774,359.7333275661555,179.92414056520366,0.3157125936319738,179.61049507205655,1739364956809
142.1974834437481,-461.2632781198601,359.7333432611654,179.92414738870224,0.31571954673332464,179.6105086704486,1739364956817
142.19734954953276,-461.263413540345,359.73345038193537,179.92416112049784,0.31570604739257535,179.61050195302138,1739364956825
142.19745840047142,-461.2631900278877,359.7333025940762,179.9241270906172,0.31570583341500263,179.61050866201225,1739364956833
142.19736167343626,-461.2633495758165,359.73330194570207,179.92414740042958,0.3157126852714283,179.61048823808213,1739364956841
142.19733696546058,-461.2633501373222,359.7333282763326,179.9241406994169,0.31569904799503024,179.61048827303924,1739364956853
142.19741682367302,-461.2633585018943,359.7332734577932,179.92413387932666,0.31571255553225447,179.61050862915795,1739364956861
142.1974712870019,-461.26332884381816,359.7333422616475,179.92414751279685,0.3157127244829777,179.61052226825922,1739364956869
142.19748383753503,-461.2633543128822,359.73339646646485,179.9241542249569,0.3157195788821733,179.61051550981367,1739364956877
142.19741688216024,-461.2633460414403,359.7332596653776,179.9241270061254,0.31571248463413937,179.61049502942504,1739364956885
142.197361672746,-461.263324882436,359.73338348066187,179.92414739986432,0.3157127516471604,179.61048831248357,1739364956892
142.19737445791822,-461.26332520308256,359.73330098084676,179.9241269569358,0.31571933709569183,179.6104882678103,1739364956900
142.19741667245583,-461.26332079545125,359.73331467681186,179.9241338413171,0.3157126006954949,179.61050186745828,1739364956909
142.19736200011505,-461.2633499008979,359.7332193494336,179.9241270436039,0.3157124814263434,179.6104949919888,1739364956917
142.19742898042526,-461.26330777793794,359.73327445731684,179.9241338301558,0.31571939578326924,179.61050862848097,1739364956925
142.19753895491874,-461.2633499983509,359.7332185428048,179.9241269580321,0.31571922876531294,179.61050858948553,1739364956933
142.19747140397337,-461.2633039229152,359.73331467681186,179.92413380385565,0.31571259169354376,179.61050186736102,1739364956941
142.1974590046617,-461.2633161602796,359.7332192529847,179.92412712970517,0.3157056921327325,179.61051538750945,1739364956949
142.1974839216485,-461.2633161513848,359.7332194458841,179.9241270324255,0.31571928872547345,179.6105153874849,1739364956957
142.19736184890237,-461.26331219445956,359.7332605684508,179.92412708051717,0.31571254459428844,179.61050182742437,1739364956965
142.1974167901234,-461.2633205679126,359.7332055570195,179.9241202827869,0.31571243753649236,179.61050858642918,1739364956973
142.1974712870019,-461.26332884381816,359.7333422616475,179.92414743787393,0.31571270648231536,179.61050867112397,1739364956981
142.19747126137383,-461.2633545448229,359.7335054898248,179.92416786958833,0.31571295274671607,179.61051558941955,1739364956989
142.1973741904184,-461.2633371109213,359.73328824973396,179.92414055350974,0.31571943067357683,179.61048823547378,1739364956997
142.19742931502273,-461.26337173802835,359.73342298999324,179.9241473891991,0.31571952919977114,179.61050194771067,1739364957005
142.19740364402966,-461.26325729484154,359.73338428727425,179.924147522896,0.3157060133061062,179.61050870743358,1739364957013
142.19741652193184,-461.2633077823839,359.73327436086646,179.92413384133417,0.31571258848494577,179.6105018299248,1739364957021
142.19747143752735,-461.26334185688063,359.73338257759434,179.92414740039536,0.3157127096925221,179.61050191008982,1739364957029
142.1974293742032,-461.26338397096777,359.7333276626059,179.9241405540237,0.315719400929488,179.61049507214315,1739364957037
142.19739181464936,-461.2633330372601,359.7332191565373,179.92412710342538,0.31569887583085515,179.6104949919161,1739364957045
142.19741685722258,-461.26339643586437,359.7333413585741,179.924147438405,0.31571266452767727,179.61050187331912,1739364957057
142.1973072101018,-461.26337923387507,359.73323314184927,179.9241338044209,0.3157125253178031,179.61048139754845,1739364957065
142.19741670600538,-461.2633587294166,359.73338257759434,179.92414740039536,0.315712709692522,179.61049511161946,1739364957073
142.19741646275142,-461.2632955494556,359.73336968824333,179.9241406015859,0.3157126987529437,179.61049510835628,1739364957080
142.19747131193355,-461.2632784493939,359.7332605684508,179.92412708051717,0.3157125445942885,179.61051542436513,1739364957089
142.19737436657465,-461.26332442292096,359.73316533752774,179.92412015923972,0.3157192056151754,179.61048815327698,1739364957097
142.19747203309524,-461.2633796608628,359.73314964249977,179.92411344812626,0.315712279519687,179.61050854753182,1739364957105
142.19736188244744,-461.2633501284332,359.73332846922904,179.92414063959552,0.3157126535889053,179.61049507158555,1739364957113
142.19737466830966,-461.2633751424313,359.7331644344482,179.924120197233,0.31571917266410726,179.6104949525101,1739364957121
142.19741667245583,-461.26332079545125,359.73331467681186,179.92413380385563,0.31571259169354376,179.61049506889066,1739364957129
142.19745918874142,-461.26336710732517,359.7333274697065,179.92414068876718,0.31570581333790887,179.61050866920246,1739364957137
142.1975139202645,-461.263350234784,359.7333274697065,179.92414068876718,0.3157058133379088,179.61051546767283,1739364957145
142.19734942395405,-461.26335013287775,359.73332837278,179.92414068823612,0.315705855292547,179.6104950715962,1739364957153
142.1973742489071,-461.263324650469,359.73327445731684,179.92413379269354,0.3157193867813168,179.61049503144292,1739364957161
142.19741670600538,-461.2633587294166,359.73338257759434,179.92414747531825,0.31571272769319336,179.6105087087547,1739364957169
142.19737394717203,-461.26327393095863,359.73327536038437,179.9241337921625,0.3157194287359551,179.61049503077743,1739364957177
142.1974291644988,-461.2633587249706,359.7333826740448,179.9241473892162,0.315719516989231,179.61050191017722,1739364957185
142.197403551993,-461.26323182132836,359.73333017890883,179.9241407246347,0.31570594820295816,179.6105086673032,1739364957193
142.19741673955485,-461.2633966633707,359.7334504783844,179.92416103439658,0.31571283669021927,179.6105019529159,1739364957201
142.19741670600538,-461.2633587294166,359.73338257759434,179.92414747531825,0.31571272769319336,179.6105087087547,1739364957209
142.19748380398104,-461.2633163789201,359.7333285656794,179.9241405909549,0.31571945188527645,179.61050866851562,1739364957217
142.19734972568926,-461.26340085238786,359.7333274697065,179.92414072622782,0.31570582233904304,179.61050187082932,1739364957225
142.19736188244744,-461.2633501284332,359.73332846922904,179.92414060213406,0.3157126445877607,179.61048827301792,1739364957237
142.19741667245583,-461.26332079545125,359.73331467681186,179.92413391623995,0.3157126186993839,179.61051546459353,1739364957245
142.19730715092436,-461.26336700095635,359.73332846922904,179.9241406395955,0.3157126535889053,179.61048827311515,1739364957253
142.19740466692073,-461.26340922585047,359.7332724582647,179.92413389103692,0.3157057062793111,179.6105018312673,1739364957260
142.1974835614157,-461.2632778923283,359.73323414137315,179.92413379271065,0.3157193745707634,179.61050859085023,1739364957269
142.1974712863057,-461.26330415042776,359.73342379661017,179.92414743730865,0.3157127728580384,179.6105087455254,1739364957276
142.1974167644926,-461.2633462689659,359.73336878517574,179.92414067703982,0.3157126748005899,179.61050870615702,1739364957284
142.19742907246203,-461.2633332514576,359.7333285656794,179.92414062841715,0.31571946088642217,179.61050866861288,1739364957292
142.19737460913095,-461.2633629095256,359.73325976182804,179.92412703240842,0.31571930093602724,179.61050182807762,1739364957301
142.19747158805288,-461.26335486993827,359.73342289354275,179.92414747530117,0.3157127399037335,179.61051554475853,1739364957309
142.1974291644988,-461.2633587249706,359.7333826740448,179.92414731429167,0.3157194989885393,179.61048831304194,1739364957317
142.1974291644988,-461.2633587249706,359.7333826740448,179.92414742667845,0.31571952598957015,179.61050870874485,1739364957325
142.19742925653554,-461.26338419847735,359.7334367824133,179.92415418747754,0.31571958209318096,179.61050195030916,1739364957333
142.1974166139686,-461.2633332559035,359.73332846922904,179.92414067705695,0.3157126625900453,179.61050866862357,1739364957341
142.19734945680864,-461.26336337344,359.7334778085314,179.9241542842106,0.31570603966562566,179.61049518872485,1739364957349
142.19752658846826,-461.26337547632573,359.73327255471366,179.9241338423963,0.31571250457566946,179.61051542819655,1739364957357
142.1974164963009,-461.26333348341285,359.73343758903025,179.92415431051003,0.31571284375049746,179.61051554678798,1739364957365
142.19741589281855,-461.2632320443915,359.73343939514706,179.92415427198648,0.31571291866025203,179.61050874688937,1739364957373
142.1975260178213,-461.2632872778853,359.73342379661017,179.9241474747701,0.31571278185837187,179.6105223425634,1739364957381
142.19741697489007,-461.26339620833244,359.73323223877,179.9241338798748,0.31571250136706264,179.61050859229,1739364957389
142.1974839545065,-461.26332939198244,359.73336888162623,179.9241405534755,0.31571945509467064,179.61050190748145,1739364957397
142.19736188244744,-461.2633501284332,359.73332846922904,179.92414063959552,0.3157126535889053,179.61049507158555,1739364957405
142.19740385373407,-461.263282540839,359.7333292758473,179.92414065024442,0.31570588824604645,179.61049507083348,1739364957413
142.19747143752735,-461.26334185688063,359.73338257759434,179.92414747531825,0.3157127276931934,179.61051550722507,1739364957421
142.1974288627576,-461.26330800546026,359.73338357711236,179.92414738868516,0.3157195589438694,179.61050190951173,1739364957433
142.19747104374048,-461.26326566385694,359.7333293722963,179.924140601603,0.3157126865423989,179.61050186929316,1739364957441
142.19740409698804,-461.2633457208002,359.73334216519856,179.92414748651456,0.315705908185957,179.61050187266346,1739364957449
142.19736209214884,-461.26337537442396,359.7332734577932,179.92413387932666,0.31571255553225436,179.61050183068755,1739364957456
142.19736158071234,-461.2632994089227,359.7333293722963,179.92414063906443,0.31571269554354353,179.61049507092005,1739364957464
142.1974717057205,-461.2633546424253,359.7333137737384,179.92413380438668,0.31571254973890567,179.61050186802652,1739364957473
142.19748386246678,-461.2633039184678,359.7333147732623,179.92413379267646,0.31571939899186596,179.61050866591717,1739364957481
142.1974291644988,-461.2633587249706,359.7333826740448,179.92414742667845,0.31571952598957015,179.61050870874485,1739364957489
142.19742846897978,-461.2632318124364,359.7333303718083,179.92414055243052,0.3157195267934028,179.61049507014664,1739364957497
142.19741634577696,-461.26332047035527,359.73339727308195,179.92415419814276,0.31571280454137685,179.61049511355162,1739364957505
142.1974043987292,-461.2633964403104,359.7333412621251,179.9241474121243,0.3157058482306505,179.6104882761937,1739364957513
142.19734978417793,-461.26338839193556,359.73331367728946,179.9241338530281,0.31570575144255314,179.61048827109724,1739364957521
142.19747155519497,-461.2633416293582,359.7332734577932,179.92413387932666,0.31571255553225436,179.6105154276283,1739364957529
142.19742895479428,-461.26333347896684,359.73343768548074,179.92415418694648,0.3157196240478193,179.61050194964366,1739364957537
142.1974170333773,-461.26338374787855,359.7332184463544,179.92412704413496,0.31571243947170546,179.6105017911247,1739364957545
142.19734972568926,-461.26340085238786,359.7333274697065,179.9241406138459,0.31570579533562704,179.61048147512648,1739364957553
142.19734963365545,-461.2633753788685,359.73327336134423,179.9241339279665,0.31570575723589034,179.610501830699,1739364957561
142.1974166139686,-461.2633332559035,359.73332846922904,179.92414060213406,0.3157126445877607,179.61049507148832,1739364957569
142.19740361048025,-461.26321936087606,359.73331638649177,179.92413385143496,0.31570587730646793,179.61049506757112,1739364957577
142.1974167901234,-461.2633205679126,359.7332055570195,179.92412024532547,0.31571242853293235,179.61050178786152,1739364957585
142.1974713198596,-461.26334208437714,359.7334916974018,179.9241610713099,0.31571289985411355,179.61051558682186,1739364957593
142.19742898042526,-461.26330777793794,359.73327445731684,179.9241338301558,0.31571939578326924,179.61050862848097,1739364957601
142.19747131193355,-461.2632784493939,359.7332605684508,179.92412704305573,0.315712535591535,179.6105086257975,1739364957609
142.19741685722258,-461.26339643586437,359.7333413585741,179.92414740094353,0.31571265552733935,179.61049507475147,1739364957617
142.1973617904137,-461.2633246549135,359.73327436086646,179.92413380387273,0.3157125794829945,179.6104882328868,1739364957629
142.19741670600538,-461.2633587294166,359.73338257759434,179.92414740039536,0.315712709692522,179.61049511161946,1739364957637
142.19747134548763,-461.26331638336757,359.73332846922904,179.92414063959552,0.3157126535889053,179.6105086685263,1739364957645
142.19747164723478,-461.26336710287774,359.7333275661555,179.92414064012655,0.3157126116342671,179.6105086691918,1739364957653
142.1973742817618,-461.26333789104905,359.7334238930606,179.92414735120576,0.3157195621540659,179.61048835000716,1739364957661
142.19744621879337,-461.2632911462651,359.73338328776543,179.92414749714717,0.3156991550544298,179.61050190944403,1739364957669
142.19736182395872,-461.263362588884,359.7333422616475,179.92414743787393,0.3157127064823154,179.61049507418323,1739364957677
142.19741642989507,-461.2632823088579,359.73322025250707,179.92412700561144,0.3157125143782238,179.61049499122606,1739364957685
142.19734972568926,-461.26340085238786,359.7333274697065,179.9241406138459,0.31570579533562704,179.61048147512648,1739364957692
142.19745909670158,-461.2633416338056,359.73327336134423,179.9241339279665,0.3157057572358903,179.61051542763977,1739364957700
142.19740421396247,-461.26332079989726,359.73331458036296,179.92413392741832,0.3157058114010775,179.61050866603736,1739364957709
142.1974592807812,-461.26339258083823,359.7333815780721,179.92414748702848,0.3157058784418636,179.6105087093328,1739364957717
142.19747134548763,-461.26331638336757,359.73332846922904,179.92414067705695,0.3157126625900454,179.6105154670939,1739364957725
142.19742898042526,-461.26330777793794,359.73327445731684,179.92413375523128,0.3157193777793598,179.61049503134572,1739364957733
142.19736197448117,-461.2633756019463,359.73338257759434,179.92414743785682,0.31571271869285994,179.6104951117167,1739364957741
142.1974163122275,-461.26328253639304,359.7333293722963,179.92414060160297,0.31571268654239903,179.6104950708228,1739364957749
142.19741697419698,-461.2633715149614,359.7333137737384,179.92413387930958,0.3157125677428035,179.6105086666914,1739364957757
142.1974716136807,-461.26332916890425,359.7332596653776,179.9241270061254,0.31571248463413937,179.6105018278954,1739364957765
142.19734912221892,-461.2632994133672,359.7333292758473,179.92414061278376,0.3157058792449032,179.61048147379546,1739364957773
142.19740421396247,-461.26332079989726,359.73331458036296,179.924133964879,0.31570582040301404,179.610515464605,1739364957781
142.19734912221892,-461.2632994133672,359.7333292758473,179.92414061278376,0.3157058792449032,179.61048147379546,1739364957789
142.19740409698804,-461.2633457208002,359.73334216519856,179.9241475239752,0.3157059171862847,179.6105086712311,1739364957797
142.19737434094085,-461.2633501239888,359.7333285656794,179.92414055349263,0.31571944288412607,179.61048827300726,1739364957805
142.19751373617882,-461.2632992877383,359.7332192529847,179.92412712970517,0.31570569213273253,179.61052218597982,1739364957812
142.19736188244744,-461.2633501284332,359.73332846922904,179.92414067705695,0.3157126625900454,179.61050187015317,1739364957825
142.19734945749906,-461.26338806683987,359.73339627356546,179.92415428477585,0.31570597328991146,179.6104951143234,1739364957833
142.19742907176877,-461.26330855806725,359.73341010064206,179.9241405903896,0.31571951826099953,179.6105019444467,1739364957841
142.19734954162163,-461.26334990534235,359.7332192529847,179.92412712970517,0.31570569213273253,179.6105017905687,1739364957849
142.19747107729447,-461.26330359781923,359.73339727308195,179.92415423560422,0.31571281354090813,179.6105087105896,1739364957856
142.19742916380542,-461.2633340315708,359.7334642090107,179.92414742611322,0.3157195923652847,179.61050878314626,1739364957864
142.19747164723478,-461.26336710287774,359.7333275661555,179.92414064012655,0.3157126116342671,179.6105086691918,1739364957873
142.19736131252216,-461.2632866233743,359.7333981761432,179.92415427253462,0.3157128644950734,179.61050191155098,1739364957880
142.19747134548763,-461.26331638336757,359.73332846922904,179.92414063959552,0.3157126535889053,179.6105086685263,1739364957889
142.19741670600538,-461.2633587294166,359.73338257759434,179.92414743785682,0.31571271869285994,179.61050191018705,1739364957897
142.19736224267132,-461.26338838749103,359.7333137737384,179.924133916771,0.3157125767447457,179.61050866678863,1739364957904
142.19745888699424,-461.263316387815,359.73332837278,179.92414065077548,0.3157058462914082,179.61050186996934,1739364957912
142.19734929837523,-461.2632867253764,359.73320636364406,179.92412029343507,0.3157056721912123,179.6104949887387,1739364957921
142.1974165554814,-461.26334571635425,359.7333422616475,179.92414751279685,0.3157127244829777,179.61051546978888,1739364957929
142.19741689007884,-461.26340967642375,359.73349079433444,179.92416095945651,0.31571283090330177,179.6104883933141,1739364957937
142.1974165554814,-461.26334571635425,359.7333422616475,179.92414736295103,0.31571268848163525,179.61048827551835,1739364957945
142.1974292821664,-461.26335849744834,359.7332735542436,179.9241338681491,0.3157193628305793,179.6105154277141,1739364957953
142.1974170333773,-461.26338374787855,359.7332184463544,179.92412696921213,0.31571242146618567,179.61048819398945,1739364957960
142.1974288627576,-461.26330800546026,359.73338357711236,179.9241473137606,0.31571954094317767,179.61048831237645,1739364957969
142.1974292821664,-461.26335849744834,359.7332735542436,179.92413383068686,0.31571935382863126,179.61050862914647,1739364957977
142.19736191599247,-461.26338806239534,359.7333963700145,179.9241542735967,0.31571278058579655,179.61050191288197,1739364957985
142.19745864373283,-461.2632532078521,359.73331548343026,179.92413381450535,0.3157058263498794,179.61049506813936,1739364957993
142.19740388728354,-461.2633204748013,359.73339717663293,179.9241543217055,0.3157060242440708,179.61050871069594,1739364958000
142.1974041883314,-461.26334650091184,359.7334778085314,179.92415432167127,0.31570604866514673,179.61050878576287,1739364958012
142.19737452500829,-461.26340107100856,359.7334367824133,179.9241542249398,0.31571959109271347,179.6105019504064,1739364958021
142.19748356071963,-461.26325319895716,359.73331567632965,179.9241337546831,0.3157194319445472,179.61050186668402,1739364958029
142.19741595199915,-461.26324427733306,359.73334406777633,179.92414743681184,0.31571279039159217,179.6105018713226,1739364958037
142.19736191599247,-461.26338806239534,359.7333963700145,179.92415431105817,0.31571278958531884,179.61050871144963,1739364958045
142.19741697419698,-461.2633715149614,359.7333137737384,179.92413380438668,0.31571254973890567,179.61049506955615,1739364958052
142.19740373606632,-461.26328276834835,359.73343839564274,179.924154246236,0.3157060604102029,179.61049515042865,1739364958060
142.1974164042642,-461.26330800990627,359.73338348066187,179.92414747478725,0.3157127696478318,179.6105087080892,1739364958069
142.19736161356687,-461.263312649485,359.7334788080417,179.92415423503894,0.3157128799166224,179.61049518805032,1739364958076
142.19741625374022,-461.2632949968437,359.7333431647149,179.92414747480433,0.3157127574372871,179.61050867055573,1739364958085
142.19745871084075,-461.2633290757717,359.7334512850028,179.9241611199668,0.3157060893472137,179.61051554929662,1739364958093
142.19745885413616,-461.2633031472027,359.73317893704257,179.92412705480103,0.3157056619166752,179.61050175284075,1739364958100
142.1974043066924,-461.2633709667926,359.73328715376135,179.92414061386302,0.31570578312507813,179.6104882360634,1739364958109
142.19741646275142,-461.2632955494556,359.73336968824333,179.9241406015859,0.3157126987529437,179.61049510835628,1739364958117
142.1974716136807,-461.26332916890425,359.7332596653776,179.92412704358682,0.3157124936368972,179.610508626463,1739364958125
142.1974039457708,-461.2633080143522,359.7333833842129,179.92414744850575,0.3157059533508079,179.6104951109638,1739364958133
142.1974169157098,-461.2633839754138,359.7333275661555,179.92414064012655,0.3157126116342671,179.61050187072144,1739364958140
142.19741679804213,-461.26338420292336,359.7334366859629,179.9241542735796,0.3157127927963366,179.61050874888585,1739364958149
142.19738710116943,-461.2634008390544,359.73332775905783,179.92414058030838,0.31572621722814814,179.61050187079735,1739364958157
142.19734948244272,-461.2633376724255,359.73331458036296,179.92413385249705,0.3157057933971911,179.61048827043174,1739364958165
142.19740409698804,-461.2633457208002,359.73334216519856,179.92414748651456,0.315705908185957,179.61050187266346,1739364958173
142.1974164963009,-461.26333348341285,359.73343758903025,179.92415419812562,0.31571281675191704,179.6104951510851,1739364958181
142.19741658041906,-461.26329532192995,359.7332605684508,179.9241270055943,0.3157125265887772,179.61049502875952,1739364958189
142.19753859398236,-461.26328704592356,359.7333147732623,179.92413383013871,0.3157194079938184,179.61052226295516,1739364958197
142.19747155519497,-461.2633416293582,359.7332734577932,179.92413384186523,0.31571254653030784,179.61050862906066,1739364958205
142.1974169413404,-461.263358274346,359.7331643379978,179.92412024587364,0.31571237436773636,179.6105017509936,1739364958217
142.19736226830494,-461.26336268641853,359.7331505455852,179.92411341013377,0.315712312469954,179.61048815135794,1739364958225
142.19736164780218,-461.26337527683575,359.7334651738747,179.92416783214392,0.31571293153826685,179.61049515637768,1739364958233
142.19741667245583,-461.26332079545125,359.73331467681186,179.92413391623995,0.3157126186993839,179.61051546459353,1739364958241
142.1973498762117,-461.26341386545045,359.73336778565357,179.92414065128943,0.31570581654731483,179.61048831122756,1739364958249
142.1974288292081,-461.26327007149473,359.73331567632965,179.92413382960763,0.3157194499484568,179.61050866534893,1739364958256
142.19745885344017,-461.26327845384134,359.73326047200186,179.92412709169636,0.31570573729517665,179.61050862580979,1739364958265
142.19741685722258,-461.26339643586437,359.7333413585741,179.92414740094353,0.31571265552733935,179.61049507475147,1739364958273
142.19748386246678,-461.2633039184678,359.7333147732623,179.92413379267646,0.31571939899186596,179.61050866591717,1739364958281
142.19737416409387,-461.26333811853596,359.7335330128653,179.92416102212195,0.31571975231566024,179.61050202674085,1739364958289
142.19742895479428,-461.26333347896684,359.73343768548074,179.92415418694648,0.3157196240478193,179.61050194964366,1739364958297
142.19742868660245,-461.2633206934023,359.73350648933666,179.9241678204175,0.31571979299773145,179.61050879027627,1739364958304
142.1974294077528,-461.26342190493,359.7333955633915,179.92415418802568,0.3157195279280028,179.6105019134412,1739364958313
142.19734948313294,-461.2633623657963,359.73323304540025,179.92413389052297,0.3157057360233957,179.61049499459793,1739364958321
142.19747125344782,-461.26329090984785,359.73327436086646,179.9241338787956,0.3157125974868924,179.6105154269628,1739364958329
142.19747119426594,-461.2632786769195,359.73336968824333,179.92414063904735,0.3157127077540883,179.61050870539427,1739364958337
142.19753883725127,-461.2633502258861,359.7333276626059,179.9241405540237,0.3157194009294879,179.61050866908388,1739364958345
142.1973870091356,-461.263375365535,359.73327365069554,179.924133744584,0.31572614312303715,179.61049503209696,1739364958353
142.1974712870019,-461.26332884381816,359.7333422616475,179.92414743787393,0.31571270648231536,179.61050867112397,1739364958361
142.19752616904745,-461.26332498433794,359.73338257759434,179.92414747531825,0.31571272769319336,179.61052230569544,1739364958369
142.1974166139686,-461.2633332559035,359.73332846922904,179.92414063959552,0.3157126535889053,179.61050187005594,1739364958377
142.19734969214414,-461.26336291841454,359.73325956892864,179.9241270547668,0.31570568633778684,179.61048823096692,1739364958385
142.1973616142573,-461.26333734288505,359.73339727308195,179.92415427306568,0.315712822540435,179.61050191221648,1739364958397
142.19747152956717,-461.2633673303873,359.7334366859629,179.9241542735796,0.3157127927963367,179.61051554735621,1739364958405
142.19744648768253,-461.26332862518103,359.7332329489529,179.9241339391636,0.31569893772701185,179.61050859155014,1739364958413
142.197361672746,-461.263324882436,359.73338348066187,179.9241474373258,0.3157127606474983,179.61049511105116,1739364958421
142.19734948244272,-461.2633376724255,359.73331458036296,179.92413385249705,0.3157057933971911,179.61048827043174,1739364958429
142.19736209214884,-461.26337537442396,359.7332734577932,179.92413384186523,0.31571254653030784,179.6104950321199,1739364958437
142.19748368631332,-461.2633166064294,359.73343768548074,179.92415418694648,0.3157196240478192,179.610508748114,1739364958445
142.19744149740583,-461.263295313038,359.73326076135316,179.92412690831142,0.31572612318149507,179.61049502873493,1739364958453
142.19747155519497,-461.2633416293582,359.7332734577932,179.92413387932666,0.31571255553225436,179.6105154276283,1739364958461
142.19747158874904,-461.2633795633284,359.7333413585741,179.92414751332788,0.3157126825283395,179.61052226892474,1739364958469
142.19741670600538,-461.2633587294166,359.73338257759434,179.92414747531825,0.31571272769319336,179.6105087087547,1739364958477
142.19748380398104,-461.2633163789201,359.7333285656794,179.9241405909549,0.31571945188527645,179.61050866851562,1739364958485
142.19737439942952,-461.2633376635365,359.7333147732623,179.92413383013871,0.3157194079938184,179.61050186754403,1739364958493
142.19747143752735,-461.26334185688063,359.73338257759434,179.92414747531825,0.3157127276931934,179.61051550722507,1739364958500
142.19736215063756,-461.26336291397007,359.7332596653776,179.92412704358682,0.3157124936368972,179.61049502952227,1739364958509
142.19748359427365,-461.2632911329227,359.73338357711236,179.9241474636097,0.3157195769445434,179.61052230511734,1739364958517
142.19752553991583,-461.2632492463073,359.733547611893,179.92416779358615,0.3157130308706926,179.61050882695716,1739364958525
142.19729499416013,-461.2634177249098,359.7333274697065,179.92414065130654,0.3157058043367701,179.6104814752237,1739364958533
142.19740444929732,-461.26332034479435,359.7330963407844,179.92410666051393,0.31570544906882086,179.61049490971192,1739364958541
142.1974043651796,-461.2633585063402,359.73327336134423,179.9241339279665,0.31570575723589034,179.6105086291694,1739364958549
142.19747116140803,-461.2632654363218,359.73322025250707,179.92412704307287,0.31571252338098155,179.61050858826405,1739364958557
142.19742913094925,-461.2633207910053,359.7333147732623,179.92413386760094,0.3157194169957665,179.61051546458205,1739364958565
142.19747146245908,-461.26329146246127,359.73330088439633,179.92412711796152,0.31571256580758655,179.61052226046624,1739364958573
142.19734972568926,-461.26340085238786,359.7333274697065,179.92414065130654,0.3157058043367701,179.6104882736941,1739364958585
142.19737452500829,-461.26340107100856,359.7334367824133,179.92415418747754,0.3157195820931809,179.61049515183876,1739364958593
142.19741652193184,-461.2633077823839,359.73327436086646,179.92413384133417,0.31571258848494577,179.6105018299248,1739364958600
142.19741670600538,-461.2633587294166,359.73338257759434,179.9241473629339,0.3157127006921797,179.6104883130518,1739364958609
142.1974167316362,-461.26333302836827,359.7332193494336,179.92412700614247,0.3157124724235857,179.61049499189156,1739364958617
142.19737422327307,-461.2633503514981,359.73343768548074,179.92415422440877,0.3157196330473519,179.6105019497409,1739364958625
142.19751337594138,-461.26326102868217,359.7332339484738,179.92413396491318,0.3157057959819114,179.6105289864788,1739364958633
142.19742907246203,-461.2633332514576,359.7333285656794,179.92414055349263,0.31571944288412607,179.61049507147766,1739364958641
142.19740412261874,-461.2633200197373,359.73317893704257,179.92412709226164,0.31570567091942714,179.610501752938,1739364958649
142.19741697419698,-461.2633715149614,359.7333137737384,179.92413384184812,0.31571255874085685,179.61050186812378,1739364958657
142.19733687342685,-461.26332466380245,359.73327416797,179.92413386369577,0.3156989738883199,179.61048143434212,1739364958664
142.1974287707209,-461.263282531947,359.7333294687468,179.9241405904238,0.3157194938399147,179.61050186937976,1739364958673
142.19734909727515,-461.26334980777693,359.7334109690545,179.92416111998392,0.31570607713667365,179.6105019148224,1739364958681
142.19745888699424,-461.263316387815,359.73332837278,179.92414076315742,0.3157058732948111,179.61052226567222,1739364958689
142.19742901328152,-461.2633210185179,359.7334238930606,179.9241474261303,0.3157195801547488,179.6105087456128,1739364958697
142.19747149670923,-461.2633540898105,359.73328725021025,179.9241406776051,0.31571260842485815,179.61051543022597,1739364958705
142.19740415547525,-461.2633332603495,359.73332837278,179.92414072569676,0.31570586429368125,179.61050866863422,1739364958713
142.19741634577696,-461.26332047035527,359.73339727308195,179.92415423560422,0.3157128135409082,179.61050191211928,1739364958721
142.19741664751814,-461.2633711898657,359.7333963700145,179.92415423613522,0.31571277158626976,179.61050191278474,1739364958729
142.19741634577696,-461.26332047035527,359.73339727308195,179.92415427306568,0.3157128225404349,179.61050871068687,1739364958737
142.19740421396247,-461.26332079989726,359.73331458036296,179.92413385249705,0.3157057933971911,179.61049506890214,1739364958745
142.19729450836954,-461.2633160583537,359.7332201560581,179.9241270917135,0.31570572508462325,179.6104881928652,1739364958753
142.19745865235498,-461.2633415362175,359.73346507742576,179.92416788078455,0.31570613324190844,179.6105087533259,1739364958761
142.19741652193184,-461.2633077823839,359.73327436086646,179.9241338038727,0.3157125794829945,179.61049503135717,1739364958769
142.19752598496189,-461.2632740373052,359.73327436086646,179.9241338038727,0.3157125794829945,179.6105086282979,1739364958781
142.1974044572164,-461.2633839798597,359.7333274697065,179.92414065130654,0.3157058043367702,179.6104950721645,1739364958789
142.19740406343848,-461.2633077868299,359.7332742644175,179.9241338899748,0.31570579018858735,179.61050182993628,1739364958797
142.19748398013425,-461.2633036909292,359.73320565346995,179.92412019668484,0.3157192268293034,179.61050858631882,1739364958805
142.19741682367302,-461.2633585018943,359.7332734577932,179.92413384186523,0.31571254653030784,179.6105018305903,1739364958812
142.19736169837995,-461.26329918138754,359.73322025250707,179.92412700561144,0.3157125143782238,179.61048819275567,1739364958821
142.19742958390754,-461.2634092169585,359.73327265116404,179.92413386868012,0.31571932087594085,179.61051542837959,1739364958829
142.19741688216024,-461.2633460414403,359.7332596653776,179.9241270435868,0.31571249363689724,179.61050182799264,1739364958837
142.19747132055585,-461.2633667777771,359.7334101624359,179.9241610344137,0.3157128244796792,179.6105087138528,1739364958845
142.19736188244744,-461.2633501284332,359.73332846922904,179.92414056467263,0.31571263558661183,179.6104814744503,1739364958853
142.19740367757902,-461.26329522879576,359.7334521880643,179.92416111943578,0.31570613130185227,179.6105087501608,1739364958861
142.19747155519497,-461.2633416293582,359.7332734577932,179.9241338044038,0.3157125375283567,179.61050183049304,1739364958869
142.19741658041906,-461.26329532192995,359.7332605684508,179.92412704305573,0.315712535591535,179.61050182732714,1739364958877
142.1974839545065,-461.26332939198244,359.73336888162623,179.9241405534755,0.31571945509467064,179.61050190748145,1739364958885
142.19740376169736,-461.26325706731944,359.733275167485,179.92413388944377,0.31570583214322584,179.6105018292708,1739364958893
142.1974716136807,-461.26332916890425,359.7332596653776,179.92412708104823,0.31571250263965045,179.61051542503066,1739364958901
142.19736161356687,-461.263312649485,359.7334788080417,179.92415423503894,0.3157128799166224,179.61049518805032,1739364958909
142.19747107729447,-461.26330359781923,359.73339727308195,179.92415423560422,0.31571281354090813,179.6105087105896,1739364958917
142.19741670600538,-461.2633587294166,359.73338257759434,179.92414740039536,0.315712709692522,179.61049511161946,1739364958925
142.19752637875789,-461.26335023033505,359.7333275661555,179.92414064012655,0.31571261163426706,179.61051546766217,1739364958932
142.19742892193804,-461.2633202383903,359.73328824973396,179.92414059097197,0.31571943967472704,179.6105018325118,1739364958940
142.19748389602077,-461.26334185243314,359.7333826740448,179.92414735175393,0.31571950798888737,179.61050191007993,1739364958949
142.19747119426594,-461.2632786769195,359.73336968824333,179.9241406765088,0.31571271675522833,179.6105155039619,1739364958957
142.1974164042642,-461.26330800990627,359.73338348066187,179.9241474373258,0.3157127606474983,179.61050190952156,1739364958965
142.1975135264685,-461.26327404175413,359.7332742644175,179.92413392743543,0.3157057991905283,179.61052222544464,1739364958977
142.19734963365545,-461.2633753788685,359.73327336134423,179.9241339279665,0.31570575723589034,179.610501830699,1739364958985
142.19745877002273,-461.2633413087147,359.73335595761864,179.92415424733232,0.31570595207984137,179.61050187516307,1739364958993
142.19740451570362,-461.26337151940743,359.73331367728946,179.9241338530281,0.31570575144255314,179.61049506956763,1739364959000
142.19734942395405,-461.26335013287775,359.73332837278,179.92414068823612,0.315705855292547,179.6104950715962,1739364959008
142.19737415687337,-461.263299176943,359.7332203489575,179.92412703189447,0.3157193306801117,179.61050178987864,1739364959017
142.1973492734316,-461.2633371198103,359.73328805683457,179.92414072571387,0.31570585208313207,179.61050183263035,1739364959025
142.1973617904137,-461.2633246549135,359.73327436086646,179.92413384133417,0.31571258848494566,179.6104950314544,1739364959033
142.19740421396247,-461.26332079989726,359.73331458036296,179.92413392741832,0.3157058114010775,179.61050866603736,1739364959040
142.19734966720054,-461.2634133128386,359.7333412621251,179.92414752450625,0.31570587523164645,179.61050187342622,1739364959048
142.19748365275936,-461.26327867247204,359.73336978469376,179.92414059040672,0.31571950605045934,179.61050870538358,1739364959057
142.1974170333773,-461.26338374787855,359.7332184463544,179.92412708159637,0.3157124484744586,179.6105085896923,1739364959065
142.19741670600538,-461.2633587294166,359.73338257759434,179.92414751277974,0.31571273669352223,179.61051550732233,1739364959073
142.19741622019077,-461.26325706287355,359.73327526393393,179.92413384080314,0.31571263043958414,179.6105018292593,1739364959081
142.19753871958366,-461.2633504533957,359.7334367824133,179.9241542249398,0.31571959109271347,179.61052234581754,1739364959089
142.19747119496208,-461.2633033703002,359.7332881532835,179.9241405646897,0.3157126233760626,179.61049503385757,1739364959096
142.19745909670158,-461.2633416338056,359.73327336134423,179.92413389050586,0.3157057482339494,179.61050862907214,1739364959104
142.19737428245213,-461.26336258443945,359.733342358098,179.92414731430878,0.3157194867779948,179.6104814770381,1739364959113
142.19747119426594,-461.2632786769195,359.73336968824333,179.92414063904735,0.3157127077540883,179.61050870539427,1739364959121
142.19745933926694,-461.2633801203876,359.73336778565357,179.92414068875007,0.3157058255484535,179.61050870673594,1739364959129
142.19734942395405,-461.26335013287775,359.73332837278,179.92414068823612,0.315705855292547,179.6104950715962,1739364959137
142.1974841057282,-461.26336709843025,359.7333276626059,179.9241405540237,0.31571940092948797,179.61050187061352,1739364959145
142.19742888838846,-461.2632823044119,359.7332203489575,179.9241269944322,0.3157193216773526,179.61050178978138,1739364959153
142.19744657902626,-461.26332940532484,359.73336859227936,179.9241406993998,0.3156990602055747,179.61050190751345,1739364959165
142.19736188244744,-461.2633501284332,359.73332846922904,179.92414063959552,0.3157126535889053,179.61049507158555,1739364959169
142.19747086758687,-461.2632783518139,359.73345228451325,179.924160995873,0.3157129116007716,179.61050195148763,1739364959181
142.1973617904137,-461.2633246549135,359.73327436086646,179.92413384133417,0.31571258848494566,179.6104950314544,1739364959189
142.19753844345527,-461.26327403285626,359.73327445731684,179.92413383015577,0.31571939578326924,179.61052222542168,1739364959197
142.19741670600538,-461.2633587294166,359.73338257759434,179.92414743785682,0.31571271869285994,179.61050191018705,1739364959205
142.19740382018458,-461.2632446068655,359.73326137506933,179.92412709116533,0.3157057792498152,179.61050182667393,1739364959213
142.19742903891247,-461.263295317484,359.73326066490125,179.92412691949062,0.31571931588237445,179.6104882301796,1739364959221
142.19736178972343,-461.26329996153305,359.73335589582626,179.92413384076892,0.31571265486067795,179.61049510585585,1739364959229
142.19741652193184,-461.2633077823839,359.73327436086646,179.92413384133417,0.31571258848494577,179.6105018299248,1739364959236
142.19748362782755,-461.2633290668768,359.7334514779022,179.9241610226872,0.31571968593995464,179.61051554928014,1739364959245
142.19747119496208,-461.2633033703002,359.7332881532835,179.92414067707406,0.3157126503794962,179.61051542956045,1739364959252
142.1974837119412,-461.2632909054004,359.73327445731684,179.9241338301558,0.31571939578326924,179.61051542695134,1739364959260
142.19740334228857,-461.2632065753308,359.7333851903296,179.9241474849043,0.3157060462604168,179.61050190820043,1739364959268
142.1974164042642,-461.26330800990627,359.73338348066187,179.92414736240283,0.3157127426468181,179.6104883123863,1739364959276
142.1974165554814,-461.26334571635425,359.7333422616475,179.9241474004125,0.3157126974819775,179.61049507408597,1739364959285
142.19748388809438,-461.26327821739505,359.7331515451151,179.92411343588574,0.31571917072970657,179.61051534475453,1739364959292
142.1973870091356,-461.263375365535,359.73327365069554,179.92413370712092,0.31572613412107453,179.6104882335293,1739364959300
142.19740442366682,-461.2633460458863,359.73325956892864,179.92412709222745,0.3157056953405389,179.61050182800494,1739364959309
142.1974039457708,-461.2633080143522,359.7333833842129,179.92414748596642,0.31570596235114007,179.61050190953142,1739364959316
142.19741658041906,-461.26329532192995,359.7332605684508,179.92412704305573,0.315712535591535,179.61050182732714,1739364959325
142.19745877002273,-461.2633413087147,359.73335595761864,179.92415428479296,0.31570596107936677,179.6105086737307,1739364959333
142.1974164042642,-461.26330800990627,359.73338348066187,179.9241474373258,0.3157127606474983,179.61050190952156,1739364959345
142.197361672746,-461.263324882436,359.73338348066187,179.92414739986432,0.3157127516471604,179.61048831248357,1739364959352
142.19740391291447,-461.2632947737578,359.7332339484738,179.9241338899919,0.31570577797803406,179.6105017924028,1739364959360
142.19748383683879,-461.2633296194823,359.73347800143074,179.92415429931623,0.3157196632569395,179.6105291813504,1739364959369
142.19736131252216,-461.2632866233743,359.7333981761432,179.92415427253462,0.3157128644950734,179.61050191155098,1739364959377
142.1974592807812,-461.26339258083823,359.7333815780721,179.92414748702848,0.3157058784418636,179.6105087093328,1739364959385
142.197416673149,-461.2633454888222,359.73323314184927,179.9241338044209,0.3157125253178031,179.61049499448922,1739364959392
142.19741682297982,-461.26333380851366,359.7333549927588,179.92413380383852,0.31571260390408845,179.6104951064241,1739364959400
142.19745885344017,-461.26327845384134,359.73326047200186,179.92412709169636,0.31570573729517665,179.61050862580979,1739364959409
142.1974035855424,-461.2632697552906,359.73339807969427,179.92415428371376,0.3157060571991881,179.6105019114628,1739364959416
142.19747134548763,-461.26331638336757,359.73332846922904,179.92414063959552,0.3157126535889053,179.6105086685263,1739364959425
142.19736188244744,-461.2633501284332,359.73332846922904,179.92414063959552,0.3157126535889053,179.61049507158555,1739364959433
142.19734978486807,-461.26341308530664,359.73323214232107,179.92413392851466,0.31570570307069856,179.61050179383105,1739364959441
142.1975138025969,-461.2633504622936,359.7334365895139,179.9241543222194,0.31570599449997255,179.61052234583562,1739364959448
142.19742882990127,-461.2632947648659,359.73323414137315,179.92413379271065,0.3157193745707634,179.61050179237986,1739364959456
142.19737413123943,-461.26332487799147,359.73338357711236,179.9241473137606,0.31571954094317756,179.61048151390605,1739364959464
142.1974292486168,-461.2633205634667,359.73320565346995,179.92412012176038,0.31571920882215876,179.6104881907132,1739364959473
142.19736182326838,-461.2633378954936,359.73342379661017,179.9241473998472,0.31571276385770053,179.61048835001702,1739364959480
142.1974039122213,-461.2632700803867,359.73331548343026,179.92413396434793,0.31570586235765247,179.6105154639395,1739364959489
142.19747119426594,-461.2632786769195,359.73336968824333,179.92414063904735,0.3157127077540883,179.61050870539427,1739364959497
142.19736200011505,-461.2633499008979,359.7332193494336,179.9241270436039,0.3157124814263434,179.6104949919888,1739364959505
142.19736173192499,-461.26333711536574,359.7332881532835,179.92414060215114,0.31571263237721153,179.61048823548444,1739364959513
142.1974167901234,-461.2633205679126,359.7332055570195,179.92412024532547,0.31571242853293235,179.61050178786152,1739364959521
142.19740409698804,-461.2633457208002,359.73334216519856,179.92414748651456,0.315705908185957,179.61050187266346,1739364959529
142.19740409698804,-461.2633457208002,359.73334216519856,179.92414748651456,0.315705908185957,179.61050187266346,1739364959541
142.1974712863057,-461.26330415042776,359.73342379661017,179.92414743730865,0.3157127728580384,179.6105087455254,1739364959548
142.19740400495124,-461.2633202472822,359.73328805683457,179.9241406882532,0.31570584308199773,179.61050183253315,1739364959556
142.1973617904137,-461.2633246549135,359.73327436086646,179.92413376641127,0.3157125704810389,179.61048143431915,1739364959565
142.19736188244744,-461.2633501284332,359.73332846922904,179.92414063959552,0.3157126535889053,179.61049507158555,1739364959573
142.1974039457708,-461.2633080143522,359.7333833842129,179.9241475608877,0.315705980351791,179.61051550666667,1739364959581
142.19747110222622,-461.2632532034046,359.7333155798792,179.92413380332457,0.31571263364818186,179.61050186669553,1739364959589
142.19747107729447,-461.26330359781923,359.73339727308195,179.92415419814276,0.3157128045413768,179.610501912022,1739364959597
142.19741664751814,-461.2633711898657,359.7333963700145,179.92415423613522,0.31571277158626976,179.61050191278474,1739364959605
142.19740415547525,-461.2633332603495,359.73332837278,179.92414061331485,0.315705837290265,179.61048827293135,1739364959612
142.19736203296986,-461.26336314149563,359.73336878517574,179.92414067703982,0.3157126748005898,179.61050190768663,1739364959621
142.1974712870019,-461.26332884381816,359.7333422616475,179.92414743787393,0.31571270648231536,179.61050867112397,1739364959628
142.1974288634508,-461.2633326988409,359.7333020421525,179.9241473892504,0.31571949256813714,179.61050183511028,1739364959636
142.19734942395405,-461.26335013287775,359.73332837278,179.92414068823612,0.315705855292547,179.6104950715962,1739364959645
142.1974291644988,-461.2633587249706,359.7333826740448,179.92414735175393,0.31571950798888737,179.61049511160957,1739364959653
142.19736176477969,-461.26335035594263,359.73343758903025,179.92415423558708,0.31571282575144827,179.6104951511823,1739364959660
142.19736184890237,-461.26331219445956,359.7332605684508,179.92412708051717,0.31571254459428844,179.61050182742437,1739364959669
142.19756858465922,-461.26325749427787,359.733191668158,179.9241134956877,0.31570557734316285,179.6105221806889,1739364959676
142.19734951598778,-461.2633756063908,359.7333824811454,179.92414744903678,0.31570591139616955,179.6104883131589,1739364959685
142.19741625374022,-461.2632949968437,359.7333431647149,179.92414743734287,0.3157127484369537,179.6105018719881,1739364959693
142.19740448284705,-461.26335827879194,359.7331642415489,179.92412033197488,0.31570558507493207,179.61050854957426,1739364959701
142.19747116140803,-461.2632654363218,359.73322025250707,179.92412708053428,0.315712532383735,179.61051538683168,1739364959709
142.19736191599247,-461.26338806239534,359.7333963700145,179.9241542735967,0.31571278058579655,179.61050191288197,1739364959716
142.19742898042526,-461.26330777793794,359.73327445731684,179.92413379269354,0.3157193867813168,179.61050182991332,1739364959725
142.19740361048025,-461.26321936087606,359.73331638649177,179.9241338888956,0.3157058863084134,179.61050186613875,1739364959737
142.19736200802615,-461.26341353590044,359.7334504783844,179.9241609969351,0.3157128276914947,179.6104883558779,1739364959745
142.19741652193184,-461.2633077823839,359.73327436086646,179.9241338038727,0.3157125794829945,179.61049503135717,1739364959752
142.19736173192499,-461.26333711536574,359.7332881532835,179.9241407145355,0.31571265938063175,179.61050863118734,1739364959760
142.1973197599387,-461.2633800095758,359.73336888162623,179.9241406284,0.31571947309696674,179.6104951092056,1739364959769
142.19742895479428,-461.26333347896684,359.73343768548074,179.92415418694648,0.3157196240478193,179.61050194964366,1739364959777
142.19742892193804,-461.2633202383903,359.73328824973396,179.92414055350972,0.31571943067357683,179.61049503394418,1739364959785
142.19752586729425,-461.2632742648277,359.73338348066187,179.92414739986432,0.3157127516471604,179.61050870789467,1739364959793
142.19741679804213,-461.26338420292336,359.7334366859629,179.92415419865668,0.31571277479727866,179.6104951517506,1739364959801
142.19729481009855,-461.2633667778642,359.7332192529847,179.92412709224453,0.3157056831299851,179.6104881935307,1739364959809
142.19736188244744,-461.2633501284332,359.73332846922904,179.92414060213406,0.3157126445877607,179.61048827301792,1739364959816
142.19741679804213,-461.26338420292336,359.7334366859629,179.92415423611814,0.31571278379680984,179.6105019503182,1739364959825
142.1974043651796,-461.2633585063402,359.73327336134423,179.92413396542713,0.31570576623782687,179.61051542773703,1739364959833
142.19745906314745,-461.26330369982406,359.73320546057056,179.9241202939661,0.31570563023657394,179.61050858634496,1739364959840
142.1974164042642,-461.26330800990627,359.73338348066187,179.9241474373258,0.3157127606474983,179.61050190952156,1739364959849
142.197361672746,-461.263324882436,359.73338348066187,179.9241474373258,0.3157127606474983,179.61049511105116,1739364959857
142.1974039457708,-461.2633080143522,359.7333833842129,179.92414748596642,0.31570596235114007,179.61050190953142,1739364959864
142.19741670600538,-461.2633587294166,359.73338257759434,179.92414743785682,0.31571271869285994,179.61050191018705,1739364959873
142.19747119426594,-461.2632786769195,359.73336968824333,179.92414063904735,0.3157127077540883,179.61050870539427,1739364959881
142.19741685652934,-461.26337174247436,359.73342289354275,179.9241474378397,0.3157127309034001,179.61050194772054,1739364959889
142.19747134548763,-461.26331638336757,359.73332846922904,179.92414067705695,0.3157126625900454,179.6105154670939,1739364959897
142.19736218418262,-461.2634008479434,359.7333275661555,179.924140677588,0.3157126206354071,179.61050187081867,1739364959904
142.19747116933414,-461.2633290713242,359.73345138145174,179.92416107132698,0.31571288764357774,179.61051554928838,1739364959912
142.19740397140168,-461.2632823133039,359.7332201560581,179.9241271291741,0.3157057340873709,179.6105085883736,1739364959920
142.1973500523679,-461.2634011774692,359.733244873435,179.92412029448008,0.3157056004924895,179.6104950276032,1739364959929
142.1974170077466,-461.26340944892695,359.73338167452107,179.92414740092642,0.31571266773788415,179.61049511228495,1739364959941
142.19747116140803,-461.2632654363218,359.73322025250707,179.92412700561144,0.3157125143782238,179.61050178969643,1739364959949
142.1974165554814,-461.26334571635425,359.7333422616475,179.92414736295103,0.31571268848163525,179.61048827551835,1739364959957
142.1974041219257,-461.2632953263759,359.73326047200186,179.92412705423575,0.3157057282924246,179.6104950287718,1739364959964
142.1974288627576,-461.26330800546026,359.73338357711236,179.92414738868516,0.3157195589438694,179.61050190951173,1739364959972
142.1974717057205,-461.2633546424253,359.7333137737384,179.92413387930958,0.3157125677428035,179.61051546516177,1739364959980
142.19739157139543,-461.26326985729423,359.7332062671966,179.9241203795355,0.3156988828983769,179.6105085857898,1739364959988
142.19739133675338,-461.2632950057357,359.73334297181844,179.92414749716426,0.3156991428438851,179.6104950734402,1739364959996
142.19736197448117,-461.2633756019463,359.73338257759434,179.92414743785682,0.31571271869285994,179.6104951117167,1739364960004
142.19745915518732,-461.2633291733516,359.73325956892864,179.9241270547668,0.31570568633778684,179.61050182790765,1739364960012
142.19737445860844,-461.2633498964534,359.7332194458841,179.92412699496327,0.3157192797227144,179.61049499197654,1739364960020
142.19740388728354,-461.2633204748013,359.73339717663293,179.92415424678416,0.31570600624502426,179.6104951135607,1739364960028
142.1974166139686,-461.2633332559035,359.73332846922904,179.92414060213406,0.3157126445877607,179.61049507148832,1739364960036
142.19741663959934,-461.2633075548358,359.73316524107736,179.92412017041974,0.3157123983152413,179.61048815319285,1739364960044
142.19747149670923,-461.2633540898105,359.73328725021025,179.9241406776051,0.31571260842485815,179.61051543022597,1739364960052
142.1974962624744,-461.2633163744726,359.7333286621314,179.92414050485118,0.3157262411804786,179.6105018699373,1739364960061
142.19742964239475,-461.2633967565046,359.73325885874846,179.92412699547722,0.31571924997862993,179.61050182864588,1739364960069
142.1974039457708,-461.2633080143522,359.7333833842129,179.92414744850575,0.3157059533508079,179.6104951109638,1739364960077
142.19741679804213,-461.26338420292336,359.7334366859629,179.92415423611814,0.31571278379680984,179.6105019503182,1739364960084
142.19745909670158,-461.2633416338056,359.73327336134423,179.92413389050586,0.3157057482339494,179.61050862907214,1739364960093
142.19747161437664,-461.26335386226555,359.73317813041194,179.92412704415207,0.31571242726114734,179.6105085520616,1739364960101
142.19741664751814,-461.2633711898657,359.7333963700145,179.92415419867376,0.3157127625867385,179.61049511421712,1739364960109
142.19753874520848,-461.26332475236666,359.7332735542436,179.92413379322463,0.31571934482667885,179.61051542751957,1739364960116
142.19740406343848,-461.2633077868299,359.7332742644175,179.92413392743543,0.3157057991905284,179.61050862850388,1739364960129
142.1974167644926,-461.2633462689659,359.73336878517574,179.92414067703982,0.3157126748005899,179.61050870615702,1739364960137
142.1974163122275,-461.26328253639304,359.7333293722963,179.92414063906443,0.31571269554354353,179.61050186939045,1739364960145
142.19740428106147,-461.2633966678167,359.73345038193537,179.92416108303718,0.31570603839386097,179.61050195292415,1739364960152
142.197361672746,-461.263324882436,359.73338348066187,179.92414739986432,0.3157127516471604,179.61048831248357,1739364960160
142.19737445860844,-461.2633498964534,359.7332194458841,179.9241270324255,0.31571928872547345,179.61050179054413,1739364960169
142.19741679804213,-461.26338420292336,359.7334366859629,179.92415423611814,0.31571278379680984,179.6105019503182,1739364960177
142.19736205860372,-461.2633374404422,359.7332055570195,179.92412024532547,0.3157124285329324,179.61049498939113,1739364960185
142.197416673149,-461.2633454888222,359.73323314184927,179.9241338044209,0.3157125253178031,179.61049499448922,1739364960193
142.1974166139686,-461.2633332559035,359.73332846922904,179.92414063959552,0.3157126535889053,179.61050187005594,1739364960201
142.19741664751814,-461.2633711898657,359.7333963700145,179.9241542735967,0.3157127805857965,179.61050871135237,1739364960209
142.19739169698178,-461.26333326479545,359.7333282763326,179.9241406994169,0.31569904799503024,179.61049507150963,1739364960217
142.19736170629093,-461.26336281639004,359.73345138145174,179.92416103386552,0.31571287864485753,179.61049515378002,1739364960225
142.19747134548763,-461.26331638336757,359.73332846922904,179.92414060213406,0.3157126445877608,179.61050186995868,1739364960233
142.19744143891864,-461.263307773492,359.73327455376875,179.9241337440529,0.31572618507767514,179.61050182990184,1739364960241
142.1973735277692,-461.26322343897004,359.73338538322906,179.92414735016078,0.3157196338528024,179.61048831114272,1739364960249
142.19747137834537,-461.26332962392974,359.73347790498036,179.9241541981085,0.31571282896245284,179.61050198708892,1739364960257
142.1973743073958,-461.2633121900151,359.73326066490125,179.92412703187733,0.3157193428906652,179.61050182741212,1739364960264
142.19730745265352,-461.26341772046675,359.7333275661555,179.92414064012655,0.31571261163426717,179.61048827378067,1739364960273
142.1974167901234,-461.2633205679126,359.7332055570195,179.92412024532547,0.31571242853293235,179.61050178786152,1739364960281
142.19741625304692,-461.2632703034533,359.73342469967173,179.92414743677762,0.315712814812677,179.61050194638955,1739364960289
142.19741682367302,-461.2633585018943,359.7332734577932,179.92413387932666,0.31571255553225447,179.61050862915795,1739364960301
142.1974286530531,-461.26328275945633,359.73343858854224,179.92415418641542,0.3157196660024578,179.61050194897817,1739364960309
142.1974163201457,-461.26334617134063,359.7335605012622,179.92417462985713,0.3157130508073811,179.61050203184723,1739364960317
142.19741634577696,-461.26332047035527,359.73339727308195,179.92415423560422,0.3157128135409082,179.61050191211928,1739364960325
142.1974166139686,-461.2633332559035,359.73332846922904,179.92414063959552,0.3157126535889053,179.61050187005594,1739364960333
142.19745894547998,-461.26330392736264,359.73331458036296,179.92413392741832,0.31570581140107745,179.61051546450773,1739364960340
142.19734972568926,-461.26340085238786,359.7333274697065,179.92414072622782,0.31570582233904304,179.61050187082932,1739364960349
142.1974292821664,-461.26335849744834,359.7332735542436,179.9241337932246,0.31571934482667885,179.6105018305788,1739364960356
142.19742841049253,-461.26324427288705,359.7333441642268,179.9241473881712,0.3157195886879633,179.61050187131275,1739364960364
142.1974169157098,-461.2633839754138,359.7333275661555,179.924140677588,0.3157126206354071,179.61050866928906,1739364960373
142.19752589291903,-461.2632485637793,359.73322025250707,179.92412700561144,0.31571251437822373,179.6105085881668,1739364960381
142.19742898042526,-461.26330777793794,359.73327445731684,179.9241338301558,0.31571939578326924,179.61050862848097,1739364960389
142.19742895479428,-461.26333347896684,359.73343768548074,179.92415418694648,0.3157196240478193,179.61050194964366,1739364960397
142.19736203366014,-461.2633878348763,359.73328725021025,179.92414060268223,0.31571259042257377,179.61048823614996,1739364960405
142.1973743073958,-461.2633121900151,359.73326066490125,179.9241269944151,0.3157193338879061,179.61049502884447,1739364960413
142.19741643781364,-461.2633459438603,359.73345138145174,179.92416099640403,0.31571286964613304,179.61049515368276,1739364960421
142.1974709260727,-461.2632658913664,359.73343849209175,179.92415419759456,0.31571285870655535,179.61050194888995,1739364960429
142.19741616170353,-461.26326952332573,359.733289056351,179.924140676543,0.31571269233413474,179.61050863042462,1739364960437
142.19734930628627,-461.2633503603871,359.7334374925813,179.92415428422768,0.31570602745508985,179.61049515119137,1739364960445
142.19742907246203,-461.2633332514576,359.7333285656794,179.92414055349263,0.31571944288412607,179.61049507147766,1739364960453
142.19741634577696,-461.26332047035527,359.73339727308195,179.92415427306568,0.3157128225404349,179.61050871068687,1739364960461
142.19745888699424,-461.263316387815,359.73332837278,179.92414072569676,0.31570586429368125,179.6105154671046,1739364960469
142.1973614630445,-461.2632996364321,359.73343849209175,179.9241542725175,0.31571287670561365,179.61050194908447,1739364960481
142.1974589797301,-461.2633665547086,359.73330094617984,179.92414748706273,0.3157058540207699,179.61050863426584,1739364960488
142.19742913886762,-461.2633844259612,359.73354590222687,179.92416782093144,0.3157197632536243,179.61050882847522,1739364960496
142.19741685652934,-461.26337174247436,359.73342289354275,179.9241474378397,0.3157127309034001,179.61050194772054,1739364960504
142.1974044572164,-461.2633839798597,359.7333274697065,179.92414068876718,0.31570581333790887,179.6105018707321,1739364960513
142.19755048252784,-461.26322353641905,359.7333845766256,179.92414737697655,0.3157264081952112,179.61052230434473,1739364960521
142.19748401368838,-461.2633416249107,359.7332735542436,179.92413383068686,0.3157193538286312,179.61051542761683,1739364960529
142.1975011015336,-461.26331198017346,359.73334206875114,179.92414749769532,0.3156991008892469,179.61050867104643,1739364960537
142.19748368631332,-461.2633166064294,359.73343768548074,179.92415422440877,0.3157196330473519,179.61051554668165,1739364960544
142.19747110222622,-461.2632532034046,359.7333155798792,179.924133840786,0.315712642650133,179.61050866526313,1739364960552
142.19736188244744,-461.2633501284332,359.73332846922904,179.92414063959552,0.3157126535889053,179.61049507158555,1739364960561
142.1974294077528,-461.26342190493,359.7333955633915,179.92415415056342,0.3157195189284659,179.61049511487357,1739364960569
142.1974043651796,-461.2633585063402,359.73327336134423,179.92413385304522,0.3157057392320042,179.61049503203415,1739364960577
142.19737443297458,-461.2633755975018,359.7333826740448,179.9241473892162,0.315719516989231,179.61049511170683,1739364960585
142.1973743073958,-461.2633121900151,359.73326066490125,179.9241269944151,0.3157193338879061,179.61049502884447,1739364960593
142.19741652193184,-461.2633077823839,359.73327436086646,179.9241338038727,0.3157125794829945,179.61049503135717,1739364960601
142.19736218418262,-461.2634008479434,359.7333275661555,179.92414064012655,0.31571261163426706,179.61049507225104,1739364960609
142.19737485237738,-461.2634260894897,359.73327265116404,179.92413375629343,0.31571929387008363,179.61048823420631,1739364960617
142.1974291644988,-461.2633587249706,359.7333826740448,179.92414742667845,0.31571952598957015,179.61050870874485,1739364960625
142.1974166139686,-461.2633332559035,359.73332846922904,179.92414063959552,0.3157126535889053,179.61050187005594,1739364960633
142.19740427314278,-461.2633330328142,359.7332192529847,179.92412709224453,0.31570568312998515,179.61050179047146,1739364960641
142.1974290139748,-461.26334571190824,359.733342358098,179.92414746415784,0.3157195227793604,179.610515469779,1739364960649
142.1974293742032,-461.26338397096777,359.7333276626059,179.92414059148592,0.3157194099306382,179.61050187071075,1739364960657
142.19742907246203,-461.2633332514576,359.7333285656794,179.92414062841715,0.31571946088642217,179.61050866861288,1739364960669
142.19753874520848,-461.26332475236666,359.7332735542436,179.92413383068686,0.31571935382863126,179.6105222260872,1739364960676
142.19741642989507,-461.2632823088579,359.73322025250707,179.92412700561144,0.3157125143782238,179.61049499122606,1739364960684
142.1974166139686,-461.2633332559035,359.73332846922904,179.92414063959552,0.3157126535889053,179.61050187005594,1739364960692
142.19741664751814,-461.2633711898657,359.7333963700145,179.92415423613522,0.31571277158626976,179.61050191278474,1739364960700
142.19730736062272,-461.26339224694715,359.7332734577932,179.92413387932666,0.3157125555322544,179.61049503221716,1739364960709
142.19740400495124,-461.2633202472822,359.73328805683457,179.92414065079257,0.315705834080859,179.61049503396552,1739364960717
142.1973743073958,-461.2633121900151,359.73326066490125,179.92412695695285,0.3157193248851424,179.61048823027684,1739364960725
142.1974292821664,-461.26335849744834,359.7332735542436,179.9241337932246,0.31571934482667885,179.6105018305788,1739364960733
142.1974039457708,-461.2633080143522,359.7333833842129,179.92414752342705,0.31570597135146766,179.61050870809905,1739364960740
142.19745909670158,-461.2633416338056,359.73327336134423,179.92413389050586,0.3157057482339494,179.61050862907214,1739364960748
142.19738710116943,-461.2634008390544,359.73332775905783,179.9241405428453,0.31572620822699654,179.6104950722297,1739364960756
142.1973622177277,-461.2634387819056,359.73339546694103,179.92415419920485,0.31571272063210054,179.61048831641224,1739364960764
142.19734930628627,-461.2633503603871,359.7334374925813,179.92415428422768,0.31570602745508985,179.61049515119137,1739364960773
142.19741673955485,-461.2633966633707,359.7334504783844,179.92416107185804,0.3157128456889393,179.6105087514835,1739364960781
142.19740415547525,-461.2633332603495,359.73332837278,179.92414061331485,0.315705837290265,179.61048827293135,1739364960789
142.1974165554814,-461.26334571635425,359.7333422616475,179.9241474753354,0.3157127154826488,179.61050867122123,1739364960796
142.19740400495124,-461.2633202472822,359.73328805683457,179.92414065079257,0.315705834080859,179.61049503396552,1739364960804
142.19748368631332,-461.2633166064294,359.73343768548074,179.9241541494842,0.3157196150482822,179.6105019495464,1739364960812
142.19736199942483,-461.26332520752703,359.73330088439633,179.9241270805001,0.3157125568048377,179.61050186495785,1739364960821
142.19747119496208,-461.2633033703002,359.7332881532835,179.92414063961257,0.3157126413783561,179.61050863099283,1739364960829
142.1974163122275,-461.26328253639304,359.7333293722963,179.9241406765259,0.31571270454468364,179.61050866795804,1739364960837
142.197361672746,-461.263324882436,359.73338348066187,179.92414747478725,0.3157127696478318,179.61050190961882,1739364960845
142.1975131662311,-461.2632357826962,359.73328895990204,179.9241406128009,0.3157058670343542,179.61050183167313,1739364960856
142.19734972568926,-461.26340085238786,359.7333274697065,179.92414072622782,0.31570582233904304,179.61050187082932,1739364960864
142.19745907107375,-461.26336733483475,359.7334365895139,179.9241543222194,0.3157059944999725,179.61051554736525,1739364960872
142.19734942395405,-461.26335013287775,359.73332837278,179.92414061331485,0.31570583729026513,179.61048147446095,1739364960880
142.19740418041292,-461.26328286592036,359.73324667958775,179.92412025595735,0.3157056753982072,179.61049502617496,1739364960888
142.1974594569345,-461.2633798928617,359.7332586658491,179.92412705529784,0.3157056443831485,179.61050182857318,1739364960896
142.1974166139686,-461.2633332559035,359.73332846922904,179.92414067705695,0.3157126625900453,179.61050866862357,1739364960904
142.19741670600538,-461.2633587294166,359.73338257759434,179.92414740039536,0.315712709692522,179.61049511161946,1739364960913
142.19740424751197,-461.2633587338626,359.7333824811454,179.92414748649742,0.3157059203965015,179.61050191019694,1739364960921
142.19736188244744,-461.2633501284332,359.73332846922904,179.92414063959552,0.3157126535889053,179.61049507158555,1739364960929
142.19747125344782,-461.26329090984785,359.73327436086646,179.92413384133417,0.31571258848494577,179.61050862839517,1739364960937
142.19736184890237,-461.26331219445956,359.7332605684508,179.92412708051717,0.31571254459428844,179.61050182742437,1739364960944
142.1973617312347,-461.2633124219853,359.73336968824333,179.9241406765088,0.3157127167552284,179.61050190702113,1739364960952
142.19747134548763,-461.26331638336757,359.73332846922904,179.92414060213406,0.3157126445877608,179.61050186995868,1739364960960
142.19741688216024,-461.2633460414403,359.7332596653776,179.9241270435868,0.31571249363689724,179.61050182799264,1739364960969
142.19736184890237,-461.26331219445956,359.7332605684508,179.92412704305573,0.315712535591535,179.61049502885677,1739364960977
142.19747119496208,-461.2633033703002,359.7332881532835,179.92414063961257,0.3157126413783561,179.61050863099283,1739364960985
142.19747143752735,-461.26334185688063,359.73338257759434,179.92414743785682,0.31571271869285994,179.61050870865742,1739364960992
142.1974163707147,-461.2632700759407,359.7333155798792,179.9241339157089,0.31571266065402226,179.610515463928,1739364961000
142.1974418326966,-461.2633839665218,359.73332775905783,179.9241405428453,0.31572620822699654,179.6105018707001,1739364961008
142.1974166139686,-461.2633332559035,359.73332846922904,179.92414063959552,0.3157126535889053,179.61050187005594,1739364961016
142.1974163707147,-461.2632700759407,359.7333155798792,179.92413387824746,0.31571265165207996,179.6105086653604,1739364961025
142.19741631292064,-461.2633072297642,359.73324783733983,179.9241406396297,0.31571262916780274,179.610501794989,1739364961036
142.19736182326838,-461.2633378954936,359.73342379661017,179.9241473998472,0.31571276385770053,179.61048835001702,1739364961044
142.1972949606195,-461.26337979093626,359.73325956892864,179.9241270547668,0.31570568633778684,179.61048143249656,1739364961052
142.19736191599247,-461.26338806239534,359.7333963700145,179.92415419867376,0.3157127625867385,179.61048831574672,1739364961061
142.1974169157098,-461.2633839754138,359.7333275661555,179.924140677588,0.3157126206354071,179.61050866928906,1739364961069
142.19740454925324,-461.26340945337296,359.7333815780721,179.9241474870285,0.31570587844186365,179.61050191086244,1739364961076
142.19742946624,-461.26340944448094,359.73338177097145,179.92414738974725,0.315719475034593,179.61050191084271,1739364961084
142.1974841057282,-461.26336709843025,359.7333276626059,179.92414062894818,0.31571941893178407,179.61051546774877,1739364961092
142.19748413135576,-461.26334139736247,359.7331644344482,179.92412023469524,0.31571918166767293,179.61051534801848,1739364961100
142.19741669808656,-461.2632950943785,359.73315144866467,179.92411340960277,0.3157123544245922,179.61049494916278,1739364961108
142.19742892193804,-461.2633202383903,359.73328824973396,179.9241406658965,0.3157194576770143,179.61051542964705,1739364961116
142.19748371124513,-461.2632662120197,359.7333559922767,179.92413375466606,0.315719444155092,179.6105019042175,1739364961124
142.1974415894426,-461.2633207865593,359.7333148697142,179.92413370657275,0.31572618828626153,179.6104950688677,1739364961133
142.19747107729447,-461.26330359781923,359.73339727308195,179.92415423560422,0.31571281354090813,179.6105087105896,1739364961140
142.19742922298602,-461.26334626451995,359.73336888162623,179.92414059093775,0.31571946409582097,179.61050190757874,1739364961148
142.19747146315513,-461.26331615583223,359.7332193494336,179.9241270436039,0.3157124814263434,179.61050858892955,1739364961156
142.19736158071234,-461.2632994089227,359.7333293722963,179.92414063906443,0.31571269554354353,179.61049507092005,1739364961164
142.19748398806055,-461.2633673259398,359.7334367824133,179.92415418747754,0.31571958209318085,179.61050874877952,1739364961173
142.19752616904745,-461.26332498433794,359.73338257759434,179.92414743785682,0.31571271869285994,179.61051550712781,1739364961181
142.19744132125098,-461.2633080010143,359.7333836735643,179.9241473775076,0.31572636624057276,179.6105087080695,1739364961189
142.19747110222622,-461.2632532034046,359.7333155798792,179.924133840786,0.315712642650133,179.61050866526313,1739364961197
142.1974289212448,-461.2632955450096,359.73336978469376,179.92414055294446,0.3157194970493091,179.6104951083456,1739364961209
142.19742922298602,-461.26334626451995,359.73336888162623,179.92414059093775,0.31571946409582097,179.61050190757874,1739364961217
142.19737443297458,-461.2633755975018,359.7333826740448,179.92414742667845,0.31571952598957015,179.61050191027445,1739364961225
142.19753868602513,-461.26331251943833,359.73336888162623,179.92414059093775,0.31571946409582097,179.61051550451947,1739364961233
142.19745894547998,-461.26330392736264,359.73331458036296,179.92413388995772,0.3157058023991365,179.6105086659401,1739364961241
142.19747143752735,-461.26334185688063,359.73338257759434,179.92414747531825,0.3157127276931934,179.61051550722507,1739364961249
142.1974286786842,-461.2632570584276,359.73327536038437,179.9241337921625,0.31571942873595515,179.61050182924782,1739364961256
142.19747140397337,-461.2633039229152,359.73331467681186,179.9241338413171,0.31571260069549484,179.61050866592862,1739364961264
142.1974286530531,-461.26328275945633,359.73343858854224,179.92415418641542,0.3157196660024578,179.61050194897817,1739364961272
142.19742856101644,-461.2632572859496,359.73338448017364,179.92414742561638,0.3157196098988471,179.61050870741386,1739364961280
142.19745888699424,-461.263316387815,359.73332837278,179.92414065077548,0.3157058462914082,179.61050186996934,1739364961288
142.1974711029223,-461.2632778967757,359.73323404492277,179.92413387881274,0.31571258527633905,179.61051538942934,1739364961296
142.19747149670923,-461.2633540898105,359.73328725021025,179.92414060268223,0.31571259042257377,179.61050183309072,1739364961304
142.19741682367302,-461.2633585018943,359.7332734577932,179.92413384186523,0.31571254653030784,179.6105018305903,1739364961313
142.1974711029223,-461.2632778967757,359.73323404492277,179.92413384135128,0.31571257627439236,179.6105085908617,1739364961321
142.19741673094305,-461.2633083349973,359.73330088439633,179.92412704303865,0.31571254780208424,179.61050186486062,1739364961329
142.19749596072725,-461.263265654962,359.73332956519863,179.9241405417832,0.31572629213627285,179.61050866783947,1739364961337
142.1974292821664,-461.26335849744834,359.7332735542436,179.92413375576237,0.315719335824722,179.61049503201122,1739364961345
142.19751350084363,-461.2632997427833,359.7334374925813,179.9241542842277,0.31570602745508985,179.61051554660253,1739364961352
142.19741643781364,-461.2633459438603,359.73345138145174,179.92416103386552,0.3157128786448576,179.61050195225042,1739364961360
142.19742889630703,-461.2633459394143,359.7334514779022,179.9241609477626,0.31571966794249834,179.61049515367452,1739364961369
142.1974163707147,-461.2632700759407,359.7333155798792,179.92413380332457,0.3157126336481819,179.61049506822516,1739364961377
142.19737434094085,-461.2633501239888,359.7333285656794,179.92414055349263,0.31571944288412607,179.61048827300726,1739364961388
142.19745909670158,-461.2633416338056,359.73327336134423,179.92413385304522,0.3157057392320041,179.61050183050452,1739364961397
142.19740373606632,-461.26328276834835,359.73343839564274,179.92415432115735,0.3157060784092495,179.6105087475639,1739364961405
142.19747095962657,-461.2633038253124,359.7335063928862,179.92416783159578,0.315712985703441,179.61050879018643,1739364961413
142.1974961448067,-461.26331660198196,359.7334377819326,179.9241541008428,0.31572641334463475,179.6105019495373,1739364961421
142.19741652193184,-461.2633077823839,359.73327436086646,179.9241338787956,0.3157125974868924,179.61050862849243,1739364961429
142.19740424751197,-461.2633587338626,359.7333824811454,179.92414748649742,0.3157059203965015,179.61050191019694,1739364961437
142.1974166139686,-461.2633332559035,359.73332846922904,179.92414067705695,0.3157126625900453,179.61050866862357,1739364961444
142.19742903891247,-461.263295317484,359.73326066490125,179.92412695695285,0.3157193248851424,179.6104950287472,1739364961453
142.19741682367302,-461.2633585018943,359.7332734577932,179.92413376694236,0.3157125285264012,179.61048823345504,1739364961460
142.19741610252305,-461.26325729039553,359.7333843837232,179.92414743679473,0.3157128026021367,179.6105019088561,1739364961469
142.19740407135689,-461.263371421805,359.7335053933758,179.9241679556888,0.3157061634482553,179.61051558952425,1739364961476
142.19740397140168,-461.2632823133039,359.7332201560581,179.9241271291741,0.3157057340873709,179.6105085883736,1739364961484
142.19741682367302,-461.2633585018943,359.7332734577932,179.9241338044038,0.3157125375283567,179.6104950320227,1739364961492
142.19741625374022,-461.2632949968437,359.7333431647149,179.9241473998814,0.31571273943661576,179.61049507342048,1739364961500
142.19745888699424,-461.263316387815,359.73332837278,179.92414068823612,0.31570585529254697,179.61050866853697,1739364961508
142.19741642989507,-461.2632823088579,359.73322025250707,179.92412704307287,0.3157125233809816,179.6105017897937,1739364961516
142.1974167901234,-461.2633205679126,359.7332055570195,179.92412024532547,0.31571242853293235,179.61050178786152,1739364961524
142.19747116071196,-461.26324074295064,359.7333017874636,179.9241270425076,0.31571258975672245,179.6105086626655,1739364961533
142.19747104374048,-461.26326566385694,359.7333293722963,179.92414063906443,0.31571269554354353,179.6105086678608,1739364961540
142.19747137904162,-461.26335431732963,359.7333963700145,179.92415423613522,0.3157127715862697,179.6105087112551,1739364961548
142.19737464267604,-461.26340084349886,359.7333276626059,179.92414059148592,0.3157194099306382,179.61049507224035,1739364961557
142.19736184890237,-461.26331219445956,359.7332605684508,179.92412708051717,0.31571254459428844,179.61050182742437,1739364961565
142.1974288627576,-461.26330800546026,359.73338357711236,179.9241474261474,0.31571956794420863,179.61050870807935,1739364961573
142.19738716034826,-461.2634130719732,359.73323243167226,179.92413374513214,0.31572608895784543,179.610494995229,1739364961585
142.19745871084075,-461.2633290757717,359.7334512850028,179.9241611199668,0.3157060893472137,179.61051554929662,1739364961593
142.1973495080765,-461.26331197135266,359.7331513522157,179.9241134957048,0.3157055651326048,179.61049494927394,1739364961601
142.19737443297458,-461.2633755975018,359.7333826740448,179.92414735175393,0.3157195079888873,179.6104883131392,1739364961608
142.19736224267132,-461.26338838749103,359.7333137737384,179.92413384184812,0.31571255874085674,179.61049506965338,1739364961616
142.19740400495124,-461.2633202472822,359.73328805683457,179.92414072571387,0.31570585208313207,179.61050863110074,1739364961624
142.1974166139686,-461.2633332559035,359.73332846922904,179.92414063959552,0.3157126535889053,179.61050187005594,1739364961633
142.19736205860372,-461.2633374404422,359.7332055570195,179.92412020786404,0.315712419529368,179.61048819082353,1739364961641
142.19736197448117,-461.2633756019463,359.73338257759434,179.92414743785682,0.31571271869285994,179.6104951117167,1739364961648
142.19742907246203,-461.2633332514576,359.7333285656794,179.9241405909549,0.3157194518852764,179.61050187004525,1739364961656
142.19736176477969,-461.26335035594263,359.73343758903025,179.92415427304854,0.31571283475097506,179.61050194974996,1739364961664
142.19737418972812,-461.26331241754076,359.73336978469376,179.92414055294446,0.315719497049309,179.6104883098752,1739364961672
142.19752611056322,-461.263337444787,359.7333963700145,179.92415419867376,0.31571276258673847,179.61050871115785,1739364961680
142.19736203366014,-461.2633878348763,359.73328725021025,179.92414060268223,0.31571259042257377,179.61048823614996,1739364961688
142.1974164042642,-461.26330800990627,359.73338348066187,179.9241474373258,0.3157127606474983,179.61050190952156,1739364961696
142.1974587022186,-461.26324074739813,359.7333016910147,179.92412709114822,0.3157057914603641,179.61050866267774,1739364961704
142.197416673149,-461.2633454888222,359.73323314184927,179.92413387934377,0.3157125433217008,179.61050859162447,1739364961712
142.19745876932652,-461.26331661532436,359.7334374925813,179.92415424676705,0.3157060184555643,179.6105019495645,1739364961720
142.19741670600538,-461.2633587294166,359.73338257759434,179.92414743785682,0.31571271869285994,179.61050191018705,1739364961729
142.19747164723478,-461.26336710287774,359.7333275661555,179.924140677588,0.3157126206354071,179.61051546775943,1739364961736
142.197361672746,-461.263324882436,359.73338348066187,179.92414747478725,0.3157127696478318,179.61050190961882,1739364961744
142.19736131252216,-461.2632866233743,359.7333981761432,179.92415419761167,0.31571284649601505,179.61048831441573,1739364961752
142.19736182395872,-461.263362588884,359.7333422616475,179.9241474753354,0.3157127154826488,179.61050187275083,1739364961760
142.1974414717749,-461.2633210140719,359.7334239895125,179.92414726510125,0.31572635145006445,179.61048834990004,1739364961769
142.1974165554814,-461.26334571635425,359.7333422616475,179.92414743787393,0.3157127064823154,179.61050187265363,1739364961781
142.19738674094552,-461.263362579995,359.7333424545499,179.9241473405927,0.31572630307504473,179.61049507416348,1739364961789
142.19752580880998,-461.2632867252767,359.73339727308195,179.92415423560422,0.31571281354090813,179.61051550905998,1739364961797
142.1974290139748,-461.26334571190824,359.733342358098,179.92414738923333,0.31571950477868643,179.61050187264374,1739364961805
142.19742907246203,-461.2633332514576,359.7333285656794,179.9241405909549,0.3157194518852764,179.61050187004525,1739364961812
142.1974289212448,-461.2632955450096,359.73336978469376,179.92414059040672,0.3157195060504594,179.61050190691324,1739364961820
142.19736188244744,-461.2633501284332,359.73332846922904,179.92414063959552,0.3157126535889053,179.61049507158555,1739364961828
142.19752586729425,-461.2632742648277,359.73338348066187,179.92414747478725,0.3157127696478318,179.61052230502995,1739364961836
142.19748407217412,-461.26332916445676,359.73325976182804,179.92412703240842,0.31571930093602724,179.61051542501835,1739364961844
142.19737449146328,-461.26336313705116,359.73336888162623,179.92414059093775,0.3157194640958209,179.61049510910834,1739364961852
142.19747134548763,-461.26331638336757,359.73332846922904,179.92414063959552,0.3157126535889053,179.6105086685263,1739364961860
142.1974167316362,-461.26333302836827,359.7332193494336,179.9241270436039,0.3157124814263434,179.61050179045918,1739364961868
142.19741625374022,-461.2632949968437,359.7333431647149,179.92414747480433,0.3157127574372871,179.61050867055573,1739364961876
142.1973617904137,-461.2633246549135,359.73327436086646,179.9241338787956,0.3157125974868924,179.61050183002206,1739364961884
142.19742925653554,-461.26338419847735,359.7334367824133,179.92415418747754,0.31571958209318096,179.61050195030916,1739364961892
142.19740382018458,-461.2632446068655,359.73326137506933,179.9241271660866,0.3157057972553061,179.61051542380918,1739364961900
142.19742913094925,-461.2633207910053,359.7333147732623,179.92413371775194,0.31571938098794766,179.61048827031155,1739364961909
142.19742907246203,-461.2633332514576,359.7333285656794,179.92414062841715,0.31571946088642217,179.61050866861288,1739364961916
142.1973614630445,-461.2632996364321,359.73343849209175,179.92415423505605,0.31571286770608675,179.61049515051684,1739364961925
142.19742919012958,-461.26333302392226,359.7332194458841,179.9241270324255,0.3157192887254735,179.61050858901453,1739364961933
142.19742922298602,-461.26334626451995,359.73336888162623,179.9241406284,0.31571947309696674,179.61050870614636,1739364961941
142.19741688216024,-461.2633460414403,359.7332596653776,179.92412696866393,0.3157124756313772,179.6104882308574,1739364961948
142.19736197448117,-461.2633756019463,359.73338257759434,179.92414743785682,0.31571271869285994,179.6104951117167,1739364961956
142.19741610252305,-461.26325729039553,359.7333843837232,179.92414743679473,0.3157128026021367,179.6105019088561,1739364961969
142.19747134548763,-461.26331638336757,359.73332846922904,179.92414063959552,0.3157126535889053,179.6105086685263,1739364961977
142.19741670600538,-461.2633587294166,359.73338257759434,179.92414743785682,0.31571271869285994,179.61050191018705,1739364961984
142.19748382960864,-461.26329067785224,359.73316533752774,179.92412015923972,0.3157192056151754,179.61050175021774,1739364961992
142.197391604945,-461.26330779127585,359.73327416797,179.92413397607524,0.3156990008941388,179.61050862851536,1739364962000
142.19736254440645,-461.2634391070015,359.733312870659,179.9241337674563,0.31571249878231217,179.61048147318365,1739364962009
142.19747125344782,-461.26329090984785,359.73327436086646,179.92413384133417,0.31571258848494577,179.61050862839517,1739364962017
142.19747116933414,-461.2633290713242,359.73345138145174,179.92416110878847,0.31571289664229346,179.61052234785603,1739364962025
142.1974165554814,-461.26334571635425,359.7333422616475,179.9241474004125,0.3157126974819775,179.61049507408597,1739364962033
142.19747125344782,-461.26329090984785,359.73327436086646,179.92413384133417,0.31571258848494577,179.61050862839517,1739364962041
142.19741642989507,-461.2632823088579,359.73322025250707,179.92412704307287,0.3157125233809816,179.6105017897937,1739364962048
142.19740415547525,-461.2633332603495,359.73332837278,179.92414068823612,0.315705855292547,179.6105018700666,1739364962056
142.19747122781993,-461.26331661087687,359.73343758903025,179.92415427304854,0.315712834750975,179.61051554669072,1739364962064
142.19741682367302,-461.2633585018943,359.7332734577932,179.92413376694236,0.3157125285264012,179.61048823345504,1739364962072
142.1973493319203,-461.2633246593579,359.7332742644175,179.92413385251416,0.31570578118664194,179.61048823289826,1739364962080
142.19741658833755,-461.26335895691324,359.7334916974018,179.9241610338484,0.31571289085539345,179.61050198978387,1739364962088
142.1974163707147,-461.2632700759407,359.7333155798792,179.924133840786,0.3157126426501331,179.61050186679276,1739364962096
142.19736182395872,-461.263362588884,359.7333422616475,179.92414736295103,0.3157126884816353,179.61048147704795,1739364962104
142.19748389602077,-461.26334185243314,359.7333826740448,179.92414735175393,0.31571950798888737,179.61050191007993,1739364962112
142.19742976798122,-461.2634601639912,359.7333808678921,179.92414739027834,0.315719433079955,179.6105019115082,1739364962120
142.1974040298889,-461.2632698528483,359.73320636364406,179.92412033089568,0.3157056811947665,179.61050858577676,1739364962129
142.19744149740583,-461.263295313038,359.73326076135316,179.92412694577447,0.3157261321842644,179.61050182730258,1739364962137
142.19742889630703,-461.2633459394143,359.7334514779022,179.92416098522492,0.31571967694122866,179.61050195224217,1739364962144
142.1974711029223,-461.2632778967757,359.73323404492277,179.92413380388984,0.3157125672724412,179.6105017922941,1739364962156
142.1973617904137,-461.2633246549135,359.73327436086646,179.9241338787956,0.3157125974868924,179.61050183002206,1739364962164
142.197416673149,-461.2633454888222,359.73323314184927,179.9241338044209,0.3157125253178031,179.61049499448922,1739364962173
142.1973069740788,-461.26335499550356,359.73353291641473,179.92416099583875,0.3157129360218385,179.61048163114347,1739364962181
142.19741685722258,-461.26339643586437,359.7333413585741,179.924147438405,0.31571266452767727,179.61050187331912,1739364962189
142.19736197448117,-461.2633756019463,359.73338257759434,179.92414743785682,0.31571271869285994,179.6104951117167,1739364962197
142.19736212569396,-461.2634133083941,359.7333413585741,179.924147438405,0.31571266452767716,179.61049507484873,1739364962204
142.19747143752735,-461.26334185688063,359.73338257759434,179.92414747531825,0.3157127276931934,179.61051550722507,1739364962212
142.1974163122275,-461.26328253639304,359.7333293722963,179.92414060160297,0.31571268654239903,179.6104950708228,1739364962220
142.19736197448117,-461.2633756019463,359.73338257759434,179.92414747531825,0.31571272769319336,179.6105019102843,1739364962228
142.1974163707147,-461.2632700759407,359.7333155798792,179.924133840786,0.3157126426501331,179.61050186679276,1739364962237
142.19747119426594,-461.2632786769195,359.73336968824333,179.9241406765088,0.31571271675522833,179.6105155039619,1739364962245
142.19753874520848,-461.26332475236666,359.7332735542436,179.92413383068686,0.31571935382863126,179.6105222260872,1739364962253
142.19742907246203,-461.2633332514576,359.7333285656794,179.9241405909549,0.3157194518852764,179.61050187004525,1739364962261
142.19747149601312,-461.26332939642987,359.73336878517574,179.92414067703982,0.31571267480058984,179.6105155046274,1739364962269
142.19741634577696,-461.26332047035527,359.73339727308195,179.92415427306568,0.3157128225404349,179.61050871068687,1739364962277
142.19742922298602,-461.26334626451995,359.73336888162623,179.92414059093775,0.31571946409582097,179.61050190757874,1739364962285
142.19736188244744,-461.2633501284332,359.73332846922904,179.92414063959552,0.3157126535889053,179.61049507158555,1739364962292
142.19741646275142,-461.2632955494556,359.73336968824333,179.9241406765088,0.31571271675522844,179.61050870549153,1739364962300
142.19752613548894,-461.2632870503725,359.73331467681186,179.9241338413171,0.3157126006954948,179.61051546439901,1739364962308
142.19748398806055,-461.2633673259398,359.7334367824133,179.92415418747754,0.31571958209318085,179.61050874877952,1739364962316
142.1973614886786,-461.26327393540305,359.73327526393393,179.92413384080314,0.31571263043958414,179.6104950307889,1739364962325
142.19747140397337,-461.2633039229152,359.73331467681186,179.92413387877852,0.3157126096974416,179.61051546449627,1739364962333
142.19734930628627,-461.2633503603871,359.7334374925813,179.92415432168838,0.3157060364546109,179.61050194975903,1739364962341
142.1974164963009,-461.26333348341285,359.73343758903025,179.92415427304854,0.3157128347509751,179.61050874822035,1739364962352
142.19741652193184,-461.2633077823839,359.73327436086646,179.9241338787956,0.3157125974868924,179.61050862849243,1739364962360
142.19747158805288,-461.26335486993827,359.73342289354275,179.9241474378397,0.3157127309034001,179.6105087461909,1739364962369
142.19748389602077,-461.26334185243314,359.7333826740448,179.92414742667847,0.3157195259895702,179.61051550721518,1739364962377
142.19736182395872,-461.263362588884,359.7333422616475,179.9241474004125,0.3157126974819775,179.61048827561558,1739364962384
142.19752632027365,-461.2633626907857,359.7333413585741,179.924147438405,0.31571266452767716,179.61051547025986,1739364962393
142.19741667245583,-461.26332079545125,359.73331467681186,179.9241338413171,0.3157126006954949,179.61050186745828,1739364962400
142.1974163122275,-461.26328253639304,359.7333293722963,179.9241406765259,0.31571270454468364,179.61050866795804,1739364962408
142.19748365345546,-461.2633033658528,359.73328824973396,179.92414055350974,0.31571943067357683,179.61050183241454,1739364962416
142.19747155519497,-461.2633416293582,359.7332734577932,179.92413387932666,0.31571255553225436,179.6105154276283,1739364962425
142.19740406343848,-461.2633077868299,359.7332742644175,179.92413385251416,0.31570578118664194,179.61049503136866,1739364962432
142.19737452500829,-461.26340107100856,359.7334367824133,179.9241542249398,0.31571959109271347,179.6105019504064,1739364962440
142.19741625374022,-461.2632949968437,359.7333431647149,179.92414743734287,0.3157127484369537,179.6105018719881,1739364962449
142.19736188244744,-461.2633501284332,359.73332846922904,179.92414067705695,0.3157126625900454,179.61050187015317,1739364962457
142.19740424751197,-461.2633587338626,359.7333824811454,179.92414752395808,0.31570592939682923,179.61050870876454,1739364962464
142.19736215063756,-461.26336291397007,359.7332596653776,179.92412704358682,0.3157124936368972,179.61049502952227,1739364962472
142.19741661466176,-461.26335794927445,359.7332469342664,179.92414064016077,0.31571258721316453,179.6105017956545,1739364962480
142.19742901328152,-461.2633210185179,359.7334238930606,179.92414738866805,0.3157195711544095,179.61050194704518,1739364962488
142.19742907246203,-461.2633332514576,359.7333285656794,179.9241405909549,0.3157194518852764,179.61050187004525,1739364962496
142.1974166139686,-461.2633332559035,359.73332846922904,179.92414063959552,0.3157126535889053,179.61050187005594,1739364962505
142.19747134548763,-461.26331638336757,359.73332846922904,179.92414063959552,0.3157126535889053,179.6105086685263,1739364962512
142.197458979034,-461.26334186132806,359.7333824811454,179.92414748649742,0.3157059203965016,179.6105087086673,1739364962520
142.19745894547998,-461.26330392736264,359.73331458036296,179.92413385249705,0.31570579339719107,179.6105018673725,1739364962529
142.1974040298889,-461.2632698528483,359.73320636364406,179.92412025597443,0.31570566318765353,179.6104949886415,1739364962537
142.1974167316362,-461.26333302836827,359.7332193494336,179.92412700614247,0.3157124724235857,179.61049499189156,1739364962549
142.19747158805288,-461.26335486993827,359.73342289354275,179.9241474378397,0.3157127309034001,179.6105087461909,1739364962556
142.1974285025292,-461.2632697463986,359.7333982725937,179.92415418643253,0.3157196537919177,179.61050191144471,1739364962564
142.19737443297458,-461.2633755975018,359.7333826740448,179.92414742667845,0.31571952598957015,179.61050191027445,1739364962573
142.19728190657122,-461.26334199134163,359.7334924075667,179.92416116805848,0.3156993452159984,179.61049519076172,1739364962581
142.1974039122213,-461.2632700803867,359.73331548343026,179.92413385196602,0.3157058353518294,179.61049506823665,1739364962589
142.1975258337358,-461.26323633086207,359.7333155798792,179.92413387824746,0.31571265165207985,179.61052226230115,1739364962596
142.19741652193184,-461.2633077823839,359.73327436086646,179.9241338038727,0.3157125794829945,179.61049503135717,1739364962604
142.1974169413404,-461.263358274346,359.7331643379978,179.9241202084122,0.315712365364172,179.61049495242597,1739364962612
142.19734924779755,-461.2633628208345,359.7334512850028,179.92416108250612,0.31570608034849934,179.61049515378826,1739364962620
142.19733696546058,-461.2633501373222,359.7333282763326,179.92414073687675,0.31569905699616324,179.61049507160686,1739364962629
142.1974163122275,-461.26328253639304,359.7333293722963,179.9241406765259,0.31571270454468364,179.61050866795804,1739364962637
142.19736203296986,-461.26336314149563,359.73336878517574,179.92414063957838,0.31571266579944984,179.61049510911903,1739364962644
142.19740406343848,-461.2633077868299,359.7332742644175,179.9241338899748,0.31570579018858735,179.61050182993628,1739364962652
142.1974170333773,-461.26338374787855,359.7332184463544,179.92412696921213,0.31571242146618567,179.61048819398945,1739364962660
142.1973616142573,-461.26333734288505,359.73339727308195,179.92415423560422,0.3157128135409082,179.61049511364888,1739364962668
142.1972946339408,-461.26337946585005,359.73334216519856,179.92414744905392,0.31570589918562486,179.61048147715508,1739364962677
142.1974043066924,-461.2633709667926,359.73328715376135,179.92414065132365,0.31570579212622124,179.61049503463101,1739364962684
142.1974169157098,-461.2633839754138,359.7333275661555,179.9241406026651,0.3157126026331227,179.6104950721538,1739364962692
142.1974294918707,-461.26338374343254,359.7332185428048,179.92412699549433,0.3157192377680765,179.61050179111243,1739364962700
142.19734923988656,-461.26329918583195,359.7332201560581,179.9241270917135,0.31570572508462325,179.61049499133557,1739364962709
142.19740415547525,-461.2633332603495,359.73332837278,179.92414068823612,0.315705855292547,179.6105018700666,1739364962717
142.19741637140788,-461.26329476931187,359.73323404492277,179.9241338788127,0.31571258527633905,179.61050859095897,1739364962725
142.1973615222236,-461.26331186937335,359.7333431647149,179.92414736241994,0.3157127304362733,179.61048147638246,1739364962737
142.1974164963009,-461.26333348341285,359.73343758903025,179.92415423558708,0.3157128257514483,179.6105019496527,1739364962745
142.19747158874904,-461.2633795633284,359.7333413585741,179.92414740094353,0.3157126555273394,179.61050187322184,1739364962753
142.19734887897258,-461.26323623340426,359.73331638649177,179.9241338888956,0.31570588630841334,179.61049506766835,1739364962760
142.197349364775,-461.2633378999381,359.7334237001612,179.9241474484886,0.31570596556134795,179.61048835002688,1739364962768
142.1975136520698,-461.2633374492359,359.73339627356546,179.9241542473152,0.31570596429038594,179.61050871116691,1739364962776
142.19747155519497,-461.2633416293582,359.7332734577932,179.92413384186523,0.31571254653030784,179.61050862906066,1739364962784
142.1974839552026,-461.263354085363,359.7332873466607,179.92414059150303,0.3157193977200892,179.61050863164766,1739364962792
142.1974839552026,-461.263354085363,359.7332873466607,179.92414059150303,0.3157193977200892,179.61050863164766,1739364962800
142.19741697419698,-461.2633715149614,359.7333137737384,179.92413380438668,0.31571254973890567,179.61049506955615,1739364962808
142.19736206651487,-461.2634010754531,359.7334366859629,179.92415423611814,0.31571278379680984,179.61049515184783,1739364962816
142.1974169157098,-461.2633839754138,359.7333275661555,179.9241406026651,0.3157126026331227,179.6104950721538,1739364962824
142.19741682367302,-461.2633585018943,359.7332734577932,179.92413387932666,0.31571255553225447,179.61050862915795,1739364962832
142.19734948244272,-461.2633376724255,359.73331458036296,179.92413392741832,0.31570581140107756,179.61050186756697,1739364962840
142.1974166139686,-461.2633332559035,359.73332846922904,179.92414056467263,0.31571263558661183,179.6104882729207,1739364962848
142.1973621513276,-461.2633876073313,359.73317813041194,179.92412704415207,0.31571242726114734,179.61049495512086,1739364962856
142.1975260770047,-461.2632995108249,359.73332846922904,179.92414060213406,0.3157126445877607,179.61050866842905,1739364962864
142.1974169157098,-461.2633839754138,359.7333275661555,179.9241406026651,0.3157126026331227,179.6104950721538,1739364962873
142.19738670809062,-461.2633493393861,359.73319301880935,179.9241337446182,0.3157261187019257,179.61049495703003,1739364962880
142.19748368631332,-461.2633166064294,359.73343768548074,179.92415418694648,0.3157196240478192,179.610508748114,1739364962888
142.19741652193184,-461.2633077823839,359.73327436086646,179.9241338038727,0.3157125794829945,179.61049503135717,1739364962896
142.19741685722258,-461.26339643586437,359.7333413585741,179.924147438405,0.31571266452767727,179.61050187331912,1739364962905
142.19736169837995,-461.26329918138754,359.73322025250707,179.92412704307287,0.31571252338098155,179.6104949913233,1739364962913
142.1974169157098,-461.2633839754138,359.7333275661555,179.92414064012655,0.3157126116342671,179.61050187072144,1739364962920
142.19742898042526,-461.26330777793794,359.73327445731684,179.92413386761802,0.31571940478521726,179.6105154270486,1739364962929
142.1974166139686,-461.2633332559035,359.73332846922904,179.92414067705695,0.3157126625900453,179.61050866862357,1739364962941
142.197239960906,-461.2633838779145,359.73332837278,179.92414065077546,0.3157058462914082,179.61047467608785,1739364962948
142.19736170629093,-461.26336281639004,359.73345138145174,179.92416110878847,0.3157128966422936,179.61050875091527,1739364962956
142.19745892054826,-461.2633543217771,359.73339627356546,179.92415432223652,0.31570598228943236,179.6105155098318,1739364962964
142.19742907246203,-461.2633332514576,359.7333285656794,179.92414055349263,0.31571944288412607,179.61049507147766,1739364962973
142.1974164042642,-461.26330800990627,359.73338348066187,179.9241474373258,0.3157127606474983,179.61050190952156,1739364962981
142.19737434094085,-461.2633501239888,359.7333285656794,179.92414055349263,0.31571944288412607,179.61048827300726,1739364962988
142.1973617904137,-461.2633246549135,359.73327436086646,179.92413384133417,0.31571258848494566,179.6104950314544,1739364962996
142.19734921425263,-461.26332488688047,359.7333833842129,179.92414752342705,0.31570597135146766,179.61050190962865,1739364963004
142.19748368631332,-461.2633166064294,359.73343768548074,179.92415426187102,0.31571964204688,179.61052234524928,1739364963012
142.1974165554814,-461.26334571635425,359.7333422616475,179.92414743787393,0.3157127064823154,179.61050187265363,1739364963020
142.1974293742032,-461.26338397096777,359.7333276626059,179.92414059148592,0.3157194099306382,179.61050187071075,1739364963028
142.19740388728354,-461.2633204748013,359.73339717663293,179.92415424678416,0.31570600624502426,179.6104951135607,1739364963036
142.19736188244744,-461.2633501284332,359.73332846922904,179.92414067705695,0.3157126625900454,179.61050187015317,1739364963044
142.19747152164086,-461.2633036953766,359.7332055570195,179.92412024532547,0.31571242853293247,179.6105085863319,1739364963052
142.19737460913095,-461.2633629095256,359.73325976182804,179.92412703240842,0.31571930093602724,179.61050182807762,1739364963060
142.19736197448117,-461.2633756019463,359.73338257759434,179.92414743785682,0.31571271869285994,179.6104951117167,1739364963069
142.1974170077466,-461.26340944892695,359.73338167452107,179.92414740092642,0.31571266773788415,179.61049511228495,1739364963077
142.19738682506804,-461.2633244184765,359.7331654339797,179.92412018552437,0.3157260219186754,179.61050175039912,1739364963084
142.1974164963009,-461.26333348341285,359.73343758903025,179.92415423558708,0.3157128257514483,179.6105019496527,1739364963092
142.1973621250036,-461.26338861500403,359.73342289354275,179.92414740037825,0.31571272190306215,179.61048835068254,1739364963100
142.19742913094925,-461.2633207910053,359.7333147732623,179.92413383013871,0.3157194079938184,179.61050866601443,1739364963108
142.19734923919637,-461.263274492461,359.7333016910147,179.92412709114822,0.31570579146036426,179.61049506573698,1739364963120
142.19741658041906,-461.26329532192995,359.7332605684508,179.9241270055943,0.3157125265887772,179.61049502875952,1739364963128
142.19741673955485,-461.2633966633707,359.7334504783844,179.92416103439658,0.31571283669021927,179.6105019529159,1739364963136
142.1974163122275,-461.26328253639304,359.7333293722963,179.92414060160297,0.31571268654239903,179.6104950708228,1739364963144
142.19740406343848,-461.2633077868299,359.7332742644175,179.92413381505352,0.3157057721846921,179.61048823280103,1739364963152
142.1974291644988,-461.2633587249706,359.7333826740448,179.9241473892162,0.315719516989231,179.61050191017722,1739364963160
142.1974167901234,-461.2633205679126,359.7332055570195,179.92412024532547,0.31571242853293235,179.61050178786152,1739364963169
142.19741634577696,-461.26332047035527,359.73339727308195,179.92415423560422,0.3157128135409082,179.61050191211928,1739364963177
142.19741634577696,-461.26332047035527,359.73339727308195,179.9241541606813,0.3157127955418411,179.610488314984,1739364963185
142.19752611056322,-461.263337444787,359.7333963700145,179.92415423613522,0.3157127715862697,179.6105155097255,1739364963193
142.19739163849457,-461.2633457252462,359.73334206875114,179.92414753515519,0.3156991098895733,179.61050187267332,1739364963201
142.19736169837995,-461.26329918138754,359.73322025250707,179.92412704307287,0.31571252338098155,179.6104949913233,1739364963208
142.197361672746,-461.263324882436,359.73338348066187,179.92414747478725,0.3157127696478318,179.61050190961882,1739364963216
142.1974716136807,-461.26332916890425,359.7332596653776,179.92412708104823,0.31571250263965045,179.61051542503066,1739364963224
142.1974292236792,-461.26337095790063,359.7332873466607,179.92414059150303,0.3157193977200892,179.61050183317732,1739364963232
142.19740385373407,-461.263282540839,359.7333292758473,179.92414076262637,0.3157059152494496,179.61051546653636,1739364963241
142.19734939831994,-461.2633758338874,359.73349160095285,179.92416104502834,0.3157060835603162,179.6104883927541,1739364963249
142.19736188244744,-461.2633501284332,359.73332846922904,179.92414063959552,0.3157126535889053,179.61049507158555,1739364963257
142.19734963365545,-461.2633753788685,359.73327336134423,179.92413389050586,0.3157057482339495,179.61049503213138,1739364963265
142.19741670600538,-461.2633587294166,359.73338257759434,179.92414743785682,0.31571271869285994,179.61050191018705,1739364963273
142.1974290139748,-461.26334571190824,359.733342358098,179.92414735177104,0.3157194957783428,179.6104950740761,1739364963281
142.19737476034356,-461.26340061596375,359.7332185428048,179.9241269580321,0.3157192287653129,179.61048819407438,1739364963289
142.19736173192499,-461.26333711536574,359.7332881532835,179.92414063961257,0.3157126413783561,179.6104950340521,1739364963297
142.19741667245583,-461.26332079545125,359.73331467681186,179.92413387877852,0.3157126096974416,179.6105086660259,1739364963309
142.19739188105527,-461.2633842118153,359.73343649306645,179.9241543708592,0.31569919620358305,179.61050874890392,1739364963317
142.19741658041906,-461.26329532192995,359.7332605684508,179.9241270055943,0.3157125265887772,179.61049502875952,1739364963325
142.19747137904162,-461.26335431732963,359.7333963700145,179.9241542735967,0.31571278058579655,179.61051550982273,1739364963333
142.19736200011505,-461.2633499008979,359.7332193494336,179.9241270436039,0.3157124814263434,179.6104949919888,1739364963341
142.19747143752735,-461.26334185688063,359.73338257759434,179.92414743785682,0.31571271869285994,179.61050870865742,1739364963349
142.19740418110592,-461.26330755928177,359.73316514462846,179.92412029398324,0.3157056180260161,179.61050175034117,1739364963357
142.19737428245213,-461.26336258443945,359.733342358098,179.92414738923333,0.31571950477868643,179.61049507417334,1739364963364
142.19741637140788,-461.26329476931187,359.73323404492277,179.92413384135128,0.31571257627439236,179.61050179239135,1739364963373
142.19737470907566,-461.2634520180028,359.7335449991594,179.9241677840002,0.3157197123010666,179.6104952321027,1739364963381
142.1974830243332,-461.26322762785566,359.73345328401905,179.92416098416282,0.3157197608505055,179.61050874938152,1739364963389
142.1974835614157,-461.2632778923283,359.73323414137315,179.92413379271065,0.3157193745707634,179.61050859085023,1739364963397
142.1973196429583,-461.26340493047553,359.73339646646485,179.92415418749462,0.3157195698826408,179.6104883158349,1739364963405
142.1973743073958,-461.2633121900151,359.73326066490125,179.9241269944151,0.3157193338879061,179.61049502884447,1739364963412
142.1974164042642,-461.26330800990627,359.73338348066187,179.92414747478725,0.3157127696478318,179.6105087080892,1739364963420
142.1974287707209,-461.263282531947,359.7333294687468,179.9241405904238,0.3157194938399147,179.61050186937976,1739364963428
142.197361672746,-461.263324882436,359.73338348066187,179.92414747478725,0.3157127696478318,179.61050190961882,1739364963436
142.1974169157098,-461.2633839754138,359.7333275661555,179.924140677588,0.3157126206354071,179.61050866928906,1739364963444
142.19741682367302,-461.2633585018943,359.7332734577932,179.92413387932666,0.31571255553225447,179.61050862915795,1739364963452
142.19741634577696,-461.26332047035527,359.73339727308195,179.92415419814276,0.31571280454137685,179.61049511355162,1739364963460
142.1974841057282,-461.26336709843025,359.7333276626059,179.9241405540237,0.31571940092948797,179.61050187061352,1739364963468
142.1973492727413,-461.2633124264298,359.73336959179437,179.92414072514862,0.31570591845886437,179.6105019070318,1739364963476
142.19740406343848,-461.2633077868299,359.7332742644175,179.92413392743543,0.3157057991905284,179.61050862850388,1739364963488
142.19741646275142,-461.2632955494556,359.73336968824333,179.92414063904735,0.3157127077540883,179.61050190692393,1739364963496
142.19741689077213,-461.26343436982336,359.7334092593626,179.92416103494472,0.31571278252504115,179.61050191604792,1739364963504
142.197361672746,-461.263324882436,359.73338348066187,179.92414739986432,0.3157127516471604,179.61048831248357,1739364963512
142.19734930628627,-461.2633503603871,359.7334374925813,179.92415432168838,0.3157060364546109,179.61050194975903,1739364963520
142.19745861880108,-461.2633036022667,359.73339717663293,179.92415428424482,0.31570601524454966,179.61050871059865,1739364963528
142.1975135264685,-461.26327404175413,359.7332742644175,179.92413396489604,0.3157058081924648,179.61052902401224,1739364963536
142.1974165554814,-461.26334571635425,359.7333422616475,179.9241474004125,0.3157126974819775,179.61049507408597,1739364963544
142.19740367757902,-461.26329522879576,359.7334521880643,179.92416108197511,0.3157061223031379,179.61050195159316,1739364963552
142.19741637140788,-461.26329476931187,359.73323404492277,179.92413380388984,0.3157125672724412,179.61049499382372,1739364963560
142.19734930628627,-461.2633503603871,359.7334374925813,179.92415428422768,0.31570602745508985,179.61049515119137,1739364963569
142.19745901258798,-461.26337979528216,359.73345038193537,179.9241610455765,0.3157060293951421,179.61050195282687,1739364963576
142.19740391291447,-461.2632947737578,359.7332339484738,179.92413392745254,0.315705786979975,179.61050859097043,1739364963584
142.19736224267132,-461.26338838749103,359.7333137737384,179.924133916771,0.3157125767447457,179.61050866678863,1739364963592
142.19747143752735,-461.26334185688063,359.73338257759434,179.92414743785682,0.31571271869285994,179.61050870865742,1739364963600
142.19748380398104,-461.2633163789201,359.7333285656794,179.92414066587938,0.31571946988756355,179.6105222656509,1739364963608
142.19742913094925,-461.2633207910053,359.7333147732623,179.9241337552142,0.315719389989909,179.61049506887915,1739364963616
142.19740421396247,-461.26332079989726,359.73331458036296,179.92413388995772,0.31570580239913654,179.61050186746974,1739364963625
142.1974167316362,-461.26333302836827,359.7332193494336,179.92412711852677,0.3157124994318456,179.61051538759443,1739364963633
142.1974166139686,-461.2633332559035,359.73332846922904,179.92414063959552,0.3157126535889053,179.61050187005594,1739364963640
142.1974962960284,-461.26335430843466,359.7333965629168,179.92415410139094,0.3157263591794563,179.61050191266935,1739364963648
142.1974841057282,-461.26336709843025,359.7333276626059,179.92414062894818,0.31571941893178407,179.61051546774877,1739364963656
142.1974165554814,-461.26334571635425,359.7333422616475,179.9241474753354,0.3157127154826488,179.61050867122123,1739364963664
