0,1,2,3,4,5,time
132.25644945040992,-483.65075717583744,394.1138604808119,179.92286549316262,0.32513010400538533,179.60640949118041,1739335796583
132.36633771473612,-483.61006143822885,395.42750229132196,179.92164389082794,0.32505434437121133,179.60754584733417,1739335796591
132.47542097192272,-483.5555968869177,396.75769240264265,179.9216534634133,0.3249320756262626,179.6087837192117,1739335796599
132.5808944986841,-483.4982664470592,398.0896822199709,179.9212751873441,0.3248156527440477,179.60950759758865,1739335796607
132.68515550330926,-483.44236106007656,399.42901017821015,179.92125038609274,0.3247285516422985,179.60999373959876,1739335796615
132.78860715556021,-483.37256713192653,400.75250532269257,179.92087738105545,0.3246825014193132,179.6099965385989,1739335796623
132.89081930687252,-483.2941855487731,402.09605339007373,179.92248115481442,0.32464755660881056,179.60951864332975,1739335796631
132.99074350325054,-483.21590005441703,403.4252674908931,179.92325297421132,0.32459434478666016,179.60835643487286,1739335796639
133.09214666840776,-483.1391170507087,404.7479860465353,179.92372533105285,0.3245861532975084,179.60720309791796,1739335796647
133.19412073350122,-483.0569744227067,406.07287075332374,179.92511630022537,0.32455212544501744,179.60630225005752,1739335796655
133.2967166076846,-482.96581712623976,407.3813307536681,179.92411038166492,0.3245354317333815,179.60596794664178,1739335796663
133.4005145181917,-482.8734461893833,408.6745381060884,179.92137253519155,0.3244949370984559,179.60612596509537,1739335796671
133.5055631269565,-482.77880045552075,409.9615975893497,179.91869827650424,0.324451349210528,179.60684985345844,1739335796679
133.61284820507228,-482.67159515879246,411.2634396478361,179.91911834767285,0.3243856258014998,179.60803125371828,1739335796687
133.71965117499053,-482.55703107586,412.56084854306573,179.9202196822133,0.3243178900565556,179.60939127858305,1739335796695
133.82561906627964,-482.44472201926277,413.83797307797744,179.92024633840893,0.3242369383953696,179.61057861680487,1739335796703
133.9258199192354,-482.33505425774797,415.11144741434015,179.92257040015153,0.32413425797250806,179.6110117734604,1739335796711
134.0224368541602,-482.21331284379085,416.38509969325247,179.92588609227334,0.32402737897157086,179.61083831993406,1739335796719
134.11719061572973,-482.08958767784446,417.6298983388053,179.9265075027117,0.3239148883504063,179.61007861207884,1739335796727
134.20996435214147,-481.97001180039445,418.85199369781725,179.92566628552692,0.3237628583679488,179.6089746404136,1739335796735
134.30064132688173,-481.84909976324707,420.0585936847664,179.92426835650727,0.32366597955673604,179.60764011541912,1739335796743
134.43661355302754,-481.648837479672,421.8461557924934,179.92110565729354,0.32352791292218536,179.60646929450058,1739335796755
134.52810981451134,-481.51718493343196,423.0151667417574,179.919265987305,0.323429401548773,179.60642722565208,1739335796763
134.62043570422583,-481.3871053856032,424.1729697191808,179.91806768028323,0.3233226528419284,179.60689099028045,1739335796771
134.71243872296512,-481.2540679794695,425.33310179926366,179.91989658706416,0.3231869998041311,179.60767861564796,1739335796780
134.75904707080147,-481.1820243060905,425.90686477189774,179.92038317891314,0.32312606776217045,179.6082065876865,1739335796784
134.85200640166903,-481.03808219626205,427.04921146010713,179.9224715010767,0.3229852331334962,179.60928341437264,1739335796792
134.98890223096123,-480.8282078465922,428.7225405473564,179.92448263722378,0.32273340094727426,179.61070105310637,1739335796804
135.077745197098,-480.6852673506571,429.81620638476653,179.92465444426074,0.32257256182273475,179.61139697344026,1739335796812
135.16351072656948,-480.5331429701694,430.90120787072607,179.92502201331993,0.3224043663202384,179.6114726557308,1739335796820
135.24565674795508,-480.3799791921774,431.9661413884605,179.92382595092147,0.32227008791501366,179.61105675387662,1739335796828
135.32434692312054,-480.23542291595436,433.01052876080536,179.9225136120563,0.3221472387582591,179.61007195936762,1739335796836
135.40158544661807,-480.09292377844935,434.0366305466639,179.92146615994298,0.3220194165991426,179.6088594007215,1739335796844
135.47884415494104,-479.94669433098653,435.05194114318584,179.92025732704934,0.32191549761133,179.6079228398044,1739335796852
135.5550309039829,-479.79425638168823,436.061010559747,179.92070316617603,0.3218653347143463,179.60724972000438,1739335796860
135.63094827124937,-479.64284545305003,437.0578046856046,179.92166171698486,0.32179945377310354,179.60706096657077,1739335796868
135.70560981449057,-479.496564271485,438.0368529695643,179.92238407734072,0.3217168257297364,179.6070469385257,1739335796876
135.7790343860999,-479.35455006540144,439.00166558845535,179.9240333117921,0.3216623154467284,179.60724964140488,1739335796883
135.8533657595283,-479.2085682587584,439.95820603713025,179.9253780282988,0.32158661710757713,179.60783283468535,1739335796891
135.92731171826975,-479.0475430030479,440.88858751438596,179.92456138441796,0.32152959551876364,179.6084360426648,1739335796899
136.00101755414948,-478.88890955568735,441.8149406439079,179.9249080560291,0.32147574043534094,179.60914261384673,1739335796907
136.07445493880027,-478.7360384693855,442.7151967935944,179.92361654952649,0.32138048081735293,179.60989615422224,1739335796915
136.14743655586756,-478.58483172650614,443.5968836014884,179.9215774167753,0.3212860623867821,179.61062041529408,1739335796923
136.22037985601634,-478.4344652110517,444.4656694036243,179.92078218197508,0.3211543779103492,179.6113307771967,1739335796931
136.29112125136191,-478.27980499400553,445.326483460841,179.920442422337,0.3209867252411253,179.61180188191278,1739335796939
136.39056532714199,-478.04877724679307,446.60302235496175,179.92215218456494,0.32071208590940475,179.61166195371112,1739335796951
136.45390553884096,-477.9022920585922,447.43564513422706,179.92357927085214,0.3204487362159523,179.61117298509018,1739335796959
136.5144912595429,-477.75856247439646,448.23740515625417,179.92290627259382,0.3201952400874052,179.6104348765703,1739335796967
136.5743063411975,-477.61576980255023,449.0243708527653,179.92199534777305,0.3198279365175341,179.60969042573504,1739335796975
136.6327636679713,-477.47204401077386,449.7989320621016,179.92226921403042,0.31946930570891585,179.6090888403955,1739335796983
136.68781089889606,-477.3277620164681,450.5723501740853,179.92402045648663,0.31913449499219154,179.60842248661237,1739335796991
136.74183130994103,-477.1831549057901,451.32982228253604,179.9248697603405,0.318845573333602,179.60798098828238,1739335796999
136.79688971489753,-477.03942024983604,452.0660055228259,179.9242250192317,0.318587339490461,179.607910054521,1739335797007
136.8506429735583,-476.90268615805377,452.78895454802944,179.92422795022637,0.31843495423633683,179.60791428270156,1739335797015
136.90458316376228,-476.76547462679946,453.48779057476594,179.92294069558494,0.31831394236376553,179.60817727109824,1739335797023
136.95787993826212,-476.6278790789811,454.1711859230632,179.92114443945383,0.31826487395914255,179.6084609251914,1739335797031
137.01038076837565,-476.4908116567839,454.8496703620001,179.92129993166958,0.31822485799197464,179.60875018910806,1739335797039
137.06219065850675,-476.3506774040387,455.5139237918112,179.92119890375972,0.3181985014145692,179.60927148830112,1739335797047
137.11328957381107,-476.213176999451,456.1699976091934,179.92229434111627,0.31819400860676345,179.60968116410933,1739335797055
137.16343765778342,-476.08109879599044,456.8027765282159,179.92269690389244,0.3181686689843516,179.61008419373036,1739335797063
137.2130678716941,-475.9508161368679,457.4186588994882,179.92203945653475,0.31812583824585927,179.6105279377769,1739335797071
137.26267362522395,-475.82501094207373,458.0204881140245,179.92207588173196,0.3181104769737402,179.61102546649627,1739335797079
137.31090954837367,-475.7037892443562,458.60600844519155,179.9223434078174,0.3180617571266876,179.6113647571917,1739335797088
137.35808500427152,-475.5819403213961,459.1806198155477,179.92221044005592,0.31800492018901827,179.61168789381847,1739335797095
137.40398162313036,-475.46131352661877,459.74437522579035,179.9229753173074,0.3179318594221513,179.6119449755169,1739335797103
137.44747803370234,-475.3401291723387,460.2947624477364,179.92418919782324,0.3178715952224797,179.61195769159934,1739335797111
137.5099199936009,-475.1642380170008,461.0846217661608,179.92466173596947,0.317742208532994,179.61186118141532,1739335797123
137.54870745897668,-475.0548010853101,461.59914139125044,179.9261283820668,0.3176487468061392,179.61152756738133,1739335797131
137.58583980391694,-474.9443371856389,462.0835010096453,179.92425776194824,0.3175388125273343,179.61112447547822,1739335797139
137.62185216951602,-474.840814176565,462.562791877212,179.92464483966063,0.3174506903034491,179.61068542126537,1739335797147
137.65651818307316,-474.73755533590094,463.0204366772088,179.9230889054156,0.317339205388036,179.61032503535586,1739335797155
137.68971999331734,-474.6389523960334,463.46537249356516,179.92273709620414,0.3172373869413163,179.6099234781544,1739335797163
137.7221432437106,-474.5413226151901,463.89535135523226,179.92160434212772,0.31715330826183696,179.6095706793914,1739335797172
137.75362192583626,-474.44561280770824,464.3079370897351,179.92084715057132,0.3170466987473854,179.60940500257823,1739335797180
137.78416857186627,-474.3498394213275,464.7154205705258,179.92023365835692,0.3169668724286884,179.60928193763863,1739335797188
137.81339962406537,-474.25735176465395,465.11533312530077,179.92140950338015,0.316886063498289,179.60924373019225,1739335797196
137.84133949205443,-474.1634159032104,465.492015877577,179.92064877518658,0.31681019488171797,179.60921471423208,1739335797204
137.86828633718915,-474.0786821676769,465.86303099274727,179.92249967550316,0.3167366026697664,179.60925041897397,1739335797212
137.8944530796063,-473.9954232604392,466.21567252610845,179.92322286483198,0.3166462102734029,179.6093391342303,1739335797220
137.91912066137482,-473.91867115261635,466.54448437742735,179.92322647143516,0.31658987020003715,179.60941385575006,1739335797228
137.94313966410024,-473.84742525403936,466.86405323985184,179.92469924261277,0.3165240583818701,179.60953845335962,1739335797236
137.9658152350989,-473.7763337967275,467.16523143110425,179.92403100526963,0.31645459594042097,179.60958196475013,1739335797243
137.9870467264395,-473.71109154610883,467.4446571005468,179.92282664402995,0.3163860128148363,179.609613065997,1739335797251
138.00779746673027,-473.64901845590816,467.7071363543608,179.92221453877713,0.3163018157906503,179.60972928118812,1739335797259
138.02666969449004,-473.58850004762456,467.95765733657345,179.92097764908146,0.3162425652563153,179.6097267772176,1739335797267
138.04468231203668,-473.53313801385997,468.2004261951552,179.9202104177813,0.3161933362901741,179.60971620474496,1739335797275
138.07115071822943,-473.4555500511961,468.53687211234393,179.92108371674732,0.3161013511291938,179.60992571474574,1739335797287
138.0870217066952,-473.40590223425056,468.74216186622857,179.92163091537626,0.31605675618361806,179.61006816086837,1739335797295
138.10151945718374,-473.3571106756094,468.93440388826826,179.92136967600206,0.3160033627552621,179.61014560019566,1739335797303
138.1156335386862,-473.31164592071843,469.11426762700114,179.92131962578426,0.3159747786246663,179.61024511995075,1739335797311
138.12870318378688,-473.2729186909675,469.28348231412394,179.92243949315568,0.3159295006479655,179.61032574019248,1739335797319
138.14051041437367,-473.2386706702099,469.43714755120135,179.92394065006562,0.31589520576558305,179.6103503785249,1739335797327
138.1508459021181,-473.20492328439536,469.5739327463989,179.92485143284722,0.31586666450264483,179.61038760630075,1739335797335
138.16034560298294,-473.17278030064705,469.69366640154345,179.9248384984973,0.31584886365648845,179.61047188989303,1739335797343
138.16844540599035,-473.1428227662291,469.79423106350526,179.92354806023286,0.31580663366386247,179.6104931513536,1739335797351
138.17559709850607,-473.1160342150536,469.8825752567696,179.9222107647374,0.3157823948589337,179.61052352549376,1739335797359
138.18184609105762,-473.09381870252804,469.961649999818,179.92171691126353,0.3157495674384372,179.61052328768238,1739335797367
138.1874002668868,-473.0762186189007,470.03317521355683,179.92214140015278,0.3157287058258773,179.61053468641427,1739335797375
138.19108796663767,-473.0631927512962,470.0955180970028,179.923076246875,0.31571929435530294,179.61040060487943,1739335797383
138.19110187237519,-473.05437402135834,470.1454541617844,179.9237262523067,0.31570686876872944,179.60994278318506,1739335797391
138.19084330991848,-473.04832546120207,470.18558891202684,179.92426799219254,0.3156785168423802,179.6095440271452,1739335797399
138.19043637026277,-473.0440118406998,470.2159185390349,179.92453142923108,0.3156686946789601,179.60919785389356,1739335797407
138.19001469430845,-473.04031940450807,470.2396675321655,179.9247678834082,0.3156583636682803,179.6088863935931,1739335797415
138.18980360290814,-473.03977662687936,470.2541532324394,179.92453564758765,0.31564448317275823,179.60866917578846,1739335797423
138.18982031559838,-473.0419173831344,470.2599467279808,179.92371899917376,0.3156339503367454,179.60851975656274,1739335797431
138.18982898176262,-473.0446152040233,470.2614925144415,179.92281422517766,0.3156228340844162,179.60841413854953,1739335797439
138.1898877928357,-473.04708343168636,470.26098779084003,179.92198437773988,0.31561209184289774,179.60834046095917,1739335797447
138.19011268888383,-473.047789801773,470.25673642351995,179.9210186228938,0.315602497459803,179.60829753971373,1739335797455
138.19034775884563,-473.046966219577,470.25307047621794,179.9202978317523,0.3156015462324739,179.60829548805094,1739335797464
138.1908358828227,-473.0457095350419,470.25041176236823,179.91980138912234,0.3155877676773871,179.60832794250553,1739335797472
138.19214669868873,-473.0438131454722,470.2484412637281,179.9194137212086,0.3155949559758919,179.6084560079783,1739335797483
138.19412597566242,-473.0422760864058,470.2485151774286,179.91938630012427,0.31560243531400456,179.60865328086777,1739335797492
138.1965036345501,-473.0405548163926,470.2487840732577,179.9194135287636,0.31558294780420354,179.6089526126212,1739335797499
138.19867789565896,-473.03860342813886,470.24593571976845,179.91907359780961,0.3156037167980842,179.60920894030158,1739335797507
138.2005247331001,-473.03627133682045,470.2395200346381,179.91831215622972,0.31559677485189014,179.6094287526499,1739335797515
138.2022891470032,-473.03305093971454,470.22759990829763,179.91690477574218,0.31560279369546096,179.60961746303502,1739335797523
138.20386650881514,-473.0312496615406,470.2199447429827,179.91605495333897,0.31560209057839533,179.6098022957699,1739335797531
138.20501821280112,-473.03134957101,470.2167626073764,179.9158238015173,0.31558763451159494,179.60994253997512,1739335797539
138.20586223089248,-473.03283174332637,470.21412890771416,179.91590541860617,0.31559319303386213,179.61004870951228,1739335797547
138.20629014120917,-473.0359378976823,470.209352639893,179.91614328594343,0.31559101402556927,179.61008460559097,1739335797555
138.2067624593859,-473.0417045236458,470.1969479372695,179.91600730600732,0.315585848868403,179.61013450401384,1739335797563
138.20707857368498,-473.0500620771091,470.1755346036116,179.9154226925989,0.31559124662278804,179.61017006442447,1739335797571
138.20734523749292,-473.05523628301114,470.1522821267451,179.91536830252466,0.3155800115923897,179.61019610473468,1739335797579
138.20762425972262,-473.0570644261128,470.12648694394164,179.9158101788891,0.31558620769727136,179.61021882626142,1739335797587
138.20797207175312,-473.0585172607986,470.09507364532476,179.91653066252738,0.3155796609740275,179.61022898782977,1739335797596
138.2081113408476,-473.06072752190386,470.05573163259294,179.91737372475896,0.3155932608011667,179.61024512639068,1739335797604
138.20810509359868,-473.06453410864776,470.00602905207353,179.91803989598878,0.31559835731346947,179.61021795889732,1739335797612
138.20803295022418,-473.0699198290403,469.94471167178807,179.91847482339838,0.3156084348107499,179.61016001513124,1739335797620
138.2079700141878,-473.07848591492024,469.8741345524174,179.9192973966501,0.3156099191390272,179.61012671053956,1739335797628
138.208084684416,-473.0897894177416,469.7925955185505,179.92037825363158,0.31560279884365233,179.61010310576856,1739335797635
138.20812442984072,-473.1047453251783,469.699670347377,179.92200976439187,0.31560740144882066,179.6100610584905,1739335797643
138.2081182114905,-473.12262602429746,469.5922403718997,179.92353258710222,0.3156025124081307,179.61002610735554,1739335797651
138.20792906147736,-473.14226707607304,469.47101997079585,179.92481732555436,0.3156023798605965,179.60993797304963,1739335797659
138.20794638666712,-473.171457717181,469.2542000651261,179.92455885087563,0.31559064887738975,179.60985210059346,1739335797671
138.20802945321114,-473.19055853350517,469.0849115559634,179.92291358761875,0.31559789788202813,179.60979952026887,1739335797680
138.20772919743845,-473.2112955719669,468.89994768298743,179.92116639051437,0.3155966687864893,179.6097053403751,1739335797688
138.20780450745414,-473.2373145320951,468.70990730196667,179.92115958801014,0.31558767750648753,179.60965753949571,1739335797695
138.2077571063606,-473.2671748934246,468.51174793604974,179.92216592669516,0.3155978957369871,179.60962066513366,1739335797703
138.20749307573388,-473.29795373287635,468.30314962742125,179.92314504983423,0.31559345739086186,179.60955372939668,1739335797711
138.20717521025836,-473.327002735001,468.07521566682715,179.92265578035568,0.31562099653067405,179.60947835651388,1739335797719
138.20692271857135,-473.35691537596364,467.8280191170302,179.92207132772106,0.3156131492724504,179.60941241995172,1739335797727
138.20666788543417,-473.3915338093711,467.57669546380623,179.9235062672341,0.3156393739425831,179.60938642691164,1739335797735
138.20653035090706,-473.4280198554195,467.311555807439,179.92390102586302,0.3156681393262532,179.60936314137058,1739335797743
138.2063480978956,-473.4646230384021,467.03141023067286,179.92377253540144,0.3156816163483012,179.60937446367316,1739335797751
138.2062837709363,-473.5027236145105,466.73530985569056,179.92473862990917,0.31570227976370036,179.60940285883567,1739335797759
138.20617459843487,-473.5430586588766,466.4337015234973,179.92616704869428,0.31574193379401605,179.6094252682007,1739335797767
138.20594138423027,-473.5846002037748,466.1151245960171,179.92598439911552,0.3157697423882483,179.60945532403485,1739335797776
138.20589322454538,-473.6261387063232,465.7696892210511,179.92505386371178,0.31579491605230037,179.6094889732469,1739335797783
138.20595190345435,-473.6686852190137,465.4231976381847,179.92525212797645,0.3158346093436543,179.6095807104148,1739335797791
138.20593839421934,-473.7140609767258,465.0660854262974,179.92552512318773,0.31587807115553507,179.60964884071691,1739335797799
138.20570890648239,-473.76198455967176,464.68573553323347,179.9260633238407,0.31592560151240656,179.60969484998165,1739335797807
138.20561588526377,-473.8098044796532,464.29240905421585,179.92551386581036,0.3159835327411205,179.6097648264423,1739335797815
138.20530775029664,-473.86119197667665,463.89113361286377,179.926249260941,0.31601293771718836,179.6098046181845,1739335797823
138.2049289375482,-473.9131712091786,463.46360106791894,179.9249724622153,0.316063451424955,179.60984415126808,1739335797831
138.20482738137784,-473.96779084285095,463.03803451679056,179.92570804298168,0.31610811066606254,179.60992935668253,1739335797839
138.20469240756282,-474.0226862264436,462.5878211363608,179.9251381643445,0.316141339213874,179.6099736811505,1739335797847
138.20415440048367,-474.0796427822647,462.12192688554165,179.92450703666722,0.31618484056977025,179.60994915841857,1739335797855
138.20410367399367,-474.1667791690145,461.397066324424,179.92301982547284,0.31625117493327815,179.60998438324688,1739335797867
138.20370054665588,-474.22831098984256,460.90583137789577,179.92420394894032,0.3162973756367152,179.60998053738916,1739335797875
138.2035236592159,-474.2829770840395,460.39105859296626,179.92271622812964,0.31632813602955745,179.60998693963623,1739335797883
138.2034371239931,-474.3414294640091,459.875985086214,179.92347879570008,0.3163791610979603,179.6100025041757,1739335797892
138.20337324114672,-474.3965169203036,459.3402169539855,179.92253490857632,0.3164069119935528,179.6100087837327,1739335797899
138.20322200195312,-474.4542831342577,458.8003752530784,179.92344030433398,0.316447970518267,179.61002146384132,1739335797907
138.20291498225134,-474.51045725829033,458.24045076529234,179.92350268776184,0.3164725915350592,179.61001023354078,1739335797915
138.20271136967372,-474.569913892081,457.6739971639818,179.92425171208535,0.3165074109348346,179.61000530206869,1739335797923
138.20242818990687,-474.6282693836122,457.0902415561803,179.9245861840917,0.3165397408738513,179.6100122510325,1739335797931
138.2019945390676,-474.68926632351037,456.495683522415,179.92492060650602,0.3165607065404956,179.60998880759024,1739335797939
138.20159782759697,-474.75085542954145,455.8809799517227,179.92484036465862,0.31658408901390994,179.6099678177195,1739335797947
138.20154816368915,-474.81630054174866,455.2570575206927,179.9257257188116,0.31660346504421916,179.6100249148122,1739335797955
138.20132897915423,-474.8805743291258,454.6168148032177,179.92588364856024,0.316626181138587,179.61005460559724,1739335797963
138.2007037104926,-474.94428474038136,453.95379891107456,179.92414470107116,0.3166354576473882,179.61000546527853,1739335797971
138.20043272404166,-475.01384927637326,453.28380123137345,179.92418037462627,0.3166538955353357,179.61003503274893,1739335797979
138.20039198018185,-475.0813326337344,452.5976461215152,179.9241410398357,0.3166566246023163,179.6100497302159,1739335797987
138.19984247509038,-475.1446668366108,451.8993402560597,179.92348992827735,0.3166584780644068,179.61001346378006,1739335797995
138.19932131401612,-475.2056255543339,451.1942811595071,179.92391983093958,0.3166951543750427,179.6099825356849,1739335798004
138.19893234974273,-475.266682707267,450.476784950965,179.92489369982613,0.3167290043495767,179.6099798806672,1739335798012
138.1987026655109,-475.3266709591015,449.74594587223754,179.92608505078192,0.3167397488589632,179.60998485266967,1739335798020
138.19845299722712,-475.3855844658743,449.00184679870006,179.92686863108315,0.31677390591886745,179.60999868515438,1739335798027
138.19821988668022,-475.44238604387095,448.24077246473394,179.92651685482434,0.3168441751703372,179.60999205128945,1739335798035
138.19828264608168,-475.4993750486818,447.46153744907434,179.9259473490052,0.3169021673383099,179.6099825848363,1739335798043
138.19815567660638,-475.5584719755595,446.66914805989865,179.92583341197764,0.3169955317459592,179.60994654860363,1739335798051
138.19820474801503,-475.6473891528169,445.4410212373088,179.92327963315972,0.31721617401481617,179.6098704087248,1739335798063
138.19894193645536,-475.7104221495407,444.61651491055557,179.92300953927491,0.31743004522301216,179.60992061362464,1739335798071
138.19968228646275,-475.7696204865883,443.7786943830526,179.92284842802545,0.317778261048479,179.6099650549742,1739335798079
138.20060796125128,-475.8239649691769,442.93067491652795,179.92257171754198,0.3183226711256641,179.60996622527864,1739335798088
138.20269618656206,-475.8750555966138,442.0701445128198,179.9227441348902,0.3194838908320036,179.61000255307277,1739335798095
138.2052681247257,-475.92738228533864,441.2027838522013,179.92411351904184,0.32126688968701955,179.60998975183108,1739335798103
138.20543738013868,-475.9779159882066,440.321440198523,179.92524461091074,0.321773917052773,179.60997810737197,1739335798111
138.20453059376865,-476.0287965325936,439.42375216803947,179.92632795824306,0.3217031808801255,179.60996507082658,1739335798119
138.20401856679453,-476.08025350082596,438.50800553225037,179.92709851081938,0.3215157662536939,179.6100106978275,1739335798127
138.20336785948328,-476.1306768867889,437.57627288844014,179.92704633501052,0.3212805238388535,179.61002259471834,1739335798135
138.20278508598648,-476.181694262647,436.62407211953325,179.9259267449528,0.32104923834737015,179.61001746373154,1739335798143
138.20251540545053,-476.22563439313086,435.6603179950114,179.92506553065212,0.32081088149843856,179.61005552432678,1739335798151
138.20176180784432,-476.263312663533,434.6902821094124,179.92459863150802,0.32055907347680557,179.61003947055588,1739335798159
138.20059350359256,-476.29700299140575,433.7049689807585,179.92383254179,0.32033007598800156,179.60994860094388,1739335798167
138.19942345171097,-476.3297547510325,432.715606322928,179.92458945597116,0.32011870800439324,179.60987862908615,1739335798175
138.19899498896876,-476.35922713140695,431.7154156758401,179.92482278204133,0.3198750391663567,179.60988116486476,1739335798183
138.19899588196748,-476.39060138872816,430.70050589964376,179.92502910857235,0.31965587335016643,179.60995185770713,1739335798191
138.19892325245146,-476.42408367788664,429.67283254563887,179.92488187233235,0.31942687206741077,179.60999793109465,1739335798199
138.19836152455395,-476.45710315576383,428.6324890191318,179.92462597054404,0.31921083067029365,179.60999179695946,1739335798208
138.19826200532327,-476.48705592138305,427.5892708800526,179.92514512944066,0.31900573525286613,179.61004293123335,1739335798216
138.19758171915723,-476.50777572656506,426.53742165084384,179.92516110314037,0.31881409674447597,179.60999848413266,1739335798224
138.1966678636223,-476.52375251169315,425.4791051289287,179.92468781458646,0.31863938974434536,179.60995573810985,1739335798232
138.1955358372171,-476.54351439377285,423.88763020112333,179.9251744069231,0.3184046588011981,179.6099064424347,1739335798244
138.19501771721843,-476.5531646785847,422.82010469822893,179.92531996200825,0.31828762591789533,179.60991554843025,1739335798251
138.19482045442388,-476.5609990039579,421.7402305750711,179.92443213712428,0.3182098949714182,179.60993553951226,1739335798259
138.19461743627855,-476.5641499196558,420.649338529214,179.92236815966982,0.3181127575496196,179.60994741629008,1739335798267
138.19424676529246,-476.5672151135141,419.58354916724704,179.92349939290264,0.3180328095325611,179.60993641841503,1739335798275
138.19425735083698,-476.56115117021636,418.51313847568315,179.9238963054441,0.31795943368025203,179.6099495291092,1739335798283
138.19421323265018,-476.55101828658843,417.4443782089293,179.92431353942126,0.3178772668148918,179.6099438102012,1739335798291
138.19459394600472,-476.5405567990656,416.3803413810254,179.9251115179637,0.31780469784909277,179.6099895949067,1739335798299
138.19455833056497,-476.5276114667519,415.3186244678632,179.9254675789028,0.3177355647600052,179.60997722722823,1739335798307
138.19449959520432,-476.51427309329586,414.25525228701906,179.92498072932815,0.3176667068335228,179.609971772641,1739335798315
138.1940143756991,-476.5016242463688,413.19619056106325,179.92437153935444,0.31759961651783253,179.60991636116222,1739335798323
138.19363692448357,-476.48401526156454,412.151300246271,179.9245986148271,0.3175832854503474,179.609872672375,1739335798331
138.19382238398293,-476.453949671063,411.10975949487147,179.92426822060392,0.3175448721759887,179.6099075963502,1739335798339
138.1939405347733,-476.42661911239855,410.09661939368146,179.926317403725,0.31753618864248206,179.60995823216146,1739335798347
138.19412514207383,-476.3912684696706,409.0814445963962,179.92672812389813,0.3175337628175433,179.61000289874164,1739335798355
138.19430838298237,-476.35429770967016,408.07255874189076,179.9269143945739,0.3175155621912548,179.61003350473592,1739335798363
138.19408625940392,-476.31851202565065,407.0722522130799,179.9263732366388,0.3175002887592856,179.6100123279352,1739335798371
138.1939481466131,-476.284159663163,406.07670223365244,179.9252879610889,0.317513847950751,179.60994232904068,1739335798379
138.193568791901,-476.2512199183202,405.0922083050412,179.92411445508068,0.31756564884928085,179.60985574695482,1739335798387
138.1942118797049,-476.21319895725935,404.1238720693564,179.92292737726066,0.317662575476579,179.6098860928212,1739335798395
138.1951079368344,-476.17088492206557,403.18276456623613,179.9235077387909,0.31780226631519526,179.6099182465618,1739335798404
138.19582147255872,-476.12392867371,402.26237408496945,179.9251963893007,0.31798968698707436,179.60994729055747,1739335798412
138.19589355811115,-476.07420900669575,401.35258297104457,179.92602158509774,0.31817145436386607,179.60989245113035,1739335798419
138.19626328402745,-475.9963027285004,400.01280111666557,179.92768448737067,0.318440877794047,179.60988707354247,1739335798431
138.19702156559092,-475.9447988478196,399.1311831641972,179.92789104838468,0.3185549840818739,179.60994801595388,1739335798439
138.1977904746363,-475.894990482013,398.25725135579387,179.92741096443817,0.31862531844393344,179.61002421100233,1739335798447
138.19884063874372,-475.84228114032555,397.38742817676007,179.92579527803144,0.3186405729166159,179.61010608619162,1739335798455
138.1994818925603,-475.7890808609187,396.5348974667683,179.9246826925034,0.31863864267635184,179.61015562486816,1739335798463
138.19931278788658,-475.73120719475867,395.69902995046544,179.92390311602588,0.31858210792390484,179.61011794367988,1739335798471
138.1988665344961,-475.6708414722141,394.8826198651917,179.92399384199214,0.3184909484986928,179.61009002135663,1739335798479
138.19865367160352,-475.61085108311346,394.08676628247434,179.9249069845201,0.31839721397757964,179.61006627762458,1739335798488
138.19912423264316,-475.5473971114774,393.3006145826846,179.92510636042982,0.3182859198142451,179.61014779911267,1739335798495
138.19941684444015,-475.4844477360615,392.5282649383265,179.92545519404308,0.31819000346383136,179.6101875600139,1739335798503
138.2000565694614,-475.4248373395891,391.7746741464998,179.92642265835153,0.31806167868293683,179.610284682527,1739335798511
138.20019832149046,-475.36604702956834,391.0303218591577,179.9266422296808,0.31791963080002056,179.61031689683327,1739335798519
138.19948151477234,-475.3061885528331,390.2898772445345,179.92550882208386,0.31771574160617005,179.6102529770294,1739335798527
138.19876789937928,-475.2471438002813,389.56126033563083,179.92410329998714,0.31749941990764424,179.61016655373692,1739335798535
138.1981879878589,-475.1849624029735,388.8468686250857,179.92303076668443,0.31725473221462663,179.61009265890976,1739335798543
138.19764322069355,-475.12543539876367,388.15780162421464,179.9235969026951,0.31706363106699414,179.61006006135193,1739335798551
138.1969043780607,-475.06101199184536,387.48117104461556,179.92380264536573,0.3168723214687621,179.609998560538,1739335798559
138.19670966927876,-474.9964211044493,386.8188408416267,179.92413746786247,0.31675257288849545,179.60996369974038,1739335798568
138.1969976506093,-474.93207601211515,386.1715032106249,179.92482587226718,0.3167045682360241,179.60997616548832,1739335798575
138.1975175336927,-474.8670125744483,385.53364347527474,179.92528313244742,0.31667924953885046,179.61001137879626,1739335798584
138.19833523948802,-474.8041016715089,384.9116118323886,179.92611433395848,0.3167179612340791,179.61006754758859,1739335798592
138.19941480917558,-474.73948227383164,384.2940380010881,179.92567412541743,0.31672367882928404,179.61015025228235,1739335798600
138.20058358827242,-474.6798255661944,383.69307701122233,179.9262947271741,0.316751102044703,179.6102876629135,1739335798608
138.2014564049926,-474.5926349871398,382.8087817384067,179.92503269151038,0.316777184144542,179.61031612802668,1739335798619
138.2016989036066,-474.5351060307887,382.22949412816797,179.9235590221835,0.31674649243721964,179.61030711536105,1739335798627
138.20181490816938,-474.48001908150684,381.6763539254494,179.92349254557462,0.31671017954535313,179.6102860901629,1739335798635
138.20146775339563,-474.42277496518113,381.13673522902275,179.9239563765649,0.316693788100857,179.61021540774698,1739335798643
138.20136682348164,-474.3620664650368,380.6161844132287,179.924066535474,0.31670072567422686,179.61014907555378,1739335798651
138.20137363192552,-474.3031844230265,380.11377289258934,179.9256859448335,0.31665174761926396,179.61013117166505,1739335798659
138.2009802835811,-474.2420707415283,379.62330292248265,179.92612254981228,0.3165747492196251,179.61010562718806,1739335798667
138.20059035183883,-474.1837218140804,379.14635369347076,179.92724567493465,0.31650036105077606,179.6100644187696,1739335798676
138.2005785036952,-474.12297273867614,378.67472753426176,179.92679828527935,0.316361053787251,179.6100848773365,1739335798683
138.20062599271918,-474.0670975113482,378.2200798751244,179.92711235880708,0.3162244278116716,179.6101268250199,1739335798691
138.20045139394415,-474.01295477728155,377.77719730305034,179.9270320544444,0.31607720030538233,179.61013952794258,1739335798699
138.20055220533706,-473.95607786609486,377.3345878045782,179.92536084049684,0.3159652700711423,179.61015488044913,1739335798707
138.20097341337683,-473.90628348471296,376.9175851023142,179.92523276835098,0.3158515913075485,179.61020531756563,1739335798715
138.2017165425498,-473.85513183792733,376.5046636103957,179.92461529952794,0.3157807883103134,179.61029422781553,1739335798723
138.20229454352545,-473.80841009934244,376.1122194721862,179.92451446953257,0.31576956184141425,179.61034018596413,1739335798731
138.20325548818215,-473.76444191277204,375.7362636708419,179.92563054837095,0.3157901112342955,179.6104267396976,1739335798739
138.2041806360563,-473.71725588814155,375.36275066289625,179.9245236959491,0.31588191885634864,179.6105052603692,1739335798747
138.20460636985078,-473.67771978876596,375.0148831143439,179.92578262557882,0.315965324869167,179.61052925580154,1739335798755
138.205047120059,-473.63484569428647,374.66818534969366,179.9247095797078,0.31602437246978426,179.6105441962272,1739335798763
138.20512965012807,-473.59044027271483,374.331044139432,179.92307895764063,0.3160275838772258,179.61052789379528,1739335798771
138.2051748998566,-473.55210207128994,374.0168512853711,179.92348087588704,0.31599530359869993,179.61050262882674,1739335798779
138.20487602324786,-473.51153195493424,373.7135904832472,179.92263853366717,0.31593583251121704,179.61042800341738,1739335798787
138.20436318344184,-473.4722733626004,373.4208056800164,179.92232633978696,0.31585266732960515,179.6103214507998,1739335798795
138.20386312054214,-473.4387012329766,373.1590737670677,179.92525016964095,0.3157723252889197,179.6102318615329,1739335798803
138.2031882319339,-473.38888262493714,372.7936668584437,179.9284258855063,0.3157083625768873,179.6101140984258,1739335798816
138.20287536957522,-473.35319760651504,372.55546819886655,179.92945999119362,0.3157222730913536,179.6100624891078,1739335798824
138.20291430600656,-473.32079434896275,372.3378253401748,179.93169746614032,0.31581106649440976,179.61004164478825,1739335798831
138.2031941317204,-473.29054102432366,372.13010091667127,179.93222177244834,0.31594378773311727,179.61003946233754,1739335798839
138.20392477420708,-473.2609169380413,371.9305535706252,179.93139993744074,0.31608673617099275,179.61008087417832,1739335798847
138.20485064434456,-473.23049882242793,371.7356343353697,179.93014988355736,0.3162052731043361,179.61017472284374,1739335798855
138.2058515251276,-473.2018130131465,371.54696539940534,179.92842365050254,0.31626413410151527,179.61025471951586,1739335798863
138.20645385604817,-473.17622135027693,371.37313494431555,179.92649346882936,0.31628024547116806,179.61031477918377,1739335798871
138.20739951581598,-473.1537930308634,371.21699132332486,179.92431179706918,0.31628885981016674,179.61043917786526,1739335798879
138.2083271344835,-473.1335849538144,371.0781202717955,179.92272824050428,0.31625645255212825,179.61056499500657,1739335798887
138.20876828533022,-473.11595880207534,370.960068153718,179.92255857489505,0.3162116696040336,179.61061945944164,1739335798895
138.20865052740868,-473.1001082896045,370.8537833718587,179.92306197244974,0.3161712702982991,179.61061576968282,1739335798903
138.20864580712237,-473.0868351592402,370.75806837191925,179.92411606343282,0.3161338847963909,179.61063465664762,1739335798911
138.2086897542169,-473.0734643042332,370.6686119191923,179.92440195429882,0.31614062019057537,179.61064683480072,1739335798919
138.20870236828995,-473.06199809513396,370.58903978206234,179.9242323307218,0.3161508363250618,179.61065525931,1739335798927
138.20889117654679,-473.05293487966446,370.5215905001928,179.92391984519975,0.31621953104972916,179.61064793169703,1739335798935
138.20909507520037,-473.0464283902055,370.4656524122508,179.92362788931186,0.316291948774796,179.61067164225625,1739335798943
138.20932610570776,-473.0411364155469,370.4204279460723,179.92344465840299,0.31637551957057936,179.61069145525482,1739335798951
138.2096003712357,-473.0372132301528,370.3847175482083,179.92337005000186,0.31644909449578085,179.61069948623344,1739335798959
138.2096263449335,-473.0332580074448,370.35661866136894,179.9233362095394,0.31644497823230244,179.61071441188284,1739335798967
138.20963573678156,-473.02757096781374,370.3422045858277,179.92421316252663,0.3164353195408453,179.61070637035414,1739335798975
138.20972084404767,-473.0222354620904,370.33392934641364,179.92523981056357,0.3164352487963069,179.61073092907154,1739335798983
138.209750083144,-473.0175406011446,370.3297144440693,179.9262527491138,0.31640269766322454,179.61074565984856,1739335798991
138.20979183516943,-473.01253823886356,370.32588302463034,179.9273268772323,0.31631617787449395,179.61078782285082,1739335799003
138.20978108895332,-473.0104522948315,370.3222904267927,179.9274424327391,0.31628203371750263,179.610797837047,1739335799011
138.20952707426576,-473.0115286274929,370.32364684138713,179.92791143853697,0.3162409850302864,179.61077122856838,1739335799019
138.20952332803182,-473.01316112125136,370.325470531251,179.92831939138696,0.3162133042563442,179.61079276659933,1739335799028
138.20943177432434,-473.0148163204233,370.32719988502726,179.92874088361884,0.31619916103472456,179.610787003531,1739335799035
138.20932927143755,-473.01640286339193,370.32854101801894,179.92907394925066,0.316178089861309,179.61077421674798,1739335799043
138.20934372350285,-473.0173972090363,370.3281117782604,179.92912155209382,0.3161566576775334,179.61078740709715,1739335799051
138.20915544424665,-473.0185008308013,370.32536692674205,179.92884952484502,0.316113666153956,179.61076497674108,1739335799059
138.2089696319482,-473.01979227645484,370.31988756717504,179.92823756918776,0.31600802120589855,179.61076776864164,1739335799067
138.2088498215303,-473.0211967333564,370.31022732314534,179.92712256987474,0.31593427811316016,179.61076751674995,1739335799075
138.20873338943878,-473.02216037253265,370.29093040254014,179.9248721438319,0.31588345879266755,179.6107329710446,1739335799083
138.2087860614303,-473.0228363694967,370.2614317303915,179.92153414248605,0.3158551640809237,179.61073153912503,1739335799091
138.20877173975202,-473.0287830235545,370.23365263948426,179.91853597179863,0.3157961809299925,179.61071787947756,1739335799099
138.2087291710586,-473.0381516408661,370.20532339317776,179.91582326219842,0.3157272667510566,179.61068989256316,1739335799107
138.20843868863065,-473.042639836963,370.19346341032866,179.91565319697642,0.31563612935522284,179.61066599262267,1739335799115
138.20817433231204,-473.0433828013074,370.18624940877964,179.91644172703602,0.3155977536149507,179.61063104542467,1739335799123
138.20792233687965,-473.0433766962806,370.1777853737997,179.91774022778836,0.3155728591700501,179.61060772546085,1739335799131
138.2078267624205,-473.0431594655089,370.16418320735625,179.91915429547404,0.31554547566987384,179.61059991736948,1739335799139
138.2077331275291,-473.0428415332243,370.1418645163101,179.92033037949932,0.315520611002718,179.61057770095576,1739335799147
138.207577080971,-473.0434956527601,370.1094738598749,179.92140448789723,0.3154967021333038,179.61053969286306,1739335799155
138.20747747548032,-473.045726174092,370.06621785229345,179.92249911479013,0.3154796262301494,179.6105190118213,1739335799163
138.20727824116432,-473.05048769102285,370.01152689509576,179.92374990518147,0.3154478422170452,179.61044700070644,1739335799171
138.20708946179658,-473.056793845156,369.94238314828254,179.92483769873752,0.3154279442573122,179.61038932000514,1739335799179
138.207076865803,-473.0642216702382,369.8565436729637,179.92547000286314,0.3153851143690356,179.6103511475165,1739335799187
138.20693642068497,-473.07687285258913,369.69549287429714,179.92554485367666,0.31530681011514433,179.61025902260172,1739335799199
138.2067668193519,-473.0851398525289,369.5647310223305,179.9246750022818,0.3152748118740468,179.61021616479218,1739335799207
138.20677598962553,-473.09441256451714,369.4176022454773,179.92354002462898,0.3152540046253677,179.6101792304437,1739335799216
138.20656934148462,-473.1051439177251,369.2559609993766,179.9223238557073,0.3152450745574797,179.61017005295773,1739335799224
138.20637975422858,-473.12102209816237,369.081981957186,179.92179441604057,0.31523219570779093,179.61016928311273,1739335799232
138.2061836858893,-473.14228715464594,368.894434224373,179.92256356201014,0.3152415514120795,179.6101612896965,1739335799240
138.20615503567979,-473.16494447012724,368.69256427080194,179.9236728334226,0.31526256619739906,179.6101942106238,1739335799248
138.20594912830433,-473.1836940183137,368.47344820847246,179.9239050752113,0.315305119601733,179.61017852256683,1739335799256
138.20592660492002,-473.19996552714724,368.23081916276124,179.92292049642785,0.31535121828222656,179.6101838979796,1739335799264
138.20578296363107,-473.2150076780513,367.97083716804104,179.92263619893723,0.31540929762492664,179.61016553527128,1739335799272
138.20564231286247,-473.23465380851695,367.7011345461566,179.92336491183784,0.31545798858979834,179.61015070525198,1739335799280
138.20530003557076,-473.2551202542908,367.4180921010559,179.92329156970095,0.3154854152589446,179.61013862120254,1739335799288
138.20554765519807,-473.27873083773795,367.1197999264918,179.92389812322455,0.3155152033529876,179.61019345787437,1739335799296
138.20599987274218,-473.300132115441,366.7982585979664,179.92449801609828,0.31557493267692144,179.61026782982066,1739335799304
138.20672924731568,-473.32471876206864,366.4606877213472,179.92441827595724,0.3157253139895444,179.61035608904635,1739335799311
138.20796834446787,-473.3565491899308,366.1067849270483,179.92527010856145,0.3159622566686959,179.61048302985043,1739335799319
138.20902546185582,-473.3901237134496,365.7318761826299,179.9253672685223,0.31613191265559726,179.61059217787835,1739335799327
138.2092763441238,-473.41729754045207,365.3311627117669,179.92357435618837,0.316245540058949,179.61059190951417,1739335799335
138.20931715286548,-473.44643161109707,364.9307006345812,179.92469802973355,0.3162811464672473,179.61061500878313,1739335799343
138.20900063413063,-473.47476022564,364.5159849945191,179.9248223397152,0.31626857429609784,179.6106062800107,1739335799351
138.2085120085366,-473.5009036033215,364.0738521502453,179.92469529238966,0.3162627125779481,179.61058654858883,1739335799359
138.20787402091193,-473.5456636075805,363.38903126863056,179.92515409558678,0.31627977824864834,179.61055739410833,1739335799371
138.20726400523859,-473.5831685870481,362.90710185999325,179.92525154802672,0.31623369156562126,179.61052952187944,1739335799379
138.20671366964706,-473.62236557342106,362.40469235404305,179.9254713638558,0.31620097068507896,179.61048317207045,1739335799387
138.20609592943345,-473.65400677213347,361.9002081476299,179.9262147402571,0.3161648774528784,179.6104474479074,1739335799395
138.2056531203668,-473.68154125470704,361.37274828332244,179.92681546112198,0.31613850955501954,179.61043177130185,1739335799403
138.204990801929,-473.7111711548595,360.83502465200974,179.92718505839758,0.3161170449170113,179.61038028484592,1739335799411
138.2047233686143,-473.74192467222923,360.2726092265212,179.92719440477978,0.31613387049393804,179.61034802439355,1739335799419
138.20434428664743,-473.7794443672862,359.6868814993442,179.92642193058174,0.3161241387876592,179.61028969389125,1739335799427
138.2047706387169,-473.81091891832364,359.0868807089192,179.9250648637099,0.3161503602122158,179.6103142703114,1739335799435
138.2052824287947,-473.83702690579116,358.4720102739659,179.92470050579294,0.31617689219328027,179.61036462566324,1739335799443
138.2053076034193,-473.8703488270796,357.8609990688205,179.92677005716249,0.3162442455746362,179.6103479031041,1739335799451
138.205316053758,-473.9002427396608,357.2144992860423,179.92618829187833,0.3163138585120897,179.61030964043044,1739335799459
138.20549325424616,-473.9383677946616,356.54626366517397,179.9253211040513,0.31642347727159725,179.61026669717972,1739335799467
138.2057795031438,-473.97116167683254,355.86529563782295,179.92512707855192,0.31654084433113566,179.61024524455627,1739335799475
138.20638988703638,-473.99933480715225,355.1773806408678,179.92562636995584,0.3166276768175828,179.61025057105422,1739335799483
138.20632851537988,-474.0266565057545,354.4703651149084,179.92558176563819,0.31659313540290795,179.61021251643885,1739335799491
138.20581908352997,-474.0604609993944,353.7359196795263,179.92410958843462,0.3164947718728358,179.6101390049922,1739335799499
138.20511252446903,-474.0939591379495,352.99339328919234,179.92396319162646,0.3163678162931295,179.61006362336875,1739335799507
138.20470080552542,-474.1177044999799,352.2433356375634,179.9251494625373,0.3163218512849284,179.61001328755566,1739335799515
138.20431236860935,-474.14431637500707,351.48371351571546,179.92711095202608,0.31633225618851574,179.60996083103961,1739335799523
138.20438713114766,-474.17190403854266,350.69042590430325,179.92636690784835,0.31636095108415835,179.6099638980981,1739335799531
138.20476297281107,-474.197661840274,349.89216750053174,179.9268806944544,0.3163837487620077,179.61002239245164,1739335799539
138.20492399770893,-474.2191387252206,349.09236618687265,179.92908052175085,0.31639753525454595,179.61006385330364,1739335799547
138.20492199358887,-474.2468638318093,347.844374385702,179.92835213847852,0.3163577430303501,179.61006826036544,1739335799559
138.20454888135163,-474.2662034803624,346.99340579888496,179.92731607720737,0.3163009841149741,179.61005571301743,1739335799567
138.20439695349623,-474.28118222451536,346.1512937264748,179.9288634723217,0.3162948117722551,179.61006158374414,1739335799575
138.20453571143517,-474.293168190495,345.2911674356921,179.92873851058732,0.3163382302846966,179.61006744194364,1739335799583
138.2045028390098,-474.3082229999481,344.4073864839641,179.92690055538415,0.3163684595487383,179.6100688616756,1739335799591
138.20485830630395,-474.3159985337016,343.53929962575745,179.92778209729732,0.31647590931071673,179.61011483893407,1739335799599
138.20519552829236,-474.3185467133508,342.66214886202664,179.92780704771621,0.31665306303524343,179.61011317372166,1739335799607
138.2054930870002,-474.32371490474816,341.76609760095624,179.92626142356028,0.31676546425470886,179.61009073982612,1739335799616
138.20550616137174,-474.32811528375134,340.87468481868626,179.92604138008778,0.3167944034458645,179.61005783591915,1739335799624
138.20529789543957,-474.3289837321656,340.00014011550064,179.92816656614295,0.3167491054575882,179.61001026711799,1739335799632
138.20478884306928,-474.32944378968796,339.1135481055899,179.9284765057227,0.316673320884453,179.6099140760513,1739335799639
138.20439262931214,-474.32562653997854,338.2189160619346,179.92767154235509,0.3165515397264823,179.60985315961335,1739335799647
138.20416590680932,-474.3212728982094,337.352192964161,179.9293753342048,0.3164761260764187,179.60983511837247,1739335799655
138.2039062874863,-474.3113891470262,336.47466285303784,179.92887649737537,0.31641630673365706,179.60980343766664,1739335799663
138.2038209816276,-474.30378697420105,335.5939219661619,179.92752115682202,0.3163492349759062,179.60980488712582,1739335799671
138.20363798939178,-474.2915800172565,334.7367283874881,179.92816471036,0.3163297008060446,179.6098182672113,1739335799679
138.20348730032686,-474.2754637555499,333.89098138571643,179.92923662523077,0.3163846544023068,179.60981436502053,1739335799688
138.20353863734772,-474.2569383671867,333.03436779278707,179.92760951448622,0.3164262209855207,179.60981798870222,1739335799696
138.2034909755591,-474.2405466294541,332.1961025417697,179.9268933445504,0.3164468645293926,179.60982410350888,1739335799703
138.2035944453641,-474.21862350456905,331.3839825065514,179.92804672261101,0.31646387167687207,179.60987161452806,1739335799711
138.2037251232615,-474.1953294031215,330.57217405733064,179.9281256218198,0.316479744417149,179.60985991842594,1739335799719
138.2036838234577,-474.17843945328167,329.76941573438444,179.92778319843,0.3164873394666725,179.60986486330174,1739335799727
138.2038227747457,-474.1544454594999,328.99013049277124,179.92856223404075,0.31649879200127384,179.60986183707033,1739335799735
138.20423302709244,-474.1127021858473,327.8496342428049,179.93000271119706,0.3165344712834715,179.60989265843165,1739335799747
138.2042671836089,-474.0858167225939,327.0901956704506,179.92773591287093,0.31647013579912037,179.60990471556778,1739335799755
138.20453893187212,-474.05771758556915,326.36307860762855,179.92745414806444,0.31645195132652415,179.60992981027363,1739335799763
138.20500425059333,-474.0204188576841,325.652159395398,179.92735613407578,0.3164973399584925,179.60999548986152,1739335799771
138.20494049383746,-473.9917407927345,324.96482184305,179.92816883723114,0.31653606120500094,179.60996685041127,1739335799779
138.20511598237076,-473.958622061321,324.27072372615834,179.92581368436296,0.31657498616847835,179.6099967289773,1739335799787
138.20537111821943,-473.9329457146215,323.6177401612445,179.92640885956962,0.31661870537124187,179.61003371186717,1739335799795
138.20559873989788,-473.8986864439594,322.9757209508851,179.92682015811678,0.316634371795962,179.6100390248319,1739335799803
138.20580155866793,-473.8650970427996,322.3494879614537,179.92710929096367,0.31665947110846565,179.6100859496702,1739335799811
138.2059370577351,-473.83436560312117,321.7266671256051,179.9251275076394,0.3166521540855622,179.61009813222336,1739335799819
138.20578683256218,-473.8051870871288,321.123132139912,179.9234515057894,0.3166083558996338,179.61008660045775,1739335799827
138.2058651461226,-473.77293771802937,320.5464904796806,179.92421611702358,0.31658190652044654,179.6101164199515,1739335799835
138.2061472737559,-473.7394416831923,319.9921144687944,179.9252186541689,0.31653738880066007,179.6101995745024,1739335799843
138.20639164020778,-473.7027738299474,319.4427116200893,179.92457569757988,0.31647953743844903,179.61024099224352,1739335799851
138.2069065136778,-473.6773513620861,318.9132090322657,179.92504745782716,0.31639787719741636,179.61030044372333,1739335799859
138.20728071648696,-473.6447623899837,318.3841097500233,179.92299688156118,0.3162972630795432,179.61033484754773,1739335799867
138.20719207708206,-473.61519160630615,317.8958898453497,179.92467875649814,0.316219150549286,179.61036098620588,1739335799875
138.2071622460384,-473.58013889964536,317.41808464911503,179.92506862015384,0.3161200875342802,179.61036293623877,1739335799883
138.20681642328384,-473.54508344789156,316.95471354002336,179.92471731971364,0.3160188230842048,179.6103171507073,1739335799891
138.20677133232923,-473.51646203295456,316.5109557790675,179.92497801267538,0.31599397833619247,179.6103024815973,1739335799899
138.20668503162605,-473.4842072125364,316.06673970323806,179.92281155673697,0.3159472328582378,179.61027583949354,1739335799907
138.2066049422521,-473.4593574719964,315.6483101768638,179.92307908028457,0.3159579663273887,179.61026362191305,1739335799915
138.20652898546766,-473.4301849367087,315.24993386687885,179.9227140837227,0.3159541063256541,179.61023493829535,1739335799923
138.20629340593965,-473.39884788883313,314.8662818205245,179.9226821262855,0.31592151433667226,179.61020493172236,1739335799931
138.2062343045198,-473.35384319365505,314.3313523630154,179.9234466101272,0.31593823684388944,179.61019815985125,1739335799943
138.2064843257067,-473.32935025877805,313.9964903350344,179.92473355697683,0.31598995694123566,179.6102240012387,1739335799951
138.2069561540733,-473.30180864059025,313.66243697907504,179.9238654063808,0.31607485003238267,179.6102590266107,1739335799959
138.20712784334046,-473.27768776874194,313.3436825397559,179.92263002454047,0.3161424572891478,179.61026057707798,1739335799967
138.2074724857206,-473.26101648928517,313.04796998370466,179.9234137163441,0.31617148140994644,179.61031532576618,1739335799975
138.20782452822382,-473.2420545552835,312.76605089442967,179.92293281708982,0.31621520083021565,179.61036248279237,1739335799983
138.20811262288325,-473.21530146753327,312.4969616896209,179.9215883306245,0.316235588407783,179.6104000350755,1739335799991
138.2082939011854,-473.1913446820311,312.2502228777029,179.92217431772463,0.31621394595020674,179.61042157801103,1739335799999
138.2084103878578,-473.1713766998568,312.02464017037516,179.92265167402354,0.3162133406391557,179.6104688629494,1739335800007
138.20837770994606,-473.1527650954953,311.8142068352975,179.9224082227,0.3162115497618258,179.6104824818259,1739335800015
138.20839263314397,-473.13511862739296,311.62065132313137,179.92282408677437,0.31620786178944593,179.61049662413492,1739335800024
138.20815343037907,-473.1183140805295,311.4402018848665,179.9236951870552,0.31615892036038296,179.6104742020695,1739335800031
138.20804541129752,-473.10207763755744,311.2720166792033,179.92396099203424,0.31607969495344673,179.61045618859728,1739335800039
138.20785633360074,-473.08756773376314,311.1181693370828,179.92341784891394,0.31600554286000715,179.61045149240732,1739335800047
138.20791578947617,-473.0763941908736,310.98012090385384,179.92284057705794,0.31594178086593727,179.61046092306856,1739335800055
138.20778176921235,-473.0681123053169,310.85711239086527,179.92246052384874,0.31589468152481504,179.61046313858026,1739335800063
138.2077230329957,-473.0639994014967,310.75258978711094,179.92320215138764,0.3158372098135741,179.61048767322936,1739335800071
138.20762449439192,-473.06042242692246,310.6613980103141,179.92408649533266,0.31581724974469855,179.6104896259317,1739335800079
138.20769770842685,-473.0566780096381,310.5806980945607,179.9244270300162,0.31582063126578674,179.61052145562832,1739335800088
138.20765920009404,-473.051743493695,310.51099966433094,179.92425076053487,0.31581454823036575,179.6105358221864,1739335800095
138.20774742090416,-473.04678752352095,310.4548267039939,179.9241082828926,0.31581275093403255,179.61054138265206,1739335800103
138.20776470650375,-473.04211718037436,310.40884197726905,179.92386378672475,0.3157989817128006,179.61054902432585,1739335800111
138.2077148336229,-473.0373058326874,310.372771814159,179.92364647640576,0.31580710428643693,179.61054473418318,1739335800119
138.20773008906713,-473.03291688294996,310.3445261912702,179.92341549872876,0.3157874082072779,179.6105608386975,1739335800127
138.2077124502944,-473.0280356271165,310.313792428036,179.92309613079513,0.3157797728860325,179.61056121355062,1739335800139
138.20763821592615,-473.02588060980173,310.29966377224036,179.92287864641895,0.31577008580678023,179.61055575624988,1739335800147
138.20761325837688,-473.02222271952417,310.2960705569972,179.92351782397083,0.3157619337606991,179.6105787673141,1739335800155
138.20772948118542,-473.0179391548043,310.3010048914336,179.92480273299716,0.3157736991913359,179.6105948461716,1739335800163
138.2076703463975,-473.01640578378505,310.3119496449333,179.9266043719542,0.315787489954346,179.61060243092976,1739335800171
138.20766569371585,-473.01657458034765,310.3220186093533,179.92820206294252,0.3157996274585219,179.61061649447723,1739335800179
138.2076257728166,-473.01739847106654,310.3299463099904,179.9294462674175,0.31578975611762305,179.61064272260452,1739335800187
138.2076255010997,-473.0187800029863,310.3345269547103,179.93023483318552,0.31579786587149394,179.61063256815203,1739335800195
138.20768710015923,-473.02003734636725,310.33534256972655,179.93045927617493,0.3158039893989032,179.61065365447024,1739335800203
138.2078219565839,-473.02100653437543,310.33312693089766,179.9302485937996,0.3158153819139969,179.61067248151363,1739335800211
138.2078078719275,-473.0220829693353,310.33025961200525,179.92994257708312,0.3158059299066218,179.61065684917796,1739335800219
138.2077508709583,-473.0233746134777,310.32623906662144,179.92948036087742,0.3158024862531683,179.61066078988253,1739335800227
138.2078755982697,-473.0244288577095,310.32209630421056,179.9289908898202,0.31580591429640925,179.61067142069777,1739335800235
138.20791907347382,-473.0255026959158,310.3183200443551,179.928542180411,0.31579597319832375,179.61067553139927,1739335800243
138.20776340511057,-473.02634604173227,310.3153040961244,179.92817504322608,0.3158003269076381,179.61064618801493,1739335800251
138.20780762962917,-473.0270799402475,310.3122223478115,179.92779435477624,0.3157911038751118,179.61065758394932,1739335800260
138.20780862091414,-473.02775557003235,310.30902327824475,179.92739321031885,0.3157886581025947,179.61064849090107,1739335800268
138.20787789576792,-473.0283816632421,310.3060206838606,179.92702611009298,0.31579314567223843,179.6106531290684,1739335800276
138.20787870849998,-473.0288295173577,310.3036749288594,179.92673381520115,0.31579139983265064,179.61065823661727,1739335800284
138.20781136589343,-473.0289883796023,310.3016039978937,179.92648214559483,0.3157832050620037,179.61062950646655,1739335800292
138.20774418705543,-473.02910571022437,310.30002273293815,179.9262714914565,0.31577542653039287,179.61064194617305,1739335800299
138.20780137034504,-473.0290235256708,310.2987489533839,179.92612185011862,0.31577467254824876,179.61063417583878,1739335800307
138.20784673417901,-473.02893014946983,310.2973073788107,179.92593147835518,0.3157670808795,179.61063989269584,1739335800319
138.20780418293305,-473.02882203531124,310.29629677715724,179.92580908270793,0.315773347493852,179.61062551748037,1739335800327
138.2078495795044,-473.02857429473084,310.2952110445981,179.92566637459197,0.3157660988763503,179.61064507246155,1739335800335
138.2077958175698,-473.0283483832037,310.2939577103505,179.9254828153106,0.3157655743835484,179.61063732381422,1739335800343
138.20778536061343,-473.0281315660231,310.29263758241126,179.92530600253232,0.31575815545756,179.61062951548067,1739335800351
138.20786797773582,-473.02795406340175,310.2914914218561,179.92515642748623,0.3157711848953829,179.61062863931133,1739335800359
138.20784569072862,-473.02766859595494,310.29007801474,179.9249524060748,0.3157569911794753,179.61062076474255,1739335800367
138.20790323455088,-473.0274071119926,310.28913249936886,179.92483683138465,0.3157566007086957,179.61062681713722,1739335800375
138.20786661607087,-473.02735552462593,310.28842749629456,179.92474840750754,0.3157358192959093,179.61062628216968,1739335800383
138.20772470224256,-473.0270996543264,310.2879338189216,179.92467361506277,0.31574936323415426,179.61059868523589,1739335800391
138.2077688964994,-473.02692046241805,310.2877447320289,179.92465324202365,0.3157425764772441,179.61061211401216,1739335800399
138.2077696046382,-473.0267833930538,310.2875237019943,179.92461921178807,0.31574254910799743,179.61060513544788,1739335800407
138.2078142714994,-473.0265287487047,310.2873114869675,179.92458520411205,0.31573581584028904,179.61061174667475,1739335800415
138.20781511566094,-473.02636052671016,310.28703864759575,179.92454441277405,0.31573579022619275,179.61061152360764,1739335800424
138.2077470466201,-473.02623351243096,310.2867932958472,179.92451720387328,0.3157289455355857,179.61060451742443,1739335800432
138.20777238808566,-473.026101518334,310.28675059020765,179.92451039662717,0.31574260991891195,179.61059766864383,1739335800439
138.20777217690957,-473.0260572138551,310.2867446120764,179.92452399339075,0.3157426136111407,179.61059764505043,1739335800447
138.2077718470389,-473.02600530229273,310.28690297351494,179.92455802298042,0.3157427314285389,179.6106045420459,1739335800455
138.20781522492598,-473.02601302448085,310.28702474365974,179.9245783289529,0.315735960942615,179.6105978335829,1739335800463
138.2077720283629,-473.02595408271367,310.287001711689,179.92456470887825,0.3157428128729854,179.61058421759367,1739335800471
138.20774786579318,-473.0257967231088,310.2869310368909,179.92454428384505,0.31572931300885465,179.61058415184948,1739335800479
138.2077734010888,-473.0257477930052,310.28678177927276,179.92451035796702,0.3157428936179082,179.6105908448584,1739335800487
138.20779335434796,-473.0255566097228,310.28651908495794,179.92445588854522,0.31572250177996297,179.6105906416004,1739335800495
138.20781923320612,-473.02539621675464,310.28608209915285,179.9243947309691,0.3157359678819206,179.61059029656764,1739335800507
138.207750829376,-473.02536128511326,310.2861807409195,179.92440147723718,0.31572926875639906,179.61057677075956,1739335800515
138.20781939525762,-473.0253069252169,310.2861990846642,179.92440829012764,0.3157360987116653,179.6105835733416,1739335800523
138.20777569625804,-473.0252279117944,310.28629194079815,179.9244286622797,0.3157430001967779,179.61057002398204,1739335800531
138.20779477735206,-473.0251862584321,310.2862640681122,179.92441502159906,0.31572262544592755,179.6105768069976,1739335800539
138.20780803596372,-473.02508599728054,310.2862134524063,179.92438784198566,0.3157295069357674,179.61057677264375,1739335800547
138.20775293627244,-473.0249597856974,310.28590857423785,179.92433345381724,0.3157294601023339,179.61056973932713,1739335800555
138.2077970973064,-473.02490589490736,310.2858671023332,179.92431304375566,0.3157226925677545,179.6105765147081,1739335800563
138.20786628242044,-473.02480238179,310.2857359961479,179.92428582671582,0.3157294882738164,179.61057641308622,1739335800571
138.20782244068445,-473.02485073202325,310.28569361939697,179.92428580391436,0.3157362184407562,179.6105627842765,1739335800579
138.20782303011939,-473.0247060549504,310.28563692923973,179.924272243969,0.31573631415671327,179.6105695248705,1739335800587
138.2078102547644,-473.02478831550707,310.28558990435573,179.92427222968473,0.3157294145899445,179.61056949669026,1739335800595
138.20782335999618,-473.0247579660102,310.2854785683401,179.92423825184446,0.31573620527040647,179.61056942644655,1739335800603
138.20789336303423,-473.02451532090015,310.28540928019066,179.92419743742235,0.3157431819904157,179.61056936937305,1739335800611
138.20782507799984,-473.02448799595123,310.285343582703,179.92418378833193,0.31573637765392865,179.61055572157042,1739335800619
138.20782586127365,-473.02442638235107,310.28518034116695,179.92414307229382,0.3157363806815641,179.61056920538257,1739335800627
138.20788242435947,-473.02433521777596,310.2850629306919,179.92412263919397,0.31573636760416574,179.61056911144198,1739335800635
138.2078826076051,-473.02436082967483,310.28503089150746,179.92410904236354,0.3157363464063214,179.61056909965626,1739335800643
138.20788335233084,-473.0242230718573,310.2849041447861,179.92408192298512,0.3157364124591112,179.61058259165154,1739335800651
138.20789599357406,-473.02424879509266,310.28487220192335,179.92406819085397,0.31574315368033595,179.6105553855758,1739335800659
138.20788344481764,-473.0242597698289,310.2850744621175,179.92408857172538,0.31573647791490456,179.61055554299466,1739335800667
138.20781545115878,-473.0242082115224,310.28488689872637,179.92405456463612,0.3157296366816933,179.61054860353576,1739335800675
138.20789655871542,-473.0242100405561,310.2850193911657,179.9240613548142,0.3157433085730546,179.61054871363027,1739335800683
138.2079403550973,-473.0241817569178,310.28491122071455,179.9240477807587,0.31573646293589025,179.6105622281418,1739335800691
138.2078289209529,-473.02415225438267,310.2848422616931,179.92401378825568,0.3157365144532582,179.61054859273042,1739335800699
138.20788609463065,-473.0240313154361,310.2845191370136,179.92395260175735,0.31573643608869684,179.61055515225607,1739335800711
138.20794270487798,-473.0239969151855,310.2844214968421,179.92392537039453,0.31573640897186916,179.61055508960428,1739335800719
138.2079677935135,-473.0239652982303,310.28446416248534,179.92392539940155,0.31575006518544657,179.61055512130943,1739335800727
138.20792428849944,-473.0239693485512,310.28445046701137,179.92391861545636,0.31575687394288,179.6105483151061,1739335800735
138.20795536345727,-473.0239838793984,310.2845020836657,179.92392538491293,0.3157432842265854,179.61055515672635,1739335800743
138.20796877735586,-473.02389053704115,310.2843814118237,179.92388460839783,0.31575012700134664,179.61055507513487,1739335800751
138.2079575839322,-473.0237339795039,310.2842512112084,179.9238369666353,0.3157434159399671,179.61054818376078,1739335800759
138.2080148134244,-473.0236504251183,310.2840041218764,179.9237758177358,0.3157433815969161,179.61056161260757,1739335800767
138.20790427076673,-473.0235094625539,310.283682095555,179.92369423563167,0.31574339343651225,179.6105477854076,1739335800775
138.20808713135276,-473.02330045334344,310.2832200528846,179.92358551175406,0.31575013540008434,179.61057465471424,1739335800783
138.20797675273423,-473.02314702976827,310.2828842354357,179.92349713114928,0.31575015755228975,179.6105608198084,1739335800791
138.20809068108676,-473.0229411560953,310.2824679278063,179.9234087505815,0.315750102904149,179.6105741116256,1739335800799
138.20803680088466,-473.02267856012367,310.28188240165133,179.9232931008789,0.31575001877756487,179.6105532739717,1739335800807
138.20812013757396,-473.0224401521943,310.2813168388453,179.92317079442094,0.3157635448419879,179.6105664599962,1739335800815
138.20812238616944,-473.02223798520606,310.2806005373963,179.92303482452664,0.3157633493950947,179.61056593487436,1739335800823
138.20816215345013,-473.0219856188828,310.279888981272,179.92289893559578,0.315783600268226,179.61057220424263,1739335800832
138.20820926209868,-473.0216118624321,310.2788539189767,179.92270172700742,0.31577656064939325,179.61057143655756,1739335800839
138.20829420862043,-473.0211823629092,310.2777397555302,179.92248420398386,0.3157899389526064,179.6105774083886,1739335800847
138.20832897114357,-473.0209123003832,310.276353222127,179.92223946689904,0.3157758355406966,179.61058999353412,1739335800855
138.20835814705177,-473.0205220021054,310.2747460506315,179.921960720323,0.3157888890170883,179.61058200210329,1739335800863
138.20849827671486,-473.02030382754566,310.2735473710427,179.92174995904705,0.31580200369207545,179.61058792856528,1739335800871
138.20852559677678,-473.02013782177596,310.27225776821933,179.9215528696862,0.3158150220315068,179.61059376799238,1739335800879
138.20860857252868,-473.02007866121755,310.2713639626902,179.92139649657506,0.31582818353317926,179.61059313073244,1739335800888
138.20890154708357,-473.02027071280355,310.2705254163801,179.92129474094853,0.3158954935169716,179.61062652394477,1739335800899
138.20884476468987,-473.02033695536653,310.2705805812286,179.92132185998514,0.3158954336333402,179.6106061591957,1739335800907
138.20893803645083,-473.0202863094527,310.27096580872404,179.92136949276326,0.31591608840501195,179.61061324029006,1739335800915
138.20886965246834,-473.0202894521513,310.2710462025837,179.92136951565797,0.31590937608180075,179.61061330788382,1739335800923
138.2090440332904,-473.02017081969075,310.271298457273,179.92141028551302,0.3158823669931135,179.61064747507382,1739335800931
138.20882481174112,-473.020323437551,310.27171547201925,179.92147821225723,0.3158553180441591,179.61062739494494,1739335800939
138.20870538321515,-473.02036631767396,310.2722631668299,179.92156644462096,0.31582158153501844,179.61060739794303,1739335800947
138.20862391131553,-473.0203610576677,310.2725674227117,179.92161400467057,0.31580816723030275,179.61060081651823,1739335800955
138.20857286879186,-473.02047762203483,310.27290394783523,179.92168189398765,0.31578103220235154,179.61059426589048,1739335800963
138.20864075201322,-473.0205022051604,310.2733121096402,179.92174316977156,0.3157880462303914,179.61061496375112,1739335800971
138.20861481539276,-473.02054839633115,310.27380382971336,179.92182464741455,0.3157746561536946,179.61060172462655,1739335800979
138.2085329161482,-473.0205985255172,310.27428175865555,179.92189936403028,0.31576128568152145,179.61058847786254,1739335800987
138.2084017395919,-473.0205810431901,310.27447755681527,179.92193334383603,0.3157206398928304,179.61059541198418,1739335800995
138.2082381438749,-473.02077401895,310.27487968271987,179.92201483023015,0.3156935017966816,179.61057531491866,1739335801003
138.20819964982712,-473.02085056551846,310.27551739746303,179.92211000274796,0.3156734147732066,179.61058258946184,1739335801011
138.20813698640677,-473.0208659562252,310.2758973996395,179.9221575192694,0.315639640095514,179.61058287775373,1739335801019
138.20813679648117,-473.0209365521914,310.2757423976494,179.9221439600328,0.315639492023303,179.61058956562223,1739335801027
138.20809880322653,-473.02098537526916,310.2758915560751,179.92217783393488,0.31561910347975997,179.6105760747926,1739335801035
138.208034583999,-473.02118145077975,310.2765235243211,179.92229337311198,0.3155852875089448,179.610583344474,1739335801043
138.20805130604026,-473.02131498793943,310.27743255245616,179.9224427837671,0.315565234810966,179.61057041864862,1739335801051
138.20783219876049,-473.02132154553027,310.2779467850603,179.92253118028918,0.31553835811298103,179.6105639787679,1739335801059
138.20776215544572,-473.02138218017666,310.2786867889663,179.922653500741,0.3155319094850603,179.6105509157379,1739335801067
138.20773365093206,-473.0216360768671,310.2799786589421,179.92289145605017,0.31551877103535186,179.61055865105675,1739335801079
138.2077184225319,-473.02177999224773,310.28082899691566,179.92306820194526,0.315512249175241,179.61055924631992,1739335801087
138.20774147204492,-473.0219470596828,310.28122126997533,179.9231632977334,0.3155258456172764,179.61053912740843,1739335801095
138.20771501947524,-473.0221655906467,310.28145479865617,179.92322449294485,0.31551217581116847,179.61054610498206,1739335801103
138.2076253427622,-473.02244090849445,310.2818701999967,179.92333322334105,0.31552571902603155,179.6105192066749,1739335801111
138.20751743554553,-473.02264445797533,310.28201706766947,179.92340794881605,0.31549837012365395,179.61051249655983,1739335801119
138.20762174965787,-473.0228971029484,310.2823410009132,179.92347591764857,0.315525488477768,179.610505954701,1739335801127
138.20755281951813,-473.022977069748,310.2822559586391,179.92347594074621,0.3155185804947383,179.61050589133202,1739335801135
138.20766420986715,-473.0230744247066,310.2825470431441,179.92352356785148,0.3155186467788711,179.61052651381857,1739335801143
138.207507031288,-473.0232608009737,310.2827335078497,179.9235779331002,0.31552538877578623,179.6104994518704,1739335801151
138.2073995443686,-473.02347612786673,310.2830231096914,179.9236458227379,0.3154981529112606,179.61048607332458,1739335801159
138.2071917676486,-473.0236849140907,310.2834849600784,179.92375462985456,0.31547784130231304,179.61047959934848,1739335801167
138.20715170711992,-473.0239137227108,310.28394571316954,179.9238836828417,0.31545740331256744,179.61046631764154,1739335801175
138.20703099797822,-473.0242286231879,310.2843802135292,179.92398562543127,0.31542337059094006,179.61046664508368,1739335801183
138.20693659308324,-473.0242218647367,310.28483828212404,179.92406716322972,0.3154032249822017,179.6104601646046,1739335801191
138.20674197710971,-473.02443768385336,310.28526483321366,179.92414188033746,0.3153897118918309,179.61043329530642,1739335801199
138.20670430305822,-473.0244809625066,310.2853301457027,179.92415547117832,0.3153693224302535,179.61044014458759,1739335801207
138.20661572624493,-473.024612290052,310.2856292376087,179.92422344778564,0.3153829609778089,179.61041995989973,1739335801215
138.20675127738969,-473.0247901713754,310.28612177538514,179.92431185758244,0.3153966476192844,179.6104339321763,1739335801223
138.20671984814965,-473.0248296514939,310.2864323988852,179.92434587907164,0.31541042344682113,179.61042737347742,1739335801232
138.2067949154254,-473.024824779232,310.28634912766995,179.92432560840044,0.3154511947397387,179.61043411736713,1739335801239
138.2069448734253,-473.02484422654805,310.2861910555203,179.92429169735993,0.3154714901568431,179.61045441464185,1739335801247
138.20707087822578,-473.02467378684617,310.28609906427096,179.92424412223684,0.3154784025047154,179.61046795434322,1739335801255
138.20689839456165,-473.024622252167,310.28559994723764,179.92412175178706,0.3154442995833766,179.61046762239027,1739335801267
138.2069199789862,-473.0243258459,310.2851430710013,179.92399253645863,0.3154239706209764,179.6104741021167,1739335801275
138.20690848566193,-473.0242129014337,310.28507847133113,179.92395860408632,0.3154172835168876,179.6104876573964,1739335801284
138.2068963103411,-473.02420793629386,310.2849002443603,179.92393135824622,0.315410381136519,179.61048072930325,1739335801292
138.20688356966565,-473.02421267870056,310.28507827886676,179.92395861240337,0.3154036956300232,179.61049445602876,1739335801299
138.20679603971925,-473.0242394672126,310.28505424560626,179.92396543994627,0.31541726474188514,179.61048083129873,1739335801308
138.20680759754532,-473.0243704170346,310.28525114515804,179.92400620827678,0.31542404485611,179.61047418478338,1739335801316
138.2069013620157,-473.02431142639625,310.28509155040365,179.9239858189778,0.3154443678084377,179.61047405908843,1739335801324
138.20696945508368,-473.0243325192522,310.28513302203453,179.92400626646258,0.3154511443795982,179.61048767907775,1739335801332
138.20690069055402,-473.0244768572772,310.28490341085256,179.92397902106387,0.3154440990848708,179.61047392791946,1739335801340
138.20686215996443,-473.02458312392895,310.28494339986077,179.92401976851104,0.31542358261506503,179.61047394217377,1739335801347
138.2067478105843,-473.0247772169813,310.2852169758054,179.92411494747978,0.31542351521139567,179.61046051958962,1739335801355
138.20675556170087,-473.0252432199914,310.28600947988105,179.92433247687848,0.3154302161581566,179.61045427727709,1739335801363
138.2067292230166,-473.02594874841697,310.28723899801275,179.9246859678837,0.3154504527535452,179.6104347255724,1739335801371
138.20679282651565,-473.0270168706798,310.2891646795719,179.9252095027367,0.3154910774210488,179.61042927428406,1739335801379
138.20702037315365,-473.027828342449,310.29077317927613,179.92565151351133,0.3155589495992845,179.61043718779118,1739335801387
138.20702294002055,-473.02819559199804,310.29187870648076,179.92586237716642,0.3155932215620613,179.61043800296784,1739335801395
138.20715511498844,-473.0279458972837,310.2919742375718,179.92584210576996,0.31563431350888893,179.61045166625166,1739335801403
138.2072512122758,-473.02771178428424,310.2917158337525,179.92573333589507,0.3156548473345738,179.6104515084006,1739335801411
138.20722317942983,-473.02746189480774,310.29121359966774,179.9255839852728,0.3156685438388962,179.61047836434025,1739335801419
138.2073195853983,-473.02716478875175,310.29094586005345,179.92546845419002,0.3156891386370683,179.6104849936092,1739335801427
138.20752915662416,-473.02676150093924,310.2904068027515,179.92529853517613,0.31570966224626484,179.6105050238931,1739335801435
138.20759172272727,-473.0261913174101,310.2896467850359,179.92501983394925,0.31570996420633296,179.61051813231194,1739335801447
138.20765296820423,-473.0257401909396,310.2889408405575,179.92478879725277,0.31571015265632,179.61054485992122,1739335801455
138.20755196142554,-473.0252570432206,310.2883790818439,179.9245847461088,0.31568323084516275,179.61053088686745,1739335801463
138.20758738015644,-473.02487907546123,310.28794426446575,179.92440799330325,0.3156698758055805,179.6105442132252,1739335801471
138.20767759670068,-473.02462314803944,310.28750725316144,179.92427203170612,0.3156563403691362,179.61056432068636,1739335801479
138.20764904416595,-473.0243919382704,310.2870083842285,179.92414285179552,0.31566993548455385,179.61055037254442,1739335801487
138.2077076483912,-473.0241789263715,310.2864105854462,179.9240069193886,0.31566984338916354,179.61056354722623,1739335801495
138.20762741851607,-473.02422901296546,310.2861543921421,179.92394566679542,0.31565611048156117,179.61054978934965,1739335801503
138.20747800672268,-473.0241617873497,310.2859744494307,179.92393202585555,0.31563566574260793,179.61053603562456,1739335801511
138.20746510396557,-473.0242558209182,310.2860354988102,179.92394560853722,0.3156288223670093,179.6105360900057,1739335801519
138.20729561160627,-473.02439155214074,310.28622632376886,179.9239999216015,0.31562879869676336,179.61050222606804,1739335801527
138.20745008681175,-473.0244730773512,310.28638837130484,179.9240610936177,0.31562192501375264,179.610522726011,1739335801535
138.20743616166365,-473.02456572764737,310.28656866626204,179.92412910141346,0.315615091838531,179.61052963317294,1739335801543
138.20732172159987,-473.0247709053528,310.2870445994138,179.9242446009117,0.3156151291001839,179.61050277112608,1739335801551
138.20731949036463,-473.0249633516048,310.28736998558094,179.92434650354974,0.31561505091357855,179.6104893917236,1739335801559
138.2072734260157,-473.02518476796155,310.2877092602684,179.92445529414155,0.3156217788588489,179.61048281869165,1739335801567
138.20726994741688,-473.0254948982412,310.2882772827605,179.92461842076347,0.3156217112971654,179.61047640953046,1739335801575
138.20725483756175,-473.0256464038883,310.2889632924397,179.92477469640042,0.3156150664107314,179.61046328578868,1739335801583
138.20729095365704,-473.02570696994206,310.28928072971974,179.92484956076734,0.31563555282165867,179.61047029976558,1739335801591
138.20731524845286,-473.0256795122796,310.28956115025187,179.92490401491403,0.31564931346656755,179.6104772870608,1739335801599
138.2073037203837,-473.02564408912775,310.28927148939107,179.92484277664798,0.3156424033832568,179.61047028855378,1739335801607
138.20719196851425,-473.0256969596215,310.2891556011097,179.92480878441995,0.3156423537652136,179.6104566250237,1739335801615
138.2072614643996,-473.0256072876127,310.288884380313,179.92475441104165,0.3156490810111764,179.61046322777668,1739335801623
138.20735562151157,-473.0255413826407,310.2888295013378,179.9247273356079,0.31566953543356263,179.61048359282458,1739335801632
138.20735684093012,-473.0254050058871,310.288548847868,179.92466599918077,0.31566948059068695,179.61045619146032,1739335801640
138.20735733288456,-473.0253676258353,310.28850747204706,179.92464571604802,0.3156695383056557,179.6104765641055,1739335801648
138.2074393252017,-473.02535420904655,310.2881998531845,179.92457772310541,0.3156829920462291,179.61047636011776,1739335801660
138.20748646210868,-473.0254420630664,310.28460961408064,179.9241019289491,0.3156740240373254,179.61050090672614,1739335801668
138.20726091148697,-473.02678492457017,310.26747035893413,179.92196032824518,0.31565589626533597,179.6104474768185,1739335801676
138.20718972271283,-473.02930200525617,310.2240035611465,179.9166303943207,0.3156343989212535,179.61040842521356,1739335801683
138.20624637126292,-473.0277995676053,310.2002905167305,179.91375477403088,0.3156145035382097,179.61030196259236,1739335801691
138.20429462457872,-473.0262362070138,310.1847334163139,179.91208910594062,0.3156062018524036,179.61004501664684,1739335801699
138.20099286827786,-473.0263018178164,310.17107081510267,179.91137536985198,0.3155764557923074,179.6096666766393,1739335801707
138.19548863576497,-473.03188756354086,310.158250689335,179.912347823698,0.3155610876056438,179.60904354547858,1739335801715
138.18707837480926,-473.0414557574214,310.1381689067446,179.91417024441725,0.31553579804056087,179.6080943708812,1739335801723
138.17729708095774,-473.05344666280496,310.10185394705394,179.91587094924856,0.3155026593929537,179.60708408587374,1739335801731
138.17266592781624,-473.0678609505806,310.04657538775376,179.91762045888706,0.31547136904283396,179.606894284096,1739335801739
138.16967958595143,-473.08548914510436,309.9694714449533,179.91948020679132,0.315398847495381,179.60716891955747,1739335801747
138.16681524804122,-473.1095185543001,309.86771169449696,179.9217154127207,0.3153481074594178,179.60769498513957,1739335801755
138.16285703999813,-473.1390512446792,309.7378984013051,179.92388439000433,0.31526367852043224,179.60839501749672,1739335801763
138.15627616188445,-473.1740067175363,309.5781270417182,179.92534822193463,0.3151931263624574,179.60907752976183,1739335801771
138.14608886208813,-473.21436913333855,309.3862839610545,179.92583458871846,0.31514891518976046,179.60954377766825,1739335801779
138.13232475929658,-473.2615959850602,309.16182863129166,179.9256627849782,0.315121997218755,179.6097592812231,1739335801787
138.11705271811027,-473.31914325524235,308.90653310717255,179.9266751172451,0.31510019530741107,179.60996935887047,1739335801795
138.09904419358492,-473.3837183467957,308.6116021811619,179.92657375872525,0.3150630081968305,179.61003882559385,1739335801803
138.07936419271297,-473.4476937886195,308.28252165732823,179.92464504298658,0.3150560938090867,179.6101079004086,1739335801811
138.0471809950588,-473.5476037140435,307.75791152792016,179.92524171687984,0.3150262932681446,179.61025777330804,1739335801823
138.02292992990607,-473.62010605816516,307.38905261277824,179.92544337526672,0.31499536026564934,179.61019083680662,1739335801831
137.99702040333844,-473.70406495208294,307.0025650711682,179.92617631561654,0.3149123407439968,179.61011723834946,1739335801839
137.9702620451774,-473.7888648823496,306.5955086226732,179.92483590272244,0.3148155894677911,179.6099603152324,1739335801847
137.94400662745934,-473.8640349490408,306.1867586914208,179.92409364283432,0.31474952291841785,179.60982752324256,1739335801855
137.91686779860103,-473.9404876936792,305.7866769193281,179.92476647582762,0.31474038459192855,179.60974224605567,1739335801863
137.89190516809853,-474.02121955924935,305.38913579740887,179.92503141165682,0.3148182864872354,179.60985775467915,1739335801871
137.86823630878095,-474.10714524492363,304.99864252013725,179.9260513634693,0.3150040885461978,179.61012265772496,1739335801879
137.8451814858214,-474.18236815539717,304.6252603761694,179.9267310019552,0.3153551529101488,179.61028544895603,1739335801887
137.82234427421386,-474.24837953865944,304.2705859962533,179.92853220719275,0.31585434747584706,179.6103464980465,1739335801895
137.80073312250997,-474.30817637351515,303.9330597688664,179.92819049111938,0.3162553335252898,179.6103890917613,1739335801903
137.7801163163211,-474.3717545343454,303.61445366199126,179.9276363378317,0.3164926712306244,179.6103875803741,1739335801911
137.76147498820407,-474.4327442066974,303.31913804166345,179.92691726396285,0.3165406728415367,179.61048057198073,1739335801919
137.74485551298895,-474.4815681849357,303.05611066894886,179.92584301426078,0.3165305161875125,179.61060620487046,1739335801927
137.72954602108194,-474.5233859590349,302.826159542732,179.9258685592278,0.31646176566223,179.61069682976603,1739335801935
137.71615011756995,-474.55713654989563,302.6284538700711,179.92670167518656,0.31638283279524654,179.61080615530037,1739335801943
137.7040428786149,-474.5856100074672,302.4608672579587,179.92667634232782,0.31630861636010005,179.61077084387873,1739335801951
137.69360909058864,-474.6099871078479,302.3209870728687,179.92579954914368,0.31623622507885124,179.61067061465252,1739335801959
137.68589444885228,-474.6309208244206,302.2108039072317,179.92515916426083,0.31616340341080473,179.61065604411846,1739335801967
137.6798493376784,-474.64930238149697,302.1236570006988,179.92480990256445,0.3161042132686646,179.6106399702439,1739335801975
137.67819030730735,-474.66372150340817,302.0574457844814,179.92465003291707,0.31606446882846334,179.61098769761603,1739335801983
137.67876331351619,-474.6737321495719,302.0099318985144,179.92472730506537,0.3160361084351418,179.61147276698267,1739335801991
137.680790564221,-474.6801086040647,301.9758408546159,179.92455912454594,0.31602247243673826,179.61200958996477,1739335801999
137.6827556213652,-474.6832463299032,301.95498120092066,179.92448558652035,0.3160291891374644,179.61244137879697,1739335802007
137.6849489325649,-474.6846782675936,301.94084189727033,179.9246226667462,0.3160355005025127,179.61288520332005,1739335802019
137.68528855049428,-474.68493568621926,301.95054216145996,179.92643152092407,0.31605165685542935,179.6130076853932,1739335802027
137.68529957851337,-474.6824706892922,301.9730899205628,179.92945027760882,0.31607722438778446,179.61305805635254,1739335802035
137.68506775811346,-474.67995514322826,301.9929577796526,179.93193187095721,0.31608863543093013,179.61307255131106,1739335802043
137.6846020069491,-474.6790328709222,302.0015792232061,179.93299237270625,0.3160867680849539,179.61301767710347,1739335802051
137.68330518148122,-474.6797239053093,302.0015624134659,179.9329991719307,0.3160864987153027,179.61286134580797,1739335802059
137.68187393154642,-474.68047732037024,301.9990842652975,179.93264568036514,0.31607162205621164,179.61270320771501,1739335802067
137.6804684755146,-474.6815211174575,301.99505242717674,179.93206769812454,0.3160694437070551,179.6125099823334,1739335802076
137.67883710033524,-474.682820696139,301.9905401832928,179.93144227684067,0.3160668881186446,179.61231641916663,1739335802084
137.67678634447063,-474.6842858417137,301.98557643676435,179.93077605596966,0.3160504411404481,179.6120817218477,1739335802091
137.67469156453234,-474.68585935959953,301.98033056523735,179.93007571592668,0.31604055320362406,179.61181283527662,1739335802099
137.67266727072004,-474.6871730775454,301.97462757756625,179.9293006525545,0.31603749005516074,179.61155717540277,1739335802107
137.67140739604403,-474.6878590595676,301.9700959306181,179.92866147446784,0.31602170749910474,179.61139071547873,1739335802115
137.67056557920984,-474.6883848604416,301.96676056156326,179.92818561862472,0.3160201074423093,179.61129312233544,1739335802123
137.66994732448964,-474.6887949451383,301.96439957311907,179.9278795746243,0.31601882110489216,179.61119621670844,1739335802131
137.66953012464265,-474.6889708462255,301.96220414050435,179.9275871560997,0.31600418111138395,179.61114020284424,1739335802139
137.66898187744087,-474.6891990048502,301.95959651410305,179.92723369541181,0.31600978559288456,179.61107708971963,1739335802147
137.6683402569342,-474.6894365755483,301.95690457274577,179.92685965761757,0.31599496513876046,179.6109867244908,1739335802156
137.66759877130372,-474.6896025122427,301.9544811587195,179.92651287414114,0.31598717699923584,179.61088975014783,1739335802164
137.6671955223827,-474.68954516223505,301.9521946375371,179.92618648580375,0.3159795360942816,179.61083364613546,1739335802172
137.66684873888678,-474.68939812159056,301.9506740872787,179.92593488085586,0.31597238119219767,179.61078491907713,1739335802180
137.6666021148943,-474.68911916585705,301.949411907763,179.92572408098235,0.31595860599692177,179.61075675866584,1739335802188
137.66523626758337,-474.6903272202331,301.94809268631576,179.9255404258446,0.31595061764371846,179.61057915782047,1739335802195
137.65423728892577,-474.70324243240873,301.9428168881256,179.92494215102224,0.31592032017068045,179.60926467721788,1739335802207
137.63925087163662,-474.71904244201943,301.9297826652552,179.92336495824864,0.3158918870067891,179.6074687753805,1739335802215
137.62604516203297,-474.73340800887456,301.90855995007627,179.92076161170368,0.3158739374080333,179.6059453122887,1739335802223
137.6210545999635,-474.7398348163421,301.9027880873517,179.91977737280786,0.31585514654795094,179.60562928575303,1739335802231
137.61720803000057,-474.7448727160731,301.90514270505156,179.91948892645314,0.3158494347361708,179.6058769002269,1739335802239
137.61192692541283,-474.75282363882775,301.9146264908143,179.91973376462394,0.3158675620007066,179.60648407610083,1739335802247
137.60239466371328,-474.76760745117747,301.93157995119327,179.92056019765184,0.315853150798474,179.6072884349051,1739335802255
137.5856380048733,-474.7912603871239,301.9542197712468,179.92155473097006,0.3158733071953953,179.6080918116617,1739335802263
137.55951090736878,-474.8264375822665,301.9813570062866,179.9224188108649,0.3158654083199704,179.6087918017271,1739335802271
137.52244503479724,-474.8756562492737,302.01436654387186,179.92315367384242,0.31587017934960454,179.6093899087124,1739335802279
137.47326765733806,-474.9410680871249,302.0508033366195,179.92331163737666,0.3158655893793862,179.60994590218192,1739335802287
137.40973490531397,-475.02621571991233,302.096889195891,179.92367614822822,0.31587298493176474,179.61047174109171,1739335802295
137.33129402977312,-475.13400935574685,302.1542584404391,179.92441735019986,0.3158502417232663,179.6109759519764,1739335802303
137.23506011345353,-475.26428491477014,302.22243093442347,179.92523725367846,0.31586004770846404,179.61126103414662,1739335802312
137.11967291841813,-475.4168753128613,302.2985556119069,179.92575431415145,0.3158472791137436,179.61106644710907,1739335802320
136.98541736135869,-475.5913559236138,302.38334923781696,179.92600994525102,0.31586047679382157,179.61049469712125,1739335802328
136.83371617860018,-475.79121606999826,302.4817186951494,179.92652772003706,0.3158442990222742,179.60980175922725,1739335802336
136.6671046905844,-476.0146090379912,302.591712915517,179.92671801317542,0.3158418371970268,179.60958452639017,1739335802344
136.4810810346399,-476.27076063823256,302.72103399388516,179.9271585653676,0.31581695610754706,179.60933375521054,1739335802352
136.27863997969806,-476.54835449884683,302.8521238023248,179.9255963473288,0.31582389375930037,179.61007475074524,1739335802359
136.05070183786393,-476.8523959372601,302.98527996716473,179.9230401037782,0.31583083626409814,179.61122960613326,1739335802367
135.79618810229587,-477.19183763637,303.14271355697866,179.92329786212812,0.3158308237749909,179.61162598507426,1739335802375
135.38482327291388,-477.73043826601935,303.39806643467847,179.92317375420748,0.3157999389724746,179.61052790412836,1739335802387
135.09963154558082,-478.11015944498854,303.59063942109356,179.92303318715176,0.3157997717875575,179.61038909795573,1739335802395
134.80097431059957,-478.5044995949937,303.7866016212584,179.92267056540808,0.31578684734147333,179.61161517520435,1739335802403
134.47695092663864,-478.92559783070305,303.9896256776436,179.92424638575548,0.3157622236844642,179.6112858343847,1739335802411
134.15034795651306,-479.35641004274464,304.18741126995377,179.923293246912,0.31576400935739657,179.61069748875616,1739335802419
133.82242769188397,-479.7872303601372,304.39661622941696,179.92188716009986,0.31576204847088407,179.6105136289647,1739335802427
133.4818706382269,-480.23107466418077,304.6221225915926,179.92318464300823,0.31573957571076383,179.6110029496909,1739335802435
133.12831601170808,-480.6824318004897,304.8462083295891,179.9247919353494,0.31570786284841207,179.61074404551948,1739335802443
132.78123730393798,-481.1349857854622,305.06270469316047,179.92372717447728,0.3157186444363755,179.60997849659307,1739335802451
132.4393861217074,-481.5876975204981,305.26971568425256,179.92200471920626,0.3157037651743135,179.61030746378,1739335802459
132.0879608400412,-482.03818197070007,305.4882347199676,179.92298802576596,0.31566649306674643,179.6108339217759,1739335802467
131.7371674121315,-482.48056363969164,305.70647473260084,179.92363262426775,0.3156638558944169,179.61039386710095,1739335802475
131.4036901687076,-482.911076629425,305.9227349638781,179.92340383045007,0.3156681186267235,179.61025089818193,1739335802484
131.07857092432263,-483.3388846474787,306.125878508636,179.92381335468065,0.31563724281268707,179.61111646312781,1739335802492
130.74975257789225,-483.75997816189783,306.326902278303,179.92495058422898,0.3156103863163928,179.6116182674185,1739335802500
130.43328222775853,-484.1554678309221,306.51591328167166,179.923673497167,0.3156276513684461,179.61089095440047,1739335802507
130.14036479260645,-484.5316549612492,306.7077986642956,179.92354710218805,0.31565397776793974,179.61076124672476,1739335802515
129.86282429576158,-484.88854775544513,306.8857787446988,179.92425580290333,0.3156278577967689,179.61118091526612,1739335802523
129.59149655047284,-485.2359257412849,307.06108729518587,179.92579113076255,0.3156143502001745,179.61178001148537,1739335802531
129.3306648950454,-485.55690391843984,307.20676440963024,179.92371618766137,0.31566761679736743,179.61093857738308,1739335802539
129.09833572542485,-485.84841245818774,307.3420701164827,179.92172628995922,0.3157239554981164,179.6103426979994,1739335802547
128.8960186907099,-486.1158801440997,307.4829029223561,179.92309910867468,0.3156827024847658,179.61060260270943,1739335802555
128.70902371049806,-486.35516500493856,307.6051595813229,179.92413592498468,0.31565394599310614,179.6108290949909,1739335802563
128.45940693391265,-486.66469084627937,307.7656233866509,179.92562451106815,0.31565171435067857,179.61171639424435,1739335802575
128.31129402894794,-486.84318282236285,307.8594496371004,179.92610032042288,0.31568136648529743,179.61184876047378,1739335802583
128.18049508937057,-486.99787118277953,307.9341817452153,179.92542558134366,0.3157241994837373,179.6111940846767,1739335802591
128.07159216646107,-487.12671142407754,307.9924062544589,179.92428024055167,0.31575487526531254,179.61038610789305,1739335802599
127.98889852301154,-487.23029839328314,308.03753399946487,179.92318341655772,0.3157909563313695,179.61027742835958,1739335802607
127.92531514907157,-487.3157191995295,308.0743002532415,179.92255155830813,0.31578949716382015,179.6105327827311,1739335802615
127.87458480561608,-487.3845013356329,308.10076972148136,179.92174822275308,0.3158046712011136,179.61068189754468,1739335802623
127.83574555992975,-487.4376996449471,308.1236743496648,179.92145414344668,0.3158124187546729,179.61085242452717,1739335802631
127.80577052768852,-487.4796801115457,308.1450339174894,179.92177245877454,0.31580956856591386,179.6109174958664,1739335802639
127.78104768990242,-487.51232134447804,308.16280563302814,179.9222901634259,0.31579694667395053,179.6107807144033,1739335802647
127.76246794807442,-487.5364591913078,308.1786837896709,179.92310256556812,0.3157662163033021,179.6106067957939,1739335802655
127.74856710590265,-487.5531484948238,308.19081028629284,179.92386419962878,0.315750770324826,179.61031978586107,1739335802663
127.74013928198258,-487.5627916126978,308.20092946134434,179.92461607859374,0.31571692297658693,179.61020677202822,1739335802671
127.7386824716788,-487.56487794867974,308.2140222280511,179.92588974566033,0.31568386721092123,179.61056383391403,1739335802679
127.74154319016495,-487.5605906186957,308.22443198765393,179.92689091268898,0.3156721547196937,179.61123056371707,1739335802688
127.74755249951173,-487.55214638397905,308.2299322098112,179.9273545018064,0.3156712369630098,179.6121444840893,1739335802696
127.75273917944303,-487.5445265862196,308.2304609044472,179.92728035062882,0.31567814671389466,179.61283041413344,1739335802704
127.7534829568158,-487.54184720111624,308.2287425900023,179.92702901503358,0.31567770190802197,179.6129646531202,1739335802712
127.75342528013692,-487.54236713884836,308.22849257087023,179.92701575916416,0.3156842842436845,179.61299174604736,1739335802720
127.75458194581246,-487.54438673522736,308.2306823674935,179.92730813607932,0.3156775799478828,179.6131569737236,1739335802728
127.76428051585923,-487.5484664897636,308.2403295169965,179.9285719244717,0.3156374999215142,179.61430072866503,1739335802735
127.77831230000054,-487.55315745493874,308.2535186571671,179.93021673460376,0.3156105379725692,179.61593698804572,1739335802743
127.78287855361356,-487.555846038721,308.2606962296704,179.93091549510936,0.3155834178802116,179.61630353613307,1739335802751
127.78826798001491,-487.55832246315464,308.27203467512754,179.93110267903342,0.315598278317488,179.61630001419357,1739335802763
127.79505389911064,-487.55914650882806,308.2856927686912,179.9311985668814,0.31557006156095685,179.6161282790456,1739335802771
127.80868957657468,-487.557678333557,308.31152220070146,179.93190837733124,0.31553679771126314,179.61589816045344,1739335802779
127.83276100551876,-487.55818683770417,308.3402327752952,179.9320465736266,0.3155139962872054,179.61554938722233,1739335802787
127.86935227810281,-487.5636102715947,308.37297477138014,179.9316802573741,0.3155117254130289,179.6151243344807,1739335802795
127.92068722071647,-487.5711725598233,308.41640673437496,179.931244869993,0.3155404999148069,179.61487936258064,1739335802803
127.98858407929015,-487.5786952090903,308.470658131817,179.93023986314995,0.3155646517485604,179.61443389609653,1739335802811
128.07669592626058,-487.58668188243485,308.54137681409105,179.9290724629336,0.31559825847877687,179.61401698514968,1739335802819
128.18794911881787,-487.5930667306165,308.6282770791209,179.92720407099802,0.31564669885437646,179.61369652378744,1739335802827
128.32761109167782,-487.59826915909156,308.736770312326,179.92480875017375,0.3156942163764336,179.61366761280445,1739335802835
128.49811124074154,-487.6020386553791,308.8680152727969,179.92209522286782,0.3157693038395921,179.61371359021825,1739335802843
128.695179499767,-487.61140720715684,309.0300687744437,179.92122137529034,0.3157923631297519,179.61285496372477,1739335802851
128.91893498936898,-487.62849168854734,309.2287968943639,179.92236890782291,0.31577972729174913,179.6119399532672,1739335802859
129.1685984543601,-487.6483284333183,309.45657578466324,179.92338561455955,0.3157967476909179,179.6112211462335,1739335802867
129.4497071682278,-487.6611260043086,309.70304163227956,179.92173645928153,0.3158844252357937,179.6114176239127,1739335802875
129.77182668391256,-487.674545351573,309.9797964456207,179.92151778366855,0.3159587775479315,179.61204171065896,1739335802884
130.12713040860172,-487.6972850972149,310.2987340531001,179.92409684316814,0.3159260946611196,179.61139721330426,1739335802892
130.50468556103522,-487.7139390964482,310.62494551591533,179.922175398977,0.3159985219044752,179.610687456223,1739335802899
130.91370843676037,-487.73288230279184,310.9785172432648,179.92173626142537,0.3160801680366105,179.61121858180906,1739335802907
131.36505057452027,-487.7526702352066,311.3690720930037,179.92277760597167,0.31611624676956235,179.6116596257906,1739335802915
131.8215394816181,-487.7726448766537,311.7685772821671,179.92178658961964,0.3161454160417758,179.61039016258388,1739335802923
132.3062210173481,-487.79638013867407,312.1966107595736,179.92235544042993,0.3161618145339253,179.61055307122797,1739335802931
132.81856463453263,-487.81455489083726,312.6373250576456,179.92154295991122,0.3161786041858711,179.6100687632921,1739335802939
133.33374528252293,-487.8371718614124,313.09397056863094,179.92155893896467,0.31618462135357533,179.6097751922354,1739335802947
134.15409365508893,-487.8627444643089,313.7997275022761,179.92153558526502,0.31614357882218647,179.61014905373227,1739335802959
134.70038039665664,-487.8813209996727,314.2811300374431,179.92091457487328,0.3161160056826341,179.6102521707837,1739335802967
135.26554080090617,-487.8946507922419,314.7659906961257,179.92055309035638,0.31609670268738854,179.61028344456298,1739335802975
135.82744535930297,-487.91082983632765,315.258670428986,179.92044157046658,0.3160863292950156,179.61085885594235,1739335802983
136.392790909684,-487.92329974700965,315.75061083055203,179.92022064129114,0.3160879303071033,179.61046129402635,1739335802991
136.94945661855522,-487.9397058285453,316.2471553352931,179.9217526441292,0.31605704679038665,179.61011438056164,1739335802999
137.50613252324882,-487.94895876968104,316.7335962124853,179.92147194644042,0.31605213570560553,179.61017406258247,1739335803007
138.05433464700442,-487.96121360150386,317.22091462487333,179.9229341942215,0.31600879411642413,179.60971678237985,1739335803015
138.58456796938844,-487.9678081536251,317.6946805704866,179.92256168476578,0.31599015426413773,179.60972375378824,1739335803023
139.11465077866308,-487.97318102652184,318.1620309505389,179.92398348634714,0.31600665135445277,179.6096014653283,1739335803031
139.61527932642358,-487.9759439197767,318.6096941565913,179.92413317924223,0.31600734061259406,179.60956382518256,1739335803039
140.10632161361622,-487.977245331391,319.04152555956955,179.9246764046334,0.3160209753327735,179.60947794507206,1739335803047
140.5679385683381,-487.9756834807619,319.44641747876057,179.92402605611144,0.3159679290343439,179.60889935439053,1739335803055
141.0002636630528,-487.98145133753496,319.8383603800554,179.92497541197935,0.31598388432281777,179.60895436714526,1739335803063
141.4195030831049,-487.975138586662,320.191985780869,179.92303792893657,0.3159162863703548,179.60908543422255,1739335803071
141.80018020354723,-487.9776796119836,320.5307909924697,179.92385761512918,0.31586413251676254,179.60905183670323,1739335803079
142.14631557774663,-487.97796318233173,320.8371770388123,179.92282683919925,0.3158387301403893,179.6096497469105,1739335803087
142.47162481809522,-487.97476514013147,321.1137863920653,179.92237345048503,0.3158170008703761,179.61015912736448,1739335803095
142.76394493107418,-487.9743577644288,321.36848647445856,179.92338624702464,0.3158123935588469,179.6100764781858,1739335803103
143.01450368723172,-487.9744066946647,321.59048415036216,179.92265817741642,0.31581166137694355,179.60992480750363,1739335803111
143.23156522816114,-487.9741108864179,321.7808427838858,179.92158607055808,0.3158030348929006,179.60999640962206,1739335803119
143.42004449945884,-487.9722530507431,321.9472658990232,179.9216811851015,0.3158184305235411,179.61004495084174,1739335803127
143.58682646339903,-487.9699062793147,322.08918521162747,179.9221922178334,0.3158280694444277,179.6102071289061,1739335803135
143.7289401404909,-487.97033232640365,322.21170878353934,179.92285376811512,0.31580444931071927,179.61004604103917,1739335803143
143.89272748662978,-487.96975940144785,322.35632563468823,179.92295017612983,0.3157912636051378,179.60983716501553,1739335803155
143.97138660010077,-487.96932800633346,322.4287453666987,179.9227556248142,0.3157868974960592,179.60971924779966,1739335803163
144.02972018677997,-487.9686696081286,322.4841999689805,179.92264282753888,0.3157648929545347,179.6096741475642,1739335803171
144.072691888838,-487.96769013980264,322.52379682544677,179.9224445703997,0.31573602428135517,179.60956721861413,1739335803179
144.1042056599985,-487.9694694601182,322.5457852529073,179.921609103729,0.3156760623997609,179.60961580272718,1739335803187
144.12688468039948,-487.9717379239676,322.5566088873854,179.9205552872376,0.3156424466850567,179.60974991480228,1739335803195
144.14197670607933,-487.9743576035628,322.5618795101989,179.9197307318603,0.31559603750133414,179.6098583881757,1739335803203
144.1514174849455,-487.97638674365805,322.56502099292163,179.91926337675432,0.31555443043239584,179.60997792855935,1739335803212
144.15663154513692,-487.9770308781002,322.56647310211844,179.9189480242172,0.3155021119407103,179.61002743613778,1739335803219
144.155233239331,-487.97597814738356,322.5636664996728,179.91827353762687,0.315459390870658,179.60953589167863,1739335803227
144.1507659131317,-487.97494083555483,322.560379839033,179.9177221259792,0.31542529098554256,179.60882611518159,1739335803235
144.14628542820117,-487.97423453565114,322.55832988497747,179.9174501347906,0.3153882328301804,179.60823277861442,1739335803243
144.14416145871778,-487.9733943384898,322.55906831077243,179.91752484175794,0.3153770243581057,179.60795432888284,1739335803251
144.1435591681123,-487.96909928056994,322.56068852025743,179.9176610181695,0.31536262553530353,179.60790716008566,1739335803259
144.14191407337051,-487.95763706372503,322.56131193324495,179.917593023563,0.3153576120674524,179.60772875622635,1739335803267
144.13795941536364,-487.9424866284408,322.5741677950694,179.9189729669158,0.3153805520468879,179.60731387453882,1739335803275
144.12850466995835,-487.93418007464675,322.59385847752486,179.92121623656644,0.31542080796245625,179.6062591421903,1739335803283
144.11693131148212,-487.9330070600276,322.600043377672,179.92205938463468,0.3154379604018734,179.60496427205234,1739335803292
144.11377470070656,-487.92966032821647,322.60276046848446,179.92267874077285,0.3154295603030276,179.60471368764487,1739335803300
144.11301597592944,-487.9224672522204,322.6015043468263,179.92307458041233,0.31541832071689724,179.6048944513796,1739335803308
144.11060305612068,-487.9102449243435,322.593580362896,179.92305028759992,0.31541565044198405,179.6051504889286,1739335803315
144.09776775023795,-487.87920517105897,322.5705004629526,179.92252356292747,0.3154143434303714,179.6055668196796,1739335803327
144.0890550084493,-487.86521529990665,322.5604776441169,179.92234595159354,0.3154050713392834,179.6056301921206,1739335803331
144.0505920373535,-487.8084138506884,322.5224789530273,179.92173302282728,0.31536580212530285,179.605885029524,1739335803344
144.01440147841402,-487.7555714426449,322.4889345770571,179.92123332138553,0.3153339531270593,179.60598804407812,1739335803351
143.96969682083608,-487.6883030371461,322.4460086593268,179.92059028521953,0.3153009847942285,179.60624327330086,1739335803360
143.91463757363627,-487.60643931341826,322.3958092577771,179.92029369403073,0.3153151228762127,179.6065635605882,1739335803368
143.85051821831104,-487.5092609618648,322.34195472129744,179.92094935897802,0.3153651217377763,179.60721653161852,1739335803376
143.77340965718878,-487.3981733446288,322.28612508688246,179.92265301211427,0.315445872244189,179.60782967804315,1739335803383
143.68234735932194,-487.26950873862967,322.2277379704751,179.92520877440995,0.3155439568051642,179.6085039568541,1739335803391
143.57587732650924,-487.1194707671785,322.1573953538481,179.9272435149914,0.31566887360421664,179.6091094917302,1739335803399
143.4522873303426,-486.94447223262506,322.06492211988405,179.92750037983646,0.315750141438911,179.60949528035738,1739335803407
143.3145622754323,-486.75078739108545,321.9569441961665,179.92684808512462,0.31583033997823146,179.60978989158411,1739335803415
143.16396759635745,-486.5413394993095,321.83906306512216,179.92616142384205,0.315919183466777,179.60974639270322,1739335803423
143.00597296966447,-486.30602775614307,321.6980090065272,179.92441321867818,0.3159838696217732,179.60985600025734,1739335803431
142.83919344648157,-486.0449782341203,321.549573019859,179.92422225234367,0.3160863153479493,179.61028618421872,1739335803439
142.6549242478911,-485.7663722974113,321.41179582547903,179.92667791243892,0.31622260629242616,179.61029778065725,1739335803447
142.45366539375536,-485.46051667844915,321.24200164950383,179.9261401380909,0.3163240108548151,179.61032695084694,1739335803455
142.22971196380246,-485.1434407793345,321.06227092273457,179.92523731417495,0.3164327269897422,179.610487967879,1739335803463
141.98666605965965,-484.801225499807,320.86820061746954,179.92484189318532,0.31653287477725606,179.610372973457,1739335803471
141.73243469373827,-484.4372765335664,320.68080357929273,179.92735448496867,0.3166411016661353,179.60984245927906,1739335803479
141.47324145933277,-484.0448410271399,320.4619223253424,179.92636974268797,0.3166731024008028,179.6093174974467,1739335803487
141.2029088480133,-483.63306379810854,320.2281906585366,179.9250214954478,0.31661022583776943,179.6092595795375,1739335803495
140.9123486390834,-483.2028488585519,320.00408603386086,179.92783639947396,0.31656802193328065,179.60972615750936,1739335803503
140.44255472677662,-482.5145657843864,319.61092549283563,179.92595967589511,0.31627511813583364,179.60976332923414,1739335803515
140.12315700750625,-482.0242518266226,319.34859667056537,179.92702355336613,0.31579333645796187,179.6096588825006,1739335803523
139.79009379942298,-481.51596964805225,319.06272598147336,179.92646859439208,0.31480515858600727,179.61027409872327,1739335803531
139.43184656190522,-480.98771732391145,318.76803354967365,179.92515226735887,0.31387490611441055,179.61055946540733,1739335803539
139.06705051689997,-480.4401945015223,318.47143739497,179.92596516209667,0.3136354145289047,179.61030844220986,1739335803547
138.70320790767562,-479.87166940762035,318.1581196637149,179.9251766159308,0.31377281011646346,179.61053182683787,1739335803555
138.3230346308273,-479.28478695293455,317.85059902030235,179.927019732056,0.31402824022339093,179.61122429773405,1739335803563
137.92751204805484,-478.69384794164364,317.5242243766801,179.92784908176486,0.3143504880047404,179.61092247368555,1739335803571
137.53943153798457,-478.0714488568399,317.1874283324998,179.92775192834696,0.31468742024335417,179.6109356119273,1739335803579
137.13883885164435,-477.45396683633953,316.8494736568738,179.92879532598022,0.31502070646571784,179.6114105338692,1739335803587
136.7221203519833,-476.817941240764,316.5098350962848,179.9293149688622,0.3153449565828986,179.6109170006685,1739335803595
136.31068737633908,-476.1766932133552,316.15369599595385,179.92931430007837,0.31564627938881606,179.61017263566401,1739335803603
135.90017607837464,-475.5183915726809,315.7977413390956,179.92886151316216,0.3159043824541582,179.6112226487587,1739335803611
135.47572836472696,-474.86727651880665,315.4325410462993,179.9289622694328,0.31615656618168037,179.6108859995317,1739335803619
135.06522878565085,-474.2005194985629,315.0702417273557,179.9287299535848,0.31634602629877767,179.6108986655048,1739335803627
134.648445211271,-473.5389080574333,314.7042524764242,179.92913907705477,0.3165331530060953,179.61160976294582,1739335803635
134.22628046155936,-472.8706997160319,314.3378433218654,179.92815805777818,0.3166977863815022,179.61092845384158,1739335803643
133.81897053379066,-472.2075914596755,313.9704797604253,179.92812114314822,0.31686417201821027,179.61044530129982,1739335803651
133.4074606233666,-471.54361090146864,313.6114126106161,179.92784084012612,0.3170164333884674,179.6107798008298,1739335803659
132.99716381946828,-470.8947312944627,313.24892610140745,179.92803081475955,0.317133452514145,179.61014214893493,1739335803667
132.60726264824854,-470.2429019540971,312.8884986037217,179.92654597339344,0.31722948224453934,179.6102370019681,1739335803675
132.21375034837413,-469.60617595872054,312.5369932775208,179.92671938459722,0.3173221469044095,179.61085791189646,1739335803683
131.82523649690086,-468.97759974535114,312.1854279177573,179.92472876330626,0.31741098673036844,179.61038191106968,1739335803692
131.45933574278737,-468.3624376924571,311.8503626329703,179.9254255014726,0.31740746402141695,179.61068284544334,1739335803700
131.09685230471266,-467.76262636205945,311.5197770043467,179.92526161039436,0.31746339333658696,179.61163071271181,1739335803708
130.5660046634444,-466.89029286421015,311.0393709381107,179.92615173261814,0.3175277596797857,179.61088834714047,1739335803720
130.23973757589238,-466.3337871242407,310.7340486067419,179.92635864995623,0.31744000844328685,179.6110917629498,1739335803727
129.91451772637868,-465.7900984915334,310.44349247577287,179.92765941640113,0.3172376806690952,179.6116562495388,1739335803735
129.59243002967173,-465.27130607376796,310.15335509925336,179.9272473014512,0.31705905937822393,179.61016653676796,1739335803744
129.30692385860334,-464.763527652116,309.86653043044566,179.9248732261834,0.31678915209720104,179.6104455389322,1739335803751
129.0336659784309,-464.27812354004413,309.605238732945,179.92532897406014,0.31647477103777927,179.6114276120985,1739335803759
128.75970560522472,-463.82270816763713,309.34519881380106,179.92381948646496,0.3162491118290751,179.6120018577394,1739335803767
128.4966204822127,-463.38519472665195,309.1027393524081,179.92274389535024,0.31628915005792063,179.61130218846006,1739335803775
128.25813204672409,-462.97505377019786,308.883597421353,179.9246264456356,0.3163455676823668,179.61110686923064,1739335803783
128.0420736944231,-462.58742100681707,308.66735660824975,179.9251155787376,0.31630177867903014,179.61179586847865,1739335803791
127.83039411501382,-462.21580798438373,308.4666309371184,179.92499790365886,0.3160198011335961,179.61265087592088,1739335803799
127.6227911269133,-461.8749756744473,308.29163202840715,179.92720631620224,0.31581091893680485,179.6125644036873,1739335803807
127.42688259531415,-461.5546847581257,308.1082578729431,179.92678167243554,0.3158415369849199,179.61133365764215,1739335803815
127.25216883665574,-461.26114140870266,307.94011708413973,179.92588110811798,0.31589586362183597,179.61021541389144,1739335803823
127.10202019039099,-460.97621661394794,307.779899409794,179.92383676312647,0.31601374204482036,179.61037831722783,1739335803831
126.9627717311509,-460.7182182454672,307.64299837906213,179.9236001296919,0.31612729594150835,179.61049506571325,1739335803839
126.83372512884623,-460.48629142198047,307.5125478117501,179.9231308957936,0.3161671706707557,179.6108177913592,1739335803847
126.71361988176926,-460.27651922768206,307.3860183063562,179.92232124994237,0.31612436060456767,179.61142549771728,1739335803855
126.60075448881919,-460.0964727505858,307.28859895478945,179.92328668466763,0.3159022113837261,179.61149593188836,1739335803863
126.4478030275217,-459.85727572324237,307.15531577547756,179.92276719123984,0.31557344172946844,179.6102449867754,1739335803875
126.36438865140917,-459.71595702872867,307.08149908109954,179.9224368544685,0.31563574042975384,179.60949218899398,1739335803883
126.30330477841564,-459.5940848152255,307.0248405398624,179.92300196480778,0.31569264922626294,179.60995934851036,1739335803891
126.25406039945092,-459.49551482227696,306.97652515062026,179.92363911137966,0.31571773543640547,179.61039544157904,1739335803899
126.21215580999737,-459.414893404203,306.93329831819517,179.92394450165423,0.3157595706089241,179.6107429991197,1739335803907
126.17589452884908,-459.34724408699856,306.89513286130824,179.92385573181116,0.3157969344567413,179.6106752294665,1739335803915
126.14557130542869,-459.2922020214224,306.86150322720613,179.92353781492014,0.31583902774297923,179.6105042014675,1739335803923
126.12147033629947,-459.25015610435605,306.83418960947637,179.92325502124507,0.3158388393688503,179.61034683762662,1739335803931
126.10191870187121,-459.21662449301226,306.8114288832123,179.9228933848846,0.31582261393728805,179.61014006181512,1739335803939
126.08836206569573,-459.1925961529425,306.79508453975905,179.92272641264887,0.3158240554066379,179.61015050973703,1739335803947
126.0800297568784,-459.174649206579,306.78334655728383,179.92246817910376,0.31581867472769026,179.6103561486358,1739335803955
126.07440884676387,-459.1622099850231,306.77508629288417,179.92208549648475,0.3158143959547048,179.6105451481043,1739335803963
126.07293679762005,-459.1532272426061,306.76869565975215,179.92156478520147,0.3157980087877432,179.61096749555253,1739335803971
126.07633721381994,-459.1483533534827,306.7600395692966,179.92058682658626,0.3157676616614944,179.61180348801892,1739335803979
126.07879634127103,-459.1500882496348,306.7516608153286,179.91969647856257,0.3157366348874406,179.61239545647504,1739335803987
126.08182393891734,-459.1561247183224,306.7486794753517,179.91955986400998,0.31568512532012577,179.61296464654413,1739335803995
126.08375965164639,-459.16247836680867,306.74921913361453,179.9198035533157,0.315625730992728,179.61333941554895,1739335804003
126.08352938536893,-459.1660645819521,306.75128978818213,179.92013663274184,0.31560853617464546,179.61338201949616,1739335804011
126.08342279688364,-459.1705131539798,306.75463347923903,179.92059842379618,0.31558120618943225,179.61340530492475,1739335804019
126.08366003614336,-459.1820898212168,306.75975473524255,179.92131094516233,0.3155221563197199,179.61349854131578,1739335804027
126.08736801459241,-459.19581106890985,306.7561359434052,179.92088837262645,0.31549218880591434,179.61400016960243,1739335804035
126.09614530623648,-459.20066624623763,306.74791598642753,179.91984624776757,0.3154477014085036,179.6150755576072,1739335804043
126.10383629557434,-459.19926024441764,306.7499150579425,179.91983661961547,0.315374123346001,179.6159272150766,1739335804051
126.10491390250777,-459.2021846240846,306.75618787023296,179.9198380511525,0.3152675144205186,179.61568151611917,1739335804063
126.10598759187664,-459.2093106159506,306.76828759513353,179.9205336575335,0.3152106444494205,179.6152570761532,1739335804071
126.1100064632169,-459.2238229014807,306.78674604372736,179.92179751188274,0.31512246858262527,179.6148384121703,1739335804079
126.12009983557986,-459.2476543876136,306.809043805874,179.92318797052138,0.31506527642825766,179.61455995242287,1739335804087
126.13781211906786,-459.2814323691579,306.83557770868765,179.92447974741972,0.31503802887219773,179.61446996297735,1739335804096
126.16266276333646,-459.3264445875537,306.8671881725112,179.92560449465194,0.31506268714553454,179.61433141641183,1739335804104
126.19574087264185,-459.38268379047594,306.9006348333684,179.92597563922746,0.3150915022884406,179.61423725286994,1739335804111
126.23728741905855,-459.45230771925264,306.93961833366643,179.92598605762387,0.3151008663259377,179.61406137929976,1739335804119
126.28782786770049,-459.5368792569004,306.981991545056,179.92541906864028,0.3151342838642968,179.61380907630047,1739335804127
126.34817286373398,-459.63888537541834,307.0302994795138,179.92461188159436,0.31512746710855866,179.61341452411165,1739335804135
126.42035219143976,-459.7597047504874,307.08439597903254,179.92347700670436,0.31510827885607534,179.6131498175176,1739335804143
126.50614300816542,-459.9026435825428,307.14931767545494,179.9225505180279,0.3150696200452003,179.6130600267082,1739335804151
126.6074464239702,-460.0708441107494,307.23217855877436,179.92266677871442,0.31497134267626936,179.61320534963463,1739335804159
126.72358179368176,-460.25726418457583,307.32894832887706,179.9231191935993,0.31486252122655045,179.6133443578533,1739335804167
126.85100778868205,-460.4612432650192,307.4371160776664,179.92354761633538,0.3147994981870918,179.61278842558144,1739335804175
126.98843556182673,-460.68918214835486,307.5655487374067,179.92468640683413,0.31473215700225354,179.6116336277639,1739335804183
127.1369209780786,-460.94231227094633,307.7059362123955,179.92529514239558,0.31465910693136573,179.6107714926982,1739335804191
127.29685394717036,-461.22127102628644,307.84417668255037,179.9245581031077,0.3145812449862823,179.61029251768622,1739335804199
127.4714673086102,-461.52521495927135,307.9930478093754,179.92431036874402,0.31450215272086224,179.6103693522493,1739335804207
127.66633888933696,-461.84420997541076,308.15740625360996,179.9246590453809,0.31444353766451394,179.6112569551014,1739335804215
127.88476466548681,-462.1819371467319,308.3409232063816,179.92546238479432,0.314400924309706,179.61234732853092,1739335804223
128.1144927038393,-462.5438446832205,308.5148567896837,179.92249842591403,0.31442892466546607,179.61205607803973,1739335804231
128.35155731816678,-462.9358665876714,308.71100248339667,179.92183564033564,0.31437801526109366,179.61105150371588,1739335804239
128.7248688309167,-463.5596155001962,309.04325173497153,179.9236348438715,0.31423996882205385,179.61047101759732,1739335804251
128.99951696196527,-463.996448816614,309.25399839281647,179.92058936606745,0.3141650470370655,179.61118841428285,1739335804259
129.29000670758276,-464.45484332370944,309.49745134621736,179.92144898670387,0.3140269845432403,179.6106966259435,1739335804267
129.58326861540044,-464.9379532059328,309.7485762042839,179.92282831158425,0.3139327988861787,179.6096026362276,1739335804276
129.8879138877177,-465.43728518705,309.989546941457,179.92063423301207,0.3139692910398941,179.6099407575692,1739335804283
130.2143852197594,-465.94771847098565,310.26720712617663,179.92270646005383,0.31399744433661936,179.6109960873675,1739335804291
130.5471816970616,-466.4763378113576,310.5269472460807,179.9219643622936,0.31404604026661004,179.61033526533322,1739335804299
130.87887780367444,-467.0137504459585,310.8041916779916,179.9210455611656,0.3140980484359454,179.6094879066912,1739335804307
131.22213428707013,-467.5669046555999,311.08512786769154,179.92079290380013,0.3141259662593861,179.61004000658886,1739335804315
131.58437615549101,-468.1183822246613,311.3616421668726,179.91902907077176,0.31407217336884063,179.61027845937392,1739335804323
131.94219037238634,-468.67755801838257,311.6482992929967,179.91748503747348,0.3139399506139211,179.60926286208417,1739335804331
132.30083311378922,-469.2553316729984,311.9481645303749,179.91859072197843,0.3137447497479169,179.60929293587205,1739335804339
132.67625601608134,-469.8197896505696,312.24376650769386,179.9179899647364,0.313643306472525,179.6097153081216,1739335804347
133.04996642644312,-470.3983897806099,312.53592639054506,179.91817656766617,0.3136323974397233,179.6093073199653,1739335804355
133.41858120029914,-470.97457197532486,312.840151014953,179.92032536208376,0.31375667358508985,179.60983313450924,1739335804364
133.7925575689978,-471.55040940064083,313.1292161194605,179.92014783164012,0.3140932808559551,179.61023377089867,1739335804371
134.17020384195797,-472.11767433958727,313.42997052950074,179.92270603458033,0.31457863951441345,179.60998254877276,1739335804379
134.5340154018773,-472.6827990650824,313.7047286377952,179.92092467086835,0.31519089807049294,179.60993767431628,1739335804388
134.89929592731247,-473.2376808175035,313.99349611061945,179.9217014885217,0.31569594852427607,179.61068409115813,1739335804396
135.26807411117397,-473.78467223870007,314.26206755896396,179.92087924163508,0.31586932064603696,179.6109591950364,1739335804404
135.6177933019889,-474.3147627515955,314.52770090818325,179.9192285798354,0.31578580634970915,179.61070022536984,1739335804411
135.95601095768075,-474.8389274307684,314.78632280251173,179.91890608588054,0.3156000369507094,179.61075321915158,1739335804419
136.29609449739053,-475.3438133708472,315.0381181844962,179.9181601784715,0.3153361579206103,179.61064261408274,1739335804427
136.6267816211808,-475.8309881090256,315.29579635601095,179.91905133638102,0.3151321330439519,179.61016634658895,1739335804435
137.08370070901555,-476.545294637436,315.6557647472082,179.9211706216006,0.31494088502882456,179.60944966417267,1739335804447
137.38691434503713,-476.9898213469056,315.8955687880337,179.92278803472803,0.3148704180902947,179.60998520139947,1739335804455
137.6783003100224,-477.4177034886557,316.10705272724636,179.9225249773772,0.31473927169680105,179.60953723066916,1739335804463
137.94827175103444,-477.81999880168104,316.31552336388813,179.9234597682076,0.31459656385681123,179.60916975720787,1739335804471
138.201198159545,-478.20505659244776,316.5210120541129,179.9248303893145,0.3145332158408503,179.60925198710302,1739335804479
138.44559745673084,-478.5633770033974,316.6862732932769,179.92220540387277,0.314549657962407,179.609768502129,1739335804487
138.68637657426373,-478.89617192225916,316.8637509575185,179.92363545340157,0.31461188087847775,179.6104035725346,1739335804495
138.90498764668658,-479.210275690936,317.03292928080356,179.92594365613178,0.3146829043234667,179.6098170373867,1739335804504
139.10445961110437,-479.5049513307424,317.17987851330764,179.9260841314785,0.3147805751749353,179.60956340607967,1739335804511
139.2856420710268,-479.7755289025377,317.3052817596821,179.92425943636286,0.31481740133071356,179.60951992243383,1739335804519
139.45184804602408,-480.02473481028716,317.43982303730445,179.92507696713974,0.31485079992631904,179.60974991119483,1739335804527
139.60609754045112,-480.24400549008175,317.55517798826764,179.92542641816138,0.3148212643072432,179.60997233562748,1739335804535
139.74865815419804,-480.44583451878736,317.66370012472225,179.92663924953203,0.31483929242404185,179.61002855284164,1739335804543
139.88135111487506,-480.6328504931378,317.7608749579418,179.92762042589132,0.3149655206478499,179.61005215510252,1739335804551
139.9982896643099,-480.79804634848733,317.8332111527378,179.92647603132102,0.3152603596129099,179.60987551697644,1739335804559
140.09947383474355,-480.9363326071934,317.89556150487243,179.92494768152378,0.3156469397906197,179.60975359989135,1739335804567
140.18188395178822,-481.057025563705,317.95567003019795,179.92387171852687,0.31601814769574743,179.60934010275477,1739335804575
140.25054353233142,-481.1617775349545,318.0111155120118,179.92356116490754,0.31635739090708437,179.6092722370899,1739335804583
140.30663565970963,-481.2512858763792,318.06193979978474,179.92422313950973,0.31654149413908134,179.60899934722343,1739335804591
140.35338248496134,-481.32354788221693,318.10619250340187,179.92550473984699,0.31665080939754114,179.6090229739155,1739335804599
140.3916664046604,-481.3819116537559,318.1414592194403,179.92674459681584,0.3167192533150516,179.60909747002663,1739335804607
140.4242575564342,-481.42775065803824,318.1691218567624,179.927826598888,0.31675931813848224,179.60945561604285,1739335804615
140.46181158275135,-481.4752747138946,318.188958847341,179.92753361183895,0.31676600800779453,179.61007395509685,1739335804627
140.4799761403677,-481.4963727898304,318.1968777543941,179.92707511000285,0.3167622949588586,179.61043901026542,1739335804635
140.49179663266227,-481.5130513856943,318.20331176036024,179.92688439615125,0.3167431460048331,179.61052958852017,1739335804643
140.49895810627316,-481.5254380534424,318.20734634788005,179.92675699929566,0.3167202505532701,179.61045396428784,1739335804651
140.50124658277204,-481.53474638774975,318.2103305965365,179.92680795072096,0.31670084725217573,179.6100910050631,1739335804659
140.49959722801276,-481.53928079698375,318.217528698657,179.92751277299644,0.3167051477395081,179.60949893441114,1739335804667
140.49604361736843,-481.5379496885793,318.2301829047151,179.92886409598205,0.31672073385700195,179.6088147043443,1739335804675
140.49269411063287,-481.53210978059235,318.2376983322881,179.9295293088848,0.316754009649973,179.60825512045773,1739335804683
140.49052057515888,-481.5266703660515,318.24135999702673,179.92967172067097,0.316734569116771,179.6079375780475,1739335804691
140.48995091237802,-481.52395745222907,318.2415058459627,179.9294269021773,0.3166747914990579,179.60784225865055,1739335804699
140.49020763650674,-481.5204212142975,318.246938421987,179.92983486097413,0.3166080708554034,179.60787315379983,1739335804707
140.4913942599932,-481.51170487370695,318.2658420288755,179.93186750544294,0.31658110190425814,179.60802207190667,1739335804715
140.49569432805896,-481.50221647391675,318.282067855942,179.93353304466586,0.3165643846395743,179.60854296512198,1739335804723
140.50347343894765,-481.49771982354287,318.2812906640836,179.93317249063443,0.31653702314160287,179.60941924875888,1739335804731
140.51535888841272,-481.49148361134485,318.2768477679983,179.93211140499415,0.31655934716835327,179.61074163222276,1739335804739
140.530330961426,-481.4797114078199,318.26814060294225,179.92991442083206,0.3165440301427383,179.61231894324902,1739335804747
140.54080528356502,-481.4642514377266,318.2615401045763,179.92724073376948,0.3165391693482011,179.61322458965066,1739335804755
140.54657220082163,-481.44789526403645,318.26914112365756,179.92547699377099,0.3165360935867472,179.61340014503457,1739335804763
140.55134576471485,-481.42525087265614,318.2900001843186,179.92438485532765,0.31650922030570555,179.61321141763622,1739335804771
140.55703893037503,-481.394068313897,318.32393130529505,179.9239505252467,0.31644598243536365,179.61284834221019,1739335804779
140.56451793813363,-481.35194923811474,318.3713679304668,179.92387437426473,0.31632002533449244,179.61231800369572,1739335804787
140.57622455510776,-481.29568109816233,318.43464782535546,179.92424439347482,0.3162237382643985,179.61187344876166,1739335804795
140.5924731209874,-481.2238788402906,318.5118492954688,179.9244820732567,0.31616815942093573,179.6114385684704,1739335804804
140.6266612762817,-481.08413528925854,318.6551201731225,179.9242720380872,0.3161927822981714,179.61102303194028,1739335804815
140.6569226565901,-480.96710354445696,318.7699696342589,179.92345571869345,0.3162191337749057,179.6110973231823,1739335804823
140.69201933216127,-480.82916814800194,318.9046937865368,179.9226764201017,0.31628142969900125,179.61112430349166,1739335804831
140.73090173942984,-480.67150433912957,319.06339210124605,179.92287975120854,0.3162905048802684,179.61106605432445,1739335804839
140.7743812231668,-480.50071068007776,319.236636771621,179.9236853044802,0.3162396019204979,179.61105198793152,1739335804847
140.82126205007668,-480.3182004856371,319.42322042593077,179.9246372558837,0.3161865737578625,179.61089813319484,1739335804855
140.87260979352155,-480.1229326586538,319.6213602058167,179.92528713298066,0.3161833637918242,179.61079365890586,1739335804863
140.92966254019177,-479.90734028572587,319.8408403957345,179.92597465556318,0.31627823831670004,179.6108951267798,1739335804871
140.9893568635781,-479.67956513154684,320.0718563299533,179.92689048802595,0.3164726964925224,179.6108824541111,1739335804879
141.05190387188335,-479.4517473296144,320.29884967326024,179.92731560884786,0.3166611804235706,179.6109964585874,1739335804887
141.11444863862948,-479.21887256788057,320.5280949498237,179.92754952245744,0.3168269603416427,179.610969405162,1739335804895
141.17564614681157,-478.9760418806638,320.76840599867506,179.92768795106613,0.31699490622237814,179.61076720930825,1739335804904
141.23422695987978,-478.73253418001417,320.99424783904936,179.92506010720217,0.3170920086563904,179.61033780007077,1739335804912
141.291858120031,-478.49690915406205,321.2145308773755,179.92318194835605,0.31706670930423625,179.61005407319925,1739335804919
141.34643719960243,-478.2657861330121,321.4410953058922,179.92313421004752,0.31700491892036614,179.60968662535296,1739335804927
141.3996173741458,-478.0351386005425,321.66650098278285,179.92299330535602,0.3168876117560789,179.60948184680078,1739335804935
141.45059591026748,-477.81507765996724,321.875871997675,179.92178015363325,0.31675877621332493,179.60932050489598,1739335804943
141.50046016900427,-477.6109949884053,322.0760553843135,179.92179305714626,0.3166110909759238,179.60940425977478,1739335804951
141.54733093397618,-477.4172190176371,322.2728056254456,179.92356254820785,0.3164638823868265,179.6095802070141,1739335804959
141.5912186840113,-477.2336927175731,322.45742633644244,179.9250897582788,0.3162861923904712,179.60979511179116,1739335804967
141.63151056750672,-477.0648299672928,322.61457090638993,179.92418616737595,0.3159689793491801,179.6099772387765,1739335804975
141.66771993629916,-476.91419009864217,322.74860217415585,179.9217908092346,0.31552480721581705,179.61022509988612,1739335804983
141.7000262995693,-476.78127340259715,322.8665544606637,179.91987376768031,0.3150519929922709,179.61037274773577,1739335804991
141.7414207183101,-476.61334088848344,323.02661697476617,179.9200106841002,0.3145575977387491,179.61059115414793,1739335805003
141.76446482974228,-476.52269509806706,323.1216970846403,179.9216406568581,0.3145156687337241,179.61077558566174,1739335805011
141.78319598574728,-476.45034870228915,323.20082613899797,179.92333387975813,0.314572272358675,179.61085339017447,1739335805019
141.79888547479442,-476.39371128753606,323.2649841143769,179.92480479145416,0.3146804027920228,179.6109409570673,1739335805027
141.8114576449677,-476.3502694259284,323.31206001292867,179.925482285032,0.314796000780588,179.6109890790576,1739335805035
141.82083106153075,-476.31722962738047,323.34354397369367,179.92525774728603,0.3148807866325248,179.6109919525985,1739335805043
141.82758667441732,-476.293436057169,323.3633123986615,179.92445048931745,0.31491987080247635,179.61097286284993,1739335805051
141.82850081382455,-476.28058213969507,323.3795540368071,179.92405941942695,0.3149248989371307,179.61047569675932,1739335805059
141.82665923686199,-476.274020806859,323.389933340352,179.9237714156718,0.31492219819367917,179.6098245439766,1739335805067
141.82333880510527,-476.27109758498153,323.3972009291729,179.9237831840148,0.31490988724277524,179.6090960520546,1739335805075
141.8202712719463,-476.2704354225368,323.4008543041158,179.92390432501523,0.31490749737837387,179.6085074074861,1739335805083
141.818824704335,-476.27507144026873,323.3916473889683,179.92275444498995,0.3149172495857555,179.60815445648362,1739335805091
141.8185832492675,-476.28059545466283,323.37997722621503,179.92140796017244,0.31492991151330757,179.60804448925364,1739335805099
141.8190125264187,-476.2837260727059,323.3715443655007,179.92042839134854,0.3149829645856329,179.60801822323376,1739335805107
141.81937776538913,-476.28249694275655,323.36977012990485,179.92017615934304,0.31508972854826633,179.6080235635742,1739335805115
141.81907602233272,-476.27716593253484,323.36741042801054,179.91982206804735,0.3151851188951352,179.6079667096025,1739335805123
141.81595918169592,-476.26475300326524,323.3598231180867,179.91879532168747,0.3152104547730961,179.6075921700109,1739335805131
141.8059655931001,-476.2552036172818,323.3653162191289,179.91939327226137,0.3152686685124778,179.60640482771402,1739335805139
141.79792929487542,-476.24401208621265,323.37988430726824,179.92120183360555,0.3153080870786336,179.60553672095688,1739335805147
141.79503367349554,-476.23377897645025,323.390750181426,179.92277305913342,0.3153346705823812,179.60537983563123,1739335805155
141.7922578724601,-476.2262995714585,323.390347125595,179.9233933495334,0.3153721787512644,179.6053844889674,1739335805163
141.78817513860034,-476.21893204595636,323.38438901635766,179.92403596649555,0.3154403404128649,179.60560181319903,1739335805171
141.77965602491108,-476.2077536099991,323.36706214545603,179.92385933363667,0.31549958757748986,179.6058841738742,1739335805179
141.7526712693204,-476.1807615088562,323.32148944539165,179.9225269779865,0.3155363937358755,179.60639858063078,1739335805191
141.72111650835578,-476.15708576992773,323.2797271371323,179.92156270805074,0.31554313686479846,179.60651509469614,1739335805199
141.6789389576787,-476.1268643546236,323.23021618237067,179.92089715852285,0.31552766549331523,179.60650087106865,1739335805207
141.62838271345345,-476.08945507539846,323.1727481668341,179.9208035787082,0.3155461447448069,179.60690613153875,1739335805215
141.56556425837286,-476.04319421986935,323.10387175830846,179.92088127581448,0.3155753287477358,179.607319989752,1739335805223
141.48712214561084,-475.98590591902166,323.02064458400594,179.92083917980898,0.3156004211070924,179.60755619366873,1739335805231
141.39532179117626,-475.91557773188777,322.9231524557376,179.92073868800958,0.3156229328613422,179.60792730581846,1739335805239
141.28748427718267,-475.82897951443056,322.8030584782684,179.91988023365673,0.31562266246668114,179.60821549273808,1739335805247
141.16111925465466,-475.73190474858524,322.6682032601463,179.9198968610979,0.3156580831190322,179.60841302985398,1739335805255
141.0144287797297,-475.6260148965961,322.5242214605803,179.92163417965344,0.31566818858357587,179.60874169879597,1739335805263
140.845056563202,-475.5109185538611,322.36656715090527,179.92377342446795,0.3157179820890064,179.60896759110676,1739335805271
140.6560799897926,-475.37448308893613,322.18292419955526,179.92439446716259,0.3157708888492182,179.60889684466494,1739335805279
140.4555412223518,-475.22163927610427,321.98013990085684,179.9245551805772,0.31585143871656046,179.60901125478463,1739335805287
140.24208795254128,-475.0598798613972,321.764264150624,179.92658021545137,0.3159317329893592,179.60905639783985,1739335805295
140.01191317631336,-474.87803214615496,321.51135412745845,179.92642797527523,0.3159710676490135,179.60917703554728,1739335805303
139.76046890478358,-474.6839684575389,321.24160339534,179.92566825678725,0.3160212903664044,179.60996114893734,1739335805312
139.48078536950055,-474.4766595836431,320.9505496754662,179.9250211362021,0.31604226722371576,179.61045875970623,1739335805320
139.18279158774922,-474.2614000298794,320.6468089421295,179.92585057382743,0.31604626869811053,179.61018081826703,1739335805327
138.88237807699176,-474.02075212963547,320.32236067676234,179.92504007574027,0.3160132968151388,179.61054263918118,1739335805335
138.56151516157584,-473.7739604494687,319.9987151312477,179.92792662936054,0.3160178799021214,179.61062814717585,1739335805344
138.2137367954402,-473.51127091406994,319.6446853005225,179.92805095044164,0.3160412030170923,179.61070749438227,1739335805351
137.85896065397947,-473.2409838833381,319.2771421721338,179.92837551446024,0.3160947008892059,179.6104135407522,1739335805359
137.5016022444326,-472.9566981654648,318.8877677766032,179.9276161585583,0.3161317619646544,179.61043311283348,1739335805367
137.12729261915345,-472.6622443121431,318.4829429955227,179.92618480601985,0.3161610232996052,179.6109889193338,1739335805375
136.73474608301186,-472.36042595103055,318.0841156560253,179.92732451120074,0.3162026917471471,179.61071665766354,1739335805383
136.34303853152733,-472.0480418895638,317.6789146039207,179.92844238757036,0.3162510038940176,179.61019309520645,1739335805392
135.7369956765811,-471.5715633731916,317.04358979200066,179.9282226859508,0.3162563407498292,179.61083610445328,1739335805404
135.3266346025086,-471.24951819500046,316.61035389520697,179.9284569202499,0.3162847199147613,179.61034911753345,1739335805412
134.9261748241226,-470.9168308885805,316.17534597133687,179.92793668519178,0.3163091794474112,179.6110232139418,1739335805420
134.5098289500109,-470.58449446349186,315.74885316407506,179.929553769871,0.31633215150854027,179.61138296173277,1739335805428
134.09785562029634,-470.24961690558933,315.31481055381704,179.9293617736057,0.31636325052640735,179.61082026793915,1739335805435
133.69392754426207,-469.91344304726204,314.8709340357759,179.92817485844157,0.3163616855069505,179.61080790108224,1739335805443
133.2801834517596,-469.5897387845577,314.44065207519765,179.9281365258203,0.3163454217798442,179.6107398306641,1739335805451
132.877979655602,-469.2600532826206,314.0145796028185,179.92813601955734,0.31636476390740464,179.61014507538997,1739335805459
132.48605984129932,-468.9323490465965,313.6002516167754,179.92911156235851,0.3163745863990345,179.6102199807471,1739335805467
132.09346143331422,-468.6126239266069,313.184742220184,179.9287857415342,0.3163882296940184,179.61087425423372,1739335805475
131.71251554131462,-468.3031740038016,312.77578184323056,179.92838358215678,0.3163939374306458,179.6101764838578,1739335805483
131.35357537622534,-467.99754258465185,312.3795059568297,179.92766151389705,0.31640562425979424,179.61081723750277,1739335805491
130.99238127804466,-467.6963167607541,311.999140697823,179.92719890496537,0.3163965585517418,179.61141116862265,1739335805499
130.6418450963978,-467.40477348427686,311.6342451305672,179.9271069718814,0.31641350022084347,179.61012316319997,1739335805507
130.3259823082493,-467.12386566037827,311.28477996759796,179.92729473809362,0.31641861255902154,179.61080888641237,1739335805515
130.01679840893672,-466.8596142872273,310.94885449006443,179.9281512149305,0.31637864991184866,179.61166450122616,1739335805523
129.70805466131446,-466.61320831102006,310.6293988135023,179.9281695933629,0.31639209571457844,179.61082432726113,1739335805531
129.4278436261202,-466.37907961296315,310.33286343017176,179.9303055160404,0.31640788840622025,179.61027651442822,1739335805539
129.18161918671694,-466.1477992769325,310.0555626630083,179.93109450657764,0.316425432301557,179.61132556453197,1739335805547
128.82122863085408,-465.8363192821957,309.68051767774915,179.932825004823,0.31640272525471275,179.61232363887535,1739335805559
128.59059930423157,-465.6481199748379,309.43891364632293,179.9320223171031,0.31641420560182626,179.61157542921876,1739335805567
128.38462609768575,-465.4752053834211,309.21754689269113,179.9300911111299,0.316413455385588,179.61031141908703,1739335805575
128.21147307334402,-465.3162295801776,309.01532433309495,179.92854691016305,0.3163661774849728,179.61076599652415,1739335805583
128.05649654259628,-465.1727773048439,308.8287284687943,179.92837529790216,0.31625401628416633,179.6111332492724,1739335805591
127.91477470653173,-465.05072838373695,308.67114798115085,179.9292708533871,0.3161805126998186,179.61170443093485,1739335805599
127.78499704932584,-464.94177813729766,308.53423452624264,179.92925505347287,0.31617225084094064,179.61224201160846,1739335805607
127.6652029394178,-464.8445347056275,308.4088764319943,179.92837911786566,0.3162014709074413,179.61203748582517,1739335805615
127.55756964977306,-464.75727004878206,308.29848824650037,179.92725228032776,0.3162094339084086,179.6111271133604,1739335805623
127.47188239812837,-464.68355783840076,308.2134165401154,179.92733506593885,0.3161633359968237,179.610606988533,1739335805631
127.40429286176827,-464.6230394802939,308.14281135273825,179.92768498953262,0.3161057940510465,179.61029838984672,1739335805639
127.35052007552467,-464.5726132006866,308.08474583655254,179.92789742577185,0.3160629931798865,179.61015876416448,1739335805647
127.30880541820436,-464.53158510371236,308.0398150628085,179.92819760304806,0.3160241741151821,179.61016789305634,1739335805655
127.27674423814302,-464.4977191464144,307.9998504617224,179.9278789017901,0.3159756597200962,179.61020340929701,1739335805663
127.25209980684843,-464.47078284610507,307.9670540599738,179.92727005541687,0.3159461267867143,179.610266839694,1739335805671
127.23292319245783,-464.44974331726405,307.93987124666,179.92641942121747,0.3159344432742267,179.61025462966276,1739335805679
127.2185832312392,-464.4345723410186,307.9192933168461,179.9255656649793,0.3159221769035961,179.61029657039748,1739335805688
127.20774243100688,-464.42417097898704,307.905462965852,179.92496795211437,0.3159379242891369,179.61021561666212,1739335805696
127.20156124817598,-464.4190752180949,307.89136756573674,179.92382353482114,0.31594812513689735,179.61027163079578,1739335805704
127.2010184431587,-464.41821504940333,307.87487248544073,179.92213352163344,0.3159653540933667,179.61072099792617,1739335805712
127.20654792790472,-464.4185102651593,307.8610587415625,179.92061202335947,0.3159644947932493,179.61174392763763,1739335805720
127.21175512124319,-464.4229255921885,307.85632434462735,179.92012986239317,0.3159481694510787,179.61260428755025,1739335805727
127.21469368013938,-464.4281723399068,307.85674101796883,179.92025218040087,0.31592042654117886,179.6131014843415,1739335805735
127.2147976034388,-464.43198785695245,307.8607377457299,179.92082918578572,0.31587206016703867,179.61317283772192,1739335805743
127.21419583819846,-464.43445308108465,307.86260040432745,179.92125697002018,0.31584049361429994,179.6131403178793,1739335805751
127.21735016892346,-464.4464570828353,307.8460660722592,179.91967326971672,0.3158706066926874,179.6135570521377,1739335805763
127.22557343045288,-464.45612867691585,307.8349766136272,179.91863288956222,0.31587851052715277,179.61457619932858,1739335805771
127.23585407397917,-464.46037949250626,307.8431299153399,179.91989688687073,0.31585420967929645,179.61581341620234,1739335805779
127.23842308433377,-464.4637465594236,307.84916064168567,179.9208269175893,0.315825236786179,179.61598140826084,1739335805787
127.23916644903326,-464.4661975010962,307.84973072113274,179.92138921379464,0.3158087066341647,179.615764097268,1739335805795
127.24106067307304,-464.4718581224554,307.84581929281165,179.92197030209581,0.3157779436112561,179.6154684370572,1739335805803
127.2467894426196,-464.4820348576264,307.8349921009208,179.9223517671325,0.3157549184560058,179.61517430271766,1739335805811
127.25757905981602,-464.5005255967165,307.8160263696341,179.92257936677655,0.31571344928886713,179.61483343899994,1739335805819
127.27598870597548,-464.52829511466786,307.7882455370514,179.9226247830272,0.31565883652499255,179.61453384229245,1739335805827
127.30305266056327,-464.566459094912,307.75305155136846,179.92276650138402,0.31559752439449085,179.6143106231527,1739335805835
127.33848828578112,-464.617586881895,307.7052396774733,179.92256912251733,0.3155341305230829,179.6140783461728,1739335805843
127.38484096288813,-464.6803008101313,307.64490117151047,179.9221672154492,0.3154586245722517,179.61393208298597,1739335805851
127.44342221076327,-464.75656915252404,307.57080013467515,179.9215524498943,0.31536109038778787,179.61380305434236,1739335805859
127.5137772459294,-464.8496420826929,307.4821277687837,179.92117967049455,0.3152334920959317,179.61352733193357,1739335805868
127.59957861689983,-464.95940450895375,307.380697453007,179.92142255396044,0.31506068984465035,179.6135617904009,1739335805876
127.7018028008915,-465.08957518654057,307.26471530025105,179.92256419440085,0.3148105431811777,179.61371473480824,1739335805883
127.81972819007994,-465.2477374260622,307.1123906855564,179.92208271433392,0.3145951504395511,179.61355576324814,1739335805891
127.95196908522554,-465.42758604245915,306.94316356843314,179.92200376239185,0.3143930528284248,179.61284093961214,1739335805899
128.09774366428468,-465.61918276627375,306.77138276479474,179.9230292140057,0.3141883394042752,179.61179860731625,1739335805907
128.25637425172926,-465.831156014769,306.57708137639463,179.92322572999507,0.31405886679423733,179.6108629844709,1739335805915
128.42881738999336,-466.07400257946944,306.3387037539147,179.92067608024806,0.31396679589043613,179.61041287192205,1739335805923
128.61696481770326,-466.3361030000908,306.1033430566213,179.92200661334653,0.31384860381105045,179.6102438756469,1739335805931
128.82904608999976,-466.616591897594,305.85330990470027,179.923465165889,0.3138436031757087,179.61104474044785,1739335805939
129.1842781265306,-467.0684112046714,305.42659655324877,179.9217832809909,0.31405492732199985,179.61139568696905,1739335805951
129.42641591926025,-467.39513540852477,305.13624566407725,179.92409240055278,0.3142618665247219,179.6101099808707,1739335805959
129.67825285916064,-467.7354996972691,304.81297503795025,179.9235603778229,0.31460997953408526,179.60967866194613,1739335805967
129.94127667784377,-468.0823380266712,304.48644031982394,179.9234372597971,0.3148704204952377,179.6099129309581,1739335805975
130.22395305961157,-468.4454818079074,304.1429719666543,179.92384446991164,0.3149439087952718,179.6107754107616,1739335805983
130.51083996675126,-468.8191075263447,303.79739789368216,179.92422192121916,0.3147872064503073,179.610014312858,1739335805991
130.79604395071698,-469.2012265601636,303.4390142849539,179.9238740089936,0.3146341592191039,179.60934066822253,1739335805999
131.08858605315848,-469.59029076221583,303.06213224889456,179.92334514637557,0.3145429420701035,179.6097283351891,1739335806007
131.39541848185087,-469.9653883427982,302.69479717720577,179.923164487865,0.3144600377572091,179.61076319102688,1739335806015
131.70103775498575,-470.352899548788,302.3122923945678,179.92237738350545,0.3143960632359144,179.61002133253277,1739335806023
132.00000905848233,-470.74410172148595,301.9446743461304,179.92361584115085,0.3144493659728328,179.60917692902777,1739335806031
132.29972174811655,-471.1353367924876,301.5796997993861,179.92441341970556,0.31460329113655183,179.60952664288624,1739335806039
132.6066776564985,-471.5199189545487,301.21197379764686,179.9257526634627,0.314765054611013,179.61028929170536,1739335806047
132.90689300061288,-471.8920281423307,300.8497184344572,179.9263581589365,0.3147493033792586,179.60954738037742,1739335806055
133.19398463832107,-472.2630874349681,300.4807835660153,179.9258032785446,0.31474236971067654,179.60877439941973,1739335806063
133.47543002976815,-472.62437476988254,300.1323456940708,179.92734787292434,0.3148207156951013,179.60928827219143,1739335806071
133.76142397582623,-472.9732217878595,299.78184584815733,179.92597698559726,0.31487361582197015,179.61060452975826,1739335806079
134.035944204809,-473.30812188639646,299.451402456668,179.926590736636,0.3148932525653077,179.61045955767273,1739335806087
134.28697928042294,-473.63188408313493,299.12160996831244,179.92548038553997,0.3148867367708402,179.60923384468737,1739335806095
134.52600755409387,-473.93197011151864,298.8146759000413,179.9241530562991,0.3149117392769627,179.6090507979045,1739335806103
134.75713940774972,-474.2218211666222,298.5206434797498,179.92371343700395,0.31495747430308674,179.60979470844805,1739335806111
134.98221254896575,-474.48863605016857,298.26522620091333,179.9263594517011,0.315009309888888,179.61086473063477,1739335806120
135.18942506566228,-474.7404677021084,298.0145892852658,179.92564473072758,0.314990277258501,179.61073520031803,1739335806127
135.4617633481782,-475.0808012278066,297.69311165160536,179.92769015372798,0.31495103047550466,179.60969351513896,1739335806139
135.61833448126671,-475.28474842857645,297.49949708420127,179.9300077200687,0.3150414498081799,179.60948485132533,1739335806147
135.7609799286373,-475.464775482411,297.31257627958706,179.92961858561492,0.3151282454609198,179.60993186374816,1739335806155
135.88906899290947,-475.6199063812733,297.1520576271537,179.92919838202158,0.3152012820265658,179.61044375964593,1739335806163
136.0063507082955,-475.7509260676289,297.0068440805221,179.92771969817437,0.3152967475090389,179.61125690713683,1739335806171
136.10974256106155,-475.86411506478817,296.8734617992598,179.925548759473,0.3153703428567422,179.61189993308793,1739335806179
136.19699425310813,-475.9665906558311,296.75868438954916,179.92401060959628,0.3153737437683708,179.61205238042925,1739335806187
136.26698681547856,-476.0535194879019,296.6678595591456,179.9237853066136,0.3153728814908107,179.61152691724803,1739335806195
136.3224753183982,-476.1230485777793,296.60042613902414,179.92460897068645,0.31539774710509627,179.61084648997146,1739335806203
136.36549311729135,-476.1806017411329,296.5506137249416,179.92586219437015,0.3154086937045898,179.61017091427294,1739335806211
136.3976852952327,-476.2269075181641,296.5171232073737,179.92751024762285,0.3154173181233168,179.60954690830454,1739335806219
136.422577391912,-476.26279095083186,296.49106115096254,179.9286416486234,0.315439879724295,179.60928070711643,1739335806227
136.4408262032955,-476.28877948441266,296.4688442166386,179.9289550459833,0.3154669231357524,179.60905690676415,1739335806235
136.45517092341623,-476.3060700119369,296.44745248655573,179.9282532676069,0.31554963910966466,179.60913181345265,1739335806243
136.46591537242975,-476.31700465679654,296.4277710967099,179.92687507083008,0.3156779534973639,179.6093432104239,1739335806251
136.47347513794307,-476.3226324196653,296.41247257592886,179.92549236279748,0.3158084983098559,179.6095911165097,1739335806259
136.47454811136356,-476.32425259913407,296.3993905144302,179.9240361269359,0.315898488074245,179.60934355878396,1739335806267
136.47200760460785,-476.32409678252117,296.3927645698615,179.92326703955843,0.31592456602974717,179.60884208405545,1739335806276
136.46814503552125,-476.32002953454077,296.40286919283636,179.92453115374477,0.31593681744728724,179.608298058233,1739335806283
136.46527727061334,-476.314701977917,296.41767588211485,179.92638699644382,0.31593707539631355,179.6079409486293,1739335806291
136.46426913022688,-476.311698919987,296.4296407728438,179.9279778489408,0.31594104968820036,179.60782691068894,1739335806299
136.46414014697402,-476.312729345435,296.4363047093325,179.9289976253873,0.31594042596245825,179.60781838548425,1739335806307
136.4634929024035,-476.3173272407052,296.4453159649434,179.930248633881,0.31594489874361487,179.60775789989887,1739335806315
136.4588548194085,-476.33026543778976,296.4700446592964,179.93324047008986,0.31598905929949295,179.60725519005743,1739335806327
136.44962518415076,-476.33412915263915,296.483813440718,179.93460748405087,0.31601994946850875,179.6062122309371,1739335806335
136.43889297462033,-476.3357954703035,296.5014981624027,179.93604282937562,0.3160559631544942,179.60504963652505,1739335806343
136.43538728836418,-476.3400698027505,296.5118918482348,179.93615986104425,0.3160625881544145,179.60489564331556,1739335806351
136.43319067434058,-476.34758053098574,296.52347266949334,179.93582218720016,0.31605008334414025,179.6050699126938,1739335806359
136.43018914641428,-476.3577501167549,296.54106232707807,179.93513320242988,0.31606412900204267,179.6055217937845,1739335806367
136.42491390033362,-476.3723493905959,296.56837433728896,179.9343044074433,0.31607886935489043,179.60624768849743,1739335806375
136.4117993644065,-476.39159540782146,296.6059978194262,179.93298296712442,0.3161048865060098,179.60669058998616,1739335806383
136.38999772187316,-476.4162259726288,296.66051336916456,179.93157823202685,0.31614573210616137,179.60701217200034,1739335806392
136.3596687464031,-476.4451210473008,296.73139051053244,179.92962069588575,0.31619091329305465,179.6071713082581,1739335806400
136.32237164992569,-476.48026691080383,296.82171535487527,179.92735629596154,0.31626755561435177,179.60753797719954,1739335806408
136.27451960100083,-476.523353647084,296.9342979991876,179.92526281007912,0.3163685744663062,179.60803276287518,1739335806415
136.21809404276075,-476.5749581480693,297.07578348287046,179.9241425002141,0.3164737228517355,179.60893284242263,1739335806423
136.14834513363613,-476.6386062555459,297.2466538066112,179.9236759752803,0.31659036601504104,179.60968175390596,1739335806431
136.06783930405786,-476.711848106365,297.4488565796017,179.92303317726984,0.31669254904767336,179.61051250413945,1739335806439
135.97112518810988,-476.80037351396595,297.689094259916,179.9220297871757,0.31678434209043926,179.61063614383997,1739335806447
135.86008620522196,-476.90129592865577,297.9631647170074,179.9215771996821,0.3168506755314565,179.61036772362297,1739335806455
135.73649904029352,-477.0132872257765,298.2708447601906,179.92194680738058,0.3169096856846783,179.6097951356193,1739335806463
135.60190652942129,-477.13274014187857,298.6079548470897,179.9207395234775,0.3169843022279812,179.60921503822448,1739335806471
135.45820463638896,-477.27007143414744,298.9919173904064,179.9219466170681,0.3170926252343692,179.60892692411127,1739335806479
135.305738946411,-477.40880423568404,299.3994585283853,179.92119135181338,0.31719857214950614,179.60929203734253,1739335806487
135.13826814937528,-477.5594357107261,299.8446881792044,179.92122115644136,0.31734785480772565,179.60963532958814,1739335806495
134.955883685082,-477.7212984320541,300.32246844164246,179.92053534045735,0.3174405041922838,179.61047014008838,1739335806503
134.65119486689434,-477.9886485948899,301.0901974242576,179.92049349222356,0.31750441026179954,179.61147207616204,1739335806515
134.43101285453486,-478.17709931880813,301.6308570199381,179.9201427505633,0.31752953681710194,179.61081285541806,1739335806523
134.20628645644217,-478.37519309877996,302.1970285564389,179.9196566627637,0.31748249967228753,179.6099253976619,1739335806531
133.9796737509586,-478.57707372150435,302.78265202017,179.91907916416915,0.3174028088150745,179.60961954436087,1739335806539
133.74688485110596,-478.7844430739539,303.3940646600727,179.91937972869806,0.3173127692711032,179.6100768281198,1739335806547
133.50211775587093,-478.9882285087978,304.0159419944507,179.91853526950376,0.31727768602297834,179.6109712276157,1739335806555
133.24503638764836,-479.20078254549014,304.6568434232834,179.91844715720202,0.3172241710371504,179.61079470329054,1739335806563
132.98893600578808,-479.4129726026423,305.29578899239493,179.91707717063431,0.31709391976736223,179.6103051671656,1739335806571
132.73699323201095,-479.6301855414887,305.9452032759186,179.9166608602727,0.3167969213692379,179.60992047646582,1739335806579
132.48505723930288,-479.84977551129384,306.59997783235957,179.91695605094137,0.31649873252602273,179.61042443215,1739335806587
132.22530981593937,-480.06364594636716,307.25504785257726,179.91699273686353,0.3162431702849641,179.61115906160907,1739335806595
131.9607217344321,-480.2773528566534,307.9232647461899,179.9186890975207,0.31613518703941657,179.61108102741704,1739335806603
131.7030135912048,-480.48878952234963,308.5909326286665,179.92118234789132,0.3161443341151005,179.61051271650038,1739335806611
131.45844703615535,-480.68793433743787,309.23494082978107,179.92151604935194,0.31623601121994876,179.6104756693428,1739335806619
131.217863007218,-480.8887591621685,309.86868593810567,179.92147767331633,0.3164089188097449,179.61098856943258,1739335806627
130.97489338635103,-481.08270631650197,310.475774143575,179.9198726128868,0.3166582539372192,179.61164240338263,1739335806635
130.73433792482504,-481.2741283502568,311.07541417611895,179.91963794874763,0.31695213510394904,179.61183334074508,1739335806643
130.50575908978146,-481.45076341044506,311.65564658221024,179.91899658043653,0.3171865606460132,179.61135384849376,1739335806651
130.29145965060286,-481.61999986512666,312.2250739935103,179.91987270518354,0.3172335631305956,179.61095205342315,1739335806659
130.0904694815071,-481.7780584449234,312.75904757683935,179.9199100735267,0.3171259553191591,179.6109889218177,1739335806667
129.89545758154054,-481.92959472880705,313.2646854760526,179.91881552320945,0.3169978275166641,179.6112332125734,1739335806675
129.70523203436636,-482.075127090422,313.7397002837431,179.91867691203043,0.3168694737344672,179.61152486200768,1739335806683
129.5220286929304,-482.2124061932956,314.18336197628173,179.91868628951113,0.3167550516240351,179.61105455526751,1739335806691
129.27921502955712,-482.39267173782747,314.7818945540101,179.9182739183916,0.3166111103833423,179.61001445083127,1739335806699
129.1487844051006,-482.50259605508705,315.1526044421291,179.92064873215833,0.31651208054866814,179.6105793423179,1739335806711
129.02767933774106,-482.5949866333748,315.47714361750747,179.92045154539397,0.3164569059063476,179.61048598325092,1739335806719
128.91841511345316,-482.675529733701,315.768851693597,179.9203021350987,0.31641966172631986,179.6104787634515,1739335806727
128.82051015167417,-482.75057490321393,316.0360774835653,179.92205535104867,0.31630887507061656,179.6106049813188,1739335806735
128.73314717386563,-482.81604779153633,316.265039261458,179.922522569833,0.3161567233401514,179.61073255412524,1739335806743
128.65649682923396,-482.8692019043207,316.4564190282455,179.92215528237617,0.3160794542340712,179.61088159713862,1739335806751
128.59060203727844,-482.91604154696597,316.6198710118908,179.9229112654899,0.31605190868128047,179.61105279394985,1739335806759
128.53336490897254,-482.9575018137135,316.75610295169963,179.9241160437397,0.31600032752413953,179.61107744059706,1739335806767
128.48654624210283,-482.994300482586,316.86772921254135,179.92506345131935,0.31599553059029234,179.61106055592137,1739335806775
128.45010974558178,-483.02468014544553,316.959305755361,179.9258141958985,0.31599378830046776,179.6110940733139,1739335806783
128.4221920530513,-483.04835320074295,317.0302301847386,179.92600890904686,0.3160034404289433,179.61110968585265,1739335806791
128.40176219669715,-483.0651633006835,317.08502599574996,179.92598818493326,0.31601441623795434,179.61113808172783,1739335806799
128.38563968705503,-483.07679374456467,317.12404562515013,179.92567815185296,0.31602149204496954,179.6109962087909,1739335806807
128.37239178039604,-483.0851713008407,317.15094401658297,179.92527595264158,0.31600852154788917,179.61057849411603,1739335806815
128.36345099150424,-483.0906187658645,317.16730350259854,179.92480308403788,0.3159827844311641,179.61022631262745,1739335806823
128.3620467889842,-483.0949774602917,317.16841417798577,179.92335640099657,0.3159654521879472,179.61046716941087,1739335806831
128.3671844287123,-483.0982680119835,317.1663040741669,179.92226238783277,0.3159574331466931,179.61126933202968,1739335806839
128.37429717587986,-483.0990675109593,317.1605755688735,179.92113382833722,0.3159419288509377,179.61223127314983,1739335806848
128.38136313803804,-483.0954521733986,317.1507707363401,179.91972640473062,0.3159461989064536,179.61308047673623,1739335806855
128.38478783226282,-483.0914424371389,317.14293408510696,179.91865868262767,0.31594550268944094,179.61346174180852,1739335806863
128.38551236213496,-483.0885267761423,317.1391106679421,179.9181341556081,0.31590848396057924,179.61353328933887,1739335806871
128.3861627708965,-483.0856890136451,317.13860616606365,179.91802417211667,0.3158580940463282,179.6136073148448,1739335806879
128.39346477549296,-483.0769211311883,317.1374200521244,179.91778455543954,0.31579274401525953,179.6144484256503,1739335806887
128.41542170243895,-483.05156335601384,317.1367595153274,179.91751006144642,0.31572435399420273,179.61685839374783,1739335806899
128.41961181334943,-483.040237441543,317.1533922005163,179.91946009277666,0.3157086123933219,179.61712073561074,1739335806907
128.42456523686036,-483.0285803929667,317.17301867672774,179.92184974915335,0.31566476140788036,179.6171608680289,1739335806915
128.43126432846853,-483.0206123170022,317.178169558268,179.92266602412698,0.3156402946822258,179.61685757817997,1739335806924
128.44443266747388,-483.011626347673,317.17654379216134,179.92309525011746,0.3155627509658772,179.61640617453958,1739335806931
128.46744977717862,-482.9972371871722,317.166003786655,179.92304862252152,0.31551604416317225,179.61576353421353,1739335806939
128.50580601680966,-482.97262139663013,317.14598304856503,179.92264682555324,0.3154855747755366,179.61532282471646,1739335806947
128.5611841843684,-482.93706993126125,317.119660925968,179.92242547902856,0.3154754296720085,179.61497745636458,1739335806955
128.6363704702918,-482.88822044886024,317.0853270395977,179.92229840251636,0.31545910328715776,179.6143314596013,1739335806963
128.73238404892282,-482.8230066834008,317.0423729045529,179.9222121371426,0.3154666844020269,179.61354707188897,1739335806971
128.85230809193797,-482.73946245554237,316.9874449563186,179.92195996898644,0.31545944635510276,179.61265542092235,1739335806979
128.99778833971592,-482.63686327761616,316.9209763281514,179.9215624950425,0.3154373816508073,179.6118879681694,1739335806987
129.16835400541473,-482.51408124221007,316.8458052990019,179.92146794464944,0.3154212455529031,179.6110017895365,1739335806995
129.372535374863,-482.3705993400578,316.76359341709923,179.92198053344174,0.3153844847624524,179.61080054717914,1739335807003
129.61537033508196,-482.2008597159904,316.6696141591934,179.92268043993315,0.31531389200607207,179.61100795790472,1739335807011
129.90688315451033,-482.0002067716101,316.5610163267224,179.9233316962903,0.315266407353821,179.61172345165468,1739335807019
130.2370550092436,-481.7651276309947,316.42525583292394,179.92239486700808,0.31523702534060455,179.61127788661338,1739335807027
130.59684523525985,-481.5024636179762,316.2734052803117,179.92180540898607,0.3152104659143637,179.61071312890627,1739335807035
130.99507958538734,-481.21707333573636,316.117637974402,179.92345960130757,0.31515302711064985,179.61108603636902,1739335807043
131.44672638225282,-480.8990202963561,315.9473308152739,179.92476556118274,0.3150627246954164,179.61146432580986,1739335807051
131.91760063688912,-480.55208212941204,315.7512331784864,179.92430323472843,0.31500619070461566,179.61022082152041,1739335807059
132.43024817472946,-480.1825607537958,315.5506572855907,179.92530973782004,0.31495503560693816,179.61030299784574,1739335807067
133.2645323796544,-479.58572552494473,315.2163362405821,179.92760563793425,0.3148490319476589,179.60986638437686,1739335807079
133.8597538502801,-479.16121643066475,314.9794329379604,179.92866777998876,0.3148051884535098,179.61025264933923,1739335807087
134.47806386575982,-478.70987258363124,314.71789336184156,179.92732465159423,0.3147365747036334,179.6100799411167,1739335807095
135.12025314810933,-478.2451254976279,314.4538961211768,179.928212304935,0.3146591612759534,179.6105413659388,1739335807103
135.7780267644657,-477.76143086396763,314.188494135491,179.92853415349146,0.31457986935581617,179.61022508561607,1739335807111
136.4563721803041,-477.25503631597746,313.9067405119767,179.92741780670664,0.3145190483741829,179.61053966414616,1739335807119
137.1373131622524,-476.74807230120615,313.62776228613905,179.92823770222566,0.3144535527416381,179.60982185525438,1739335807127
137.8382799653104,-476.22666450700245,313.33482454226856,179.92698056139275,0.3143943602742878,179.60975243668653,1739335807135
138.53454671003996,-475.70833709572173,313.04404789409523,179.92690785030035,0.3143641550918981,179.60952127675105,1739335807143
139.2464873057667,-475.18136247063666,312.7499810819219,179.9272818682254,0.3143585867521384,179.60973531890176,1739335807151
139.94594918849504,-474.6514722733234,312.4572151448726,179.92645795296866,0.314371776814128,179.60961105776468,1739335807159
140.64533129050787,-474.11672073309575,312.1712399894639,179.927383501027,0.31438220024385044,179.60885161248274,1739335807167
141.3329385694631,-473.59043296835137,311.89659666371705,179.9285971139833,0.3143831383058846,179.6085514968971,1739335807175
142.00828746313368,-473.0718460128844,311.6165157441181,179.92796283010304,0.3143217264890309,179.60834458470137,1739335807183
142.67990721390942,-472.5616695936832,311.3359991977624,179.9277248165438,0.3142227120861364,179.6093621375779,1739335807191
143.31748060646024,-472.0698327703833,311.06445669708955,179.92714729681217,0.31415761747311044,179.60895480330709,1739335807199
143.94915087672288,-471.5815079295967,310.7943361840332,179.92534629373424,0.31412662653932827,179.6092914336774,1739335807207
144.5416248964021,-471.12050205970974,310.5462974014702,179.92651605404572,0.3141634592113252,179.60877673228669,1739335807215
145.11770834463272,-470.67107215052425,310.3110536522855,179.92683600797145,0.31425495455475605,179.60900250557575,1739335807223
145.65282833135834,-470.24755309321523,310.08808814276495,179.9268398761845,0.3143408964002244,179.60870429764356,1739335807231
146.16578651668672,-469.85291310684306,309.88255019735954,179.92849386451266,0.3144737759306816,179.60925925289078,1739335807239
146.6388333171849,-469.48040301838756,309.6730576348291,179.9275281160986,0.31453337394807507,179.6081831998564,1739335807247
147.07608950507498,-469.1366334856105,309.4858500557417,179.9265331088162,0.31459567104550656,179.60862477930246,1739335807255
147.48708179762343,-468.8169736210656,309.3093878449673,179.92489593347554,0.31459732331169965,179.60888828471445,1739335807263
148.01068874125957,-468.3972164945492,309.07521970632115,179.9240413587775,0.3145993826219145,179.60845989470354,1739335807275
148.3210936884243,-468.1545805407467,308.94857502729855,179.9244674187425,0.3146597109552986,179.60954634253855,1739335807283
148.59760731314344,-467.9394431182451,308.8388926168712,179.92459123451314,0.3147061114750886,179.609589587124,1739335807291
148.83162477994097,-467.7494960199576,308.7411966417709,179.92408215541306,0.3147464989464799,179.60925119178162,1739335807299
149.0262592933917,-467.58509492254825,308.65483458834177,179.9232548360443,0.3147719526937776,179.60920354019734,1739335807307
149.19151119877475,-467.44798723467403,308.58721973464566,179.92328054886408,0.31482957943816264,179.60990132057145,1739335807315
149.33015308807032,-467.3376596070918,308.53341904033545,179.92382819070852,0.314880190071871,179.61067436282218,1739335807323
149.44792795314353,-467.2473913331388,308.49045193203455,179.92453410199593,0.31490971263496376,179.6115877040352,1739335807332
149.5413188938975,-467.1771667406673,308.45796363066506,179.92553216740802,0.31494177579702637,179.6119133080541,1739335807339
149.61213262309394,-467.1240611747929,308.43238006681594,179.9263586217265,0.3149986183663811,179.6117093608872,1739335807347
149.66470961802042,-467.08348241330725,308.40983559913036,179.92663842171157,0.31504999355554736,179.61121036147588,1739335807355
149.70146542376372,-467.0543230652235,308.3920358186526,179.92670407971423,0.3151252926930443,179.6107029648545,1739335807363
149.72629779698624,-467.0336438688968,308.37673477204197,179.92627598245252,0.31518310570446023,179.61036200511234,1739335807371
149.7422356254182,-467.02063167845586,308.3640700534736,179.9256370861728,0.31524977720693587,179.61018056253698,1739335807379
149.75137369967814,-467.01672961815405,308.3459964071282,179.92391633385182,0.3152626659315918,179.6100372086855,1739335807387
149.75620053363704,-467.0163228709558,308.3313887764964,179.92240305714523,0.3152618408186197,179.6099377503566,1739335807395
149.75600934059744,-467.02111490189867,308.32501886175197,179.92178242610066,0.31525875842946477,179.6095459656292,1739335807403
149.7530869743313,-467.0270351438657,308.3245968534995,179.92181486237715,0.3152960478527355,179.6090295821344,1739335807411
149.75005394082976,-467.0317263421149,308.3289049414399,179.9223918135925,0.31533721088599015,179.6086185876002,1739335807419
149.74794575954382,-467.0335726223577,308.3323321705325,179.92284600303284,0.3153971737671836,179.6083357549794,1739335807427
149.7432804769725,-467.04333233390685,308.33658682079835,179.92346291192305,0.31549027927897955,179.60775535241822,1739335807439
149.73551686640093,-467.0620867375005,308.333761400181,179.9232651893877,0.31551880696728124,179.60675600428183,1739335807448
149.72178122361692,-467.07657318764524,308.3239257597582,179.9221708044727,0.31551207336860543,179.60507070483334,1739335807456
149.7143626413616,-467.08084207266876,308.32732944417046,179.9225718497845,0.31553635030716437,179.60422373467424,1739335807464
149.71073967178464,-467.083115314096,308.33081802719624,179.922946441395,0.31555401049027854,179.6039546243438,1739335807472
149.70644144109872,-467.0898440809488,308.33768001021065,179.92376448659698,0.31558862545801314,179.6039197744006,1739335807480
149.70002323522425,-467.102886411774,308.3469756696775,179.92479705373285,0.3156130692747351,179.60424115572582,1739335807488
149.6888179272646,-467.12536653084976,308.35599408293126,179.92554161825515,0.3156393049442647,179.60474723782968,1739335807496
149.66953956271527,-467.16181612879706,308.36436948107024,179.92582346645898,0.3156403548364691,179.60529559008398,1739335807503
149.64106934170252,-467.21427030890504,308.37364809566867,179.92576535037335,0.31562601852796895,179.6058468840502,1739335807511
149.60137893933504,-467.2848135850302,308.38214893356104,179.92530743343866,0.31559280360578795,179.60637954503107,1739335807519
149.54936381692136,-467.3786010367945,308.3935324487389,179.92488641389767,0.31556414716145975,179.60710778237694,1739335807527
149.4835849620445,-467.4952606138341,308.4077354075386,179.92431909519078,0.31552298527778744,179.6078684376134,1739335807535
149.40259597693822,-467.63668011030836,308.42713755949427,179.9236871296531,0.3154927113181275,179.60858212205312,1739335807543
149.30632347305374,-467.80528045076767,308.45286659396197,179.92309829006055,0.3154815363545524,179.609080107835,1739335807551
149.19328471800978,-468.005432428749,308.48825836140895,179.92292057079158,0.31544966114263795,179.60917517273865,1739335807559
149.06485910674235,-468.2350698090596,308.5301649779427,179.92277936059907,0.31542139027544847,179.60902110820027,1739335807567
148.92093752149697,-468.4952684752411,308.5745442710091,179.9228540047937,0.3153558314539983,179.60892042598172,1739335807575
148.67168714554344,-468.9544176522086,308.63352442995864,179.92206582263526,0.3152181024495718,179.60885751365637,1739335807587
148.48177788327044,-469.31469444271636,308.6782800297285,179.92198458737673,0.31515487540605674,179.60919187206608,1739335807595
148.26630678726661,-469.6987404928946,308.74400141829136,179.9238853423989,0.31520180271122916,179.60985107703922,1739335807603
148.0298256177705,-470.1085446585031,308.81355192314385,179.9254572297012,0.3153138442597293,179.61014994830978,1739335807611
147.778734915547,-470.5534068549502,308.88322963651683,179.92628842354256,0.31539612417187884,179.60982908467628,1739335807619
147.52086810290064,-471.02169039044844,308.9326868943296,179.92377424827734,0.3153381479040134,179.6094363131199,1739335807627
147.251168247078,-471.50841430163325,309.007825239932,179.92365236819597,0.315358450221479,179.61015399481565,1739335807635
146.95938006899493,-472.0140562450549,309.07852182329856,179.92198857676007,0.31537117291903743,179.61092602545972,1739335807643
146.65376635235526,-472.5439318832938,309.1402411498831,179.919409577358,0.3154793025019364,179.6107566503539,1739335807651
146.34758806857087,-473.08850075700013,309.2299423001492,179.9209536887622,0.3158228413934321,179.6104405772078,1739335807659
146.03813288894375,-473.6439012833458,309.3127680205315,179.9220139497475,0.3162341067972479,179.61088953501982,1739335807667
145.71126648725567,-474.21546201599955,309.39135984925304,179.92245707714335,0.31689847433091684,179.61126986905106,1739335807675
145.38211243357262,-474.78530379866174,309.48267454965185,179.92411939819002,0.3178010599904085,179.6109941394182,1739335807683
145.05978072430514,-475.35502550954214,309.5587747682231,179.9227611576327,0.31842346574771785,179.61049818835448,1739335807691
144.73578982791312,-475.92266955191775,309.6336205089623,179.92089237834995,0.318411184478241,179.61089257268296,1739335807699
144.40206181741732,-476.4902307741777,309.7231378224427,179.92164666450853,0.3182420806866232,179.6109577310046,1739335807707
144.07383305405378,-477.0579707760089,309.8008049058517,179.9219443709799,0.3180201112667938,179.6103071712288,1739335807715
143.7647393618787,-477.6035621690146,309.87881279764366,179.92261450434307,0.3178120480470367,179.61066072012264,1739335807723
143.45429793418776,-478.14155112581307,309.96237817392165,179.924497482725,0.31759822351806094,179.61148645664417,1739335807732
143.14095270520522,-478.6700522533849,310.02370333157825,179.92335348193856,0.31737939659652686,179.6117983061942,1739335807739
142.8375029201675,-479.17579404696403,310.09943482992605,179.92391322967075,0.31719150769915777,179.61057490970538,1739335807747
142.568004945546,-479.65654636717755,310.17270502029027,179.92414198783948,0.3170205971837088,179.6114959356794,1739335807755
142.30407463344707,-480.11504715184105,310.2218904793825,179.92215702547034,0.3168155499140239,179.61239523424666,1739335807763
142.04243368011737,-480.55490246072156,310.2901846586184,179.92358446498585,0.3166815346782965,179.61246906841427,1739335807771
141.67865064134776,-481.14984546041603,310.3727635821212,179.92459227783405,0.31653729515656603,179.61046400918767,1739335807783
141.47506528601937,-481.51098579381124,310.41716658379625,179.92486450318435,0.3163840468188309,179.6103996028971,1739335807791
141.29283562608276,-481.83588694527526,310.4573684800385,179.92503032678803,0.3162326329179297,179.61093843331474,1739335807799
141.11962298602293,-482.12498798144475,310.50136931404217,179.92615929550976,0.3161379694859823,179.6110387786515,1739335807807
140.9622685852329,-482.382504388937,310.54118975946193,179.9265786052038,0.31610853372468467,179.6114101144582,1739335807815
140.81798027651044,-482.61330957167803,310.57317908086276,179.92627792779467,0.316083778764526,179.61103028726444,1739335807823
140.6929324430142,-482.8129307998348,310.58790052091325,179.92452026726568,0.31600098348695266,179.61009534787178,1739335807831
140.59524423584955,-482.97763768263377,310.598401818344,179.92275552745292,0.31591170950655045,179.60993376141113,1739335807839
140.51612014974708,-483.1131937166021,310.61056362684917,179.92180795813863,0.315814252118948,179.6097957618449,1739335807847
140.45309755720265,-483.2247127875838,310.62735111950906,179.92190481405476,0.3157835020063301,179.60992919228676,1739335807855
140.40531402145888,-483.3125921022549,310.6434586105397,179.92220348110015,0.31576471784334625,179.6102758741471,1739335807863
140.36671457264276,-483.38302739127704,310.6612196501215,179.9231615706049,0.31573101799607206,179.61049151211395,1739335807871
140.3359182470937,-483.4370879702698,310.6764648459003,179.92411351706852,0.31569722716294496,179.61053244306427,1739335807879
140.3130637439459,-483.47691692582976,310.68628791305457,179.9247138095797,0.315665619007723,179.61062804591597,1739335807887
140.29341089904497,-483.50647251609115,310.6926632905944,179.92511231032609,0.31564323498015645,179.61027045603362,1739335807895
140.27838610497744,-483.52716565441153,310.6961556824088,179.92538551465364,0.3156230178040435,179.60993632606838,1739335807903
140.26833832677835,-483.5407407201071,310.69815740319365,179.92565610220873,0.31560513831281567,179.60972225272604,1739335807911
140.26542312479313,-483.5482140092134,310.6985164951897,179.92574132064826,0.3156016084228094,179.61002966719295,1739335807919
140.27284611011572,-483.5456982970299,310.70421699933513,179.92636912302245,0.31562223797090366,179.61134601137994,1739335807927
140.28028548211998,-483.5362890932639,310.7093750551216,179.9267648818181,0.3156603172188381,179.61251122614954,1739335807935
140.28512002106086,-483.52632342351666,310.71146093802037,179.9266909801236,0.31568195119488424,179.61325927329116,1739335807943
140.28481756990686,-483.52086920974756,310.71170092706,179.92652169139373,0.31561791810677814,179.6133401618894,1739335807951
140.2848336281532,-483.51641182096154,310.7175318654273,179.9271813076749,0.31557999207067666,179.61337771287785,1739335807963
140.2871166808028,-483.5025048942239,310.7313952617941,179.92872442877962,0.31558442970400186,179.61365762931305,1739335807971
140.29548851748135,-483.4837698327992,310.73626458065746,179.92909124286888,0.3156148611699096,179.61462377939336,1739335807979
140.30741886624372,-483.47668171971026,310.73229217819215,179.9285334229653,0.315612834662865,179.6159730957064,1739335807987
140.31140514665702,-483.474499989543,310.7297330089126,179.92809078468517,0.31562384762140655,179.61631101988374,1739335807995
140.3141339903931,-483.4699435066777,310.72482355852816,179.9270151315706,0.3156332122321855,179.61636141323626,1739335808003
140.31709529193614,-483.45997675808616,310.72007775841803,179.92570685697595,0.31561849369425476,179.6161731805318,1739335808011
140.32285214846564,-483.44277060794354,310.7229375767115,179.92519101182862,0.3156159698176566,179.61579235932413,1739335808019
140.33462285016995,-483.4134594467985,310.730179725894,179.92488861264275,0.3155969864006992,179.6153927213589,1739335808027
140.353808659418,-483.36880019223156,310.7439694181198,179.92488629602184,0.31561285390950017,179.6148395155212,1739335808035
140.40142679866136,-483.2668845667955,310.77378172021145,179.92475639067243,0.3156731143455443,179.61432471850665,1739335808047
140.44721669863685,-483.16992415423687,310.7991494778939,179.92411157984526,0.3157322560148673,179.61390942760073,1739335808055
140.50487306516055,-483.04694656677293,310.8324084272436,179.92339047006985,0.31577810591239447,179.61342868878563,1739335808063
140.57530054802476,-482.8972435718447,310.879269612117,179.92337480065208,0.31582477591953256,179.61298862671626,1739335808071
140.65991150111302,-482.71777416797755,310.9403398112712,179.9242535696957,0.31588214688556,179.61252118043012,1739335808079
140.76149220679338,-482.5098265035268,311.0136748140354,179.92567282003617,0.31594634034731034,179.61227698000803,1739335808087
140.88163035089676,-482.27398413915944,311.09534469620223,179.92721682121757,0.3160529358029977,179.6122736907494,1739335808095
141.02355358455821,-482.00301371128415,311.1834680137471,179.9283810426657,0.316216586162429,179.6126586226816,1739335808103
141.18202978170726,-481.6934527804559,311.2820867341635,179.9293197551403,0.3164375308567158,179.61246208064958,1739335808111
141.35478119640672,-481.33749380265346,311.3854113787161,179.92942307932034,0.31664675045496843,179.6117598723682,1739335808119
141.5403786839557,-480.9544161640471,311.4937783331711,179.92857382137507,0.3168234031827037,179.61129014262744,1739335808127
141.7352069991791,-480.54628765610414,311.61633738455697,179.92806531381987,0.31687845703582,179.61086275121778,1739335808136
141.94576409922308,-480.10377089385537,311.7611406616293,179.92877447546772,0.31672748107080406,179.61116930289796,1739335808143
142.1721106558791,-479.62620153668144,311.8872863174918,179.92596054491338,0.31621953528955654,179.61159438531575,1739335808151
142.41628656934415,-479.12267056259554,312.03663695617144,179.92528990940295,0.3153604605858372,179.61168803419469,1739335808159
142.66962550509868,-478.6054377831871,312.2018713420581,179.92622061717424,0.31438179023661567,179.6108819122273,1739335808167
142.9272572127762,-478.0612949913256,312.3528742244726,179.925052890054,0.3139114711419316,179.61027976551426,1739335808175
143.18823279007472,-477.4990167064963,312.51540327769385,179.92525315852146,0.3140385054732933,179.60990882818334,1739335808183
143.4657257147946,-476.9304582259983,312.6928203166757,179.92670406681063,0.3143187166476581,179.61056340036976,1739335808191
143.75047447108327,-476.33895096146836,312.8622851226622,179.92669569159315,0.31453868675877306,179.61013619078383,1739335808199
144.0318432812437,-475.7464765601815,313.02615265621694,179.92534551478076,0.31479587008809756,179.6090469285819,1739335808207
144.30939306527503,-475.14727885107186,313.2147382715489,179.92608152838113,0.3151092267774108,179.60883366905057,1739335808215
144.59180919143137,-474.5436748653514,313.36789819155206,179.9228557633484,0.31529670198438525,179.60943756692572,1739335808223
145.02164877295758,-473.6512931155521,313.6314401576452,179.92352843678862,0.31555975037174555,179.60962779313638,1739335808235
145.2980186105643,-473.0556732891588,313.79651800760377,179.9235029754912,0.31568660931601106,179.60934592344233,1739335808243
145.56199952847632,-472.4856862750363,313.9622243817157,179.9244104384719,0.31593547965117635,179.6093878100143,1739335808251
145.82741131643044,-471.9203994358391,314.1392069866227,179.9266526357298,0.3162448995244972,179.61025598587898,1739335808259
146.09091869755227,-471.3636932423664,314.27609476054386,179.92427814897803,0.3164220617602119,179.61061346462532,1739335808267
146.33961372792436,-470.8362135240915,314.43493274290853,179.92520465019967,0.3166003944960615,179.60986971795793,1739335808275
146.57179836861977,-470.3290494856142,314.5703470664528,179.9236646279845,0.31665856012340676,179.60956670127834,1739335808283
146.79097032672382,-469.8458305062999,314.6861368725691,179.9210982899846,0.3166022788118815,179.6098836522663,1739335808291
146.99836458584,-469.3935943402543,314.81286448294753,179.92131521981923,0.3164926583040481,179.6102596584479,1739335808299
147.19737931081286,-468.9745742893703,314.9270346588023,179.9212954868595,0.3161495814931143,179.61033755528513,1739335808307
147.37871158192428,-468.5822149043953,315.04238734457596,179.92282146873794,0.31576653647487724,179.6097046212214,1739335808315
147.5394848428211,-468.2249060667739,315.1379373249017,179.923034308499,0.3155238376047663,179.60914845809717,1739335808323
147.68303097645364,-467.90707616361135,315.22146884263844,179.92256660291153,0.3153998005476267,179.60907691685694,1739335808331
147.8091701064064,-467.62215563977816,315.3061705967418,179.9230782469213,0.3152839744834044,179.60932890559303,1739335808339
147.92031009297912,-467.3700411572705,315.38385936859027,179.92357467560362,0.315123215638834,179.60968070927484,1739335808347
148.01922985174727,-467.1472809557257,315.43749279760505,179.92193351844608,0.3148917046939893,179.61020076315302,1739335808355
148.10564127261333,-466.95823829520504,315.4783350369757,179.92023232899987,0.3147021914545506,179.61065252148367,1739335808363
148.18132956860367,-466.8005110287116,315.5130994146214,179.91925124984644,0.3146175414366574,179.61114950295334,1739335808371
148.24378723941044,-466.6694360666482,315.5464934809417,179.9191336622952,0.31458765487130885,179.61135500274662,1739335808379
148.29404644941224,-466.56422557514134,315.581033896929,179.92013721801067,0.3146339102189125,179.61133883856064,1739335808387
148.33311435466067,-466.48301347632446,315.6128182389869,179.9216641845001,0.3147223197603723,179.61122716774761,1739335808395
148.36226411198254,-466.421889774707,315.63920321924024,179.92321124282424,0.3148091596998788,179.6110109425575,1739335808403
148.3821726857421,-466.3778435879667,315.6588680133432,179.92452638770345,0.3148902471357051,179.61068890320627,1739335808411
148.39554998974205,-466.3469161566198,315.6695324056772,179.92499691428588,0.3149466552333432,179.61040204903227,1739335808419
148.40807619119,-466.3162928497197,315.6722651761848,179.92433316515454,0.3149876772173846,179.61017741370244,1739335808431
148.41290350531418,-466.304667496885,315.6715275037423,179.92366311737644,0.31499413891243744,179.61015578615542,1739335808439
148.41114216966727,-466.29934180763627,315.67090163244717,179.9231715646464,0.3149877747919508,179.60957712873676,1739335808447
148.40676777008787,-466.30228431448137,315.6704990137821,179.92294658046362,0.3149610778319984,179.6088361602916,1739335808455
148.40121243685962,-466.31214152329767,315.6584424550503,179.92149938072782,0.3148750884410993,179.608025887493,1739335808463
148.39743055291476,-466.3214055288712,315.6481967362094,179.92033751568408,0.31483046582819013,179.60752963210012,1739335808471
148.39625622227453,-466.3248925400084,315.64356443611416,179.9198410311575,0.3148347553538762,179.60736331153453,1739335808480
148.39319507140172,-466.3253293538071,315.64520105086183,179.920064833315,0.3148682202205465,179.60699732483204,1739335808488
148.38331468572653,-466.3270574104104,315.6505211457602,179.92075012158335,0.31494864097034625,179.60579775993162,1739335808496
148.37025483265458,-466.328585167203,315.6599584760171,179.92190449985893,0.3150427945156617,179.60424764606805,1739335808504
148.3664972001832,-466.3264169763485,315.6753981381385,179.92373989372607,0.31510854877245525,179.60394612259446,1739335808511
148.36202976176827,-466.324180136869,315.6951727144739,179.92608658757985,0.31516815450720614,179.60378380815933,1739335808519
148.35479891571703,-466.3225889824683,315.7226900704974,179.929313125062,0.315259327485553,179.60388569164493,1739335808527
148.3431838292017,-466.32332530370473,315.7473770373491,179.9320550400249,0.31537954919775685,179.60443443196422,1739335808535
148.32157044428718,-466.3289428832775,315.75698417318046,179.93284022806256,0.31546198230395667,179.60511498757353,1739335808543
148.2850820482065,-466.33967943744483,315.7635455469911,179.93300890533087,0.3155582633205221,179.60564401992664,1739335808551
148.23054863726696,-466.3539137595222,315.7656089847278,179.93200667609509,0.31561117591682525,179.60602049237008,1739335808559
148.15640474621566,-466.3730462593862,315.76787489508604,179.9302975464957,0.31564751168864497,179.60643851716293,1739335808567
148.0593419591497,-466.39881996399976,315.7741878068369,179.92842004185377,0.3156538898492015,179.60669704813174,1739335808575
147.93888457172721,-466.4309888570637,315.78773275536975,179.9268428186323,0.315662959999995,179.6067575614189,1739335808583
147.801143111739,-466.467550007897,315.8092332751266,179.92553275086047,0.3156885618635833,179.60757250535306,1739335808591
147.63732190749167,-466.51071660140116,315.8387686148524,179.92449148541232,0.3157110475571154,179.60829887630598,1739335808599
147.32889840579654,-466.5935714877544,315.9031346176737,179.92401331117844,0.3157982080837497,179.60849040299155,1739335808611
147.07761671841314,-466.6617197710301,315.9594552272137,179.9244982664834,0.31589908538120826,179.60913656366463,1739335808619
146.77879340282203,-466.7434089505987,316.0253881818522,179.92527160306346,0.3160264907538275,179.6094440623935,1739335808627
146.44342931385245,-466.83522384189155,316.096552427378,179.92549514053275,0.3161539323758762,179.60911076255923,1739335808635
146.08420489952053,-466.9314750402929,316.1739194568722,179.92532242764747,0.31624537893145654,179.6090957354544,1739335808643
145.68676073372302,-467.036295752608,316.25483298192256,179.92405965757513,0.31632021800351934,179.61009080742897,1739335808651
145.24549434210925,-467.151979967805,316.34289386711356,179.92230518506764,0.3163973962251656,179.61023580856252,1739335808659
144.78393622584258,-467.27223000976994,316.43892152052837,179.9204815923416,0.3164739812578979,179.6101429970128,1739335808667
144.28326795091814,-467.4042774886834,316.5478322138142,179.92019629190753,0.3165482057768101,179.61048837527412,1739335808675
143.75408480331888,-467.5455696848176,316.6683516042941,179.9213653962369,0.31668394977314174,179.6098092853063,1739335808683
143.20699869357287,-467.69221402499346,316.79900277711357,179.92377168107365,0.3168682664374543,179.6106472499596,1739335808691
142.62096010747211,-467.847157490018,316.9365424412378,179.92633209392184,0.31703295839765766,179.6099475848134,1739335808699
142.0347312878142,-467.99723453328573,317.07358642339057,179.92772601405468,0.3172025697513726,179.61094783031547,1739335808707
141.41711087754098,-468.1536442894359,317.20785130968096,179.92773199039198,0.3172824219158446,179.61027439195814,1739335808715
140.80179067814092,-468.30650300689433,317.336281218861,179.92578395288476,0.31725757503136065,179.6105493845424,1739335808723
140.1706281207167,-468.4637855054227,317.4661731556536,179.92437528420578,0.31718139657865635,179.61057373020384,1739335808731
139.54075509985026,-468.62292611302576,317.59680851062234,179.9238391055974,0.31709572151809495,179.61125094715624,1739335808739
138.90002578373338,-468.78619875644455,317.72850455879603,179.92391150776106,0.3170190652958882,179.61132369277692,1739335808747
138.2658546235783,-468.94738559780313,317.86322616706786,179.9242135579791,0.3169506830012549,179.6120108445181,1739335808755
137.62985491637727,-469.1064646335345,317.9961681167288,179.92393882946774,0.3169162443578137,179.6114934968963,1739335808763
137.01119189725623,-469.2588495650261,318.12856404299237,179.9230144446046,0.316891801834148,179.61245833352268,1739335808771
136.38886733834016,-469.4112796776747,318.26014323697245,179.92215468026524,0.31687369811443206,179.6111856813787,1739335808779
135.50196464983122,-469.6289151040356,318.4602282054,179.92306954524153,0.31675235403553464,179.61245904944573,1739335808791
134.93634092746248,-469.766694327955,318.59298959765226,179.92463114285567,0.3166459241739543,179.6124431196332,1739335808799
134.3819722567193,-469.89960166900727,318.71985694653205,179.92596134262047,0.31653961278053316,179.6125921107595,1739335808807
133.85832688742732,-470.0236468988646,318.83595485530543,179.92629853693438,0.3164936609645984,179.61140696170364,1739335808815
133.3700358681275,-470.13820657973054,318.94171952085037,179.9257884163256,0.3165067305568524,179.6124164414784,1739335808823
132.89563335644564,-470.24677056304716,319.0362946020874,179.92411931666695,0.31655654238729214,179.6107588519749,1739335808831
132.48358222906947,-470.3408823894589,319.1227946211956,179.92277188267528,0.316623698519217,179.6120991187381,1739335808839
132.08104063418634,-470.4347832251,319.20297644086423,179.92221782230368,0.3165757427075172,179.61208043572745,1739335808847
131.71877575711414,-470.51992544926463,319.27866125796305,179.92239974363892,0.31653049905104413,179.611112289093,1739335808855
131.4106526201744,-470.5927935201425,319.3472955025448,179.92304939381637,0.31640129397418815,179.61182377006722,1739335808863
131.1305050583245,-470.6591550838767,319.410416112502,179.92400804583193,0.3162698373931503,179.61282253857075,1739335808871
130.86493790024377,-470.7231658222015,319.46542264861483,179.92477583125947,0.3162019951958227,179.61160501305724,1739335808879
130.65140880154345,-470.7743400793615,319.51193921893696,179.92527636664238,0.31621073388834753,179.61113503116832,1739335808887
130.47618209531845,-470.81522601445954,319.55006093762984,179.92529638105356,0.31622128275960637,179.61077371238744,1739335808895
130.3351403555865,-470.84762171517514,319.5801521610216,179.92482692985396,0.3162150036744048,179.61093618135482,1739335808903
130.21898655958202,-470.8736287424089,319.60171529892386,179.92386471755188,0.3161729016794572,179.61120045697683,1739335808911
130.1244195790183,-470.8937732018465,319.61923082029426,179.92300460171538,0.3161428892296552,179.6115902090052,1739335808919
130.04366490405016,-470.911458260295,319.634893012209,179.92258739213008,0.3160990111452856,179.61140691418998,1739335808927
129.97763495515653,-470.92643476274634,319.64874919630284,179.92265388606788,0.31601995177187475,179.61084092961713,1739335808935
129.92850077200862,-470.9383671277241,319.66080615628334,179.92312480720025,0.31593452609176054,179.61047024551212,1739335808943
129.8963781905264,-470.9459615669784,319.6676855925472,179.92336923124773,0.31586701276356954,179.61047597024782,1739335808951
129.8766811280183,-470.95161390278224,319.6607174549563,179.9221452057978,0.3158681605780214,179.61053919461295,1739335808959
129.86626243667078,-470.9551382241303,319.6525059079282,179.9208681652928,0.3158744340535416,179.6107237837465,1739335808967
129.86112020137313,-470.95688760557607,319.6456737584922,179.91975696312286,0.3158574702073115,179.610882169308,1739335808975
129.86475579276018,-470.9557337269421,319.63961690195237,179.91865704850258,0.31580683287591904,179.61181619429954,1739335808987
129.87286970268286,-470.95337966348353,319.6388563287096,179.91846666604343,0.31578293780432737,179.61289667548849,1739335808995
129.87900525646316,-470.9516238586757,319.63941421179504,179.91852087996688,0.31577556256439454,179.61363813543275,1739335809003
129.88032744985404,-470.9499961076746,319.64140291361906,179.91875888272256,0.3157802803050304,179.61378225378428,1739335809011
129.87846943443563,-470.9448821157717,319.6423318975303,179.91882721820045,0.3158044444349043,179.61351720826434,1739335809019
129.87438688843952,-470.9338199498852,319.64456769167737,179.91901789284185,0.3158255832290187,179.61297369326536,1739335809027
129.86715495260518,-470.92469443212116,319.66459283597413,179.92143791991316,0.31579628859516123,179.61207647243594,1739335809035
129.85509872609532,-470.9183706407473,319.6842581182579,179.9238853623318,0.31577186640354826,179.6106148015193,1739335809043
129.84037217104483,-470.9175184349837,319.6885911452141,179.92459934474715,0.3157585430651388,179.6088700889359,1739335809051
129.83275383210452,-470.91357999791614,319.6870795312116,179.9247768925536,0.3157452873254848,179.60812005526734,1739335809059
129.82789798612487,-470.9050484347725,319.67687979519843,179.92417436612337,0.3157437443030349,179.60799503501127,1739335809067
129.82338588885295,-470.890124513424,319.6587804489029,179.9230987025044,0.31577786929200613,179.608277564449,1739335809075
129.81603747516525,-470.86818654749027,319.63445768879853,179.92200521873966,0.3158007118825278,179.60871012879588,1739335809083
129.80341357852723,-470.83978968095477,319.60691301839535,179.92154709519517,0.31581573994044304,179.6090567202468,1739335809091
129.78293342130212,-470.80243196035724,319.5736348684353,179.92145288326208,0.31581530817804954,179.60912469905193,1739335809099
129.75399689739646,-470.7563485570687,319.53659548754837,179.9221436989342,0.3157722367525799,179.60886098085948,1739335809107
129.71976855035612,-470.6967476297831,319.4896002734741,179.92288714574838,0.31576028150845586,179.60871594291976,1739335809115
129.6825175274455,-470.62186884930503,319.43300528780685,179.92370376435431,0.31575311762963426,179.60909086888566,1739335809123
129.6378086551446,-470.52789232535747,319.3581390292094,179.92361471036568,0.3157807316457647,179.60937353870037,1739335809131
129.58476187170677,-470.4113713804468,319.2623081442623,179.92221305385925,0.31583897345607687,179.6096567905697,1739335809139
129.52427714197322,-470.2811022632223,319.16008690349605,179.9218366838901,0.3158789501727089,179.61003359735454,1739335809147
129.45296801663338,-470.14030954884527,319.04991946437957,179.92224235093082,0.3159296072058262,179.61025837735025,1739335809155
129.32672331509198,-469.8969769337374,318.8493634915776,179.92350804563966,0.31597917481151533,179.61027423524018,1739335809167
129.22984509755267,-469.70426268636686,318.68655252331695,179.92342612525962,0.31599359060475385,179.61019533117008,1739335809175
129.1213199871275,-469.5035410125082,318.52807372530077,179.92521486118838,0.31599644027051227,179.61006956897512,1739335809183
129.0039143707626,-469.28058302701294,318.343983602039,179.92468740993036,0.3160351439665279,179.61034942907773,1739335809191
128.87373817549204,-469.03215141629914,318.1383684486377,179.92391125669084,0.3160873496478206,179.61068918127845,1739335809199
128.73155024432324,-468.7712710322484,317.9449386875471,179.92684792790675,0.31607585047687514,179.61101385876702,1739335809207
128.5772833776588,-468.48427568799247,317.7159040691118,179.9259552991188,0.3161025576134501,179.6106827711394,1739335809215
128.41759291203874,-468.1930492863312,317.48377433797987,179.92604955679474,0.31609613169602047,179.60994642296387,1739335809223
128.26245975190733,-467.87806147628487,317.2224925894609,179.92456057542051,0.3160457546131258,179.61009488710664,1739335809231
128.10895032490356,-467.55427482597366,316.9632263130767,179.92492818428656,0.3159003628668961,179.61085442215725,1739335809239
127.94429612305447,-467.21371502812724,316.7004579041168,179.92488021413348,0.3158257614497497,179.61097046604777,1739335809247
127.77017918279024,-466.8701073719887,316.43296799231155,179.92646006304597,0.3157892611741596,179.61139989704577,1739335809255
127.58383160556328,-466.51928761944066,316.14673910368145,179.92667435863532,0.3158067279656392,179.61148715035344,1739335809263
127.38956358919259,-466.16176489834214,315.8567878226069,179.9258234497856,0.3158681555407651,179.61078304079336,1739335809271
127.19945205590247,-465.79672580426865,315.5733905382244,179.92755111298703,0.31586685371475104,179.60979614074577,1739335809279
127.02142935615365,-465.4172659390757,315.27594840778903,179.92671300992987,0.31588585383415235,179.60977775081415,1739335809287
126.84439792928612,-465.04401021736203,314.978749764539,179.92573199505932,0.31587694047163833,179.6099850643011,1739335809295
126.66366223240955,-464.6746008580599,314.67863810889787,179.92554916758806,0.31583658853242347,179.61031875288947,1739335809303
126.47923920808176,-464.29814923139855,314.3839554882283,179.924578068882,0.31587043526690894,179.6111267618051,1739335809311
126.28663089039793,-463.9296589036076,314.0946978039396,179.924802783523,0.3159121898078137,179.61064068783918,1739335809319
126.0955710834551,-463.57004055908567,313.7990418519215,179.9244383603165,0.3159763074942907,179.60942331787797,1739335809327
125.92723341518413,-463.21760677127395,313.5171407162017,179.9238831262036,0.3160108571068726,179.6098718959243,1739335809335
125.76358296770168,-462.86633034304157,313.24432580887265,179.92469595810445,0.31599694038864057,179.61008284657493,1739335809343
125.60374631107926,-462.5198809223197,312.97795435938673,179.9248293548086,0.3160026426524914,179.6107769534901,1739335809351
125.44291913169783,-462.19243281994716,312.71875691566055,179.9237536815979,0.3160552961603779,179.61140588300793,1739335809359
125.20456473534908,-461.72994794602647,312.3426009805076,179.9229404854477,0.31605234705887325,179.6115570866483,1739335809371
125.05284160235821,-461.4386761221489,312.1170944941425,179.92326073620754,0.3160091126158923,179.6105051855088,1739335809379
124.918263504796,-461.1580588667752,311.9103166431595,179.92412870957548,0.31591589122000613,179.61008950966064,1739335809387
124.79789090555805,-460.8990014033502,311.70954551707916,179.9250838864714,0.3158089027453288,179.61012331212368,1739335809395
124.69023706112502,-460.65678585079417,311.51466397707287,179.9252788373209,0.3157258937385421,179.61070209030945,1739335809403
124.59041760320007,-460.4387798851763,311.33943323248565,179.9249684085328,0.3157413766690863,179.61138279514142,1739335809411
124.4960239540186,-460.2309278977421,311.16896309359106,179.92280544758,0.3158229949941052,179.61193479963882,1739335809419
124.4072774731443,-460.04605603071,311.0274947148471,179.9229631266526,0.3158825434219395,179.61237628810972,1739335809427
124.32372697016473,-459.88678607379967,310.91433250990116,179.9255392476516,0.31581732346095187,179.6125163666826,1739335809435
124.24495606407186,-459.7420784996535,310.80569674112076,179.92687040575413,0.3157670520031666,179.61193569782594,1739335809443
124.17301905318023,-459.6168423749855,310.7081204351168,179.9272615032862,0.3157302802413403,179.61070818588928,1739335809451
124.1179581515781,-459.5072787978084,310.6216394146251,179.9266114767297,0.31570513911670917,179.61027514493827,1739335809459
124.07664072994673,-459.4162538343992,310.54749943806183,179.92568280399493,0.31568031952219483,179.61043986926398,1739335809467
124.0445988302067,-459.3391622851406,310.4816230340994,179.92425254997846,0.3156849019024828,179.61072259086893,1739335809475
124.0192085912113,-459.2750508131691,310.4268115950797,179.9231854186212,0.31570136917786273,179.61104996192256,1739335809483
123.99482818929846,-459.22485229908375,310.3850228316709,179.9229162618928,0.315697156982242,179.6108317456232,1739335809491
123.9724275186268,-459.18574605705066,310.3509109564873,179.92280760212643,0.31572473224397185,179.6101996171053,1739335809499
123.95829296458167,-459.15409715281845,310.3244385885864,179.92274298054315,0.31573522161384954,179.61009170362425,1739335809507
123.95026949113765,-459.12991919539934,310.3053953534881,179.92275818573398,0.31576192292201877,179.61035136833456,1739335809515
123.94546039264121,-459.11170900025456,310.29128337106783,179.92259382099664,0.3157655794599884,179.61069094530933,1739335809523
123.94231199238001,-459.09905161069827,310.2826263362683,179.92257146572882,0.3157979475162094,179.6109269298779,1739335809531
123.94504006782977,-459.08989848997857,310.2739418265958,179.9224661052313,0.31580164814302275,179.611843232383,1739335809543
123.94837061758655,-459.0895738158784,310.2655331969997,179.92182779268688,0.31580183859994526,179.6124551285916,1739335809551
123.95196458810703,-459.0939027843723,310.2605147677142,179.92150358579158,0.315845135642549,179.61306328694047,1739335809560
123.95409257391746,-459.1001561558049,310.2602015807782,179.92161980870156,0.3158493125662072,179.6134305482307,1739335809567
123.9547396174013,-459.1050575610312,310.26226375022605,179.92192012366513,0.3158711877317945,179.6135752395615,1739335809575
123.95433500452268,-459.1065157249899,310.264086977028,179.9221517322968,0.3158776414060416,179.61354953193114,1739335809583
123.95482762182397,-459.1091983163612,310.2609928173009,179.92174371460553,0.31587948215470507,179.61362901558505,1739335809591
123.95910807231797,-459.1185461197583,310.24594046280293,179.9198948415449,0.3159195010479874,179.61418267888516,1739335809599
123.9698143714696,-459.1295594735973,310.23707234963547,179.91886154532332,0.315941851319343,179.61553667986158,1739335809607
123.9760137533611,-459.135727575425,310.2474315563902,179.9202810435844,0.3158972350272303,179.6162248777309,1739335809615
123.97817056895285,-459.1374627517195,310.25079284234147,179.92096645546792,0.3158820416339557,179.6163021092125,1739335809623
123.98060668958625,-459.14024125467745,310.25403697725716,179.92202420124016,0.31585314907895484,179.61617497079345,1739335809631
123.98536907262262,-459.1460273268926,310.2531061800878,179.9228947665678,0.3157960603273687,179.61588143021476,1739335809639
123.99592248925124,-459.1561043892075,310.24599550448136,179.92341325565394,0.31571228890677056,179.61554921891718,1739335809647
124.01446740975106,-459.1734271034907,310.23271472297665,179.92375525752072,0.31561316365954417,179.61515804356827,1739335809655
124.0432593150815,-459.2004463917386,310.2137694266834,179.92419320302815,0.3155283460887189,179.61487147484368,1739335809663
124.08354919636882,-459.2368307404093,310.1928001785598,179.92531060784918,0.31544156502451587,179.6146785414153,1739335809671
124.13674789568579,-459.2883265655601,310.1581220531534,179.92592955002561,0.31536278198010603,179.61449581126652,1739335809679
124.20552447865862,-459.35537717109486,310.11146908731376,179.92631277320066,0.31526977117950955,179.61433146043953,1739335809687
124.29208572538084,-459.43732664996634,310.0541260516814,179.92659614131938,0.3151929255913251,179.61423410176081,1739335809695
124.39686054677902,-459.5365723437558,309.9797495624454,179.92583267380286,0.3151209201170917,179.61405657625542,1739335809703
124.51877194317667,-459.6532014760766,309.88534956333956,179.9237741624617,0.3150170011227226,179.6132662411241,1739335809711
124.73459498427987,-459.85855593441755,309.72605800869366,179.92118532303263,0.3147894706391465,179.61149013381603,1739335809723
124.90252370150246,-460.01788384914556,309.6074624194121,179.92024110290572,0.31456086704228103,179.610770532911,1739335809731
125.09113095402924,-460.20185602903507,309.47365289395776,179.91969901883982,0.31432622871575105,179.6103321894592,1739335809739
125.30540868431447,-460.4143315829335,309.3146287082701,179.91860097282031,0.31413596627449636,179.61067092836188,1739335809747
125.54960510188926,-460.64706813413164,309.1601127905544,179.92106004725167,0.3138904700970123,179.6112847823156,1739335809755
125.8185830294637,-460.9002916414299,308.99778988185193,179.92451931010217,0.3137205964128646,179.61086706672714,1739335809763
126.09948209489814,-461.17818627910157,308.8051130069249,179.92510709053187,0.3136870999530212,179.60968093687202,1739335809771
126.39977926925505,-461.46637652309363,308.6041486785597,179.9255358464099,0.31374033407849494,179.60994479643185,1739335809779
126.72742946226825,-461.76814967770053,308.379355515399,179.9245075137579,0.31379923323930753,179.61076307776221,1739335809787
127.0722791160537,-462.0844186035501,308.13723714902824,179.92378333398005,0.3137187051904654,179.61030408699352,1739335809795
127.42140893595067,-462.4224292770484,307.89704884383013,179.92423698867242,0.31356983389583154,179.60966544170165,1739335809803
127.79203573488502,-462.7722975494693,307.63883671491885,179.92290026077848,0.3135169878258161,179.6108106032937,1739335809811
128.17872560789803,-463.12557516395634,307.38218373097317,179.92346877088755,0.31363247360519575,179.61078114237353,1739335809819
128.56820384171183,-463.49402768735246,307.11038306198935,179.9241456434512,0.3139446113223275,179.6101159034884,1739335809827
128.9695238636968,-463.86607904416155,306.8459050636879,179.92569268561903,0.31459398599176897,179.61070938218595,1739335809835
129.38577932249453,-464.24147947555457,306.56746271307134,179.925142451935,0.31511985424741357,179.61078512112215,1739335809843
129.7905421361013,-464.62070717322155,306.2822233091488,179.92495987555967,0.31526473088798573,179.60987044459193,1739335809851
130.20027618713854,-464.99651192748337,305.99451141164474,179.92471532533122,0.3151801704167527,179.61025354484156,1739335809859
130.61840018555014,-465.37391031149275,305.6990807174774,179.9224335306719,0.31495780931373174,179.61005597715916,1739335809867
131.0193737982846,-465.7483893121287,305.4309086546232,179.9242053374939,0.31469985710031295,179.60915158989764,1739335809875
131.4256850903948,-466.1205128343263,305.148279662102,179.92517045949057,0.3146185703007294,179.60984127834288,1739335809883
131.829035080068,-466.47737171619457,304.8860045152005,179.9274787330443,0.3146561187979862,179.60912599506273,1739335809891
132.2170635164181,-466.8387088935084,304.6150563289475,179.92731995546998,0.3148661578256321,179.60863808781696,1739335809899
132.79560437289885,-467.35245821815585,304.2211061138273,179.92817962451971,0.31525758518003016,179.60967570003206,1739335809911
133.15742307048527,-467.6701042615928,303.9750778662722,179.92840787437046,0.3153179987653417,179.60872974730515,1739335809919
133.49920509853567,-467.97861246882525,303.72420826407574,179.92594281369654,0.315280917504328,179.60906605832406,1739335809927
133.83651797979724,-468.2724592388853,303.4980378889795,179.92602851892718,0.31520667678444414,179.6103381255647,1739335809935
134.15228832012585,-468.5510285415304,303.2760825241648,179.92603137121813,0.3151211096087986,179.60993267710543,1739335809943
134.43946744447783,-468.8057217820657,303.0740836592906,179.92644083431253,0.315023875091521,179.60947925312817,1739335809951
134.7018803849849,-469.0397997225912,302.8881310023658,179.9261233018369,0.3150150562572992,179.60958092323688,1739335809959
134.95041785432923,-469.2595015985302,302.7082946835922,179.92461622531746,0.31495794544748196,179.61057065164303,1739335809967
135.1799591372559,-469.45539946657095,302.56109944057016,179.92552420134257,0.3148706967288139,179.6108008082127,1739335809975
135.37667677584213,-469.632546739706,302.433975573595,179.9274329584651,0.31479175792037023,179.60972475770018,1739335809983
135.55020706393876,-469.7915558515117,302.306537248646,179.92738342366516,0.3147323602571647,179.60942863723304,1739335809991
135.69848955007583,-469.9288223500858,302.19126743974573,179.92643434482886,0.31473688975529956,179.60927565425138,1739335809999
135.82726254026312,-470.04255042846955,302.0972446196786,179.92590132654993,0.3147414604918984,179.60948310169346,1739335810007
135.9402276964403,-470.13366897898624,302.0200830456065,179.9254357991578,0.3147837797935287,179.61010891088802,1739335810015
136.03663346329535,-470.209872540232,301.95041640607167,179.9243350113975,0.31482699078740856,179.61065722440338,1739335810023
136.1192063676149,-470.27415847241724,301.89308883963196,179.9234825804951,0.31495471147466686,179.61130873371226,1739335810031
136.18586216293141,-470.3268901236511,301.84548227544155,179.92265292644186,0.31513219442885154,179.61163981790853,1739335810039
136.23599484679758,-470.36901850703566,301.8078392475597,179.9220555987377,0.3152828339315368,179.61146705811353,1739335810047
136.2736908623529,-470.4019842487747,301.781795529355,179.92200229521566,0.3153972380879154,179.61111150819218,1739335810055
136.29999155866673,-470.42635962702695,301.76603569291166,179.9224458751028,0.3155012916158399,179.61074216927554,1739335810063
136.31812011624862,-470.4437179311268,301.75664419596967,179.92301023289158,0.31556429812604286,179.61039036696212,1739335810071
136.32927859301722,-470.4560477541624,301.75108474713016,179.92356565976814,0.3156100670381529,179.61006798469168,1739335810079
136.3358359279168,-470.4643416705893,301.7471435757577,179.9239414221632,0.31565657264958263,179.60989589117463,1739335810088
136.3388426568984,-470.46733131318496,301.74115537430066,179.92371478953635,0.3157238976651623,179.60974877177162,1739335810096
136.33372713755665,-470.46830757437596,301.73745903961753,179.92351033763092,0.3158239847676391,179.60889588605923,1739335810103
136.32526660620226,-470.459614977374,301.75598381017954,179.92580846312913,0.31593675111856284,179.60777281753803,1739335810115
136.31962365121825,-470.4562039282893,301.7669693045556,179.9271479340255,0.3159557761033013,179.6071005123524,1739335810123
136.31840603467003,-470.45385029874507,301.7763213883201,179.92832411759687,0.3159589790923601,179.60696437815344,1739335810131
136.32161784580128,-470.448107343759,301.794197076989,179.93057458671612,0.3159716264580646,179.6073850194287,1739335810139
136.32841765257652,-470.4379441924709,301.82397700491714,179.93420508606704,0.315988977039564,179.6082357127341,1739335810147
136.34008292058132,-470.43468894914395,301.83341611398583,179.93534065541874,0.31602437769426417,179.60965696612735,1739335810156
136.3557289139834,-470.4344518180709,301.84004870411394,179.9361225101425,0.3160494765990245,179.61153903212568,1739335810163
136.36469187907798,-470.4380402670378,301.8503773902591,179.93710800118635,0.31608871701553926,179.61253377285533,1739335810171
136.37189847020323,-470.4401774143676,301.8613385536137,179.9374392762517,0.316133610912152,179.6130261748728,1739335810179
136.37838950770083,-470.43359998478,301.87275147539464,179.93672778362398,0.31615056836333777,179.61300172951658,1739335810187
136.38704859016877,-470.4176797896143,301.89134849579705,179.93552355231674,0.31616226448302776,179.61266972770136,1739335810195
136.40029532918552,-470.391083325618,301.9215208370271,179.9340638683891,0.31617821361885246,179.61219679487982,1739335810203
136.41973830441495,-470.35362178009757,301.967074508709,179.93271553302242,0.31622641771491233,179.61168791357827,1739335810211
136.4473475244474,-470.3032696442948,302.0322381284178,179.93168215144965,0.3162832174572557,179.61135707023598,1739335810219
136.48330127463598,-470.2397432468679,302.1196546898896,179.93113902425995,0.31635657901912706,179.61095481690694,1739335810227
136.52718101550866,-470.1633621034297,302.2312620415602,179.9310866703725,0.3164346634023963,179.61054404937875,1739335810235
136.58110752895624,-470.0720717033085,302.36620157329344,179.9309525511548,0.31651395306737745,179.61012429863254,1739335810243
136.6463781882628,-469.9619974405522,302.5247569058297,179.93008405147606,0.3165939705627329,179.60986580670888,1739335810251
136.72163875192416,-469.8332764134042,302.7101668984962,179.9286298783353,0.31664240261680004,179.60949250939643,1739335810259
136.81107925050932,-469.6846797348229,302.92588079018236,179.9279235057246,0.316682546402956,179.6096658339441,1739335810267
136.91284175027576,-469.511277827249,303.17996514904866,179.92878635801387,0.31670809740007866,179.60996300221228,1739335810275
137.0914100634539,-469.2068627064228,303.6097242630187,179.92764101595526,0.3168444678186164,179.61066851431153,1739335810287
137.22922572613675,-468.9822179884601,303.9236092388329,179.9258848511707,0.31693814159567313,179.6114354936623,1739335810295
137.38239875006084,-468.7370910308857,304.27809844586426,179.92675688031753,0.31705197458780365,179.61239654458646,1739335810303
137.5425155792051,-468.4702269280734,304.65454405097114,179.9260403935445,0.3171891953193823,179.6122130167346,1739335810311
137.70677146550162,-468.194291198759,305.0452329405529,179.9253427425232,0.3172941113133197,179.61110993039577,1739335810319
137.87543420361172,-467.89851917729294,305.467291381778,179.92515929783355,0.3173896333890441,179.61018800942634,1739335810327
138.04828163858494,-467.59335000732364,305.9035948652036,179.92504275590971,0.31744130925082414,179.60967240454843,1739335810335
138.22813912869623,-467.2739004249214,306.3506056308728,179.92373472947222,0.3174717992121124,179.60976463019497,1739335810343
138.41656425585276,-466.94282221840484,306.82497560719065,179.9247951612268,0.3174448065888631,179.61025220834264,1739335810351
138.6163533063917,-466.60930205829595,307.2825498051966,179.922558262225,0.3172822878338422,179.61096045618123,1739335810359
138.81905547617674,-466.26673181230314,307.76773449485995,179.9235639046544,0.3170070947519438,179.61083321017028,1739335810367
139.01462027138155,-465.92750182797874,308.2431683045323,179.92238017345355,0.3166413453833001,179.6097829595739,1739335810375
139.20898510754432,-465.5862284979351,308.73722445666334,179.92392741045663,0.3163068079331815,179.60944749406508,1739335810383
139.39817572105642,-465.2477036259574,309.21688267969546,179.92292986552053,0.3160336676115755,179.60926630989061,1739335810391
139.58950461228602,-464.9111284890146,309.70438364603064,179.9250616662317,0.31586941472512364,179.60971591298855,1739335810399
139.78267523964385,-464.57693503982284,310.1738484790856,179.92524060942057,0.3158008052762695,179.61006467611546,1739335810407
139.97526788647508,-464.2483318768226,310.6308713826751,179.9262401563684,0.3158336570314847,179.6099887517519,1739335810415
140.1578382215564,-463.9262894144866,311.0712993561891,179.92539497879915,0.31600306532286115,179.60951400826423,1739335810423
140.3306646824934,-463.619138031568,311.48371073437556,179.92395270783106,0.31621347917720416,179.60929639156785,1739335810431
140.4903887818269,-463.31881026302756,311.88585761211664,179.9222558615929,0.3163723226739363,179.60939758572928,1739335810439
140.64032423090458,-463.0424147384106,312.25654201902285,179.92068897868626,0.31638715415256924,179.60959658438185,1739335810447
140.7826886130067,-462.78056334789153,312.60950979683787,179.91937948474725,0.31629695514644235,179.60986341596995,1739335810455
140.91946693858773,-462.53505162960596,312.9492157266343,179.92049571051896,0.3161534780502191,179.61038351696848,1739335810463
141.0475043373683,-462.3145015367181,313.25086254715785,179.92081404437005,0.3160133771749384,179.61053390303195,1739335810471
141.2158764657582,-462.01924983929786,313.6568128805119,179.92097792695506,0.31593802481907823,179.61011073095156,1739335810483
141.31050817133453,-461.8497993964699,313.8991012280574,179.92307163255782,0.3159757044780337,179.60998107593198,1739335810491
141.38995603441984,-461.70447056426656,314.09996683182686,179.92348311356463,0.31599939901311963,179.6098120951021,1739335810499
141.45565061304438,-461.58166931023703,314.26669033077917,179.92222576850412,0.3159402699435409,179.60970517700326,1739335810507
141.50961913938482,-461.47828045043843,314.40767939071725,179.92107156079769,0.31579515929570173,179.60947522819106,1739335810515
141.55448941358833,-461.38982198796185,314.52556810735086,179.92046203291747,0.3156056554456711,179.6094160216586,1739335810523
141.59255772059538,-461.3158517295817,314.62500231830705,179.92069466557234,0.3154585980838529,179.6095788999369,1739335810532
141.62474091948826,-461.25663138674895,314.7045124526982,179.92110931142304,0.31538953206597187,179.6099768657467,1739335810540
141.65078150653156,-461.210938927027,314.7675836167886,179.92180696026534,0.3154095205631002,179.6104155794997,1739335810548
141.67027573494212,-461.1784581782437,314.81691975629695,179.92280717830855,0.3154461570370684,179.61064581255067,1739335810556
141.6840154162554,-461.15694022536957,314.8550181932593,179.9240074712841,0.31551597441410484,179.6106900656675,1739335810564
141.69307077823476,-461.1416459408803,314.8814913927925,179.92495906556323,0.31555136217808166,179.6106228187798,1739335810571
141.69934499030487,-461.1288256288149,314.8951048507862,179.92525333212842,0.31557843611126984,179.61057226451734,1739335810579
141.69932613552558,-461.12097028532276,314.90150381323446,179.92503256674058,0.31558779630182043,179.61001309608378,1739335810587
141.69578950822907,-461.1166845858688,314.90262795550336,179.92426899973893,0.31560158069456623,179.60920534158194,1739335810595
141.6926003475466,-461.11695828907597,314.8910618560248,179.92199695483558,0.3155858558505059,179.60853799070907,1739335810604
141.69016767782801,-461.1225903470651,314.8699436420864,179.9188282725989,0.3155324169721798,179.60805405655216,1739335810611
141.68921926067006,-461.12831111623007,314.8532176512946,179.91659135357807,0.31546725272293263,179.60781782688636,1739335810619
141.6893302088801,-461.13053033141983,314.84838357380903,179.91602691569577,0.3154513685400284,179.60778038128117,1739335810627
141.6862799742629,-461.1326717439304,314.85179091919724,179.91649576810102,0.31546271728163405,179.60736830623225,1739335810635
141.67553360368672,-461.1398304307572,314.86084108358733,179.91769225935823,0.31548774857266076,179.60604971415216,1739335810643
141.6637175890233,-461.1551144682939,314.8830215116666,179.92046633539562,0.3155267834261693,179.6046738423071,1739335810655
141.66049270823552,-461.15962732035456,314.88912072305357,179.92099107712127,0.31552560752922937,179.60450226899135,1739335810663
141.655016526049,-461.16337749721174,314.89193493265583,179.92074937119392,0.315512016287625,179.6043624586635,1739335810671
141.64525758152212,-461.17007951156296,314.89388659484354,179.92009684328497,0.31550863384209893,179.60439925347913,1739335810679
141.62853420006326,-461.18361741558084,314.89533904550365,179.91912399416336,0.3155076639499111,179.6046539788402,1739335810687
141.60066706864737,-461.20447308544965,314.90332968295314,179.9185681783756,0.3155137922731659,179.60518639610416,1739335810695
141.55929056888255,-461.2292399353496,314.92642497242014,179.9191432229278,0.3155752838624677,179.60575136709136,1739335810703
141.50199297370776,-461.2618357213456,314.95827669862757,179.91977037744851,0.3156037827697666,179.60637194739263,1739335810711
141.42901562701053,-461.30379048531455,314.9988909043393,179.92021966485598,0.3156651198412611,179.60733407399212,1739335810719
141.33132167407922,-461.3583490105312,315.0490256392348,179.9204394433136,0.315698702198371,179.60797228690836,1739335810727
141.20574731741107,-461.42719600361545,315.1085504205305,179.92037129796867,0.3157452329727481,179.6084225793459,1739335810735
141.0503567814002,-461.5129804857524,315.1756324034437,179.91991575515937,0.3157679743717621,179.6088740126517,1739335810743
140.86218909917972,-461.6194563059818,315.2562627778048,179.9198773968822,0.31581476460489977,179.60941970244843,1739335810751
140.6351823882542,-461.7468749280316,315.3471890687547,179.9197944148096,0.31588212226093004,179.60939086222328,1739335810759
140.38024335616208,-461.89572128599406,315.4543709387506,179.9205300908071,0.315938805757052,179.60888059326143,1739335810767
140.09790184379136,-462.0656384246357,315.5804042355045,179.9220796368827,0.315999682356188,179.60833309113394,1739335810775
139.78376288966155,-462.2591894004308,315.7279854310164,179.9243105836339,0.3160868145656684,179.60907674879974,1739335810783
139.42475838135275,-462.47161479995594,315.8834141322514,179.92482526515778,0.3161784273486885,179.60987741782088,1739335810791
139.03516829623302,-462.6975258658684,316.044962040394,179.92350747095298,0.31628797189005925,179.60992452487017,1739335810799
138.62171632626638,-462.93876007223616,316.2183792186754,179.92231087684073,0.3163665121170291,179.6105336093375,1739335810807
138.16511678874048,-463.20436736545935,316.40828759486374,179.9220612186958,0.31640247718495484,179.61115079419497,1739335810815
137.4406128758107,-463.6289616747844,316.71190431438606,179.92079885632958,0.31639370226200036,179.61091961165224,1739335810827
136.91991473019664,-463.92608523319876,316.9212838559368,179.91891822314585,0.316420626011921,179.61130579620416,1739335810835
136.380071154459,-464.24082459966377,317.15346572579716,179.92016334348145,0.3164577469791265,179.61035726259772,1739335810843
135.8334698051674,-464.5634680953601,317.3961285159365,179.92218793074477,0.31650134702640537,179.6119129760172,1739335810851
135.2632876452924,-464.88787103503677,317.63421750839257,179.92203626714308,0.3165995308095697,179.61163777151063,1739335810859
134.68656098024934,-465.2172625302936,317.883423081775,179.9227976706805,0.3166638270822585,179.61228969013726,1739335810867
134.0943012938511,-465.55352022991457,318.1365343883052,179.92422741134794,0.31667966669174363,179.61157823882863,1739335810875
133.5055345445798,-465.88347409076556,318.38318148481903,179.92399292744844,0.31665595325685575,179.611746236612,1739335810883
132.90594438081723,-466.21852951179164,318.6365684899569,179.9238190508041,0.31654696733801635,179.61082591428064,1739335810891
132.3197137678213,-466.5468171344467,318.8854114338175,179.92415930543257,0.3164489401109779,179.6111857583051,1739335810899
131.72967462520162,-466.87366484869557,319.127494110228,179.92410345677283,0.31637894086551527,179.6108056756736,1739335810907
131.15772854091747,-467.19230772617817,319.3713281557099,179.92365127001545,0.31639121419003996,179.61090322592472,1739335810915
130.5932356287114,-467.50497269614687,319.61025869311663,179.92416655186656,0.3164252890487816,179.61102909968324,1739335810923
130.05746646286764,-467.8029455713897,319.8359499720514,179.92467747419107,0.316474972795737,179.61139417909354,1739335810931
129.52856889857986,-468.0921486366387,320.0573366164837,179.9245962683885,0.3164876272146106,179.61145633407241,1739335810939
129.03356607763905,-468.3644488409206,320.2695491213878,179.92408919891054,0.31650132889967536,179.61122453420165,1739335810947
128.5650278854345,-468.62248770289466,320.4667434231323,179.92419698777863,0.31642536711608693,179.6126981511578,1739335810955
128.1057066760782,-468.86851413301827,320.65055914342355,179.9242901832658,0.3163744140575083,179.61134440884152,1739335810963
127.70149110518578,-469.0932622622243,320.82791226687783,179.92430305573947,0.3163179570393505,179.6120783002682,1739335810971
127.31580885078297,-469.3041286283468,320.9883716191913,179.92374397762705,0.3162180927053898,179.61270859583237,1739335810979
126.95414293155696,-469.49569511229265,321.13047338579315,179.9231913045386,0.3162085136928898,179.61081263417142,1739335810987
126.6541689064287,-469.6599868227773,321.25807088747433,179.92321311839007,0.31615982054646324,179.61102318240702,1739335810995
126.3825246606346,-469.8100234742827,321.3755002795385,179.923998834423,0.31609655942123216,179.61144753640414,1739335811003
126.1292841634044,-469.948293423104,321.48264408878845,179.92510036690007,0.31602999477895893,179.6109507080056,1739335811011
125.82779136946975,-470.11209434698293,321.6135522697082,179.92554140345243,0.3159841517937659,179.6106130357628,1739335811023
125.6725775811976,-470.19582795126615,321.6809808058712,179.92516696896854,0.3159661255510975,179.61054186645447,1739335811031
125.54785405415738,-470.2629609984154,321.7341806009926,179.9246836201866,0.3159145841237112,179.6106000607993,1739335811039
125.44811164916587,-470.3153499402919,321.77364963284157,179.92391471493622,0.31589730877638317,179.61101945411156,1739335811047
125.36624597884033,-470.3575253721881,321.80309829457957,179.92313226183856,0.3158736099113004,179.61115745145204,1739335811055
125.29997328911524,-470.39100842639215,321.8259576739415,179.92265149275795,0.31585038103301205,179.61113241513982,1739335811063
125.24792505727433,-470.4156514394858,321.8474762229506,179.92290810600747,0.3157923842915049,179.61105043561957,1739335811071
125.20925629691615,-470.43105717393405,321.8721348901237,179.9242909304749,0.31570585730178213,179.6109829659662,1739335811079
125.18086781946103,-470.44191259582703,321.89444616408974,179.92607362063478,0.3156184139195507,179.61066121375185,1739335811087
125.1619053802234,-470.44943700997493,321.9135218282505,179.92794647531565,0.3155722670157254,179.61032279212623,1739335811095
125.15222058050074,-470.4542609441041,321.9267825010677,179.92937241440796,0.31550651000929997,179.61033999816505,1739335811103
125.14872278290287,-470.45477103517055,321.9287006024446,179.92951783955243,0.3154777162845112,179.6105522536334,1739335811111
125.15461542482925,-470.45116518886084,321.92468730221856,179.9289210083999,0.3154738089615103,179.61159612233206,1739335811119
125.16668527457584,-470.4456125030065,321.9182920675672,179.92801746572275,0.3154906019068841,179.61315487192024,1739335811127
125.17504048333922,-470.44303262980833,321.9112849392187,179.92705182035542,0.31549345279823354,179.6141830732052,1739335811135
125.1791756149681,-470.4439294083212,321.90215482972,179.92584873875637,0.31552017159304346,179.61467962419508,1739335811143
125.18753482031545,-470.4460479434069,321.8799800465395,179.92308891301647,0.3155738944526032,179.6156832872733,1739335811151
125.20343350464132,-470.4485184182696,321.840675600445,179.91825503449186,0.3156461945015801,179.6175717350345,1739335811159
125.21031111588921,-470.4501178061569,321.79975878993173,179.91325883561893,0.3157720027661083,179.6182144569134,1739335811167
125.21378349033027,-470.45042983989464,321.78396491308297,179.91142218625535,0.3158325450293709,179.61824341806815,1739335811175
125.21843509003506,-470.45036802927586,321.77529184555624,179.91073762491197,0.3158435208069798,179.61793747497555,1739335811183
125.22639845057623,-470.451493070937,321.7691080576137,179.91099337033583,0.3158190951816139,179.61730657864265,1739335811191
125.24230067804284,-470.4532382849765,321.7622226304678,179.912384047151,0.3157634156410541,179.61640893662297,1739335811199
125.29020842010269,-470.45527245266584,321.73021104205446,179.91465504522685,0.31566238093915083,179.61521701610542,1739335811211
125.34133980811853,-470.4555223670239,321.68709913469263,179.9154779329231,0.31559595760116743,179.61432271090612,1739335811219
125.41071728508702,-470.4566609604823,321.6266599202562,179.91651972725097,0.3155222416546981,179.61342701152887,1739335811227
125.49951166277881,-470.45837370577084,321.54913388542224,179.91820680411473,0.3154019070220519,179.61250247792634,1739335811235
125.60967657545561,-470.46255631068345,321.4532586224674,179.92094659729463,0.3152344973117603,179.6116701795278,1739335811243
125.7436497066872,-470.46619916924857,321.3348737554907,179.9234142698539,0.3150841315926696,179.61112481977696,1739335811251
125.90339832862938,-470.46472893158744,321.1891973382377,179.92483384668793,0.31493780512462033,179.61104618651353,1739335811259
126.08922342335497,-470.4580490683542,321.01208563240783,179.92450931164342,0.3148164594817844,179.61092831490717,1739335811267
126.31154167328923,-470.44701477282854,320.81019162920495,179.92427877669428,0.314669683088062,179.61139412082503,1739335811275
126.57000907513385,-470.43420120115,320.58226838274624,179.92485232787956,0.3145154036477167,179.61156500892494,1739335811283
126.85253918777053,-470.4221848876021,320.3215191092525,179.92517635993076,0.31437236131204943,179.61121180032345,1739335811291
127.15183891819373,-470.4125912395666,320.02790716876257,179.9232015982138,0.314328260733937,179.61109819135322,1739335811299
127.47370950738967,-470.4097779555891,319.722494298135,179.9230448088222,0.3143024535127323,179.61154485160833,1739335811307
127.82800756211313,-470.40341977176786,319.41113331747766,179.92532659568235,0.31422372890617556,179.61192319649663,1739335811315
128.19349312103037,-470.3892683339225,319.0799967662068,179.92583912974598,0.3141523963860928,179.6108920847766,1739335811323
128.57069837726158,-470.3766549614697,318.7322958060318,179.9273752999915,0.31407504316440654,179.61070273646538,1739335811331
128.96552967381174,-470.36195141358746,318.35513746239275,179.9265613817511,0.31402128007971847,179.61053823377685,1739335811339
129.37199444836494,-470.341970708902,317.96878914545266,179.92458041620498,0.3139332942374502,179.60987070889647,1739335811347
129.7709883888725,-470.32819478041563,317.60321801951494,179.9266568245273,0.3137359032372364,179.60955787869656,1739335811355
130.18254227519853,-470.30879967514056,317.2389829909665,179.92690176769744,0.3136182261739887,179.6100029059251,1739335811363
130.59272812693575,-470.2954718277294,316.8685399914186,179.9283935528981,0.31350152222457495,179.60945641652162,1739335811372
130.98800455498142,-470.27855550865917,316.4866453079562,179.92673713975924,0.3134740435860524,179.60923586650947,1739335811379
131.38525041447605,-470.2550744844502,316.1201390823889,179.92719936758647,0.31356914616872367,179.60958367823415,1739335811387
131.77324581875394,-470.2304777259693,315.77382541383434,179.92837197399322,0.31378858721677977,179.60906451593084,1739335811395
132.31501866581436,-470.2077555366037,315.2707617551043,179.92778821141607,0.3145157531463024,179.6091771976938,1739335811407
132.66305018373177,-470.1959178119296,314.95599622869406,179.92763524792602,0.31503804223915904,179.60948343969537,1739335811415
132.98388723940442,-470.1751598287383,314.6623751231067,179.9266569448931,0.3153724042177192,179.60911376838843,1739335811423
133.27121950429296,-470.15313692792995,314.39201324127964,179.9271480455733,0.3155704640938799,179.6089658399602,1739335811431
133.5337349046469,-470.13151480759524,314.14213641989465,179.92691550907134,0.31568790857140466,179.60923020512428,1739335811439
133.78108187184156,-470.114812886919,313.91932565078304,179.92595390962285,0.31573570058214656,179.61004940417223,1739335811447
133.99879818322822,-470.1047715429082,313.719270853991,179.92504504243058,0.31566217549439196,179.6097325739251,1739335811455
134.18336423121792,-470.10045401193975,313.5492641468754,179.92555964215677,0.3155789926868139,179.60958299527164,1739335811463
134.3355684950987,-470.09543928263327,313.40672097072473,179.92605014784843,0.31551856375313503,179.60973497105167,1739335811471
134.4584576081905,-470.08789939623364,313.2868848592623,179.92577798362876,0.31549735194253165,179.60974300249532,1739335811479
134.55998535873036,-470.0796092073931,313.18887563020115,179.92505899330692,0.3154664057127303,179.61000760611336,1739335811487
134.6421488798765,-470.07115384499923,313.1097549657692,179.92427174482944,0.31545892278216,179.61030842992196,1739335811495
134.70870650986924,-470.06358321011754,313.0486293289202,179.92355071834857,0.3154981562281611,179.6107875865929,1739335811503
134.7611292325576,-470.05780173327224,313.00527868173253,179.92347842036622,0.3155432543054107,179.61130851418977,1739335811511
134.80022472711778,-470.0534364753734,312.9752162840754,179.92363884202163,0.31560786412738406,179.61170452236425,1739335811519
134.82660982615153,-470.0503198214826,312.9531765056828,179.92362849720584,0.3156025206226596,179.61178786394427,1739335811527
134.84256850532302,-470.0477398732497,312.9376882852261,179.92349483403737,0.3155866444249814,179.61169316780487,1739335811535
134.85108432732443,-470.0467834041536,312.9274079479808,179.92324996720725,0.3155843008913256,179.61146708350987,1739335811543
134.85360113537118,-470.0478495124873,312.9330082100317,179.92452368849735,0.31556828677830256,179.61100184946562,1739335811551
134.8483688646746,-470.0486887641079,312.94926459786325,179.9268329414145,0.315574598233553,179.60994630915124,1739335811559
134.84094402097554,-470.04971867278203,312.9652395949301,179.9289801465366,0.3155691768603172,179.6088498375903,1739335811567
134.83515850019074,-470.05119214760794,312.9752329850576,179.93035330655607,0.3155788453441343,179.60810255078033,1739335811575
134.83362403997694,-470.0511642944195,312.9749717424212,179.93043504766752,0.31559187328557675,179.60791862742587,1739335811583
134.83334567307645,-470.04846172445156,312.9694239177,179.92980295115257,0.31560868906131156,179.60788006421552,1739335811591
134.83257346421956,-470.03798159336316,312.95243625862923,179.927756876096,0.3156212196865839,179.60780470730313,1739335811603
134.83079793404642,-470.03212552397787,312.9448341606547,179.9270363095472,0.31562628911780394,179.60758722444666,1739335811611
134.8276806942573,-470.02709575382494,312.9419920115374,179.9272134951648,0.3156338092871899,179.6072643002518,1739335811619
134.82289084745832,-470.02120736952463,312.9420195486955,179.92819296278256,0.3156375839630708,179.60675257385793,1739335811627
134.81459622088423,-470.0139142686148,312.9381774172787,179.92925461686676,0.31566658410574666,179.6058699824557,1739335811635
134.808091961571,-470.0074411851374,312.92078953165156,179.92940591612276,0.3157052684740127,179.60529619237863,1739335811643
134.80622504660926,-469.9951678977206,312.89349446993526,179.92919061058964,0.31572905572368337,179.60540021980128,1739335811651
134.80465006542005,-469.9752613321234,312.85312945100793,179.92839143093525,0.3157261447618973,179.6057236338733,1739335811659
134.80268103581633,-469.94790449290514,312.7997416879523,179.9272470441,0.31574893202943083,179.60621185909315,1739335811667
134.79793095154233,-469.9131112511001,312.7360036862223,179.92632879689785,0.3157408028755019,179.60673062142376,1739335811676
134.7886312217861,-469.8713798501463,312.66382382433306,179.9260045572131,0.31574091746332617,179.60712486439385,1739335811683
134.7735663767875,-469.82124506820986,312.5804616097811,179.92589347543608,0.3157449734425575,179.60722917669352,1739335811691
134.75444198834867,-469.75940187846146,312.48100131428174,179.92577868105948,0.31578710451370134,179.60730427664782,1739335811699
134.73255377829787,-469.68306067954654,312.3645080159242,179.92536104742328,0.3158303819594386,179.60758048211673,1739335811707
134.7066430653638,-469.5924749102329,312.22758627524536,179.92459889849866,0.3158247773344223,179.60783732300234,1739335811715
134.67724502947334,-469.48442158199225,312.06591151274506,179.9238263810035,0.31583411624805247,179.60819270956458,1739335811723
134.6429384713817,-469.3612593178361,311.8817661464502,179.9238307142212,0.31578995611040245,179.60834900538742,1739335811731
134.60436282914762,-469.22793983702917,311.68188856679296,179.9247427615745,0.31572678183924846,179.60863213351772,1739335811739
134.5387520836272,-468.9971028337863,311.3371849209737,179.92361347736397,0.31568167014797677,179.60878491806213,1739335811751
134.48918592581734,-468.82469786849265,311.0812580655092,179.9244913707032,0.31563920067713747,179.60881018746602,1739335811759
134.43689428699722,-468.6432030496825,310.8165837941809,179.9272688068952,0.31559190767955525,179.60898124198735,1739335811767
134.380868516891,-468.4387438429163,310.51757775739577,179.9264588917993,0.3155694987510773,179.60903451054065,1739335811775
134.32225152647305,-468.2254107334873,310.2100871422947,179.92804434567014,0.3155165092759658,179.60921298761772,1739335811783
134.26015105027864,-467.9956046698594,309.8835497190167,179.9287958109773,0.31546891981589664,179.60933280411922,1739335811791
134.19578765449685,-467.75445902297946,309.53763682303503,179.92841437843055,0.3154188705826482,179.60960540723036,1739335811799
134.12501720927457,-467.51022872782585,309.18535508651917,179.93003369783,0.3153526101869477,179.60945537736623,1739335811807
134.05203099644052,-467.2537041975905,308.81128547218384,179.92942639136194,0.31532152231329047,179.6095385474588,1739335811815
133.97621444109143,-466.99463620464445,308.42707790219265,179.93049360729262,0.31528618719310986,179.60962463423883,1739335811823
133.89832133559048,-466.72883030971815,308.03150388650494,179.93005344179494,0.31526263565663976,179.60976264449488,1739335811831
133.81936680213437,-466.4568320445719,307.6292397589293,179.93019986094004,0.3152041394086107,179.61017234805007,1739335811839
133.7380355293412,-466.1814925631394,307.2267505399872,179.92943008515041,0.31518547671444164,179.6104871505474,1739335811847
133.65422194282115,-465.90317589472625,306.81640356665906,179.92880861885124,0.3151804174374486,179.61020997553567,1739335811855
133.56910492251646,-465.6210238213601,306.40904142980867,179.92745994878587,0.31518900614264345,179.60977929860346,1739335811863
133.48877946452032,-465.34270004985433,306.01202919709687,179.92843999492266,0.3151594695901183,179.60942419196726,1739335811871
133.41258441432763,-465.0593749950408,305.61305771677144,179.92763757700595,0.31513099476362155,179.6093542055707,1739335811879
133.33831815380208,-464.78295201128026,305.225143592204,179.92819986170514,0.3150611084581274,179.60928678706247,1739335811887
133.26693470487925,-464.5036038508583,304.83386587080935,179.9266254988747,0.31502199650037643,179.60916386338536,1739335811895
133.19819539960739,-464.23760072736684,304.4600757147022,179.9268384074068,0.3149909853735368,179.60920586380922,1739335811903
133.1321932271084,-463.9745459597447,304.08909090248824,179.92583992629824,0.3149875212647528,179.60929953534858,1739335811911
133.06779297624226,-463.72790607697556,303.74124950358095,179.92630212350934,0.3149918553828261,179.6093936953883,1739335811919
133.00661674698281,-463.4891989957204,303.39901514873856,179.92632900875515,0.31503301748136203,179.60975940051443,1739335811927
132.92149183310812,-463.1506308250213,302.92032004063844,179.92565640467387,0.31513017276627336,179.61062692014946,1739335811939
132.86388762185265,-462.94297700865053,302.62520057777556,179.92581540488416,0.3151772954544301,179.6107654730139,1739335811947
132.81255650012633,-462.7435468007184,302.34302373294685,179.92373595433702,0.3152715795045255,179.61128562170077,1739335811955
132.76396133440971,-462.5580820023548,302.0777811553522,179.92222534758164,0.31534765097438006,179.61180135547875,1739335811963
132.71685758218547,-462.3939977814544,301.84542986727314,179.92228834563983,0.3154065426973808,179.61190496178463,1739335811971
132.67398384810048,-462.2412175635685,301.6294983135368,179.9211858692879,0.315479082851232,179.6120049655481,1739335811979
132.63355127101107,-462.10549846747546,301.4417217812134,179.92129641008793,0.31552457442857046,179.6117905366549,1739335811987
132.59746526385058,-461.9882430680754,301.2828040891359,179.92346905517076,0.31552282920974356,179.61141133114253,1739335811995
132.56674104902322,-461.8868425404646,301.14554804183507,179.92537968050706,0.3154821205944713,179.6111823970511,1739335812003
132.54084414364772,-461.792019150697,301.01522103439913,179.92466328501015,0.315498686176412,179.61094233142896,1739335812011
132.52117513486763,-461.7066954046047,300.9002731874214,179.92304684533946,0.31555310386315705,179.6109284851333,1739335812019
132.50517645597165,-461.63761053325726,300.80743020342715,179.9221761220167,0.3156096636749013,179.6110031887234,1739335812027
132.4927849676644,-461.58535905662734,300.7351989267786,179.9224054680351,0.31572933010542614,179.6111241037765,1739335812035
132.48231515778548,-461.54538988404397,300.6797195685444,179.92327828058683,0.31582390477781414,179.61113813506137,1739335812043
132.47371958503234,-461.51444553584633,300.6381249380165,179.92452960725726,0.3159039832186658,179.611042641502,1739335812051
132.4670462001403,-461.4914989658169,300.60732500856136,179.92573809278045,0.3159602032754733,179.6109031723824,1739335812059
132.46244447079698,-461.47253705364955,300.5817527125519,179.9262448638035,0.3159868257656635,179.61086456674545,1739335812067
132.46277957499527,-461.4560014896482,300.55903914626117,179.92588038248803,0.31601877442547976,179.61125794870586,1739335812075
132.46624290377196,-461.44530431197455,300.5322970929228,179.92397192488266,0.31605077141893484,179.6119422852082,1739335812083
132.47026588871128,-461.43957893950113,300.5075383274448,179.9217096151107,0.3160992850630262,179.6126020494302,1739335812091
132.4731030799468,-461.43715000582256,300.4887861987516,179.91988254076037,0.31617851622344173,179.61304943960994,1739335812099
132.47409762741614,-461.4373153857301,300.4779396516824,179.9189116842065,0.3162506804178615,179.61321086002434,1739335812107
132.47370172555355,-461.44174249716724,300.47927184042493,179.9193813714799,0.3162757402625236,179.61319171570477,1739335812115
132.47274543154563,-461.4457296915298,300.4847900776505,179.92029908047988,0.31625765510693915,179.61310097450152,1739335812123
132.4712002793808,-461.44956843363735,300.4962988562879,179.92191712803424,0.31624177802580344,179.6129400120872,1739335812131
132.4698553751818,-461.45141261987214,300.5050509587732,179.92303877100764,0.3162321278662862,179.61277005750202,1739335812143
132.46760045612646,-461.4588079699805,300.52092736854894,179.92506463696557,0.3162116351962523,179.612517748419,1739335812151
132.46416031794013,-461.4680108186807,300.5369098689527,179.9270971918016,0.31618321045866815,179.61212292799917,1739335812159
132.45952773490401,-461.47127021919573,300.54120875487314,179.927607096931,0.31617815810702055,179.6115621742232,1739335812167
132.45262815113352,-461.4749314419458,300.54441141166905,179.9278520811189,0.31618979150499693,179.61071513206167,1739335812175
132.44151201264802,-461.4813036251852,300.547319302156,179.92781161988088,0.31618387523196617,179.6094195575823,1739335812183
132.42815802265758,-461.49104444270023,300.5513343651294,179.9273300168682,0.3162038448717852,179.60792169080025,1739335812191
132.4171531664474,-461.5022559933729,300.5577049004151,179.92603308280678,0.3162092517398647,179.60686872753737,1739335812199
132.41418910618546,-461.517753058787,300.5705822535524,179.92433567542807,0.3162011949839554,179.60699187255545,1739335812207
132.41231690830244,-461.5378907528702,300.5971136949435,179.92300002403474,0.3161967654593334,179.60751466317458,1739335812215
132.40861594955442,-461.5620740053836,300.64129849171235,179.92230506683194,0.31620340162901805,179.60808664455516,1739335812223
132.40113255936654,-461.5939293737104,300.6980933690736,179.92150309624466,0.3161980861962963,179.60856847497152,1739335812231
132.38859273045955,-461.6376944547277,300.7724629800073,179.92113153348797,0.3162016116555165,179.60880128980025,1739335812239
132.3717983336714,-461.6939523474667,300.8641481725134,179.92104068694044,0.31618136472511854,179.60896185505635,1739335812247
132.35094022460146,-461.7642444056599,300.9762872036158,179.92145600687783,0.3162239172226565,179.60901888645265,1739335812255
132.32763896308714,-461.8515136201254,301.1136489839413,179.9230225562837,0.3162532861075405,179.60924831698213,1739335812263
132.3010620734854,-461.95731266824566,301.27681662223347,179.9251834068797,0.31627715552308205,179.60963769736918,1739335812271
132.2696290624619,-462.0738274927676,301.452132291264,179.92525319852373,0.31633635764401524,179.60991138970846,1739335812279
132.23268572298397,-462.2001230004323,301.64231220946425,179.92297315531604,0.31639767039697064,179.61001747127557,1739335812287
132.18996853709146,-462.34282110116214,301.8555913004544,179.92087237296246,0.3164257137859759,179.61000246957093,1739335812295
132.14190954558245,-462.5104724387414,302.10316267442374,179.92088153336283,0.31639434220670304,179.60996383622134,1739335812303
132.08935055840467,-462.691753909202,302.3697744129069,179.919555176619,0.31639149292688123,179.610039594797,1739335812311
132.0032297489964,-463.0002779068484,302.83142422007575,179.92063838755618,0.31646080172498603,179.61027632815365,1739335812323
131.9381237176721,-463.22869475741123,303.1777235618739,179.92276142029007,0.31653764365322573,179.6103216074716,1739335812331
131.8681511118945,-463.4731757403186,303.5470079317786,179.92411881940114,0.3166009835692748,179.61034175824543,1739335812339
131.79331202776459,-463.72898516822767,303.93492274707154,179.92535689264264,0.3166473398906597,179.61040666446343,1739335812347
131.71330096829504,-463.99272810273857,304.33386159547484,179.92354479757816,0.3166787541597219,179.61040993513757,1739335812355
131.6298236010967,-464.2725748166219,304.75522535512573,179.92264656315282,0.31666971040920516,179.61066494704843,1739335812363
131.5425599982832,-464.563649041205,305.1947263015258,179.92109300736445,0.3166863320046157,179.61118238863304,1739335812371
131.45107874356225,-464.86699601289814,305.6534844024037,179.92088290657819,0.3167705184014532,179.61172360877202,1739335812379
131.35459357032576,-465.1846059203041,306.1367848679775,179.92175631904277,0.31684723189428105,179.61215769276527,1739335812387
131.25209317901906,-465.5074507551409,306.62950150398615,179.92192322891285,0.3169327275056279,179.61196210016377,1739335812395
131.14591737354766,-465.83980671160845,307.13827976291367,179.92305603189848,0.3170208918255852,179.61140684092567,1739335812403
131.03788708412375,-466.1766631247316,307.6563630503202,179.92346013666722,0.31708339860310414,179.61052783059438,1739335812411
130.93523744950807,-466.51305975935776,308.1777498564165,179.92386348449898,0.3171457282086759,179.61018904276978,1739335812419
130.83796614220554,-466.8503266810644,308.70428961102647,179.92394672341015,0.31721410047199056,179.61041293718839,1739335812427
130.73920654125388,-467.1885592107591,309.23088116659164,179.92306447640294,0.3173041707703213,179.61040002887336,1739335812435
130.64237750459046,-467.52698658730276,309.7620037646376,179.92357059322043,0.317425394106291,179.61075035073097,1739335812443
130.54073301761818,-467.8652224468772,310.28850845855106,179.92335616818988,0.31752114109628354,179.61064178431988,1739335812451
130.43756336856706,-468.2015632843965,310.81466643388046,179.9232837523892,0.3175596100564561,179.61041708737082,1739335812459
130.3345477494738,-468.5308850017822,311.33092321938295,179.92276949435364,0.31756777262802993,179.61033984735394,1739335812467
130.23236110059185,-468.8537246913659,311.84214927419214,179.92143811464484,0.31749526184631754,179.61045554387314,1739335812475
130.130571121397,-469.16867188282475,312.33800298339713,179.92000528749705,0.3173898394093835,179.61083588713555,1739335812483
130.03054128353787,-469.476352847901,312.822597389067,179.91895921260422,0.3172987430140345,179.61122575837285,1739335812491
129.93245515636707,-469.7758331615395,313.2955119545511,179.91788436272523,0.31725030996483955,179.61140070468477,1739335812499
129.7866726180839,-470.2099433970278,313.97776804567025,179.9181381831233,0.3171770301950073,179.61048715003722,1739335812511
129.69996395906838,-470.4825553017733,314.41093649626475,179.91877291719965,0.3170748633033096,179.610256029345,1739335812519
129.61947739478842,-470.7399945817163,314.82460398974763,179.9189746103007,0.31692585300837894,179.6100951323225,1739335812527
129.54396023449604,-470.9848472964572,315.22075361689934,179.9203739486283,0.3166295803683818,179.61001847402957,1739335812535
129.47726293590756,-471.2098106628682,315.5923212588793,179.9207693121891,0.3162770308225767,179.61040875310906,1739335812543
129.41289149044707,-471.4160289131606,315.9345473923561,179.920610068003,0.3158768065019756,179.6105406584121,1739335812551
129.35084059433544,-471.61162853753984,316.257388440018,179.92163916470238,0.31552457455639366,179.6104425092733,1739335812559
129.29379307513477,-471.7857306121569,316.54658393212986,179.9206152951077,0.3153444245326479,179.61032139230178,1739335812567
129.24209632197062,-471.95364168101725,316.8228192926272,179.92243215608917,0.31522010598327815,179.6103010960362,1739335812575
129.1924650456011,-472.10223130589446,317.0638505359658,179.92318134031336,0.3151914540009333,179.6100652824474,1739335812583
129.1492759838326,-472.2316397562658,317.27522411492623,179.92236547937486,0.31524529491537445,179.6100273736425,1739335812591
129.11209141341837,-472.35081400138546,317.47429440625854,179.9236747267672,0.31526426133785646,179.61022705172638,1739335812599
129.07965877288981,-472.4545202799874,317.6463232660454,179.92504894376472,0.3152837231665305,179.61039450018166,1739335812608
129.0510604816627,-472.5430432749859,317.79175622828825,179.9260056776098,0.31529401771442644,179.61052380267057,1739335812616
129.02696895286974,-472.61221258935376,317.9099675471135,179.92546487287498,0.31534791680235114,179.61068300310427,1739335812623
129.00529152371868,-472.6704809791428,318.00764016520833,179.92430926815743,0.3153921601396822,179.61062646433194,1739335812631
128.9870870988311,-472.7208489481103,318.0884386012514,179.9233016179468,0.31545201050295707,179.610594958779,1739335812639
128.97253882848412,-472.76357841194425,318.1560425857642,179.9229436216295,0.3154717943858763,179.61057083302052,1739335812647
128.96140713943285,-472.79804633448276,318.21021510396054,179.92301235141213,0.31549749278620864,179.6106016091474,1739335812655
128.95289341408304,-472.8229502384883,318.2579334364647,179.92403773121566,0.3154973809859352,179.6106382697998,1739335812663
128.9458516486092,-472.8397054399046,318.2981598870986,179.92539464032262,0.31547633792797114,179.61061269772893,1739335812671
128.9432058104896,-472.8496884433074,318.3290416215532,179.9267233014573,0.31546606593079507,179.61086383069596,1739335812679
128.94575701204823,-472.8555321659553,318.35295044476976,179.92802368813045,0.31544594710736035,179.61157765394307,1739335812687
128.95119855184979,-472.8591726385768,318.3740110581886,179.92920823652796,0.3154270546854732,179.61258806310568,1739335812699
128.95467975808117,-472.86060552862364,318.37932637799645,179.92941335177503,0.3154523941592759,179.6131162775407,1739335812707
128.95581632800761,-472.859511746361,318.3770713638681,179.92882221995856,0.3154570862751357,179.61331877006842,1739335812715
128.9554570757273,-472.8566247010927,318.3705490831182,179.9278368958524,0.31548205067093765,179.61328651609958,1739335812723
128.95474127520208,-472.85413479567205,318.36299769005296,179.92679011975986,0.3155004465827742,179.6131922753508,1739335812731
128.95372931261568,-472.85308969346147,318.35815544404306,179.92612351777046,0.31549141911454903,179.61306618971432,1739335812739
128.95214426188122,-472.8502914213924,318.35941950343414,179.926212268512,0.31550664754143126,179.6128696495197,1739335812747
128.9489174297432,-472.84110531161326,318.36925278028554,179.92729288333885,0.31548559845587165,179.61244759429158,1739335812755
128.94149774641497,-472.828727565222,318.37565841355604,179.92789135871357,0.3154891021491665,179.61152621464203,1739335812763
128.93117248642105,-472.8245151061949,318.37046992907534,179.92710993841536,0.315507131354001,179.6102910906932,1739335812771
128.91796209828524,-472.82643672184224,318.3705788948663,179.92691991041912,0.31550586432921074,179.60876151895408,1739335812779
128.9041526836437,-472.827122703219,318.3711249684863,179.92655441499352,0.3155303692741713,179.60729352518612,1739335812787
128.89736856127172,-472.82087427436954,318.37500694702567,179.92625742133598,0.31553299000595464,179.60685433230256,1739335812795
128.89379662897286,-472.8070476087147,318.38268285251826,179.92603675190597,0.3155560737675558,179.6069886284294,1739335812803
128.8907261276956,-472.7837243140476,318.39437416169875,179.92577742317667,0.31559091182854804,179.60751284425612,1739335812811
128.88547928701385,-472.74852843819025,318.41226327244476,179.92564961793903,0.3156380599991958,179.60812920425045,1739335812819
128.87566834053706,-472.6999938274321,318.4394970347283,179.92591883295296,0.3156825247488989,179.60866317973827,1739335812827
128.86085491665193,-472.63528263419255,318.4773032952331,179.92657955811987,0.3157550185141418,179.60916309355076,1739335812835
128.83976520890283,-472.5529122082018,318.5272833030552,179.92769193924107,0.31580923900814645,179.60947372003366,1739335812843
128.81265268222003,-472.44856489771536,318.58413700167364,179.92825090105043,0.31587959471488897,179.6097133394042,1739335812851
128.78053131828858,-472.3227168938955,318.6468874690218,179.92813426849602,0.31597428785448944,179.61001052660112,1739335812859
128.74091962523752,-472.17508052948864,318.71241912560373,179.92674482676216,0.3161049905228099,179.61022713221072,1739335812867
128.66663052649727,-471.9173614726444,318.8344519745046,179.92448236859232,0.316323768594799,179.61017421137186,1739335812879
128.60957058293155,-471.7158392162357,318.9382108003929,179.92360648761178,0.3164410465425262,179.6101249889459,1739335812887
128.5468191819295,-471.4850341737178,319.06818885855495,179.92467320500486,0.3165682892662062,179.61012066149507,1739335812895
128.4787610023282,-471.22627425875777,319.2083196618489,179.9258182926375,0.316637343514818,179.61031251780526,1739335812903
128.40463828838662,-470.94654114572745,319.3462389827654,179.92546997351928,0.31668839836653806,179.61027070811542,1739335812911
128.32662510636166,-470.6345674639617,319.50700938287525,179.92678383446898,0.3167197840132939,179.61031203477708,1739335812919
128.24386976993623,-470.2999165960958,319.6727396812905,179.92729223985205,0.31673179112348104,179.61049252918758,1739335812927
128.15908773851532,-469.94883758583535,319.8443126382385,179.9263200061047,0.3166742732578458,179.61103213271434,1739335812935
128.0671563611325,-469.5762832166185,320.04025231589407,179.92673763241663,0.31657592061236284,179.61131812835256,1739335812943
127.965518474254,-469.18934612860977,320.22515362022784,179.92481316878073,0.31649072483492136,179.61104534368263,1739335812951
127.85855169329915,-468.78252625083076,320.42249620796775,179.92443419975604,0.3163160490123852,179.6108146991475,1739335812959
127.74700945639036,-468.37495431415323,320.62662423714914,179.92456225086346,0.3161039011285837,179.61088274008196,1739335812967
127.63123116585164,-467.95798921955986,320.84691700478993,179.9256722604254,0.3158493999840989,179.6111068545085,1739335812975
127.50769193025424,-467.52912219829636,321.05389849654773,179.92415569175753,0.31576883773681874,179.61046526915533,1739335812983
127.3873848617729,-467.09351803089663,321.2706226446357,179.92418933392537,0.3156972047055639,179.6100896208416,1739335812991
127.27570332061633,-466.66390320679886,321.50205253973803,179.9268709578348,0.3155840632137931,179.61019516721186,1739335812999
127.16546731426025,-466.23254567179964,321.72143131515816,179.92796085873164,0.31552858913921483,179.61009571740342,1739335813007
127.06032006178971,-465.79357306931394,321.920830764775,179.9257945157052,0.3156062018540201,179.6101528122607,1739335813015
126.95680416547184,-465.3583282402891,322.1218871666969,179.92370341608935,0.3157219946531634,179.61028088721298,1739335813023
126.8535544351877,-464.9394654206001,322.3258525313268,179.92332339337707,0.31576994451051055,179.61028981938864,1739335813031
126.74746029722483,-464.5309194180887,322.52634023989066,179.9238810822835,0.31577675245470854,179.60999734948186,1739335813039
126.64288420947418,-464.1282939204599,322.7047414404644,179.92246039959528,0.3158070951946013,179.6098725756451,1739335813047
126.4870336778684,-463.5666343430822,322.9903369551434,179.92330940727732,0.3159141152646811,179.6097746498812,1739335813055
126.3884530205667,-463.21696515514935,323.1678412232528,179.92374239405623,0.316000021943772,179.60961269550785,1739335813067
126.30208113691124,-462.87883038760214,323.32285575999043,179.9234624221846,0.3160881736435916,179.60990916785133,1739335813075
126.22382627286564,-462.55478924490546,323.4749833349691,179.92421454411505,0.31608372530961243,179.61016971207016,1739335813083
126.15318526037025,-462.2677851823632,323.6161708650694,179.9247566024709,0.31606403867627764,179.6104308587472,1739335813091
126.09126639843507,-462.0043197303899,323.75075253776015,179.9252119662103,0.3160601422116958,179.61081083631137,1739335813099
126.03435402481556,-461.7569497864139,323.875207591744,179.9257370040691,0.3160514927975665,179.6109248847385,1739335813107
125.98154369751771,-461.53893094082673,323.9643202697615,179.9237001579145,0.3160413342919624,179.6107610394043,1739335813115
125.9337295940321,-461.34453666789705,324.0423599839657,179.92217495518574,0.31600105204352513,179.6104729468596,1739335813123
125.89262997328154,-461.17703106885153,324.120182336835,179.92246054206734,0.31592626948844277,179.6103341085492,1739335813131
125.85819687401973,-461.0324819335087,324.19238735466905,179.9233005222585,0.31587835186382784,179.61032723998352,1739335813139
125.82966977254992,-460.9120867611896,324.25239324425036,179.92388649755614,0.3158676665637795,179.61047458334963,1739335813147
125.8056587309868,-460.81911299992413,324.30513580532073,179.9250136411679,0.3158595774306501,179.61069816973657,1739335813155
125.78504331455059,-460.74766222040967,324.3480383063098,179.92613700532078,0.31584521947385463,179.61073755933938,1739335813163
125.7675741295036,-460.68876766998903,324.3762791956215,179.92636642576096,0.3158333963834687,179.61063648723416,1739335813171
125.75339531813893,-460.6415957845026,324.3951425012907,179.9260831987635,0.3158249263902784,179.61048757648635,1739335813179
125.74288555683741,-460.6061700198859,324.40555694788003,179.92526068444195,0.31582136252397974,179.6104344661013,1739335813187
125.73518160521111,-460.58033182332684,324.4139828102496,179.9246470380267,0.31580830066939936,179.61044792764048,1739335813195
125.73089781855518,-460.5607577044502,324.41972457417467,179.92407971663187,0.3158060286971703,179.61060891506258,1739335813203
125.73209583094955,-460.546060233411,324.42375590871734,179.92370804001274,0.3157913538892266,179.61124439929392,1739335813211
125.73485520930774,-460.53723707385734,324.42719911051,179.9236343167838,0.31576909745368914,179.6118929669865,1739335813219
125.73723081774772,-460.5344722026708,324.43365217013564,179.92419917400787,0.31573948311747907,179.612414661801,1739335813227
125.73960446425264,-460.5378471762939,324.42876812503545,179.92347904498467,0.31573975212535216,179.6128668832832,1739335813235
125.74065396941344,-460.55065993909767,324.41772982782726,179.92213982523404,0.3157388808395506,179.6131517013423,1739335813243
125.74077034608096,-460.5545054741708,324.41389337692567,179.92169154413094,0.3157525240798597,179.61321021196633,1739335813255
125.74258674579391,-460.5562347653193,324.40506119883423,179.92057626788517,0.3157555428114683,179.61344848699568,1739335813263
125.7522134279907,-460.56077479175013,324.3837962197956,179.9179523212768,0.3158018975966829,179.6146498681269,1739335813271
125.76489571765484,-460.56331249359584,324.3633511758778,179.91551115025172,0.3158241190881468,179.61620521511944,1739335813279
125.76820124172511,-460.5588708592087,324.35534773904,179.9147089175059,0.3158572560198456,179.61647748250545,1739335813287
125.77163014963413,-460.55161256818576,324.34399935810796,179.91376236998744,0.31588697552031314,179.61650198292597,1739335813295
125.77694721757146,-460.54555388659367,324.3329032984539,179.9134521016563,0.31588973754332056,179.61635606699838,1739335813303
125.78741894183939,-460.54619953531943,324.32595722274016,179.9144155059519,0.3158582146633445,179.61615163643037,1739335813311
125.80642084175986,-460.551572252869,324.31243145175705,179.91554813767556,0.31578876609611833,179.61583949098912,1739335813319
125.83643831348628,-460.5621146738298,324.28961342673534,179.91679493935692,0.31571361247437935,179.61543090345788,1739335813327
125.87968654717285,-460.57767913218544,324.25274768522803,179.91782806897095,0.3156309687781734,179.61495600242864,1739335813335
125.93806044505382,-460.5982936523757,324.1985384350884,179.91860443468678,0.31553845070507336,179.61424193658246,1739335813343
126.0148346144132,-460.62513915522527,324.12308187338255,179.91893323666739,0.3154365882847914,179.61362548114738,1739335813351
126.1116327662451,-460.6590896764093,324.02622898704766,179.9192757667399,0.31532438049829037,179.61309243613766,1739335813359
126.23245661996155,-460.6998516832419,323.9089494491702,179.920017197531,0.31517719127701227,179.61281323930584,1739335813367
126.37897041348067,-460.7518118856036,323.7621086815267,179.9205696008623,0.31499285452767156,179.61244758344412,1739335813375
126.55733896139861,-460.81769300922906,323.5807903549138,179.9209851794139,0.31475514605380583,179.61243321433477,1739335813383
126.77318732457584,-460.8919501526196,323.36507564045024,179.92037627519247,0.3145097309251746,179.61255355997136,1739335813391
127.01767872357908,-460.97191659631073,323.1226813383441,179.9193796369017,0.3143105682134227,179.61218909384405,1739335813399
127.28753756447273,-461.0579640300809,322.86216036155463,179.92038710162265,0.31413208041601404,179.61193610614373,1739335813407
127.58690983883106,-461.1606511839167,322.56326382037116,179.9220509989449,0.31395183141213445,179.6122344304165,1739335813415
127.9256186943334,-461.2778600670134,322.21763681285415,179.9210638609165,0.3137931516044256,179.6124961228204,1739335813423
128.49474451180555,-461.4690717183711,321.65909898838385,179.9233229274775,0.313405994222094,179.6115664362448,1739335813435
128.90631011973872,-461.60868368061836,321.23582016299844,179.92252931036634,0.3132675245002375,179.6111508778575,1739335813443
129.36105000146281,-461.7580144433989,320.7894667518521,179.92348117666197,0.3131083710024312,179.61070814009295,1739335813451
129.8328209226972,-461.9159148599455,320.32027751403086,179.9242158028147,0.3129225881006854,179.60995488963437,1739335813459
130.33904926437793,-462.0849006923958,319.81865743501345,179.92520305873376,0.3128363610272238,179.6106775281232,1739335813467
130.86754844535423,-462.25404022346794,319.30484264708366,179.92668769645232,0.31285165243661783,179.61015309564877,1739335813475
131.4055530063669,-462.4389952458919,318.7603024910049,179.92803437671125,0.3131031252481269,179.60961794063434,1739335813483
131.97847254845723,-462.61490914585636,318.21014228831996,179.93052515943285,0.3135671585150576,179.60939753009927,1739335813491
132.55504790919662,-462.7977842935115,317.62611664597574,179.92960043517783,0.31404979422780366,179.60929596365384,1739335813499
133.15446660989048,-462.97568467355507,317.0428102309423,179.93078963609995,0.3143817522288977,179.60873207621896,1739335813507
133.75400809784983,-463.1578155929451,316.43975718713284,179.93057902963574,0.31450214723665476,179.6089089655628,1739335813515
134.3714643427712,-463.33583674753453,315.8366852711152,179.9306276247772,0.3145126346141022,179.60919613605554,1739335813523
134.97757701272818,-463.51974809662175,315.2315097993933,179.93098140255213,0.3144423475587779,179.609272418639,1739335813531
135.6006981006564,-463.6986611544306,314.61755324440406,179.9298320773868,0.3144010554203167,179.60994259730012,1739335813539
136.20387435544689,-463.8748935439145,314.01090769806495,179.92872776964833,0.31440431753933773,179.6100150642781,1739335813547
136.8125646944012,-464.0496934633282,313.3979619934202,179.9268082262064,0.3144481043674097,179.60951351863483,1739335813555
137.40528214627597,-464.2179121895169,312.8067775698118,179.92651541244402,0.31446291977754565,179.6098730032422,1739335813563
137.99304520755712,-464.37788178409335,312.21646610800155,179.92415542477255,0.31448182241905437,179.60948813162472,1739335813571
138.5550103156975,-464.5338148619718,311.65198548702847,179.92409131128971,0.3145332270776145,179.60924627281798,1739335813579
139.11355177986383,-464.6830030590861,311.098958819405,179.92363580383778,0.31468129200907835,179.60907664059735,1739335813587
139.64211286190363,-464.82750555065707,310.5696180094513,179.92341148387828,0.31476100689915093,179.60898857697677,1739335813595
140.15835210552606,-464.9630914917803,310.073047075946,179.92520217438113,0.3148360851884113,179.60914455454906,1739335813603
140.6381930331477,-465.0900615144205,309.60847880565785,179.92682273109003,0.31482437472123365,179.6085116930726,1739335813611
141.3127936193287,-465.27180520985456,308.9533292448689,179.92859863235347,0.3147573532466385,179.60897196913723,1739335813623
141.71867169912255,-465.3807723512574,308.55824945953805,179.93058912384066,0.3147252128176983,179.60841040611157,1739335813631
142.09177896994046,-465.4829088571875,308.1772151696691,179.93014200260214,0.3146637663347836,179.60928974908933,1739335813640
142.4427775552409,-465.5656230978068,307.8428718107461,179.9307426045172,0.31463761089809644,179.610151551935,1739335813647
142.75188302796133,-465.6449559894381,307.53393487265953,179.9307369362398,0.3146726211112749,179.60945037444614,1739335813655
143.02254208980148,-465.7144692445827,307.2415121572481,179.92709515961624,0.31477467659538944,179.60930160562836,1739335813663
143.2664363042645,-465.7723985679557,306.99994603161315,179.92627650066595,0.3150091784741074,179.61016419985575,1739335813671
143.48321803776625,-465.8204040792047,306.79637800583583,179.92706527079545,0.3152399958470591,179.61080452673986,1739335813679
143.66692793092415,-465.8609262441491,306.6175523005808,179.92680986788474,0.3153428270670669,179.61025492678806,1739335813687
143.81681913580377,-465.9008856361891,306.457945570969,179.9250529261585,0.31539174656795194,179.60938886188805,1739335813695
143.9389635460334,-465.9346172504459,306.3248874895751,179.92320720928868,0.31550460511196826,179.6089042718296,1739335813703
144.03741609708936,-465.95917078948287,306.219269106228,179.9219372222673,0.3156358470224203,179.60891663408816,1739335813711
144.11514453562225,-465.9782795735467,306.1361196817532,179.9212746383832,0.31569621070546083,179.6092046809009,1739335813719
144.1758747859451,-465.9928006659378,306.07448349719886,179.92129661272816,0.31575170551647175,179.60952300772175,1739335813727
144.22251373853356,-466.0047958600006,306.0293135239411,179.92177662881397,0.31579980922479467,179.6098202529611,1739335813735
144.25802742274894,-466.0136443814001,305.99898709467203,179.92264516656877,0.3158583164028739,179.61021067806098,1739335813743
144.28331932194342,-466.0205003281356,305.98021577747465,179.92358126943432,0.3158921622079194,179.61048116168166,1739335813751
144.30095662548425,-466.02596078268124,305.9728247316643,179.9246447979657,0.3159072769990309,179.610713261413,1739335813759
144.31245118126947,-466.0296847244955,305.96821515266083,179.92512082798063,0.31592881170229803,179.610934190409,1739335813767
144.3192925476718,-466.0316431368336,305.9655091413681,179.92525249326445,0.3159579626542924,179.61103425857985,1739335813775
144.31850419005048,-466.0308325209016,305.97341564912534,179.92638467151397,0.3160115810900442,179.61046206563088,1739335813783
144.3141302926508,-466.0270874025306,305.9912280254117,179.92861222032818,0.3160892278813907,179.6096521723468,1739335813792
144.30991984806857,-466.0245209307569,306.00531589223533,179.93038496082053,0.31617827277942223,179.6090028001057,1739335813800
144.30762716049833,-466.0251231077484,306.00991200179124,179.93106419100698,0.3162102164217974,179.60866623521616,1739335813808
144.29852345110595,-466.0374421330976,306.00578456778703,179.93083943066304,0.31621731044342044,179.60746082910103,1739335813820
144.28371050513303,-466.0574858545813,305.9980466604803,179.9300103238703,0.3161965525831166,179.6056213839748,1739335813827
144.27751755062465,-466.07788671841314,305.9752265702631,179.92729884975353,0.31611239391796964,179.60486553737363,1739335813835
144.27344432774598,-466.0867485413956,305.96290858555153,179.92579070811198,0.31607261102275064,179.60447654787555,1739335813843
144.268357444572,-466.09107230033817,305.9609383772089,179.92545935217504,0.31607916769172656,179.60417638225735,1739335813851
144.25819627868995,-466.1006880678753,305.9561804221135,179.92483887099775,0.31606437020935996,179.6037862011232,1739335813859
144.24017245007457,-466.11902736154747,305.95668524631486,179.92492481309196,0.3161131660835652,179.60364556075896,1739335813867
144.21067791898972,-466.1481565452233,305.96462192633015,179.92592525334743,0.3161275696093656,179.60388547064406,1739335813875
144.1665818705854,-466.1916870471158,305.9765526152444,179.9273168926898,0.3161239267044589,179.60417745329374,1739335813883
144.10705657166247,-466.25206376492076,305.98965973077026,179.9286110832385,0.3161132569849914,179.60458779027402,1739335813891
144.0296616688549,-466.329551789378,306.00258879751925,179.9292801278725,0.31608961926450097,179.60527888090397,1739335813899
143.9324565528487,-466.42765243203786,306.0123528757853,179.92898487216857,0.31606558041886634,179.6061672708615,1739335813907
143.81420731269708,-466.54709060356885,306.0208536726833,179.9280409762223,0.3160197778937028,179.60760111762912,1739335813915
143.66331136633505,-466.69543717479934,306.0270070841276,179.92639651077113,0.31598989434010377,179.6086555134709,1739335813923
143.477975842783,-466.874110444192,306.029269612387,179.9240553583402,0.3159895354585283,179.6098323696268,1739335813931
143.2526394788948,-467.08982537643703,306.0325055585922,179.921772703315,0.3159727911458835,179.61048329705739,1739335813939
142.98997972600645,-467.3387075960707,306.04873126353414,179.920889025711,0.31597611361393646,179.60999842505862,1739335813947
142.6992762473395,-467.6191946889163,306.0882953892961,179.92246960886948,0.31597884647003116,179.60913378966308,1739335813955
142.38431874956373,-467.9319251911063,306.13741967557615,179.9246311818945,0.315964971558857,179.60955189966324,1739335813963
142.0280792750332,-468.27656409616225,306.17715290958256,179.9250156079017,0.3158941697524367,179.61054435369857,1739335813971
141.63086656982125,-468.65419284993254,306.20966023636197,179.9241609990456,0.3158939894303914,179.61000521186298,1739335813979
140.99499280702918,-469.2799624091701,306.2544699260532,179.9218336395063,0.31588119363535044,179.6101905797555,1739335813991
140.52250469271345,-469.73120148601924,306.295583222386,179.92151546937134,0.31585557887026117,179.61035331743997,1739335813999
140.0299740447001,-470.20199970620325,306.3374620245597,179.92115883732382,0.31591841217996286,179.60983929854788,1739335814007
139.51478122946975,-470.7038222660377,306.3843187560068,179.92129581928998,0.3159471570487431,179.61109403139304,1739335814015
138.97358900732502,-471.2266942136804,306.41838724572557,179.91976241186703,0.31597765088614327,179.61088006627392,1739335814023
138.4248037245638,-471.7526947091568,306.47920197776705,179.9214014033835,0.3160590762503376,179.61189719077728,1739335814031
137.85001739934557,-472.29284706087964,306.5407704423071,179.9222404418249,0.3161230185495804,179.61152351892366,1739335814039
137.27941936838297,-472.8385105063636,306.57569154680823,179.91987935554127,0.3161904259857057,179.6121035216559,1739335814047
136.68935353168916,-473.39634529051426,306.64270701092465,179.92195403287414,0.3162859926256167,179.6122602292749,1739335814055
136.1047298570319,-473.94669660264384,306.7107994442543,179.9241186712126,0.3163797155681316,179.61224752896405,1739335814063
135.50804186536212,-474.5040897657975,306.74428758327934,179.92227323215172,0.3163869358252219,179.61243416357124,1739335814071
134.92351967303702,-475.0583759598016,306.7966014774689,179.9231490566275,0.316400838713737,179.61211861877896,1739335814079
134.333585450961,-475.59870982212374,306.8510445099078,179.9243675100143,0.31635527794570095,179.61191159434713,1739335814087
133.76856626497818,-476.1324928308865,306.89493477504027,179.9243237934192,0.3163410402505764,179.6115272660096,1739335814095
133.20741559108473,-476.64935289218363,306.93206776725975,179.92330811136895,0.31630440452520203,179.61185666926784,1739335814103
132.6592728725078,-477.1476564903493,306.9824162518163,179.92411531950273,0.3163101501150592,179.61022235497916,1739335814111
132.15031435073877,-477.62220809048625,307.0311785055224,179.9243507272622,0.316294859160568,179.61210714567986,1739335814119
131.64127621505517,-478.0801557745927,307.05886430950613,179.92239147710566,0.3162692323337704,179.6106694183515,1739335814127
131.1816557630432,-478.5090934375196,307.1045638920272,179.92334143796853,0.3162745576873365,179.61129560746036,1739335814135
130.74448746911685,-478.9087076871692,307.1562276065075,179.92528580805444,0.31622568665520473,179.61269078263314,1739335814143
130.32702337709858,-479.27907787993473,307.1893260274412,179.92540491223642,0.3162418920948499,179.61075703461879,1739335814151
129.96485538421672,-479.6164827627903,307.2092911274019,179.92444605697602,0.3162136813116202,179.6112576520234,1739335814159
129.6278966902974,-479.9270564733312,307.2384344763525,179.9248727714709,0.316157872894881,179.612156071737,1739335814167
129.31700595624955,-480.203059433083,307.26532558717537,179.925367361009,0.3161387217281461,179.61105600380887,1739335814175
128.94181152933146,-480.5416469434336,307.29523545753926,179.92536426577405,0.31613041139992565,179.61080996013038,1739335814187
128.83558743906468,-480.6374054458519,307.3040136128481,179.92534529546262,0.316106048443871,179.61102630702658,1739335814191
128.55457720759605,-480.8917651437666,307.3238730053857,179.92520531286021,0.31606778953592984,179.61201957325653,1739335814203
128.3973187627616,-481.03348570561917,307.33427223895615,179.92523918105988,0.31609567806987604,179.61193026563254,1739335814211
128.27152260414232,-481.14769720098553,307.3438747357847,179.9253527622495,0.31608892619852336,179.61164653890202,1739335814219
128.17099924170185,-481.2395996900959,307.3520043472264,179.92554846940624,0.31605839674197206,179.6108284954657,1739335814227
128.09712365788894,-481.3076726268142,307.3572669790245,179.9255395806303,0.3160455890143681,179.61048795328097,1739335814235
128.04238863903137,-481.35798185364433,307.3592136637083,179.92522645599092,0.3160162840281708,179.61031938635867,1739335814243
128.00387238201722,-481.39317565355213,307.3590144304644,179.92468612287183,0.3159824709366408,179.6103308458051,1739335814251
127.97737086412458,-481.41766976887584,307.3586287693487,179.92427507873467,0.3159899767928271,179.61034751844545,1739335814259
127.95995967497853,-481.4341605804628,307.3602980469937,179.92425199900157,0.3159589269099713,179.61043262589837,1739335814267
127.94816059559577,-481.4446280296479,307.3630322617088,179.92454421850036,0.31593723408640406,179.6103476234755,1739335814275
127.94136146820087,-481.44992608518834,307.3701023236637,179.92543865193727,0.31590729039905097,179.61033992051475,1739335814283
127.94132001258218,-481.44446291942427,307.3826572892794,179.92694294804838,0.3158603713438155,179.61080390724322,1739335814291
127.94937241738275,-481.4349319843888,307.39626365680414,179.92854188024248,0.31584044866113986,179.61200260436516,1739335814299
127.95679567085303,-481.42706175467123,307.4053965454943,179.92959587552875,0.31581452626820444,179.6129874529863,1739335814307
127.9604818809465,-481.4243041523096,307.406171503282,179.92966390531552,0.31580816177210264,179.61345684124262,1739335814315
127.96424552842508,-481.42582597044907,307.3957207929809,179.92832462693983,0.3158218829514262,179.61391179601722,1739335814323
127.97060332074209,-481.4324213049606,307.36635717797833,179.92462603535301,0.31585669212796924,179.61465275418917,1739335814331
127.98557119654183,-481.44159270683053,307.3266686564681,179.9198640344937,0.31580176922013303,179.61635886304916,1739335814343
127.98709467924724,-481.4454076015447,307.31509788518736,179.91858444015568,0.315797970376455,179.61635082470588,1739335814351
127.98819368665085,-481.44933721014377,307.3056139983933,179.91770546541386,0.315806747683302,179.61612667854249,1739335814359
127.99137283561903,-481.45552314898123,307.2946852816953,179.91715082193784,0.3157973810926741,179.615853954097,1739335814367
127.99891137315016,-481.4640070485327,307.27965083964995,179.9168106318933,0.31577615714004914,179.61557818775722,1739335814375
128.01261358120612,-481.4767260344571,307.2573424689826,179.91662768116873,0.31569861108237807,179.61520199539973,1739335814383
128.0348948497579,-481.49539320160085,307.2242077494446,179.9164585391595,0.3156036967749409,179.61472288939186,1739335814391
128.06728515767855,-481.52051557381526,307.17993832159414,179.9165142024513,0.3154924454110811,179.61435136189797,1739335814399
128.1117756446453,-481.5532934522334,307.12379263520063,179.91709958655417,0.31537600698579304,179.6140732534173,1739335814407
128.1702048528561,-481.5963678072183,307.04955207736094,179.917825398096,0.3152689334937481,179.61373460870732,1739335814415
128.2448395213626,-481.6511767121677,306.9552929716825,179.91875216902912,0.315180182729827,179.6134429137832,1739335814423
128.33789889133743,-481.718952442992,306.8385029045305,179.9196682954863,0.3150907086973917,179.61340053396393,1739335814431
128.45020927595252,-481.7987661576263,306.70058011848005,179.92083711819203,0.31496214123474225,179.61352679136257,1739335814439
128.58229185089775,-481.8932200317124,306.5314622877619,179.92149604216658,0.314827739785707,179.6135492039371,1739335814447
128.7338109709421,-481.99818085503364,306.34029627182156,179.922214990477,0.31471236600093405,179.61308004463748,1739335814455
128.90273634314397,-482.111139901521,306.13100913393123,179.92288802057809,0.3146450101769284,179.61227860335788,1739335814463
129.08732742486626,-482.2336604836494,305.8973934594008,179.92315884637716,0.3147093237750965,179.61135096006356,1739335814471
129.28554988744585,-482.37602752712286,305.6297987821107,179.92311309298134,0.31494975376748763,179.6106443230694,1739335814479
129.50052149101143,-482.535666231771,305.33668946255017,179.9238776938298,0.315297279637591,179.61050471511675,1739335814487
129.73894470133484,-482.69683616447696,305.0331643230625,179.92473743616907,0.3155848646368547,179.61092934073517,1739335814495
130.00256428886772,-482.8659892004844,304.69989735357404,179.92425426903884,0.31579728098014676,179.61155768169908,1739335814503
130.27203930600479,-483.05144962222937,304.33664498202086,179.9231307339549,0.3159174230611342,179.6105269535425,1739335814511
130.5469290034591,-483.2364056863954,303.97726450961073,179.9229084313505,0.3159473670502109,179.6098872945621,1739335814519
130.98113529935358,-483.5304729465104,303.4014668414736,179.92202370063399,0.3158087524703691,179.61074915294535,1739335814531
131.28863345150845,-483.72228508487206,303.02088154220706,179.9222840307764,0.3155843340578062,179.61097355801454,1739335814539
131.59036985414448,-483.9241495446451,302.63497534741856,179.92354597588047,0.31534587738113296,179.60962493642865,1739335814547
131.89188106943723,-484.13152521447455,302.22793346093346,179.92248337644412,0.3152182344072409,179.60920736339887,1739335814555
132.19895049762715,-484.32792413192385,301.8518628518506,179.9248511513621,0.31516896739522554,179.60983204518647,1739335814563
132.51306778544324,-484.5314382107373,301.4476203001143,179.92462167625732,0.3150171018342526,179.61028150337185,1739335814571
132.81750988137287,-484.7227783354412,301.0664798376137,179.9252429255524,0.3148572480521209,179.60970735823682,1739335814579
133.10906668740373,-484.9204143811734,300.67994812410797,179.92554227375126,0.31477940762993534,179.60938880642226,1739335814587
133.39442106688503,-485.10690865198234,300.3052451053315,179.92496252066687,0.314910831164893,179.6099015010819,1739335814595
133.68056555187184,-485.28083948627267,299.9490531661233,179.92477221190586,0.3150624042705766,179.61082180996905,1739335814603
133.94963500946693,-485.45578738104143,299.5912695880308,179.92356233046297,0.31510382886051214,179.61002145772937,1739335814611
134.19889841671082,-485.6154947353406,299.2679985606389,179.9233929801488,0.31519508665884394,179.60932686429888,1739335814619
134.43291677709573,-485.7707377959054,298.95407822758625,179.92278391821833,0.3153697821755457,179.60955005552887,1739335814627
134.65414236158108,-485.91508073199424,298.66643059578735,179.92345053462859,0.31550692372965927,179.61039666676587,1739335814635
134.86501767741157,-486.0411819873049,298.41375642134926,179.92464680179998,0.31553777669684835,179.6113832622717,1739335814643
135.05202838663342,-486.1552849387568,298.17858590122773,179.92490345724508,0.31545146286662057,179.61076318003535,1739335814651
135.21573640422366,-486.26204993776156,297.9565981381572,179.9245346888791,0.31540875455216993,179.6097981436401,1739335814659
135.35951528349426,-486.3554829283802,297.7643390471112,179.92467914998187,0.31545294384056816,179.60943804702046,1739335814667
135.48160895832908,-486.4313377784167,297.6033084916929,179.92440381039555,0.3155009418058319,179.609336822461,1739335814675
135.58557859154814,-486.49376185129125,297.46660721810593,179.92369972886232,0.31551514001098585,179.6095782333616,1739335814683
135.67459704871712,-486.5467525484107,297.3494094805138,179.92280900214917,0.31549199620035645,179.6100504140825,1739335814691
135.74929961327825,-486.59116792472344,297.2511847589912,179.92207728506773,0.3154750821469276,179.61056255392324,1739335814699
135.81062682799978,-486.6285671946621,297.16931223599255,179.9214902066706,0.31545405157158224,179.6110992911395,1739335814707
135.87989725457095,-486.671244467751,297.08042366883456,179.92165285728618,0.31544206238208017,179.61165193247953,1739335814719
135.91241903448008,-486.690340557583,297.04297435725374,179.9223263400383,0.31545396270718123,179.611783456985,1739335814727
135.93628304407352,-486.70389375628315,297.016681633493,179.92285525918646,0.31547011098843614,179.6118136711851,1739335814735
135.95247976620107,-486.71274082865125,296.99745427644007,179.92280448839907,0.31552973568333703,179.61179410133036,1739335814743
135.96236638247183,-486.71818576892645,296.98316847817796,179.9222538946016,0.3155608456715577,179.6116757517031,1739335814751
135.9672959064317,-486.72196315680475,296.97233861909405,179.92148138274717,0.3155856856347026,179.6114305146467,1739335814759
135.96482659272908,-486.72566552395216,296.96678090821314,179.92105715934971,0.3156011635869929,179.61061784800262,1739335814767
135.95911173701802,-486.725978037299,296.97811945370415,179.92257174051267,0.3156354759717533,179.60963337693246,1739335814775
135.95305974333903,-486.7234918722894,296.9977403011065,179.92499150335047,0.315700495333088,179.60874970189914,1739335814783
135.94932208632392,-486.72186234796203,297.01408989792543,179.92701072307852,0.31577118515898406,179.60823103394515,1739335814791
135.94880064033333,-486.7219783652837,297.0267575499086,179.92865635798805,0.31583933416507537,179.60815205348283,1739335814799
135.94911116416188,-486.72012043513115,297.04901569541977,179.93144446562493,0.3159503334120734,179.60817506102882,1739335814807
135.94936174198884,-486.71491618120854,297.08418256571304,179.93566724710277,0.31608589784150337,179.60820028191833,1739335814815
135.94950315255394,-486.717500070211,297.09935349245865,179.93749651264076,0.31614635695744153,179.6082258112422,1739335814823
135.94892863435084,-486.7246152256264,297.10988157105925,179.93870004545457,0.3161426561980592,179.60820804476347,1739335814831
135.9461893508442,-486.7320521775828,297.1207970362756,179.939617834918,0.31612099739319216,179.60792554452524,1739335814839
135.94033145787262,-486.73280288406085,297.1235627562142,179.93874104756128,0.3161299940311023,179.60726863203465,1739335814847
135.93153344540502,-486.72733259607566,297.1287196571561,179.93700796944722,0.3161451330403922,179.60632027252404,1739335814855
135.92466309308628,-486.7139561332862,297.14425611186476,179.93509851061398,0.31617593691184076,179.60565760422202,1739335814863
135.9231017890033,-486.6911884792428,297.1727204918878,179.9329243877384,0.31620528430251366,179.60572453789229,1739335814871
135.9210577584873,-486.660276524387,297.2187064860421,179.93086684018712,0.31625542486246616,179.6059058769325,1739335814879
135.91805146577002,-486.6194774889238,297.28586769635876,179.9290007867458,0.31631007700859604,179.6061973668291,1739335814887
135.90765957007577,-486.5390737872484,297.4344671305039,179.9271798673085,0.3163989606826782,179.6064510939701,1739335814899
135.89570153259805,-486.4741688018582,297.5665655726999,179.92673282961786,0.3164805984544377,179.60661237788253,1739335814907
135.8801502299116,-486.3992668595577,297.7257964304131,179.92698836336353,0.3165760884121294,179.60677954534782,1739335814915
135.86144639292138,-486.31230638777595,297.91466132281045,179.92753175912878,0.3167256850928816,179.60694770022783,1739335814923
135.83877653950137,-486.21006828990005,298.1317585828062,179.92704507239222,0.31690589118593654,179.60723133856644,1739335814931
135.81228248587604,-486.08814648370486,298.3861872800109,179.9260916814141,0.31708303244771663,179.60754157409974,1739335814939
135.781298532831,-485.9457559863539,298.6835131094908,179.92624171966276,0.3172719546104696,179.60771885015242,1739335814947
135.7464385604938,-485.7887163098565,299.0110586270048,179.92595240337243,0.3174408582513579,179.6079590197475,1739335814955
135.70822693028748,-485.6146799776174,299.3669961616389,179.92338791814453,0.31760284261601557,179.60826809757555,1739335814963
135.66557910770848,-485.4217889274575,299.782324970432,179.92467381423066,0.3177764669663127,179.6085182105444,1739335814971
135.61966220914485,-485.2112792710117,300.22872538787635,179.92490129663176,0.317950376498667,179.60879820708746,1739335814979
135.57042754362098,-484.98444577238587,300.70665110318157,179.92489943798543,0.31807042749963044,179.60912205035052,1739335814987
135.515876905064,-484.7345146375717,301.2326402435282,179.9261497072345,0.31808369433382483,179.60924288908788,1739335814995
135.45804267108392,-484.46993731240906,301.77469275038607,179.92541602146727,0.3179870317838469,179.6093898696883,1739335815003
135.39742535820787,-484.17996961004394,302.3544765868716,179.92407066372192,0.3176946121732481,179.60960541252234,1739335815011
135.33426370095327,-483.87882090015506,302.9504117533648,179.9214281015493,0.31723089378705777,179.61007238593953,1739335815019
135.26427110707724,-483.5603011152688,303.5866307230178,179.9202616013433,0.31670170297105016,179.61003276243758,1739335815027
135.1919680006855,-483.2299704422832,304.24157356808945,179.91820879046725,0.31645604016039214,179.6100427539757,1739335815035
135.1170655264964,-482.8932838991641,304.9384064280831,179.9190828795901,0.31636257729419726,179.61014746262575,1739335815043
135.0391836956777,-482.5497228979974,305.658189422559,179.92093251616194,0.31642061025389573,179.61024407633204,1739335815051
134.95991273047775,-482.19475649119863,306.39093487562263,179.92234290048017,0.31653429716547765,179.61054900854336,1739335815059
134.8784915632024,-481.82460731478847,307.145236930683,179.92429171084038,0.316609938468139,179.6109050507629,1739335815067
134.75161122533382,-481.2527438220521,308.2775427366776,179.92409791664988,0.31657762589500926,179.6111443952637,1739335815079
134.66548671052482,-480.86302091075027,309.03229501373784,179.92263220200627,0.31646361884008317,179.6109688290677,1739335815087
134.57810534566485,-480.47570816860434,309.78541897947133,179.92055194456222,0.31618083200676395,179.6104826105563,1739335815095
134.4908459759829,-480.08740455459855,310.5503629228088,179.91985882167,0.3160637478865721,179.60972214495493,1739335815103
134.40984932956533,-479.69954711009433,311.31451465409987,179.91977017908656,0.31603162355998815,179.6094121190476,1739335815111
134.33179667500377,-479.31469344327695,312.06979636892714,179.91984417653634,0.31606037036400797,179.60920631106666,1739335815119
134.255520775143,-478.9267555375432,312.8175781832932,179.92004816261505,0.31619727025159206,179.60910478970024,1739335815127
134.18395044914092,-478.53775512649906,313.5514270423153,179.91945661227862,0.31638306666608973,179.60940921448545,1739335815135
134.11605618221088,-478.1573470293265,314.27048514995926,179.9193604601258,0.3165495686794316,179.60998994638953,1739335815143
134.0442335821502,-477.78665512473634,314.98039672778833,179.920793245591,0.3166641133574036,179.61003476958365,1739335815151
133.97460026743462,-477.4305744601168,315.66653261128346,179.92191081389467,0.3166673594859179,179.61009785771708,1739335815159
133.90592142564486,-477.0880442872654,316.3267151932028,179.92246371852903,0.31665709875991466,179.6102043145062,1739335815167
133.8378374947798,-476.75292688333997,316.96819700102606,179.92459251518943,0.31659374211365965,179.61020773473044,1739335815175
133.7729583948081,-476.4406509281957,317.5595072733236,179.9249865908561,0.3165505572582321,179.61031727929193,1739335815183
133.7097397061626,-476.1365249211439,318.1304064451218,179.92584872607378,0.31652554192324084,179.61036382840868,1739335815191
133.65088657516316,-475.85190006846244,318.6491870830901,179.92418053973952,0.3165655088059534,179.6105282576875,1739335815199
133.59609523960256,-475.57802555987007,319.1465236220367,179.92355015215273,0.31658041387911406,179.61077109415925,1739335815207
133.54441666548192,-475.32893192643746,319.59749347776454,179.92186166931594,0.3165159742151917,179.61076169134273,1739335815215
133.49552808702703,-475.09814616363013,320.0272889208891,179.92220904215912,0.31637548288600686,179.6105585693331,1739335815223
133.44913798164126,-474.8880001857878,320.42197585526355,179.92266811369583,0.31617492313259465,179.61007001687727,1739335815231
133.40883327957468,-474.7012458301718,320.7671822211179,179.92134326730076,0.31599737278254025,179.60975481390759,1739335815239
133.3625354348074,-474.4509637838839,321.24152589622554,179.92364072883493,0.3158332013480127,179.6097311008768,1739335815251
133.33797530440586,-474.30505139491623,321.5001100421964,179.9221545476461,0.3158253031971691,179.6099388476707,1739335815259
133.3179024729531,-474.1807501046056,321.72451573036744,179.9217883563866,0.3158343953067501,179.61028873488945,1739335815267
133.30044243646347,-474.0740035162479,321.91998377165186,179.92229747485447,0.3158844160456252,179.61051295373716,1739335815275
133.28510347806346,-473.977276165473,322.0916663377492,179.92281757690748,0.31587318461005176,179.61064986587616,1739335815283
133.27229032954673,-473.89359032206323,322.2335112091496,179.92262830623054,0.3158294851055328,179.6107360590332,1739335815291
133.2607344372342,-473.8287303746922,322.34892126658656,179.92261377489595,0.31574135440683354,179.6106994358172,1739335815299
133.25128298467158,-473.77903190514235,322.44326926951305,179.92330475414101,0.31565001980298957,179.61062524616716,1739335815307
133.24457111389435,-473.74123500180303,322.51502334949043,179.92392047570968,0.3156069761273486,179.61066211909653,1739335815315
133.24005377724296,-473.7130450887477,322.56806976330637,179.92432500699303,0.3156051798142302,179.61077249046966,1739335815323
133.23726428913616,-473.69199864912446,322.60462666291323,179.92419875089934,0.3156182579506978,179.61095831136586,1739335815331
133.23953072470937,-473.67552313454235,322.62976235609995,179.92383406045042,0.315641076105189,179.61163821085006,1739335815339
133.2418650914902,-473.66325577997605,322.642872080616,179.92302004216097,0.3156702582054365,179.61219299899267,1739335815347
133.24354521915802,-473.6535646950779,322.6457855783911,179.9217836265572,0.31566754996550983,179.61258323496676,1739335815355
133.2444005934753,-473.6469641782215,322.64634839434757,179.92088656174892,0.31566340663763875,179.61276745129695,1739335815363
133.2443702979105,-473.644171413641,322.643845513822,179.92007783805138,0.3156598887211565,179.61283375397161,1739335815371
133.2440828269704,-473.6482868565767,322.6294760829561,179.91818784370855,0.31565494051771603,179.61282366171903,1739335815379
133.24360930355152,-473.6533715371161,322.6166570244921,179.91665807530183,0.3156461173819414,179.61278066891603,1739335815387
133.24299709850257,-473.6561959285391,322.61083270900815,179.9160124247566,0.315667769551393,179.61269498999098,1739335815395
133.24264706766937,-473.6546869666382,322.61379720594704,179.9163865903201,0.3156804060972373,179.61266299870462,1739335815403
133.24262894201703,-473.6461284921613,322.6219310691843,179.91734512730957,0.31567492845531525,179.61265445976431,1739335815411
133.24316687314803,-473.62674497127455,322.6360796118246,179.91894974216703,0.3156881458613727,179.6126967792463,1739335815419
133.24457313128906,-473.61375599570437,322.65515824059474,179.92121320468715,0.3156648025591747,179.61282512719467,1739335815427
133.24758135624543,-473.6071818505897,322.6638005155592,179.92230053652713,0.3156423177893713,179.61315717245947,1739335815435
133.25738254958256,-473.59553418549524,322.6748054185231,179.92378193319206,0.31562606868928933,179.61424510973694,1739335815447
133.26273483052825,-473.5819579786345,322.6800261317263,179.92454928538925,0.31561639292491195,179.61474367343513,1739335815455
133.26521163272855,-473.56330611696234,322.6817919064535,179.92499670293213,0.3156259378543282,179.61476972782197,1739335815463
133.2678397518604,-473.5344092695196,322.6775536231635,179.92472275746925,0.315654051171385,179.61463366330545,1739335815471
133.27256785049715,-473.4928890344763,322.670584053813,179.92418175727076,0.31567854349925806,179.61440562736095,1739335815479
133.28009687720566,-473.43626944116704,322.661828336038,179.92355028059748,0.3156997227799275,179.61413357589245,1739335815487
133.29260910427107,-473.3589770514555,322.64799266408284,179.92241273895507,0.31574397099502494,179.6138552477427,1739335815495
133.3097869883747,-473.2582730372975,322.6348691707395,179.92158441366638,0.3157740895799453,179.6135201422392,1739335815503
133.33368185180458,-473.1321853999967,322.621007279038,179.92101803005843,0.3158313917004227,179.61333084081235,1739335815511
133.3631205137563,-472.98297277314526,322.6120039702338,179.92139983233676,0.31590372189855,179.61310143227595,1739335815519
133.39894422874912,-472.8114025048083,322.6053279969301,179.92239677686334,0.31597215393915684,179.6130001715243,1739335815527
133.4420807102869,-472.61596153905816,322.59631984019956,179.9235931544868,0.3160524201839452,179.61292131594143,1739335815535
133.49086230061542,-472.3901801708798,322.57604395679874,179.92386813991652,0.31614955212172985,179.6128234363428,1739335815543
133.54674670503692,-472.1289148106046,322.54566252875713,179.92300862813883,0.31624256481976815,179.61251011542572,1739335815551
133.60992825530144,-471.83036586011195,322.5128196204579,179.92210278715842,0.31628539592444654,179.61218395748472,1739335815559
133.67946127625643,-471.5055023289516,322.49111702888814,179.92300757704876,0.31626649490708936,179.61193108190167,1739335815567
133.75338543696697,-471.15638578061095,322.46009033247117,179.92315905240434,0.31617742110232727,179.61137615597184,1739335815575
133.8317842784729,-470.77743681277434,322.41988466619665,179.92291296105333,0.3160732465980045,179.61079711293002,1739335815583
133.91518377387584,-470.37292302556097,322.39924288680663,179.92550648167807,0.3159721939760831,179.61041353441954,1739335815591
134.00113210147813,-469.94205780097997,322.3623410372367,179.92592958620835,0.31588162356064825,179.61001564221684,1739335815599
134.09196171253458,-469.4917558160405,322.3082658215314,179.9246518528113,0.31585012780764127,179.60986820091256,1739335815607
134.18479620327872,-469.0208943221704,322.27186171826094,179.9256236060752,0.31579753594099996,179.609868359129,1739335815615
134.3310870454238,-468.28658091467815,322.19427063396853,179.9246175902718,0.31585103808684484,179.61000591994343,1739335815627
134.43199562570848,-467.7800877582367,322.15112608886176,179.92487941121595,0.31590788771831124,179.6102847720434,1739335815635
134.53560365622556,-467.26730088332613,322.1008057610407,179.92457542234393,0.3159756216037081,179.61061932954775,1739335815643
134.64219781887545,-466.7454799949774,322.0464777554846,179.92359561482914,0.31599126295928665,179.61095109163335,1739335815651
134.75009782893383,-466.2161222630209,322.0072605661552,179.92491800763338,0.3159621272184445,179.61110349246212,1739335815659
134.86183915560508,-465.6909198818638,321.94595450480153,179.92326680312846,0.3158497275667101,179.61143135025927,1739335815667
134.97402063903448,-465.162684196977,321.90397015620914,179.9245166119613,0.3156746655712553,179.61159694384384,1739335815675
135.08301217783585,-464.64571504301006,321.84823697487104,179.92416160842055,0.31549484298473,179.61132564337822,1739335815683
135.186396719741,-464.13973578896037,321.797024818621,179.9247947485432,0.31527674214207835,179.61087537063673,1739335815691
135.28407988830588,-463.6460704241367,321.75238384964297,179.92606430125065,0.3151401560376365,179.61035038411666,1739335815699
135.37620174934895,-463.1683428187773,321.6960704924438,179.92572742177808,0.31503814041151734,179.60996842851813,1739335815707
135.4646477668596,-462.7015220385612,321.6541680374905,179.9264145043414,0.31501454039550525,179.60979006397594,1739335815715
135.55028989868362,-462.2520559294898,321.5943045681845,179.92426954713366,0.31501284245410455,179.6097777953981,1739335815723
135.63200654352474,-461.83240155290184,321.55091576070816,179.92361772866565,0.31509986294938575,179.60994467303638,1739335815731
135.71056776647882,-461.42587582047923,321.50200184203146,179.9217720192711,0.3151343430070096,179.61030671651537,1739335815739
135.78422803050114,-461.0561260751471,321.46645522989235,179.92184591713723,0.31517918058355404,179.61051185697514,1739335815747
135.85309234554126,-460.71461862552786,321.427925478797,179.9211819335975,0.3152063204538713,179.61073813413307,1739335815755
135.91642596389974,-460.3946104429435,321.39687858001633,179.92190799025482,0.31523559169637716,179.61086262108483,1739335815763
135.97448093513765,-460.1119597982869,321.3815002161323,179.9242755602664,0.3153003856636755,179.6108595139421,1739335815771
136.0283662054497,-459.85897859466206,321.3588088218987,179.92469626753558,0.3153576566937859,179.61114008931008,1739335815779
136.07602941352437,-459.6322905305953,321.3207020954587,179.92308035116443,0.3153969427945828,179.6112005183703,1739335815787
136.1181760384222,-459.43472413131275,321.2944671545086,179.9226173297899,0.31543095909711527,179.61131323437877,1739335815795
136.16883495327463,-459.1913261367998,321.2761208563849,179.92335085200713,0.31544231102116127,179.61129937579332,1739335815807
136.1818735507534,-459.1260079697086,321.2732226018679,179.92391253119456,0.31546280853419495,179.61118961240726,1739335815811
136.2043666305565,-459.01451747630443,321.27128123032617,179.92543872893495,0.315456642154927,179.61090644825245,1739335815819
136.22858829454975,-458.88796307643076,321.2662609329634,179.9272898941942,0.31546436043904985,179.61057153131432,1739335815831
136.239941739494,-458.8272023136969,321.2602062362471,179.92787247634013,0.31547936380808533,179.61035049078947,1739335815839
136.24871620241902,-458.7774059549397,321.2472140840567,179.9270708077168,0.31550990583829824,179.61026157537643,1739335815847
136.25522913143945,-458.7376058796399,321.2314507381937,179.92561132520913,0.315521460931294,179.61021241857839,1739335815855
136.25856032444824,-458.71153957065565,321.22117294413397,179.92453414815452,0.3155320734601671,179.61005988580928,1739335815863
136.2562178981108,-458.6964810700164,321.2148811011507,179.9237845419441,0.31553678947257247,179.60943532609906,1739335815871
136.25289033993286,-458.68765561942115,321.2100500309734,179.92315818853544,0.3155577964430935,179.60882595642576,1739335815879
136.2495140329208,-458.6833351709565,321.2080740246447,179.92293335437657,0.3155684532956879,179.60830058194858,1739335815887
136.24747410102793,-458.6860630182915,321.20306220677855,179.92244366248337,0.31555882303501376,179.6080180720193,1739335815895
136.24634059275076,-458.69582793549574,321.1984531233459,179.9221240588887,0.31556311210281995,179.6078518177032,1739335815903
136.24656426602138,-458.7052440882162,321.1973230633821,179.922226115212,0.31556768649283945,179.60788535141026,1739335815911
136.24668865258823,-458.70993403529747,321.19929626928524,179.92258643461804,0.3155633860864315,179.6079074322009,1739335815919
136.2466167083744,-458.71291051337846,321.1950421490164,179.92206302139803,0.31556074362731884,179.60791123868282,1739335815927
136.24611046031768,-458.72170784241024,321.17748741526265,179.91987395442214,0.3155391893898438,179.60787148054666,1739335815935
136.24350922973576,-458.7318865656217,321.1638686692335,179.91818803276445,0.3155375944673293,179.60755597950492,1739335815943
136.2370104048797,-458.73791157285854,321.1676877610896,179.91868470568332,0.31554134947862245,179.6068112858972,1739335815951
136.22765907700764,-458.74535970573834,321.1750463883918,179.91969821011125,0.3155376759940745,179.60574967663175,1739335815959
136.22178141366547,-458.7507844336684,321.17796210209616,179.9205420706592,0.31552556883987504,179.6051872949051,1739335815967
136.21916579362386,-458.7591498850008,321.1777581459931,179.92186919451328,0.3154984350074378,179.6051521049166,1739335815975
136.21645846645077,-458.772493694537,321.170436762771,179.923184121873,0.31546895865902386,179.60535564158477,1739335815983
136.2088094894165,-458.81032156887716,321.14342331162953,179.92478394492824,0.315439443621935,179.60603912305322,1739335815995
136.1975338409459,-458.8510594747443,321.1154967797504,179.92584204115698,0.3154249482679686,179.60664099205866,1739335816003
136.17779375034021,-458.908667424803,321.0735535503364,179.92629267751022,0.31538578587423344,179.60700771149214,1739335816011
136.15008666564566,-458.98718492770155,321.01459320843327,179.9261630186532,0.3153433267282567,179.60716407075284,1739335816019
136.115077565799,-459.0856183080135,320.9381960523631,179.92541347511525,0.31530530783066335,179.60740204937295,1739335816027
136.07091408882897,-459.20720757309147,320.84390011172985,179.924207192949,0.3152276542025144,179.60755131609568,1739335816035
136.0182077755538,-459.35337760491205,320.7313166485554,179.92251777193675,0.31512971888558233,179.60780888194006,1739335816043
135.95881559589697,-459.51831679825295,320.6116311248562,179.92206518560934,0.3150408448479823,179.60836597628025,1739335816051
135.89021505980654,-459.7075074968631,320.47998971060895,179.92261717080962,0.3149474171884212,179.6087226456555,1739335816059
135.81291941724157,-459.9262825993009,320.32542225443484,179.92345450256045,0.314861512823616,179.60917634831006,1739335816067
135.72601445407716,-460.1802034680693,320.1418863937548,179.9240939557827,0.31476360382815216,179.60954602020902,1739335816075
135.62900878148727,-460.4649557812168,319.93253070041754,179.92391675347434,0.314650620340874,179.60976702602997,1739335816083
135.520500395888,-460.7699943948462,319.7103447502308,179.92356991107954,0.31459863294431295,179.60976790451264,1739335816091
135.40246468839013,-461.10595118355826,319.45754288294273,179.92199949886898,0.3145860509119928,179.60978656916365,1739335816099
135.27164751597763,-461.4772195350935,319.18422246811315,179.92207551411838,0.314589815127416,179.60964565943192,1739335816107
135.13004492328938,-461.87310639745357,318.90753619435594,179.92406397447016,0.3145738729526633,179.609835434769,1739335816115
134.9768938787729,-462.29931840213493,318.5963465711742,179.92296225276817,0.3145776742143962,179.6103888993425,1739335816123
134.80788891909256,-462.7510367988078,318.28738907378687,179.92541774013165,0.3145784107978257,179.61053545715114,1739335816131
134.62948705291853,-463.225293226604,317.94485442308684,179.92540971658315,0.3146064773947342,179.61028412821145,1739335816139
134.4501232730157,-463.70841639392603,317.5957309887016,179.92540980640044,0.31473122830676964,179.6099883266059,1739335816147
134.2684443416634,-464.21481321464324,317.22194912897277,179.92569727333554,0.31490409036192946,179.60964680948,1739335816155
134.08464072705877,-464.7281362995116,316.84039434404656,179.9253291468139,0.3151478601493316,179.60961408009717,1739335816163
133.8940113767511,-465.2606666577109,316.4378259282714,179.9242344045464,0.3155339842995487,179.6098117215301,1739335816171
133.69347734360264,-465.80512188322126,316.0402248433811,179.9252429325391,0.31592328971093364,179.6104629682505,1739335816179
133.37625982356263,-466.6395182069785,315.431386930858,179.9258051607826,0.3159975567350765,179.61029263129825,1739335816191
133.1637770842114,-467.1991234342098,315.00894554714995,179.92494362652886,0.31582095741493205,179.60964502039084,1739335816199
132.96303000519634,-467.7520180835124,314.5922906056873,179.9251850405634,0.31555539947191424,179.60979832146737,1739335816207
132.76123631339132,-468.3052122293733,314.17025553581976,179.92496558242274,0.3153526946103999,179.61001047817317,1739335816215
132.55823691769442,-468.8544612603711,313.749296445506,179.9237375685453,0.3152777434955536,179.61062710092574,1739335816223
132.34928613517732,-469.4012594862944,313.3555493490297,179.92683105060422,0.31525012425547627,179.61120339474016,1739335816231
132.13738470337395,-469.9430845308689,312.94894609628346,179.92637282306754,0.31527861437082333,179.61083489880974,1739335816239
131.93171795824614,-470.47136426528226,312.5568349337438,179.92804205069584,0.31531473697500906,179.60988576132775,1739335816247
131.74476484367784,-470.9755461395891,312.1647617447061,179.92711383186477,0.3153346225951834,179.61003296289738,1739335816255
131.5652049548511,-471.4643557227644,311.7742095735999,179.9251543019507,0.31532755051129496,179.61035904682626,1739335816263
131.3896740262419,-471.9363290462671,311.41339151814316,179.92585917915048,0.31532172219577365,179.61105449991408,1739335816271
131.21622116587199,-472.39556854367646,311.0513349933464,179.92355823510204,0.3153665185676158,179.61177860826066,1739335816279
131.04149676931092,-472.8318784783621,310.7366080875192,179.92660306321469,0.3153439787411956,179.6116393491653,1739335816287
130.87163366533738,-473.248008811949,310.4181529513477,179.92664153615922,0.3153669942692414,179.61052594450302,1739335816295
130.72636118402238,-473.62618891887297,310.12883175775727,179.92719277062474,0.3153718832416498,179.61050112979348,1739335816303
130.59149860002506,-473.9803767927761,309.8496840807858,179.9273325990924,0.31535151866785743,179.60996658172783,1739335816311
130.46965787540657,-474.30500265914907,309.59241850434114,179.92746508244048,0.31530629679462396,179.60976737002912,1739335816319
130.36048364029563,-474.59520995792195,309.3649343786458,179.92733984106422,0.31530563503243325,179.6098280027583,1739335816327
130.2636063657039,-474.86179240028775,309.1422051873227,179.92514976228577,0.3153410924721285,179.61040872280986,1739335816335
130.17557087304016,-475.10195662753,308.9534130288466,179.92521226875832,0.3154074982875995,179.61105420340778,1739335816343
130.09255817734217,-475.3162094363513,308.7953163924291,179.9267718089425,0.31546797128705845,179.61128623834028,1739335816351
130.01478247700004,-475.5015759971763,308.65513165163884,179.9271421805513,0.3154967380311339,179.61115683559703,1739335816359
129.91432637248164,-475.7369330061166,308.4678499972666,179.925258662899,0.3154583339212721,179.61047932207774,1739335816371
129.8646028036741,-475.86039431853897,308.3710848723609,179.92469923356478,0.3154084111392427,179.6106111042678,1739335816379
129.824706058997,-475.95787473205564,308.2943081025281,179.9246229909528,0.3153953596317545,179.61060648398237,1739335816387
129.79475811259323,-476.035701701686,308.23555535440005,179.92527772158962,0.315483009624822,179.61078403370578,1739335816395
129.77132824651147,-476.09872602404874,308.1915072266944,179.92637727917756,0.3155965266975228,179.61091739883983,1739335816403
129.7517999277203,-476.14766353543865,308.1591750695593,179.92753298635043,0.31566626891735317,179.61075959852874,1739335816411
129.73621346198723,-476.1849934952306,308.13358483046386,179.9282627650503,0.3156823247200544,179.6104839226111,1739335816419
129.72543551880727,-476.2120024537049,308.11193674380695,179.92838462305795,0.3156723028241851,179.6103806952611,1739335816427
129.7188105740103,-476.22977635341056,308.0960041749705,179.92821913203466,0.315685142964173,179.6103629150316,1739335816435
129.71799823300782,-476.2392020599446,308.08145583485646,179.9274942086856,0.3156876955418064,179.6107400483236,1739335816443
129.72289778079568,-476.24253324305465,308.06662090649075,179.92626538802236,0.31570992464612224,179.61159254747835,1739335816451
129.7277735956721,-476.2438937365689,308.05514275389316,179.92514465674427,0.315727391431006,179.6123319395472,1739335816459
129.73221112587365,-476.23950758699925,308.05639913761297,179.92543763214167,0.3157387573835633,179.61292374197808,1739335816467
129.73443276269052,-476.2308274087678,308.07099558490586,179.92717230959414,0.3157705216903113,179.6131986376764,1739335816475
129.73468704282536,-476.2247805725203,308.0816619412696,179.92841668082872,0.3157730309060646,179.6132193725529,1739335816483
129.73560682357518,-476.2228469213192,308.090140724364,179.92944305824483,0.31575435894140347,179.61333426553824,1739335816491
129.74188912128167,-476.2206199136435,308.1059908639138,179.93140094160503,0.31573619644279416,179.6140871079093,1739335816499
129.75591582983367,-476.2196174560445,308.1427258197662,179.93589386911358,0.3156693466704073,179.61574676254654,1739335816507
129.76442111682664,-476.2192653778167,308.1677377942772,179.93887715152496,0.31561621860019745,179.61666330391594,1739335816515
129.767535140361,-476.2236094915574,308.17714246328507,179.93971182943085,0.31560342506566624,179.61679380022815,1739335816523
129.77147725477684,-476.22671113633055,308.1848039114038,179.93970879473503,0.3156061336664848,179.61671939740296,1739335816531
129.7795035029643,-476.2266897120424,308.1914380160274,179.93830266845788,0.31563655936269475,179.61660418887416,1739335816539
129.79524385624578,-476.2223907825176,308.2009911410507,179.9356736795908,0.3156666430015862,179.61638336759037,1739335816547
129.82129551885268,-476.21387289286656,308.2257755274747,179.93310556869906,0.3157210639847404,179.61602569300533,1739335816555
129.88635426696322,-476.19181005273475,308.30400213773953,179.93022012576034,0.31582909018718697,179.61566579970028,1739335816567
129.95036070163908,-476.16797156778637,308.38394967759865,179.92846422112083,0.3158906244354099,179.61549648267496,1739335816575
130.0314023884292,-476.1394569677802,308.48957524689115,179.9270061037549,0.3159569329590576,179.61465536770723,1739335816583
130.13257024022485,-476.10330291450776,308.62870391002645,179.92646406642865,0.31602430695587386,179.61344744160613,1739335816591
130.25501319615472,-476.05968448702157,308.8025629459147,179.9262596517356,0.316084195357167,179.61196271999435,1739335816599
130.40161840459047,-476.00671777813596,309.01168453884515,179.9253960904971,0.31617042108896,179.61093660673012,1739335816607
130.57128576541666,-475.94677025066,309.2620884942682,179.92476350049986,0.3162559782213693,179.6102310903119,1739335816615
130.77023973786112,-475.87502229036795,309.5561911846343,179.925216660649,0.3163501458001345,179.6102074023508,1739335816623
131.0028365868026,-475.78762094995335,309.88911660174807,179.92555702205715,0.31645165651728546,179.61106599985254,1739335816631
131.2754556963918,-475.679405354358,310.260793724737,179.92458673986573,0.316580332247507,179.6120731551535,1739335816639
131.57126123969573,-475.5647886815917,310.6702329918613,179.92435281417337,0.3166999716270738,179.6114058430659,1739335816647
131.88641563318478,-475.4474653925065,311.120026766601,179.9234115241489,0.31681612736859627,179.61065888005058,1739335816655
132.22372475850258,-475.32097853983294,311.602173184014,179.9230915894552,0.3169131124568037,179.61072089638296,1739335816663
132.59514490874824,-475.17244750649564,312.12308961664013,179.92307580667492,0.3169652107094999,179.61106605228636,1739335816671
132.98181710932633,-475.0214858539612,312.68203858648104,179.9246400610006,0.31693266143469023,179.61033512420119,1739335816679
133.3766319379385,-474.8670234626301,313.2481839912704,179.9238163577218,0.31696294106073575,179.61019075887373,1739335816687
133.7979246126604,-474.7001732116675,313.8296782568433,179.9220424486803,0.31704758025576885,179.61099851887133,1739335816695
134.22985129175282,-474.52834218424226,314.44720996212584,179.92318440639102,0.31709072730694426,179.61065213295313,1739335816703
134.66185564421306,-474.3513601645315,315.05468455688316,179.92149422852847,0.3170750319171824,179.61100666262632,1739335816711
135.1027509087715,-474.1763300449397,315.671731454378,179.91995902633417,0.31697359134098285,179.6111394973607,1739335816719
135.54457124954772,-473.99647212622983,316.3070630535426,179.92045801694934,0.3167399841376263,179.6106336886643,1739335816727
135.97691360574697,-473.81512994285026,316.93971122173406,179.92112852939405,0.31644605427133143,179.61054026190482,1739335816735
136.417440594408,-473.6386073555561,317.57005504823235,179.92217205427679,0.3160379183183948,179.61011979213458,1739335816743
137.04979164160414,-473.3685662909512,318.50255630759426,179.92390463549478,0.3153574981290519,179.60914057071096,1739335816755
137.46918000489327,-473.1887835108602,319.10870478460873,179.92431731273146,0.3152499204364994,179.6095839026555,1739335816763
137.87673373949855,-473.0137455315013,319.66777576695245,179.92193374676094,0.31528067881832716,179.6093032298301,1739335816771
138.26017900560322,-472.848540437872,320.22316808702254,179.92212025653225,0.3154313445666483,179.6098267502822,1739335816779
138.62526262140707,-472.6870019947353,320.7583213082703,179.9227449132439,0.31565009149163864,179.60993818951513,1739335816787
138.9751703149063,-472.53282530856586,321.24291249932463,179.9218334991694,0.3158150806800308,179.6095592483353,1739335816795
139.29092236480352,-472.3946258312596,321.69738839437974,179.9205855642514,0.3159350266874963,179.60939354202193,1739335816803
139.57964228637616,-472.2692682792472,322.12685310874934,179.92174344407516,0.31605805546470933,179.6095172456304,1739335816811
139.85158103525413,-472.142869739444,322.5175353550433,179.92191327185353,0.3161368859509162,179.60966202616626,1739335816819
140.09839252859598,-472.02767232386816,322.8606090691285,179.9221664153021,0.3161730492719101,179.60950749027623,1739335816827
140.30850031363096,-471.9332946350982,323.1657267611635,179.92183137405902,0.3161694744079265,179.60914508427578,1739335816835
140.48741867819234,-471.8562126082508,323.42972056753194,179.92187467718253,0.31620306566998696,179.60946131430143,1739335816843
140.6369612368594,-471.79267362830615,323.65371701540494,179.9226714107984,0.3162233370837222,179.60964728289534,1739335816851
140.76367335779392,-471.73366467238026,323.83789157400435,179.92266087365127,0.31620907665452513,179.609792248454,1739335816859
140.8697530227165,-471.68206522298516,323.98674985602395,179.92151498025618,0.3161177699485059,179.60981933281064,1739335816867
140.95887274541138,-471.6382686968362,324.1059125274313,179.920346881081,0.3160380913866463,179.60988879869683,1739335816875
141.0299179198337,-471.6032384620025,324.2003133107605,179.91974206941893,0.3159763312708505,179.6100248045729,1739335816883
141.08456473062105,-471.57747002056163,324.2728268938442,179.91963741935416,0.3159539070714697,179.61009406258466,1739335816891
141.12390383026943,-471.5605038869652,324.33026020689994,179.92038562200145,0.3158960450649791,179.6100477608976,1739335816899
141.150047394988,-471.5510611669335,324.37600361153574,179.92182904495917,0.3158525648484722,179.60994333185744,1739335816907
141.1717905086233,-471.544319797656,324.420914775322,179.9238800757069,0.31579748139449587,179.60975611599648,1739335816919
141.1784439404745,-471.5434615749381,324.4382258980319,179.92492891404274,0.31577276689807543,179.6096751245334,1739335816927
141.1809306835912,-471.5438312581153,324.44356276131725,179.92528780404456,0.31575692477245293,179.60971354522385,1739335816931
141.17898479051408,-471.54815490248524,324.42680857714265,179.9225802656144,0.3156800960015166,179.6090903350836,1739335816943
141.17354348584277,-471.5505815620123,324.4049027819514,179.91957519498303,0.3156550360618429,179.6083605956931,1739335816951
141.16928798475493,-471.55102778010485,324.3847718304553,179.91680159934498,0.3156133567104257,179.60782913026472,1739335816959
141.16820045868815,-471.55166388904064,324.37119537837657,179.91487776674722,0.3156003108205381,179.6076969487716,1739335816967
141.16879779416374,-471.55633893430274,324.3514765125205,179.91233545134344,0.3155693250274511,179.60777814499784,1739335816975
141.17156152963688,-471.565354942577,324.3219639687445,179.90881419391974,0.31550187752248093,179.60809035919453,1739335816983
141.17962892646617,-471.5643546963803,324.31212167475036,179.90776726184353,0.3154882416687881,179.6090552025475,1739335816991
141.1935719834197,-471.5560377163652,324.30423919974504,179.90705333599726,0.3154956030221875,179.6107345692312,1739335816999
141.20220690836848,-471.54854429589165,324.29499015514006,179.90657049416552,0.3154832045375659,179.61174615321886,1739335817007
141.20837477658802,-471.5494267668504,324.2946681446954,179.90801041152525,0.3155079224881829,179.61226132472245,1739335817015
141.21432806402723,-471.557469178958,324.29245549483875,179.9102911550828,0.31550199318298594,179.61232609554463,1739335817023
141.22260814140776,-471.57223751979166,324.280463803901,179.91260327774404,0.3154960413813861,179.61217918531332,1739335817031
141.23600568077669,-471.5942677029742,324.25387601720604,179.91455854940955,0.315476502841554,179.6120141110467,1739335817039
141.25547741899237,-471.6242979361548,324.2050461148597,179.9155040344221,0.31543349815425503,179.61187938632742,1739335817047
141.2819427485912,-471.6625779661439,324.13512860742867,179.91603062037947,0.31535659873773936,179.6117754673073,1739335817055
141.31580401198357,-471.70908648868954,324.04308870009777,179.91629427899,0.31525238375405973,179.61168091176546,1739335817063
141.35704270655324,-471.7657792236463,323.92913919613056,179.91683167496714,0.31514255184471524,179.6115276030756,1739335817071
141.40638206822646,-471.83506316467674,323.79471308469533,179.91867543425982,0.3150315243462107,179.6112684525256,1739335817079
141.46533094466426,-471.91634536084547,323.64102710234397,179.92185278341088,0.3149141657901094,179.61108808473767,1739335817087
141.53306057000995,-472.0118329077852,323.4513094982532,179.92339979176387,0.31476719532255504,179.61088011150585,1739335817095
141.61162375929834,-472.1223132487355,323.2256820770532,179.92311852139818,0.3145944227859739,179.61074707971537,1739335817103
141.7496242672077,-472.3239160965459,322.82654755342514,179.92331038484463,0.31432171708453105,179.61070006640622,1739335817115
141.8584666528381,-472.4687827766469,322.5320088089811,179.92514725894824,0.31418036550592104,179.6110681817105,1739335817123
141.97820317244637,-472.61674409294073,322.2051021350237,179.9241557078215,0.3140307807935002,179.61139865442897,1739335817131
142.109788210452,-472.7841712164011,321.8397479247651,179.92282347173932,0.31384945909422396,179.61165859415954,1739335817139
142.25315553570223,-472.96564238492846,321.45285367042777,179.9221901010394,0.31368065777538556,179.61178630884262,1739335817147
142.40443054156754,-473.14721500121385,321.0675627895375,179.92388851618597,0.31356658692329037,179.61163519204916,1739335817155
142.55727804927213,-473.3480741371132,320.643210072323,179.92499932418986,0.31345022102619,179.61103256250104,1739335817163
142.7115427176213,-473.5536802213235,320.2035109634018,179.92436193206632,0.3133924873688186,179.6104335252382,1739335817171
142.86853610137194,-473.7630959370805,319.7750030491843,179.928360252777,0.3135269852321917,179.6102148213424,1739335817179
143.02902033366357,-473.9764745819383,319.307617811693,179.927000056999,0.31367145494679693,179.61014625315997,1739335817187
143.1938126795742,-474.1857302185382,318.8524723472248,179.92862122399217,0.3140359711476634,179.61032373306494,1739335817195
143.36727337066827,-474.3961982352589,318.38286575286503,179.9274223377408,0.314543292206869,179.61075811275649,1739335817203
143.54359021804365,-474.6098396576157,317.90824159194307,179.92716429532075,0.31500934956126814,179.61075363554357,1739335817211
143.71733040053965,-474.81618146438103,317.4543972953962,179.92799472353528,0.31529680394852566,179.61037151968898,1739335817219
143.88449982044168,-475.03196997095677,316.9851458801353,179.92703575322622,0.3153650119127296,179.60982351310946,1739335817227
144.0428445814045,-475.23423789510116,316.5460797886683,179.9274496029047,0.31535457358828733,179.6092783368809,1739335817235
144.19482624331286,-475.43797071198634,316.10789949079805,179.92772160727782,0.3152699626265881,179.60922436215705,1739335817243
144.3415091411242,-475.6272626594305,315.6924606619077,179.9277124914349,0.31513792977314353,179.6092837495295,1739335817251
144.48580054230686,-475.80681605161067,315.2979164183092,179.92924928209553,0.3150551279543176,179.6096307220096,1739335817259
144.62787303246742,-475.974209111441,314.9039011700873,179.9269626602374,0.314890751200323,179.6103406558076,1739335817267
144.76587806875483,-476.1264840077693,314.54884882593956,179.927076268669,0.31488590485980067,179.6109642312396,1739335817275
144.8927349713379,-476.2675504009177,314.21537821388085,179.92675091747458,0.31496564567092045,179.610993020059,1739335817283
145.0064447290108,-476.3995130233887,313.89446343965676,179.9237802871857,0.3150670578349024,179.61065935438015,1739335817291
145.14995092490813,-476.57994091780506,313.4969502596062,179.92505716772484,0.31530206503662705,179.6099534411063,1739335817303
145.22922488267707,-476.68117513198433,313.27133203894886,179.9253376515176,0.3153720783628617,179.60954971948385,1739335817311
145.2970030695678,-476.7687325092739,313.0664241113188,179.92388024949926,0.3153076379018651,179.60925099616625,1739335817319
145.3563514849733,-476.8488071617401,312.89005238151293,179.92317045297818,0.3152847823731278,179.60926001178757,1739335817327
145.4076075928469,-476.91647684904365,312.7494258063639,179.92427483106601,0.31530695608074916,179.60949276483618,1739335817335
145.45162483819323,-476.9678180803825,312.63655068765473,179.92557436004202,0.31536939014506615,179.60988200260041,1739335817343
145.48768388808742,-477.0076631528775,312.54592075434834,179.92617131333424,0.3154587858899617,179.61024776181287,1739335817351
145.5158866579057,-477.0383963345978,312.47541056694604,179.92646022801932,0.3155018301281859,179.6104726915321,1739335817359
145.5370180347913,-477.062257634905,312.42070677064316,179.92646036678963,0.3155408779265019,179.61052629520668,1739335817367
145.552521408894,-477.08052873606965,312.37896051942846,179.926389182083,0.3155547768112531,179.61050821456246,1739335817375
145.5646893384441,-477.0936227376019,312.346914562305,179.92606873556616,0.31557828376386976,179.61055197145922,1739335817383
145.57402116059023,-477.10271182494887,312.3249362875884,179.92583167705538,0.3156356132374784,179.61067820387757,1739335817391
145.57881263018456,-477.11165663215354,312.3142165164883,179.9260247813932,0.31567543710574364,179.61056865656408,1739335817399
145.57821269577968,-477.1183022182735,312.3063548429943,179.92594017173556,0.31573060135897923,179.61004641774446,1739335817407
145.5769849056772,-477.1229351652153,312.30478460118707,179.92625063371733,0.31577765057104873,179.60957642255454,1739335817415
145.5751665713671,-477.12039331152454,312.31901793045944,179.92822021980447,0.3158454079612729,179.6091512417479,1739335817423
145.57350396371868,-477.11615434997276,312.3368810456122,179.93051000932704,0.31589461369044713,179.6088305861375,1739335817431
145.57301159583469,-477.11308958721287,312.3480863629381,179.93195725717857,0.31593262931661276,179.608709190051,1739335817439
145.5729425241911,-477.11251371295083,312.35021826165706,179.93235115865454,0.31594012885065925,179.60864258639785,1739335817447
145.5729236325467,-477.1100801285856,312.34689489860284,179.93205857881858,0.3159420032776021,179.6086056097028,1739335817455
145.57269203368426,-477.098979373039,312.3310568230147,179.9301277852035,0.31591778635373,179.60855112543433,1739335817463
145.57156892139568,-477.08979048254474,312.32292648697944,179.9291691973409,0.31591195651610465,179.60842786596945,1739335817471
145.5684474225369,-477.08234811643547,312.3212320965983,179.92907405248135,0.31590872549897137,179.60807159436183,1739335817479
145.5630692255773,-477.0759311851104,312.3236137885611,179.9297333678976,0.31592569359960704,179.6074530690054,1739335817487
145.55215615053936,-477.07069807863087,312.30747743601563,179.9293056976218,0.3158995739749547,179.6062077677121,1739335817499
145.54964903286748,-477.06393221667,312.2897658920798,179.92917018752615,0.3158890116753199,179.6059672252864,1739335817507
145.54718668401597,-477.0516191279713,312.26415495190895,179.92877696009003,0.3158795645719456,179.60585523812563,1739335817515
145.54393309641108,-477.03181292731216,312.2276584860519,179.92799713922187,0.3158619202034884,179.605807826073,1739335817523
145.5378635989195,-477.00556520468996,312.18402780348237,179.92738902808566,0.31585346399088404,179.60576659798832,1739335817531
145.5278915002325,-476.97004792813897,312.13110290156277,179.9269199607265,0.31584099119131004,179.60581760747607,1739335817539
145.5130859844056,-476.9234994087386,312.06660857745106,179.92642716127537,0.3158220333431391,179.6059179310005,1739335817547
145.4921291798567,-476.86508991526534,311.98756851727217,179.9260266976699,0.31583087936101917,179.60607153841772,1739335817555
145.46623107926652,-476.7910358305834,311.8906307227558,179.9252968558388,0.3158001739361997,179.60624818179843,1739335817563
145.43532578163072,-476.7032706011016,311.77884695255227,179.92448879210804,0.3157752576107201,179.60646416132442,1739335817571
145.39949470433817,-476.60336331134056,311.65363288630385,179.9237521035338,0.3157581191005974,179.60673442144088,1739335817579
145.35914502112746,-476.4902323422824,311.5149071619952,179.92316880453814,0.31573010538727775,179.6071470567254,1739335817587
145.31307440168464,-476.3595882082304,311.35804524852773,179.92265713196812,0.3157442983673028,179.60764305344279,1739335817595
145.26063672856384,-476.2088232021628,311.1763290515353,179.92223112896227,0.3157429240139382,179.60810067215382,1739335817603
145.20102273135308,-476.0450937917997,310.98006548271456,179.92340721255738,0.3157557176203701,179.60852855831894,1739335817611
145.13550979600996,-475.866135407185,310.7684293939977,179.9247288851447,0.31577049054639716,179.60877736733698,1739335817619
145.06342625866307,-475.6621392011259,310.5242495100525,179.92373818734083,0.3157363864978775,179.60924764958864,1739335817627
144.98548486565144,-475.4451498920177,310.2725039917363,179.92536132007598,0.31575393097024496,179.60969340524215,1739335817635
144.90088970796967,-475.2114530760518,310.00294359950027,179.92714551586957,0.3157795437182236,179.61021612610168,1739335817643
144.80891762833636,-474.95846297892774,309.7051987187458,179.92671859702293,0.31577111424302207,179.6107473476679,1739335817651
144.7070964963081,-474.69774954378806,309.39281277414676,179.92766928702747,0.31576172057680474,179.6108554727989,1739335817659
144.5434968105256,-474.2785501365709,308.87882732179975,179.9264003780925,0.3157180717780891,179.61039861414466,1739335817667
144.42941421314956,-473.9826254144225,308.5164994907138,179.92620609332812,0.31568850390943765,179.60971149768858,1739335817679
144.3157962846479,-473.6729059085152,308.1429426575071,179.9252582517341,0.31565766153533786,179.6092785846014,1739335817687
144.20170005182268,-473.351788452706,307.7624300638828,179.9260516093419,0.3156412623228835,179.60894544562717,1739335817695
144.08817522487567,-473.0183244925203,307.3787221814892,179.9273632961876,0.3156289446293767,179.60898815426924,1739335817703
143.9722392284088,-472.67838615759877,306.9905499180682,179.92917197404222,0.3156423404374258,179.6088965646817,1739335817711
143.8556621800519,-472.3244475638531,306.5779183090809,179.92760541657466,0.3155900153667368,179.6092744143559,1739335817719
143.73631752556122,-471.975507857922,306.16849465290505,179.9275640529373,0.31555927544934476,179.60974300989147,1739335817727
143.61477934138202,-471.6233407448258,305.74964734155895,179.92631016260543,0.31551172977745223,179.61070049076633,1739335817735
143.48629703048465,-471.2701655638892,305.32959753054104,179.92616664610983,0.31548940106587475,179.61123428460627,1739335817744
143.35785629306935,-470.91217849723233,304.9117396720626,179.92545914198897,0.31545287979159514,179.61179708465767,1739335817751
143.22564573518807,-470.5590270110931,304.5081753190742,179.92708759800763,0.3154380181471355,179.61141916616984,1739335817759
143.09680328094285,-470.2032078306072,304.0994546198558,179.92665279241155,0.3154067243639245,179.61080734682974,1739335817767
142.9729626176864,-469.8552110622541,303.69229641335227,179.92671739493926,0.31537215889427805,179.61009611449668,1739335817775
142.85598423523135,-469.5134231143293,303.290353521015,179.92584842703587,0.31536104671117077,179.60982664072444,1739335817783
142.7448917932365,-469.17634777558555,302.8967991373374,179.9260649236649,0.3153867992387052,179.60987734481287,1739335817791
142.63733329053187,-468.84172204957673,302.51206382063015,179.9249001041367,0.31541286917095795,179.61012094698293,1739335817799
142.53146709570967,-468.5192647897874,302.1473814215155,179.92578109955681,0.31546805196012706,179.61048406463274,1739335817807
142.42807319430676,-468.20220317466374,301.7907001457559,179.92473106589011,0.31544969114019705,179.61100620251133,1739335817815
142.32739744377372,-467.90303841854563,301.451356984492,179.9244484661012,0.31543730571853423,179.61169502038774,1739335817823
142.22900069124734,-467.61766948445376,301.1227348572205,179.9236805207751,0.31540560461687017,179.612137306512,1739335817831
142.13367419930202,-467.3488894873827,300.81100870944545,179.92279260828843,0.31539412864690786,179.61215489210403,1739335817839
142.04259809059155,-467.0969591427007,300.518514780716,179.92368721743262,0.3154227209256244,179.61171433971393,1739335817847
141.9578167253705,-466.86400277439003,300.2515821813247,179.92411394449567,0.31547405045605426,179.61103395739443,1739335817855
141.84577489109043,-466.5392977381452,299.88496941344744,179.92499936398588,0.31554381207897575,179.61009061381307,1739335817867
141.7813595630992,-466.34438165912474,299.6702394083835,179.9257476084283,0.31556573895699563,179.60974665411723,1739335817875
141.72365451751548,-466.16061409517147,299.4673004065506,179.92471732814843,0.31557737731997865,179.6094568934221,1739335817883
141.67199453105442,-465.99943670931145,299.29242212618266,179.9250977738028,0.3156027084079434,179.6093023211956,1739335817891
141.62661718150477,-465.8573824356723,299.1351456085671,179.9258216010759,0.31562211355107256,179.60929474021276,1739335817899
141.58742005066682,-465.72926740366796,298.984995072647,179.92518270534921,0.31563498480377505,179.60947336350665,1739335817907
141.5533162239679,-465.6176253937434,298.8593410926377,179.92451325431824,0.31566920778222246,179.60968231233673,1739335817915
141.52443919657824,-465.5220163188807,298.75288863625104,179.92379306962158,0.3157134657300207,179.60996461059932,1739335817923
141.499260223923,-465.44788519803154,298.665202656635,179.92361420414895,0.31574626402384887,179.61021816642932,1739335817931
141.47815792962177,-465.3839493143505,298.5907217872251,179.9234388409147,0.3157612686326035,179.6103622537418,1739335817939
141.4604420246109,-465.3285645202963,298.52666147667765,179.92297556439812,0.3157766001412411,179.61048963236482,1739335817947
141.44606760044283,-465.28303513167725,298.47338002749945,179.9224760423192,0.3157996921800624,179.61062099177224,1739335817955
141.43552205710662,-465.2467637164707,298.4280424987213,179.92162756855726,0.3157927872152889,179.61079488285557,1739335817963
141.4270858768286,-465.21929540848487,298.39408147558834,179.92115794663243,0.315797324679567,179.6108979544005,1739335817971
141.42019444113214,-465.2011397206357,298.37289704812827,179.92145513447514,0.3157821887530679,179.61092435720636,1739335817979
141.41654932707058,-465.18983862996055,298.3636172218951,179.92255997029991,0.3158094962958962,179.61113137123425,1739335817987
141.41821130642722,-465.18307307187916,298.35881186302913,179.9237046710755,0.3158225912321346,179.6118121472667,1739335817995
141.42092520349044,-465.1827556827256,298.34675244622576,179.923387113352,0.31582382899761285,179.61248882984677,1739335818003
141.42323025252614,-465.1833915782437,298.3368893549029,179.92283743191797,0.31586598454654563,179.61296372141416,1739335818011
141.42484426680653,-465.1869743293974,298.32845688381775,179.92204959250284,0.3159402768530477,179.61333162766385,1739335818019
141.42490686736699,-465.1896688872136,298.3261945835981,179.92176423646427,0.31596212978512656,179.61337789325074,1739335818031
141.42433887321133,-465.19208603548753,298.32771680697385,179.92190722378382,0.3159489356269967,179.61333861590742,1739335818039
141.4239980898542,-465.1935931703608,298.3325997077095,179.92246474227287,0.3159481312566873,179.6133085632589,1739335818047
141.42452048759168,-465.19830945685413,298.34641798435314,179.92421194106225,0.3159447771778117,179.6133808975801,1739335818055
141.42858978709137,-465.2060610126731,298.3710430322034,179.92733219340013,0.31598856657340646,179.61388348929157,1739335818063
141.43900038984407,-465.20433970439336,298.3907979407995,179.9297657906378,0.3160099501626637,179.6151563974592,1739335818071
141.4453938204676,-465.19975135406537,298.4109999971202,179.93206302090357,0.31604770240545765,179.61587852840594,1739335818079
141.44749358382026,-465.19420914365196,298.43193831512747,179.93405351833334,0.3160930369071849,179.6159349476656,1739335818087
141.45011972052447,-465.18911282966684,298.45472575920274,179.9355735755585,0.316143955945919,179.61581662940264,1739335818095
141.45500432299238,-465.18525469851403,298.47720081845875,179.93599003828416,0.31616713617258635,179.61554959001472,1739335818103
141.46459311884507,-465.18807484154013,298.49641964893937,179.93485991316035,0.31614610437514246,179.61521411955533,1739335818111
141.481270061278,-465.19604908493733,298.52354796579436,179.93345296406343,0.3161380202118433,179.61487304533966,1739335818119
141.50640769891058,-465.2071124625504,298.5622138227799,179.93186313822554,0.31611346722716066,179.61446116369171,1739335818127
141.54072607661186,-465.2214679081095,298.61543680951166,179.9301650771693,0.316102304833174,179.61406263901947,1739335818135
141.5852969581279,-465.2404218178127,298.68791493098365,179.92896260472318,0.3160897607647853,179.61357927008353,1739335818143
141.64247012401168,-465.2634932678145,298.7818040167117,179.92813903336534,0.3161176663004654,179.61312859197685,1739335818151
141.71235235683625,-465.29017381197775,298.89862326361083,179.9277959930337,0.3161542223747179,179.61264377223597,1739335818159
141.79835327321587,-465.3192273679346,299.03689123385846,179.92751202053407,0.3161824610007237,179.6125385552004,1739335818167
141.89996681658317,-465.3501540441676,299.19562518547224,179.92668157698873,0.3161847453305338,179.61264931859355,1739335818175
142.0205093408528,-465.38420292587887,299.3800496316523,179.9246303845061,0.3161661000834233,179.613164935073,1739335818183
142.16026392014916,-465.4252204435015,299.59762948523667,179.92291344558822,0.3161656152652179,179.61381920720012,1739335818191
142.401674665037,-465.5040147989098,299.98725100564207,179.92316305619912,0.3161946870855176,179.61388750295208,1739335818203
142.57818027462727,-465.55585531747056,300.27268197262356,179.92205000846357,0.31621816935866254,179.6127600361425,1739335818211
142.7663232186623,-465.6199174321688,300.59628368334745,179.92215149233098,0.3162900974051479,179.61146936659728,1739335818219
142.96664065455093,-465.69006271595424,300.946173641487,179.9232266867534,0.3163569663392941,179.61073214392803,1739335818227
143.18591239011752,-465.75662149371533,301.31228458979916,179.922309101837,0.31637712031921167,179.61090815256074,1739335818235
143.42664395221342,-465.83192927741976,301.71622721117785,179.92440592656382,0.31641514838938556,179.61177582996612,1739335818243
143.6808729491595,-465.9039521207332,302.1285417127356,179.92421745083058,0.3163948828610014,179.6115853250052,1739335818251
143.93927335729745,-465.9844203758179,302.5636838031309,179.9252168498788,0.31646450573939144,179.61046989255888,1739335818259
144.20210714672547,-466.06512935083344,303.00748060684003,179.924312608013,0.31656086048841786,179.6099484399064,1739335818267
144.4737433539456,-466.1469226476619,303.45619269647364,179.92342732764408,0.316649446663114,179.6102408828627,1739335818275
144.76106437588498,-466.2300805670162,303.92120105346623,179.9225908282453,0.3166559369093519,179.61130290599314,1739335818283
145.0473613341577,-466.3167239797354,304.393788695994,179.92325348154688,0.3166603668862447,179.6103856179197,1739335818291
145.330658668735,-466.40489499732695,304.871445458524,179.9233816248304,0.3167026165707594,179.60963652632947,1739335818299
145.61215248690675,-466.4960502320102,305.35553311197816,179.9247313060076,0.3167721739173919,179.60953830694834,1739335818307
145.90594795089777,-466.57761893834066,305.8328340903735,179.92465859041852,0.3167989452833263,179.61059733135713,1739335818315
146.19882671378602,-466.6566526680619,306.3060695522898,179.92378511441652,0.31672076533625726,179.61032758930557,1739335818323
146.48076059954954,-466.7362543327624,306.7723963280194,179.92318027082055,0.3166617589680347,179.6093580152474,1739335818331
146.75417331484678,-466.81485843113774,307.2319686216491,179.9221911539988,0.31664137936337056,179.60923924628443,1739335818339
147.0293800018948,-466.8844898855099,307.6756641357405,179.9216284268199,0.3166196352578413,179.610200010205,1739335818347
147.29906827867936,-466.9537938580177,308.10949422445924,179.92055534081854,0.31651178205957065,179.61013961396912,1739335818355
147.55243301818135,-467.02240244021056,308.53415565381096,179.92102565848975,0.3163935390386197,179.609239924063,1739335818363
147.7905883869426,-467.0855469675285,308.9375466488396,179.9203934744659,0.31636970079070975,179.6090082561363,1739335818371
148.01672924366454,-467.1521787524053,309.33610693525617,179.92321889467576,0.3164431334691759,179.60944932861727,1739335818379
148.23634087545597,-467.20164001704666,309.6976688992935,179.92312265475547,0.3164463437886925,179.61048402250674,1739335818387
148.5415467597804,-467.2760022611978,310.20572798314606,179.9258751311365,0.31637126593550247,179.61065019357363,1739335818399
148.71968111449837,-467.31579802257306,310.49765051459457,179.92464506930241,0.3162729086181745,179.6102088916951,1739335818407
148.87730300105872,-467.3535027354385,310.758263599468,179.9238166907406,0.31621279004427755,179.60990910585932,1739335818415
149.01586710775615,-467.39457913023284,311.00193463427627,179.92466049904485,0.31620546569595037,179.6097968645465,1739335818423
149.1385578680598,-467.4277784727512,311.2080487273561,179.92352016625526,0.3160893374726202,179.61004662873978,1739335818431
149.24575210208025,-467.45471936912304,311.388120747356,179.92287921974616,0.31598591585274505,179.61021080608523,1739335818439
149.34176660172133,-467.4765809919556,311.5436725457714,179.9230288944769,0.31593535491722163,179.6107530678704,1739335818447
149.42578660220516,-467.49813885440693,311.67695188490796,179.92375718918748,0.3159179896484372,179.6112750371956,1739335818455
149.4959372151718,-467.51650080503555,311.78934357446155,179.92424952230587,0.31586535076281336,179.61156062987763,1739335818463
149.55296274156925,-467.52863891336705,311.88006476435635,179.92411750779843,0.31578358369209186,179.61158874554468,1739335818471
149.5964428421456,-467.5379049442673,311.9515808508212,179.923740848949,0.31572144898624055,179.61128681343374,1739335818479
149.62890947778826,-467.5446383719084,312.00524143775084,179.9234393581992,0.3156659542387829,179.61095499287296,1739335818487
149.65198588763425,-467.5505052384296,312.04533449627115,179.92333292719326,0.3156622376808594,179.6105087817371,1739335818495
149.6677363017162,-467.55559183211443,312.0724249733779,179.92307587307744,0.3156342720766917,179.61011225767948,1739335818503
149.67794311748,-467.56195255346324,312.0825524305201,179.9217830670583,0.3155837202445954,179.6097699663669,1739335818511
149.68625056646061,-467.56721309430014,312.0859255640329,179.92049327550274,0.3155500683326053,179.6098023284282,1739335818519
149.69085173235968,-467.5712360686958,312.08487762044075,179.91928774603358,0.31549657731642133,179.60978968457965,1739335818527
149.69031210242963,-467.5739169387789,312.083446788096,179.918450298617,0.3154741388661497,179.60943604105591,1739335818535
149.68784016958566,-467.57335599643784,312.07949589943007,179.91764086762953,0.31544653238674253,179.6089844951019,1739335818543
149.6843499942123,-467.57164004386385,312.07545919661345,179.91708378986493,0.3154053968949559,179.60849845352672,1739335818551
149.68154232732346,-467.5700369122418,312.07323145156266,179.91680557066826,0.31537872487126156,179.608163327178,1739335818559
149.68067502143165,-467.56928472332703,312.07344318845475,179.9168464388479,0.31537379274404465,179.60805455809893,1739335818567
149.68057557127045,-467.5713600208553,312.07487129395406,179.91705008965067,0.31539166503925303,179.60804228027882,1739335818575
149.6789401196363,-467.58786513697436,312.07953131872813,179.91778419880418,0.3154137365294247,179.6078234441819,1739335818587
149.6756497947448,-467.60273411558745,312.06881824708125,179.91660200953334,0.3153744590347806,179.60738886132438,1739335818595
149.6688620695765,-467.61201213845794,312.07366416648614,179.91725462716224,0.3153879211708559,179.60655719617054,1739335818603
149.65907656631373,-467.61962179905316,312.0814411422246,179.91817246258228,0.31541186517253533,179.605414730847,1739335818611
149.65314466709538,-467.62821289067114,312.0921912759185,179.91924695285311,0.31542654350808896,179.60475088613344,1739335818619
149.65098755846083,-467.64070047547676,312.10731432912337,179.9205738064883,0.3154468934097715,179.60469634645676,1739335818627
149.64938530003676,-467.6592198692021,312.12496576804926,179.92176566747085,0.3154754313779985,179.60490330575124,1739335818635
149.64595386946615,-467.6878316022174,312.14701025589477,179.92302151239278,0.31550927468109086,179.60538044582793,1739335818643
149.63948663653306,-467.7280501588514,312.1706777600996,179.92396771675752,0.3155299794070891,179.60596951176083,1739335818651
149.62638184242803,-467.78469700344044,312.19511032326875,179.92442157180378,0.3155505967473804,179.60642569192385,1739335818659
149.60598886383954,-467.85936685896024,312.22517912711106,179.9249818047253,0.31555360406053556,179.60666445772586,1739335818667
149.57981070356408,-467.9535492848319,312.2589600050676,179.92502330449295,0.3155286901216684,179.6069093540869,1739335818675
149.54889083488857,-468.07084740337893,312.2994223465059,179.9249136768475,0.31549745612492036,179.60743509766752,1739335818683
149.51103668563997,-468.210118688915,312.3450188098003,179.92438839568652,0.31543377236875153,179.60800241899688,1739335818691
149.46529931174683,-468.372487924859,312.397400334548,179.92376617579328,0.31537278485599746,179.60846981140372,1739335818699
149.41140791551345,-468.55503441385457,312.45886752565576,179.92304668513935,0.31533232499532415,179.6088252702138,1739335818707
149.35082821580957,-468.7587897911067,312.5314604877321,179.9224813558712,0.3152911610234567,179.6091385379745,1739335818715
149.28225870746627,-468.99163414447906,312.6204393487846,179.92247687599198,0.31529069494539785,179.60914969613202,1739335818723
149.21032476080316,-469.25215669444924,312.7246866505688,179.9230944487677,0.31531733334635487,179.60937445748786,1739335818731
149.13253457937003,-469.53559789888925,312.8262645623515,179.92255440749122,0.31530859995474164,179.60962151057512,1739335818739
149.04893548891445,-469.8488907028588,312.9204690694419,179.92057107309793,0.3152430819549473,179.6097793253922,1739335818747
148.95985849069353,-470.1888445460002,313.0402842488203,179.92140591936155,0.3152134259486135,179.60991960906568,1739335818755
148.86415527627472,-470.5398017752224,313.17094944777557,179.92286298757918,0.3152403343509607,179.61007700507236,1739335818763
148.70530891920143,-471.0973457651247,313.38587995965236,179.92458112004348,0.315256956367082,179.60987867059993,1739335818775
148.59154204741372,-471.4944410411246,313.5044178877182,179.92129252669883,0.315127828980219,179.60975790827857,1739335818783
148.47394860796874,-471.91209179989005,313.6449002105511,179.92084960421437,0.3150888297125402,179.61009172222288,1739335818791
148.34942250160958,-472.32776351436854,313.79819362038046,179.92198819234258,0.31508209914031965,179.61047566565634,1739335818799
148.2189679576707,-472.75682491689656,313.95434345837026,179.92325008826586,0.3151118437787816,179.6104221464533,1739335818807
148.08393094894026,-473.1935748246361,314.0919630969444,179.92111920351235,0.3150491346909809,179.60953454481998,1739335818815
147.95885309459342,-473.6326690795682,314.2494099342871,179.92137169578533,0.31507798387981956,179.60959440349316,1739335818823
147.8373520220561,-474.0619493286961,314.40237742976336,179.92141870280557,0.3150575419287363,179.6097108779856,1739335818831
147.71848211302722,-474.49551010272154,314.55729610436566,179.9226332329409,0.3150693847444735,179.60990393109495,1739335818839
147.6024473159899,-474.9254463539169,314.7008567739251,179.922126417532,0.3150624895902479,179.61020437187915,1739335818847
147.48707596778297,-475.34574134694515,314.8556557950725,179.92272042885443,0.31513239638894,179.61075710817013,1739335818855
147.3687188862314,-475.7547422986154,315.0068889527669,179.92315903051593,0.31518521735389654,179.61112863247126,1739335818863
147.24763105530243,-476.15883887317796,315.14066208051355,179.92289790104053,0.3152229008016552,179.61125415539047,1739335818871
147.12610225394687,-476.55280187960807,315.2710735469236,179.9231040395738,0.31527322658666196,179.61106916418257,1739335818879
147.0070642828847,-476.92369256242154,315.403470657081,179.9239385863066,0.3153172390254073,179.61054211826948,1739335818887
146.9015018089405,-477.27486114338177,315.53563895648614,179.9245835123517,0.3153472929659749,179.6105634722025,1739335818895
146.80350622059552,-477.60433405825916,315.63990861844604,179.9227961098549,0.31528062187759726,179.61036310919533,1739335818903
146.71570045055046,-477.91858084348394,315.7487923283238,179.92320473200706,0.31526130696835863,179.61031932948308,1739335818911
146.63548286924006,-478.2052030036017,315.85325173334655,179.92431424205145,0.31529434889641444,179.61027397786685,1739335818919
146.56428219532947,-478.4593518305367,315.94554341201666,179.92498937033557,0.31537913270998846,179.6104246279924,1739335818927
146.49794767177949,-478.6919177826954,316.03178819910937,179.92581009919073,0.31542755684205565,179.61039682592695,1739335818935
146.41020084745725,-478.99843952252024,316.1402925569799,179.92602035659633,0.31543666920313634,179.61028438264628,1739335818947
146.3602821314151,-479.1699844968829,316.1876031184298,179.9241862590004,0.3153844611498024,179.61027779434815,1739335818955
146.31699896680698,-479.3161188372328,316.2299193115475,179.9228370247448,0.31533889297198986,179.610296642279,1739335818963
146.28019543521125,-479.44009824750253,316.2685750342655,179.92206122259762,0.3153066381847699,179.61036289294424,1739335818971
146.24936569596946,-479.54550537102665,316.3094747363864,179.9227158421343,0.31530950700268673,179.6105221684099,1739335818979
146.22393742994555,-479.6316324819935,316.34675964864437,179.92388951318443,0.3153567287244079,179.6106681399636,1739335818987
146.203828764604,-479.69958440841566,316.3776252502031,179.9251819651492,0.3154121098310813,179.61085333804274,1739335818995
146.18767583027278,-479.7519331100067,316.4034434472298,179.92651178877014,0.31545349406674106,179.61088900352257,1739335819003
146.17560057965312,-479.78933859112345,316.4169956127794,179.92659503227387,0.31547617041688614,179.61096058970648,1739335819011
146.16580109541354,-479.8165380603049,316.4248320232718,179.92616634857922,0.3154728811122241,179.6108969743263,1739335819019
146.1588689063244,-479.83465400739004,316.4275970400872,179.92537536591624,0.31547954973776987,179.61086195566355,1739335819027
146.1584258606594,-479.8458040531563,316.4287707262059,179.92478010829134,0.3154708458065135,179.61131405183414,1739335819035
146.1615583650531,-479.85302220900854,316.42974622494796,179.9245436311718,0.3154896009432234,179.6119827276703,1739335819043
146.16462684259815,-479.854988545232,316.43780152914684,179.92535348794087,0.3155128728091591,179.61254684328185,1739335819051
146.16653130218833,-479.8498099103776,316.44822007573146,179.9264480546416,0.3155613191555684,179.61290069544538,1739335819059
146.16723639953855,-479.84222810937007,316.4545761095974,179.92705301766514,0.3155876575015544,179.61304709623968,1739335819067
146.16721405982562,-479.83651719682047,316.4575865430474,179.9272772888939,0.31559763091358534,179.61306888973257,1739335819075
146.1667975117255,-479.83430192508496,316.457544239651,179.9271684656667,0.31560453831868845,179.61303455988892,1739335819083
146.1619000127315,-479.82590389363696,316.4644234718911,179.9278206058116,0.31564061183810277,179.6124670981247,1739335819095
146.1534236061661,-479.81121482280906,316.4759638866851,179.92900282963717,0.31569373802989553,179.6114939846504,1739335819103
146.13535435000773,-479.80688225002143,316.46887363322384,179.9279831649266,0.3157076138092634,179.60942044147512,1739335819111
146.120344559587,-479.81094371342874,316.46703659010643,179.92771261081447,0.3157164557549518,179.60790297360484,1739335819119
146.11413793769765,-479.81247538770066,316.46481141129453,179.92734889122877,0.3157102800666014,179.60776537886258,1739335819127
146.10706892363257,-479.80917250922977,316.46112470551077,179.92662058111677,0.31570189383011826,179.60799312265027,1739335819135
146.09694712212345,-479.8002075353078,316.46007864792136,179.92616733919832,0.31570531638292276,179.6084665154149,1739335819143
146.07956684569305,-479.7850885505612,316.4651694141692,179.9263439329572,0.3157164980231362,179.60890239413388,1739335819151
146.0506686686028,-479.7582760598177,316.4686421932742,179.92609810150924,0.31573963323361603,179.6090967727704,1739335819159
146.00882881999587,-479.72091671638333,316.4765726272434,179.9260829492112,0.31578192266921384,179.6089728007007,1739335819167
145.9568639389032,-479.66920508567677,316.489681228714,179.92618414108173,0.31584469346363236,179.60910178075483,1739335819175
145.89351552720473,-479.6001661495305,316.5044852872202,179.9258789613843,0.31593395378969513,179.60949425341622,1739335819183
145.81332712629668,-479.51322527061586,316.5229245300577,179.92522334647703,0.3160337783711201,179.6097435677555,1739335819191
145.71680589092338,-479.402153161411,316.545931351549,179.92440739557915,0.3161523172398655,179.6098901591077,1739335819199
145.60340726649895,-479.26669718218926,316.57989323846556,179.92426123294456,0.3162794513472985,179.60996592980308,1739335819207
145.47183517603312,-479.1122855951255,316.62083872384596,179.9243437829909,0.316415712574302,179.60994838852278,1739335819215
145.32144037266752,-478.9378233579843,316.66736625594444,179.92458064956548,0.3165667260482156,179.6098362569439,1739335819223
145.15139882379984,-478.74087299096885,316.72458147805725,179.92558672403896,0.3167265358798904,179.61006130852016,1739335819231
144.95455998514615,-478.5120840450414,316.78982622360854,179.92678685707014,0.3169351252034831,179.61035486717446,1739335819239
144.72441224679366,-478.2511790696196,316.86423413941964,179.9282047405139,0.3171684168852971,179.6104661413448,1739335819247
144.32007609116943,-477.8247912324767,316.96828262922037,179.9276891887309,0.31750692908622585,179.60942835602918,1739335819259
144.03361654276551,-477.49931673679896,317.06147788239775,179.92898085452944,0.31772588478754865,179.60941521558175,1739335819267
143.73619780020715,-477.13712003994874,317.14438785024936,179.92798120533365,0.3178366995898582,179.6103144175741,1739335819275
143.40169547373497,-476.75361587379155,317.23598190801994,179.92695028566757,0.31786274360494504,179.6107887745721,1739335819283
143.02863824183342,-476.3443959148284,317.33281869565405,179.92566792962242,0.3178915372769886,179.61031831351283,1739335819291
142.64740691058316,-475.91038731664776,317.43283656935904,179.92435034674025,0.31793347197866817,179.6098409641101,1739335819299
142.2621286130834,-475.44498882746285,317.54981626266243,179.92451624145184,0.3178393104680456,179.611419815936,1739335819307
141.82995522476585,-474.96295981579243,317.6728862683266,179.92523303955167,0.31755717413065215,179.610899824057,1739335819315
141.38569314086837,-474.46382304793127,317.79473242618195,179.9253616946496,0.3172260903510466,179.60950102608075,1739335819323
140.94562761519379,-473.93344182748143,317.92686870768927,179.92643258184717,0.3167971552501295,179.61056889818016,1739335819331
140.46832049232253,-473.3937572385607,318.048441405319,179.925690829733,0.3163045633756681,179.6100716900768,1739335819339
139.98726427810635,-472.8351276131797,318.1777431249902,179.92557383144035,0.3159191012833971,179.6090768531247,1739335819347
139.50859469025798,-472.2559767411031,318.3066470995758,179.92522587126803,0.315634746814643,179.61088248258983,1739335819355
139.00070350751014,-471.67588779218516,318.4412673748239,179.92562337404246,0.31555594246232066,179.60986525069606,1739335819363
138.50949525766094,-471.07751684802344,318.5761020831413,179.92619930558314,0.3156923141275054,179.61096302255385,1739335819371
137.991888322315,-470.48226745678403,318.7136140604168,179.9268542905925,0.31588446267457077,179.61061689182677,1739335819379
137.48494782296976,-469.8773571238313,318.84526809735746,179.9265499094438,0.3161665005439147,179.60987397318988,1739335819387
136.98688287763068,-469.2652149947059,318.9685907658675,179.92467042591178,0.31639511353579236,179.6116156203055,1739335819395
136.47194057255146,-468.66132824133166,319.09218018257815,179.92290190695968,0.3166386335494759,179.61019220667657,1739335819403
135.98593300283056,-468.0469117398954,319.2089190056167,179.9204382875362,0.3168399785852264,179.61181149757056,1739335819411
135.4819515741921,-467.44649009924495,319.32210738268464,179.91824101467105,0.31683980824609576,179.61154772902157,1739335819419
134.99778466440046,-466.85490127143055,319.45194072201184,179.91913694358462,0.31679718205399277,179.61115658865617,1739335819427
134.5223675879461,-466.2709336950612,319.5757255022024,179.92012919969747,0.31656437077106525,179.61229311337377,1739335819435
134.04797226611788,-465.7067621836071,319.69383203874145,179.92129748694268,0.316440791842692,179.61064807000372,1739335819443
133.6069697282162,-465.15253605895384,319.8273932384145,179.92523330293918,0.3163202355741452,179.61185950377478,1739335819451
133.15684572560707,-464.6203919925978,319.94090155532206,179.92695431749698,0.3162020392035535,179.610897504626,1739335819459
132.54576336055044,-463.84781635485564,320.0986312383306,179.92817173184122,0.316256117132613,179.6114544848244,1739335819471
132.1465769382296,-463.3608176748804,320.1798879933038,179.92606667180925,0.3161657551538126,179.61186475635586,1739335819479
131.76744486270618,-462.895236149338,320.26919120131475,179.92516456183847,0.31613583858260774,179.61072783594048,1739335819487
131.42411235570736,-462.44919601819515,320.3308067974825,179.92151891140827,0.3159812126933482,179.6112728106444,1739335819495
131.08688852690162,-462.0394823854648,320.4128501470913,179.92159953945728,0.3158215372428747,179.61142144389743,1739335819503
130.77547377973912,-461.65383594336265,320.46482886469875,179.9189538151983,0.3157311465218449,179.61084279918043,1739335819511
130.49957694844454,-461.29630283947074,320.5386172666795,179.9201018481521,0.3156649443165564,179.6108202073071,1739335819519
130.24552197956083,-460.97105935723613,320.59886311503664,179.9202039544833,0.31565419403449935,179.6110487036849,1739335819527
130.00442664982134,-460.6715854613637,320.6442695694051,179.919277433114,0.31565327118713554,179.611261118457,1739335819535
129.78763817518637,-460.40034744177694,320.70204673566764,179.92065863472033,0.31569301604919053,179.61111106119228,1739335819543
129.59931044487845,-460.1631423185496,320.7509877136803,179.92137329543843,0.315692497979564,179.61093684767408,1739335819551
129.4350399563551,-459.9492718974896,320.7833455859137,179.92089341582738,0.3156472544390083,179.6106427716057,1739335819559
129.29302424541484,-459.75445148744365,320.82156003972403,179.921965999031,0.3156595480862043,179.61080960425662,1739335819567
129.16882003345063,-459.58196443257793,320.85063846408553,179.922185562603,0.3157321739038862,179.6111752315286,1739335819575
129.0601880288326,-459.4462267739942,320.8757565932508,179.9224432396891,0.3158331094651723,179.61168292027816,1739335819583
128.96493629091697,-459.34125418423594,320.9047344268734,179.9237163752918,0.31589117964535496,179.61201849843332,1739335819591
128.85028412287429,-459.2092326764619,320.92848424953877,179.9239461179529,0.31592857358531273,179.61188629659264,1739335819603
128.79293952982263,-459.1392629583965,320.9435974226352,179.92446690292329,0.31591303578514135,179.61157426850974,1739335819611
128.74985542532406,-459.08301636623725,320.95529534091327,179.92480765667838,0.315888683135764,179.61128092142576,1739335819619
128.71838791947846,-459.0375807481791,320.9597647404226,179.92435287785804,0.3158970869215971,179.61109168719793,1739335819627
128.69561408183094,-459.0024727669024,320.96043692228466,179.92349696031988,0.3158724734122739,179.61092751954595,1739335819635
128.68092977554343,-458.97632350627265,320.9588028692677,179.92254812051058,0.3158515448434203,179.61095245681855,1739335819643
128.67141505944355,-458.9608946363987,320.9584555933796,179.92198374019117,0.31585310698358726,179.61097207083048,1739335819651
128.66532290502278,-458.9530378813593,320.95720369397,179.92155300954624,0.31586382534221913,179.6109640568081,1739335819659
128.66219217429773,-458.9499418604979,320.95855731914014,179.92169809732954,0.3158586850458581,179.61100564802078,1739335819667
128.66719729644296,-458.94985797995895,320.96001072892517,179.92193019322917,0.3158403102017114,179.61187697649524,1739335819675
128.67292286402508,-458.958498463252,320.9517631146317,179.92097190137395,0.3158336514649387,179.61273475556945,1739335819683
128.67816351085037,-458.9674287787762,320.9437991373755,179.92002073930925,0.31586082953652933,179.61344322143822,1739335819691
128.6810551670992,-458.97238298162557,320.93853230187335,179.91935418059126,0.31585340202289003,179.61382035718623,1739335819699
128.68348063297722,-458.9774791511766,320.93417451052045,179.91880341873676,0.3158576687876017,179.61412339038495,1739335819707
128.68788388282834,-458.9919474985751,320.9250619376722,179.9177008968529,0.31582175857519484,179.61469538268148,1739335819715
128.697265198353,-459.0051380206837,320.920093514727,179.91715527695786,0.31576286195525066,179.6158619244237,1739335819723
128.70489432046816,-459.0054434354834,320.9231477510717,179.9175897314545,0.3157601580232438,179.6166937271269,1739335819731
128.70708394598847,-459.005194760583,320.92674236498436,179.9181121744292,0.3157642213498053,179.61673715144426,1739335819739
128.70888910631618,-459.0085465446462,320.93264060793786,179.91897244899633,0.3157456451843689,179.61644254726193,1739335819747
128.71297463265154,-459.01663371598534,320.9426058883802,179.92035343018009,0.3156932975030547,179.6160629488266,1739335819755
128.72162798044073,-459.0309343227918,320.94903646639796,179.92126751982408,0.31561436597393183,179.6155656206692,1739335819763
128.74922112324236,-459.0726565524925,320.9494979466425,179.92158890317398,0.31551383862481525,179.6149025329574,1739335819775
128.7800334507159,-459.11689226677686,320.94443446632374,179.92123148854802,0.31546219899286965,179.6146502161686,1739335819783
128.82232239314007,-459.17547268485424,320.9352461089652,179.92052035558712,0.3154329462022039,179.6144977168481,1739335819792
128.87714023453293,-459.25138166450114,320.9239291567917,179.9197787598742,0.3153763724425168,179.6142223257364,1739335819799
128.94797412329208,-459.34283926390793,320.9154882610936,179.91962412794146,0.31529670335261417,179.61398414086796,1739335819807
129.03628787761812,-459.45304431566666,320.9075352251886,179.91979672907854,0.3151946898945928,179.61372039921835,1739335819815
129.1390205578534,-459.5854724049772,320.9033825536408,179.92073683748623,0.3150477168508319,179.61282870287653,1739335819823
129.25846603826017,-459.7434630678492,320.8917305260475,179.92102587223434,0.3149019881267571,179.61187197986013,1739335819831
129.39601091242764,-459.9356011125551,320.87290503520495,179.9207181350768,0.3147286833555803,179.611129901226,1739335819839
129.55159114820827,-460.16144259613804,320.84909662927237,179.92018936317518,0.3145695212110584,179.61072644499373,1739335819847
129.72652630212662,-460.4112866407426,320.8263759567402,179.9201934006424,0.31440089439040964,179.6107268134379,1739335819855
129.92404333244943,-460.68359941018343,320.8007846479767,179.92017055742042,0.31424474918971507,179.61104659243688,1739335819863
130.148274317403,-460.990580131903,320.76510510851966,179.91922568264704,0.31410065025644013,179.61140274152658,1739335819871
130.4020508126008,-461.32903784496864,320.7284475404642,179.9185297042329,0.3139192675832849,179.6113193491321,1739335819879
130.67796166173162,-461.6910551598597,320.6928705051915,179.91867650046873,0.3138175250478227,179.61108252020497,1739335819887
130.96660089832886,-462.09404763230395,320.6490990493419,179.9184141945133,0.31378104788712546,179.61071400846987,1739335819895
131.27865314009918,-462.51824381850076,320.61482992251365,179.91969052104477,0.31374897016214903,179.61106244091522,1739335819903
131.62398407942362,-462.9740337188013,320.5692369768453,179.92052773988755,0.31367834492269475,179.6111474137291,1739335819911
131.98186923615364,-463.45366943458004,320.5293754123394,179.92205764275616,0.3135309595480643,179.610302122888,1739335819919
132.3537432774382,-463.96213349424136,320.4737215266362,179.92215502680122,0.31345571026915464,179.60999942673473,1739335819927
132.75898773337795,-464.48862078774795,320.41402539178324,179.92199047900732,0.31350475532395905,179.61021415846824,1739335819935
133.38976657378507,-465.3191122649525,320.32707254198147,179.9227812308508,0.3136941071511773,179.60992981016886,1739335819947
133.83259269022685,-465.89979754308933,320.2567930262003,179.9223877577138,0.31407117114521726,179.6104657008337,1739335819955
134.29513537251538,-466.49203666254766,320.1870577523952,179.92242113762535,0.3145837120417415,179.61037991388028,1739335819963
134.75689045901936,-467.10579891275296,320.11785489576323,179.9230530636483,0.31498135995916404,179.61051593990598,1739335819971
135.23894867652987,-467.72672189053924,320.0367878549043,179.92250740821353,0.31519145885209615,179.61072127369155,1739335819979
135.72158785915676,-468.3584874898431,319.9618035521889,179.92305825342157,0.3152128495190147,179.6103293684251,1739335819987
136.21288475555752,-468.9994046398744,319.89291867341933,179.92464098121758,0.3151582723248091,179.610679778253,1739335819995
136.71472332618495,-469.638831144765,319.7986524225721,179.92332305029262,0.31503050682402767,179.61013669077354,1739335820003
137.20853439948402,-470.2850079453285,319.7126803337186,179.92326486664805,0.3149631212459879,179.60994941512175,1739335820011
137.7212388359071,-470.92815056905306,319.64096853921507,179.92524556486316,0.31496712606135824,179.61046881298043,1739335820019
138.2142836967241,-471.5650732516463,319.5444033870931,179.9242609643843,0.31492500693123526,179.60946145008901,1739335820027
138.71405803141158,-472.1989925515204,319.4559462156416,179.92455139608435,0.3149984623762522,179.60973359217738,1739335820035
139.2133628119686,-472.8257111124249,319.3755665592119,179.92585866938657,0.31495662671708585,179.60931986701235,1739335820043
139.69725917113178,-473.4397099892455,319.29521361427845,179.9268532545393,0.3148804312385109,179.60936219352922,1739335820051
140.18630121724811,-474.03824833872227,319.2048359339952,179.92634211691703,0.31485335624196586,179.60926180379792,1739335820059
140.65330508184454,-474.6274490714309,319.1239592564716,179.92704136330275,0.3148196170774681,179.60888982625136,1739335820067
141.11146377690076,-475.193232201756,319.03823186993645,179.9268745390483,0.31485071503027257,179.60934922095456,1739335820075
141.5599783250234,-475.73554581135454,318.9574000384434,179.92709879934844,0.31483458730942415,179.60918522491227,1739335820083
141.9829497179442,-476.26439360935973,318.88019412548374,179.92781273080593,0.31483972116117037,179.60961419262955,1739335820091
142.39214974002343,-476.7671308752144,318.7999886032075,179.92762403502246,0.31489706428536485,179.6098959320274,1739335820099
142.78638228696525,-477.2476968007021,318.7168995381423,179.9266610609008,0.31496160216713803,179.60971800203143,1739335820107
143.14990492732358,-477.69573345017426,318.6393238254925,179.92564323531187,0.3150380688253255,179.6094991551305,1739335820115
143.49825360706328,-478.1231139649788,318.5615119419489,179.92420462766205,0.3151250914308596,179.6100664934808,1739335820123
143.8300286925039,-478.5106374471533,318.4956002643613,179.92370988697544,0.31517618582143614,179.60967184028797,1739335820131
144.26722303307156,-479.0582348595053,318.399549869079,179.92281252361877,0.3152091124835354,179.60877348089457,1739335820143
144.52758388265391,-479.37636073409703,318.3543528089463,179.9240863055902,0.3153694964789225,179.60891969198934,1739335820151
144.77455254654268,-479.6722561065677,318.30428157198577,179.92431147606908,0.31556482409524916,179.60974571145022,1739335820159
144.99720861647518,-479.93642090969263,318.2624688430758,179.92491389197951,0.3156466668657058,179.60936925884923,1739335820167
145.19302969794794,-480.16714640159677,318.2316825531176,179.92644372445486,0.31578480132397463,179.60896098076964,1739335820175
145.36344291599627,-480.37307944917796,318.1974506210846,179.92674156204046,0.31587912197362095,179.6089333487615,1739335820183
145.5113427457307,-480.5581569620368,318.16273319506286,179.92619397284903,0.31589787034933536,179.60937762249299,1739335820191
145.63753367058362,-480.71499129795836,318.14122475534447,179.926721515269,0.3158481293452782,179.60979258791843,1739335820199
145.74604668811827,-480.8408316768695,318.1219531615519,179.9268940953771,0.3157229710696492,179.61021059558007,1739335820207
145.8384472415717,-480.9410946691175,318.106570796169,179.9271236874724,0.3156129603588126,179.61051123789528,1739335820215
145.91747327636725,-481.0268113661531,318.0934181493671,179.9275039846042,0.31556353464168796,179.61083095859058,1739335820223
145.98369252189983,-481.0985470369185,318.08201704169034,179.92786499159064,0.31557131800755495,179.61123078957513,1739335820231
146.03461757118845,-481.1554360255592,318.06956855446646,179.9276285127612,0.31559263611238864,179.6112666609218,1739335820239
146.0726650632813,-481.20091022389573,318.0568248891699,179.9269776981009,0.3156137522114423,179.61110970766902,1739335820247
146.10054704013314,-481.23542673933053,318.04503854302357,179.92611573006002,0.31561699246714026,179.61089699216149,1739335820255
146.1191915592648,-481.26031746292364,318.0352758791264,179.9252868551495,0.31560550520472347,179.6106498703351,1739335820263
146.13051576411632,-481.27770814919853,318.0279649543907,179.92462571793146,0.3155793522492418,179.61034864906964,1739335820271
146.13648275142071,-481.28921514620833,318.0219333075944,179.92404950346184,0.31556179227662684,179.61005396205377,1739335820279
146.13888364004848,-481.2959720185079,318.01905857913164,179.92380856793258,0.315556517875632,179.60976746915054,1739335820287
146.1358397301649,-481.2996304426408,318.0199312925634,179.92401741367917,0.3155919571469615,179.60913623101246,1739335820295
146.1307936278846,-481.2929325790434,318.0333373175278,179.92572903404286,0.315661005228545,179.6084240706168,1739335820303
146.1261878809044,-481.28394208947554,318.0487051054647,179.92757010323032,0.31574201326860485,179.60784906847368,1739335820311
146.1237852817041,-481.2782583513374,318.060124211569,179.9289631694536,0.31579680120655773,179.6075913172043,1739335820319
146.12395937915045,-481.27678287419053,318.06252380065007,179.9292688920219,0.31581789149069944,179.60762683815807,1739335820327
146.1292784894048,-481.2677286265896,318.04285183086745,179.92678072856384,0.3157915259159016,179.6082432616794,1739335820339
146.13871017957956,-481.25635634174006,318.0171553334362,179.92359919687607,0.31575776889582047,179.60935127175483,1739335820347
146.1538619282797,-481.2521208008982,317.99982545784485,179.92167510164452,0.31574940324894185,179.6111194729853,1739335820355
146.1633779048584,-481.2546970582882,317.9827273047221,179.92016527059772,0.3157503040733109,179.61214054887873,1739335820363
146.17071383857683,-481.2598259283765,317.9637818384278,179.91900087427325,0.31573954233423235,179.6126297902638,1739335820371
146.17808028011967,-481.2625282944358,317.93861708511315,179.91782731995823,0.3157045393917747,179.6126374337825,1739335820379
146.1878414868907,-481.26021059437915,317.9086247179216,179.91709246234078,0.3156542416144976,179.61231351166973,1739335820387
146.2022034943773,-481.2471286923819,317.87907903192956,179.91731951436125,0.3155702075592429,179.6118379435324,1739335820395
146.22377645562037,-481.2250320649227,317.84014862220545,179.91769712225016,0.3155599046930994,179.6113530481751,1739335820403
146.2543304361766,-481.1969666850224,317.79234130431746,179.91887891455917,0.31554929700743045,179.6110496758845,1739335820411
146.2950349665551,-481.16236393397355,317.7313335706945,179.9206659374831,0.3155524103625282,179.61077471265375,1739335820419
146.3464257821867,-481.11961717548274,317.6534098702495,179.92289470086862,0.315592401464904,179.6105928782304,1739335820427
146.40871164194337,-481.0679848840389,317.5537460751784,179.92515695753707,0.3156257626124346,179.6103643512048,1739335820435
146.48165250068334,-481.0048588057462,317.4304716225974,179.9267188164311,0.31562130919713977,179.6100605358779,1739335820443
146.567359132395,-480.9288832541759,317.283599129549,179.9273486862968,0.3155823792854637,179.60986508391565,1739335820451
146.6662553380407,-480.8365260188782,317.10765274846904,179.92668639708754,0.31548731978627614,179.6098070671686,1739335820459
146.778107754462,-480.7306895179482,316.90738576121356,179.92625393868417,0.315388603062106,179.60980810929112,1739335820467
146.90544153362003,-480.614721489194,316.68497474408093,179.92701465392588,0.31535493718617813,179.60995831298266,1739335820475
147.0490684925121,-480.48945931918513,316.44508334365884,179.92814007907958,0.31533544093981175,179.61041214190797,1739335820483
147.20946147673405,-480.35141139834576,316.1802220699596,179.92767127203547,0.31529334477485144,179.61098761064704,1739335820491
147.3834734114397,-480.19787946735494,315.888441388219,179.9268169755396,0.31524209622512606,179.61108312058354,1739335820499
147.5632260774311,-480.0392836107005,315.58409946319233,179.9271376709466,0.3152423854056097,179.61055456041584,1739335820507
147.74608420683705,-479.8755618003071,315.2653560997241,179.92653102470857,0.3152369947554782,179.60991195180003,1739335820515
148.02548541305714,-479.6183064519717,314.7596442376912,179.9269757770069,0.31529892005675414,179.60948614868738,1739335820527
148.21774891200218,-479.4421857233375,314.418247787083,179.92688370803728,0.315289579783075,179.60960429083178,1739335820535
148.4204331423199,-479.25811778583585,314.06319617086757,179.9268077158242,0.31525088424732806,179.61010442430344,1739335820543
148.6317854117318,-479.07433772816154,313.71218569660095,179.92720140081278,0.3152135978701206,179.61051301500984,1739335820551
148.84062282640684,-478.88882914874375,313.36211101917,179.92755006687048,0.31520397623093604,179.60997031630865,1739335820559
149.04415773691122,-478.70219291171566,313.0051527411568,179.92742139350423,0.3151814965811242,179.60974816547534,1739335820567
149.24163795527602,-478.5194911250705,312.6550022452608,179.92662366313473,0.31522379872095,179.60979116178868,1739335820575
149.43266614704905,-478.3410332945247,312.32042416657436,179.9280542200927,0.3152636529832868,179.60994797413375,1739335820583
149.6226819243032,-478.16275603128133,311.98099343843484,179.92679655453563,0.315220948173623,179.6105041146446,1739335820591
149.81285549519268,-477.99479712746546,311.66582811318705,179.92740726322594,0.31522356587397565,179.61096556153763,1739335820599
149.99257167098924,-477.8318941045663,311.36108114961047,179.92757150428616,0.31523029391834223,179.61062757851502,1739335820607
150.159118767672,-477.67601378765676,311.0607306365859,179.924928291311,0.3152357858239593,179.61011265991493,1739335820615
150.31096161860597,-477.5344093068209,310.7925921631806,179.92455176462315,0.3153752055254163,179.61002600033473,1739335820623
150.44885952962855,-477.40534566484314,310.53936840814,179.92379168262661,0.31548602289172245,179.61012373319434,1739335820631
150.57409913408807,-477.2818951468572,310.3023263492489,179.9218513244656,0.3155134108939587,179.61015486933533,1739335820639
150.68752817306736,-477.1712395299323,310.0955421036997,179.92122495268367,0.315530117987112,179.61024614940797,1739335820647
150.7919287751337,-477.07804524496703,309.9207900282691,179.9227815359844,0.315583004820806,179.61063728211016,1739335820655
150.92979727627812,-476.95817280184406,309.7003395446143,179.9241133941275,0.3156413904809622,179.61134749476184,1739335820667
151.00556095902826,-476.8872475465138,309.57514034946064,179.92317928482052,0.31566127751878287,179.61153332514542,1739335820675
151.06795676320394,-476.8249818162292,309.46717097649696,179.92172779282987,0.3157212068182285,179.61141537709472,1739335820683
151.11688441264903,-476.77592469635346,309.38033148132695,179.92075873226045,0.3158600035087146,179.61116689312246,1739335820691
151.15387381020827,-476.73829016808713,309.3113069474533,179.92002221738497,0.31596073132994845,179.610785060107,1739335820699
151.18056670104647,-476.7121229658417,309.2611066116027,179.92011008255275,0.3160048202945357,179.61041993638867,1739335820707
151.1998788796864,-476.69468543359267,309.2269447227553,179.92084967054984,0.3160275146368932,179.6100961709807,1739335820715
151.21443693293457,-476.68053505436626,309.2122309664632,179.92285063678708,0.3160980261063137,179.61001929705648,1739335820723
151.22481384798277,-476.669553345778,309.2094427666673,179.9252150651661,0.31618713682969896,179.6100749082931,1739335820731
151.231882681832,-476.6599167099814,309.2102319676686,179.92695701028128,0.31626385983569344,179.61024966299306,1739335820739
151.23277699529734,-476.65476152263176,309.2111527650394,179.92797983869542,0.3163345366093048,179.60995644414098,1739335820747
151.2311472945453,-476.653351386138,309.2118464167578,179.92852225890783,0.3163568961348114,179.609575550841,1739335820755
151.22802963947407,-476.65672900036776,309.21593650624567,179.92926932542815,0.3163774070202571,179.60910974095842,1739335820763
151.2247694828119,-476.66005634241196,309.2176206070171,179.92959507086903,0.31639896919154675,179.60868300470347,1739335820771
151.22282035581543,-476.6643849832426,309.2200347706574,179.9299756572513,0.3164079035733243,179.60843385091488,1739335820779
151.22019860433448,-476.6667601832624,309.22087877099193,179.93010480359146,0.31641074951211806,179.60811520446282,1739335820787
151.21188510682987,-476.6672096576153,309.2244869930283,179.93052604069555,0.31642604126637935,179.60712496043425,1739335820795
151.19576457484493,-476.66456295090705,309.2350477811777,179.93172157598727,0.31648447997684254,179.60524160597836,1739335820803
151.18858821712615,-476.65319509908227,309.2403967318701,179.9321835847217,0.3165107143941577,179.60447514498742,1739335820811
151.18464312393854,-476.6463929865846,309.2330543950811,179.93114493624932,0.3164707287969784,179.60417601819827,1739335820819
151.1798560390749,-476.6435620511386,309.22800518351534,179.93043449972595,0.3164249688983243,179.60406278391014,1739335820827
151.17065522404673,-476.64229696906665,309.2232603731468,179.92972799503897,0.31640757128340985,179.60424898084028,1739335820835
151.14003335723535,-476.6375189157633,309.2193244944225,179.9288410350617,0.316383564216517,179.60488975243206,1739335820847
151.1021805331136,-476.6327666645236,309.222191106316,179.9286447256278,0.3163579388416149,179.6053585831375,1739335820855
151.04533937961168,-476.62434997880587,309.22850309114966,179.9284524064924,0.31635147534878216,179.6056111137839,1739335820863
150.97070175838482,-476.611320032427,309.24135167057545,179.92849772596333,0.3163803644250853,179.60630233726874,1739335820871
150.87310327083713,-476.5929220440304,309.26090319566157,179.9287825923403,0.31643314265318656,179.60711246115403,1739335820879
150.74809610041785,-476.5699515894409,309.28974493115345,179.92959936385395,0.3165330543244542,179.60759464923495,1739335820887
150.5984210045008,-476.5410123278058,309.32505426483107,179.93048492331314,0.31664572678270464,179.60780118972608,1739335820895
150.4251431965258,-476.50389829268704,309.3641807328381,179.93104645410972,0.316767921751033,179.6081309610683,1739335820903
150.22895237285422,-476.45804270487884,309.4017127075668,179.93049844879602,0.3168095717218207,179.60889270084942,1739335820911
149.99698053740758,-476.40563890669256,309.440725307079,179.92920873351713,0.31680520585725913,179.6088035208114,1739335820919
149.7298368430078,-476.3443728709314,309.48260507898027,179.92723267463526,0.3167890574300126,179.6094754912018,1739335820927
149.41855138892686,-476.2779914865665,309.52851988603214,179.9249711050526,0.3167785905234317,179.6098217397941,1739335820935
149.0736661329035,-476.2024730080945,309.59037469838654,179.9238874129908,0.3168134566741173,179.60906925665626,1739335820943
148.71203626312584,-476.1161715786351,309.670060768425,179.92449771649672,0.31690737035407984,179.6091506805252,1739335820951
148.31728454771948,-476.0276837574465,309.7589038800775,179.92585472367932,0.316969173741278,179.60982215671805,1739335820959
147.88304766635184,-475.94395686203285,309.8476120430353,179.92680878175966,0.3170171035126834,179.60903803912217,1739335820967
147.44397145215578,-475.8480728827893,309.9410543351117,179.92774269454716,0.3170854850134074,179.6090106218655,1739335820975
146.9861133131968,-475.73813755985094,310.0403558207978,179.92880943200444,0.3170631122768956,179.61082076876275,1739335820983
146.48733300898908,-475.6272713434009,310.1354451253725,179.92868162293203,0.3169945070749144,179.60920003984262,1739335820991
146.0042452341922,-475.5087468833207,310.2231747825945,179.92726554827752,0.31695210488158804,179.61015748422818,1739335820999
145.50304104068735,-475.3951734985165,310.3160307417736,179.92608264135612,0.31689000462690786,179.61168375250136,1739335821007
144.98629006038882,-475.28021746631305,310.4228358544064,179.9263324668503,0.316971853996021,179.61007923661626,1739335821015
144.2193670859694,-475.0971328920161,310.5625823380998,179.92387789036206,0.3170074866971801,179.61064487379193,1739335821027
143.712914195963,-474.97715025845486,310.6496434648913,179.92203385896488,0.3170560534392243,179.6100798499717,1739335821035
143.21976489699222,-474.8534207842755,310.75367006004126,179.92239807092952,0.31710901312560086,179.61207740564362,1739335821043
142.71779028449342,-474.73835188570484,310.85957294007,179.92336544570554,0.31711333646429335,179.61132404175862,1739335821051
142.2475123495238,-474.62448598516795,310.95474154947755,179.92347320074296,0.31695470729238545,179.61241348393654,1739335821059
141.7764727203326,-474.5189345948486,311.0468442420716,179.92407963996214,0.31659184203026125,179.61247495744348,1739335821067
141.3296655649627,-474.409734067921,311.14084195317974,179.92553167385074,0.31632741984982266,179.61116485119584,1739335821075
140.9138113043384,-474.3037805733221,311.2241835086563,179.92606938561644,0.3159889563790325,179.61175898618728,1739335821083
140.50819939498746,-474.2131032627653,311.2953882017085,179.92554602988713,0.31571484727423915,179.61109576645634,1739335821091
140.14304506156722,-474.1272166610224,311.36167675062904,179.92496143758495,0.31558192169532295,179.6104310850172,1739335821099
139.81124727340827,-474.0438345701002,311.43126227121405,179.92506883725628,0.31550898198934546,179.61107595144242,1739335821107
139.49915146344125,-473.9665104794618,311.49757093175367,179.92532611779708,0.31555060690011644,179.6116654032959,1739335821115
139.21690590033836,-473.89802276236964,311.5497208902922,179.92475480045607,0.3156625399992205,179.61100201782932,1739335821123
138.98092988396868,-473.83450816258255,311.5912293153087,179.92379034603707,0.3157530155538089,179.61115525913056,1739335821131
138.77584589751254,-473.78090377510716,311.6275464150123,179.9232800558146,0.3157794960290492,179.61108212723272,1739335821139
138.60166896494766,-473.7365342523603,311.65825017889995,179.92296480273572,0.31573637102894275,179.61189732584648,1739335821147
138.44963862416836,-473.7008332935557,311.68514376211385,179.9227690581715,0.31570192427982674,179.6123850425283,1739335821155
138.32161038911897,-473.6724156455363,311.70880715731147,179.9227509542352,0.31571704990577115,179.6121920426132,1739335821163
138.21867126973328,-473.64943243846983,311.7305255341118,179.92303283251033,0.3157699777161687,179.61144825241084,1739335821171
138.14091601779495,-473.63070229704965,311.7482182933654,179.9232926101346,0.3157934087872416,179.6109746283009,1739335821179
138.08459124477972,-473.6149849906428,311.7599364057115,179.9233081789671,0.31579535442106976,179.6107217598257,1739335821187
138.04338501651674,-473.6036410056924,311.77012773097664,179.9235312120851,0.3158340683966628,179.61043465288162,1739335821195
138.00497543033114,-473.59224456938324,311.7849937801241,179.92448776470843,0.3158402353528364,179.61038217370194,1739335821207
137.98969395985156,-473.58777771020556,311.7921453780005,179.92510251208566,0.31584023345626683,179.61030492032432,1739335821215
137.98043580385254,-473.58683893919994,311.79962648362573,179.92593096814866,0.31582147840939845,179.61026931087113,1739335821223
137.97617729419824,-473.5903316980574,311.7996611536329,179.9259139367255,0.31580024665338013,179.61037847402292,1739335821231
137.98074819632393,-473.59572386070994,311.78819343130954,179.9245222943328,0.3157757816422319,179.61130224280052,1739335821239
137.9885657147308,-473.60077099311843,311.77451764937393,179.92287128185478,0.3157426050336921,179.61243518457897,1739335821247
137.99464462680865,-473.6030502719307,311.7634839992958,179.92147807344432,0.3157405541394444,179.61324335666,1739335821255
137.99619972243522,-473.6023469484658,311.75994088270966,179.92092056242336,0.31572549662267635,179.61343113219363,1739335821263
137.99492778436937,-473.5971003827932,311.75941147048127,179.92074389789573,0.31572973830355927,179.61329404353387,1739335821271
137.9918727258894,-473.58408442801124,311.75782172338114,179.92040387739576,0.31573290699421425,179.61291023183708,1739335821279
137.98718656274553,-473.57138860200206,311.7724986895563,179.92211720186273,0.3157517430359375,179.61237538074897,1739335821287
137.98199147235866,-473.5581663814901,311.79266462533406,179.92455112540603,0.3157739507201111,179.61177652205436,1739335821295
137.9754231465866,-473.5504074872902,311.7981248779736,179.92527892380193,0.315804580420548,179.61103811768453,1739335821303
137.96707990172268,-473.5432353056953,311.79413027165265,179.9249940698495,0.31580937629011424,179.61014973637518,1739335821311
137.95548810143325,-473.5339523756405,311.7814919915159,179.92394131458536,0.31581121194847284,179.6089210404514,1739335821319
137.94659229279148,-473.5189674124297,311.7595779549733,179.92228409678307,0.3158038816716893,179.60812609631176,1739335821327
137.9412018658841,-473.49724818015795,311.732010781892,179.92081122497305,0.3157756263084271,179.60790996851532,1739335821335
137.93585444123175,-473.46722157478484,311.69789682149695,179.919699894987,0.31576815195264724,179.60790423219805,1739335821343
137.9303665109095,-473.427339750277,311.6601285825262,179.91928323214162,0.31574349234830307,179.60811764877596,1739335821351
137.9237578607686,-473.37699936907586,311.6143090733553,179.91933077247165,0.3157469620204764,179.60851931659545,1739335821359
137.91476367639308,-473.31287483818414,311.55929039590376,179.9199511137519,0.31575967886243067,179.60893765822487,1739335821367
137.90182933052566,-473.23420332880613,311.48887545819036,179.92036963885647,0.3157521729259441,179.6092726940317,1739335821375
137.88455339645452,-473.1390019777209,311.4062567385534,179.92087174581312,0.3157483135086119,179.60943823101834,1739335821383
137.86319448670955,-473.0288823326086,311.3094715114519,179.92111792706214,0.3157325268864537,179.60954871654513,1739335821391
137.82460512054226,-472.83523969205754,311.1403836964335,179.9211445498363,0.31572063476612716,179.6096388658506,1739335821403
137.79443578825354,-472.6850849446201,311.0072188348229,179.92108403925744,0.3157363206423372,179.60973266759478,1739335821411
137.76126284914912,-472.5112787311657,310.8494589950259,179.92014223045211,0.31575315062501774,179.60989780206918,1739335821419
137.72477376114205,-472.3212984880964,310.6815221943655,179.92070565591604,0.31577776282825454,179.61015242273965,1739335821427
137.6831922217438,-472.11734595573506,310.50646690100484,179.92215536977938,0.31577874545494905,179.61025523429356,1739335821435
137.6373355684606,-471.8863190030695,310.3094179119331,179.92173146738952,0.3157887719626459,179.61031645134844,1739335821443
137.58701403128427,-471.64070127481943,310.11700314722077,179.923608326974,0.315808048964387,179.610357074846,1739335821451
137.53437676043376,-471.383719599144,309.90838236902096,179.9261195944182,0.31580711191813116,179.6105039879975,1739335821459
137.47912089880464,-471.111099732423,309.6756863538644,179.92700866333632,0.31580370377673983,179.61078581493925,1739335821467
137.42307806572893,-470.83013013498504,309.43296398839226,179.92700912595126,0.31580143508645414,179.61131708918055,1739335821475
137.36348962158294,-470.5341628382234,309.1712804137341,179.92612041791725,0.3158054281598723,179.6116471836532,1739335821483
137.3004912053813,-470.2338698720787,308.91179332444295,179.92676872605136,0.3157958090173576,179.61167130427478,1739335821491
137.23553853063717,-469.91474356965574,308.6402217348715,179.92543892053317,0.3157776415693646,179.61149391145867,1739335821499
137.16911326327465,-469.5972480542831,308.37576499543286,179.92665162427033,0.3157472394404035,179.61112359791002,1739335821507
137.10194364951192,-469.2734613048052,308.0934946379796,179.92667404757896,0.3157244173546648,179.610527532168,1739335821515
137.03629759095676,-468.9534914842793,307.8179876382406,179.9270704480606,0.3157291591680654,179.61009410539705,1739335821523
136.97206794245056,-468.6311131309362,307.5370463544615,179.92756163927507,0.3157228859196168,179.60975780557072,1739335821531
136.91043012934168,-468.30629940519725,307.26593262479963,179.92818832155015,0.3157385058985074,179.60962698951164,1739335821539
136.850415902676,-467.97694366975713,307.00012086125327,179.92809391463973,0.3157237556546262,179.60964381558634,1739335821547
136.79119864136717,-467.6565793496664,306.73896842182705,179.92915453729617,0.3156996930689382,179.60963107373297,1739335821555
136.7325865837802,-467.3411009414107,306.4695563764496,179.9281818205757,0.3156538165643951,179.60959346206542,1739335821563
136.6748134294797,-467.0372551715953,306.20408418257415,179.92647395039413,0.31561932925809216,179.60947325903996,1739335821571
136.59308900320792,-466.5964489825789,305.81882270550767,179.92520561424286,0.31553854292913025,179.6096317632159,1739335821583
136.54099959070868,-466.31284955082555,305.58022384710847,179.92397859528606,0.3155345984757724,179.60984352706208,1739335821591
136.4920752190142,-466.04277794739147,305.3608773439646,179.92383807780993,0.3155434361743582,179.61020894420537,1739335821599
136.44439779065542,-465.7909817256679,305.1531649182137,179.9246752351252,0.3155623272643922,179.61047729650446,1739335821607
136.39962463512288,-465.55759589762937,304.95362959694705,179.9245726157533,0.31558515489147715,179.61081050803577,1739335821615
136.3583614535591,-465.34453413684344,304.7734427408881,179.92427802732735,0.3155955496851808,179.61131300072805,1739335821623
136.31949426651852,-465.1439028088577,304.5994649483549,179.9232190124921,0.31559835166088884,179.61157853042593,1739335821631
136.2833022875987,-464.96605419899714,304.4474805865899,179.92370062965978,0.3156126297534642,179.61169480319472,1739335821639
136.25099650102757,-464.8061695787058,304.31402343955085,179.92434942713885,0.31561982770027763,179.61180902060823,1739335821647
136.22228147488508,-464.6625686331724,304.193493077354,179.92387393030486,0.31563143119085724,179.61191043918174,1739335821655
136.19761990072197,-464.5312467929964,304.0843839075631,179.9226542487297,0.3156535276190859,179.61193573253956,1739335821663
136.17609242859768,-464.41878631184466,303.99217625756637,179.92185316612077,0.3156652263318728,179.61184861075154,1739335821671
136.15724441131903,-464.32866415763607,303.9203324444651,179.9221576417488,0.31567617335345605,179.6116382751442,1739335821679
136.14193899252882,-464.25577093969315,303.8611340197639,179.92286730833786,0.31566055408394555,179.6114204195512,1739335821687
136.12989228887471,-464.19646172919596,303.81441005991405,179.9238471098447,0.31566290718241996,179.61126252712347,1739335821695
136.12046450330905,-464.1484557500142,303.7764189556486,179.924764254401,0.3156569334803084,179.61118173933727,1739335821703
136.1138240407578,-464.11090061554194,303.7444649253434,179.92521097903125,0.31567077073175553,179.61118277411927,1739335821711
136.10901687496755,-464.07982799178546,303.71427462953193,179.92474537824125,0.3156796774104803,179.61118021066213,1739335821719
136.10721335086578,-464.0560742661796,303.6891038891455,179.92393869341237,0.3156683451311131,179.61137366829362,1739335821727
136.10974817974414,-464.03874413816095,303.6715216923043,179.9234373536531,0.31567604275027816,179.61197549029887,1739335821735
136.1127940953642,-464.02741479199966,303.6613977856998,179.92330942736834,0.31568303108174284,179.61255701074214,1739335821743
136.11639070093682,-464.02214798927577,303.6441571342787,179.9221614880058,0.31570603846989376,179.6131340314525,1739335821755
136.11747767068275,-464.0232232300098,303.6338077776188,179.92119664428637,0.3157295180730162,179.61332324129654,1739335821763
136.11778999140876,-464.02875337780773,303.630627384702,179.92096573059445,0.31573758507508753,179.6133893693193,1739335821771
136.117238624872,-464.0345447259709,303.63094722699753,179.92105417541683,0.315726210406703,179.6133494767397,1739335821779
136.1164320206692,-464.0391013747006,303.6339981848426,179.92147560853513,0.3157227980799109,179.61324350862523,1739335821787
136.11467397182415,-464.0406105655373,303.63481425646086,179.92159795316007,0.3157287329440031,179.61301308199918,1739335821795
136.11228691980128,-464.03959029803514,303.62361616808977,179.920170231387,0.31573638507728613,179.61269169309216,1739335821803
136.10909745643298,-464.0381638832795,303.58969733533837,179.9159415453175,0.315742997748478,179.6122578260922,1739335821811
136.10443998732933,-464.0425253773386,303.5577050715605,179.91226368954403,0.3157504057249064,179.61166944096237,1739335821819
136.09751926833826,-464.0412096722605,303.54905378717825,179.91184899408242,0.31574807260498783,179.61081208800584,1739335821827
136.0882839969078,-464.0402835681653,303.5418190664556,179.91227741768074,0.31574845678579205,179.60968324560784,1739335821835
136.0766686720345,-464.04078005378756,303.5343598947972,179.91374633081523,0.31572093665329704,179.6083562370777,1739335821843
136.0641937590255,-464.04335603396476,303.5245238951315,179.91639867508542,0.315689014158024,179.6070127595764,1739335821851
136.05871008425058,-464.04383617206975,303.5014844058478,179.9190454579323,0.3156593939621382,179.60673880337748,1739335821859
136.05550248930894,-464.0456827465074,303.45252798016367,179.92032033271832,0.31561475207464257,179.6069945427408,1739335821867
136.05264550842836,-464.0496516896343,303.38246715932576,179.92104588676978,0.3155605147309345,179.60753190769378,1739335821875
136.04816879369008,-464.0552137100058,303.29160528372984,179.92141319460163,0.3155306442034992,179.60818769715402,1739335821883
136.04108218394546,-464.06336091316575,303.1777089201817,179.92138713053436,0.3154682462415148,179.6087153650001,1739335821891
136.03009907609695,-464.07652958919005,303.04124718845156,179.92172291465363,0.3153740078441102,179.6090605391461,1739335821899
136.014989861071,-464.09369895009,302.88000354633454,179.92242052312312,0.31523990863767154,179.60920078998524,1739335821907
135.99681638030364,-464.11511104474954,302.6978374183761,179.92410638570894,0.3151394855660084,179.60933614933109,1739335821915
135.96544093522903,-464.14114228076426,302.3800063380828,179.9245580921752,0.3150167858533877,179.60953907019766,1739335821923
135.94311461779532,-464.1532868698722,302.14352749768375,179.92424177786492,0.3149306654001794,179.60970288565676,1739335821935
135.91805243484936,-464.1696673259323,301.8913071382471,179.92484477960923,0.31487585070250507,179.60973726230347,1739335821943
135.89171501178063,-464.19008721744916,301.63154693296957,179.92596539296767,0.3148347952444701,179.60975166641182,1739335821951
135.86536482870352,-464.211797425055,301.36170422468757,179.9262025870466,0.31478962431286606,179.60983320608273,1739335821959
135.83721419272823,-464.24024813208615,301.08642022641044,179.92769089488058,0.3147254341394085,179.60974674993304,1739335821967
135.80946739735646,-464.2676516184788,300.800130206579,179.92791487842698,0.31469464881920195,179.60968590877133,1739335821975
135.78236337507298,-464.2879055732614,300.50936153940194,179.92600364274003,0.3146191002362928,179.60969025219077,1739335821983
135.7558016331555,-464.3042574734786,300.2377080047296,179.92586603388608,0.3145907898168428,179.6095596174858,1739335821991
135.73113037375015,-464.3203805312565,299.9889020236687,179.9270395337981,0.31454526444411235,179.6095292804744,1739335821999
135.7088484372181,-464.3353045314354,299.7522769033486,179.9267033629533,0.3145286991754492,179.6096942898468,1739335822007
135.68765133875095,-464.3516864245365,299.5348385426218,179.92712760410654,0.314569392276935,179.60973271106036,1739335822015
135.6683838099926,-464.36808345162854,299.33543500587854,179.92829853832706,0.3146129265138584,179.60981336252905,1739335822023
135.6514551209151,-464.3806766427298,299.1518581640237,179.92853001508678,0.3146797618510716,179.60993524036476,1739335822031
135.63626458360594,-464.3922144416877,298.9822304195646,179.92682264800692,0.3148080686720407,179.60996189768656,1739335822039
135.6236243409779,-464.4027483604865,298.8356312437692,179.92495040555954,0.314937967308749,179.6100152527288,1739335822047
135.61356275592144,-464.4098022400149,298.72028825733815,179.9241030518292,0.3150492496647297,179.61014184402086,1739335822055
135.60542547432067,-464.41558064845094,298.62948730061856,179.9239540480453,0.3151231618783768,179.61024805954625,1739335822063
135.59883782918578,-464.4215344465567,298.5616964016989,179.92447670847605,0.3151711954078532,179.6103599758619,1739335822071
135.59351217909108,-464.427015145396,298.5118689454644,179.92525636245924,0.31521292151791935,179.61041230680445,1739335822079
135.59414604757222,-464.42900470849906,298.47850914694084,179.9259738515879,0.31527797927060425,179.61100206490536,1739335822087
135.596365556692,-464.42904721805684,298.45810022561614,179.9265614198012,0.3153567790869001,179.61164363030156,1739335822095
135.5986900041507,-464.42817078945393,298.4457909738338,179.92681500484417,0.31542567191759996,179.61216992094597,1739335822103
135.60025367279036,-464.42733289003826,298.4386810273029,179.9268231210591,0.31546725093958744,179.61252408416723,1739335822111
135.60082521225942,-464.424706032381,298.447082382057,179.92823158839096,0.3155338737368026,179.61269979292112,1739335822119
135.60108515162315,-464.4232091911115,298.46625108215727,179.93069354544824,0.3155876035693607,179.61281605341006,1739335822127
135.60052085367153,-464.4231127501456,298.4866283307623,179.93327109541602,0.315647435895647,179.61282464387875,1739335822139
135.59909033514137,-464.42467532456004,298.4947061165092,179.93432534386065,0.31568649332414167,179.61267452453936,1739335822147
135.59650872172645,-464.42677297340373,298.5149995235719,179.936888556604,0.3157042429010667,179.61237054189456,1739335822155
135.59157077791136,-464.4294067703688,298.55274667285136,179.94156645362597,0.3157350459224115,179.61182828562863,1739335822163
135.5825448447696,-464.43142554778404,298.5653472241053,179.94295379434035,0.3157429681099411,179.61079094392696,1739335822171
135.56973550197097,-464.4359998903745,298.5688916823849,179.94293401989515,0.3157322570308159,179.60934603840192,1739335822179
135.55656453665796,-464.43939056287553,298.5707871749064,179.94198373098257,0.31575566682267575,179.6079614836531,1739335822187
135.5502205217826,-464.43890419394705,298.5738711255492,179.93997345200435,0.31576288343385733,179.60755751864986,1739335822195
135.54533350396844,-464.43645709400045,298.58554354827425,179.9375090984667,0.315803351084788,179.6075486002426,1739335822203
135.54076479950805,-464.4324511306954,298.61377883150016,179.93523687109843,0.3158589212522624,179.60789347297347,1739335822211
135.53406193829923,-464.42689104377786,298.66151153141226,179.9330487450216,0.3159406308426102,179.60841109348954,1739335822219
135.522528486885,-464.41991771935346,298.73469197427727,179.9310266172169,0.3160470399396268,179.6088344849318,1739335822227
135.50526103313092,-464.40905655791875,298.8365835853342,179.92876271533902,0.31615253559125955,179.60912562997333,1739335822235
135.48253439181124,-464.39765855935735,298.9755962133665,179.9273862490108,0.31627365513445477,179.60941370698797,1739335822243
135.45261326651155,-464.38440295112235,299.15463982454594,179.92721756732033,0.3164186335467031,179.60961916872347,1739335822251
135.41632037836294,-464.37322392507053,299.37908480771534,179.9288548356132,0.31654318823300276,179.60990311498372,1739335822259
135.37311219161398,-464.3618040319174,299.6420401578722,179.92953212035272,0.3167197256559986,179.6102683518009,1739335822267
135.32199534703426,-464.3444716294547,299.9369192047618,179.92812761344572,0.316888389973073,179.6106821964264,1739335822275
135.26250328787097,-464.3250296627595,300.2729350208188,179.92685889665552,0.3170571107452962,179.61130092772993,1739335822283
135.19229483391476,-464.2969556111621,300.6552863469835,179.92437280784358,0.3172610593103844,179.6117349559459,1739335822291
135.11077041075106,-464.2653121939142,301.10381490429387,179.92376975535421,0.3174399078858045,179.61207443908913,1739335822299
135.02008438382646,-464.23327097180345,301.6061868788435,179.92307768548775,0.31757565220440315,179.61252853123733,1739335822307
134.86004530681234,-464.1796044842691,302.43171544778346,179.9207396685535,0.31772941450713427,179.6120011128889,1739335822319
134.74152447359702,-464.1399456641224,303.0633636100255,179.9223231265077,0.3179091148729556,179.6111302347436,1739335822327
134.61930471402795,-464.09491230488766,303.7261413301949,179.92159838301336,0.31808065217139025,179.61044465927432,1739335822335
134.4924383829876,-464.04401713397124,304.4229838878667,179.9200462781112,0.31814514040889025,179.60980300964385,1739335822343
134.36219868717086,-463.98770340685564,305.1861519005188,179.92224272021943,0.3181106050011263,179.6094472024542,1739335822351
134.22862638585664,-463.9291046312368,305.9511090783228,179.92077785254628,0.31797961323567814,179.60947762597556,1739335822359
134.09161137079383,-463.86529368582404,306.76574078980246,179.92149902966742,0.31773563159870244,179.61004621061787,1739335822367
133.9498862480306,-463.79410190987227,307.5842326348051,179.91961476680345,0.3174806389698729,179.61104235658277,1739335822375
133.7947379879424,-463.7263029255061,308.44475369264603,179.92096035574772,0.3172787412294902,179.6116181096859,1739335822383
133.62711056319696,-463.65419656592525,309.3096461462736,179.9202422744517,0.317174781994951,179.61101043300755,1739335822391
133.4578944102215,-463.5859167971981,310.20407877226154,179.92224311682247,0.3171108157003846,179.61001998093246,1739335822399
133.2964367909469,-463.50496940105114,311.09738244564033,179.92333074735706,0.31705919989054704,179.60955325242153,1739335822407
133.1419966481104,-463.423675040352,311.99589142813056,179.9245718904189,0.3170233397711195,179.60939174303084,1739335822415
132.99169800330873,-463.335197051994,312.880759324937,179.92408586441172,0.31703886396213077,179.60954034275278,1739335822423
132.8461538840568,-463.2425668664714,313.7551926451966,179.92251992451145,0.3170723166047801,179.61040949135253,1739335822431
132.7016206423012,-463.14599864523274,314.61105312950195,179.9199077417306,0.3170573388154275,179.6116519580562,1739335822439
132.54434780099925,-463.0573708275263,315.45373797950475,179.9180650088605,0.3169817277793735,179.61168051565232,1739335822447
132.3813649445913,-462.9724106952896,316.2809688847904,179.91789346143062,0.3169126130041032,179.61070938260013,1739335822455
132.23213076854933,-462.89441253021613,317.08603385684034,179.91868811974766,0.3168384794627059,179.61033163020534,1739335822463
132.0920416413936,-462.8115830151845,317.8688619033227,179.9208286676275,0.31675633952142856,179.60977719709325,1739335822471
131.96390069031142,-462.73925719889934,318.61587488256066,179.92307951324477,0.3166882056543558,179.6096688917779,1739335822479
131.8482650600117,-462.6478983428889,319.3199154980355,179.92359050888598,0.3166192136818259,179.60995209481112,1739335822487
131.74009484574682,-462.5713934715983,319.9791022142568,179.9227582640077,0.3165591260773765,179.61041665171365,1739335822495
131.63920386453742,-462.490052293384,320.5778651851692,179.92009880742202,0.3164319065756096,179.61102701879398,1739335822503
131.4927152101871,-462.3870008457213,321.41249686894076,179.92024601296475,0.31617988386833557,179.61127892050325,1739335822515
131.39993161116817,-462.3314552634332,321.89881621142615,179.91986142637384,0.3160225854139256,179.61115080715285,1739335822523
131.3152027422261,-462.27874074328025,322.33425531949337,179.91924045144,0.3159043832131558,179.6109034075335,1739335822531
131.2408898074634,-462.2329162358848,322.74201508832584,179.92261123816445,0.31578990472633894,179.61076355797624,1739335822539
131.1777258189528,-462.19364996966453,323.0978597503094,179.9245142129238,0.3157503607634719,179.61063422477625,1739335822547
131.12646049649388,-462.1570588868778,323.3864616524778,179.92417456016122,0.31578415988519326,179.610651799236,1739335822555
131.08559772131903,-462.12118355642406,323.6237706956361,179.92333262747064,0.3158228310499762,179.61081469267273,1739335822563
131.05202536846699,-462.087442693301,323.81987714916374,179.9211596897431,0.31588145976299076,179.610847399986,1739335822571
131.02452359950098,-462.06199597978747,323.9818632941631,179.91973617015793,0.3158783381834415,179.61084938752737,1739335822579
131.00169660105942,-462.04422050604256,324.1168983149408,179.91995345651787,0.31584527798676565,179.61066274809107,1739335822587
130.98437087837755,-462.0326736359772,324.229618534996,179.9216293370021,0.31580365745271316,179.61057047994578,1739335822595
130.97083379993637,-462.0270178502718,324.3184713471992,179.92365612222474,0.3157449071283981,179.61050445117766,1739335822603
130.96148512192016,-462.02413532629686,324.38801137661716,179.92575516478283,0.3156797575619106,179.6105028479399,1739335822611
130.95520487783722,-462.0203826647824,324.43688474058206,179.92709155642186,0.31565214582079487,179.61053117290635,1739335822619
130.95182479672064,-462.01654182487476,324.46891460100824,179.9277535246342,0.3156358318500591,179.61063360203391,1739335822627
130.9537163834802,-462.01246541493674,324.4869480306829,179.9276799741359,0.3156133620530238,179.61118672205353,1739335822635
130.9573735548389,-462.00821810735397,324.4945059085055,179.92706213526301,0.3156054277359382,179.61183988121016,1739335822643
130.960077480853,-462.0066688334489,324.4883096525253,179.92534285716752,0.3156175177092793,179.61231221957857,1739335822651
130.96157571746113,-462.0092197577943,324.46620013975496,179.92216164058078,0.31564630593051707,179.6125615346552,1739335822659
130.9619468205229,-462.012038558996,324.4431010469003,179.91918398136917,0.3156572387562439,179.61265334718297,1739335822667
130.96182937286247,-462.01259280688413,324.4282476832605,179.91733483989128,0.3156705134697535,179.61264226022334,1739335822675
130.9620599773255,-462.01623378873705,324.4190229999896,179.916199192386,0.3156596507006049,179.6126831983988,1739335822683
130.96541511537194,-462.0249941191302,324.4013792131482,179.91405777047657,0.3156820540491395,179.61309892752777,1739335822691
130.97483306006092,-462.0337848198596,324.3903578619621,179.91277238141356,0.31567293701315186,179.61425394667958,1739335822699
130.98701947559562,-462.04024375527064,324.4067162543623,179.91491275384092,0.31564041704927076,179.61563329045413,1739335822711
130.98933897450797,-462.0427899407129,324.4114252855836,179.91563874497032,0.3156150375938665,179.6157320612001,1739335822719
130.9914397820923,-462.0478648678739,324.41514513689094,179.91643229683328,0.3156127374805504,179.61564647561516,1739335822727
130.9966739715222,-462.05747564180507,324.41500407817256,179.91711418727917,0.3155772156914422,179.61554435144032,1739335822735
131.00713628110333,-462.07429371018213,324.4075743484922,179.91754803312332,0.31554610175604525,179.61548418878746,1739335822743
131.02567514178432,-462.1000384068724,324.39369104556977,179.9181052797654,0.31553805787021966,179.61529650447903,1739335822751
131.05343994329033,-462.1356723438176,324.37456957214147,179.91901631637447,0.31550151917625624,179.61515898261987,1739335822759
131.09028292657604,-462.1853478321524,324.3416845740759,179.91922726379775,0.3154581961752119,179.61498396080876,1739335822767
131.13800299287763,-462.24975826503777,324.2931482753834,179.91862056473147,0.31537988228077407,179.61472920156842,1739335822775
131.1993282416039,-462.32580863703834,324.234664592194,179.91800393968043,0.3152856940273611,179.61440549955125,1739335822783
131.27423790155186,-462.4159715326959,324.1685080641251,179.91785837572797,0.31514661681672973,179.61378338303032,1739335822791
131.3659689196326,-462.5226307315426,324.0893578285089,179.91761335615502,0.3149859642406679,179.6132941509952,1739335822799
131.47354238600133,-462.65159232139837,323.99867153248226,179.91786587479976,0.3148107425022673,179.6125445521586,1739335822807
131.5968345783939,-462.8059690208195,323.89073231919406,179.91820281780338,0.3146553655380748,179.61170023511156,1739335822815
131.73482735887947,-462.98841655406864,323.7639170965282,179.91849651537385,0.31453277916896016,179.61086897156991,1739335822823
131.88894595014887,-463.1948862946511,323.6195506067715,179.91895214937958,0.31444414469579834,179.6104390628504,1739335822831
132.1551890259147,-463.5458063914103,323.3946939365363,179.92305766224132,0.3142365496410421,179.61035522062812,1739335822843
132.25427655280293,-463.67659769702846,323.30471394382204,179.92323463695695,0.31415685468364846,179.6104845737698,1739335822847
132.5950173604197,-464.09452036479627,322.99686305249156,179.92109272757693,0.31389510953630556,179.6110975874642,1739335822859
132.8515295886014,-464.39587704668753,322.77108887323624,179.91976642952693,0.31370724906712116,179.61086138579273,1739335822867
133.1195495265771,-464.7311152423502,322.51472177348535,179.91809813841715,0.31352796846366854,179.6103101619328,1739335822875
133.40417325346672,-465.0912556149705,322.2610448837081,179.9195657108541,0.31344299967277856,179.6105296225543,1739335822883
133.71458579410486,-465.48391740451734,321.9866069544448,179.9199094058535,0.31341600947236375,179.6108456231997,1739335822891
134.05208440670148,-465.8904306772025,321.69606111729416,179.92072169783907,0.3133974117827932,179.61055876390262,1739335822899
134.40293707024875,-466.32424239849547,321.3903193155004,179.92340234711463,0.31340542119491105,179.61028811999347,1739335822907
134.77018641884666,-466.7818253596396,321.0635032264941,179.9245092433171,0.3137521613862527,179.61069194052124,1739335822915
135.16994956864067,-467.2595055197194,320.72354452880086,179.9258969979547,0.31440062107058775,179.61120441579382,1739335822923
135.58152281441045,-467.7600427198509,320.3491664839322,179.9259447777021,0.31482103410193063,179.61100637196643,1739335822931
136.00346051687563,-468.2770698662278,319.95505207404517,179.92428540603353,0.3150440654593902,179.6110013198181,1739335822939
136.45495788702465,-468.8164640657179,319.5591558806538,179.92539807685105,0.31501535196043645,179.61084141269995,1739335822947
136.91246182504514,-469.375312560908,319.1365824719154,179.9247837320663,0.3148356831931821,179.610134954956,1739335822955
137.38581659716812,-469.9481559493301,318.70086249152223,179.92454555127355,0.314696329077699,179.61027165878951,1739335822963
137.8810669984633,-470.53862849915026,318.2559129436401,179.9253510728132,0.31452494257933095,179.60980708223124,1739335822971
138.3769797979673,-471.133751005713,317.80633681240766,179.92613885581096,0.3143493470847058,179.60968247571492,1739335822979
138.90104012580497,-471.74092298979184,317.3437075972331,179.92715767998686,0.31425586814458967,179.6101982266226,1739335822987
139.41901002992307,-472.3568979312195,316.87095964208436,179.92636500436987,0.31417012480380896,179.60918196899058,1739335822995
139.95096004502443,-472.97476588916294,316.383800103532,179.92606620066235,0.31417681907962053,179.60920425791448,1739335823003
140.49139527158948,-473.60261171976924,315.90403523951227,179.9266292266872,0.31420147422707806,179.60855783219276,1739335823011
141.3055094422102,-474.53808287116544,315.1697087790145,179.9276330258023,0.31427140282083604,179.6088533295484,1739335823023
141.84893232294507,-475.1650107452002,314.67797728947653,179.92798787210828,0.3143463982996061,179.6086553509187,1739335823031
142.39582080923554,-475.7874689602429,314.16792822828836,179.92594133181834,0.31448376973755315,179.6097390333662,1739335823039
142.94422547435101,-476.3973073455502,313.6711118165877,179.92554082564902,0.31456111603940695,179.60976037930064,1739335823047
143.48426265468376,-477.0099194035757,313.1780103663605,179.92539641685292,0.3145578323157483,179.6105908160889,1739335823055
144.02088666241488,-477.6097526769475,312.6799503233253,179.92409704961946,0.3145276810278104,179.6097335489356,1739335823063
144.54102155739704,-478.2069985116652,312.20013134554165,179.9251211169363,0.31455931877928256,179.60903502552944,1739335823071
145.0638756774157,-478.78259778472597,311.7237988012675,179.9245910694986,0.31468222293792153,179.60925862647682,1739335823079
145.56982262373276,-479.3473275597866,311.2491157818807,179.92410325146557,0.3147115214772829,179.608688842207,1739335823087
146.0642845927495,-479.89895520647985,310.79831132850745,179.92405766808645,0.3147890074481186,179.6093221789826,1739335823095
146.55381805374557,-480.424425748739,310.3502007865865,179.92377943809652,0.3148313719130673,179.60897709921312,1739335823103
147.01524749943138,-480.9365348132246,309.9164841178817,179.9229677197636,0.31489022574435777,179.6084191237806,1739335823111
147.47301335300878,-481.4332807219892,309.51467895331996,179.925399794024,0.31506562013618505,179.60908159328915,1739335823119
147.91485471881768,-481.90310226872714,309.1142640880182,179.92596332365827,0.3150810253972023,179.6088526355621,1739335823127
148.31980985401714,-482.3516112092374,308.7283121916148,179.9254890036167,0.3151257054000754,179.60848990763927,1739335823135
148.72153490272427,-482.7765091637741,308.3751787625967,179.92784643901868,0.31518526563609284,179.60963186607518,1739335823143
149.10291453627187,-483.18188543759004,308.0294517330082,179.92809012806654,0.3151428910546232,179.60941870322526,1739335823151
149.4513541445274,-483.555815563686,307.69872198848105,179.92749756130758,0.3151166649244805,179.60913731436136,1739335823159
149.7841155397537,-483.90825831242404,307.38397568688805,179.92732205603326,0.31516226976694683,179.61017723122444,1739335823167
150.1046604891794,-484.2363918931815,307.10101799958767,179.92790503744374,0.315300133194079,179.61087826887317,1739335823175
150.39443007673432,-484.5464953446193,306.8312240647575,179.92698954930398,0.31543729687418093,179.61003671534402,1739335823183
150.65685145609405,-484.82801400502865,306.5874532609323,179.92723749998635,0.31558597595305693,179.6099570981611,1739335823191
150.89605242886665,-485.08900916638163,306.33980009998965,179.9255507967759,0.31562633682399005,179.60984348795407,1739335823199
151.1210680841421,-485.3236583516943,306.1364770070706,179.9267002189248,0.3156404340440561,179.61062226907055,1739335823207
151.42415293146604,-485.64077604586214,305.8608236353213,179.92652514129335,0.3155835717374842,179.61026409070402,1739335823219
151.59533599519017,-485.8292999212458,305.7077391435515,179.92730983057953,0.3156684454715042,179.60935928725578,1739335823227
151.7430296281766,-485.98942708243226,305.57847470191916,179.92891170627777,0.31583063629281405,179.608840220889,1739335823235
151.87058779284354,-486.1242950987061,305.45333840918636,179.92895322469104,0.31589342893416444,179.60876099342286,1739335823243
151.97945266118305,-486.24166025717324,305.3332023925049,179.92724329303306,0.31581102216366524,179.60892694979796,1739335823251
152.0732011901051,-486.3416527166431,305.233123761896,179.9257144041153,0.31571295509910235,179.609329014689,1739335823259
152.15435403298974,-486.4192475882523,305.15393473073993,179.92437627661113,0.3156642083051914,179.60987849117495,1739335823267
152.22422672058002,-486.48083523163336,305.09839890445306,179.92429638762994,0.31567062176851757,179.61070076407128,1739335823275
152.2805284134534,-486.5327544150715,305.06110854810544,179.92540609912032,0.31569475866005037,179.61121476121048,1739335823283
152.3253126217024,-486.57416260182663,305.0357931451864,179.92688174555045,0.3157640102632082,179.61164014338908,1739335823291
152.35951618430056,-486.60322151861084,305.01754477641106,179.92798238963675,0.31582107658588005,179.61188462385203,1739335823299
152.3844687980559,-486.6258721189199,304.9946473671936,179.92749858259634,0.31579135989572366,179.6119135376191,1739335823307
152.4018304486994,-486.64242350768626,304.97134635830247,179.92602671850494,0.31574134609677024,179.61185933148417,1739335823315
152.41310494694372,-486.6526280485284,304.95190636175096,179.9243883956691,0.3156692046177026,179.6116638429436,1739335823323
152.4199735193669,-486.65985686801844,304.93833918503856,179.92316007068965,0.3156371821775544,179.61151275851392,1739335823331
152.4205422412088,-486.66396847099116,304.92513188022076,179.92189943764063,0.3156153959492142,179.61099376671964,1739335823339
152.4177622070469,-486.6675272851414,304.91777823576126,179.9214477714922,0.3156490802124084,179.61029515187408,1739335823347
152.4120074577786,-486.6652214448836,304.928064911849,179.92304217958056,0.31575134626897905,179.6094450626561,1739335823355
152.40554744287573,-486.66136851354304,304.94275279301786,179.92497708936494,0.3158543052230461,179.60861158552603,1739335823363
152.4020268226279,-486.6584587804164,304.9514085951734,179.9260775785015,0.3158942769697281,179.608188809998,1739335823371
152.40067582944098,-486.6537834900284,304.95714374384175,179.9267364125392,0.3159205782647716,179.60802882157319,1739335823379
152.39887915768537,-486.64107402654327,304.9655923294778,179.92755816250656,0.3159593928926826,179.60785557576645,1739335823387
152.39495369554604,-486.6262958643475,304.97857060640297,179.92889605053784,0.3160316121929946,179.60747437221104,1739335823395
152.38787863847097,-486.6252040366416,304.9796284751076,179.92902503128693,0.3160383442739208,179.60664502405734,1739335823403
152.37491985183442,-486.6294281258306,304.9785549583804,179.92928996679896,0.3160650316093413,179.6051891426037,1739335823415
152.37216967619563,-486.6258914480288,304.97326741300304,179.92890949978624,0.316067093686853,179.6049529399845,1739335823423
152.36943429591247,-486.6154179121326,304.9638774656622,179.92797307237038,0.3160352920848655,179.60488897484663,1739335823431
152.3652679718719,-486.5967067342619,304.95594193930845,179.9272211338697,0.3160229884572015,179.60493977202177,1739335823439
152.3571358228179,-486.56630408258656,304.94841191080957,179.9264783755974,0.3160278673010897,179.60508326616178,1739335823447
152.34228271943635,-486.5241719447836,304.94378063195455,179.92610081702554,0.31602184601160654,179.60530070058908,1739335823455
152.32016812663207,-486.4674304332365,304.937958491599,179.92558438699422,0.3160513332742631,179.60560197278207,1739335823463
152.2894148541002,-486.3955047284817,304.9314480269454,179.92493690140213,0.31607005186000625,179.6057969290837,1739335823471
152.25037122824892,-486.30638219190143,304.92339508191304,179.92425977280806,0.3161086986161547,179.60596598581577,1739335823479
152.20243637017302,-486.1982719302754,304.91421517493615,179.92366249212245,0.3161516624588511,179.60609541254334,1739335823487
152.14684941517808,-486.0650353955704,304.9052127136773,179.9232130720377,0.31623337744338686,179.60651134584938,1739335823495
152.08111224450752,-485.90533201270824,304.89446714572034,179.92270134735068,0.3163277369022192,179.60691959345206,1739335823503
152.00530868562973,-485.7150974972074,304.89017793477825,179.92311945555892,0.31647083611265026,179.60737984100516,1739335823511
151.91961889503793,-485.4993434409601,304.89524542973123,179.92454899644858,0.31664269736965567,179.60780040796075,1739335823519
151.82327948257665,-485.26144615503983,304.89186747851016,179.9250887482818,0.316769448367996,179.60825018444038,1739335823527
151.71523820638197,-484.9937668203283,304.8752353837643,179.92416698990678,0.3168588245885343,179.60857437254904,1739335823535
151.59474394471226,-484.6925977082743,304.8634574358451,179.92404027402412,0.31699469253662593,179.6088672999527,1739335823543
151.46161661329967,-484.3650718702347,304.86469720683095,179.92581856038353,0.3171796211147211,179.60936097018566,1739335823551
151.3164339319608,-484.00882627664015,304.84653541887155,179.92564333764716,0.31728301588689944,179.61026191273098,1739335823559
151.15190436724242,-483.6263310158978,304.829581587693,179.9260767969655,0.3173941809543541,179.61083102883492,1739335823567
150.9676969219136,-483.21115199637575,304.8257864408288,179.92795184927405,0.31759490970600907,179.61076372174156,1739335823575
150.77378172815193,-482.7682981247933,304.80189037370855,179.92729767566502,0.3176514216312587,179.61028841402535,1739335823583
150.57228555101923,-482.29248475765775,304.7941656998561,179.9282301387897,0.3177383799505088,179.60952686406847,1739335823591
150.36700267142348,-481.79232418356986,304.76422756297336,179.92679668379935,0.3177300438412424,179.6092610137512,1739335823599
150.04606114886622,-480.98342936108696,304.7283363755865,179.9259411239696,0.3177171815432311,179.6097457646312,1739335823611
149.81644346640306,-480.41691898269033,304.6935005210957,179.9246466765268,0.3177020675061206,179.61087148928266,1739335823619
149.56733299580017,-479.82915834461056,304.6712356433461,179.92558996634307,0.31769459158654656,179.61107092493782,1739335823627
149.3083921229987,-479.22013933678943,304.63599623750014,179.92536634906142,0.3176079705351734,179.61029181198833,1739335823635
149.0484898930313,-478.5896757411722,304.60757926307,179.92638337146582,0.31735874063940755,179.60941308518454,1739335823643
148.7895172337418,-477.9423684215191,304.5761138597905,179.92720503859886,0.31686410732097786,179.60939398913501,1739335823651
148.5234987470386,-477.2756511105791,304.535024239049,179.9262368261584,0.316187510738262,179.61016817637835,1739335823659
148.24529388284935,-476.59155330393526,304.49991776387367,179.92556527972337,0.3156360505881764,179.61076849437714,1739335823667
147.9577630365856,-475.9021753769875,304.45841266870303,179.92449144142972,0.3153647598654826,179.60971222977176,1739335823675
147.68271948585303,-475.2035486842688,304.4164872349734,179.92383220026264,0.315269245792908,179.60939740237723,1739335823683
147.40887258768225,-474.4990969089725,304.3789595360766,179.9243636740177,0.31528632687156655,179.60965076572683,1739335823691
147.1309281879505,-473.7965720970429,304.33479768046413,179.92471174938842,0.3153713265600996,179.61075749729662,1739335823699
146.84348694584426,-473.09568909804494,304.29164064839046,179.92531714570256,0.31562668029594587,179.61087414664746,1739335823707
146.5588794615815,-472.38792754636927,304.2372622313272,179.9240255123362,0.3159141310562095,179.61002525445406,1739335823715
146.28783974033405,-471.69263329491497,304.1914344301163,179.92357258575834,0.31613576294448337,179.60967722891627,1739335823723
146.0225713770568,-470.9983989706053,304.1397939387278,179.92224774167394,0.3162105896298747,179.6104628078387,1739335823731
145.7557843972388,-470.3129980974141,304.0935242093067,179.9221372228428,0.31629759284103987,179.61171083650623,1739335823739
145.4837199376939,-469.6431009446312,304.0439307773457,179.92188416080018,0.31639639504723255,179.61100906792504,1739335823747
145.22736465672222,-468.98620186044343,304.0064948983821,179.92371444714672,0.316531869557145,179.61023219003238,1739335823755
144.98407727753928,-468.3468463457474,303.96719977375153,179.9255819056636,0.31653919169987216,179.60998899270305,1739335823763
144.63455631590037,-467.41853554247774,303.8978386419068,179.92601232496796,0.31640018722929386,179.61136255246288,1739335823775
144.40491865728552,-466.82580334735303,303.85109288928936,179.9255170558875,0.3163957308096891,179.61183334684182,1739335823783
144.18113130080607,-466.25568331456265,303.79902274669274,179.92401207247408,0.3164244825332995,179.6110883434285,1739335823791
143.97272756584312,-465.7126753188552,303.755461770802,179.92370858802303,0.31635369455052575,179.61038259403318,1739335823799
143.77735662005935,-465.19499653179975,303.70368518541113,179.9224268001768,0.3161546847009864,179.60986617767938,1739335823807
143.59448314927621,-464.70281727856394,303.6569288732943,179.92163740174263,0.3159705600839619,179.6101269385038,1739335823815
143.42365720908057,-464.2437126848567,303.6190747898667,179.9220414798647,0.3159004723870776,179.6113927845113,1739335823823
143.25899162035503,-463.8128012943492,303.59024049114373,179.92340402982646,0.31595199396959545,179.6122488564493,1739335823831
143.10044438179565,-463.41756362080844,303.5492781228119,179.9230437484653,0.3159469263857012,179.61192539780848,1739335823839
142.95422299178614,-463.04873023906094,303.52601127129867,179.92433718572607,0.3159526449434396,179.61091322879972,1739335823847
142.82504423691134,-462.708948703236,303.49210903767533,179.92388804490741,0.3159747220589789,179.61030615595269,1739335823855
142.7110553380987,-462.40393084504734,303.46290643140713,179.92348492854453,0.31597660167824204,179.60995323913437,1739335823863
142.61157934851715,-462.11788395288056,303.43696802108155,179.92289133204565,0.3160153476542732,179.6101300637622,1739335823871
142.52109670776306,-461.86132833142204,303.4155725549298,179.9226387221038,0.31603504475006466,179.61029441643515,1739335823879
142.44182772050925,-461.6374050982232,303.39248385695595,179.92179011767197,0.31600700191095643,179.61090438869363,1739335823888
142.37168981782386,-461.44197108243765,303.37044114191247,179.9209356726709,0.31600942784749486,179.6115600435269,1739335823896
142.31260359417993,-461.27051370298744,303.35338834362545,179.92068724663244,0.3160256327367181,179.61249487105124,1739335823903
142.25785190001028,-461.12105127527866,303.346666192013,179.92154786464374,0.31603924600128286,179.6128627179094,1739335823911
142.20883275258944,-460.99826074655886,303.35261355550574,179.92387773665175,0.3160299627461426,179.6127950419052,1739335823919
142.16671172144066,-460.90285106760274,303.3516392161755,179.92521569420126,0.3159973279958423,179.6123926638145,1739335823927
142.1337666546615,-460.82798370523193,303.344544371844,179.92552191850035,0.3159606424631789,179.612145044321,1739335823935
142.098787201544,-460.74229456492117,303.3296253011559,179.92482952409273,0.3159672627773627,179.6118289951615,1739335823947
142.08260167780332,-460.69965188651406,303.31718811598887,179.92367002011645,0.3159467703838464,179.6116436537269,1739335823955
142.0693057178841,-460.66592070259935,303.30500757517234,179.9223722087785,0.31591083784807766,179.6113646385409,1739335823963
142.05883405878558,-460.64267249639704,303.2952580513373,179.92134414282725,0.31585596868313465,179.61100725508365,1739335823971
142.0522039317599,-460.6272156051841,303.28962664028194,179.92083764867186,0.3158143376071574,179.61078321181967,1739335823979
142.0542113542701,-460.6157623034152,303.2870248553566,179.92077849328683,0.3157863896887995,179.61139159817603,1739335823987
142.05878098117103,-460.6088865334331,303.28847589845753,179.92130987189785,0.3157750191761714,179.6121599737666,1739335823995
142.06383155127315,-460.6085201858955,303.28713412186494,179.92157558341432,0.31578833455039684,179.6128997458407,1739335824003
142.0674523952073,-460.6165464111229,303.2828758904424,179.92145347604375,0.31579047181850656,179.61337992542377,1739335824011
142.06961653692196,-460.62534234454824,303.281926624855,179.92163044750092,0.3157767263215888,179.61365879980252,1739335824019
142.06957254165565,-460.63001728399854,303.28161223485444,179.92169172103468,0.31576646996461066,179.6136522254248,1739335824027
142.06796111737827,-460.6306484782022,303.28430728472,179.92202482820156,0.31575721623042197,179.6134435348233,1739335824035
142.06514377184774,-460.6349534762024,303.295752670756,179.92350686372635,0.31575357350534344,179.61309224704135,1739335824043
142.0616051889096,-460.64427723228175,303.3194010380865,179.9265593548734,0.31575329226933924,179.61266234802912,1739335824051
142.0558736852448,-460.6472158382869,303.3372364454037,179.92881648224937,0.3157619166108077,179.611982526766,1739335824059
142.04839713386696,-460.646424362598,303.35631375998054,179.93109368495664,0.3157885871322768,179.61105171839722,1739335824067
142.03932824414332,-460.64413254430235,303.37825897657285,179.93347988321486,0.3158200559515982,179.60997350518053,1739335824075
142.02797561935898,-460.6438201770353,303.40451706378866,179.9360292976795,0.31585540530906575,179.6086271072566,1739335824083
142.01629146368657,-460.64675709510755,303.4304812288982,179.9376071041513,0.3158889331551677,179.6073360825708,1739335824091
142.0114020600816,-460.65486811660253,303.45177278969413,179.93733008145207,0.31590138843920723,179.60706328120298,1739335824099
142.00794705190242,-460.6688165182625,303.4785735446033,179.9362386798121,0.3158818987060738,179.6071978436071,1739335824107
142.00240464962877,-460.6974901358412,303.53500438606324,179.93322090166322,0.31585324895194955,179.60787143348716,1739335824119
141.99569592100016,-460.72236701118044,303.5877602892606,179.93056302777777,0.3158676319914856,179.60836426561937,1739335824127
141.985053050154,-460.759166204794,303.6675381757489,179.9291309831807,0.3158922629916317,179.60877198398543,1739335824135
141.97031611401314,-460.80475537314,303.7711353599823,179.92821765684155,0.3159290887178231,179.60906487090105,1739335824143
141.95163456213595,-460.8590458732698,303.9011237302878,179.92751068843853,0.31596489519604354,179.6093202247303,1739335824151
141.92835847330545,-460.920653804682,304.05529694361087,179.92609222815338,0.31599332122657875,179.60944159044598,1739335824159
141.90082341325245,-460.99630288309646,304.2411184616828,179.92512488329854,0.31601593404321326,179.60948281860703,1739335824167
141.86774903900596,-461.0856979518611,304.45448311721753,179.92486066513533,0.3160310663596256,179.60936525881786,1739335824175
141.83050939756555,-461.18400719655557,304.69223437122895,179.92433471417274,0.31601313501792816,179.60933806993614,1739335824183
141.78908840727178,-461.2905627093201,304.9561819164532,179.92256064402204,0.3159992535960211,179.60932206751343,1739335824191
141.74245866582135,-461.4177929820688,305.26395315560984,179.92309373592096,0.31604989007257556,179.6091812354878,1739335824199
141.692166297428,-461.5550013866023,305.59723960644885,179.9239018829908,0.3161175760648374,179.609179035348,1739335824207
141.6372169928103,-461.6989945028158,305.9579747454555,179.92348918013485,0.31618458328812415,179.60914136017496,1739335824215
141.57867645622125,-461.860644949124,306.3648555245096,179.92608408669594,0.31627446533844933,179.60919073348086,1739335824223
141.51627237433397,-462.0242536452178,306.78724697857706,179.92562972262448,0.31633991456502303,179.60934498594523,1739335824231
141.45126941438295,-462.2017250231166,307.2396911105595,179.92651063571793,0.3163935829586313,179.60968900051964,1739335824239
141.38138659510912,-462.38544291177476,307.7094769398482,179.92559297769537,0.31639429634843064,179.60995530025204,1739335824247
141.3064431176808,-462.5856886197877,308.20899167521253,179.92704473418988,0.3163790696288532,179.61024720290644,1739335824255
141.2276014635642,-462.7889024526834,308.72130036674974,179.9261266812235,0.3163474274419129,179.61058003028833,1739335824263
141.14468725446474,-463.005734520494,309.26194255364226,179.92644179095936,0.31632822059002313,179.61091762529313,1739335824271
141.05794681059444,-463.21703197344937,309.79864601225574,179.92429199353873,0.31630581210462133,179.61132150873902,1739335824279
140.96776715050862,-463.4382121240597,310.3565558717724,179.92267442513375,0.3162892190011868,179.61167663470695,1739335824287
140.8749716075289,-463.6598957968646,310.9208839669662,179.92058166202548,0.3162002692748085,179.61182044834177,1739335824295
140.73126029631456,-463.9989600040393,311.791489485529,179.9185728380184,0.3160434093205675,179.61122432284776,1739335824307
140.63627806554817,-464.2264476161546,312.3836491445292,179.91842195687715,0.31590806128901583,179.61069823942194,1739335824315
140.5429192892068,-464.4507381261567,312.9780524091052,179.9184059844836,0.3158086591318588,179.61021465433146,1739335824323
140.45267705043835,-464.67094275740294,313.5705262662348,179.91810946333635,0.3157405412722714,179.6098110657763,1739335824331
140.36549348837374,-464.89597180642875,314.1796189856919,179.9207365499254,0.3157288419150941,179.60987543033022,1739335824339
140.279741413181,-465.1064391699113,314.76420223181066,179.92066405065088,0.31568366370472284,179.60999439902693,1739335824347
140.19603800359752,-465.3145475969782,315.3389542300311,179.91968682371632,0.31564085002970255,179.61026881446227,1739335824355
140.11174530822325,-465.5214051628613,315.9023618324414,179.91965453911453,0.31560404249803303,179.61046434086614,1739335824363
140.02982960727437,-465.71983942399794,316.44557125489615,179.91928189196793,0.3156152908598139,179.61087292611037,1739335824371
139.94813061058863,-465.9174712584728,316.98239624657975,179.9197449353015,0.3157034664966438,179.6112207077491,1739335824379
139.8668605312662,-466.1084195842548,317.4972878634925,179.92094819132095,0.31581240322574045,179.6114594716371,1739335824387
139.7875771129104,-466.2936588452345,317.99668873655224,179.92274815349256,0.31593874085158324,179.61164955384166,1739335824395
139.71070980840275,-466.46456062817043,318.46443161956404,179.92332889307693,0.3160594923017087,179.61169609809338,1739335824403
139.6373181533714,-466.62728843408684,318.91013523302314,179.92360707205518,0.31611790377659094,179.61153252567914,1739335824411
139.56928469498718,-466.77172998125764,319.31590661640945,179.9213253265035,0.3161522360608157,179.6113279572966,1739335824419
139.50599083508797,-466.9129632831322,319.70601177781907,179.9215545274361,0.3161430157307816,179.61088928439244,1739335824427
139.4484427736048,-467.0377239975747,320.05871708303613,179.92081472954095,0.31611980111739124,179.61047833633907,1739335824435
139.3978881003936,-467.1560545623795,320.3917064467753,179.92187298609957,0.316118804358374,179.61027203442373,1739335824443
139.35338271478946,-467.2643160854157,320.69953857845513,179.92438232187146,0.3161040899680711,179.6101091369808,1739335824451
139.29738304477428,-467.39352546845396,321.0862838316521,179.92403797892365,0.3160814423721882,179.61013638971727,1739335824463
139.26564684698536,-467.4699072913378,321.3136316701735,179.92519374664457,0.3160825889592097,179.61012534906092,1739335824471
139.23828925401506,-467.537146971236,321.51162522109445,179.92593893976377,0.3160929219730907,179.61014241705027,1739335824479
139.21468619383083,-467.5899255554237,321.6718092854769,179.92482622458522,0.31608923477680506,179.6102422846767,1739335824487
139.19499934982392,-467.6327355423279,321.8067650254343,179.92367714066367,0.31608584197045725,179.61037338547467,1739335824495
139.17805835457497,-467.668766671337,321.919042302112,179.92317834484243,0.31605571977509433,179.61040156156832,1739335824503
139.16409947408945,-467.7016594409605,322.0106065684794,179.92311947217783,0.3160314578056365,179.6104175462435,1739335824511
139.15262584444682,-467.72943899964264,322.0844649623888,179.9234530334308,0.3159830226837535,179.61038982021688,1739335824519
139.1430333969758,-467.75248215441746,322.14474748281924,179.92403689344445,0.3159407411481758,179.6103561906909,1739335824527
139.13576361604544,-467.7707717006773,322.1926626293698,179.92480967828416,0.315871384726422,179.61034499624654,1739335824535
139.13113620367412,-467.7839100437742,322.22849719629477,179.9253777510014,0.3158230109811451,179.61050644915986,1739335824543
139.13297688139303,-467.7942314882948,322.2450058735639,179.92467344313582,0.31577999184232064,179.61124360187182,1739335824551
139.13556451171647,-467.80308272654366,322.2512928190499,179.92361475713034,0.3156889023727799,179.61191760209383,1739335824559
139.13814128390254,-467.8086891397251,322.24923447903325,179.9221815879226,0.3156208226813665,179.61247552125073,1739335824567
139.1391792732936,-467.81123609586234,322.2458056359492,179.92091119271578,0.3155952200590299,179.61276653022176,1739335824575
139.13996952723227,-467.80977722886485,322.23831558214795,179.91921901622814,0.3155830209675491,179.6129723924768,1739335824583
139.13993469673264,-467.8065333901376,322.23093271730204,179.9178121777974,0.31557936701612943,179.6130418477774,1739335824591
139.13921525483303,-467.8025496709252,322.2250167362339,179.9168198138183,0.3155709003310223,179.6129896711277,1739335824599
139.1381413855625,-467.7998376961579,322.2220042243017,179.91641880518833,0.3155571901347095,179.61287835150893,1739335824607
139.13778308737096,-467.8016392417478,322.2196747877815,179.9161808321205,0.31554036000135854,179.61282915281186,1739335824615
139.1385089345312,-467.80919699211034,322.2050522880823,179.91450842941822,0.31552230516533075,179.6129005006138,1739335824623
139.14119071701188,-467.8179882118853,322.19322525369233,179.91323030446785,0.3154847488463207,179.61321203283194,1739335824631
139.1471787193699,-467.8236838454873,322.2030989198309,179.91466457968582,0.31549390567892227,179.61391342607112,1739335824639
139.1553843720307,-467.82890307904273,322.2141977203391,179.91632305367068,0.3155039236800016,179.61486041976553,1739335824647
139.158533660305,-467.8395235231913,322.2186940267376,179.9177630666096,0.3154782791354468,179.6150204274809,1739335824659
139.1602665787001,-467.8507286991427,322.21425469309474,179.9183594090453,0.31545868603554306,179.61487435460663,1739335824667
139.16324987376433,-467.8683481905169,322.2002728930546,179.91854635402828,0.31541908300852134,179.61459867095996,1739335824675
139.17002883754822,-467.8953887423864,322.17720102777776,179.91862906552223,0.31535682135669846,179.6143638126069,1739335824683
139.18210436723717,-467.93425082607513,322.1450489895693,179.9187899206258,0.3153034807658285,179.61412910413216,1739335824691
139.20102154739186,-467.98538733590055,322.10275865867465,179.91889934447937,0.31525057161744613,179.61400943905147,1739335824699
139.22692071504494,-468.0506821346686,322.0495295896373,179.91907255103578,0.3151823492076502,179.6139566247386,1739335824707
139.25978569710253,-468.1289285095094,321.9818413879899,179.9191928820766,0.31511710712897545,179.6137636159222,1739335824715
139.30054201569473,-468.2231471332503,321.89968314284437,179.9192328681964,0.31503857090829684,179.61349201391414,1739335824723
139.34984320364055,-468.3330592703039,321.8040410862361,179.91943787341776,0.31490710863405086,179.61333961613633,1739335824731
139.40697801083527,-468.4643834816465,321.6904364708752,179.91969763339955,0.31474855880163316,179.6129293361257,1739335824739
139.47410212530207,-468.6234688526961,321.5501532533145,179.9194481046176,0.31459781334103076,179.61254051087016,1739335824747
139.55467551493615,-468.8111544970248,321.3832642341509,179.91919834273395,0.31439246719680897,179.6124449278078,1739335824755
139.647960327761,-469.02075797158324,321.20167337201997,179.92007635080117,0.3142166734363851,179.61246080571092,1739335824763
139.75283589001307,-469.2443853888381,321.021267134558,179.92306679990227,0.3140981149501247,179.6122738650054,1739335824771
139.86922741295137,-469.49592801464075,320.7958491704467,179.92197748012896,0.313979921177383,179.61201516200208,1739335824779
139.99161340731155,-469.7776475691721,320.55173777305544,179.92150054726372,0.31383534947551883,179.6112610838407,1739335824787
140.12301865808038,-470.0821213460948,320.30718862928956,179.92460825662522,0.31373280016331473,179.6106561017577,1739335824795
140.26135949526198,-470.41251511301965,320.01972951648673,179.92416973114277,0.31357286877295953,179.60999442747618,1739335824803
140.40879740924922,-470.75882106645867,319.7204783248358,179.92418400907474,0.3134239535392582,179.6098759290703,1739335824811
140.56582120821093,-471.13130676076764,319.39823903263425,179.92480538012367,0.31330378282527294,179.60995901331242,1739335824819
140.73392395112654,-471.51610253802494,319.05724537227167,179.9251213998687,0.3132500666791121,179.61019247299453,1739335824827
140.9169578021692,-471.9169621391086,318.6944708871218,179.9238385699438,0.313291431863445,179.6107253817389,1739335824835
141.11365757536217,-472.335699493064,318.33122436327994,179.9256318479679,0.31347601788025187,179.6110347223713,1739335824843
141.41415783530843,-472.99248558744034,317.7489347944582,179.9255036808426,0.31412211205879076,179.61039875631982,1739335824855
141.61441485294029,-473.4451827525332,317.34653762617575,179.9260527189734,0.314754220678274,179.61009302651226,1739335824863
141.81551380705804,-473.90073233049526,316.9371887642232,179.92581487046607,0.31520462202418165,179.6100971256004,1739335824871
142.02223571687938,-474.3677503104342,316.5143360091394,179.9251488779104,0.3152843008444395,179.61047452236164,1739335824879
142.23811760391678,-474.8390537334683,316.10625793311544,179.92717067512723,0.3151966478108836,179.61096713176,1739335824887
142.4614624382766,-475.31145389480946,315.6870303424262,179.92763010572895,0.31504609340870726,179.61120939146667,1739335824895
142.67801943569108,-475.78436516916196,315.2587576497834,179.92844936285667,0.31492678815848973,179.6104936030944,1739335824903
142.89238444348402,-476.2451616743805,314.8252383075712,179.92679194500423,0.31485595393474713,179.6103875582085,1739335824911
143.10063026281298,-476.71187257766854,314.39198622010116,179.92603630347338,0.3147556296557129,179.6102359937574,1739335824919
143.31048355089462,-477.1747427508424,313.9660706264182,179.92492933198184,0.3146265064762506,179.6105887935823,1739335824927
143.52346995618802,-477.6295643752033,313.5496132224734,179.92486679691336,0.3144847402102278,179.61079318216696,1739335824935
143.73358669584547,-478.0696225913564,313.1332166421543,179.92406681057946,0.3144422447676321,179.6101817775227,1739335824943
143.93456048593038,-478.4950251186028,312.7332693022261,179.92349495793766,0.31449691839356114,179.60931792631428,1739335824951
144.12575210460992,-478.9126078920063,312.35308919389036,179.92527490674016,0.3147382358554474,179.60874066491,1739335824959
144.30978201188077,-479.31673779571685,311.9798119007873,179.9250718860969,0.31493761551110777,179.608910942195,1739335824967
144.48696782403502,-479.7003906267861,311.6324922807802,179.9264112696268,0.31509830759013424,179.60933064772897,1739335824975
144.66193309892998,-480.0652837534086,311.28947847513854,179.92666707147433,0.31517079542876275,179.61011995803432,1739335824983
144.83273771895617,-480.40000818028443,310.9663787545726,179.92594687986903,0.3151220067921913,179.6108001383286,1739335824991
144.9909551985789,-480.72019310691286,310.6556059832607,179.92501240396754,0.31506727824518904,179.61058446095976,1739335824999
145.13487648046817,-481.02151449981295,310.37749538092066,179.92645070263205,0.31503286242335926,179.609996850996,1739335825007
145.3268026075584,-481.4323810978624,309.98193784094207,179.92460443401117,0.3150016334175751,179.60962236344355,1739335825019
145.43892108921537,-481.6770405346551,309.75327549412776,179.92447463448465,0.31500782358668816,179.60963151376868,1739335825027
145.5394724944155,-481.89751693887337,309.55261129317944,179.92609287999977,0.31503482230852176,179.6097601637356,1739335825035
145.63010234730362,-482.09614843779264,309.3561630237677,179.92531155778738,0.3150326474715202,179.6100123636314,1739335825043
145.71217898055073,-482.26675238026667,309.18773325106787,179.92452904926375,0.31504971798162346,179.61040498231282,1739335825051
145.78567586104322,-482.4135992707478,309.04814223823115,179.92462097901955,0.3151364102792693,179.61078234455513,1739335825059
145.85083247048127,-482.53691001566096,308.92503682575625,179.92422891613103,0.31524346796984465,179.61129827319743,1739335825067
145.90717441923314,-482.6441371516908,308.8157649346532,179.92359001220373,0.31531859030786064,179.61161177009708,1739335825075
145.95404240509345,-482.7388453042402,308.7201659311367,179.9229224988915,0.31536237829353597,179.61175712828722,1739335825083
145.99156750846672,-482.8150352967954,308.6433652041004,179.92266699413588,0.3154167323563718,179.61162833304607,1739335825091
146.0211123004521,-482.8745513039337,308.584971457497,179.92286473202748,0.31549412090891177,179.61149056411847,1739335825099
146.0432513987955,-482.92158428896454,308.54106746446547,179.92326360993363,0.315557138779135,179.61121238352965,1739335825107
146.06048150255086,-482.95712698261065,308.51326832641564,179.92420250045825,0.31565144599346195,179.61099915785175,1739335825115
146.07327400144968,-482.98350847429117,308.494401928827,179.92510366696672,0.315720082365286,179.61079140921947,1739335825123
146.08228583605697,-483.001626379134,308.4822870429481,179.9257491600538,0.3157639965578382,179.61059447737233,1739335825131
146.08810357573603,-483.0130802342673,308.47273138565913,179.92586680711372,0.31580169161944704,179.61047338394147,1739335825139
146.08657383945868,-483.0193064064642,308.46412631336074,179.92548315580763,0.31581827719486066,179.60978094290724,1739335825147
146.08350249574457,-483.02175268416124,308.45649689529233,179.92488317216268,0.3158358997062468,179.6091430428086,1739335825155
146.08045358083663,-483.0224110175346,308.4523539181851,179.92450813654852,0.3158542731178241,179.60862311876116,1739335825163
146.07802390249702,-483.01654061847256,308.4618523496099,179.9256150643581,0.3159236701526839,179.60828902819975,1739335825171
146.07634778541558,-483.01052044617177,308.4730876008684,179.92689256243202,0.3159697622359396,179.60809905132288,1739335825179
146.07585994422274,-483.00788187852845,308.4785887222301,179.92753130155958,0.31599236095146477,179.6080414502998,1739335825187
146.0743947987468,-483.00940883653806,308.48108383351405,179.92785751800392,0.31600516032894954,179.60787354291043,1739335825195
146.0678378802759,-483.0137020033506,308.493211367725,179.92938686478612,0.31604242702416896,179.60711477109513,1739335825203
146.04864342718218,-483.0274620903845,308.54317104174754,179.93554514981278,0.3161942289521949,179.60494403194818,1739335825215
146.0437374729562,-483.0307142505699,308.56465111495885,179.938060901254,0.31625401734612824,179.6045457747924,1739335825223
146.03976920699318,-483.03690272112925,308.5734176141012,179.93884489618608,0.31625572342941943,179.60445831576993,1739335825231
146.03362560072588,-483.04445712484664,308.5813113768161,179.9389915858915,0.31626772138416687,179.60445911630774,1739335825239
146.02283078781122,-483.05170189996994,308.5896872334395,179.9380140755092,0.3162590762943628,179.6046647684378,1739335825247
146.00311995841827,-483.0600071487415,308.60415471537254,179.93607133538404,0.3162509035321045,179.60509346309854,1739335825255
145.97047221927156,-483.0741093363451,308.63539849245205,179.93440276669173,0.3162405979723048,179.60562473604824,1739335825263
145.92290508384485,-483.0922413526313,308.6889210229561,179.93318372288408,0.31626399448452985,179.60586148673957,1739335825271
145.85865934653228,-483.1138743570813,308.76251937446034,179.93164981139444,0.316289519515695,179.60622374767706,1739335825279
145.77585312454661,-483.14133502275445,308.86068814922874,179.93017546375253,0.31631835755674254,179.60657938181754,1739335825287
145.67608069668398,-483.17435123614615,308.984499560466,179.92897678947642,0.3163812728941916,179.60692237848278,1739335825295
145.5582294923089,-483.21205545223324,309.13432727157044,179.92806930113863,0.31644585805145287,179.6073955966511,1739335825303
145.42086931110202,-483.25460041382973,309.3100141025378,179.9275267927493,0.3165195895835495,179.60766569051626,1739335825311
145.2626350479983,-483.3010702885524,309.51004253913374,179.92640732624162,0.31659724995067884,179.60811937197124,1739335825319
145.0838124573677,-483.3501835550956,309.7378914612807,179.92399167338792,0.31670184829406517,179.6090998061005,1739335825327
144.8750127615536,-483.4077453884872,309.9982251583677,179.92213813641465,0.3168391761755257,179.6098963176589,1739335825335
144.63009391674163,-483.4847640310178,310.295769892878,179.92279757966025,0.3170281884972944,179.60972460389357,1739335825343
144.36598932098602,-483.5664859531365,310.61399237804244,179.9225134426502,0.31720465126555925,179.60874148236724,1739335825351
144.10102212148576,-483.64906372596863,310.9485033269776,179.92170635357368,0.3173216607603324,179.60887408005897,1739335825359
143.82815188926065,-483.73352119097,311.3004603170969,179.92160737726485,0.3173940887143512,179.60942204080445,1739335825367
143.54356364481768,-483.82157898624337,311.66981233515753,179.92062439350113,0.3174339769852843,179.61096452941803,1739335825375
143.0725024322074,-483.9649742795627,312.24914673368534,179.9210654818739,0.317566679455394,179.6109357849421,1739335825387
142.76646172167517,-484.04807758864325,312.6423466776685,179.92063886980023,0.31766003943714566,179.61106194348636,1739335825395
142.45942610432405,-484.1394590403598,313.0414757961791,179.92212969593953,0.3176769794315914,179.61102345588296,1739335825403
142.1547311962816,-484.2322193533683,313.4328445004976,179.9218176855176,0.31770721895008525,179.61227218365698,1739335825411
141.84126696109675,-484.3256786041208,313.80541514759807,179.921174196814,0.3177883630838542,179.6115812530877,1739335825419
141.54653857456333,-484.40833310850286,314.1633499423356,179.91900194838522,0.31783031801008466,179.61077641344878,1739335825427
141.2711922520948,-484.490125276711,314.5259894980277,179.9197116545138,0.3177496264429107,179.61086502562065,1739335825435
141.00250321784998,-484.5704122195505,314.8800257843729,179.92198923236066,0.3175572108182666,179.61124457337257,1739335825443
140.74183397721168,-484.6383315494746,315.20752962317334,179.92284502165572,0.3173140554319982,179.61119324876583,1739335825451
140.50172261494626,-484.70735367237006,315.5138396461148,179.92531558785961,0.31711663811107943,179.61056664481012,1739335825459
140.28872733366055,-484.7716331484567,315.79232875179036,179.92692654301433,0.3168726076955895,179.61014220398667,1739335825467
140.0983294903215,-484.8297646299244,316.04028889941713,179.92709600378078,0.3165281885638671,179.60988361566507,1739335825475
139.93300377838332,-484.87584810859653,316.24570805988185,179.92572492456642,0.3161549739877991,179.61062287474536,1739335825483
139.78619821891826,-484.91490438110833,316.42360520665306,179.92494018612362,0.31593050457661803,179.6114128697918,1739335825491
139.6573177580018,-484.9458019640336,316.5702971515037,179.92302720549034,0.315849608546863,179.61189812381554,1739335825499
139.54769524345923,-484.97258315963506,316.6930534649772,179.92113217509407,0.31576635992408736,179.61173109466802,1739335825507
139.45688563151148,-484.9950974306068,316.7962140676849,179.92014061374857,0.3156989989947933,179.61117298275266,1739335825515
139.3872837450121,-485.01440768652697,316.883193947754,179.92033196045665,0.31563511296761354,179.6106346519584,1739335825523
139.33925656866214,-485.0291700962313,316.9570172774744,179.92184482796893,0.3156191230100381,179.6106349913704,1739335825531
139.30460296306958,-485.04210450497317,317.0185279972422,179.92424654323756,0.3155970710431017,179.61065167567287,1739335825539
139.28120331553072,-485.0510141625493,317.0629366184844,179.92621274923377,0.3155600084898919,179.6106744715926,1739335825547
139.26552369315004,-485.0562827699336,317.0927806562396,179.92760298981406,0.31552463255957564,179.61070554044454,1739335825555
139.2516879314988,-485.0598559387495,317.1109108953655,179.92766567390277,0.31544573968406325,179.6106120312508,1739335825567
139.24877301949394,-485.0620983328158,317.10808054607634,179.9268650801874,0.3154152041267138,179.61056299080798,1739335825571
139.25401142377794,-485.06466362427767,317.0807119543449,179.9227071946717,0.31527358711439285,179.61167267481787,1739335825583
139.26116303172836,-485.0652048889316,317.0601379365092,179.92003615867657,0.31522034761680223,179.61263699807824,1739335825591
139.26682027074844,-485.06186631481694,317.0424788046093,179.91777266262457,0.3152067298254934,179.61335791179917,1739335825599
139.26934845373955,-485.0584232902586,317.03248516793997,179.91643335853493,0.3152546432860005,179.6136356295209,1739335825607
139.2715472971255,-485.0542685303714,317.0118247007113,179.91380228797428,0.3152669189042715,179.61385769031037,1739335825615
139.27444174975957,-485.04998795315345,316.97520679449224,179.90934253557165,0.31523172646354086,179.61416980490745,1739335825623
139.28022940766914,-485.05037272517126,316.9552440376093,179.90704436218968,0.3151929012629192,179.6147807062286,1739335825631
139.28919160363492,-485.0464822943686,316.9520601877932,179.90692830168265,0.3151843944872817,179.61575005376318,1739335825639
139.29396510687735,-485.0436274343403,316.949273947897,179.9073625769002,0.3151901331378368,179.61616175412212,1739335825647
139.29574519209189,-485.0430599188113,316.9451009967218,179.90874797157412,0.31520768029935586,179.6160958216002,1739335825655
139.29744718076924,-485.0442936573655,316.935383367535,179.91102965852292,0.315226604264704,179.61581398847025,1739335825663
139.30189623870464,-485.04571137209757,316.90852787012443,179.91296932130297,0.31523752586286363,179.61545691779241,1739335825671
139.31052741584443,-485.046774847688,316.8606265120816,179.9143826965988,0.31523720874673694,179.61506222612286,1739335825679
139.32543885170313,-485.04874173131253,316.79082280069076,179.9156625686531,0.31524383689416025,179.61459519042785,1739335825687
139.3484580602858,-485.0496527171323,316.6981014749493,179.91713541726486,0.3152239609012406,179.61430597401102,1739335825695
139.3789616897935,-485.052697165291,316.57249852211,179.91837227425665,0.315146717887067,179.6139899131589,1739335825703
139.41774834105706,-485.0576279590411,316.41911338360734,179.92056882257907,0.31508486509340305,179.61358231935012,1739335825711
139.46567896399407,-485.06263132138264,316.2312957123844,179.92307224590272,0.3149999901776914,179.61315265713702,1739335825719
139.52409956694225,-485.06801491601874,316.00900774265807,179.92486215103554,0.31495165879375303,179.61273590907658,1739335825727
139.59450681953717,-485.0709481782892,315.74581046413454,179.92602680438566,0.31488199568488495,179.6124893298522,1739335825735
139.67750854429187,-485.0739167934222,315.43464107143217,179.92730654101578,0.31481798120999244,179.6123456769972,1739335825743
139.77264611661772,-485.0713307146751,315.0682569012314,179.92606996083384,0.3146994212505966,179.6121709056233,1739335825751
139.93692780086462,-485.0774766075374,314.435663421809,179.92404093020298,0.31446510466772604,179.61170970717885,1739335825763
140.0561435496305,-485.07684000202545,313.96847123834056,179.92229105050401,0.31432637236666533,179.61113311833427,1739335825771
140.1812336594112,-485.07029182618396,313.4797413140524,179.9234261127412,0.3142726933178097,179.6104335917929,1739335825779
140.31232488238098,-485.0677456701798,312.95112216278557,179.92288526732827,0.3143266454140499,179.6097713543788,1739335825787
140.44973387087728,-485.0772918472121,312.38283416998024,179.92246452959793,0.3144182562384473,179.6093983246336,1739335825795
140.59690971616385,-485.0765485909744,311.78857443621473,179.9218495405455,0.314667949912782,179.60950586891926,1739335825803
140.75223112986453,-485.0682745807635,311.19841260614766,179.92419527651288,0.3149526341508222,179.61000845411735,1739335825811
140.9162657761483,-485.0592454265995,310.57287402581494,179.92462580184315,0.3150623256972202,179.61057229244403,1739335825819
141.09112162580735,-485.05495417842496,309.91552991709756,179.9225692049829,0.315017963995941,179.61127001761804,1739335825827
141.2646067225826,-485.04483313042067,309.2849894247621,179.92473034490163,0.3148919789099542,179.61104829148957,1739335825835
141.43549262105932,-485.0281220022432,308.6371337755495,179.92566008930743,0.3147299393793393,179.61030926216884,1739335825843
141.60197381124286,-485.0266607887362,307.9582543401216,179.9233236250514,0.31454849146807523,179.6096591067044,1739335825851
141.76593715708626,-485.0125524481892,307.291069375419,179.9217388057236,0.314482954734662,179.60949896762185,1739335825859
141.92824014604201,-485.0025253625866,306.6541288742056,179.92288977211143,0.31450779009660723,179.6097441719076,1739335825867
142.0917419811311,-484.9901358024755,306.0089586066179,179.9223020648636,0.31446789159949134,179.61038526466575,1739335825875
142.25720696564872,-484.9760766464871,305.38691737124486,179.92286277486488,0.31450745976697625,179.61125597930516,1739335825883
142.42041474360897,-484.9583279136697,304.8021185119474,179.92419088954625,0.3146189793358355,179.6118304772991,1739335825891
142.5756697227613,-484.9355959407724,304.2234364879036,179.92328276776533,0.31473796125685244,179.6115880921449,1739335825899
142.71609805338025,-484.92569676571105,303.6772108988878,179.9238821275423,0.3149428944231879,179.61063278898672,1739335825907
142.84853285503584,-484.9104776294095,303.1709227749022,179.92458424003033,0.31514107794794055,179.61017845841207,1739335825915
142.96913576254425,-484.89252704250146,302.69781009417164,179.92589289730708,0.3153505710384888,179.6099066564056,1739335825923
143.07981895298775,-484.8813212374895,302.25759808613327,179.9262841416006,0.31553148031942524,179.6097793371525,1739335825931
143.1823468290285,-484.87747408503674,301.8491100879141,179.92659393434496,0.31562031341313207,179.60986993972952,1739335825939
143.2761882748924,-484.86558485890185,301.47635770187907,179.9257744135884,0.31566364743775716,179.6100363152439,1739335825947
143.36365967138912,-484.85169930188056,301.1546748740383,179.9270349032789,0.3156700128308528,179.6106371096895,1739335825955
143.4753761262074,-484.8318330866852,300.75104738415496,179.92670393121296,0.31554649939191715,179.61126045006742,1739335825967
143.53740515336924,-484.8239862515686,300.53265968582065,179.9275717356236,0.31545182503552577,179.61159282530835,1739335825975
143.58747622349694,-484.81869122601023,300.3474633978918,179.92836281388315,0.31538695014284557,179.61146965455535,1739335825983
143.62716850314033,-484.8125261003837,300.19053735532566,179.92781988400802,0.31532474200007915,179.61112495380897,1739335825991
143.65761489211033,-484.80723254422577,300.06281623147015,179.92666984185092,0.3152912969650078,179.61062743926902,1739335825999
143.68076514785247,-484.8013960793066,299.96344623653226,179.92564004548055,0.315272727981359,179.6101729294615,1739335826007
143.69897895438828,-484.79696989931404,299.88655218362027,179.9246076391804,0.3152540709392732,179.6099203985861,1739335826015
143.71271464878905,-484.7922719696316,299.8279013409614,179.9235450797386,0.31521203231558403,179.60982527242146,1739335826023
143.72255499243164,-484.7883505995687,299.7883258699986,179.9230629138009,0.31522006550835796,179.60982012332695,1739335826031
143.72983609138765,-484.7867868176234,299.7630146149559,179.923112562418,0.3153060229373178,179.60991504901682,1739335826039
143.72972855156246,-484.78873105832383,299.74937505152053,179.9235782789436,0.3154394877128451,179.60946208611597,1739335826047
143.72638507096758,-484.7905376562611,299.74393647192306,179.92420039216915,0.3156982196740981,179.60882514290248,1739335826055
143.72312586799094,-484.7892709688345,299.75495487635675,179.92609482490636,0.31591744604567135,179.60834305639204,1739335826063
143.72084833112447,-484.78683999443734,299.7762611063032,179.92871801106816,0.31603069514746207,179.60807275402126,1739335826071
143.71967402258102,-484.78454685030465,299.7918052960763,179.93049243736556,0.3160354693428666,179.60796150422206,1739335826079
143.71961842188543,-484.78328225301755,299.7972507181459,179.93109114523685,0.3159923059970204,179.6079789359689,1739335826087
143.7203129391443,-484.7803330872472,299.8035493094758,179.93183908791946,0.3159931439728539,179.60809184570132,1739335826095
143.72101477488545,-484.7693946626886,299.8187165780504,179.93356551306957,0.31603009383665454,179.60818934901488,1739335826103
143.72229537847713,-484.75636458276523,299.828489044954,179.9346390450975,0.31609844619720706,179.60835719901843,1739335826111
143.72530965833192,-484.7509955766485,299.82292080018715,179.93408132403914,0.31612560051939476,179.6087123383633,1739335826123
143.72798629395174,-484.74669533144163,299.8171190736161,179.933353936619,0.31611626072638677,179.60902679888608,1739335826131
143.73128676717064,-484.73587387874306,299.8070080000555,179.9319199585939,0.31606029438121214,179.60943877827546,1739335826139
143.73549569010646,-484.717715271772,299.79849231059154,179.93055346528428,0.31603855433073264,179.60993210742288,1739335826147
143.74119489650244,-484.6909108187743,299.7951137155308,179.92971022370415,0.31603881468210543,179.6106111545518,1739335826155
143.74818240926822,-484.6522436471376,299.797905866092,179.92946481577826,0.31606497568319,179.61142843979604,1739335826163
143.7562129998811,-484.60025329621243,299.8093166018219,179.9300687693773,0.3161226203665072,179.61236510579806,1739335826171
143.76463655882645,-484.5305526007489,299.8295054830703,179.93135177517058,0.3161930619397362,179.61326405949742,1739335826179
143.7693892389274,-484.4406952007706,299.85432959085995,179.93266096906385,0.3162623545180931,179.61359125482863,1739335826187
143.771332166488,-484.32821923172185,299.8796442630941,179.93339126589925,0.3163296277466739,179.6134451866605,1739335826195
143.77216035677483,-484.19171494846944,299.9065261443525,179.93351550108272,0.3163825983972705,179.6130169500426,1739335826203
143.7732096635656,-484.02599867198785,299.9342505207042,179.93296568230332,0.31642342367274745,179.612474989791,1739335826211
143.7750902644351,-483.8315256228739,299.9604753053586,179.93146263718992,0.31649458004637154,179.61187212813,1739335826219
143.77903790526395,-483.6061968792824,299.99494201857186,179.93010114110453,0.31658207860118043,179.6113853781339,1739335826227
143.784351493298,-483.3486488104653,300.0505498438452,179.9303628311704,0.31671908681428523,179.61091544295573,1739335826235
143.7909656494328,-483.0558138195059,300.11844312886666,179.93107927809646,0.3168348606678386,179.61051641144516,1739335826243
143.7988668956538,-482.725380798179,300.17555066856085,179.92941609551963,0.3168501041215882,179.61016386000247,1739335826251
143.80836562887995,-482.3582845209573,300.2406921843677,179.92802399939097,0.31686004692747227,179.6099196331299,1739335826259
143.8208495926408,-481.95394076192184,300.33247886811347,179.92907683934237,0.3169834320835163,179.60983867048412,1739335826267
143.83507122848297,-481.520816635657,300.41883368065044,179.92874845922128,0.31710934985411543,179.6098238840693,1739335826275
143.8507066306478,-481.0470685118873,300.51236700812086,179.92862944706147,0.3172590501843887,179.60985529649665,1739335826283
143.86712161134702,-480.5456151550492,300.6165528052807,179.9290738678822,0.31743006289675113,179.60993150329773,1739335826291
143.891647997227,-479.73014310683186,300.7713374115468,179.9282714595715,0.31755761247052894,179.60988226288237,1739335826303
143.9085134462275,-479.15309741555194,300.8740646374468,179.92687294478404,0.3175268019645278,179.60978360366323,1739335826311
143.91731673401773,-478.849425912828,300.92896865615745,179.92635401354826,0.31747292420969536,179.6097857582146,1739335826315
143.9426463510694,-477.9148125100977,301.0998547605404,179.92542389941502,0.31704172915317586,179.60952969684362,1739335826327
143.95964573209744,-477.26107558274407,301.2232910695951,179.92575589678063,0.31644381665371485,179.6094239045114,1739335826335
143.97737760858072,-476.58970056512845,301.36074600525365,179.92763820571602,0.3157648236914144,179.60936816379896,1739335826343
143.99578446569268,-475.9027775818526,301.50410804867863,179.93013690177352,0.31528638749388355,179.6093296202836,1739335826351
144.01475313700973,-475.19929037917234,301.6312601387914,179.92999373538296,0.31513374727238724,179.60916968267236,1739335826359
144.0352549424217,-474.48585341064376,301.7614503896255,179.92982127423812,0.3151750655371714,179.60915551078384,1739335826367
144.05592314475467,-473.76140477549166,301.8812369217275,179.92773075883287,0.3153123190832946,179.60918865722624,1739335826375
144.07828663948638,-473.0328506833098,302.00858121904685,179.9264141924055,0.3155356689691082,179.6093991453238,1739335826383
144.1012402036145,-472.3023868569829,302.1284935988473,179.924560765875,0.31572874145917,179.6096872891666,1739335826391
144.1233690580014,-471.57441187802095,302.2469639093257,179.92303360773155,0.31590956249966823,179.60985418668577,1739335826399
144.14487891902306,-470.85414992204954,302.3781254774791,179.9238517405215,0.31610795338434877,179.60994508463907,1739335826407
144.1666171800856,-470.13763114766874,302.4994038082404,179.92364493956876,0.31621734014943065,179.61021473216553,1739335826415
144.18712628267915,-469.4346890745275,302.6248441950899,179.92430197318328,0.3162763740116759,179.6103146748283,1739335826423
144.2086245201723,-468.7415183701629,302.75142273524926,179.9255856138582,0.3162619957627357,179.6106090639219,1739335826431
144.23007920757345,-468.06534394163907,302.86251222404803,179.92526529680745,0.3162188582047365,179.61090285299818,1739335826439
144.25015191756552,-467.4086753480991,302.96811768951966,179.92481643280595,0.3161903269293743,179.61112877691315,1739335826447
144.26947658729944,-466.76831328902745,303.0675362829238,179.92400846843626,0.3161073813314287,179.6113606179539,1739335826455
144.2869784956168,-466.1637954751702,303.15824626524295,179.9230385100365,0.3159894432757237,179.61144226322,1739335826463
144.3019007038367,-465.57911279786555,303.2440412076991,179.92232135669158,0.31582927158019514,179.61131971096853,1739335826471
144.32190099675483,-464.7658033746513,303.36887828296324,179.92199845917523,0.31559904842142206,179.61101058280894,1739335826483
144.3346328566285,-464.2614070302934,303.44263403244224,179.9216833623324,0.3155583400130921,179.61081658261736,1739335826491
144.34819717386722,-463.79106423571966,303.5281761632088,179.9233325563907,0.31566755647532296,179.61083378167544,1739335826499
144.3619326451673,-463.35044531337684,303.5984805936146,179.923704020253,0.3158225478295669,179.61095251418848,1739335826507
144.37534921803794,-462.95093246273734,303.6603295705752,179.9235669752739,0.3159680335540469,179.61117244407552,1739335826515
144.38712826365324,-462.58175210969364,303.72440734766815,179.92403020664509,0.3160458059467814,179.6113710554441,1739335826523
144.39646539957377,-462.2486074494207,303.7588790897701,179.92142923589827,0.3160366657993636,179.61136817638695,1739335826531
144.40450350701983,-461.9531262339894,303.7921611215828,179.9193395704737,0.3159974668109683,179.6113213419746,1739335826539
144.41129434545084,-461.6877154630198,303.8346358736694,179.9190525016812,0.31597136354458566,179.61125773412357,1739335826547
144.4175930594079,-461.4597219739062,303.87160139935355,179.91927588359482,0.3159930441223478,179.61122775478844,1739335826555
144.4235127746219,-461.26359985797905,303.89170902587693,179.91864314037304,0.31606834401963235,179.61124917361866,1739335826563
144.42885417846773,-461.09874489454984,303.9185846242855,179.9196968269926,0.31620665921204666,179.61131288553892,1739335826571
144.4334904818336,-460.96233488626706,303.9492555225556,179.9216217464772,0.31633704322024175,179.61139624541445,1739335826579
144.43676512847213,-460.84714852008756,303.976909663606,179.92311942269566,0.31641703070661165,179.61136437748613,1739335826587
144.43513080394885,-460.7522552062713,303.99646259419455,179.92336774480657,0.31641390303367856,179.61081220610416,1739335826595
144.43235387993346,-460.67772197746325,304.00866467148666,179.92271403424337,0.31626324216520696,179.61019570725875,1739335826603
144.4299293315204,-460.6226242383485,304.0136345038672,179.9216398013387,0.31607982511523697,179.6096912387233,1739335826611
144.4274201459022,-460.58233816713795,304.0142090508208,179.920681230149,0.3159371048355156,179.609225415941,1739335826619
144.42589321370843,-460.55474190303244,304.0141762615501,179.92026614601028,0.31587187155580027,179.60891649178103,1739335826627
144.42502743348973,-460.5371429906279,304.014719686992,179.92021789989872,0.315871676754815,179.60873132118198,1739335826635
144.42492670542006,-460.52657781349603,304.0168941219206,179.9204959974847,0.31589156480540387,179.60866371363122,1739335826643
144.42508932299398,-460.52020995410555,304.01971525344237,179.9208355154551,0.3159095108374652,179.60865830942456,1739335826651
144.4259021471813,-460.51691077641186,304.02000064276666,179.92084876404954,0.3159258018370066,179.60873296409193,1739335826659
144.42682345500603,-460.5226597141807,304.0111771042704,179.9197069602273,0.3158867228227099,179.60882221791687,1739335826667
144.42822089727022,-460.53385598382647,303.992426035311,179.9173696996628,0.31574610428953426,179.60896578661857,1739335826679
144.42866566757584,-460.5367131669984,303.98723647298976,179.91676554212697,0.31565748681548067,179.60901658082932,1739335826687
144.42693847961664,-460.54107844039174,303.9884838652916,179.91703811378144,0.3155907393278509,179.6087867412962,1739335826695
144.42249071498875,-460.55419072357023,303.9939599799337,179.91795616975347,0.31558356912963814,179.60824139573248,1739335826703
144.41189564380457,-460.5745878859779,303.99603455436807,179.91848681137887,0.31557851116364244,179.60693944974477,1739335826711
144.4057596330571,-460.58397372216336,303.9876376267669,179.9175901585541,0.3155620939687381,179.60626080367402,1739335826719
144.4022248575829,-460.584732115448,303.9922748186555,179.91815530584614,0.31558680296672265,179.60602633660469,1739335826727
144.3980650919818,-460.58652480000177,303.9937955533025,179.91824610425704,0.31558259389438403,179.60593926342378,1739335826735
144.39092925021117,-460.59273843490774,304.0000507977632,179.91882115944705,0.315613113672215,179.6058222923499,1739335826743
144.37843461515908,-460.60758800966767,304.01329680486356,179.91981495473297,0.3156366037249699,179.6057458549352,1739335826751
144.35706322010017,-460.6352205609904,304.03108560800683,179.92082932308344,0.31564467320427214,179.60578333840968,1739335826759
144.32481393660967,-460.6803069514249,304.04615701424086,179.92121926177023,0.31564111167854003,179.6058343213348,1739335826767
144.28093247569362,-460.7424247464645,304.0658364587652,179.92188182785983,0.3156293349647594,179.60575472117486,1739335826775
144.22449160206637,-460.8216854230904,304.09564877660387,179.9232948393977,0.31562679971056523,179.60581403736657,1739335826783
144.15540921366318,-460.9218994994276,304.12402715489225,179.92364404003385,0.3156208358002016,179.60614028391268,1739335826791
144.0706008594003,-461.04454989879673,304.15343870358913,179.9230461305752,0.3156083918444603,179.60655201921892,1739335826799
143.97011987012323,-461.1938939052942,304.18512532098634,179.92161168185925,0.3155485884285806,179.60730910531032,1739335826807
143.85018157019624,-461.3723446942832,304.2246821620204,179.92022320671515,0.3154958055556909,179.60780391161123,1739335826815
143.7116871658129,-461.5840051480627,304.27824752190105,179.91958455107863,0.31544644459895027,179.60879633814565,1739335826823
143.5505327771267,-461.82000057912893,304.33744245524775,179.91879339755755,0.31537847074375946,179.61010877096487,1739335826831
143.35589227970698,-462.0915603577996,304.4125592897702,179.9193620342153,0.31535745652113234,179.6110427375033,1739335826839
143.12451596642086,-462.4039368692951,304.4978576973833,179.92012460146404,0.31534870813228044,179.61054110422518,1739335826847
142.73867522780967,-462.94694214647257,304.6429764891459,179.92130746156138,0.31530709448147265,179.60893128557242,1739335826859
142.46930073454033,-463.3458780477005,304.73813369880855,179.92053257004775,0.31523784484342754,179.60964609673945,1739335826867
142.17450594993562,-463.77936247293957,304.8572889224519,179.92151477459748,0.3152078165742511,179.61157361262096,1739335826875
141.83545445974357,-464.2472968034426,304.98146479948224,179.92180096363253,0.3151991521814191,179.61134046060698,1739335826883
141.4717429677211,-464.7564039030433,305.1119596444295,179.92232675352037,0.3152071406970916,179.60965566157057,1739335826891
141.10692880914493,-465.2886179236586,305.2333974404577,179.9203178266351,0.3151137241956807,179.61050463141785,1739335826899
140.7022220426312,-465.85574254617546,305.38057011468334,179.92040087505185,0.3150011061515667,179.61116006485744,1739335826907
140.26259062690426,-466.4602001850812,305.5403221373235,179.92136906513687,0.3150326836743029,179.60917154934938,1739335826915
139.82956321673382,-467.0892966746977,305.69102034502544,179.92130250890492,0.31509691199632484,179.6103009516451,1739335826923
139.36387296067022,-467.7401989468943,305.8678001497671,179.92399683284577,0.31510626627077637,179.61141889811827,1739335826931
138.8795693236323,-468.4125313542919,306.04827137342016,179.92507545460668,0.315116076431368,179.61082442688294,1739335826939
138.3911011082171,-469.0979397525276,306.20339268715315,179.9211244767702,0.31503623132840397,179.61259458064245,1739335826947
137.86930749507638,-469.80015705996766,306.38843996472906,179.92118418171347,0.3150371698687693,179.61164228628544,1739335826956
137.35444405681088,-470.5235432183323,306.5607964723934,179.91996205538908,0.3150692944734351,179.61222772573961,1739335826964
136.8128246018635,-471.2558914104968,306.73433160956193,179.91774621438387,0.31506460418123217,179.6120548476461,1739335826972
136.27194873231758,-471.99260348391454,306.92776455148334,179.91833448552782,0.3151825042552632,179.61136119564944,1739335826980
135.7196580050406,-472.751231777375,307.11563540376864,179.919839287981,0.31520195586180144,179.61182842803095,1739335826988
135.1671313869178,-473.50247656723326,307.32273884535533,179.9234586129946,0.3152473591767318,179.61122253693304,1739335826996
134.6201131220859,-474.2503507443868,307.5055493325377,179.92284826384818,0.315259006656957,179.61258547967086,1739335827003
134.05757818794135,-474.99417388948274,307.70676913976837,179.92481442820358,0.3152238182495483,179.61111318337646,1739335827011
133.51276257844384,-475.73130100412794,307.89045133484456,179.92512596298985,0.3151959639081622,179.61149770042326,1739335827019
132.68126073856763,-476.8142912726755,308.1660632876699,179.9244199236183,0.3151491003655255,179.6094150872026,1739335827031
132.16402768851464,-477.51993347628985,308.3208774884095,179.92128250088817,0.3152295406880497,179.61170746399526,1739335827039
131.63053194874692,-478.2122183414058,308.50012211063114,179.9225900479921,0.31528562757238154,179.6107313376671,1739335827047
131.12827661450558,-478.8833405725065,308.66527087605726,179.9224185885164,0.31548007378066667,179.61127293916886,1739335827055
130.6300566397453,-479.53401471890277,308.81671960502166,179.92077547883684,0.31562832389544393,179.61197857126288,1739335827063
130.14752511418064,-480.15691338127505,308.9796046921747,179.92171530957512,0.31584764560678785,179.61049271187215,1739335827071
129.69640516158935,-480.75988988811713,309.13276172865136,179.92329252991917,0.3160100299906533,179.61143757316935,1739335827079
129.2511018669569,-481.33084915457323,309.2788072659814,179.9244754043476,0.3161364481317354,179.61076100497598,1739335827087
128.8427566606673,-481.8700369944166,309.4369093508178,179.92728284307012,0.31629427508888325,179.61055926565425,1739335827095
128.45875370245707,-482.3702883012585,309.55266031231156,179.9257839790595,0.3164140914741213,179.61179532831488,1739335827103
128.08414469528057,-482.8496397879013,309.6710980442772,179.92601167693292,0.3164887853189831,179.6117718377574,1739335827111
127.74575969729868,-483.2828269917574,309.7786471919892,179.92594307396666,0.3165481400432625,179.6116721563249,1739335827119
127.43597078285474,-483.68346692478804,309.8766835031409,179.92550810049642,0.3165273620196163,179.61177139113119,1739335827127
127.15049237486575,-484.05219627274545,309.9508638650391,179.922614879221,0.31652376352024497,179.61283395430658,1739335827135
126.87888448794668,-484.3883743018913,310.0214277137048,179.92068922137716,0.31652609342742943,179.61212696457216,1739335827143
126.64050064231277,-484.6916053100023,310.1060529519837,179.92204334153044,0.31650267921189834,179.61084720317436,1739335827151
126.43424899434439,-484.95955564161693,310.1892327646667,179.92464328636248,0.31642549515536167,179.6101112144315,1739335827159
126.25567788313491,-485.1931343620346,310.2557064527588,179.92650793147956,0.31632783271587234,179.6100707451003,1739335827167
126.09998543058143,-485.39565668706757,310.307904667095,179.9275997980831,0.31625358539489257,179.61054464933255,1739335827175
125.9625548340369,-485.57381734778716,310.3524484339614,179.92834742241635,0.31617991524457995,179.61113122927907,1739335827183
125.7891078765576,-485.79174945149754,310.3985787600562,179.9279987359673,0.3160922092187388,179.61112061588977,1739335827195
125.69801804283001,-485.90126566288825,310.4177942485,179.92697807197695,0.3160589216210188,179.6106299717026,1739335827203
125.62483465499452,-485.98779555375967,310.4319587951552,179.9259801244322,0.3160386407733347,179.61007730160122,1739335827211
125.5700643555697,-486.05584922909145,310.44442769554,179.9254964280409,0.31604445249386054,179.60979900976375,1739335827219
125.52998654814392,-486.1077969140803,310.4548031792629,179.92531070901086,0.31604737225595037,179.6097611967923,1739335827227
125.50153745809462,-486.1468493678098,310.46709567927286,179.925866166607,0.31603676433014355,179.60987215701044,1739335827235
125.48175782069492,-486.1750057282769,310.4812141440958,179.92687778290008,0.31599262328355454,179.6100098920391,1739335827243
125.46892088959477,-486.1927049807038,310.49303782878076,179.92761375509488,0.31595970336047174,179.61022589224484,1739335827251
125.4603700049208,-486.20303763336113,310.5003993804423,179.92786995411458,0.3159131672701132,179.6103285782548,1739335827259
125.45489079913146,-486.2080155385647,310.5030842735451,179.9275992971356,0.3158463135532705,179.61031132218952,1739335827267
125.45777553394616,-486.2046495967255,310.5118705104595,179.92819066124045,0.3157645031479099,179.61103162344804,1739335827275
125.4640940180134,-486.196572458647,310.5169909114305,179.92858468489774,0.3157082844199319,179.6119862348756,1739335827283
125.4703002802254,-486.1889181220969,310.5208970478809,179.92899286448682,0.31569106129113167,179.61281750966737,1739335827291
125.47377241925214,-486.18516814223267,310.521257257932,179.92899472592129,0.31574792268580676,179.61325239178254,1739335827299
125.47626736828491,-486.18343871196174,310.5189109227375,179.9286624287482,0.3157766011015166,179.6135632088854,1739335827307
125.48432997478268,-486.17580199642316,310.51136193373395,179.92752050795596,0.31579986327268106,179.61449492263085,1739335827315
125.49926383709555,-486.1593360008789,310.4999116098641,179.92577221501372,0.31579454113803107,179.61617716813893,1739335827323
125.50476191454379,-486.14560955326147,310.50124751533326,179.9256339639599,0.31574722003111155,179.61664524480318,1739335827331
125.50859472447584,-486.13748764890465,310.514067337068,179.92708689291757,0.3157217157790659,179.61676236021663,1739335827339
125.5134683585508,-486.1358425675089,310.51406044166356,179.92720474814493,0.3156972683226249,179.6166330072523,1739335827347
125.52292044038083,-486.13302452285797,310.51158459944315,179.9272377912507,0.31568585939720273,179.61638605690038,1739335827355
125.53978112427936,-486.12333075917763,310.5013980827028,179.92667333420894,0.3156869874699194,179.61586701526136,1739335827363
125.56868636638838,-486.10271606416717,310.47952850666627,179.92522400112728,0.31570694070539385,179.6152625935029,1739335827371
125.61343879833025,-486.070927484983,310.44978720374786,179.92344659796169,0.31574584920294685,179.61486122726973,1739335827379
125.67665882391657,-486.02460851521045,310.4145292055887,179.9219020320212,0.31577068573541345,179.6144872018995,1739335827387
125.81306985405868,-485.9231492420112,310.35142607256205,179.9201865837219,0.31574987043100644,179.61400831188843,1739335827399
125.9379157473833,-485.8321221904319,310.3010222244749,179.91952712047149,0.31570009645260627,179.61392140879613,1739335827407
126.09167993800102,-485.7193584422722,310.2401169893417,179.91922747896726,0.31560938704845953,179.61356439225375,1739335827415
126.27342249056764,-485.58227258838434,310.168592507862,179.91932810573303,0.3155395964953245,179.61243352250932,1739335827423
126.48421324101797,-485.4203083895787,310.0840599252426,179.9194513068207,0.3154730815106907,179.6113292877573,1739335827431
126.72792508253598,-485.22977615118435,309.99090618854683,179.92034003600133,0.31543082826644164,179.61091377869562,1739335827439
127.01102061882663,-485.0118906672165,309.8899910883837,179.9223098448931,0.3153699385290634,179.61143956305756,1739335827447
127.3437327692722,-484.76194603283307,309.77895090831606,179.92533089744418,0.31527686701951646,179.61246240703247,1739335827455
127.71935929167655,-484.4760763024459,309.64041457603986,179.92681471569762,0.31522417805907377,179.61205836129008,1739335827463
128.12923256344996,-484.15415149686265,309.4769018023635,179.9261565530973,0.31520279265807505,179.61183413504116,1739335827471
128.57812258148567,-483.80423518315087,309.2985717042766,179.92492376932387,0.3151872053362753,179.61185994696098,1739335827479
129.07707242640254,-483.4209838639693,309.09919167393514,179.92343042077147,0.31514208250382403,179.61133445478242,1739335827487
129.59953717749582,-483.0121256004392,308.88552475769035,179.92358443032924,0.31503169436151546,179.61046603042283,1739335827495
130.17190785693506,-482.571084169989,308.6694120861293,179.92474392415343,0.3149274313457268,179.6104006121084,1739335827503
130.77347367776258,-482.0931383348575,308.4332062467613,179.92464350490505,0.31486646409831043,179.6095937330511,1739335827511
131.41727320515727,-481.5933363337149,308.21276176249546,179.92932420455645,0.31477151295762595,179.6105148314823,1739335827519
132.08853201401587,-481.0606626962561,307.95375367953903,179.93026254224213,0.31470883572211056,179.6092199463047,1739335827527
132.79698027082625,-480.5039843787611,307.68322645547147,179.9302601957372,0.314677518320367,179.6094777480011,1739335827535
133.5211029100536,-479.9269004577399,307.3900681126727,179.9299036644899,0.3146187402549004,179.60921130744634,1739335827543
134.27871055601756,-479.3234657724246,307.09293813822535,179.92943146014352,0.3145635555975901,179.60935384114782,1739335827551
135.04381258772227,-478.7011429660495,306.7919539419662,179.92920575988165,0.31445751183614834,179.60974214770803,1739335827559
135.82657059514528,-478.0643255150213,306.480460023754,179.92899773816225,0.3143574872751805,179.60941344772564,1739335827567
136.62640374794398,-477.418436425375,306.1606692370322,179.92729314973144,0.314291698174948,179.6098606450977,1739335827575
137.42537117112246,-476.7666065823105,305.8418493184697,179.92740049294753,0.31423089168385204,179.60981049540547,1739335827583
138.6353281806129,-475.76848453516106,305.37739653662373,179.9284572719513,0.3142303203315141,179.6093536075693,1739335827595
139.44782723174615,-475.09879811725915,305.06001298964844,179.929108178553,0.31422541674963644,179.60897716888928,1739335827603
140.2639140760774,-474.4261729126942,304.72909560669984,179.9266568657586,0.314184607753509,179.6101217927639,1739335827611
141.0531354099348,-473.7604151033876,304.39803966846546,179.92444786580364,0.3141029508215876,179.60903669278764,1739335827619
141.84075780031526,-473.0979013646318,304.0870578077136,179.92436236194388,0.31403389734408627,179.60843027052502,1739335827627
142.61336740241603,-472.44479904269656,303.7814917666099,179.92403501648784,0.3139802064454393,179.6092373838331,1739335827635
143.36480270009477,-471.8083690733832,303.47275775927517,179.923843835507,0.31396452893688603,179.6089902016688,1739335827643
144.1042060696648,-471.1834767039003,303.16918840198076,179.92241557894425,0.31400265859864857,179.60887259830704,1739335827651
144.81213423627244,-470.5779865884786,302.89165454824047,179.9240136764011,0.3141265031053971,179.60922548261803,1739335827659
145.49660200932223,-469.9922316206153,302.6315594638525,179.92642102865602,0.3143547194261291,179.60847326443744,1739335827667
146.15340323235046,-469.4271287837189,302.3759641633757,179.92700613502467,0.31453568011059885,179.60942160173065,1739335827675
146.7754621721808,-468.88874468271734,302.1205091108764,179.92700452549906,0.3146647505561431,179.60831353002905,1739335827683
147.3713245857519,-468.3763923307804,301.87641961715724,179.92626877830062,0.31476251640997666,179.6090613062486,1739335827691
147.92502549354492,-467.89097718873853,301.6424168717714,179.92406300526648,0.31480590340026976,179.6080945022684,1739335827699
148.44229170406743,-467.437968705472,301.4358859249227,179.9245612469035,0.3149678937651276,179.60894730004642,1739335827707
148.92406781945036,-467.01602644806803,301.24361874217396,179.92502138196932,0.3151449531885501,179.60857146850543,1739335827715
149.35685169188025,-466.6303649832734,301.06087192292364,179.92396134990724,0.3152905353678023,179.60885425907264,1739335827723
149.76266526678617,-466.28179838074135,300.9006821747635,179.92388252498543,0.3154395366171382,179.60994864827222,1739335827731
150.12001986465518,-465.966478338664,300.74869457693006,179.92348846265935,0.31547778475538335,179.6091767830992,1739335827739
150.43444084737408,-465.6854409843104,300.6153890697604,179.92398556213772,0.31551842986242545,179.60934801615232,1739335827747
150.71978325962948,-465.43550002999274,300.49839955699736,179.92385856147885,0.31548035332976654,179.6107811800031,1739335827755
150.96918053554577,-465.2138595498416,300.392966121885,179.92259103310172,0.31541440990334,179.61044647975106,1739335827763
151.17785188647974,-465.02276783509694,300.29888564572263,179.9207495145981,0.3153622697303844,179.60953314396477,1739335827771
151.3520271590536,-464.85874278986495,300.21763157014794,179.9190706026098,0.31533212167710756,179.60923815129948,1739335827779
151.55772855233442,-464.66996599933856,300.13245404303274,179.91928181831014,0.3154217828303791,179.6096839851752,1739335827791
151.66647577321342,-464.57538133359867,300.0948359396246,179.92044566676157,0.31550793448069614,179.61035587509775,1739335827799
151.7560018266534,-464.50059312892984,300.0682243853484,179.92192203435857,0.31561266984318365,179.61110693881764,1739335827807
151.82851555082695,-464.4416789284704,300.0502302168404,179.9233289515926,0.3157324301137084,179.61199614168132,1739335827815
151.88324452375608,-464.39575990284334,300.0346416009786,179.9239907538223,0.3158516584582523,179.6124267753036,1739335827823
151.92304671363846,-464.3608891769175,300.01834297556746,179.92360883414,0.3159052069071635,179.6125594287387,1739335827831
151.94948767336396,-464.3356807989183,300.0023209466137,179.9226297989648,0.31593352238507283,179.6123740604277,1739335827839
151.96540519813303,-464.31977554029373,299.9895660051055,179.9216714876058,0.31593505508617786,179.61202918644753,1739335827847
151.97402693850907,-464.3137208345677,299.973380208016,179.92015363878576,0.3159409316479354,179.61165574922728,1739335827855
151.97798693182287,-464.315522594975,299.9594018069396,179.9190805929524,0.31597056912309546,179.61129159269478,1739335827863
151.97635776529233,-464.32436093154314,299.95333659836143,179.91913063622235,0.31604142894076503,179.61059415908716,1739335827871
151.97026378605148,-464.3338004612171,299.95526874878453,179.92002559787878,0.31609586694020647,179.6095764407495,1739335827879
151.9645372592389,-464.3406758140912,299.9609662283199,179.92109130634228,0.316153552912413,179.60876539125073,1739335827887
151.96085334976854,-464.3426093685574,299.9649342232049,179.9216629651307,0.31613819500761803,179.60831294524766,1739335827895
151.954863402278,-464.3429479342299,299.9680680878942,179.92204411580428,0.31612541766094376,179.6075808477759,1739335827903
151.9404768544226,-464.3456256821841,299.9700719829894,179.92226935227288,0.316100898340683,179.605848474144,1739335827911
151.92666502275364,-464.34781012924833,299.9712852490361,179.922404997488,0.31612107754060115,179.60418342896943,1739335827919
151.92163400937636,-464.34627220396584,299.97162609608677,179.92246633676973,0.3161323227159381,179.60365291899353,1739335827927
151.91713863190964,-464.3434537296914,299.9695884711858,179.92225681441508,0.31614188915031793,179.60339237061942,1739335827935
151.90998346601472,-464.3391294195353,299.9630800474753,179.921452756998,0.3161268572233008,179.60340007226125,1739335827943
151.89673747669025,-464.3352428250672,299.9529591619315,179.92012537452288,0.3160695836406506,179.6037448196763,1739335827951
151.87376040346112,-464.3375964025905,299.94782238441445,179.91945138558125,0.3160342178214811,179.60430453988556,1739335827959
151.83712899067876,-464.3459112246232,299.94402624393035,179.9191199879488,0.3159968477707316,179.6048517970998,1739335827967
151.78525146692468,-464.35991392478377,299.94126150259336,179.919261034494,0.3160093244340154,179.60554927116488,1739335827975
151.71380167671705,-464.38096574014645,299.93713019144764,179.9196927886787,0.31605114911661536,179.6061027280381,1739335827983
151.62062987281587,-464.40807980026756,299.9294500796439,179.92010359513594,0.31610647011521664,179.60638793325995,1739335827991
151.43764240692028,-464.45880530611646,299.90806951092407,179.92006702103924,0.3161626043148657,179.60688554306407,1739335828003
151.2850072250618,-464.50055671804995,299.8889812454376,179.91993481410978,0.3161650175291428,179.60713371430165,1739335828011
151.10932509776714,-464.54915365144626,299.86886102419044,179.92020275509205,0.316168066933163,179.608026534927,1739335828019
150.8945780651258,-464.60961806166017,299.84695136858284,179.9209165265319,0.31619345889083034,179.6085639428532,1739335828027
150.64107842461584,-464.6807898309674,299.8219491301205,179.92191155410643,0.31621662280170454,179.6096626206969,1739335828035
150.33866387541457,-464.76526788355955,299.7923012778034,179.92273622199718,0.31625866480222503,179.6096558620691,1739335828043
149.9959802585,-464.85887049928436,299.75498578638593,179.9228458383478,0.3162899970892472,179.60814018421138,1739335828051
149.6379236173135,-464.9535127127891,299.7089748977135,179.92217021710525,0.3162970024198322,179.60896271821792,1739335828059
149.23531211918777,-465.05904260457277,299.6554376642484,179.92086338275928,0.31628830628205684,179.61058800122285,1739335828067
148.78410252665256,-465.1779120353423,299.5972777133947,179.91942512836536,0.31632877935111114,179.60968700058064,1739335828075
148.3095760461154,-465.3012613898206,299.5373397996422,179.9182751014144,0.3163631740429633,179.61005529087615,1739335828083
147.78590431516443,-465.43813382557255,299.4799101818112,179.9180752809584,0.31638806430845595,179.61018013207175,1739335828091
147.23329083918722,-465.5836112908144,299.4241694945101,179.91873262099918,0.3164197962528962,179.60932004819384,1739335828099
146.65298662246863,-465.73770986135554,299.369056591761,179.92022928073052,0.3164574952070415,179.6105471930024,1739335828107
146.03437441641455,-465.90160570533124,299.31105761939466,179.92180420343908,0.3165348485022666,179.60904545874496,1739335828115
145.4064079913106,-466.06614961986196,299.2495317894583,179.9235423286836,0.31660119665858216,179.6113000491887,1739335828123
144.74471837082527,-466.2380785792545,299.1827609238589,179.9249229495676,0.3166906791208621,179.60998773747636,1739335828131
144.07043383756127,-466.41052816898355,299.11010530068035,179.92572060888875,0.31675172777297644,179.6110840418841,1739335828139
143.38092161545094,-466.5846328952851,299.03125322774883,179.92569875869617,0.3168208046974133,179.61090409009483,1739335828147
142.6752498604336,-466.7596702880995,298.9448205088583,179.92455716412346,0.3168812029745981,179.6115611501519,1739335828155
141.59995769616148,-467.02221459440676,298.80935117673977,179.92192338097945,0.31694284122047806,179.6116922396601,1739335828167
140.8795333370982,-467.19799489834685,298.7226534309044,179.9207447726342,0.31695503690341775,179.61126123488546,1739335828175
140.15543319125544,-467.37601227146183,298.6407019805516,179.9204312539258,0.3169626879505668,179.61073880442444,1739335828183
139.44410800420897,-467.55304625457103,298.56722491249565,179.92162890029178,0.3169914631712055,179.61218783368412,1739335828191
138.72866916023898,-467.73183141523066,298.49792084950604,179.92339505848918,0.31698290034216936,179.61150550307775,1739335828199
138.02392418275528,-467.9063357056942,298.42821956638005,179.92503285200138,0.31695626877283267,179.61235259844662,1739335828207
137.3342627232889,-468.0743503478189,298.3553109127861,179.92589901597222,0.3168951773871235,179.61206879546026,1739335828215
136.657750326671,-468.23679077454693,298.27898215015654,179.92613237480137,0.3167702946023472,179.61222433465767,1739335828223
136.00182364215044,-468.3919314363351,298.20187740624954,179.92581952418627,0.3166585463448861,179.61210758284278,1739335828231
135.37009915063135,-468.5397319963993,298.1247367508881,179.925016199073,0.3165551649506755,179.61239911838896,1739335828239
134.77047225185137,-468.6783074213275,298.05109505621243,179.92418247276737,0.3165414146092614,179.61348914385846,1739335828247
134.18414008073466,-468.8137891885378,297.9825824645611,179.92372765952362,0.3165445277905546,179.61219033988525,1739335828255
133.64190266092717,-468.9384841492401,297.92210353086716,179.92398723398674,0.31658170200102215,179.61263175885168,1739335828263
133.11759354544765,-469.05981337284845,297.86969143128687,179.92466934510725,0.3166002525393546,179.61181550231979,1739335828271
132.6429998055448,-469.16828285143515,297.8238055408704,179.92551796623786,0.31661902085624233,179.61152832093828,1739335828279
132.19883184803933,-469.2681233704291,297.7789495804181,179.92575210907384,0.31657445670991347,179.61222826469808,1739335828287
131.78897545061577,-469.3593856855608,297.73632919512795,179.92557056429482,0.31651498654168053,179.61085698935696,1739335828295
131.43340240621913,-469.4380983932151,297.6985166434827,179.9255591740158,0.3164011235548983,179.6114208096073,1739335828303
131.10951342438335,-469.5101937061356,297.66471766393056,179.92564642536254,0.3162900532948598,179.61281090283313,1739335828311
130.81212693681638,-469.5775824067462,297.63545837732994,179.92600210020115,0.3162361258052925,179.6116827494541,1739335828319
130.5600084128226,-469.6349732735958,297.6110239180614,179.9265393712155,0.3162276727134757,179.6106268603326,1739335828327
130.35033482112902,-469.68220649498005,297.5901730392051,179.9271207634826,0.31620035497534427,179.61048516441232,1739335828335
130.17249632508447,-469.72284204881265,297.5731371267152,179.92782889634333,0.3161746628070914,179.6113122931651,1739335828343
130.021138141051,-469.7583071254203,297.5601767932256,179.92863417347462,0.3161440638531779,179.61204110820358,1739335828351
129.8940166679737,-469.78808415562287,297.549514378993,179.9293165859357,0.31611839547904425,179.61191544761562,1739335828359
129.74570477700576,-469.8223052395165,297.53614044436836,179.9299256203623,0.3160808778135153,179.61074719381676,1739335828371
129.67460165260235,-469.8386530270131,297.5285878125851,179.93007638814996,0.31604295123389675,179.60985651584502,1739335828379
129.62325960509008,-469.8501186083816,297.520549885704,179.9297880616036,0.31599696015498285,179.6094620908951,1739335828387
129.58840747003228,-469.8576319694321,297.5126140479531,179.929205435872,0.31598165708390447,179.60937396187725,1739335828395
129.56589510250313,-469.86448553974765,297.507572169327,179.92876657340713,0.3160032350061316,179.6095877084576,1739335828403
129.55254005994917,-469.8704701229563,297.50456581026305,179.92846428526818,0.3159872826274176,179.60993928327534,1739335828411
129.54414126924962,-469.87475665877713,297.50292729377765,179.9282867500988,0.315962403382625,179.6101219014975,1739335828419
129.5391050274839,-469.87752464039994,297.5023813600646,179.92824195041405,0.31590835221960223,179.61023726678377,1739335828427
129.54142131443925,-469.8779280247962,297.50294175925296,179.92836541864577,0.315844895734855,179.61097205144137,1739335828435
129.5477908877664,-469.8770814872544,297.5031393688975,179.92845960603913,0.31574069057137005,179.61198526296207,1739335828443
129.55311375727118,-469.87599114152397,297.5028310607342,179.92851372183355,0.31569833766168154,179.61275324705284,1739335828451
129.5553108876442,-469.8756989475159,297.50225471320823,179.92851361259977,0.3156840200302717,179.6130587368239,1739335828459
129.5601483709154,-469.8743644244312,297.5027550882556,179.9285814868818,0.3156762774371303,179.61365737655052,1739335828467
129.57220615403332,-469.8710916217391,297.50555041353596,179.92891412443998,0.31565147983065756,179.61512797944204,1739335828475
129.58279698093375,-469.86934852382996,297.51565784024456,179.9301506064361,0.31562048676101345,179.61635274123847,1739335828483
129.58549354122587,-469.87157707022857,297.5345430904546,179.93248787694986,0.3155800180301872,179.61651704188807,1739335828491
129.58896372535742,-469.86870764242514,297.5566868234799,179.9351091558967,0.31553995984120536,179.6164791996265,1739335828499
129.59611202692506,-469.86288505067154,297.5735782611547,179.93694578515382,0.3154851151493975,179.6164575746607,1739335828507
129.6096175508437,-469.85848614202393,297.58135057127515,179.93737064196642,0.3154478046252181,179.61637533790736,1739335828515
129.63298634269088,-469.85346690822547,297.5872603230217,179.93697290022016,0.3154362349692818,179.616190454319,1739335828523
129.66996938667054,-469.84343837037983,297.59270362052416,179.93532193916695,0.3154555487410149,179.61593111426072,1739335828531
129.72115770091835,-469.82771060946607,297.6000447055872,179.93268976793792,0.3155158433600813,179.6156330340851,1739335828539
129.79081528537205,-469.81007762707196,297.61962298580755,179.93060876077914,0.3155496446283386,179.615297781889,1739335828547
129.9384006332349,-469.77335412954744,297.6703279610703,179.9281623824435,0.31556288513153125,179.6149962398252,1739335828559
130.07108152424956,-469.7410613375201,297.72321567269285,179.92721640109843,0.3155633663869792,179.61497426091643,1739335828567
130.23083131018623,-469.70112922606467,297.790583291906,179.92643208734725,0.3155475632291125,179.61433212463962,1739335828575
130.4155453564353,-469.65401215126116,297.8747396158734,179.9260192201878,0.3154931503263201,179.61271130442782,1739335828583
130.62868073176685,-469.60083410680267,297.97406991475,179.92581152491277,0.3154285229528737,179.61110346188954,1739335828591
130.8730884380467,-469.54069335393353,298.09017127280345,179.92612575110934,0.3153914385527884,179.61044790616174,1739335828599
131.1568385095375,-469.47237387889965,298.22333309421384,179.92659878257632,0.31539455811502715,179.61120081432168,1739335828607
131.48546143302087,-469.3936290280313,298.372602270156,179.92661491487712,0.3154183153968754,179.61219239015057,1739335828615
131.83997931620323,-469.3067576241705,298.5359494759574,179.92605100049516,0.3154842377407057,179.61090513688364,1739335828623
132.22059741652632,-469.2122762032692,298.7086506033254,179.92514633095632,0.31553890024797204,179.61025835627714,1739335828631
132.64114496111947,-469.1047588004803,298.8935553162416,179.92438748367795,0.31559096897534233,179.61137563143572,1739335828639
133.0865901195121,-468.98948744656667,299.08923994835874,179.9236950197939,0.31556892062167774,179.61053039841872,1739335828647
133.54733239909078,-468.86768900412716,299.29465910722763,179.9219611491014,0.3155526177496068,179.61011554695546,1739335828655
134.04355407387533,-468.7385248348856,299.51723288714663,179.92087007726872,0.3155411925822451,179.61102061365403,1739335828663
134.54592676297386,-468.61239395207804,299.75839130739575,179.9221764988467,0.31545787559537647,179.60994171503947,1739335828671
135.065941420289,-468.48101135020283,300.01244339546565,179.9246642385289,0.31536426318435956,179.61075617593832,1739335828679
135.6008998983943,-468.33802156724494,300.2632112872383,179.92512993232333,0.3153033726901717,179.61035154137213,1739335828687
136.13519155897464,-468.1951977501993,300.5178035255562,179.9259534876365,0.31529958251733015,179.6105891247935,1739335828695
136.68515441973753,-468.0496017911885,300.769723806745,179.9269613423456,0.31526907902766316,179.6104711532943,1739335828703
137.2263340537246,-467.90971067818225,301.02207304385024,179.92683274034047,0.31519708869080715,179.61038230527146,1739335828711
137.77094920549487,-467.76445556935647,301.26758855129367,179.92505620807611,0.3150579196742397,179.61027490374713,1739335828719
138.5656198292393,-467.5504965900257,301.62351990115394,179.92294489715303,0.31474899583938015,179.60974591262632,1739335828731
138.8349662868539,-467.4755809622016,301.7382963647988,179.9219025308714,0.3146815500276252,179.61031415220876,1739335828735
139.59978585627164,-467.26161169891463,302.0753798054833,179.91828601679168,0.3144968669665329,179.60917133814738,1739335828747
140.09870091237693,-467.1288102190697,302.308582514139,179.91935914432185,0.3145046765490304,179.6097384176543,1739335828755
140.56734140734827,-467.00320870516225,302.5395165873985,179.9216664843926,0.31450657560179507,179.60853482388865,1739335828763
141.01190535812077,-466.87993380071265,302.75748623795096,179.92295214479827,0.3145888187157311,179.60903370168575,1739335828771
141.43828758497747,-466.7604072941356,302.9621999093023,179.9241988794621,0.31467151798048737,179.6089160903926,1739335828779
141.8226198020931,-466.65162619937587,303.1466055920835,179.92507609096452,0.3147775752936174,179.60818982077475,1739335828787
142.18501992328302,-466.55046639317953,303.3115953340388,179.92540804824927,0.31488992954830847,179.6094940107944,1739335828795
142.5235178575072,-466.45618656478996,303.45902182003397,179.92443405646492,0.3149674251247555,179.6102064321567,1739335828803
142.82041184012172,-466.3726594694491,303.58904485013693,179.92231858709053,0.31504602225250966,179.60965382747833,1739335828811
143.07762480298263,-466.30040872749106,303.7023974572904,179.92004166424104,0.31509309344831604,179.6094474007601,1739335828819
143.30904979789383,-466.23513867443506,303.80045752396654,179.91840781469813,0.3151503485444203,179.61051900315297,1739335828827
143.5111413619528,-466.1777899192968,303.887833324703,179.91809617846545,0.3151936269010509,179.61103637356135,1739335828835
143.68033422368734,-466.13084473694295,303.9633077298851,179.91863699245567,0.3152178528798778,179.6104211743283,1739335828843
143.81754998015575,-466.09354775184283,304.0328679952089,179.92034717441078,0.31530871862139204,179.60967757982323,1739335828851
143.92620240854575,-466.0648332285756,304.095587819914,179.92273098451204,0.3154135039405902,179.6092471208458,1739335828859
144.01164707762052,-466.04052563751526,304.1452014246391,179.92447375376193,0.31548025158221615,179.60924074535646,1739335828867
144.0757337368002,-466.02159397941807,304.18061678741117,179.92513064035552,0.3155008225017802,179.60933176179896,1739335828875
144.12391742956802,-466.00554042401194,304.2021303415353,179.9245138497471,0.31549303552482133,179.60945246774367,1739335828883
144.1593495735166,-465.9928620662623,304.21294863141514,179.9230492539918,0.3154554573502603,179.60954426571962,1739335828891
144.18485273271017,-465.9830653503668,304.2179477024761,179.92154395997667,0.3154343596136926,179.60968548579083,1739335828899
144.20836582278778,-465.97918083597295,304.21082277678744,179.91882381423434,0.3153857980534189,179.6098928483236,1739335828911
144.21780626575003,-465.97714126169075,304.2002152324415,179.91703070312406,0.3153619042784237,179.61008251971754,1739335828919
144.22206192853002,-465.9764149467617,304.1918945204778,179.91584446739495,0.3153608860139572,179.61000166427254,1739335828927
144.21639256358696,-465.977854620903,304.1873387409636,179.9152713859373,0.3153640182141078,179.60894442203102,1739335828935
144.21030827045522,-465.97951678934294,304.18668878299763,179.915216070285,0.3153627739380421,179.6080260835862,1739335828943
144.20717635331067,-465.980202400369,304.18840035116295,179.91546709432387,0.3153807290360596,179.60757859739746,1739335828951
144.20700049265434,-465.98123849170463,304.1897708708867,179.9156640185413,0.3154037343369427,179.60755254414497,1739335828959
144.20673074640527,-465.9869014213663,304.188581992236,179.91558212847673,0.3154316060750849,179.60749796870397,1739335828967
144.20416371118577,-466.00551329159066,304.1838780972212,179.9151469032221,0.315450168674723,179.60715003339396,1739335828975
144.1977589697556,-466.0199153326602,304.17835785295136,179.91458289753288,0.3154571531943466,179.60639285551278,1739335828983
144.18776867173366,-466.02862222706995,304.18488451369336,179.9154666516454,0.3154818820665585,179.60518835902724,1739335828991
144.18451472779466,-466.0344199559506,304.1936138563501,179.91660925850584,0.3155121113624471,179.60491681353943,1739335828999
144.1823316433609,-466.0450963425678,304.20832202477567,179.91856819152048,0.31553900938407825,179.6048543927461,1739335829007
144.17991535116465,-466.06113147412583,304.2258627057692,179.92092926951034,0.3155962788623229,179.60499195358952,1739335829015
144.174743335649,-466.086300922197,304.24285239379725,179.9232112535383,0.31566694573680504,179.6052458402182,1739335829023
144.16391424915258,-466.124110509488,304.25855403330934,179.92508969017211,0.31568388921468077,179.6054800981656,1739335829031
144.1471614354502,-466.176009332442,304.27022338257865,179.92589922427226,0.31569120570185283,179.60589707655296,1739335829039
144.12265400118315,-466.243066807145,304.2818974826502,179.92600028412204,0.315661955963337,179.60624847140656,1739335829047
144.0898692958362,-466.3308786410886,304.289999964118,179.92502626106685,0.3156056974066688,179.60656628009352,1739335829055
144.04829589214577,-466.4424078708811,304.30390887119484,179.92439826939912,0.31556433333260153,179.6068985521243,1739335829063
143.99852028242492,-466.57945982853613,304.32315853549073,179.92427384669315,0.3155241756072823,179.607503398723,1739335829071
143.93756419028753,-466.7434704094109,304.3477476937117,179.9247685399936,0.3154994854549774,179.60803409769892,1739335829079
143.86647303898224,-466.9362423034401,304.3715687016947,179.92510090844164,0.3155297400161386,179.60874474280845,1739335829087
143.78305479420112,-467.16161454636335,304.3858240238784,179.9240818143054,0.3155387324368632,179.60934375423628,1739335829095
143.63586594020117,-467.5534507416041,304.416235221703,179.9225198660695,0.31547142383613047,179.6105562075776,1739335829107
143.5204922225307,-467.85103848267204,304.461098177175,179.92357145072415,0.315431878105023,179.61151546367992,1739335829115
143.38516036456443,-468.1743983479126,304.5008496010405,179.92347676113266,0.31536441369652607,179.61169258024154,1739335829123
143.2342328462098,-468.53109839214954,304.52494135192177,179.92126017601285,0.3153130459151665,179.61103990230777,1739335829131
143.07950109479626,-468.92430887762856,304.55103533343896,179.91944889270425,0.3152359799417102,179.6106184977635,1739335829139
142.918064589545,-469.33003942366224,304.59652026889233,179.9199916558769,0.31527720200989806,179.6098805407653,1739335829147
142.7541840235737,-469.7513284685434,304.64711237166597,179.92090546698034,0.3153766138432488,179.60963198024393,1739335829155
142.58720017972558,-470.1974638205256,304.6948502673561,179.92105608935236,0.31549158500484875,179.60991597714204,1739335829163
142.41447772809786,-470.6540612481944,304.7425266653167,179.92097008816845,0.3155866858852948,179.6109634266588,1739335829171
142.2340747033954,-471.12625824400106,304.8062128197675,179.92228563448705,0.3156629009750332,179.6125086911073,1739335829179
142.03652447488784,-471.6045701806289,304.8496461402137,179.92038825514587,0.3156396956448624,179.6123948174421,1739335829187
141.83124727163147,-472.09678063322104,304.9039238062235,179.92031746114415,0.3156015532304371,179.61097899615962,1739335829195
141.6342297435787,-472.58564775677263,304.9633703657171,179.92104510132702,0.3155311508620928,179.60992092574463,1739335829203
141.44406662435998,-473.0772565089301,305.0045532657118,179.920106699731,0.3153578855310288,179.60958430674557,1739335829211
141.25834050383853,-473.56566881783573,305.05705826081055,179.92089004671894,0.31520487516776785,179.61020125556084,1739335829219
141.06890457573627,-474.04713377596676,305.1110257036245,179.922465316695,0.31513078260283306,179.61109007275724,1739335829227
140.87671285200628,-474.53190292223377,305.16221194551264,179.92374866882844,0.3150911902478432,179.61178742405818,1739335829235
140.68099374815537,-474.9944556599206,305.20826301698554,179.92425081770256,0.3150868153912061,179.61102291982962,1739335829243
140.49636039606636,-475.44527334794225,305.2756539458383,179.9271178496831,0.3150912502479459,179.61026692099784,1739335829251
140.32480731572792,-475.8721270556678,305.30607645323306,179.92484521639463,0.3150421002539032,179.60984794935428,1739335829259
140.16297103934218,-476.27684375306336,305.3428632699846,179.92342380046153,0.31503538832582634,179.60969601960042,1739335829267
140.0144925450505,-476.65750048731974,305.38414960398694,179.9228283639462,0.31509001755744387,179.61059118117328,1739335829275
139.87464574073095,-477.01194060131945,305.40144121022036,179.91974140490098,0.31515799106633385,179.61194022214457,1739335829283
139.66945551397586,-477.5126454654889,305.44044798700725,179.9184552535088,0.31534183420785106,179.61263515876126,1739335829295
139.5428418666705,-477.806971702716,305.4721538104512,179.91906752208413,0.3155266984497507,179.61212163973633,1739335829303
139.4303342077734,-478.06821463648816,305.5000050339255,179.9196964334938,0.31564511309245114,179.61141644468418,1739335829311
139.3325884897103,-478.3071899368571,305.5293893041327,179.92123336543722,0.31569414911644694,179.61074285276493,1739335829319
139.25081727141063,-478.5197380476546,305.55528013081414,179.92272689042002,0.31571941462890635,179.61030058844668,1739335829327
139.1833737368234,-478.6960829780613,305.5747031299728,179.9235534855965,0.31579450195820435,179.6102285277289,1739335829335
139.13080989492627,-478.8368934234682,305.58811759796924,179.92353670348757,0.31589238460626706,179.61064966019973,1739335829343
139.08586475654553,-478.952577706158,305.5960808164672,179.9229635243147,0.31594682094374144,179.6109674170032,1739335829351
139.0453793930403,-479.0474509202398,305.6020125763213,179.9223298483872,0.3159377538775788,179.6107429845959,1739335829359
139.0112018266764,-479.1237863449379,305.60783371169964,179.921861302068,0.31587858000305635,179.61042699636502,1739335829367
138.9832362042737,-479.1853831147107,305.61276527936224,179.92161933000466,0.315806650155772,179.61003980375895,1739335829375
138.9628153813039,-479.2333474167473,305.6188222879619,179.92191742444714,0.31573621072365526,179.60987545896515,1739335829383
138.9495842465522,-479.2688041381812,305.6261751142965,179.92264757853115,0.31568722555536244,179.6100227412451,1739335829391
138.9415451258452,-479.295060873369,305.63483663120815,179.92380340119706,0.3156849759702651,179.61030538764638,1739335829399
138.93618359609843,-479.3129730281528,305.6427725380959,179.92499795880283,0.3156871353392522,179.61053844870966,1739335829407
138.93735304748353,-479.32246295224877,305.64834159106823,179.92583057382024,0.31571223273521276,179.61125131029743,1739335829415
138.9419434027773,-479.32585459576416,305.6524376318377,179.9263967915344,0.3157396468389784,179.61214577617224,1739335829423
138.94632496094886,-479.3194014972918,305.65947721949135,179.92715953680525,0.315749421444884,179.6129184257066,1739335829431
138.94964632819122,-479.3101471509951,305.66446059528596,179.9275271771496,0.31576652289755813,179.61341714596432,1739335829439
138.9507402491002,-479.302621047887,305.6648601839966,179.9273032442153,0.3157723656623455,179.61362711501866,1739335829447
138.94976595113127,-479.30084570188563,305.663595702686,179.92706539788367,0.31576613431454453,179.61353068487153,1739335829455
138.94567631996472,-479.29780042422226,305.6633189240386,179.92700423048228,0.31576904855947124,179.61304705106534,1739335829463
138.9377720235944,-479.28670263982536,305.66717742795413,179.92737139081552,0.31577524309732435,179.61212303633673,1739335829471
138.92287524243903,-479.2751818644744,305.678912748339,179.92870427326756,0.3158235881081703,179.6104226578857,1739335829479
138.9030819117204,-479.2774355862202,305.6795013595064,179.92874634030355,0.31585412563719084,179.60828098471953,1739335829487
138.89310456357617,-479.27817027860834,305.67380681520797,179.92805736303538,0.3158658037948208,179.60788883068278,1739335829499
138.88857434119504,-479.272379802821,305.6630194450002,179.92661459237078,0.31586377024842216,179.60830109802302,1739335829507
138.88017577673287,-479.26204321906835,305.6469361766559,179.92450835867058,0.315855657104126,179.60875599834074,1739335829515
138.86531521968402,-479.2447988611496,305.6329858935862,179.92270526886512,0.31586356178382535,179.60917012042026,1739335829523
138.84204948095203,-479.21769452716615,305.62143140701926,179.92136959155897,0.31588371560231054,179.6095157476932,1739335829531
138.8091740323941,-479.1805675387157,305.61247214606533,179.9206036729543,0.3159098825319236,179.60971810376753,1739335829539
138.76711701895601,-479.1311698614841,305.60585306527133,179.92049769982285,0.31595732069600296,179.61015045550806,1739335829547
138.71244093640007,-479.06732441860254,305.59900254123363,179.92057011123117,0.31603351287778597,179.61059969660695,1739335829555
138.64325966267108,-478.98975209181043,305.5934168639445,179.92111448039,0.3160987506659661,179.6110805211644,1739335829563
138.55750258748617,-478.89497105104886,305.5875685139375,179.92182584843601,0.3161890975027162,179.61150278629708,1739335829571
138.45205474986966,-478.7820525209171,305.58055345554465,179.92254039849462,0.3162642661178114,179.61138966972794,1739335829579
138.32931366330217,-478.64261619559005,305.5671273416227,179.92265364096318,0.31636737627913664,179.61110300486072,1739335829587
138.1853186296028,-478.47470790385273,305.5522127435343,179.9227224606658,0.31651771639979737,179.6100477615461,1739335829595
138.02947196847055,-478.27506298377403,305.5271954471437,179.92171462859412,0.3166363068208627,179.60958393644802,1739335829603
137.8591742196412,-478.05962321652476,305.50329481038216,179.9212627062045,0.31673214663532256,179.6095661189715,1739335829611
137.67136664285457,-477.8255905400014,305.4805459575583,179.92142368521584,0.31684194377052505,179.61006850458074,1739335829619
137.45587994869803,-477.5569253227516,305.4496764540371,179.92093667837258,0.31697646210035746,179.61050317312817,1739335829627
137.21220840475866,-477.26203656297304,305.4309310845171,179.92243510094505,0.31714464180431057,179.6112335244729,1739335829635
136.9385109884124,-476.9512530552068,305.40533159504236,179.92332802368082,0.317241528167191,179.61074478638875,1739335829643
136.64901270664916,-476.60847916162203,305.3589823255664,179.92231178399933,0.31728428018459937,179.60979247365137,1739335829651
136.3493265413382,-476.24251161627143,305.3422383492792,179.9254184778671,0.31719553061820066,179.60953828301277,1739335829659
136.02854923758085,-475.8483943041895,305.2892924659494,179.92437183779919,0.3170822742125378,179.61050265205947,1739335829667
135.67968639735994,-475.4383947437908,305.2511248477791,179.9257279403748,0.3170966660045862,179.61083560619514,1739335829675
135.13732011344032,-474.77319639447506,305.17044491123823,179.92478459839953,0.31729342677080785,179.610440010966,1739335829687
134.75775386006637,-474.299473962628,305.12269632507565,179.92457638641088,0.3173663328701427,179.61150480628797,1739335829695
134.35021931135964,-473.81905406973203,305.0716489697138,179.92453348097735,0.31743535534754463,179.610689192087,1739335829703
133.94299890494935,-473.3126084477133,305.0218401518862,179.9249126255812,0.3174736824450763,179.60993952151338,1739335829711
133.52405872858836,-472.7924308590097,304.9622018011362,179.92473393846893,0.31736361317884265,179.6103908301038,1739335829719
133.07991383889842,-472.2686685147682,304.92210703837264,179.9279036877922,0.31698000704133455,179.60902719626802,1739335829727
132.64927756514183,-471.73102583914084,304.85014918737215,179.92744583573926,0.31650527883043544,179.6088424909553,1739335829735
132.2143685696303,-471.1809360287176,304.7965671881512,179.92901325953997,0.31605913933780355,179.61041178823174,1739335829743
131.76262021261513,-470.6324971669919,304.72936291633687,179.92875382117455,0.3158882242372844,179.60947016912905,1739335829751
131.33089064109592,-470.0677517763287,304.6618735866087,179.9279400597156,0.3159669772829705,179.61064993983246,1739335829759
130.88444447882887,-469.50717435515537,304.5821786873014,179.92555771124506,0.31604705827114343,179.61148905083527,1739335829767
130.43256107162813,-468.95108253833195,304.5067451265227,179.92394779196167,0.31619187404868254,179.60955254377447,1739335829775
130.0104885296917,-468.39064171025365,304.4349226947968,179.92352737654016,0.3162565976234443,179.6113186043158,1739335829783
129.56969144806632,-467.8405603343858,304.3638656473707,179.9236568295281,0.3163083051340519,179.6105376491375,1739335829791
129.146493185722,-467.2960049034942,304.31546634029456,179.92684164271384,0.3163787179712041,179.60963368800037,1739335829799
128.74453199223535,-466.7663249956773,304.24252834351705,179.9265081753858,0.31645921523579623,179.61191094109816,1739335829807
128.3195064129397,-466.24710120699376,304.17537289289567,179.9262218642472,0.3165604137277171,179.6098168146578,1739335829815
127.93601198973525,-465.7380796502668,304.10171277739147,179.92470678986737,0.3167348212472216,179.61029189237408,1739335829823
127.56447400797666,-465.24267220103303,304.04368836823176,179.92516712285382,0.31678214220417966,179.61210101528707,1739335829831
127.18940449518209,-464.7749728785309,303.97399414675715,179.9241231291848,0.316840116843288,179.61063555016733,1739335829839
126.84755351513674,-464.3210185115883,303.92206592747647,179.92540595660697,0.3167980049391344,179.61019333885193,1739335829847
126.52474205067921,-463.883342551921,303.84754383521823,179.92382663018654,0.3166931108193864,179.61134867209861,1739335829855
126.20326322704025,-463.48106005424074,303.8069503483569,179.92627248473846,0.316443584317838,179.61084204845193,1739335829863
125.77321542046931,-462.9098892828567,303.71976378289173,179.92529170718367,0.31619849461137317,179.61015482011206,1739335829875
125.51996585611583,-462.5592082730862,303.68382377673356,179.92649772885576,0.3159763398171402,179.61152555122214,1739335829883
125.2729155239935,-462.23569683121997,303.6432079641461,179.92664209907076,0.3157903945022176,179.61217617271026,1739335829891
125.0415672683494,-461.9487125332191,303.6051976581129,179.9266017389563,0.3157458959623135,179.61137231509124,1739335829899
124.84016062692355,-461.6722612660104,303.55880250578485,179.9250341019586,0.31575624728649854,179.61082316799667,1739335829907
124.66463371152717,-461.42807334015026,303.5312615513286,179.92554971361395,0.3156639728259377,179.6108232357883,1739335829915
124.5087935104912,-461.21395180612876,303.49758364620334,179.92474056178793,0.3155166349305711,179.6115096757029,1739335829923
124.36943818435476,-461.0180635738212,303.4453000957657,179.92149658078628,0.3154660256738405,179.61252449697128,1739335829931
124.23966906240447,-460.8547761678401,303.41627012644426,179.92109074029167,0.31543053571321567,179.61257492964398,1739335829939
124.12434367629518,-460.7161429102529,303.4035140878604,179.92210616471021,0.31539811203995527,179.6119341925107,1739335829947
124.0267458063771,-460.6019693677457,303.39728683092335,179.92379493068788,0.3153899257868907,179.6109275794495,1739335829955
123.94877786204702,-460.5059772941539,303.39138068979975,179.92522084996955,0.31539575176016527,179.61029776112056,1739335829963
123.88832169846653,-460.4208332654573,303.3782005178783,179.92539248692566,0.3154349788641423,179.6099430252211,1739335829971
123.84215448679964,-460.35133743615995,303.36490061224373,179.92520954147605,0.3155090555423238,179.60980119109843,1739335829979
123.80799969853267,-460.2952592049591,303.3485458728812,179.92412212557292,0.31559577384819265,179.60992430129147,1739335829987
123.78282006174763,-460.25096321246525,303.33394167285576,179.9227898592595,0.315652486470671,179.61016613964023,1739335829995
123.76298765326285,-460.2218651827008,303.32859898329747,179.92242388504508,0.3156571690870677,179.6102876494105,1739335830003
123.74854851707003,-460.201862364465,303.326705497536,179.92250851797112,0.3156267986075739,179.61039918641026,1739335830011
123.73763780518503,-460.1898094374045,303.3288733486751,179.9231415255913,0.31561452544721064,179.61038545740215,1739335830019
123.73035388937379,-460.1837419950499,303.33297212615713,179.92405135639498,0.3156156749135547,179.6103806301567,1739335830027
123.72812398524934,-460.1790489283554,303.3347316628281,179.9245722027923,0.3156319873281836,179.61068710651543,1739335830035
123.73275719815244,-460.1756910665437,303.32838659463835,179.9239360454938,0.3156636233516513,179.61164731499147,1739335830043
123.73867018038005,-460.1807379482107,303.3204545357888,179.92304743206543,0.31569527321588287,179.61265480675473,1739335830051
123.74273467303622,-460.1871412438522,303.31372048944286,179.92225408951845,0.31574437557215096,179.61333021688253,1739335830059
123.74289714980574,-460.1911837834009,303.31028630918433,179.9218256825518,0.3157390181450152,179.6134231828293,1739335830067
123.74163142753608,-460.19149311133197,303.3096254415753,179.9216964485495,0.31573603552503404,179.61328675310853,1739335830075
123.73967035454257,-460.1916483884196,303.3100806103496,179.92173630790302,0.3157014275097734,179.61308992714632,1739335830083
123.736944554289,-460.191018438064,303.31226814761396,179.92198119837133,0.3157029905824412,179.61273796430814,1739335830091
123.7355663771522,-460.19012724636525,303.3152665201821,179.922355013889,0.3156940576139864,179.61256336261698,1739335830103
123.7341153273566,-460.18889079035114,303.3196597811584,179.922919699771,0.3156938642662844,179.61239656855835,1739335830111
123.7324819729426,-460.1871428272617,303.32503708244593,179.92358542756767,0.3156711055566303,179.61216930338097,1739335830119
123.73114540258102,-460.18535232483833,303.3302822915256,179.9242449301636,0.3156620509834914,179.61199631892288,1739335830127
123.73001157460241,-460.18364293666406,303.3346200204621,179.92475469196543,0.31565032234626655,179.61184988631535,1739335830135
123.72865497926296,-460.1823021278997,303.336980492239,179.92499844072273,0.3156183214287061,179.61167480460014,1739335830143
123.72732842882478,-460.1812176569246,303.33791484171377,179.9250526616212,0.3156116643314555,179.6115122715944,1739335830151
123.72584702196323,-460.18041563683585,303.3382492422601,179.92503135237575,0.31558639239158237,179.6113221126165,1739335830159
123.7245848687563,-460.17986964805027,303.3385463147637,179.92503748198396,0.31556673004293084,179.61116591754285,1739335830167
123.72335131702097,-460.1795660570508,303.33896517332613,179.9250713681738,0.31556642989303785,179.61098943120024,1739335830175
123.72238510090693,-460.17932287743787,303.33972926787993,179.92518007688253,0.3155638320171932,179.61086077944765,1739335830183
123.72158388646046,-460.17899856176683,303.3406018583936,179.9253023037865,0.31556088399466586,179.61073900484817,1739335830191
123.72129540101811,-460.1786565546486,303.34133273187985,179.92539803191914,0.3155722798609928,179.61071912028683,1739335830199
123.72109108545766,-460.1783114351612,303.3414478430715,179.9254046885719,0.31557243164867926,179.61066478795294,1739335830207
123.72109491812772,-460.1778712862042,303.34093641366997,179.92531616021367,0.3155685084738169,179.61067117858687,1739335830215
123.72097336291029,-460.17746184573895,303.3400780308423,179.92517388269044,0.3155864852384188,179.6106433221071,1739335830223
123.72096464586159,-460.177039473002,303.3393623920781,179.9250441625806,0.31557690109990016,179.61061558100386,1739335830231
123.72094757889909,-460.17650184131304,303.3385469062259,179.92490084682132,0.3155610338234707,179.6106285454289,1739335830239
123.72088409849746,-460.176407619603,303.3385288862479,179.92490733761667,0.3155540604051169,179.61060811697794,1739335830247
123.72089368000864,-460.1761055292212,303.3389378992118,179.9249820214099,0.3155521224494782,179.61059477898274,1739335830259
123.72087545267179,-460.17573944846384,303.34040079080836,179.92518644554093,0.31556046002913374,179.61060263291657,1739335830267
123.72107432787723,-460.175373973931,303.34129944846023,179.92530901755558,0.31557092546965226,179.61058287956178,1739335830275
123.72106303732852,-460.17520364431283,303.341750425691,179.92537087787008,0.3155897948719877,179.610576401551,1739335830283
123.72103965268126,-460.17505981124566,303.341435874292,179.92531025715138,0.3156053060924328,179.61058296668045,1739335830291
123.7211267040093,-460.1748452406733,303.3408626514683,179.92523592838847,0.31562104974381716,179.61058251435844,1739335830299
123.72119827880617,-460.1747282483358,303.34047705229443,179.92516133474226,0.3156300817106102,179.61057543801695,1739335830307
123.72121534889693,-460.17461053135094,303.33995215356373,179.92509360695715,0.31563878967408043,179.61057502970874,1739335830315
123.72123354263394,-460.1744679122337,303.3393996754429,179.92501225225377,0.31564794163467286,179.61056780915172,1739335830323
123.72123456449035,-460.17446129587466,303.33916798193883,179.9249578889692,0.3156495724998899,179.61056765663997,1739335830331
123.72122968305713,-460.17425592873644,303.3388460950496,179.92490994140596,0.3156442173105497,179.6105402048201,1739335830339
123.72131490739923,-460.1741012788149,303.33847729698374,179.9248424492366,0.31565987696849257,179.61054673013342,1739335830347
123.72142291055503,-460.1741100814762,303.3384605926231,179.9248356533498,0.31566006152934695,179.61056032256164,1739335830355
123.72143219657764,-460.1738617738797,303.3381654702924,179.924781330829,0.3156618321168571,179.61056688944393,1739335830363
123.72141608232904,-460.1738509311203,303.3379545944171,179.92475468922765,0.3156829286656969,179.610532734451,1739335830371
123.72140314018425,-460.1738506848311,303.33810436413245,179.92478843581534,0.3156751223778192,179.61053283379738,1739335830379
123.72141503647894,-460.1738625712625,303.33802645790576,179.9247886640443,0.31568183834247154,179.61053276630824,1739335830387
123.72153247526798,-460.1738318822787,303.33808118463304,179.9247965016612,0.3157156181441339,179.61051920889085,1739335830395
123.72138655593243,-460.1738350800447,303.3382031833022,179.9248163097851,0.315694702398122,179.61052609318816,1739335830403
123.72132350197553,-460.17375278698773,303.3378992216744,179.92476164073503,0.3156895259825689,179.61050547275713,1739335830411
123.72125355477094,-460.17384354721537,303.3380155826806,179.92478168317723,0.31568206204110494,179.61047836890282,1739335830419
123.7212979760024,-460.1737764126837,303.33777674436305,179.92474067916726,0.31567646892757817,179.6104849911739,1739335830427
123.72130633590619,-460.17389059880793,303.3377848007186,179.9247477771949,0.31568297113843535,179.61049859985104,1739335830435
123.72141379708708,-460.1739097085704,303.3375983026602,179.924734106733,0.3156832070905404,179.61049845318502,1739335830443
123.72138227006288,-460.1739871352207,303.3373677121234,179.92470062467072,0.31569769637494616,179.61049828874536,1739335830451
123.72143565691334,-460.1740145689366,303.33709938643995,179.92466653073885,0.3156985424476853,179.61048449190548,1739335830463
123.72144686976881,-460.1740593341447,303.33701473993347,179.9246464117248,0.3157059231313409,179.61049123971523,1739335830471
123.72154870233923,-460.17391526448654,303.3367069530315,179.9245714340524,0.31570146219426193,179.61050462626613,1739335830479
123.72159718190908,-460.17373766661314,303.3367355296336,179.92454399174744,0.31569572678721114,179.61050466169416,1739335830487
123.72153235480128,-460.1737070585597,303.3365204455356,179.92449626857822,0.3156903963708546,179.61051131228157,1739335830495
123.72146532836247,-460.1737162088545,303.33668017924316,179.92451638890208,0.3156830523750401,179.6104978358943,1739335830503
123.72142430787451,-460.17370542268895,303.3365609038432,179.92449623292822,0.31569044764866866,179.61049094939304,1739335830511
123.72146536227001,-460.1737101142118,303.336748217006,179.92452986780242,0.31568263287426995,179.6104774864825,1739335830519
123.72148850534388,-460.1737606709101,303.33665370213043,179.92452349336216,0.3156963189899165,179.61047061591879,1739335830527
123.72153122122678,-460.17373303237946,303.33663981666825,179.9245165054042,0.3156897598240557,179.61048420608066,1739335830535
123.72156912752816,-460.1737221036649,303.336626314143,179.92451047764817,0.31571038783891686,179.61049779649377,1739335830543
123.72163443868507,-460.1737535221162,303.33678332467775,179.92453102072622,0.3157165821228362,179.61049112088645,1739335830551
123.72167170136207,-460.17377118404636,303.33639591522086,179.92447734456604,0.3157384393687725,179.61049083329095,1739335830559
123.72171329362664,-460.173768447266,303.33640960919985,179.92448387115033,0.31573140941898875,179.61049084000092,1739335830567
123.72171322581937,-460.1737806364368,303.3362735336734,179.92445661367424,0.3157321767505515,179.61047715025978,1739335830575
123.72164787080155,-460.1737563845113,303.3361402771223,179.92442927652374,0.315726227263933,179.61048385396964,1739335830583
123.72167756675533,-460.1737417615855,303.3362318773184,179.924435537429,0.3157124723783391,179.61047712964702,1739335830591
123.72168937535048,-460.17376798111434,303.33620147893646,179.9244222149536,0.31571968688182994,179.61048391688422,1739335830599
123.7215943243823,-460.1737583520468,303.33597662222184,179.92438854197295,0.3157274743606433,179.61048374778156,1739335830607
123.72173013455213,-460.17368763115053,303.3360952740034,179.92438889521978,0.31574117538414154,179.61047704924653,1739335830615
123.72178980300644,-460.17355982042585,303.33587937510873,179.92432102035883,0.315743379067567,179.61049730886427,1739335830623
123.72186650177186,-460.1733185759815,303.33550574687126,179.92421245661407,0.3157536632681755,179.61049026327134,1739335830631
123.7218636043505,-460.17310640213947,303.33527122708637,179.9240967529402,0.31575072705361956,179.6104969454953,1739335830639
123.7218766674874,-460.17279745698016,303.3347910122637,179.923954096592,0.31575535750094585,179.61050342795627,1739335830647
123.72205018598854,-460.172517031454,303.3342099526347,179.92383850184862,0.3157588979534977,179.61050980237343,1739335830659
123.72211894158542,-460.1724633604115,303.3339850966837,179.923804791408,0.3157666765251562,179.6105232300215,1739335830667
123.72228072349886,-460.1723787955443,303.3337567029009,179.92375135200427,0.3157955273770595,179.61053667180792,1739335830675
123.72231798628265,-460.17239645474905,303.3333692949004,179.92369760088917,0.3158173665010605,179.6105227867245,1739335830683
123.72248330044333,-460.17221246477413,303.3327115278824,179.92360345868303,0.31584730321732996,179.61054947691497,1739335830691
123.72248205131606,-460.17226066989184,303.3323751659226,179.92355588585474,0.31584856870352773,179.61054923088813,1739335830699
123.72242808878462,-460.1722496385496,303.33240565981356,179.92356943899733,0.3158481486529994,179.61053564524076,1739335830707
123.7224410987515,-460.1722376948124,303.33239196605285,179.9235628374678,0.31585516057023544,179.6105288397433,1739335830715
123.72252235028684,-460.17217448804007,303.3324868638057,179.92357013466008,0.31586865279364296,179.6105425087301,1739335830723
123.72260895906803,-460.17208606856354,303.33231596883536,179.9235424912476,0.3158558724625955,179.61055597589205,1739335830731
123.72247117288235,-460.1721062222208,303.3322885813317,179.9235293631452,0.31586991443645995,179.61053556661145,1739335830739
123.7226338115487,-460.17209425000533,303.33233991435367,179.9235361585325,0.31586970635931827,179.61055600382082,1739335830747
123.72271121723558,-460.17181510218103,303.3321328577066,179.92346844288534,0.3158788122856439,179.61056265910182,1739335830754
123.72267532695206,-460.17168186904007,303.33159034980815,179.9233735367994,0.3158884441608895,179.6105554593245,1739335830763
123.72275786260025,-460.1712802742857,303.3309600607298,179.9232309960789,0.3158997684851978,179.61054820433185,1739335830771
123.7229292338852,-460.1707425994741,303.330287302784,179.9230474897919,0.3158989863515667,179.61060212791853,1739335830779
123.72297547072986,-460.17032783782463,303.3295848665152,179.92287028220738,0.315891017258944,179.6105948413345,1739335830787
123.72293839324088,-460.17022881736324,303.329277275876,179.9227958033851,0.3159001545451776,179.61059463067744,1739335830795
123.72283743727671,-460.1701545738467,303.3293302307131,179.92278118236405,0.3158735221759615,179.61056748868714,1739335830803
123.72276928755977,-460.17018862945275,303.32951754172154,179.92281504205903,0.31586576177197967,179.61058122055434,1739335830811
123.72275338089216,-460.17027716318904,303.3296476902626,179.92284195413757,0.3158580890383676,179.61057451945743,1739335830819
123.72276522340908,-460.1702972885238,303.329685329451,179.9228421479945,0.3158648927930648,179.61056775567025,1739335830827
123.72280370149639,-460.17027283476136,303.32956624692383,179.9228225283404,0.3158858954771701,179.61058126418646,1739335830835
123.72287249072043,-460.17021306782664,303.32940942947386,179.9228023342242,0.3158932632255436,179.61058114084477,1739335830843
123.72288310808047,-460.17027637583044,303.329270536352,179.9227753062351,0.3159007828260967,179.61056745317939,1739335830854
123.72291985691987,-460.17029644256417,303.32921657599775,179.9227692392208,0.3159213418500184,179.61057421176034,1739335830862
123.72298521151666,-460.17032069675236,303.3293498308941,179.92279668878385,0.31592731843259353,179.61058790364996,1739335830871
123.72304880303487,-460.1703955648258,303.329480170932,179.92282409970625,0.3159332439685185,179.6105947992987,1739335830879
123.72311472944249,-460.1704062943173,303.32950784542606,179.9228378823657,0.31593957650413024,179.6105948127728,1739335830887
123.72324187871615,-460.17056212368175,303.3297004885629,179.92287907544477,0.315951811057007,179.6106017591747,1739335830895
123.723232317207,-460.1704860998261,303.3296757289411,179.92286533143096,0.31594552955011374,179.6106153404102,1739335830903
123.72329037748206,-460.17038237827103,303.3295454846253,179.92283807621214,0.31594638025837185,179.6106084443962,1739335830911
123.72324978378803,-460.1703835122703,303.3291402731277,179.92275687286946,0.31595559993558753,179.61062176101137,1739335830919
123.7231843176317,-460.1703786113201,303.3288946983023,179.92269540918483,0.31595064421937435,179.6106012059074,1739335830927
123.72320479631142,-460.1701772067359,303.32869851829025,179.92263456209656,0.3159595001899725,179.61061466884527,1739335830935
123.72326444042834,-460.170054410372,303.3283227954927,179.92254607386948,0.3159621896355458,179.6105940160086,1739335830943
123.72325592483519,-460.1699667434702,303.3282261746646,179.92249835503992,0.31595699847946995,179.61060756525836,1739335830951
123.7232547474059,-460.1699998864003,303.3283692983665,179.92251198511374,0.3159566517574384,179.61061448006262,1739335830959
123.72326048688852,-460.1698549462005,303.32825193419404,179.92247117972568,0.315958024678868,179.6106076030222,1739335830967
123.72327189818185,-460.16957725177974,303.32788113231624,179.92236246138094,0.3159615741609466,179.6106073533581,1739335830975
123.72330688303536,-460.16935916037426,303.3274732897403,179.92222026657174,0.3159797887279233,179.6106139070203,1739335830983
123.72355292265604,-460.16896548053774,303.3265740858313,179.9219894622085,0.31599382877586607,179.61064049658196,1739335830991
123.72376262561822,-460.1684287853181,303.32560189881383,179.92173846848428,0.31601539879858276,179.61065342852388,1739335830999
123.72401217693007,-460.16793781645487,303.32445691092227,179.921480518259,0.31603022020160315,179.61068661656083,1739335831007
123.72434284477387,-460.1676967848886,303.323485639884,179.92131151429595,0.3160623792656191,179.61071309888138,1739335831015
123.72441750998608,-460.16770484681376,303.32332638760494,179.92129262242986,0.31610371507987,179.61073337169978,1739335831023
123.72445246211909,-460.16778161894575,303.3232014760772,179.92127285048613,0.3161245970063381,179.61071968995074,1739335831031
123.72464115299705,-460.1677396661581,303.3232934583189,179.92128010904446,0.31613803827762743,179.61074015911973,1739335831039
123.72466412326663,-460.1676847424492,303.3229259620076,179.92123395947212,0.3161801458488232,179.61073987126338,1739335831050
123.72471440640057,-460.16768937305596,303.32243307530035,179.92116680949158,0.31620914384657717,179.61071910463744,1739335831059
123.7247721917789,-460.1674984465524,303.3218257421182,179.92105911788875,0.3162396219747473,179.61073904835337,1739335831067
123.72490510998593,-460.16750611268753,303.32162564850074,179.92103918897203,0.3162536913162542,179.61075249104235,1739335831071
123.72498362414358,-460.1671618832826,303.3195092101823,179.9206733807996,0.31629841138109094,179.61075093961216,1739335831083
123.72532960355859,-460.16642791513254,303.3176345958508,179.92032183025717,0.3163635215056728,179.61076994925156,1739335831091
123.72569578326645,-460.1655911113921,303.31596289931014,179.9199900541798,0.3164078285205231,179.61080950650165,1739335831099
123.7261621034022,-460.164882920322,303.3143027757235,179.91963194464427,0.31648011155459777,179.61084231159742,1739335831107
123.72657038716483,-460.1642734350771,303.3129327226725,179.91932144136194,0.3165509945983837,179.61087533458686,1739335831115
123.7269497406224,-460.16376836630354,303.3114548947647,179.91901730359112,0.31660789099070946,179.61091506574314,1739335831123
123.7273392948583,-460.16331360816605,303.310032320074,179.91874057544496,0.31667067627412515,179.6109548235093,1739335831131
123.7275179999814,-460.16313671085555,303.3090987058114,179.9185718778891,0.3167096672647389,179.61097453861504,1739335831139
123.72752661507032,-460.1631573187719,303.30854785271123,179.91847789105947,0.3167463517377647,179.61096734112078,1739335831147
123.7276850580463,-460.163141361105,303.30847023519675,179.91847877373533,0.3167734416924008,179.6109740692279,1739335831155
123.72764905279936,-460.1633144563146,303.3086015728358,179.91852672255354,0.3167854029094514,179.61095375830772,1739335831163
123.72762562037286,-460.1634647761879,303.3090969376281,179.9186362147072,0.31680247899975705,179.6109609017761,1739335831171
123.72761056900276,-460.16372712875267,303.30941677631836,179.9187390228024,0.3168263061483375,179.61094751152206,1739335831179
123.72753679221937,-460.1638867936359,303.3098337569585,179.91884751459324,0.31681610610061545,179.61094099298415,1739335831187
123.72760438497714,-460.1641511122054,303.3103545953667,179.91899063399876,0.3168251244174907,179.6109413430509,1739335831195
123.72738529934837,-460.1645315026324,303.31069880884564,179.91910626317545,0.3168280540237854,179.61089397853897,1739335831203
123.72732269204569,-460.16474309216204,303.31105490104227,179.91918784199845,0.3168254801224391,179.610894234689,1739335831211
123.72735401227769,-460.1648550729803,303.3112954261225,179.9193040468122,0.3168420982437923,179.6108943468443,1739335831219
123.72725677337151,-460.1653070781791,303.31207254004556,179.91948018284944,0.3168228885190996,179.61087451338472,1739335831230
123.72735065398702,-460.16520999146593,303.31275932806784,179.91958289047093,0.3168405339358746,179.61089540799856,1739335831239
123.72717503465701,-460.16541647829604,303.3133224889627,179.91972347538126,0.31677491439760014,179.61088219747742,1739335831246
123.72702520448541,-460.1657371883991,303.31397880683056,179.91983957063457,0.31678501030276107,179.61088269253992,1739335831255
123.72686236529196,-460.1655973489067,303.3145280618365,179.91994626460928,0.3167208115644365,179.61088306495247,1739335831262
123.72636264758526,-460.16572923840687,303.3150500674372,179.92000707199387,0.31650826710317825,179.61086989308404,1739335831270
123.7258044606492,-460.1659627487027,303.3155270585064,179.92008750279223,0.31647190099033096,179.61081586129995,1739335831279
123.7256544537021,-460.1659924756644,303.31657579618985,179.92032461418407,0.3164444260330674,179.6107961663823,1739335831287
123.72566884637396,-460.1663309038495,303.31788955923986,179.92056882604973,0.31642349905899686,179.61081072416619,1739335831295
123.72536003304658,-460.1667266368958,303.3193052942855,179.92085964307782,0.31637388313749304,179.6107845362729,1739335831302
123.72491927911352,-460.1671668748849,303.3212213743243,179.92125784077342,0.3162802660679527,179.61075869135257,1739335831310
123.72439088829185,-460.1676562564511,303.3223450404506,179.9215213952664,0.3162312595575832,179.61069148325316,1739335831319
123.72424642689174,-460.167999422937,303.3234953781673,179.92177838195926,0.31618259552757544,179.6107126811588,1739335831326
123.72406701503428,-460.1685029560481,303.32461341063345,179.92204232049218,0.31614707591896063,179.61067267005225,1739335831335
123.72366558748261,-460.1689454226154,303.32549514317384,179.92226452101477,0.31607887317574956,179.6106460784594,1739335831343
123.72344735860764,-460.16939552177035,303.32646250359505,179.92247448061948,0.3160519364451159,179.61062637458343,1739335831351
123.72345036556527,-460.16972249222977,303.32717733731386,179.92263683466766,0.3160264183852815,179.61062688258954,1739335831359
123.72331094634113,-460.1699575278492,303.3279519622482,179.9228053705121,0.31598045258641483,179.6106274260032,1739335831367
123.72310523304587,-460.170395941235,303.3290554970392,179.92304278083725,0.3159595342781542,179.61061461271316,1739335831375
123.72296808093623,-460.1705790214601,303.3295913845552,179.92317046836607,0.31591475158508986,179.61060138220225,1739335831383
123.72274138977471,-460.17093320432247,303.330346585162,179.9233326685157,0.3158825174797167,179.61058832554156,1739335831391
123.72264269569139,-460.17109397553025,303.330946973534,179.92345425583417,0.3158584235115649,179.61057515509353,1739335831399
123.72244538113712,-460.17135350924593,303.3313404315326,179.9235354112939,0.3158422873499678,179.61056864657255,1739335831407
123.72233471291669,-460.17151565404396,303.33197444342966,179.92363631009238,0.3158120967254804,179.6105419282201,1739335831415
123.72211312140614,-460.17175060575676,303.3325817871225,179.92374407677514,0.31578163760099986,179.6105151841882,1739335831427
123.72202789732846,-460.171905261015,303.3329505818255,179.9238116439084,0.31576599613919937,179.61052225641714,1739335831434
123.72194383073098,-460.17202891977854,303.3333598349973,179.923879137911,0.31575039681774186,179.61051576409585,1739335831443
123.72195761974048,-460.17210282963833,303.33358158459544,179.92391246075687,0.31572900530988957,179.61052953289115,1739335831451
123.72191082985461,-460.1722401983036,303.33385505036426,179.9239533893364,0.3157345568643727,179.61050935068536,1739335831459
123.72182211326275,-460.1724899860931,303.33428605386615,179.92403447049708,0.3157184209186771,179.61050287661382,1739335831467
123.72180789195812,-460.17254116512765,303.3343748348877,179.9240410358549,0.3157114366383907,179.61050295335167,1739335831475
123.72181860087312,-460.17258726464274,303.3345318449236,179.92406169131633,0.315717657850384,179.61050987492177,1739335831483
123.72179197526245,-460.17263076954407,303.3345967762952,179.92407482006715,0.3157036342258181,179.61050992356874,1739335831491
123.72172031291377,-460.1727621007942,303.3350298800905,179.92413578813455,0.31569508324836365,179.61051025777573,1739335831499
123.721728672905,-460.1728762870443,303.33503793608566,179.92414281124368,0.31570156760359086,179.6105102692483,1739335831507
123.7216740847492,-460.17288701756627,303.3352895567588,179.92416995944947,0.315700870285866,179.6104968673018,1739335831514
123.72164630161275,-460.1729615186658,303.33531402992554,179.92418304893295,0.31568677742831097,179.6104900847316,1739335831522
123.72169447067486,-460.17312572664974,303.3355164483215,179.9242102293268,0.31568590322946954,179.6104970526279,1739335831531
123.72171103095033,-460.1730075329686,303.3356684129557,179.9242240935159,0.31569247650324445,179.61050396041088,1739335831539
123.72164224139544,-460.17306729754034,303.33582523177336,179.92424417523057,0.3156850816132631,179.6104836878094,1739335831546
123.72168439538478,-460.1730521098753,303.3358251360452,179.92424405691972,0.31567831402436797,179.6105108819761,1739335831554
123.72166842085961,-460.1731528303872,303.335819210984,179.92424371155576,0.31567140873666966,179.6104904909075,1739335831563
123.72167965769643,-460.1731925729356,303.3358943939766,179.92424394354745,0.31567824000022354,179.6104905607945,1739335831571
123.72177471849426,-460.17320112994753,303.3360274588851,179.92427093171503,0.31567062729207696,179.61051105119364,1739335831579
123.72167852412394,-460.1732185469644,303.3360137649372,179.9242643676661,0.31567764828065575,179.61049744742755,1739335831587
123.72171660396813,-460.1733130878211,303.3362732504915,179.92429811507208,0.3156698552124769,179.6105044524409,1739335831595
123.72174321557732,-460.1732735334464,303.33595669800695,179.92425780065395,0.31568456714969717,179.61050420877157,1739335831603
123.72168747982641,-460.17331418774256,303.3360760689871,179.92427814985723,0.315683957456409,179.61049069980126,1739335831611
123.72171834319538,-460.17326749630416,303.33611633584565,179.92427772775645,0.31567043756699126,179.61050432943796,1739335831623
123.72167449380163,-460.173321108872,303.33624959224994,179.92430513983425,0.3156764049809159,179.61049762587817,1739335831630
123.72168456317067,-460.17339291981926,303.33637610861996,179.92431212975592,0.31568301918447533,179.6104909389808,1739335831638
123.72161920819624,-460.1733686678453,303.33624285219446,179.92428475513609,0.31567706075136953,179.61049084416354,1739335831647
123.72179549682046,-460.1733190398393,303.3363109855993,179.9242985770941,0.3156834626774567,179.6105112858775,1739335831654
123.72164606116127,-460.1734223940746,303.3363353631203,179.9243114358981,0.3156625752811601,179.61049090631724,1739335831663
123.72166080041262,-460.17336593111844,303.3362565461467,179.92429131918496,0.315670039762789,179.61049764945676,1739335831671
123.72173800784725,-460.173409235943,303.3363356503007,179.92431212794716,0.3156829589477342,179.61049770483132,1739335831679
123.72177000478761,-460.1733365705469,303.3362565461467,179.92429128172859,0.3156700307795236,179.6105044478299,1739335831687
123.7216032675616,-460.17346329382013,303.3363049648099,179.92429807596125,0.31566978081845903,179.61048409651355,1739335831695
123.72173849190136,-460.1734100461592,303.3362775769052,179.92428498531982,0.3156838317780812,179.61050447837633,1739335831702
123.72175041215846,-460.1734169099352,303.33635950000206,179.92430552709305,0.31568998930793657,179.61049093438206,1739335831711
123.72172664939734,-460.17338992123194,303.33623993752417,179.92428467906723,0.3156770009005086,179.61049084628945,1739335831719
123.72169693357962,-460.1734066883559,303.3363319206394,179.92429201254512,0.3156904601372439,179.61049771937385,1739335831727
123.72166075655932,-460.1733730977271,303.3362803001204,179.9242844876502,0.31567027556577393,179.6104908789952,1739335831734
123.72167030797354,-460.17345019298784,303.3363968522013,179.92430510384014,0.3156764275324228,179.61049096939195,1739335831743
123.72176996093602,-460.1733437371556,303.3362803001204,179.92428448765023,0.3156702755657741,179.61050447593595,1739335831750
123.72178181339447,-460.17336279000415,303.3362261478465,179.92427795924894,0.3156772453016811,179.61051123506005,1739335831759
123.72174081688306,-460.17334698127365,303.3362667018978,179.92427819174154,0.3156841000939271,179.6105044692201,1739335831767
123.72172660554496,-460.17339708783896,303.33626369149937,179.92427788498884,0.31567724568595196,179.61049087439466,1739335831774
123.7217942615582,-460.1733632973858,303.33622624357474,179.92427811501662,0.31568402188753164,179.6104976379354,1739335831783
123.72168268833448,-460.173462889455,303.3362608725513,179.92427811451657,0.3156839983587414,179.6104840782553,1739335831791
123.72179422765903,-460.1733693919062,303.33615820589745,179.92426456120043,0.3156844235001526,179.61050439021145,1739335831798
123.72184769628687,-460.17338068556904,303.3362775769052,179.92428487294572,0.31568380482601655,179.61049767961418,1739335831807
123.72172776305987,-460.1733660914303,303.33630414982457,179.9242779617121,0.3156773238923988,179.6105045041498,1739335831818
123.72175261149357,-460.17337715102576,303.33598468263546,179.9242376086805,0.31569198495725387,179.61049746422313,1739335831826
123.72172773911218,-460.173371113873,303.3361443204959,179.9242575357847,0.315677855376894,179.610497584897,1739335831834
123.72179363195418,-460.1733879373587,303.336103957894,179.9242577272008,0.315684580708423,179.61049755218806,1739335831842
123.7218072376287,-460.1733574483457,303.3361445119539,179.92425799715065,0.3156914444879519,179.61050438338373,1739335831850
123.72175436471453,-460.17332760919714,303.3360793889639,179.9242444444898,0.31569188798733105,179.61050433486722,1739335831858
123.72176451184326,-460.17338615904947,303.33625018901245,179.92427181976228,0.31569786476965317,179.61049766615665,1739335831867
123.72178522808183,-460.1732809177449,303.33611965583026,179.92424387255892,0.31567833214642144,179.61049077024146,1739335831875
123.7218629733781,-460.1733167940467,303.3360251409673,179.92423757303027,0.31569203620437586,179.6105042952161,1739335831882
123.72171223464017,-460.1733377744493,303.33623931400797,179.92426498872425,0.315698124098306,179.61048405996075,1739335831891
123.7218060801179,-460.17338844474045,303.3361040536237,179.9242579953419,0.31569138425119897,179.6105043507639,1739335831899
123.72175202977972,-460.17339174618775,303.33618205560435,179.92425792288716,0.3156914448674897,179.6104840227183,1739335831907
123.72187365837941,-460.1733679153746,303.33602232201014,179.92423784001784,0.3156987978667637,179.61051109610995,1739335831914
123.72181848442997,-460.17339611873155,303.3361279033313,179.9242513944867,0.31569841460497156,179.61049758030717,1739335831923
123.72186236772265,-460.1733364116043,303.33606268461295,179.92423761114364,0.3156920635480045,179.61051112872394,1739335831931
123.72187188526408,-460.17341960143233,303.3361111989726,179.9242445985995,0.3156985991536673,179.6105043742604,1739335831939
123.72175200583331,-460.1733967685876,303.336022226279,179.92423764679387,0.31569201230088145,179.61050429773098,1739335831947
123.72176681287814,-460.17332811658036,303.3360794846951,179.924244600254,0.3156986645652151,179.61049073773856,1739335831955
123.72180720373,-460.17336354285135,303.33607647428175,179.92424436841742,0.3156918281269044,179.61049753852274,1739335831962
123.72186237767595,-460.17333533948363,303.3359708929683,179.92423081394776,0.31569221138952036,179.61051105432708,1739335831971
123.72181125797486,-460.1732559585,303.33600047631637,179.9242239847192,0.3156925309500633,179.61049748075166,1739335831979
123.72181124802165,-460.17325703061255,303.33609226795227,179.92423081937412,0.31569239209979005,179.6105043537162,1739335831987
123.72186643190875,-460.1732277551135,303.3358948950226,179.9242103553314,0.3156928962293528,179.61049739942055,1739335831995
123.7218759594034,-460.17330987281775,303.3358516177324,179.92421058304953,0.31569958866538855,179.6104973691237,1739335832007
123.72181012440929,-460.17328193250825,303.3361198472882,179.9242443713806,0.315691930246425,179.61049756882218,1739335832014
123.72181062837304,-460.1732805984061,303.33587819067293,179.9242035969033,0.315693089770911,179.61049739500132,1739335832022
123.7218753776911,-460.1733244680359,303.3360489906769,179.92423108455372,0.3156990935261996,179.61051792045976,1739335832030
123.72187591555242,-460.1733170394334,303.3358753717098,179.92420386389094,0.3156998514373304,179.61051099436148,1739335832039
123.72187652120834,-460.17329742186246,303.335837828071,179.92420378831673,0.3156998150960391,179.610497362286,1739335832046
123.72187766876107,-460.17326749762225,303.33597007803826,179.92421069970118,0.31569975447142384,179.61051786500647,1739335832054
123.72191093507631,-460.1733816264766,303.33588653387324,179.92421123713117,0.3157199398106116,179.61049060782457,1739335832063
123.72186406309044,-460.1732979866277,303.3359295239754,179.92421042974954,0.31569289068631523,179.61051103381646,1739335832071
123.72183259406744,-460.1733642956384,303.33592680074497,179.92421088996102,0.3157064379146066,179.61050423767168,1739335832079
123.72189010293705,-460.17327195515907,303.33571855285766,179.9241836323365,0.31570721035279936,179.61049727421195,1739335832087
123.72188956507374,-460.17327938382164,303.335892171798,179.92421085300035,0.31570645245056694,179.61050420031376,1739335832095
123.72182314433229,-460.17326891683194,303.33601436171324,179.9242310475939,0.31569910806456475,179.61050428616113,1739335832103
123.72189010293705,-460.17327195515907,303.33571855285766,179.92418366979732,0.31570721934883805,179.6105040727796,1739335832111
123.72182188512934,-460.17331819662036,303.3357697904161,179.92419030942227,0.31570023470633124,179.61051091322315,1739335832119
123.72188539919634,-460.17340632375067,303.33585584837596,179.92419726007154,0.31570677966518135,179.61050419359793,1739335832127
123.7218906886837,-460.1732544819095,303.33586459247675,179.92419730099556,0.31570691430790204,179.6105109852043,1739335832135
123.72182247087862,-460.1733007233543,303.33591583004517,179.92420382823977,0.31569990268045284,179.6104974299433,1739335832143
123.72189066474222,-460.17325950419723,303.3357047632022,179.92417680014287,0.31570742778659805,179.6104904688057,1739335832151
123.7218906886837,-460.1732544819095,303.33586459247675,179.92419726353478,0.31570690531348067,179.61050418663666,1739335832159
123.72190310295106,-460.1732610837475,303.33579665056254,179.9241839029426,0.31571409249517796,179.61050414033903,1739335832167
123.72178092252017,-460.1732962934664,303.33587838213674,179.92420413318908,0.3157066968692493,179.61050419366973,1739335832175
123.72183316582814,-460.1733507725359,303.33582121944346,179.92419726057162,0.3157068031939449,179.6104973578669,1739335832183
123.72187588165589,-460.17332313389414,303.33580733405245,179.9241901976967,0.315700226074572,179.61049735093087,1739335832195
123.72188895941797,-460.17329900138816,303.33592971543914,179.92421085365473,0.31570647080456415,179.610504235254,1739335832203
123.72182070771014,-460.17335133730154,303.33591291535095,179.92420382708536,0.3156998607976863,179.6104974322637,1739335832210
123.72183376153191,-460.1733322271168,303.33587546744246,179.92420405711314,0.3157066369992569,179.61049739732528,1739335832218
123.72184790506998,-460.17329430946205,303.3357424025704,179.924177106401,0.3157142586898592,179.6104973024094,1739335832227
123.72189182224857,-460.1732285078302,303.3357452215366,179.92417687687333,0.3157075060170689,179.61050409856077,1739335832234
123.72184854462525,-460.17326859743713,303.3357728965831,179.92419073448264,0.3157138567049169,179.6105041123355,1739335832243
123.72189182224857,-460.1732285078302,303.3357452215366,179.9241769143342,0.31570751501390915,179.61051089712836,1739335832251
123.72187587170171,-460.17332420604316,303.33589912569107,179.92419706981258,0.3157000962235909,179.61051102246395,1739335832259
123.72185026394202,-460.1732251501052,303.3357995652569,179.92418386663542,0.31571412538193333,179.61049054098063,1739335832267
123.7218603871305,-460.17328872239415,303.335810535955,179.9241910407447,0.3157206876047729,179.61051774441125,1739335832275
123.72183549080317,-460.1732877076307,303.3358103444853,179.92419046699322,0.3157070715081672,179.6104973487079,1739335832283
123.7219025650886,-460.1732685123827,303.335970269505,179.92421101122258,0.31571330761130617,179.61049067074117,1739335832291
123.72184850077346,-460.1732757640524,303.33579665056254,179.9241839029426,0.3157140924951779,179.61049734186867,1739335832299
123.7219019454446,-460.17329208011904,303.33575619222586,179.9241839011338,0.31571403225840566,179.61050410771924,1739335832307
123.7218485107285,-460.1732746918823,303.3357048589363,179.92417706828502,0.3157142313390312,179.61049046890153,1739335832315
123.72189298971007,-460.17319643928664,303.33569388824844,179.92417008148618,0.315707714094512,179.61050405678188,1739335832323
123.72188543309312,-460.1734002292825,303.33592388604467,179.9242108888066,0.31570639603184036,179.61051103846248,1739335832331
123.72187877838368,-460.17324654585354,303.33569087781564,179.9241698121896,0.3157008686584977,179.6104972605369,1739335832339
123.72182477191112,-460.1732426807518,303.335745125804,179.9241766461912,0.31570071146149986,179.61049730009182,1739335832347
123.72194699617962,-460.17320030437435,303.3356396402639,179.9241633224055,0.31570788928763643,179.61051761436136,1739335832355
123.72190427041231,-460.1732290152104,303.3357453172707,179.92417710755544,0.3157143005726252,179.61050409855937,1739335832363
123.72185026394202,-460.1732251501052,303.3357995652569,179.92418394155865,0.3157141433739507,179.61050413811589,1739335832371
123.72183489509965,-460.17330625304197,303.33575609649176,179.92418363299083,0.31570722870681067,179.6104905106818,1739335832379
123.72190423651651,-460.173235109649,303.33567727962986,179.9241635162811,0.3157146931987544,179.61050405226055,1739335832391
123.72187877838368,-460.17324654585354,303.33569087781564,179.9241698121896,0.3157008686584977,179.6104972605369,1739335832399
123.72190480827757,-460.1732215864876,303.33557169836166,179.9241499618141,0.31571507647089603,179.61051076958907,1739335832407
123.72183723003027,-460.17324211595275,303.33565342991636,179.92417004221653,0.3157076448600802,179.61049042712403,1739335832415
123.72195943438821,-460.1732018839354,303.3357315276167,179.92417035028433,0.3157145360016979,179.6105176887579,1739335832422
123.72187821657845,-460.17325899681697,303.3357046674696,179.92417668184243,0.3157006602215914,179.61051086451002,1739335832431
123.7218496442978,-460.17324871776077,303.3355854880112,179.92415671908515,0.3157148410394065,179.61049717939065,1739335832439
123.7219036747112,-460.17324756061413,303.33569106928235,179.92417031101388,0.3157144667673015,179.6105040591001,1739335832447
123.72190423651651,-460.173235109649,303.33567727962986,179.9241634788194,0.31571468420032445,179.61049725369293,1739335832455
123.72183721012007,-460.1732442602942,303.33583701316144,179.92418374899086,0.31570737616845407,179.61051097162434,1739335832463
123.72184846687668,-460.1732818584986,303.33572861291645,179.92417031166823,0.3157144851213129,179.61049729556996,1739335832471
123.72190312286155,-460.17325893938767,303.3356130673147,179.92417034601237,0.3157143971741223,179.61051079010767,1739335832479
123.72189415717179,-460.1731643707373,303.3356425549642,179.924163286099,0.31570792217194993,179.61050401500293,1739335832487
123.72189354156025,-460.17318506049475,303.3357718902133,179.92417008394932,0.31570779268529514,179.6105041243419,1739335832495
123.72183662437155,-460.17326173353723,303.3356909735483,179.92417015525348,0.3157076902070342,179.61051085776717,1739335832503
123.72189006904127,-460.17327804959626,303.33565051521015,179.9241700410621,0.31570760297731365,179.61049722791483,1739335832511
123.7219178860375,-460.1731974540473,303.3356940797181,179.92417065523784,0.3157213301983741,179.61052445248038,1739335832518
123.72188946338493,-460.1732976671804,303.3356880588418,179.92417004171648,0.31570762133132807,179.6104972628551,1739335832527
123.72189239400915,-460.17321498468436,303.3356396402639,179.92416328494463,0.31570788028918334,179.61050401732334,1739335832534
123.72191728038126,-460.1732170716273,303.33573162335233,179.92417058096726,0.31572133055721413,179.61051089028533,1739335832543
123.72189351761992,-460.17319008274933,303.3356120609634,179.9241496205572,0.3157083151519415,179.61049040651065,1739335832550
123.72189123650308,-460.1732459810423,303.3355991819281,179.92416332059668,0.31570782905085226,179.6105107832712,1739335832558
123.72186211640216,-460.17324420289714,303.3357454130063,179.92417733823757,0.3157210951281688,179.61049730008762,1739335832566
123.7218905730131,-460.17327671523725,303.33540885865875,179.92412930404558,0.3157087714992707,179.6105038526503,1739335832575
123.72189293187573,-460.17320755592107,303.33546602136886,179.92413613920252,0.31570865618906285,179.6105106883561,1739335832583
123.72188167511271,-460.17316995778026,303.3355744216013,179.92414942668242,0.31570151124240103,179.61049717014268,1739335832595
123.72189295581451,-460.1732025337177,303.3356258506129,179.92415652767272,0.3157081157198947,179.61051080905224,1739335832602
123.72195941044885,-460.17320690617595,303.33557169836166,179.92414996181412,0.31571507647089603,179.61051756805946,1739335832611
123.72186385563008,-460.1731986111961,303.3355884984531,179.92415695092168,0.31572167747771623,179.6104971770664,1739335832619
123.72186385563008,-460.1731986111961,303.3355884984531,179.9241570258467,0.315721695476121,179.61051077420169,1739335832626
123.72197244435581,-460.1731899403491,303.33571783369985,179.92416374877197,0.3157215479910746,179.61051088334776,1739335832634
123.72191785214196,-460.1732035484783,303.33562604208254,179.92415695157604,0.31572169583173537,179.610504010477,1739335832642
123.72190709935087,-460.17316461597954,303.33549278579477,179.9241295020378,0.31571571940872073,179.61049711699476,1739335832651
123.72195997225283,-460.17319445520604,303.33555790871355,179.92414312961958,0.3157152939023072,179.61051076265224,1739335832658
123.72184846687668,-460.1732818584986,303.33572861291645,179.92417038659156,0.31571450311654703,179.61051089270518,1739335832666
123.72189408938154,-460.17317655957254,303.33550647970577,179.92413602862837,0.3157086894208075,179.61049032527302,1739335832674
123.72190423651651,-460.173235109649,303.33567727962986,179.9241635162811,0.3157146931987544,179.61050405226055,1739335832683
123.72190653754528,-460.1731770669528,303.33550657543987,179.92413637169423,0.31571551098138456,179.61051072096967,1739335832691
123.72196171147208,-460.17314886343956,303.33540099419184,179.92412274230375,0.3157158762518046,179.61051063963308,1739335832699
123.72190423651651,-460.173235109649,303.33567727962986,179.9241635537428,0.31571470219718,179.6105108508282,1739335832706
123.72195997225283,-460.17319445520604,303.33555790871355,179.92414316708135,0.31571530290315186,179.61051756121987,1739335832714
123.72189351761992,-460.17319008274933,303.3356120609634,179.92414969547903,0.31570833315208585,179.6105040036459,1739335832723
123.72185020610468,-460.1732362667925,303.33557169836166,179.92414992435238,0.3157150674708576,179.61049717255108,1739335832731
123.7219036747112,-460.17324756061413,303.33569106928235,179.92417031101388,0.3157144667673015,179.6105040591001,1739335832738
123.72195708548833,-460.1732699710912,303.3355825732992,179.92415671793074,0.31571479915663975,179.61051077865181,1739335832747
123.72190597573976,-460.17318951792436,303.3355203650864,179.9241431289652,0.3157152755482848,179.61050392924164,1739335832755
123.72202762823666,-460.17316066467214,303.3355204608219,179.9241433596473,0.31572207010382847,179.61051752617698,1739335832763
123.72184783727731,-460.17330649832735,303.335606327279,179.92414992385233,0.31571504394210975,179.61049720981177,1739335832770
123.72190657144023,-460.17317097254085,303.335574613068,179.92414992550678,0.3157151093536238,179.61050396870104,1739335832778
123.72191672853131,-460.17322845040997,303.335653621386,179.9241704661167,0.31572122497363386,179.6104904270224,1739335832791
123.72185136361445,-460.1732052704347,303.3356121566975,179.92414992616116,0.31571512770764215,179.6104972051709,1739335832799
123.72189350363848,-460.17319403271034,303.3353604401192,179.9241225847349,0.31570903946602585,179.610517405686,1739335832806
123.72183606256483,-460.17327418450054,303.3357047632022,179.9241768376037,0.3157074367834475,179.61049046890295,1739335832814
123.72190365077164,-460.17325258284063,303.3355312400223,179.9241499225436,0.31571500723406815,179.61050393840165,1739335832822
123.72190600963481,-460.1731834235092,303.3355884027176,179.92415675770127,0.3157148919214047,179.6105107741082,1739335832830
123.72190366072834,-460.1732515106168,303.3354394484087,179.9241430878859,0.31571514607384515,179.61049706543443,1739335832839
123.72196117360548,-460.1731562922291,303.335574613068,179.92415000043027,0.31571512735369583,179.61052436430666,1739335832846
123.72185200316933,-460.17317955842293,303.3356426506983,179.92416351678114,0.31571471672750634,179.61049721652955,1739335832855
123.72189296577055,-460.173201461514,303.3355340590004,179.9241497304768,0.315708263561344,179.61051073465347,1739335832862
123.72190480827757,-460.1732215864876,303.33557169836166,179.92414988689063,0.3157150584708148,179.61049717245382,1739335832870
123.72188107941223,-460.1731885031637,303.3355201736197,179.92414270506117,0.3157016954380589,179.61051072782016,1739335832878
123.72189236011384,-460.1732210791073,303.33557160262757,179.92414965620932,0.3157082639152311,179.61049717245845,1739335832887
123.7218934936813,-460.1731951049478,303.3354522317238,179.9241293070088,0.31570887361883226,179.61050388294964,1739335832895
123.72190540397824,-460.17320304109796,303.335625946347,179.92415672089393,0.31571490127619173,179.6105040104808,1739335832902
123.72185084565959,-460.17321055478095,303.33560219236847,179.92416351497235,0.31571465649072156,179.61049718390976,1739335832910
123.72190537008305,-460.17320913551765,303.33555790871355,179.92414305469606,0.3157152759006047,179.6104903670466,1739335832919
123.72191781824677,-460.173209642898,303.3355580044492,179.92414336030168,0.31572208845785077,179.61050396417644,1739335832927
123.7217967614433,-460.1732199507334,303.3356121566975,179.92414988869942,0.3157151187075995,179.61048360813288,1739335832935
123.7219071093077,-460.17316354375123,303.33540099419184,179.92412274230375,0.3157158762518046,179.6105038411627,1739335832943
123.72186611281468,-460.17314773509435,303.335441548262,179.92412297479459,0.315722731044146,179.61049707530432,1739335832951
123.72191842390347,-460.17319002530473,303.3355204608219,179.92414332218473,0.3157220611030067,179.6104971306686,1739335832958
123.72194926330828,-460.1731483560607,303.3354008984578,179.92412251162165,0.3157090816962483,179.61051063964095,1739335832967
123.72195824299072,-460.1732389747334,303.3356230316407,179.92415671973953,0.31571485939342525,179.6105108112716,1739335832974
123.7219464004811,-460.1732188497656,303.3355853922771,179.92415652586396,0.3157080554831097,179.61051757490281,1739335832982
123.72198664169336,-460.17314378380115,303.3354692232876,179.92413679494226,0.3157290727368065,179.61051068591976,1739335832995
123.72186322603186,-460.17322325098826,303.3354662128384,179.92413656310575,0.3157222362984844,179.61049709130566,1739335833002
123.72190653754528,-460.1731770669528,303.33550657543987,179.92413633423243,0.3157155019797336,179.61050392240202,1739335833010
123.72185080180756,-460.1732177214029,303.335625946347,179.92415668343222,0.3157148922769553,179.61049041344282,1739335833018
123.72185020610468,-460.1732362667925,303.33557169836166,179.92414999927584,0.3157150854709299,179.61051076968636,1739335833026
123.72191899566576,-460.17317650210646,303.33541487957086,179.92412969279337,0.31572242637102765,179.6104902508601,1739335833034
123.72190658139664,-460.1731699003269,303.3354828214617,179.92414312831087,0.31571525719425686,179.61050389430142,1739335833043
123.72194925335157,-460.1731494282889,303.33549269006073,179.92412927135652,0.3157089248531371,179.61050391547218,1739335833050
123.72190657144023,-460.17317097254085,303.335574613068,179.92414988804504,0.315715100353581,179.61049717013339,1739335833058
123.72186557494673,-460.1731551638698,303.33561516713326,179.9241501205351,0.31572195514593715,179.6104904042782,1739335833066
123.72185134963253,-460.1732092203958,303.3353605358532,179.92412270303313,0.3157158070117357,179.61049021150492,1739335833074
123.72190657144023,-460.17317097254085,303.335574613068,179.9241498505833,0.315715091353534,179.61049037156576,1739335833082
123.72185365067224,-460.17315117757937,303.3351898317228,179.92409555844628,0.31571662479588963,179.61049688021345,1739335833091
123.72192017711004,-460.17314048356286,303.33561516713326,179.9241501205351,0.31572195514593715,179.61049720274858,1739335833099
123.72194809584944,-460.1731804246378,303.3354522317238,179.9241293070088,0.31570887361883226,179.61051068142004,1739335833107
123.72190714320215,-460.17315744935524,303.3354690318151,179.92413633357808,0.31571548362570656,179.61050388746182,1739335833115
123.72189466114396,-460.17316303637085,303.3354008984578,179.9241224741606,0.31570907269295273,179.61049704260296,1739335833123
123.72191962526068,-460.17315186232804,303.33553716517645,179.924150118072,0.31572187655512834,179.61049713518855,1739335833131
123.72194873539793,-460.17315471263623,303.3354827257276,179.9241428976288,0.3157084626387006,179.61051069277724,1739335833139
123.72189532463372,-460.17313230218195,303.3355912216837,179.9241564907119,0.3157081302493821,179.61050397322398,1739335833147
123.72190657144023,-460.17317097254085,303.335574613068,179.92414992550678,0.3157151093536238,179.61050396870104,1739335833155
123.72189236011384,-460.1732210791073,303.33557160262757,179.9241496187484,0.3157082549151564,179.61049037389083,1739335833163
123.72191783816028,-460.173207498446,303.3353744212324,179.92412980337244,0.31572239314153,179.6105106139432,1739335833175
123.72182587158423,-460.17322280105907,303.33555771724696,179.92414266825537,0.31570170479118187,179.6104971657224,1739335833182
123.72190658139664,-460.1731699003269,303.3354828214617,179.92414316577265,0.31571526619510165,179.61051069286904,1739335833190
123.72193083817247,-460.1731966270888,303.33545251893037,179.92413007398193,0.31572927529028927,179.61051748006386,1739335833199
123.72196404639045,-460.173084726267,303.33529832767096,179.92410907660567,0.31571627439685646,179.610496958938,1739335833207
123.72193800654028,-460.1731107579366,303.3355092986796,179.92413591148284,0.3157019637530795,179.61051751713208,1739335833215
123.72190714320215,-460.17315744935524,303.3354690318151,179.92413633357808,0.31571548362570656,179.61050388746182,1739335833222
123.72193684903816,-460.17314175428567,303.3354688403484,179.9241359471342,0.31570191251798824,179.6105242830799,1739335833231
123.72194933109607,-460.1731361672571,303.33553697370684,179.9241496567094,0.31570828744397367,179.61050393366816,1739335833238
123.72191958140942,-460.1731590289512,303.33556091915545,179.9241433989187,0.315722139341434,179.61051076042367,1739335833246
123.7219611058174,-460.1731684810417,303.3354385378142,179.92412274295808,0.31571589460583654,179.6105106745733,1739335833254
123.72196173540948,-460.1731438412591,303.33556082341994,179.92414309331224,0.31571532678422437,179.61050396176418,1739335833263
123.72185081176369,-460.17321664919945,303.3355341547345,179.92414992369802,0.31571504911683457,179.61049713761085,1739335833270
123.72190950206513,-460.17308829003065,303.335526194493,179.92414313127406,0.3157153593138172,179.61050392460078,1739335833278
123.72185021606121,-460.17323519457796,303.33547990674947,179.92414312715644,0.31571521531149127,179.61049709815148,1739335833286
123.72186441743698,-460.1731861602278,303.3355747088035,179.92415011872635,0.31572189490915203,179.61049037165841,1739335833295
123.72190598569648,-460.17318844569934,303.3354285734805,179.92413629430754,0.31571541438725303,179.61049705627437,1739335833303
123.72188051760676,-460.17320095413373,303.3355339632678,179.92414953725404,0.3157014780058911,179.61051753322576,1739335833310
123.72190773890243,-460.1731389039777,303.3355232797928,179.92414309265789,0.3157153084302017,179.6104971283536,1739335833318
123.72190650365069,-460.1731831613532,303.3354385378142,179.92412274295808,0.3157158946058365,179.61050387610294,1739335833327
123.72190658139664,-460.1731699003269,303.3354828214617,179.9241430908491,0.3157152481934077,179.6104970957338,1739335833335
123.7218406307429,-460.17316419344843,303.3352953172186,179.92410888223188,0.31570944696339265,179.6104901628948,1739335833342
123.72190480827757,-460.1732215864876,303.33557169836166,179.92414988689063,0.3157150584708148,179.61049717245382,1739335833350
123.72190827677058,-460.1731314751681,303.33534966092935,179.9241159094547,0.315716075325142,179.61049700081517,1739335833358
123.72194985900612,-460.1731298106912,303.33545514643595,179.9241292707022,0.3157089064991091,179.61050388053195,1739335833370
123.72190653754528,-460.1731770669528,303.33550657543987,179.92413625930885,0.3157154839764185,179.61049032526677,1739335833378
123.72184125038267,-460.17314062592976,303.33550939441216,179.92413606724378,0.3157087403052604,179.61049032304985,1739335833387
123.72189462724991,-460.1731691307557,303.33533286083644,179.9241089203473,0.3157094743223404,179.61050379487298,1739335833394
123.72192018706615,-460.173139411358,303.33552337552834,179.92414339826433,0.3157221209874115,179.61051072548344,1739335833403
123.72190887247044,-460.17311292980503,303.33540390890386,179.9241227059963,0.31571590913130326,179.61049704027465,1739335833411
123.72190658139664,-460.1731699003269,303.3354828214617,179.92414312831087,0.31571525719425686,179.61050389430142,1739335833418
123.72197418357324,-460.17314434863795,303.33556091915545,179.9241433989187,0.31572213934143395,179.61051755889406,1739335833427
123.72189293187573,-460.17320755592107,303.33546602136886,179.9241360268196,0.31570862918401404,179.61049029265322,1739335833435
123.72191899566576,-460.17317650210646,303.33541487957086,179.924129730256,0.3157224353734667,179.61049704942772,1739335833442
123.72186325992733,-460.17321715658125,303.33553425046995,179.92415022930518,0.31572186167239585,179.61051073474152,1739335833450
123.72179797276587,-460.1731807155519,303.3355370694409,179.9241499623142,0.31571509999963854,179.61049713538767,1739335833459
123.72189525684401,-460.17314449100166,303.33545514643595,179.9241292707022,0.31570890649910915,179.61049708206158,1739335833466
123.72186555100754,-460.1731601860692,303.3354553379055,179.92412984445264,0.3157225226175533,179.61051067928005,1739335833475
123.72197587894208,-460.1731059234975,303.33542775861974,179.92411614259913,0.3157229484715453,179.61050386683692,1739335833482
123.72186559485985,-460.17315301944024,303.33543158392814,179.92413663853097,0.3157222778304619,179.61051065118025,1739335833491
123.7219195574714,-460.17316405113155,303.33540108992736,179.92412297298583,0.31572267080734817,179.6105038411549,1739335833498
123.72190886251359,-460.17311400203295,303.3354957005011,179.92412954065406,0.315715770293948,179.61050391324196,1739335833506
123.72185367460841,-460.1731461554736,303.33534966092935,179.9241159469166,0.3157160843292165,179.61049700091243,1739335833515
123.72190597573976,-460.17318951792436,303.3355203650864,179.9241431289652,0.3157152755482848,179.61050392924164,1739335833523
123.72185309288729,-460.1731607509046,303.33554703377337,179.9241362985794,0.3157155532148677,179.61049035798385,1739335833530
123.72189642430669,-460.17311242242465,303.3354038131698,179.92412247531502,0.3157091145757196,179.61049704028252,1739335833539
123.72184241784899,-460.173108557359,303.33545806114216,179.9241293093176,0.31570895738436455,179.6104970798384,1739335833546
123.72194933109607,-460.1731361672571,303.33553697370684,179.9241496567094,0.31570828744397367,179.61050393366816,1739335833554
123.72190485212887,-460.1732144198627,303.335547944384,179.92415671843077,0.31571482268538414,179.6105039429208,1739335833562
123.72189469503842,-460.1731569419749,303.33546893608104,179.924136065435,0.31570868006846736,179.61049708890042,1739335833575
123.72188165117454,-460.1731749799653,303.3354145923688,179.92412911313252,0.31570206971174436,179.6105106465841,1739335833582
123.72184181218975,-460.1731281749566,303.33549560476706,179.92412930997196,0.31570897573839163,179.61049711477864,1739335833591
123.72185254103684,-460.17317212966043,303.3354690318151,179.92413637103988,0.31571549262735765,179.61050388755908,1739335833598
123.72190594184504,-460.1731956123282,303.33545232745786,179.92412953769087,0.31571566817438856,179.6105038829426,1739335833607
123.72197302607098,-460.17317534499153,303.3355204608219,179.92414332218473,0.3157220611030067,179.61050392913899,1739335833614
123.72186495530539,-460.1731787314384,303.33540108992736,179.9241230479111,0.3157226888138163,179.6105106398198,1739335833623
123.72191898570898,-460.1731775743332,303.3355066711754,179.92413656491453,0.31572229653527717,179.61050392239582,1739335833631
123.72189293187573,-460.17320755592107,303.33546602136886,179.92413610174157,0.3157086471873844,179.61050388978848,1739335833638
123.72189525684401,-460.17314449100166,303.33545514643595,179.92412938308522,0.31570893350656287,179.61051747776446,1739335833646
123.72192307384002,-460.1730638954662,303.3354987109369,179.92412973502795,0.31572259772982436,179.61049711234688,1739335833654
123.72191723250313,-460.1732271160524,303.3354119648525,179.92412980402676,0.31572241149556607,179.61051064888343,1739335833662
123.72186386558653,-460.17319753898374,303.3354967068452,179.9241501162632,0.3157218163183354,179.61049030409842,1739335833670
123.72185310284391,-460.17315967868734,303.33545524217,179.9241295763071,0.3157157190596117,179.61050388071945,1739335833678
123.72189585254424,-460.1731259456258,303.33550939441216,179.92413606724378,0.31570874030526047,179.6104971215202,1739335833686
123.7219071093077,-460.17316354375123,303.33540099419184,179.92412277976555,0.3157158852550683,179.61051063973034,1739335833695
123.72189469503842,-460.1731569419749,303.33546893608104,179.92413610289597,0.31570868907015015,179.61050388746804,1739335833702
123.72194870150412,-460.1731608070356,303.3354146881013,179.92412930635444,0.31570885526480125,179.6105106464798,1739335833711
123.72194929720202,-460.1731422616645,303.33546893608104,179.92413614035695,0.3157086980718286,179.61051748450603,1739335833719
123.72189462724991,-460.1731691307557,303.33533286083644,179.92410895780836,0.3157094833272441,179.61051059344058,1739335833727
123.72192018706615,-460.173139411358,303.33552337552834,179.92414332333917,0.3157221029857727,179.6104971283482,1739335833734
123.72196057790721,-460.1731748376127,303.3355203650864,179.9241431289652,0.3157152755482849,179.610510727712,1739335833742
123.72191730029259,-460.173214927243,303.3355480401195,179.92415691165039,0.3157216082417185,179.61049714434935,1739335833751
123.72196347462878,-460.1730982494929,303.33540390890386,179.9241227059963,0.31571590913130326,179.61050383874502,1739335833758
123.72191902956034,-460.17317040770723,303.3354829171972,179.9241433215304,0.31572204274897864,179.61049709572836,1739335833771
123.72194929720202,-460.1731422616645,303.33546893608104,179.92413614035695,0.3157086980718286,179.61051748450603,1739335833778
123.72190709935087,-460.17316461597954,303.33549278579477,179.9241295020378,0.31571571940872073,179.61049711699476,1739335833786
123.7219077488592,-460.17313783175314,303.33543148819257,179.92413640784727,0.315715483274973,179.61051744965684,1739335833795
123.72190717709697,-460.17315135494766,303.3355370694409,179.9241498873907,0.31571508199955745,179.61049713519316,1739335833802
123.72190771496489,-460.1731439261446,303.33536345057144,179.92412277911117,0.31571586690103387,179.6105106047901,1739335833811
123.72198547423477,-460.1731758523704,303.33552055655895,179.9241435903294,0.31572886465938477,179.6105107277012,1739335833818
123.72183895930274,-460.17319759643254,303.3355883069835,179.92415652701837,0.3157080973658757,179.61050397564168,1739335833826
123.72196114966792,-460.1731613144145,303.33541478383535,179.92412953703652,0.3157156498203575,179.61051064647276,1739335833835
123.72190890636485,-460.1731068354085,303.33547194652135,179.92413637219428,0.3157155345101239,179.610510683709,1739335833843
123.72190773890243,-460.1731389039777,303.3355232797928,179.9241431675814,0.31571532643189515,179.61051072548884,1739335833850
123.72190597573976,-460.17318951792436,303.3355203650864,179.92414316642697,0.3157152845491295,179.61051072780927,1739335833858
123.72191956742893,-460.17316297888345,303.3353092983288,179.92411617578986,0.3157228186479552,179.6105037667544,1739335833866
123.72183892540694,-460.1732036908477,303.33552026935234,179.92414289828312,0.3157084809927285,179.6104971307767,1739335833874
123.721918366072,-460.1732011418509,303.3352925939639,179.92410941736534,0.31572301220148435,179.61051056080194,1739335833882
123.72201458437695,-460.1731787026718,303.3354661171029,179.92413629496187,0.31571543274128516,179.61051068815536,1739335833891
123.72196060184596,-460.1731698153902,303.33568019433005,179.9241635174355,0.31571473508152126,179.6105108484105,1739335833898
123.72186618060566,-460.1731355462812,303.3355776235038,179.92415011988075,0.3157219367919181,179.610490369338,1739335833906
123.72185250714173,-460.1731782240566,303.33540099419184,179.92412274230375,0.31571587625180464,179.61049704269237,1739335833915
123.72190600963481,-460.1731834235092,303.3355884027176,179.92415672023958,0.3157148829221727,179.61050397554058,1739335833922
123.72191787205466,-460.1732014040512,303.3354424588626,179.92414339464676,0.31572200051382115,179.61051066024385,1739335833931
123.72190480827757,-460.1732215864876,303.33557169836166,179.92414992435238,0.3157150674708576,179.61050397102144,1739335833938
123.72189472893324,-460.1731508475674,303.33553697370684,179.92414961924848,0.31570827844389915,179.61049033663016,1739335833947
123.72190654750204,-460.1731759947261,303.33541478383535,179.92412953703652,0.31571564982035755,179.61050384800237,1739335833955
123.72179793886964,-460.17318680995936,303.3354690318151,179.92413629611627,0.3157154746240511,179.6104834919534,1739335833962
123.72190715315922,-460.1731563771195,303.3353772402151,179.92412949892037,0.31571562246386004,179.61049701449454,1739335833975
123.72189468508196,-460.17315801419056,303.33556072768584,179.92414293755286,0.31570855023038885,179.6105107604345,1739335833983
123.72192135452856,-460.1731073427888,303.33547204225687,179.924136527952,0.31572231106238874,179.61049708656753,1739335833990
123.72184962035891,-460.17325373995016,303.3354256587621,179.92413636807666,0.3157153905077949,179.61050385725972,1739335833999
123.72190714320215,-460.17315744935524,303.3354690318151,179.92413640850162,0.3157155016290041,179.61051748459704,1739335834007
123.7219617453658,-460.1731427690434,303.3354690318151,179.92413629611627,0.31571547462405114,179.61050388736456,1739335834014
123.72197475533368,-460.17313082544894,303.3354553379055,179.92412976952738,0.315722504612698,179.61051067908554,1739335834022
123.72192015317145,-460.17314550576236,303.3354553379055,179.92412973206478,0.3157224956102638,179.61049708204752,1739335834030
123.72189412327648,-460.1731704651605,303.3355745173339,179.92414965736373,0.31570830579799736,179.61049717013802,1739335834038
123.72192019702288,-460.1731383391334,303.33543158392814,179.9241365636058,0.31572225982721885,179.61050385251536,1739335834046
123.72189357142742,-460.17318184391644,303.3354965153756,179.92414969236154,0.315708236207251,179.61050390114562,1739335834054
123.72186561879874,-460.17314799724943,303.3355914131534,179.92415698953866,0.3157217283596866,179.61050397331363,1739335834062
123.72196231712692,-460.17312924583285,303.33536345057144,179.924122816573,0.31571587590429323,179.6105242018281,1739335834070
123.72195997225283,-460.17319445520604,303.33555790871355,179.92414305469606,0.3157152759006048,179.610497165517,1739335834078
123.72191060173911,-460.1730684102438,303.335338786001,179.9241091533382,0.3157163526434284,179.61050379022265,1739335834087
123.72190481823395,-460.173220514273,303.33547990674947,179.9241430896947,0.31571520631064187,179.61049709805422,1739335834095
123.72193857830115,-460.17309723473517,303.3354037174372,179.92412224463374,0.31570232002012316,179.61050383876076,1739335834102
123.72189585254424,-460.1731259456258,303.33550939441216,179.92413606724378,0.31570874030526047,179.6104971215202,1739335834110
123.72190594184504,-460.1731956123282,303.33545232745786,179.92412957515268,0.31571567717684595,179.61051068151022,1739335834119
123.72192015317145,-460.17314550576236,303.3354553379055,179.92412980699,0.3157225136151278,179.61051067918277,1739335834127
123.72190484217289,-460.1732154920647,303.335639735998,179.924163478165,0.31571466584630953,179.6104972187527,1739335834135
123.72194933109607,-460.1731361672571,303.33553697370684,179.92414969417032,0.31570829644404386,179.6105107322358,1739335834147
123.72183779183705,-460.1732296649878,303.3356396402639,179.9241633224055,0.3157078892876364,179.61050401742062,1739335834155
123.72186497924392,-460.173173709258,303.33556091915545,179.9241433989187,0.315722139341434,179.6105039619533,1739335834163
123.72190770500774,-460.17314499838204,303.33545524217,179.92412950138348,0.3157157010546928,179.61049708205454,1739335834171
123.7219617453658,-460.1731427690434,303.3354690318151,179.92413629611627,0.31571547462405114,179.61050388736456,1739335834179
123.72188228076945,-460.173150340187,303.3355368779743,179.92414946348825,0.31570150188847496,179.61050393377008,1739335834187
123.72192015317145,-460.17314550576236,303.3354553379055,179.92412980699,0.3157225136151278,179.61051067918277,1739335834195
123.7219077488592,-460.17313783175314,303.33543148819257,179.9241363703855,0.3157154742733264,179.6105106510892,1739335834203
123.72196349856615,-460.173093227312,303.33556373812024,179.92414316939022,0.31571538666868365,179.610517556579,1739335834211
123.72190598569648,-460.17318844569934,303.3354285734805,179.92413633176932,0.31571542338890873,179.61050385484202,1739335834219
123.72196354241656,-460.17308606068866,303.33553998414106,179.92414992600683,0.3157151328823668,179.61051072991074,1739335834226
123.72192138842337,-460.17310124838093,303.33554007987664,179.92415008176386,0.3157219094378755,179.6104903343005,1739335834234
123.72186615666693,-460.17314056846703,303.335417794283,179.924129768873,0.31572248625866767,179.61049704720457,1739335834243
123.72189413323288,-460.17316939294653,303.3354827257276,179.92414286016782,0.31570845363782407,179.61049709573922,1739335834250
123.72190597573976,-460.17318951792436,303.3355203650864,179.92414309150342,0.3157152665474357,179.61049713067402,1739335834259
123.72194926330828,-460.1731483560607,303.3354008984578,179.9241224741606,0.3157090726929528,179.61050384107332,1739335834267
123.72184126033962,-460.1731395537034,303.3354176028134,179.9241292700478,0.3157088881450786,179.61049024865102,1739335834274
123.7219106356332,-460.1730623158583,303.33540682361024,179.92412278207442,0.3157159690206002,179.61051063508947,1739335834282
123.7219071093077,-460.17316354375123,303.33540099419184,179.92412277976555,0.3157158852550683,179.61051063973034,1739335834291
123.72189469503842,-460.1731569419749,303.33546893608104,179.92413610289597,0.31570868907015015,179.61050388746804,1739335834299
123.72190888242793,-460.1731118575571,303.3353121173116,179.92411594626222,0.3157160659751769,179.61050376444257,1739335834307
123.72189357142742,-460.17318184391644,303.3354965153756,179.92414969236154,0.315708236207251,179.61050390114562,1739335834318
123.72188401003734,-460.1731058206478,303.33547175505464,179.9241358733683,0.3157019363973477,179.6105038851539,1739335834327
123.72196235102051,-460.17312315144113,303.33543148819257,179.9241363703855,0.31571547427332647,179.61051744955958,1739335834334
123.72192016312859,-460.1731444335249,303.33536354630695,179.9241229348688,0.3157226434500729,179.61049700764704,1739335834343
123.72184009287315,-460.17317162227863,303.33546893608104,179.92413610289597,0.31570868907015026,179.61049708899768,1739335834351
123.7219106356332,-460.1730623158583,303.33540682361024,179.92412278207442,0.3157159690206002,179.61051063508947,1739335834358
123.72189469503842,-460.1731569419749,303.33546893608104,179.92413610289597,0.31570868907015015,179.61050388746804,1739335834366
123.72184009287315,-460.17317162227863,303.33546893608104,179.92413614035695,0.3157086980718286,179.6105038875653,1739335834375
123.72190481823395,-460.173220514273,303.33547990674947,179.92414316461821,0.3157152243123361,179.61051069518948,1739335834383
123.72198431673264,-460.17320684871936,303.335480098222,179.92414362598402,0.3157288134233812,179.61051749364907,1739335834391
123.72191902956034,-460.17317040770723,303.3354829171972,179.9241433215304,0.31572204274897864,179.61049709572836,1739335834399
123.72185430420558,-460.17312151571394,303.33547194652135,179.92413637219428,0.3157155345101239,179.61050388523864,1739335834407
123.72196057790721,-460.1731748376127,303.3355203650864,179.92414316642697,0.3157152845491295,179.61051752627964,1739335834414
123.72192015317145,-460.17314550576236,303.3354553379055,179.92412980699,0.3157225136151278,179.61051067918277,1739335834423
123.72178665817627,-460.17315423400083,303.3354176028134,179.92412934496983,0.31570890615005237,179.61049704731587,1739335834430
123.72200333756119,-460.1731400323195,303.3354827257276,179.92414289762877,0.3157084626387006,179.6105174912476,1739335834439
123.72197592279255,-460.17309875687187,303.3354040046394,179.92412297414023,0.3157227126901148,179.61051063730486,1739335834447
123.72195159822664,-460.1730842188881,303.3352982319369,179.92410888338628,0.3157094888461579,179.6105037575151,1739335834455
123.7219082668134,-460.1731325474071,303.33544145252637,179.92412266918882,0.3157159184820621,179.61049027664725,1739335834462
123.72184125038267,-460.17314062592976,303.33550939441216,179.92413614216576,0.31570875830862116,179.6105039201851,1739335834471
123.72190654750204,-460.1731759947261,303.33541478383535,179.92412953703652,0.31571564982035755,179.61050384800237,1739335834479
123.72196058786382,-460.1731737653878,303.3354285734805,179.92413633176932,0.31571542338890873,179.6105106533124,1739335834487
123.72189525684401,-460.17314449100166,303.33545514643595,179.9241293081632,0.3157089155015981,179.6105038806292,1739335834495
123.72193688293223,-460.17313565987826,303.3355368779743,179.92414946348825,0.3157015018884749,179.61051073224047,1739335834503
123.72190600963481,-460.1731834235092,303.3355884027176,179.92415664531615,0.3157148649236953,179.61049037840533,1739335834515
123.72191843386018,-460.17318895307966,303.335428669216,179.92413656245142,0.3157222179444525,179.6105038548358,1739335834523
123.72189525684401,-460.17314449100166,303.33545514643595,179.9241292707022,0.31570890649910915,179.61049708206158,1739335834531
123.72184122644475,-460.17314564809175,303.3353495651954,179.92411567877343,0.3157092807695583,179.61049020235347,1739335834539
123.72192134457208,-460.17310841500426,303.3355638338558,179.92414332514795,0.3157221632225615,179.61049716096798,1739335834547
123.72190830070798,-460.17312645300615,303.3355094901462,179.92413629792506,0.3157155348608441,179.610497121514,1739335834555
123.72190538999658,-460.1732069910656,303.3353743254969,179.92412953522776,0.3157155895835561,179.6105038153826,1739335834562
123.72189468508196,-460.17315801419056,303.33556072768584,179.92414293755286,0.31570855023038885,179.6105107604345,1739335834570
123.72186325992733,-460.17321715658125,303.33553425046995,179.92415011691756,0.31572183467236264,179.61049033903862,1739335834578
123.72196234106387,-460.1731242236659,303.3355232797928,179.92414313011966,0.3157153174310506,179.61051072539158,1739335834587
123.72183949717095,-460.1731901676495,303.3354146881013,179.92412926889344,0.315708846262312,179.61049025097145,1739335834594
123.72198779919547,-460.173112787452,303.33550968161876,179.92413679675104,0.3157291329735992,179.6105107185396,1739335834603
123.72190714320215,-460.17315744935524,303.3354690318151,179.92413633357808,0.31571548362570656,179.61050388746182,1739335834610
123.72184126033962,-460.1731395537034,303.3354176028134,179.92412930750882,0.3157088971475677,179.61049704721862,1739335834619
123.72189525684401,-460.17314449100166,303.33545514643595,179.9241293081632,0.3157089155015981,179.6105038806292,1739335834626
123.7219071093077,-460.17316354375123,303.33540099419184,179.92412277976555,0.3157158852550683,179.61051063973034,1739335834635
123.72189702000672,-460.1730938770549,303.33545806114216,179.9241293093176,0.3157089573843646,179.61050387830878,1739335834642
123.72190654750204,-460.1731759947261,303.33541478383535,179.92412949957472,0.31571564081789566,179.61049704943474,1739335834651
123.72190834455932,-460.1731192863801,303.3354857361679,179.92414312946528,0.31571529907702334,179.61050389198098,1739335834659
123.72190538003946,-460.1732080633014,303.3354661171029,179.92413636988542,0.31571545074459184,179.61051068834988,1739335834667
123.7219195574714,-460.17316405113155,303.33540108992736,179.92412297298583,0.31572267080734817,179.6105038411549,1739335834674
123.72192018706615,-460.173139411358,303.33552337552834,179.92414332333917,0.3157221029857727,179.6104971283482,1739335834682
123.72189642430669,-460.17311242242465,303.3354038131698,179.92412247531502,0.3157091145757196,179.61049704028252,1739335834691
123.72185486601268,-460.1731090647408,303.3354581568762,179.92412950253788,0.3157157429374593,179.61049028126376,1739335834703
123.72196170151537,-460.17314993566777,303.33549278579477,179.92412957696143,0.31571573741363945,179.61051751260038,1739335834711
123.72184065468022,-460.17315917130554,303.33545514643595,179.9241292332412,0.3157088974966156,179.6104834850236,1739335834718
123.72189353753272,-460.173187938319,303.33542847774646,179.92413606362626,0.3157086198316694,179.61049705628062,1739335834726
123.72191845779852,-460.17318393088954,303.3355884984531,179.92415695092168,0.31572167747771623,179.61050397553677,1739335834734
123.72189585254424,-460.1731259456258,303.33550939441216,179.9241361047048,0.31570874930694304,179.61050392008784,1739335834742
123.72192075882849,-460.1731258881602,303.335417794283,179.9241297314104,0.31572247725623326,179.6104970471073,1739335834750
123.72185370850329,-460.1731400610852,303.3354176985474,179.92412961311453,0.3157157097080342,179.61051064434682,1739335834758
123.72195102646498,-460.17309774211407,303.3354038131698,179.92412251277605,0.31570912357901487,179.61051063732052,1739335834767
123.72192075882849,-460.1731258881602,303.335417794283,179.924129768873,0.31572248625866767,179.61050384567494,1739335834774
123.72190827677058,-460.1731314751681,303.33534966092935,179.9241159469166,0.31571608432921644,179.6105037993828,1739335834782
123.72190597573976,-460.17318951792436,303.3355203650864,179.9241431289652,0.3157152755482848,179.61050392924164,1739335834790
123.7219629467184,-460.17310460606814,303.3354857361679,179.92414312946528,0.31571529907702334,179.61051069045135,1739335834798
123.7219071093077,-460.17316354375123,303.33540099419184,179.92412274230375,0.3157158762518046,179.6105038411627,1739335834807
123.72190775881657,-460.1731367595085,303.3353396965974,179.9241296481132,0.3157156401196421,179.6105241738248,1739335834815
123.72194872544168,-460.1731557848502,303.3355745173339,179.92414965736373,0.3157083057979974,179.61050396860838,1739335834822
123.72192074887168,-460.17312696038647,303.3355095858817,179.92413656606897,0.315722338418043,179.6105039200754,1739335834830
123.72190770500774,-460.17314499838204,303.33545524217,179.9241295388453,0.31571571005715443,179.61050388062216,1739335834838
123.72185430420558,-460.17312151571394,303.33547194652135,179.9241362972707,0.3157155165068176,179.6104902881034,1739335834847
123.72196117360548,-460.1731562922291,303.335574613068,179.92414992550678,0.3157151093536238,179.6105107671714,1739335834854
123.72178491894088,-460.1731998257616,303.3355745173339,179.92414973228563,0.3157083237981331,179.61049717033254,1739335834863
123.7219071093077,-460.17316354375123,303.33540099419184,179.9241227048419,0.3157158672485364,179.61049704259509,1739335834870
123.72196291282462,-460.1731107004679,303.3354176985474,179.92412953819093,0.315715691703124,179.61051064415233,1739335834878
123.72197358787503,-460.1731628940199,303.3355066711754,179.92413652745194,0.3157222875336492,179.61050392229856,1739335834886
123.72181460084354,-460.17318915288587,303.3354144966378,179.92412884499024,0.3156952661536886,179.61049704955323,1739335834898
123.72182588154082,-460.1732217288428,303.3354659256363,179.92413583359928,0.31570184363010506,179.61049029275677,1739335834906
123.72189296577055,-460.173201461514,303.3355340590004,179.9241496930159,0.3157082545612782,179.61050393608585,1739335834915
123.72190538003946,-460.1732080633014,303.3354661171029,179.92413633242367,0.31571544174294075,179.61050388978222,1739335834922
123.72197592279255,-460.17309875687187,303.3354040046394,179.92412297414023,0.3157227126901148,179.61051063730486,1739335834931
123.72186498920048,-460.1731726370423,303.3354691275506,179.92413660172275,0.3157222871828739,179.61050388755288,1739335834938
123.72190769505124,-460.17314607059933,303.33554703377337,179.9241362985794,0.3157155532148678,179.61049715645422,1739335834946
123.72190890636485,-460.1731068354085,303.33547194652135,179.92413633473248,0.31571552550847304,179.61050388514138,1739335834954
123.72189822136389,-460.17305571408116,303.3354747654877,179.9241361052048,0.3157087728356827,179.6105038828272,1739335834962
123.72201638142096,-460.17312199431774,303.3355370694409,179.92414992485246,0.3157150909996002,179.61051753070154,1739335834970
123.72192132063414,-460.17311343718535,303.3354040046394,179.92412293667758,0.31572270368687416,179.6104970402668,1739335834978
123.72197129680868,-460.1732198645233,303.33558558374676,179.92415694976725,0.31572163559495003,179.61051077632757,1739335834986
123.72190717709697,-460.17315135494766,303.3355370694409,179.92414992485246,0.31571509099960016,179.61050393376078,1739335834995
123.72190831066477,-460.1731253807798,303.3354176985474,179.92412957565273,0.3157157007055813,179.6105106442496,1739335835003
123.72189526680116,-460.1731434187642,303.3353633548374,179.92412254842827,0.31570907234550505,179.61051060479798,1739335835011
123.72191959136586,-460.17315795673557,303.3354691275506,179.92413656426018,0.31572227818125015,179.6105038874556,1739335835018
123.72190538003946,-460.1732080633014,303.3354661171029,179.9241362575001,0.31571542373962513,179.61049029264697,1739335835026
123.72190598569648,-460.17318844569934,303.3354285734805,179.92413633176932,0.31571542338890873,179.61050385484202,1739335835034
123.72189356147108,-460.1731829161289,303.3355883069835,179.92415648955748,0.3157080883666163,179.6105039755444,1739335835042
123.72185138352756,-460.1732031260045,303.3354285734805,179.92413633176932,0.31571542338890873,179.61049705637166,1739335835051
123.72192015317145,-460.17314550576236,303.3354553379055,179.92412976952738,0.315722504612698,179.61050388061514,1739335835059
123.72189412327648,-460.1731704651605,303.3355745173339,179.92414969482465,0.31570831479806744,179.61050396870564,1739335835067
123.72191842390347,-460.17319002530473,303.3355204608219,179.92414339710987,0.31572207910464567,179.61051072780387,1739335835074
123.72190653754528,-460.1731770669528,303.33550657543987,179.92413629677063,0.3157154929780782,179.6104971238344,1739335835082
123.72190771496489,-460.1731439261446,303.3355232797928,179.9241226667257,0.31571583989122937,179.61049020908726,1739335835091
123.72189231626277,-460.1732282457262,303.335595356609,179.9241429370528,0.3157085267016416,179.61051079769516,1739335835103
123.7219094442337,-460.173099406579,303.33529832767096,179.92410915152942,0.31571629240662225,179.61050375760286,1739335835110
123.7218952907387,-460.1731383965974,303.3355231840588,179.92414286197658,0.31570851387461796,179.61049712835901,1739335835118
123.72191726639765,-460.1732210216534,303.335480002485,179.92414343276369,0.3157220278686654,179.6105174937517,1739335835127
123.72186675236924,-460.17312202309574,303.33547204225687,179.92413656541459,0.3157223200640166,179.6104970866648,1739335835134
123.72194809584944,-460.1731804246378,303.3354522317238,179.9241292695478,0.3157088646163431,179.61050388285238,1739335835143
123.72189525684401,-460.17314449100166,303.33545514643595,179.9241292707022,0.31570890649910915,179.61049708206158,1739335835151
123.72191009776559,-460.17306974464645,303.33558044246246,179.92414992781562,0.3157151931191569,179.61050396406017,1739335835159
123.72185428026809,-460.1731265378626,303.3353121173116,179.92411590880036,0.3157160569711024,179.6104901674046,1739335835167
123.72190777279745,-460.1731328095622,303.3355913174179,179.92415675885573,0.3157149338041704,179.61051077178777,1739335835175
123.72186383169121,-460.1732036333863,303.335428669216,179.9241365624514,0.3157222179444525,179.61049705636543,1739335835183
123.72191962526068,-460.17315186232804,303.33553716517645,179.92415015553453,0.3157218855551438,179.6105039337562,1739335835191
123.72189469503842,-460.1731569419749,303.33546893608104,179.92413617781793,0.31570870707350257,179.6105174846033,1739335835199
123.72189582860685,-460.1731309677877,303.3353495651954,179.9241157162345,0.31570928977366014,179.61050379939147,1739335835206
123.72185197922984,-460.173184580632,303.3354828214617,179.92414312831087,0.31571525719425686,179.61049709583105,1739335835214
123.72190946817045,-460.1730943844353,303.3354581568762,179.92412950253788,0.31571574293745935,179.61049707973413,1739335835222
123.72185250714173,-460.1731782240566,303.33540099419184,179.92412274230375,0.31571587625180464,179.61049704269237,1739335835230
123.72189472893324,-460.1731508475674,303.33553697370684,179.92414969417032,0.3157082964440439,179.61050393376541,1739335835239
123.7219617453658,-460.1731427690434,303.3354690318151,179.92413633357808,0.31571548362570656,179.61051068593216,1739335835251
123.72196404639045,-460.173084726267,303.33529832767096,179.92410915152942,0.31571629240662225,179.61051055607325,1739335835258
123.72190536012727,-460.17321020771396,303.33564970032927,179.92414992681552,0.3157151460616568,179.6105040385815,1739335835266
123.72190658139664,-460.1731699003269,303.3354828214617,179.92414312831087,0.31571525719425686,179.61050389430142,1739335835274
123.72190654750204,-460.1731759947261,303.33541478383535,179.92412957449832,0.31571565882281494,179.61051064657,1739335835282
123.72197126291434,-460.1732259589382,303.3355175461098,179.92414339595547,0.3157220372218795,179.61051752859467,1739335835290
123.7219747652907,-460.1731297532118,303.33536354630695,179.92412297233145,0.31572265245331377,179.61051060468506,1739335835298
123.72196057790721,-460.1731748376127,303.3355203650864,179.92414309150342,0.31571526654743576,179.6105039291444,1739335835306
123.7218970539014,-460.1730877826503,303.3355260987589,179.92414290059193,0.3157085647582609,179.61050392460623,1739335835314
123.72185078782542,-460.17322167137064,303.3353743254969,179.92412949776593,0.315715580581094,179.6104902183446,1739335835322
123.72189642430669,-460.17311242242465,303.3354038131698,179.92412247531502,0.3157091145757196,179.61049704028252,1739335835330
123.72185197922984,-460.173184580632,303.3354828214617,179.9241430908491,0.31571524819340774,179.61049029726342,1739335835338
123.72197475533368,-460.17313082544894,303.3354553379055,179.92412976952738,0.315722504612698,179.61051067908554,1739335835346
123.72189409933831,-460.1731754873457,303.3354146881013,179.92412930635444,0.31570885526480125,179.61050384800942,1739335835354
123.72196118356175,-460.17315522001513,303.3354828214617,179.92414305338735,0.315715239192554,179.61049709563653,1739335835362
123.72189469503842,-460.1731569419749,303.33546893608104,179.924136065435,0.31570868006846736,179.61049708890042,1739335835370
123.72186498920048,-460.1731726370423,303.3354691275506,179.92413652679758,0.31572226917962204,179.6104902904176,1739335835378
123.72190770500774,-460.17314499838204,303.33545524217,179.92412950138348,0.3157157010546928,179.61049708205454,1739335835386
123.72190834455932,-460.1731192863801,303.3354857361679,179.92414312946528,0.31571529907702334,179.61050389198098,1739335835394
123.72191781824677,-460.173209642898,303.3355580044492,179.92414336030168,0.31572208845785077,179.61050396417644,1739335835402
123.72185310284391,-460.17315967868734,303.33545524217,179.92412965123074,0.31571573706451284,179.61051747785467,1739335835410
123.72190715315922,-460.1731563771195,303.3353772402151,179.92412953638214,0.3157156314663221,179.61050381306217,1739335835418
123.72185198918706,-460.173183508398,303.3353910298602,179.92413633111494,0.3157154050348743,179.61049702143143,1739335835426
123.72191842390347,-460.17319002530473,303.3355204608219,179.9241433596473,0.31572207010382847,179.61050392923622,1739335835438
123.72196291282462,-460.1731107004679,303.3354176985474,179.9241295007291,0.31571568270066225,179.61050384558467,1739335835446
123.72191959136586,-460.17315795673557,303.3354691275506,179.92413656426018,0.31572227818125015,179.6105038874556,1739335835454
123.72190714320215,-460.17315744935524,303.3354690318151,179.92413633357808,0.31571548362570656,179.61050388746182,1739335835462
123.721933173098,-460.17313248992883,303.33534985240186,179.92411644574423,0.31572968244433147,179.61051059793323,1739335835470
123.72190653754528,-460.1731770669528,303.33550657543987,179.92413633423243,0.3157155019797336,179.61050392240202,1739335835478
123.72193627727785,-460.17315527747144,303.3355744216013,179.92414942668242,0.31570151124240103,179.61050396861305,1739335835486
123.72189522294966,-460.1731505853943,303.33538710881555,179.9241157543499,0.3157093171317926,179.6105106328993,1739335835494
123.72190834455932,-460.1731192863801,303.3354857361679,179.92414316692702,0.315715308077868,179.6105106905486,1739335835502
123.72190771496489,-460.1731439261446,303.33536345057144,179.92412277911117,0.31571586690103387,179.6105106047901,1739335835510
123.72183832970454,-460.17322223622466,303.33546602136886,179.92413610174154,0.3157086471873844,179.6104970913181,1739335835518
123.72189585254424,-460.1731259456258,303.33550939441216,179.92413614216576,0.3157087583086212,179.61051071865546,1739335835526
123.72192018706615,-460.173139411358,303.33552337552834,179.92414332333917,0.3157221029857727,179.6104971283482,1739335835535
123.72190538003946,-460.1732080633014,303.3354661171029,179.92413633242367,0.31571544174294075,179.61050388978222,1739335835542
123.7219082668134,-460.1731325474071,303.33544145252637,179.9241227441125,0.31571593648860236,179.6105038737825,1739335835550
123.72190601959116,-460.17318235129676,303.3354966111097,179.92414992304364,0.31571503076280727,179.610503901141,1739335835558
123.72196287893115,-460.17311679485636,303.33534966092935,179.9241159469166,0.31571608432921644,179.61051059785316,1739335835566
123.72190597573976,-460.17318951792436,303.3355203650864,179.9241430540417,0.3157152575465822,179.61049033210637,1739335835574
123.72190883857635,-460.17311902418993,303.3353358712887,179.92410918964566,0.31571631976553877,179.6105105911107,1739335835582
123.72196118356175,-460.17315522001513,303.3354828214617,179.92414312831087,0.31571525719425686,179.61051069277178,1739335835591
123.7219747652907,-460.1731297532118,303.33536354630695,179.92412300979407,0.31572266145655015,179.61051740325266,1739335835598
123.72185257493238,-460.17316603525296,303.3355370694409,179.9241498873907,0.3157150819995573,179.61049033672282,1739335835606
123.72186502309604,-460.1731665426348,303.33553716517645,179.92415015553453,0.31572188555514374,179.61049713528584,1739335835614
123.72190771496489,-460.1731439261446,303.33536345057144,179.9241227041875,0.31571584889450194,179.61049700765486,1739335835626
123.72197475533368,-460.17313082544894,303.3354553379055,179.92412973206478,0.3157224956102637,179.61050388051788,1739335835634
123.72193864608892,-460.173085045931,303.3355397926744,179.9241494271825,0.31570153477114404,179.6105039313524,1739335835642
123.72190714320215,-460.17315744935524,303.3354690318151,179.92413637103988,0.31571549262735754,179.61051068602944,1739335835650
123.72185257493238,-460.17316603525296,303.3355370694409,179.92414996231417,0.3157150999996384,179.61050393385807,1739335835658
123.72190485212887,-460.1732144198627,303.335547944384,179.92415671843077,0.31571482268538414,179.6105039429208,1739335835666
123.72186676232646,-460.17312095086055,303.335380250663,179.92412980568128,0.3157224769070615,179.61050381083197,1739335835674
123.72190833460289,-460.17312035859385,303.3355775277683,179.92414988919947,0.3157151422363472,179.61049716781295,1739335835682
123.72185254103684,-460.17317212966043,303.3354690318151,179.92413633357808,0.31571548362570656,179.61049708899145,1739335835690
123.72190658139664,-460.1731699003269,303.3354828214617,179.92414312831087,0.31571525719425686,179.61050389430142,1739335835699
123.72185194533462,-460.1731906750314,303.33541478383535,179.92412953703652,0.31571564982035755,179.610497049532,1739335835706
123.72186672843175,-460.1731270452444,303.33531221304713,179.9241161769443,0.31572286053072046,179.6104969659636,1739335835714
123.72190653754528,-460.1731770669528,303.33550657543987,179.92413629677063,0.3157154929780782,179.6104971238344,1739335835722
123.72190887247044,-460.17311292980503,303.33540390890386,179.9241228183818,0.3157159361410939,179.61051743597756,1739335835730
123.72195102646498,-460.17309774211407,303.3354038131698,179.92412255023706,0.31570913258230576,179.61051743588814,1739335835738
123.72190771496489,-460.1731439261446,303.33536345057144,179.9241227041875,0.31571584889450194,179.61049700765486,1739335835746
123.7218525848892,-460.1731649630299,303.3354452778391,179.92414309019472,0.3157152298393775,179.6104902623232,1739335835754
123.72186321607526,-460.17322432320447,303.3355580044492,179.92414332283911,0.31572207945702907,179.61049036713845,1739335835763
123.72190715315922,-460.1731563771195,303.3353772402151,179.92412957384397,0.31571564046877965,179.6105106116298,1739335835771
123.72191959136586,-460.17315795673557,303.3354691275506,179.92413656426018,0.31572227818125015,179.6105038874556,1739335835779
123.72190718705366,-460.17315028272463,303.3354452778391,179.92414316511824,0.3157152478410716,179.6105106579288,1739335835786
123.72197426131808,-460.173131087596,303.3356052028044,179.9241637468089,0.315721492929031,179.61051077852707,1739335835795
123.72190714320215,-460.17315744935524,303.3354690318151,179.92413633357808,0.31571548362570656,179.61050388746182,1739335835802
123.72196291282462,-460.1731107004679,303.3354176985474,179.92412953819093,0.315715691703124,179.61051064415233,1739335835810
123.72190594184504,-460.1731956123282,303.33545232745786,179.92412953769087,0.31571566817438856,179.6105038829426,1739335835822
123.72196350852248,-460.17309215509647,303.33547194652135,179.92413633473248,0.3157155255084729,179.61051068361175,1739335835830
123.72190717709697,-460.17315135494766,303.3355370694409,179.92414992485246,0.31571509099960016,179.61050393376078,1739335835838
123.72185137357063,-460.17320419822954,303.3355203650864,179.9241431289652,0.3157152755482849,179.61049713077128,1739335835847
123.72186864120522,-460.1731869235583,303.3354282862829,179.92413563972303,0.3156950397222399,179.6105038548608,1739335835854
123.72190770500774,-460.17314499838204,303.33545524217,179.92412950138348,0.3157157010546928,179.61049708205454,1739335835862
123.72190773890243,-460.1731389039777,303.3355232797928,179.9241431675814,0.31571532643189515,179.61051072548884,1739335835870
123.72188221298018,-460.1731625289905,303.33540080272525,179.92412224347933,0.3157022781373564,179.61049704261083,1739335835878
123.72196348458617,-460.17309717724515,303.3353121173116,179.92411590880036,0.31571605697110233,179.61050376434534,1739335835886
123.72195941044885,-460.17320690617595,303.33557169836166,179.92414988689063,0.3157150584708148,179.61050397092419,1739335835895
123.72190715315922,-460.1731563771195,303.3353772402151,179.92412949892037,0.31571562246386004,179.61049701449454,1739335835902
123.72196119351865,-460.1731541477811,303.3353910298602,179.92413629365316,0.31571539603321847,179.61050381980453,1739335835910
123.72190365077164,-460.17325258284063,303.3355312400223,179.92414996000534,0.31571501623410675,179.61051073696927,1739335835918
123.72193609376633,-460.1730508796425,303.33539322544067,179.92411641124394,0.31572977555988385,179.61050382966494,1739335835926
123.72196230716992,-460.17313031807004,303.33545524217,179.92412946392167,0.31571569205222666,179.6104970819573,1739335835934
123.72184128427833,-460.1731345315176,303.3355774320342,179.9241496959791,0.3157083566808334,179.61049716791487,1739335835942
123.72192075882849,-460.1731258881602,303.335417794283,179.92412969394778,0.31572246825379435,179.61049024853966,1739335835950
123.72196235102051,-460.17312315144113,303.33543148819257,179.9241363703855,0.31571547427332647,179.61051744955958,1739335835958
123.72190834455932,-460.1731192863801,303.3354857361679,179.9241432043888,0.31571531707870815,179.61051748911623,1739335835966
123.72190597573976,-460.17318951792436,303.3355203650864,179.92414316642697,0.3157152845491295,179.61051072780927,1739335835974
123.72189528078258,-460.1731394688022,303.33561497566365,179.92414969663346,0.3157083750348523,179.61050400132547,1739335835982
123.72192192629132,-460.1730938195788,303.3353664610193,179.92412297348585,0.31572269433607925,179.61050380389423,1739335835990
123.72190950206513,-460.17308829003065,303.335526194493,179.92414313127406,0.3157153593138172,179.61050392460078,1739335835999
123.7219071093077,-460.17316354375123,303.33540099419184,179.92412274230375,0.3157158762518046,179.6105038411627,1739335836007
123.72190830070798,-460.17312645300615,303.3355094901462,179.92413629792506,0.3157155348608441,179.610497121514,1739335836014
123.72190597573976,-460.17318951792436,303.3355203650864,179.92414316642697,0.3157152845491295,179.61051072780927,1739335836026
123.72192018706615,-460.173139411358,303.33552337552834,179.92414336080174,0.31572211198659433,179.61050392691578,1739335836034
123.72190597573976,-460.17318951792436,303.3355203650864,179.9241430540417,0.3157152575465822,179.61049033210637,1739335836042
123.72185193537764,-460.17319174725793,303.33550657543987,179.924136409156,0.3157155199830311,179.6105107210669,1739335836050
123.72196230716992,-460.17313031807004,303.33545524217,179.9241295388453,0.31571571005715443,179.61051067909256,1739335836058
123.7219082668134,-460.1731325474071,303.33544145252637,179.9241227441125,0.31571593648860236,179.6105038737825,1739335836066
123.72191959136586,-460.17315795673557,303.3354691275506,179.92413660172278,0.3157222871828738,179.61051068602325,1739335836074
123.72197422742363,-460.1731371820148,303.33553716517645,179.92415011807202,0.31572187655512834,179.61050393365892,1739335836082
123.72185255099411,-460.17317105742484,303.3353772402151,179.92412957384397,0.31571564046877965,179.61050381315943,1739335836090
123.72196112975524,-460.17316345884797,303.3355983670494,179.9241431688901,0.31571536313993687,179.61051759383966,1739335836098
123.72190709935087,-460.17316461597954,303.33549278579477,179.9241295020378,0.31571571940872073,179.61049711699476,1739335836106
123.72190890636485,-460.1731068354085,303.33547194652135,179.92413637219428,0.3157155345101239,179.610510683709,1739335836115
123.72186731417631,-460.1731095721226,303.3354582526117,179.92412973321916,0.31572253749303025,179.61049028125674,1739335836123
123.72190478433942,-460.173226608672,303.335411869117,179.9241295358821,0.31571560793759224,179.61050385032283,1739335836130
123.72192015317145,-460.17314550576236,303.3354553379055,179.92412980699,0.3157225136151278,179.61051067918277,1739335836138
123.72193202957313,-460.1731595363315,303.33556101489245,179.9241435921382,0.31572892489617327,179.61050396185064,1739335836146
123.72196171147208,-460.17314886343956,303.33540099419184,179.92412274230375,0.3157158762518046,179.61051063963308,1739335836155
123.72196061180153,-460.17316874319755,303.3355884027176,179.92415675770127,0.31571489192140473,179.61051757257857,1739335836163
123.72186619056222,-460.1731344740673,303.33548583190344,179.92414336014738,0.31572209363256704,179.61049709350522,1739335836171
123.72185194533462,-460.1731906750314,303.33541478383535,179.92412953703652,0.31571564982035755,179.610497049532,1739335836179
123.72190834455932,-460.1731192863801,303.3354857361679,179.92414312946528,0.31571529907702334,179.61050389198098,1739335836187
123.72188165117454,-460.1731749799653,303.3354145923688,179.92412911313252,0.31570206971174436,179.6105106465841,1739335836195
123.72191902956034,-460.17317040770723,303.3354829171972,179.92414339645552,0.3157220607506179,179.61051069286364,1739335836202
123.7218917743701,-460.17323855226493,303.3354255630281,179.92413617485474,0.31570860495394026,179.61051745430393,1739335836214
123.72190720103639,-460.17314633271974,303.3356968986768,179.92417023839937,0.3157145325375836,179.61049045732398,1739335836222
123.72190714320215,-460.17315744935524,303.3354690318151,179.92413640850162,0.3157155016290041,179.61051748459704,1739335836230
123.72193627727785,-460.17315527747144,303.3355744216013,179.92414946414257,0.3157015202424984,179.61051076718067,1739335836238
123.72198550812908,-460.1731697579552,303.33558859419014,179.92415714414048,0.3157284630340908,179.61050397543573,1739335836246
123.72193204948665,-460.1731573918802,303.3353774316876,179.92412999774632,0.315729220577422,179.61050381304815,1739335836254
123.72183892540694,-460.1732036908477,303.33552026935234,179.92414289828312,0.3157084809927285,179.6104971307767,1739335836262
123.72185314669622,-460.1731525120584,303.33543148819257,179.92413625800015,0.3157154472683598,179.61048345691597,1739335836270
123.72190654750204,-460.1731759947261,303.33541478383535,179.92412957449832,0.31571565882281494,179.61051064657,1739335836278
123.72190713324571,-460.17315852157094,303.33556082341994,179.924143130774,0.31571533578507327,179.61050396186144,1739335836286
123.72183895930274,-460.17319759643254,303.3355883069835,179.92415656447926,0.3157081063651306,179.61051077420927,1739335836294
123.72192015317145,-460.17314550576236,303.3354553379055,179.92412976952738,0.315722504612698,179.61050388061514,1739335836302
123.72190770500774,-460.17314499838204,303.33545524217,179.92412950138348,0.3157157010546928,179.61049708205454,1739335836310
123.72189525684401,-460.17314449100166,303.33545514643595,179.9241293081632,0.3157089155015981,179.6105038806292,1739335836318
123.72189589639557,-460.1731187789998,303.3354856404339,179.92414282386127,0.31570848651970973,179.61049029485116,1739335836326
123.72195941044885,-460.17320690617595,303.33557169836166,179.92414996181412,0.31571507647089603,179.61051756805946,1739335836334
123.72190653754528,-460.1731770669528,303.33550657543987,179.92413629677063,0.3157154929780782,179.6104971238344,1739335836342
123.72186670851708,-460.1731291897202,303.33549579623667,179.92412977133617,0.3157225648494916,179.6104971147646,1739335836351
123.72190831066477,-460.1731253807798,303.3354176985474,179.9241295007291,0.31571568270066225,179.61049704711434,1739335836358
123.72196230716992,-460.17313031807004,303.33545524217,179.9241295763071,0.3157157190596117,179.61051747766015,1739335836367
123.7219320734244,-460.17315236970836,303.33553726091344,179.9241503487533,0.315728671110712,179.61049713518398,1739335836375
123.72196057790721,-460.1731748376127,303.3355203650864,179.9241431289652,0.3157152755482849,179.610510727712,1739335836382
123.72193800654028,-460.1731107579366,303.3355092986796,179.9241358365625,0.31570194574966404,179.61050391999686,1739335836390
123.72189759176959,-460.1730803538416,303.3353524799076,179.92411567992784,0.31570932265232415,179.6104969985034,1739335836399
123.72190827677058,-460.1731314751681,303.33534966092935,179.9241159469166,0.31571608432921644,179.6105037993828,1739335836410
123.72197655238435,-460.1730741170975,303.33552629022853,179.92414332449357,0.3157221448685393,179.61050392449812,1739335836419
123.72191839996592,-460.17319504747104,303.33536063158874,179.92412300863967,0.3157226195737841,179.61051060710273,1739335836426
123.72194985900612,-460.1731298106912,303.33545514643595,179.9241293081632,0.3157089155015981,179.6105106790996,1739335836434
123.72194873539793,-460.17315471263623,303.3354827257276,179.9241428976288,0.3157084626387006,179.61051069277724,1739335836442
123.72188281863737,-460.1731429113838,303.33536325910484,179.9241222802852,0.31570226878664487,179.61050380623823,1739335836450
123.72194928724566,-460.17314333388026,303.33556072768584,179.92414286263093,0.31570853222864065,179.6105039617696,1739335836458
123.72188393229158,-460.17311908167,303.33542747141763,179.92411552547583,0.3157025828130475,179.61051066552776,1739335836467
123.72191899566576,-460.17317650210646,303.33541487957086,179.92412980518122,0.3157224533783312,179.61051064656297,1739335836474
123.7218952907387,-460.1731383965974,303.3355231840588,179.92414297435946,0.3157085408772337,179.6105175240619,1739335836482
123.72189588643914,-460.1731198512135,303.3355774320342,179.9241496959791,0.31570835668083336,179.61050396638524,1739335836491
123.72190827677058,-460.1731314751681,303.33534966092935,179.9241159469166,0.31571608432921644,179.6105037993828,1739335836499
123.7219172903366,-460.173215999445,303.3356398317335,179.92416374630884,0.31572146940028323,179.61050401731734,1739335836506
123.72186498920048,-460.1731726370423,303.3354691275506,179.92413667664795,0.3157223051861077,179.61051748468813,1739335836514
123.72193260133517,-460.17314601314274,303.3354554336425,179.92412992528264,0.31572928116343596,179.6104902834729,1739335836522
123.72186791983569,-460.17308995452055,303.3354207089894,179.9241297325648,0.31572251913899896,179.61049024631652,1739335836531
123.72191119743891,-460.17304986488176,303.33539303396816,179.9241159124179,0.31571617744470987,179.61049703111453,1739335836539
123.72188107941223,-460.1731885031637,303.3355201736197,179.92414263014086,0.3157016774362556,179.6104971306849,1739335836546
123.7218952907387,-460.1731383965974,303.3355231840588,179.92414282451563,0.3157085048737371,179.6104903297914,1739335836554
123.72189352757601,-460.17318901054404,303.33552026935234,179.92414297320502,0.31570849899446823,179.61051752638232,1739335836563
123.72183892540694,-460.1732036908477,303.33552026935234,179.92414289828312,0.3157084809927285,179.6104971307767,1739335836570
123.72190773890243,-460.1731389039777,303.3355232797928,179.9241431675814,0.31571532643189515,179.61051072548884,1739335836578
123.72185197922984,-460.173184580632,303.3354828214617,179.9241430908491,0.31571524819340774,179.61049029726342,1739335836586
123.72190661529154,-460.17316380591603,303.33555085909035,179.9241566821235,0.3157148555689134,179.6104971420327,1739335836595
123.72190887247044,-460.17311292980503,303.33540390890386,179.92412278092,0.3157159271378348,179.6105106374099,1739335836606
123.72197415963585,-460.17314937081846,303.33540108992736,179.92412301044848,0.31572267981058455,179.6105174381929,1739335836614
123.72188169502613,-460.17316781333193,303.33539083839355,179.9241359072109,0.3157018249254549,179.61051061848192,1739335836622
123.72191902956034,-460.17317040770723,303.3354829171972,179.92414335899298,0.31572205174980045,179.610503894296,1739335836630
123.72197356393825,-460.1731679161814,303.33534684194666,179.92411617644427,0.3157228370019938,179.610510600165,1739335836638
123.72190833460289,-460.17312035859385,303.3355775277683,179.92414992666122,0.31571515123638977,179.6105039663806,1739335836647
123.72196347462878,-460.1730982494929,303.33540390890386,179.92412281838182,0.3157159361410939,179.6105242344479,1739335836654
123.7219724204166,-460.1731949625849,303.3355580044492,179.92414336030168,0.31572208845785077,179.61051076264684,1739335836662
123.72196170151537,-460.17314993566777,303.33549278579477,179.92412957696143,0.31571573741363945,179.61051751260038,1739335836670
123.7219195574714,-460.17316405113155,303.33540108992736,179.9241230479111,0.3157226888138163,179.61051743829017,1739335836678
123.72189408938154,-460.17317655957254,303.33550647970577,179.92413610355032,0.31570870742417734,179.61050392240827,1739335836686
123.7219764845968,-460.1730863058952,303.33539021499723,179.92411625433277,0.3157229571296422,179.6105242275996,1739335836694
123.7218929757272,-460.17320038929057,303.3354422673931,179.9241428208981,0.3157083844001456,179.6104902645518,1739335836702
123.72190827677058,-460.1731314751681,303.33534966092935,179.9241160218403,0.31571610233735203,179.61051739651805,1739335836710
123.72183775794099,-460.1732357594107,303.33557160262757,179.92414969367024,0.31570827291530124,179.6104971725557,1739335836718
123.72188228076945,-460.173150340187,303.3355368779743,179.92414946348825,0.31570150188847496,179.61050393377008,1739335836726
123.72190717709697,-460.17315135494766,303.3355370694409,179.92414992485246,0.31571509099960016,179.61050393376078,1739335836734
123.72192079272303,-460.17311979376046,303.33548583190344,179.9241433226848,0.31572208463174534,179.61049709340796,1739335836742
123.72185254103684,-460.17317212966043,303.3354690318151,179.92413633357808,0.31571548362570656,179.61049708899145,1739335836750
123.72197419352958,-460.1731432764223,303.3354691275506,179.92413656426018,0.31572227818125015,179.61051068592596,1739335836758
123.72193627727785,-460.17315527747144,303.3355744216013,179.92414946414257,0.3157015202424984,179.61051076718067,1739335836766
123.72186501313983,-460.17316761483806,303.3356289567828,179.92415695273044,0.3157217377145019,179.61049720968623,1739335836775
123.72190831066477,-460.1731253807798,303.3354176985474,179.92412953819093,0.315715691703124,179.61050384568193,1739335836782
123.72190598569648,-460.17318844569934,303.3354285734805,179.92413633176932,0.31571542338890873,179.61050385484202,1739335836790
123.72190481823395,-460.173220514273,303.33547990674947,179.92414312715644,0.3157152153114912,179.61050389662185,1739335836802
123.72184069853253,-460.1731520046766,303.33543139245853,179.92413610224162,0.3157086707161189,179.61049705405745,1739335836810
123.72190715315922,-460.1731563771195,303.3353772402151,179.92412942399673,0.3157156044589229,179.6104834173593,1739335836818
123.72191901960394,-460.17317147992117,303.3355747088035,179.92415011872635,0.315721894909152,179.61049717012878,1739335836827
123.72192019702288,-460.1731383391334,303.33543158392814,179.9241365636058,0.31572225982721885,179.61050385251536,1739335836834
123.72192015317145,-460.17314550576236,303.3354553379055,179.92412980699,0.3157225136151278,179.61051067918277,1739335836842
123.72190714320215,-460.17315744935524,303.3354690318151,179.92413633357808,0.31571548362570656,179.61050388746182,1739335836850
123.72178549070601,-460.173186302576,303.33546893608104,179.92413614035695,0.3157086980718286,179.61049708909493,1739335836858
123.72185257493238,-460.17316603525296,303.3355370694409,179.92414992485246,0.31571509099960016,179.61049713529042,1739335836866
123.72190599565388,-460.1731873734545,303.335336781879,179.92412949711155,0.3157155622270554,179.61049698187475,1739335836874
123.72196057790721,-460.1731748376127,303.3355203650864,179.9241431289652,0.3157152755482849,179.610510727712,1739335836882
123.72185369854635,-460.1731411333116,303.3355094901462,179.92413633538686,0.31571554386249934,179.61049712161125,1739335836890
123.72197359783169,-460.17316182179337,303.33541487957086,179.9241296927934,0.3157224263710276,179.6104970493305,1739335836898
123.72198720349746,-460.17313133282784,303.3354554336425,179.92412996274606,0.31572929016584733,179.6105038805109,1739335836907
123.72184126033962,-460.1731395537034,303.3354176028134,179.9241292700478,0.3157088881450786,179.61049024865102,1739335836914
123.72189762566379,-460.1730742594528,303.3354205175198,179.92412938358527,0.315708957035298,179.6105174405038,1739335836922
123.7219166946359,-460.1732345448362,303.33558558374676,179.92415694976725,0.31572163559495003,179.6105039778572,1739335836934
123.72192074887168,-460.17312696038647,303.3355095858817,179.92413656606897,0.315722338418043,179.6105039200754,1739335836942
123.72190597573976,-460.17318951792436,303.3355203650864,179.92414309150342,0.3157152665474357,179.61049713067402,1739335836950
123.7219297484563,-460.17321543462333,303.3355481358565,179.92415725472165,0.31572842979483456,179.6105175400485,1739335836958
123.72189528078258,-460.1731394688022,303.33561497566365,179.9241497340944,0.3157083840349177,179.61051079989306,1739335836966
123.72185369854635,-460.1731411333116,303.3355094901462,179.92413633538686,0.31571554386249934,179.61049712161125,1739335836974
123.72195100252945,-460.17310276423893,303.33524398396406,179.9241020868447,0.3157096550399874,179.61050371805638,1739335836982
123.72193570149346,-460.173171678385,303.33533659041245,179.92412907320917,0.3157019821183921,179.61051057892686,1739335836990
123.72190485212887,-460.1732144198627,303.335547944384,179.92415671843077,0.31571482268538414,179.6105039429208,1739335836999
123.72191902956034,-460.17317040770723,303.3354829171972,179.92414335899298,0.31572205174980045,179.610503894296,1739335837006
123.72186615666693,-460.17314056846703,303.335417794283,179.92412969394778,0.31572246825379435,179.6104834500693,1739335837014
123.72194926330828,-460.1731483560607,303.3354008984578,179.92412254908268,0.31570909069953934,179.61051743820857,1739335837022
123.72190657144023,-460.17317097254085,303.335574613068,179.92414992550678,0.3157151093536238,179.61050396870104,1739335837030
123.72190830070798,-460.17312645300615,303.3355094901462,179.92413629792506,0.3157155348608441,179.610497121514,1739335837038
123.72190658139664,-460.1731699003269,303.3354828214617,179.9241430908491,0.3157152481934077,179.6104970957338,1739335837046
123.72196291282462,-460.1731107004679,303.3354176985474,179.92412953819093,0.315715691703124,179.61051064415233,1739335837054
123.72196170151537,-460.17314993566777,303.33549278579477,179.92412950203783,0.3157157194087208,179.61050391546513,1739335837062
123.72196062175775,-460.1731676709851,303.3354966111097,179.9241499605054,0.315715039762846,179.61051749817898,1739335837070
123.72189409933831,-460.1731754873457,303.3354146881013,179.92412934381542,0.315708864267286,179.61051064657704,1739335837078
123.72194985900612,-460.1731298106912,303.33545514643595,179.92412934562424,0.31570892450408267,179.6105174776672,1739335837086
123.72191959136586,-460.17315795673557,303.3354691275506,179.92413652679758,0.31572226917962204,179.61049708888797,1739335837094
123.72186442739348,-460.17318508801384,303.3354829171972,179.9241433215304,0.31572204274897875,179.610490297258,1739335837102
123.72185313673934,-460.17315358428306,303.3355232797928,179.92414309265789,0.3157153084302016,179.61049032988322,1739335837110
123.72190597573976,-460.17318951792436,303.3355203650864,179.92414320388872,0.3157152935499698,179.6105175263769,1739335837118
123.72190653754528,-460.1731770669528,303.33550657543987,179.92413629677063,0.3157154929780782,179.6104971238344,1739335837130
123.72190714320215,-460.17315744935524,303.3354690318151,179.92413633357808,0.31571548362570656,179.61050388746182,1739335837138
123.72197420348652,-460.1731422041867,303.3353773359506,179.92412976706424,0.3157224260218657,179.6105106115255,1739335837146
123.72185081176369,-460.17321664919945,303.3355341547345,179.92414992369802,0.31571504911683457,179.61049713761085,1739335837155
123.72191843386018,-460.17318895307966,303.335428669216,179.92413659991402,0.31572222694607627,179.61051065340345,1739335837163
123.72190890636485,-460.1731068354085,303.33547194652135,179.92413633473248,0.31571552550847304,179.61050388514138,1739335837171
123.72190890636485,-460.1731068354085,303.33547194652135,179.92413637219428,0.3157155345101239,179.610510683709,1739335837179
123.72196350852248,-460.17309215509647,303.33547194652135,179.9241362598089,0.3157155075051579,179.6104970864765,1739335837187
123.7218536845664,-460.1731450832149,303.3352578693372,179.9241091871825,0.3157162411746901,179.61050372508035,1739335837195
123.72190597573976,-460.17318951792436,303.3355203650864,179.92414309150342,0.3157152665474357,179.61049713067402,1739335837203
123.72185370850329,-460.1731400610852,303.3354176985474,179.9241295756527,0.3157157007055813,179.61050384577922,1739335837211
123.72190481823395,-460.173220514273,303.33547990674947,179.9241430896947,0.31571520631064187,179.61049709805422,1739335837218
123.72190598569648,-460.17318844569934,303.3354285734805,179.92413629430754,0.31571541438725303,179.61049705627437,1739335837226
123.72192135452856,-460.1731073427888,303.33547204225687,179.92413656541459,0.31572232006401674,179.61050388513516,1739335837234
123.72196121745593,-460.17314912560437,303.33555085909035,179.9241566821235,0.3157148555689134,179.6105039405031,1739335837242
123.72191902956034,-460.17317040770723,303.3354829171972,179.92414335899298,0.31572205174980045,179.610503894296,1739335837250
123.72188165117454,-460.1731749799653,303.3354145923688,179.92412907567234,0.3157020607092322,179.6105038480165,1739335837258
123.72189232621889,-460.1732271735188,303.33550356499364,179.92413610239595,0.3157086655414109,179.6105039247287,1739335837267
123.7219617453658,-460.1731427690434,303.3354690318151,179.92413629611627,0.31571547462405114,179.61050388736456,1739335837274
123.72186438354129,-460.1731922546398,303.3355066711754,179.92413656491453,0.3157222965352773,179.61049712392546,1739335837282
123.72192019702288,-460.1731383391334,303.33543158392814,179.9241365636058,0.31572225982721885,179.61050385251536,1739335837290
123.72196234106387,-460.1731242236659,303.3355232797928,179.92414313011966,0.3157153174310506,179.61051072539158,1739335837302
123.72190714320215,-460.17315744935524,303.3354690318151,179.92413633357808,0.31571548362570656,179.61050388746182,1739335837310
123.72185370850329,-460.1731400610852,303.3354176985474,179.92412953819093,0.3157156917031241,179.61049704721157,1739335837318
123.72189409933831,-460.1731754873457,303.3354146881013,179.92412930635444,0.31570885526480125,179.61050384800942,1739335837326
123.72185254103684,-460.17317212966043,303.3354690318151,179.92413637103988,0.31571549262735765,179.61050388755908,1739335837334
123.72190538003946,-460.1732080633014,303.3354661171029,179.92413633242367,0.31571544174294075,179.61050388978222,1739335837342
123.72186446128914,-460.1731789936031,303.3355509548259,179.92415695026733,0.31572165912369354,179.6104971421262,1739335837350
123.72189352757601,-460.17318901054404,303.33552026935234,179.92414289828312,0.31570848099272847,179.61050392924707,1739335837358
123.72192015317145,-460.17314550576236,303.3354553379055,179.92412973206478,0.3157224956102638,179.61049708204752,1739335837366
123.72193856834441,-460.17309830696325,303.3354955090345,179.92412907928988,0.3157021811828228,179.61051071172648,1739335837374
123.7219617453658,-460.1731427690434,303.3354690318151,179.92413637103988,0.3157154926273576,179.6105174844998,1739335837382
123.7220293913873,-460.17311005072503,303.33552337552834,179.92414339826433,0.31572212098741137,179.6105243224242,1739335837390
123.72190657144023,-460.17317097254085,303.335574613068,179.92414996296853,0.315715118353662,179.61051076726864,1739335837399
123.72189702000672,-460.1730938770549,303.33545806114216,179.9241293093176,0.3157089573843646,179.61050387830878,1739335837406
123.72190714320215,-460.17315744935524,303.3354690318151,179.92413633357808,0.31571548362570656,179.61050388746182,1739335837414
123.72192075882849,-460.1731258881602,303.335417794283,179.92412980633563,0.31572249526109747,179.61051064424254,1739335837422
123.72196231712692,-460.17312924583285,303.33536345057144,179.9241227041875,0.31571584889450194,179.61050380612525,1739335837430
123.72187570809099,-460.1732176639631,303.33553434620694,179.92415042252557,0.31572864722791816,179.61050393616932,1739335837438
123.72182707294591,-460.17318463808243,303.3355744216013,179.92414946414257,0.3157015202424983,179.61049717023994,1739335837447
123.7218934936813,-460.1731951049478,303.3354522317238,179.9241293070088,0.31570887361883226,179.61050388294964,1739335837454
123.72194933109607,-460.1731361672571,303.33553697370684,179.9241497690922,0.3157083144441708,179.61052432937106,1739335837462
123.7217985345743,-460.17316826458205,303.3355232797928,179.92414313011966,0.31571531743105063,179.61049032998045,1739335837470
123.7219617453658,-460.1731427690434,303.3354690318151,179.92413629611627,0.31571547462405114,179.61050388736456,1739335837478
123.72191902956034,-460.17317040770723,303.3354829171972,179.92414339645552,0.3157220607506179,179.61051069286364,1739335837490
123.72189469503842,-460.1731569419749,303.33546893608104,179.92413610289597,0.31570868907015015,179.61050388746804,1739335837498
123.72190830070798,-460.17312645300615,303.3355094901462,179.92413637284866,0.3157155528641501,179.61051071864924,1739335837506
123.72186611281468,-460.17314773509435,303.335441548262,179.92412297479459,0.315722731044146,179.61049707530432,1739335837514
123.72190598569648,-460.17318844569934,303.3354285734805,179.92413633176932,0.31571542338890873,179.61050385484202,1739335837522
123.72186558490299,-460.17315409166486,303.33552337552834,179.92414336080174,0.3157221119865942,179.61049712844545,1739335837530
123.72189407540202,-460.1731805094747,303.3352548588788,179.92410891788413,0.31570939573149254,179.610503727313,1739335837538
123.72197246426697,-460.17318779596167,303.33553425046995,179.92415019184267,0.31572185267238917,179.61051753311463,1739335837546
123.72196055397028,-460.17317985977905,303.3353605358532,179.92412274049497,0.315715816015004,179.61051060701328,1739335837554
123.7218952907387,-460.1731383965974,303.3355231840588,179.92414286197658,0.31570851387461796,179.61049712835901,1739335837562
123.72193260133517,-460.17314601314274,303.3354554336425,179.9241300376729,0.31572930817065675,179.6105106791758,1739335837570
123.72196407032659,-460.1730797041232,303.3354581568762,179.92412950253788,0.3157157429374593,179.61050387820447,1739335837578
123.72185253108027,-460.1731732018762,303.33556082341994,179.92414309331224,0.3157153267842243,179.61049036482345,1739335837586
123.72189410929577,-460.1731744150992,303.3353228965014,179.9241225091585,0.31570900310540817,179.61050377361056,1739335837595
123.72190709935087,-460.17316461597954,303.33549278579477,179.92412961442326,0.3157157464160922,179.61051751269764,1739335837603
123.72184009287315,-460.17317162227863,303.33546893608104,179.924136065435,0.3157086800684674,179.61049029043005,1739335837610
123.72189356147108,-460.1731829161289,303.3355883069835,179.92415652701837,0.3157080973658757,179.61051077411202,1739335837618
123.72188281863737,-460.1731429113838,303.33536325910484,179.9241222802852,0.31570226878664487,179.61050380623823,1739335837626
123.72185369854635,-460.1731411333116,303.3355094901462,179.92413633538686,0.31571554386249934,179.61049712161125,1739335837634
123.7219071093077,-460.17316354375123,303.33540099419184,179.92412274230375,0.3157158762518046,179.6105038411627,1739335837642
123.72189702000672,-460.1730938770549,303.33545806114216,179.9241293467786,0.3157089663868491,179.6105106768764,1739335837650
123.72190595180221,-460.1731945400907,303.3353605358532,179.92412274049497,0.315715816015004,179.61050380854292,1739335837658
123.72196291282462,-460.1731107004679,303.3354176985474,179.9241295007291,0.31571568270066225,179.61050384558467,1739335837667
123.72189469503842,-460.1731569419749,303.33546893608104,179.92413610289597,0.31570868907015015,179.61050388746804,1739335837678
123.721917862098,-460.1732024762747,303.33553425046995,179.9241501543801,0.31572184367237816,179.6105039360766,1739335837686
123.72190773890243,-460.1731389039777,303.3355232797928,179.92414313011966,0.3157153174310506,179.6105039269212,1739335837694
123.72192020698029,-460.17313726688883,303.33533979233283,179.92412980387246,0.31572241667025647,179.61051057668254,1739335837702
123.72179851063561,-460.1731732867489,303.33536345057144,179.9241227041875,0.31571584889450194,179.6104834107141,1739335837710
123.72196001610321,-460.1731872885828,303.3355341547345,179.92414996115974,0.3157150581168729,179.6105175331192,1739335837718
123.72192075882849,-460.1731258881602,303.335417794283,179.92412969394778,0.31572246825379435,179.61049024853966,1739335837726
123.72195942040508,-460.1732058339617,303.33547990674947,179.92414312715647,0.31571521531149127,179.61051069509222,1739335837734
123.72197531713786,-460.173118374474,303.335441548262,179.92412297479459,0.315722731044146,179.61051067224506,1739335837742
123.72188277478588,-460.173150078014,303.33538701308305,179.92411548620677,0.3157025135721264,179.61050383434036,1739335837750
123.72189581864964,-460.17313204002676,303.33544135679233,179.92412255089144,0.3157091509363369,179.61051067235798,1739335837758
123.7218934936813,-460.1731951049478,303.3354522317238,179.9241292695478,0.31570886461634307,179.61049708438202,1739335837766
123.72191898570898,-460.1731775743332,303.3355066711754,179.92413656491453,0.31572229653527717,179.61050392239582,1739335837774
123.72191066952762,-460.1730562214615,303.3354748612217,179.9241363733487,0.3157155763928897,179.61051068138858,1739335837782
123.72185311280124,-460.17315860645004,303.33536345057144,179.92412277911117,0.3157158669010339,179.61050380631974,1739335837790
123.72194933109607,-460.1731361672571,303.33553697370684,179.9241496567094,0.31570828744397367,179.61050393366816,1739335837798
123.72191842390347,-460.17319002530473,303.3355204608219,179.92414339710987,0.31572207910464567,179.61051072780387,1739335837806
123.72190831066477,-460.1731253807798,303.3354176985474,179.9241295007291,0.31571568270066225,179.61049704711434,1739335837814
123.72185310284391,-460.17315967868734,303.33545524217,179.9241295763071,0.3157157190596117,179.61050388071945,1739335837822
123.7219077488592,-460.17313783175314,303.33543148819257,179.92413633292372,0.31571546527167527,179.6105038525216,1739335837830
123.72192074887168,-460.17312696038647,303.3355095858817,179.92413656606897,0.315722338418043,179.6105039200754,1739335837839
123.72190714320215,-460.17315744935524,303.3354690318151,179.92413629611627,0.31571547462405103,179.61049708889416,1739335837846
123.7219071093077,-460.17316354375123,303.33540099419184,179.92412277976555,0.3157158852550683,179.61051063973034,1739335837855
123.72185194533462,-460.1731906750314,303.33541478383535,179.92412957449832,0.31571565882281494,179.61050384809965,1739335837866
123.72184010283044,-460.173170550043,303.3353771444811,179.92412930570006,0.3157088369107658,179.61049701459882,1739335837874
123.72185369854635,-460.1731411333116,303.3355094901462,179.92413629792506,0.3157155348608441,179.61049032304362,1739335837882
123.72189469503842,-460.1731569419749,303.33546893608104,179.92413602797401,0.31570867106678013,179.6104902903328,1739335837890
123.72189356147108,-460.1731829161289,303.3355883069835,179.92415645209655,0.3157080793673525,179.61049717697676,1739335837898
123.72195046466082,-460.1731101930889,303.3354176028134,179.92412934496983,0.3157089061500523,179.61051744272697,1739335837906
123.72189409933831,-460.1731754873457,303.3354146881013,179.92412930635444,0.31570885526480125,179.61050384800942,1739335837914
123.72195998220913,-460.1731933829899,303.3354661171029,179.92413633242367,0.31571544174294075,179.61051068825262,1739335837922
123.72197483307818,-460.173117564417,303.33549962155143,179.92415015488015,0.3157218672011175,179.61051069728634,1739335837930
123.72191899566576,-460.17317650210646,303.33541487957086,179.92412976771863,0.3157224443759012,179.61050384799537,1739335837938
123.7218383636,-460.17321614181765,303.3355340590004,179.9241496930159,0.3157082545612782,179.61049713761548,1739335837946
123.72189466114396,-460.17316303637085,303.3354008984578,179.92412251162165,0.31570908169624834,179.61050384117056,1739335837954
123.72190538999658,-460.1732069910656,303.3353743254969,179.92412953522776,0.3157155895835561,179.6105038153826,1739335837962
123.72190714320215,-460.17315744935524,303.3354690318151,179.92413633357808,0.31571548362570656,179.61050388746182,1739335837970
123.72190538003946,-460.1732080633014,303.3354661171029,179.92413633242367,0.31571544174294075,179.61050388978222,1739335837978
123.72190601959116,-460.17318235129676,303.3354966111097,179.92414992304364,0.31571503076280727,179.610503901141,1739335837986
123.72186498920048,-460.1731726370423,303.3354691275506,179.92413656426018,0.31572227818125015,179.61049708898523,1739335837994
123.72198547423477,-460.1731758523704,303.33552055655895,179.9241436277928,0.3157288736601747,179.61051752626886,1739335838002
123.72190598569648,-460.17318844569934,303.3354285734805,179.92413633176932,0.31571542338890873,179.61050385484202,1739335838010
123.72201348470978,-460.1731985824004,303.33565352565046,179.92417027289784,0.3157144394156638,179.61051082253294,1739335838018
123.7219094442337,-460.173099406579,303.33529832767096,179.92410915152942,0.31571629240662225,179.61050375760286,1739335838026
123.72190833460289,-460.17312035859385,303.3355775277683,179.92414996412296,0.31571516023642787,179.61051076494823,1739335838034
123.72193436449788,-460.1730953991959,303.33545834834877,179.92412996390047,0.315729332048614,179.6104970797201,1739335838042
123.72185487596995,-460.17310799250384,303.3353663652838,179.92412270534194,0.31571589077726786,179.61049020686406,1739335838050
123.72189581864964,-460.17313204002676,303.33544135679233,179.9241224759694,0.3157091329297507,179.61049707522275,1739335838062
123.72191839000875,-460.1731961197085,303.3354524231934,179.9241298432982,0.3157224807347878,179.61051748007085,1739335838070
123.72195279957914,-460.17304605591977,303.33531493628976,179.92411564181245,0.3157092952941789,179.61049696346595,1739335838078
123.72189293187573,-460.17320755592107,303.33546602136886,179.92413610174157,0.3157086471873844,179.61050388978848,1739335838086
123.72190598569648,-460.17318844569934,303.3354285734805,179.92413629430754,0.31571541438725303,179.61049705627437,1739335838094
123.7219629467184,-460.17310460606814,303.3354857361679,179.92414312946528,0.31571529907702334,179.61051069045135,1739335838102
123.7219082668134,-460.1731325474071,303.33544145252637,179.9241227441125,0.31571593648860236,179.6105038737825,1739335838110
123.72190654750204,-460.1731759947261,303.33541478383535,179.92412953703652,0.31571564982035755,179.61050384800237,1739335838118
123.72189586250104,-460.1731248733995,303.3354176028134,179.92412930750882,0.31570889714756767,179.61050384568898,1739335838126
123.72193744473624,-460.1731232089082,303.3355230883261,179.9241427062156,0.31570173732082457,179.61051752397012,1739335838134
123.72190598569648,-460.17318844569934,303.3354285734805,179.92413633176932,0.31571542338890873,179.61050385484202,1739335838142
123.72186446128914,-460.1731789936031,303.3355509548259,179.92415698772984,0.3157216681228982,179.61050394069383,1739335838150
123.72196291282462,-460.1731107004679,303.3354176985474,179.9241295007291,0.31571568270066225,179.61050384558467,1739335838158
123.72184066463757,-460.1731580990682,303.3353633548374,179.92412251096727,0.3157090633422138,179.61049700775996,1739335838166
123.72190770500774,-460.17314499838204,303.33545524217,179.9241295388453,0.31571571005715443,179.61050388062216,1739335838174
123.72189413323288,-460.17316939294653,303.3354827257276,179.92414293508975,0.3157084716395728,179.61051069287447,1739335838183
123.72188287646995,-460.17313179480163,303.3355911259512,179.92415622256968,0.3157013266945221,179.61049717466022,1739335838191
123.72189356147108,-460.1731829161289,303.3355883069835,179.92415648955748,0.3157080883666163,179.6105039755444,1739335838199
123.72190535610254,-460.17321308544865,303.3353062878691,179.9241159814152,0.31571599121371635,179.6105105676511,1739335838207
123.72189588643914,-460.1731198512135,303.3355774320342,179.9241496959791,0.31570835668083336,179.61050396638524,1739335838215
123.72196466602465,-460.17306115874703,303.3355124048464,179.9241363365413,0.3157155857452659,179.61051071623154,1739335838223
123.7218655709228,-460.1731580415749,303.33527175471335,179.92411625006082,0.31572281830199234,179.61051053047908,1739335838231
123.72196062175775,-460.1731676709851,303.3354966111097,179.92414992304364,0.3157150307628074,179.61051069961138,1739335838239
123.72190770500774,-460.17314499838204,303.33545524217,179.9241295388453,0.31571571005715443,179.61050388062216,1739335838247
123.72190538003946,-460.1732080633014,303.3354661171029,179.92413629496187,0.3157154327412852,179.6104970912146,1739335838255
123.7219201192771,-460.17315160015505,303.33538730028516,179.92411617825303,0.3157228972387954,179.61050383431441,1739335838267
123.72189530069544,-460.17313732437276,303.33543139245853,179.9241361397026,0.31570867971779737,179.61051065109544,1739335838275
123.72196235102051,-460.17312315144113,303.33543148819257,179.92413629546192,0.31571545627001985,179.61050385242433,1739335838282
123.72189229232436,-460.173233267919,303.3354355273619,179.92412258604364,0.3157090761740923,179.61051747556647,1739335838290
123.72192079272303,-460.17311979376046,303.33548583190344,179.9241433226848,0.31572208463174534,179.61049709340796,1739335838298
123.72190717709697,-460.17315135494766,303.3355370694409,179.9241498873907,0.31571508199955745,179.61049713519316,1739335838306
123.7219230837969,-460.17306282323864,303.3354069193458,179.92412290036935,0.3157227365663951,179.61049023937878,1739335838314
123.72196230716992,-460.17313031807004,303.33545524217,179.9241295388453,0.31571571005715443,179.61051067909256,1739335838322
123.72190887247044,-460.17311292980503,303.33540390890386,179.92412278092,0.3157159271378348,179.6105106374099,1739335838330
123.72190831066477,-460.1731253807798,303.3354176985474,179.9241294632673,0.3157156736981961,179.61049024854668,1739335838338
123.72198840485004,-460.17309316985416,303.33547213799386,179.9241367960967,0.3157291146195728,179.61051068359936,1739335838346
123.72189469503842,-460.1731569419749,303.33546893608104,179.92413610289597,0.31570868907015015,179.61050388746804,1739335838354
123.72190771496489,-460.1731439261446,303.33536345057144,179.92412277911117,0.31571586690103387,179.6105106047901,1739335838362
123.72190542389096,-460.1732008966709,303.3354423631271,179.92414308904034,0.3157151879566105,179.610497063114,1739335838370
123.72189642430669,-460.17311242242465,303.3354038131698,179.92412255023706,0.31570913258230576,179.61051063741775,1739335838378
123.72191609893535,-460.173253090221,303.3355313357579,179.92415007830064,0.31572178378957594,179.6104903412618,1739335838386
123.72191789599317,-460.1731963818562,303.33560228810404,179.92416378311697,0.3157214600446635,179.61051078094474,1739335838394
123.72189409933831,-460.1731754873457,303.3354146881013,179.92412930635444,0.31570885526480125,179.61050384800942,1739335838402
123.72189524688751,-460.17314556321895,303.33554693803933,179.9241361053591,0.3157087676609666,179.61050395502807,1739335838411
123.7219189617716,-460.17318259649466,303.33534684194666,179.92411617644424,0.31572283700199383,179.61050380169462,1739335838418
123.72194869154745,-460.17316187926224,303.33550647970577,179.92413602862837,0.3157086894208075,179.61049712374341,1739335838426
123.72189413323288,-460.17316939294653,303.3354827257276,179.92414286016782,0.31570845363782407,179.61049709573922,1739335838434
123.72184069853253,-460.1731520046766,303.33543139245853,179.92413606478064,0.3157086617144362,179.61049025548985,1739335838442
123.72190657144023,-460.17317097254085,303.335574613068,179.92414992550678,0.3157151093536238,179.61050396870104,1739335838451
123.72193681514445,-460.1731478486819,303.33540080272525,179.9241223183998,0.31570229614399764,179.61051743821642,1739335838462
123.72190658139664,-460.1731699003269,303.3354828214617,179.92414316577265,0.31571526619510165,179.61051069286904,1739335838470
123.72190833460289,-460.17312035859385,303.3355775277683,179.92414992666122,0.31571515123638977,179.6105039663806,1739335838479
123.72185197922984,-460.173184580632,303.3354828214617,179.9241432032344,0.31571527519594206,179.6105106929663,1739335838486
123.72201630367803,-460.1731352553496,303.33549278579477,179.92412953949963,0.31571572841118234,179.61051751250315,1739335838494
123.72200332760502,-460.17314110453367,303.3355745173339,179.92414973228563,0.315708323798133,179.610524364214,1739335838502
123.72197246426697,-460.17318779596167,303.33553425046995,179.92415011691756,0.3157218346723626,179.61050393597935,1739335838510
123.72193146776766,-460.1731719873015,303.33557480454056,179.92415034940763,0.3157286894647358,179.6104971701242,1739335838518
123.72189586250104,-460.1731248733995,303.3354176028134,179.92412934496983,0.3157089061500523,179.61051064425664,1739335838526
123.72191899566576,-460.17317650210646,303.33541487957086,179.924129730256,0.3157224353734667,179.61049704942772,1739335838534
123.72190890636485,-460.1731068354085,303.33547194652135,179.92413633473248,0.31571552550847304,179.61050388514138,1739335838542
123.72184238395393,-460.17311465175214,303.3353900235277,179.92411575550432,0.31570935901455915,179.6105038321085,1739335838550
123.72194812974341,-460.17317433023385,303.33552026935234,179.92414289828312,0.3157084809927286,179.61051072771747,1739335838558
123.72190714320215,-460.17315744935524,303.3354690318151,179.92413637103988,0.31571549262735754,179.61051068602944,1739335838566
123.72196407032659,-460.1730797041232,303.3354581568762,179.9241295399997,0.3157157519399209,179.61051067677212,1739335838574
123.72185310284391,-460.17315967868734,303.33545524217,179.9241295763071,0.3157157190596117,179.61050388071945,1739335838582
123.72189755787576,-460.1730864482188,303.33528444229773,179.92410216357567,0.3157097332882214,179.610510549341,1739335838590
123.72190827677058,-460.1731314751681,303.33534966092935,179.92411598437843,0.3157160933332864,179.61051059795042,1739335838599
123.72190715315922,-460.1731563771195,303.3353772402151,179.92412953638214,0.3157156314663221,179.61050381306217,1739335838607
123.72190830070798,-460.17312645300615,303.3355094901462,179.92413633538686,0.31571554386249934,179.6105039200816,1739335838614
123.72190887247044,-460.17311292980503,303.33540390890386,179.9241228183818,0.3157159361410939,179.61051743597756,1739335838622
123.7219207249343,-460.17313198254845,303.33534975666487,179.92411617759865,0.31572287888476014,179.6105037993742,1739335838630
123.72186559485985,-460.17315301944024,303.33543158392814,179.9241365636058,0.31572225982721885,179.610497054045,1739335838642
123.72190714320215,-460.17315744935524,303.3354690318151,179.92413637103988,0.31571549262735754,179.61051068602944,1739335838650
123.72190827677058,-460.1731314751681,303.33534966092935,179.9241159469166,0.31571608432921644,179.6105037993828,1739335838658
123.7219207149771,-460.17313305478746,303.335441548262,179.92412301225724,0.315722740047382,179.61051067234231,1739335838666
123.72194986896312,-460.173128738454,303.3353633548374,179.92412251096727,0.3157090633422139,179.61051060470072,1739335838674
123.7219730599653,-460.1731692505764,303.3355884984531,179.92415691345917,0.3157216684785071,179.61050397543954,1739335838682
123.72189416712781,-460.1731632985357,303.33555076335625,179.9241564139813,0.3157080520140614,179.6104903434689,1739335838690
123.72188400008086,-460.1731068928633,303.3355635466536,179.92414259564393,0.3157017705549025,179.61049036241667,1739335838698
123.72194810580648,-460.17317935240015,303.3353604401192,179.9241225472739,0.3157090304627389,179.61051740558878,1739335838706
123.72185196927332,-460.173185652846,303.335574613068,179.92414992550678,0.31571510935362374,179.61049717023067,1739335838714
123.72191010772207,-460.1730686724331,303.33548865086834,179.9241431306197,0.3157153409597895,179.61050388966055,1739335838722
123.72185134963253,-460.1732092203958,303.3353605358532,179.92412270303313,0.3157158070117357,179.61049021150492,1739335838730
123.72190658139664,-460.1731699003269,303.3354828214617,179.92414312831087,0.31571525719425686,179.61050389430142,1739335838738
123.72185311280124,-460.17315860645004,303.33536345057144,179.92412274164934,0.3157158578977702,179.61049700775214,1739335838746
123.72192252199123,-460.17307527421355,303.3354207089894,179.9241297325648,0.315722519138999,179.61049704478688,1739335838754
123.72188403397601,-460.17310079844304,303.3356315842748,179.92415622437844,0.31570138693130817,179.61049720728002,1739335838762
123.72190594184504,-460.1731956123282,303.33545232745786,179.92412953769087,0.31571566817438856,179.6105038829426,1739335838770
123.72185486601268,-460.1731090647408,303.3354581568762,179.92412957746154,0.3157157609423779,179.61050387839902,1739335838778
123.72189525684401,-460.17314449100166,303.33545514643595,179.9241292707022,0.31570890649910915,179.61049708206158,1739335838786
123.72193144382948,-460.1731770094868,303.3354149753079,179.92413003586412,0.3157292479338601,179.610510646556,1739335838794
123.72190714320215,-460.17315744935524,303.3354690318151,179.92413637103988,0.31571549262735754,179.61051068602944,1739335838802
123.72192135452856,-460.1731073427888,303.33547204225687,179.92413660287718,0.3157223290656402,179.6105106837028,1739335838810
123.72186498920048,-460.1731726370423,303.3354691275506,179.92413656426018,0.31572227818125015,179.61049708898523,1739335838818
123.7218418560419,-460.17312100833215,303.33547185078726,179.92413614151138,0.3157087399545949,179.61050388524487,1739335838830
123.7219617453658,-460.1731427690434,303.3354690318151,179.92413629611627,0.31571547462405114,179.61050388736456,1739335838838
123.72192019702288,-460.1731383391334,303.33543158392814,179.9241366010684,0.31572226882884263,179.61051065108302,1739335838846
123.72189469503842,-460.1731569419749,303.33546893608104,179.924136065435,0.31570868006846736,179.61049708890042,1739335838854
123.72193144382948,-460.1731770094868,303.3354149753079,179.9241299984007,0.3157292389314574,179.61050384798838,1739335838862
123.7219753609884,-460.1731112078467,303.335417794283,179.92412980633563,0.31572249526109747,179.61051744271293,1739335838870
123.72194874535487,-460.17315364040223,303.33539093412617,179.92413610043283,0.3157086104793179,179.6105106183784,1739335838878
123.72190771496489,-460.1731439261446,303.33536345057144,179.92412277911117,0.31571586690103387,179.6105106047901,1739335838886
123.72184008291659,-460.1731726944944,303.33556072768584,179.9241429000919,0.31570854122951697,179.6104971633965,1739335838894
123.7219207249343,-460.17313198254845,303.33534975666487,179.9241162150613,0.31572288788880265,179.61051059794178,1739335838902
123.72185254103684,-460.17317212966043,303.3354690318151,179.9241362586545,0.3157154656223913,179.6104834918562,1739335838910
123.72190538999658,-460.1732069910656,303.3353743254969,179.92412949776593,0.315715580581094,179.61049701681495,1739335838918
123.72186555100754,-460.1731601860692,303.3354553379055,179.92412973206478,0.3157224956102638,179.61049028357715,1739335838926
123.72190773890243,-460.1731389039777,303.3355232797928,179.92414320504318,0.3157153354327353,179.61051752405646,1739335838934
123.72190598569648,-460.17318844569934,303.3354285734805,179.9241363692311,0.31571543239055994,179.61051065340965,1739335838942
123.72186619056222,-460.1731344740673,303.33548583190344,179.92414339760995,0.3157221026333843,179.61050389207284,1739335838950
123.72189409933831,-460.1731754873457,303.3354146881013,179.92412934381542,0.315708864267286,179.61051064657704,1739335838958
123.72182936402604,-460.17312766757476,303.3354955090345,179.92412907928988,0.3157021811828228,179.61049711478572,1739335838966
123.72190950206513,-460.17308829003065,303.335526194493,179.92414313127406,0.3157153593138172,179.61050392460078,1739335838974
123.72191959136586,-460.17315795673557,303.3354691275506,179.92413652679758,0.31572226917962204,179.61049708888797,1739335838982
123.72194872544168,-460.1731557848502,303.3355745173339,179.92414969482465,0.31570831479806744,179.61051076717604,1739335838990
123.72190714320215,-460.17315744935524,303.3354690318151,179.92413633357808,0.31571548362570656,179.61050388746182,1739335838998
123.72190714320215,-460.17315744935524,303.3354690318151,179.92413637103988,0.31571549262735754,179.61051068602944,1739335839006
123.72190887247044,-460.17311292980503,303.33540390890386,179.92412274345813,0.3157159181345713,179.6105038388423,1739335839014
123.72191782820317,-460.1732085706817,303.3354662128384,179.92413656310575,0.31572223629848434,179.61050388977603,1739335839022
123.72189412327648,-460.1731704651605,303.3355745173339,179.92414965736373,0.31570830579799736,179.61049717013802,1739335839034
123.72185546171507,-460.17309051936485,303.3355124048464,179.92413644892667,0.31571561275020454,179.6105175149937,1739335839042
123.72190597573976,-460.17318951792436,303.3355203650864,179.92414309150342,0.3157152665474357,179.61049713067402,1739335839050
123.7219195574714,-460.17316405113155,303.33540108992736,179.92412297298583,0.31572267080734817,179.6105038411549,1739335839058
123.72189413323288,-460.17316939294653,303.3354827257276,179.9241428976288,0.31570846263870056,179.61050389430685,1739335839066
123.72190832464707,-460.17312143078794,303.3356693193732,179.92415672385715,0.3157150033957392,179.6105040407802,1739335839074
123.72192188243984,-460.17310098620885,303.33539021499723,179.92411617940743,0.3157229391215619,179.61050383199398,1739335839082
123.72184065468022,-460.17315917130554,303.33545514643595,179.9241292707022,0.3157089064991092,179.61049028359125,1739335839090
123.72197538492591,-460.17310618566086,303.3355776235038,179.92415011988075,0.31572193679191807,179.61050396627874,1739335839098
123.72190541393428,-460.1732019688944,303.3355341547345,179.92414992369802,0.3157150491168345,179.61050393608122,1739335839106
123.72191962526068,-460.17315186232804,303.33553716517645,179.92415015553453,0.3157218855551438,179.6105039337562,1739335839114
123.72193090596224,-460.17318443826986,303.33558859419014,179.92415714414048,0.3157284630340908,179.61049717696537,1739335839122
123.72190887247044,-460.17311292980503,303.33540390890386,179.92412278092,0.3157159271378348,179.6105106374099,1739335839130
123.72196291282462,-460.1731107004679,303.3354176985474,179.92412953819093,0.315715691703124,179.61051064415233,1739335839138
123.72191845779852,-460.17318393088954,303.3355884984531,179.92415695092168,0.31572167747771623,179.61050397553677,1739335839146
123.7218429995715,-460.1730939618872,303.33526068832145,179.9241088827319,0.3157094704921147,179.61049012563413,1739335839154
123.72190597573976,-460.17318951792436,303.3355203650864,179.92414309150342,0.3157152665474357,179.61049713067402,1739335839162
123.72190773890243,-460.1731389039777,303.3355232797928,179.92414309265789,0.3157153084302017,179.6104971283536,1739335839170
123.72186495530539,-460.1731787314384,303.33540108992736,179.92412293552317,0.31572266180410746,179.61049024411687,1739335839178
123.72184009287315,-460.17317162227863,303.33546893608104,179.924136065435,0.3157086800684674,179.61049029043005,1739335839186
123.72191899566576,-460.17317650210646,303.33541487957086,179.92412976771863,0.3157224443759012,179.61050384799537,1739335839195
123.72190541393428,-460.1732019688944,303.3355341547345,179.92414984877456,0.3157150311167442,179.61049033894597,1739335839203
123.72192018706615,-460.173139411358,303.33552337552834,179.92414336080174,0.31572211198659433,179.61050392691578,1739335839211
123.72185250714173,-460.1731782240566,303.33540099419184,179.9241228172274,0.3157158942583275,179.61051063982762,1739335839219
123.72189472893324,-460.1731508475674,303.33553697370684,179.9241497690922,0.31570831444417086,179.61051753090067,1739335839227
123.72189409933831,-460.1731754873457,303.3354146881013,179.92412930635444,0.31570885526480125,179.61050384800942,1739335839235
123.72186614671,-460.1731416406934,303.3355095858817,179.92413656606897,0.31572233841804287,179.61049712160502,1739335839247
123.72189293187573,-460.17320755592107,303.33546602136886,179.9241361766635,0.3157086651907369,179.61051748692373,1739335839254
123.72189469503842,-460.1731569419749,303.33546893608104,179.92413610289597,0.31570868907015015,179.61050388746804,1739335839262
123.72196177925987,-460.17313667463594,303.3355370694409,179.92414996231417,0.31571509999963854,179.6105175307988,1739335839270
123.72198545029782,-460.17318087453685,303.3353607273257,179.9241231643957,0.31572939612289025,179.61050380843005,1739335839278
123.72186495530539,-460.1731787314384,303.33540108992736,179.92412297298583,0.31572267080734817,179.61049704268453,1739335839286
123.72196171147208,-460.17314886343956,303.33540099419184,179.92412270484192,0.3157158672485364,179.61050384106548,1739335839294
123.72194928724566,-460.17314333388026,303.33556072768584,179.92414286263093,0.31570853222864065,179.6105039617696,1739335839302
123.72194985900612,-460.1731298106912,303.33545514643595,179.9241293081632,0.3157089155015981,179.6105106790996,1739335839310
123.72190538003946,-460.1732080633014,303.3354661171029,179.92413633242367,0.31571544174294075,179.61050388978222,1739335839318
123.72196001610321,-460.1731872885828,303.3355341547345,179.92414992369802,0.31571504911683457,179.6105107345516,1739335839326
123.72190827677058,-460.1731314751681,303.33534966092935,179.9241159094547,0.315716075325142,179.61049700081517,1739335839334
123.72194870150412,-460.1731608070356,303.3354146881013,179.92412930635444,0.31570885526480125,179.6105106464798,1739335839342
123.72190946817045,-460.1730943844353,303.3354581568762,179.92412957746154,0.31571576094237797,179.61051067686938,1739335839350
123.72192015317145,-460.17314550576236,303.3354553379055,179.92412980699,0.3157225136151278,179.61051067918277,1739335839358
123.72194508339356,-460.17314042611866,303.3355235670038,179.92414378470176,0.31573569209694,179.61049712833744,1739335839366
123.72190717709697,-460.17315135494766,303.3355370694409,179.9241498873907,0.31571508199955745,179.61049713519316,1739335839374
123.72185314669622,-460.1731525120584,303.33543148819257,179.9241363703855,0.3157154742733264,179.61050385261885,1739335839382
123.72194757789595,-460.1731857089805,303.3354422673931,179.92414297074188,0.3157084204036439,179.6105242572927,1739335839390
123.7218941431899,-460.17316832071225,303.33539093412617,179.92413610043283,0.3157086104793179,179.61050381990802,1739335839398
123.72185194533462,-460.1731906750314,303.33541478383535,179.92412961196013,0.31571566782526794,179.61051064666728,1739335839406
123.72190714320215,-460.17315744935524,303.3354690318151,179.92413622119273,0.31571545662072686,179.6104834917589,1739335839418
123.72190714320215,-460.17315744935524,303.3354690318151,179.92413637103988,0.31571549262735754,179.61051068602944,1739335839426
123.72189589639557,-460.1731187789998,303.3354856404339,179.92414293624412,0.31570851352233914,179.61051069055404,1739335839434
123.72189645820112,-460.17310632802815,303.33547185078726,179.92413606658943,0.315708721951234,179.61049708657998,1739335839442
123.72190657144023,-460.17317097254085,303.335574613068,179.92414992550678,0.3157151093536238,179.61050396870104,1739335839450
123.72192305986074,-460.17306784536413,303.3352470901519,179.92410254936166,0.3157232860339078,179.61049691724506,1739335839458
123.72196230716992,-460.17313031807004,303.33545524217,179.9241295388453,0.31571571005715443,179.61051067909256,1739335839466
123.72184474282489,-460.1730454924374,303.33544718619896,179.92412251573924,0.3157092256985785,179.61049707067914,1739335839474
123.72193801649699,-460.1731096857101,303.3354175070808,179.92412911428693,0.31570211159451067,179.61051744273405,1739335839482
123.72185310284391,-460.17315967868734,303.33545524217,179.9241295388453,0.31571571005715443,179.6104970821518,1739335839490
123.72190831066477,-460.1731253807798,303.3354176985474,179.9241295007291,0.31571568270066225,179.61049704711434,1739335839498
123.72189413323288,-460.17316939294653,303.3354827257276,179.92414286016782,0.31570845363782407,179.61049709573922,1739335839506
123.72196464208791,-460.17306618090976,303.33535257564165,179.92411591060912,0.31571611720790793,179.61050379696513,1739335839514
123.72189586250104,-460.1731248733995,303.3354176028134,179.9241292700478,0.3157088881450786,179.61049704712138,1739335839522
123.7218542703104,-460.17312761011044,303.33540390890386,179.92412266853447,0.3157159001280309,179.61048344323666,1739335839530
123.72189469503842,-460.1731569419749,303.33546893608104,179.92413610289597,0.31570868907015015,179.61050388746804,1739335839538
123.72197475533368,-460.17313082544894,303.3354553379055,179.92412984445264,0.3157225226175533,179.6105242762208,1739335839546
123.72190658139664,-460.1731699003269,303.3354828214617,179.9241430908491,0.3157152481934077,179.6104970957338,1739335839554
123.72186618060566,-460.1731355462812,303.3355776235038,179.92415019480586,0.3157219547919441,179.61050396647326,1739335839562
123.7219071671409,-460.1731524271509,303.33562886104727,179.92415675951008,0.31571495215819007,179.610510806728,1739335839570
123.72191782820317,-460.1732085706817,303.3354662128384,179.92413656310575,0.31572223629848434,179.61050388977603,1739335839578
123.72184126033962,-460.1731395537034,303.3354176028134,179.92412930750882,0.3157088971475677,179.61049704721862,1739335839586
123.72190714320215,-460.17315744935524,303.3354690318151,179.92413633357808,0.31571548362570656,179.61050388746182,1739335839594
123.72191902956034,-460.17317040770723,303.3354829171972,179.92414335899298,0.31572205174980045,179.610503894296,1739335839606
123.72189294183283,-460.17320648368525,303.33537422976286,179.92412930454566,0.31570879502799976,179.61050381538965,1739335839614
123.72190715315922,-460.1731563771195,303.3353772402151,179.92412957384397,0.31571564046877965,179.6105106116298,1739335839622
123.72194870150412,-460.1731608070356,303.3354146881013,179.92412923143243,0.3157088372598182,179.61049704934456,1739335839630
123.7219481975324,-460.1731621413922,303.33565634461655,179.92417004337094,0.3157076867428468,179.61050402174436,1739335839638
123.72186439349827,-460.1731911824132,303.33541487957086,179.924129730256,0.31572243537346667,179.61049025095735,1739335839646
123.72191899566576,-460.17317650210646,303.33541487957086,179.92412984264385,0.31572246238075685,179.61051744513063,1739335839654
123.72190833460289,-460.17312035859385,303.3355775277683,179.92414996412296,0.31571516023642787,179.61051076494823,1739335839662
123.72189353753272,-460.173187938319,303.33542847774646,179.9241361385482,0.31570863783503106,179.61051065341587,1739335839670
123.72185370850329,-460.1731400610852,303.3354176985474,179.9241294632673,0.3157156736981961,179.61048345007632,1739335839678
123.72194872544168,-460.1731557848502,303.3355745173339,179.92414976974655,0.3157083327981942,179.6105243643113,1739335839686
123.72191897575284,-460.17317864654,303.3355984627849,179.92414336211044,0.3157221486946361,179.61050399679627,1739335839694
123.72195045470413,-460.17311126531547,303.33550939441216,179.9241361047048,0.31570874930694304,179.61051071855823,1739335839702
123.72190593188857,-460.17319668454604,303.335544119067,179.92413637234858,0.3157155293354076,179.6105107559099,1739335839710
123.72183956496181,-460.1731779788395,303.33555076335625,179.92415648890312,0.31570807001259354,179.6104971421338,1739335839718
123.72191843386018,-460.17318895307966,303.335428669216,179.92413652498885,0.31572220894282416,179.61049705626817,1739335839726
123.72193684903816,-460.17314175428567,303.3354688403484,179.92413590967405,0.31570190351628696,179.6105174845123,1739335839734
123.72196407032659,-460.1730797041232,303.3354581568762,179.92412950253788,0.3157157429374593,179.61050387820447,1739335839742
123.72190714320215,-460.17315744935524,303.3354690318151,179.92413637103988,0.31571549262735754,179.61051068602944,1739335839750
123.72191726639765,-460.1732210216534,303.335480002485,179.924143320376,0.3157220008662128,179.6104970980488,1739335839758
123.72189533459007,-460.17313122996967,303.3354994300818,179.92414969351594,0.31570827809001767,179.6105038988252,1739335839766
123.7219623749582,-460.17311812925044,303.3355913174179,179.924156721394,0.31571492480493846,179.61051077169054,1739335839774
123.72190887247044,-460.17311292980503,303.33540390890386,179.9241227059963,0.31571590913130326,179.61049704027465,1739335839782
123.72190594184504,-460.1731956123282,303.33545232745786,179.9241296126145,0.31571568617929885,179.61051748007785,1739335839794
123.72196230716992,-460.17313031807004,303.33545524217,179.9241295388453,0.31571571005715443,179.61051067909256,1739335839802
123.72185193537764,-460.17319174725793,303.33550657543987,179.92413633423243,0.3157155019797337,179.61049712393168,1739335839810
123.72190831066477,-460.1731253807798,303.3354176985474,179.9241295007291,0.31571568270066225,179.61049704711434,1739335839818
123.72190773890243,-460.1731389039777,303.3355232797928,179.92414313011966,0.3157153174310506,179.6105039269212,1739335839826
123.72196287893115,-460.17311679485636,303.33534966092935,179.9241159469166,0.31571608432921644,179.61051059785316,1739335839834
123.72190773890243,-460.1731389039777,303.3355232797928,179.92414313011966,0.3157153174310506,179.6105039269212,1739335839842
123.72192135452856,-460.1731073427888,303.33547204225687,179.92413660287718,0.3157223290656402,179.6105106837028,1739335839850
123.72183893536389,-460.1732026186227,303.33542847774646,179.9241361010872,0.31570862883335254,179.61049705637788,1739335839858
123.72190770500774,-460.17314499838204,303.33545524217,179.9241295763071,0.31571571905961165,179.6105106791898,1739335839866
123.72189413323288,-460.17316939294653,303.3354827257276,179.92414286016782,0.31570845363782407,179.61049709573922,1739335839874
123.72194700613548,-460.1731992321723,303.3355478486499,179.92415645028777,0.31570801913056384,179.61050394282734,1739335839882
123.72192015317145,-460.17314550576236,303.3354553379055,179.92412976952738,0.315722504612698,179.61050388061514,1739335839890
123.72191962526068,-460.17315186232804,303.33553716517645,179.92415015553453,0.3157218855551438,179.6105039337562,1739335839898
123.72189642430669,-460.17311242242465,303.3354038131698,179.92412251277605,0.3157091235790149,179.61050383885012,1739335839906
123.72186439349827,-460.1731911824132,303.33541487957086,179.92412976771863,0.31572244437590113,179.610497049525,1739335839914
123.72194985900612,-460.1731298106912,303.33545514643595,179.9241292707022,0.3157089064991091,179.61050388053195,1739335839922
123.72192135452856,-460.1731073427888,303.33547204225687,179.92413660287718,0.3157223290656402,179.6105106837028,1739335839930
123.7218917743701,-460.17323855226493,303.3354255630281,179.92413613739376,0.31570859595226597,179.6105106557363,1739335839938
123.72190946817045,-460.1730943844353,303.3354581568762,179.9241295399997,0.3157157519399209,179.61050387830173,1739335839946
123.72185429424897,-460.1731225879295,303.33556373812024,179.92414309446667,0.3157153686669906,179.61049036250304,1739335839954
123.72190601959116,-460.17318235129676,303.3354966111097,179.92414992304364,0.31571503076280727,179.610503901141,1739335839962
123.72190598569648,-460.17318844569934,303.3354285734805,179.92413629430754,0.31571541438725303,179.61049705627437,1739335839970
123.7219207249343,-460.17313198254845,303.33534975666487,179.9241162150613,0.31572288788880265,179.61051059794178,1739335839978
123.7219617453658,-460.1731427690434,303.3354690318151,179.92413633357808,0.31571548362570656,179.61051068593216,1739335839990
123.72182821647385,-460.1731575916864,303.33536325910484,179.9241222802852,0.31570226878664487,179.61049700776786,1739335839998
123.72194812974341,-460.17317433023385,303.33552026935234,179.92414297320502,0.31570849899446823,179.6105243248527,1739335840006
123.72190827677058,-460.1731314751681,303.33534966092935,179.9241159469166,0.31571608432921644,179.6105037993828,1739335840014
123.72189532463372,-460.17313230218195,303.3355912216837,179.9241565281728,0.3157081392486414,179.6105107717916,1739335840022
123.72194812974341,-460.17317433023385,303.33552026935234,179.9241428233612,0.3157084629909711,179.61049713058222,1739335840030
123.72190601959116,-460.17318235129676,303.3354966111097,179.9241499605054,0.31571503976284593,179.6105106997086,1739335840038
123.72187626989793,-460.17320521299314,303.33552055655895,179.92414355286604,0.31572885565859043,179.61049033219285,1739335840046
123.72189468508196,-460.17315801419056,303.33556072768584,179.9241429000919,0.31570854122951697,179.61050396186687,1739335840054
123.72196118356175,-460.17315522001513,303.3354828214617,179.9241430908491,0.31571524819340774,179.61050389420416,1739335840062
123.72185078782542,-460.17322167137064,303.3353743254969,179.92412957268954,0.3157155985860138,179.61050381547986,1739335840070
123.72190834455932,-460.1731192863801,303.3354857361679,179.92414312946528,0.31571529907702334,179.61050389198098,1739335840078
123.72185310284391,-460.17315967868734,303.33545524217,179.9241295388453,0.31571571005715443,179.6104970821518,1739335840086
123.72191002997613,-460.1730819334604,303.3354443672326,179.9241227452669,0.3157159783713688,179.6105038714621,1739335840094
123.72189645820112,-460.17310632802815,303.33547185078726,179.92413617897236,0.31570874895626877,179.61051748228286,1739335840102
123.72195942040508,-460.1732058339617,303.33547990674947,179.92414305223295,0.31571519730978814,179.61049709795697,1739335840110
123.72190833460289,-460.17312035859385,303.3355775277683,179.92414988919947,0.3157151422363472,179.61049716781295,1739335840118
123.72192075882849,-460.1731258881602,303.335417794283,179.92412980633563,0.31572249526109747,179.61051064424254,1739335840126
123.72189237007021,-460.1732200068927,303.33547981101543,179.92414289647434,0.3157084207559349,179.61050389662728,1739335840134
123.72190887247044,-460.17311292980503,303.33540390890386,179.9241227059963,0.31571590913130326,179.61049704027465,1739335840142
123.72190946817045,-460.1730943844353,303.3354581568762,179.9241295399997,0.3157157519399209,179.61050387830173,1739335840150
123.72195103642238,-460.17309666986625,303.3353120215776,179.92411571558014,0.3157092714196205,179.61051056292163,1739335840158
123.72196117360548,-460.1731562922291,303.335574613068,179.92414992550678,0.3157151093536238,179.6105107671714,1739335840166
123.72189416712781,-460.1731632985357,303.33555076335625,179.92415648890312,0.3157080700125936,179.61050394060416,1739335840178
123.72189586250104,-460.1731248733995,303.3354176028134,179.92412930750882,0.31570889714756767,179.61050384568898,1739335840186
123.72190714320215,-460.17315744935524,303.3354690318151,179.92413633357808,0.31571548362570656,179.61050388746182,1739335840194
123.72184068857565,-460.17315307690126,303.3355231840588,179.9241430118204,0.3157085498780967,179.61051752415915,1739335840203
123.72189466114396,-460.17316303637085,303.3354008984578,179.92412251162165,0.31570908169624834,179.61050384117056,1739335840211
123.72190834455932,-460.1731192863801,303.3354857361679,179.92414305454176,0.31571528107532076,179.61049029484573,1739335840219
123.72197123897737,-460.1732309811037,303.33535771686445,179.9241230074852,0.31572257769101975,179.61051740789355,1739335840227
123.72185140746643,-460.1731981038143,303.3355884027176,179.92415668277786,0.3157148739229362,179.61049037850256,1739335840235
123.72185606737432,-460.1730709017672,303.3354748612217,179.9241363733487,0.3157155763928896,179.6105038829182,1739335840242
123.72197009545602,-460.17325802750156,303.3355688793851,179.92415015388008,0.3157218201436346,179.61051077180764,1739335840250
123.72184241784899,-460.173108557359,303.33545806114216,179.9241293093176,0.31570895738436455,179.6104970798384,1739335840258
123.72190598569648,-460.17318844569934,303.3354285734805,179.92413629430754,0.31571541438725303,179.61049705627437,1739335840266
123.72197359783169,-460.17316182179337,303.33541487957086,179.924129730256,0.31572243537346667,179.6105038478981,1739335840274
123.72188224687464,-460.17315643459455,303.3354688403484,179.92413590967405,0.3157019035162869,179.61051068604195,1739335840282
123.72185196927332,-460.173185652846,303.335574613068,179.92414988804504,0.315715100353581,179.61049037166302,1739335840290
123.72190947812761,-460.1730933121985,303.3353663652838,179.9241227802656,0.31571590878379935,179.61051060246967,1739335840298
123.72189530069544,-460.17313732437276,303.33543139245853,179.9241361397026,0.31570867971779737,179.61051065109544,1739335840306
123.72189415717179,-460.1731643707373,303.3356425549642,179.924163286099,0.31570792217194993,179.61050401500293,1739335840314
123.72182645330514,-460.17320820563214,303.3353603443867,179.92412227913076,0.31570222690387867,179.6104970100883,1739335840322
123.72189409933831,-460.1731754873457,303.3354146881013,179.92412926889344,0.315708846262312,179.6104970494418,1739335840330
123.72191842390347,-460.17319002530473,303.3355204608219,179.92414332218473,0.3157220611030067,179.6104971306686,1739335840338
123.72197530315997,-460.1731223243411,303.3351899274583,179.9240958265911,0.3157234283578949,179.61051727571078,1739335840346
123.72190594184504,-460.1731956123282,303.33545232745786,179.92412950022907,0.31571565917192673,179.61049708437497,1739335840354
123.72192015317145,-460.17314550576236,303.3354553379055,179.92412973206478,0.3157224956102638,179.61049708204752,1739335840362
123.72193741084229,-460.17312930331235,303.3354550507034,179.92412904002092,0.3157021119435127,179.61050388053903,1739335840374
123.72190598569648,-460.17318844569934,303.3354285734805,179.9241363692311,0.31571543239055994,179.61051065340965,1739335840382
123.72189525684401,-460.17314449100166,303.33545514643595,179.9241293081632,0.3157089155015981,179.6105038806292,1739335840390
123.7219201192771,-460.17315160015505,303.33538730028516,179.92411614079035,0.3157228882347483,179.61049703574676,1739335840398
123.72189762566379,-460.1730742594528,303.3354205175198,179.92412927120222,0.31570893002784434,179.61049704480095,1739335840406
123.72182765466673,-460.1731700426612,303.33537704874846,179.92412911247814,0.3157020513577091,179.61050381317355,1739335840414
123.72190946817045,-460.1730943844353,303.3354581568762,179.92412950253788,0.31571574293745935,179.61049707973413,1739335840422
123.72189413323288,-460.17316939294653,303.3354827257276,179.9241428976288,0.31570846263870056,179.61050389430685,1739335840430
123.72190831066477,-460.1731253807798,303.3354176985474,179.92412953819093,0.315715691703124,179.61050384568193,1739335840438
123.72196113971125,-460.1731623866411,303.33550657543987,179.924136409156,0.31571551998303105,179.61052431800766,1739335840446
123.72189357142742,-460.17318184391644,303.3354965153756,179.9241496174397,0.31570821820710593,179.61049030401037,1739335840454
123.72190773890243,-460.1731389039777,303.3355232797928,179.9241431675814,0.31571532643189515,179.61051072548884,1739335840462
123.7219189617716,-460.17318259649466,303.33534684194666,179.92411617644424,0.31572283700199383,179.61050380169462,1739335840470
123.72190770500774,-460.17314499838204,303.33545524217,179.9241295763071,0.31571571905961165,179.6105106791898,1739335840478
123.72190713324571,-460.17315852157094,303.33556082341994,179.924143130774,0.31571533578507327,179.61050396186144,1739335840486
123.72190598569648,-460.17318844569934,303.3354285734805,179.92413629430754,0.31571541438725303,179.61049705627437,1739335840494
123.72188048371196,-460.1732070485407,303.3354659256363,179.92413583359928,0.31570184363010506,179.6104970912271,1739335840502
123.72189525684401,-460.17314449100166,303.33545514643595,179.9241293456242,0.31570892450408267,179.61051067919684,1739335840510
123.72196291282462,-460.1731107004679,303.3354176985474,179.92412957565273,0.3157157007055813,179.61051744271992,1739335840519
123.7218531706351,-460.17314748986763,303.3355913174179,179.924156721394,0.3157149248049384,179.61049717474978,1739335840526
123.72185313673934,-460.17315358428306,303.3355232797928,179.92414313011966,0.3157153174310506,179.61049712845085,1739335840534
123.72189530069544,-460.17313732437276,303.33543139245853,179.92413610224162,0.31570867071611897,179.6105038525278,1739335840542
123.72196062175775,-460.1731676709851,303.3354966111097,179.9241499605054,0.315715039762846,179.61051749817898,1739335840554
123.72190597573976,-460.17318951792436,303.3355203650864,179.92414320388872,0.3157152935499698,179.6105175263769,1739335840562
123.72190827677058,-460.1731314751681,303.33534966092935,179.9241159469166,0.31571608432921644,179.6105037993828,1739335840570
123.7219617453658,-460.1731427690434,303.3354690318151,179.92413637103988,0.3157154926273576,179.6105174844998,1739335840578
123.72184122644475,-460.17314564809175,303.3353495651954,179.92411567877343,0.3157092807695583,179.61049020235347,1739335840586
123.72190827677058,-460.1731314751681,303.33534966092935,179.92411598437843,0.3157160933332864,179.61051059795042,1739335840594
123.7219753609884,-460.1731112078467,303.335417794283,179.92412969394778,0.31572246825379435,179.61049704701003,1739335840602
123.72189586250104,-460.1731248733995,303.3354176028134,179.92412930750882,0.31570889714756767,179.61050384568898,1739335840610
123.72197419352958,-460.1731432764223,303.3354691275506,179.92413656426018,0.31572227818125015,179.61051068592596,1739335840618
123.72191002997613,-460.1730819334604,303.3354443672326,179.9241226328814,0.31571595136155217,179.6104834757592,1739335840626
123.72190600963481,-460.1731834235092,303.3355884027176,179.92415668277786,0.3157148739229362,179.61049717697293,1739335840634
123.72185134963253,-460.1732092203958,303.3353605358532,179.92412270303313,0.3157158070117357,179.61049021150492,1739335840642
123.72185370850329,-460.1731400610852,303.3354176985474,179.92412953819093,0.3157156917031241,179.61049704721157,1739335840650
123.72190480827757,-460.1732215864876,303.33557169836166,179.92414988689063,0.3157150584708148,179.61049717245382,1739335840658
123.72192075882849,-460.1731258881602,303.335417794283,179.92412969394778,0.31572246825379435,179.61049024853966,1739335840666
123.72196057790721,-460.1731748376127,303.3355203650864,179.92414320388872,0.3157152935499698,179.61052432484726,1739335840674
123.72185484207535,-460.17311408688454,303.33529832767096,179.92410918899134,0.31571630141149865,179.61050375770014,1739335840682
123.72191839996592,-460.17319504747104,303.33536063158874,179.92412297117704,0.3157226105705476,179.6105038085351,1739335840690
123.72185370850329,-460.1731400610852,303.3354176985474,179.92412953819093,0.3157156917031241,179.61049704721157,1739335840699
123.72181157844277,-460.1731502265816,303.3355776235038,179.92415015734332,0.31572194579193336,179.61049036943524,1739335840706
123.72190770500774,-460.17314499838204,303.33545524217,179.9241295763071,0.31571571905961165,179.6105106791898,1739335840714
123.72188228076945,-460.173150340187,303.3355368779743,179.9241494260281,0.31570149288837734,179.61049713520245,1739335840722
123.7219036168769,-460.1732586772474,303.3354632023846,179.924136368731,0.31571540886182625,179.6105106906703,1739335840730
123.72190714320215,-460.17315744935524,303.3354690318151,179.92413637103988,0.31571549262735754,179.61051068602944,1739335840738
123.72190482819101,-460.1732194420388,303.335388115142,179.92413629249873,0.3157153541504523,179.6104970236546,1739335840750
123.72192022096117,-460.17313331694254,303.3355914131534,179.92415698953866,0.31572172835968665,179.610510771784,1739335840758
123.72197302607098,-460.17317534499153,303.3355204608219,179.9241433596473,0.31572207010382847,179.6105107277066,1739335840766
123.72189356147108,-460.1731829161289,303.3355883069835,179.92415656447926,0.31570810636513064,179.61051757267964,1739335840774
123.72192015317145,-460.17314550576236,303.3354553379055,179.92412976952738,0.315722504612698,179.61050388061514,1739335840782
123.72190538003946,-460.1732080633014,303.3354661171029,179.92413633242367,0.31571544174294075,179.61050388978222,1739335840790
123.72186614671,-460.1731416406934,303.3355095858817,179.92413656606897,0.31572233841804287,179.61049712160502,1739335840798
123.7218520131255,-460.1731784862213,303.33555085909035,179.9241567195852,0.3157148645681499,179.61049714213,1739335840806
123.72191901960394,-460.17317147992117,303.3355747088035,179.92415011872635,0.315721894909152,179.61049717012878,1739335840814
123.72190718705366,-460.17315028272463,303.3354452778391,179.92414316511824,0.3157152478410716,179.6105106579288,1739335840822
123.72190714320215,-460.17315744935524,303.3354690318151,179.92413633357808,0.31571548362570656,179.61050388746182,1739335840830
123.72196291282462,-460.1731107004679,303.3354176985474,179.9241295007291,0.31571568270066225,179.61050384558467,1739335840838
123.72185310284391,-460.17315967868734,303.33545524217,179.9241295388453,0.31571571005715443,179.6104970821518,1739335840846
123.72189465118713,-460.1731641085992,303.33549269006073,179.92412934627853,0.3157089428581106,179.61051071413706,1739335840854
123.72186795373094,-460.1730838601205,303.33548874660386,179.92414332383925,0.31572212651451137,179.61049029261716,1739335840862
123.72191782820317,-460.1732085706817,303.3354662128384,179.92413652564318,0.3157222272968562,179.6104970912084,1739335840870
123.72190713324571,-460.17315852157094,303.33556082341994,179.92414316823576,0.31571534478591773,179.61051076042907,1739335840878
123.72190714320215,-460.17315744935524,303.3354690318151,179.92413633357808,0.31571548362570656,179.61050388746182,1739335840886
123.72191901960394,-460.17317147992117,303.3355747088035,179.9241501561889,0.3157219039091673,179.61050396869643,1739335840895
123.72192016312859,-460.1731444335249,303.33536354630695,179.92412300979407,0.31572266145655015,179.6105106047823,1739335840902
123.72189353753272,-460.173187938319,303.33542847774646,179.9241361385482,0.31570863783503106,179.61051065341587,1739335840910
123.72191959136586,-460.17315795673557,303.3354691275506,179.92413660172278,0.3157222871828738,179.61051068602325,1739335840918
123.7219475878532,-460.17318463673723,303.33535047579005,179.92413609862407,0.31570855024251254,179.61051058575862,1739335840926
123.72191842390347,-460.17319002530473,303.3355204608219,179.92414339710987,0.31572207910464567,179.61051072780387,1739335840934
123.72190541393428,-460.1732019688944,303.3355341547345,179.92414996115974,0.3157150581168729,179.61051073464884,1739335840946
123.72185254103684,-460.17317212966043,303.3354690318151,179.92413629611627,0.31571547462405114,179.6104902904238,1739335840954
123.72190481823395,-460.173220514273,303.33547990674947,179.92414312715644,0.3157152153114912,179.61050389662185,1739335840962
123.72192019702288,-460.1731383391334,303.33543158392814,179.9241365636058,0.31572225982721885,179.61050385251536,1739335840970
123.7219077488592,-460.17313783175314,303.33543148819257,179.92413629546192,0.31571545627001985,179.61049705395394,1739335840978
123.72189526680116,-460.1731434187642,303.3353633548374,179.92412251096727,0.31570906334221394,179.61050380623033,1739335840986
123.7219753510317,-460.1731122800731,303.3355095858817,179.92413656606897,0.3157223384180429,179.61051071854578,1739335840994
123.7219071093077,-460.17316354375123,303.33540099419184,179.9241227048419,0.3157158672485364,179.61049704259509,1739335841002
123.72192074887168,-460.17312696038647,303.3355095858817,179.92413656606897,0.315722338418043,179.6105039200754,1739335841010
123.72194870150412,-460.1731608070356,303.3354146881013,179.92412923143243,0.3157088372598182,179.61049704934456,1739335841018
123.72190773890243,-460.1731389039777,303.3355232797928,179.92414309265789,0.3157153084302017,179.6104971283536,1739335841026
123.72190714320215,-460.17315744935524,303.3354690318151,179.92413637103988,0.31571549262735754,179.61051068602944,1739335841034
123.72191609893535,-460.173253090221,303.3355313357579,179.92415019068824,0.31572181078962297,179.61051073696467,1739335841042
123.72183949717095,-460.1731901676495,303.3354146881013,179.92412934381542,0.315708864267286,179.6105038481067,1739335841050
123.72189237007021,-460.1732200068927,303.33547981101543,179.9241429339353,0.3157084297568072,179.6105106951949,1739335841058
123.72191839996592,-460.17319504747104,303.33536063158874,179.92412297117704,0.3157226105705476,179.6105038085351,1739335841066
123.72185254103684,-460.17317212966043,303.3354690318151,179.92413637103988,0.31571549262735765,179.61050388755908,1739335841074
123.7218542703104,-460.17312761011044,303.33540390890386,179.9241227059963,0.3157159091313033,179.61049024180429,1739335841082
123.72193090596224,-460.17318443826986,303.33558859419014,179.9241571816038,0.31572847203327253,179.61050397553302,1739335841090
123.72185197922984,-460.173184580632,303.3354828214617,179.9241432032344,0.31571527519594206,179.6105106929663,1739335841098
123.72190833460289,-460.17312035859385,303.3355775277683,179.92414988919947,0.3157151422363472,179.61049716781295,1739335841106
123.72184009287315,-460.17317162227863,303.33546893608104,179.92413610289597,0.31570868907015026,179.61049708899768,1739335841114
123.72196234106387,-460.1731242236659,303.3355232797928,179.92414320504318,0.31571533543273533,179.61052432252686,1739335841126
123.72190831066477,-460.1731253807798,303.3354176985474,179.92412953819093,0.315715691703124,179.61050384568193,1739335841134
123.72185254103684,-460.17317212966043,303.3354690318151,179.92413637103988,0.31571549262735765,179.61050388755908,1739335841142
123.72189759176959,-460.1730803538416,303.3353524799076,179.9241157173889,0.31570933165642573,179.61050379707103,1739335841150
123.72185257493238,-460.17316603525296,303.3355370694409,179.92414996231417,0.3157150999996384,179.61050393385807,1739335841158
123.72190538999658,-460.1732069910656,303.3353743254969,179.92412953522776,0.3157155895835561,179.6105038153826,1739335841166
123.72185250714173,-460.1731782240566,303.33540099419184,179.92412277976555,0.3157158852550683,179.61050384125997,1739335841174
123.72190715315922,-460.1731563771195,303.3353772402151,179.92412949892037,0.31571562246386004,179.61049701449454,1739335841182
123.72192079272303,-460.17311979376046,303.33548583190344,179.92414336014738,0.31572209363256704,179.61050389197558,1739335841190
123.72186678626473,-460.17311592868805,303.33554007987664,179.92415008176386,0.3157219094378754,179.61048353583013,1739335841198
123.72196403643302,-460.1730857985163,303.3353901192617,179.92411602364908,0.3157161625741534,179.6105242276082,1739335841207
123.7219189617716,-460.17318259649466,303.33534684194666,179.92411617644424,0.31572283700199383,179.61050380169462,1739335841215
123.72191842390347,-460.17319002530473,303.3355204608219,179.9241432847222,0.31572205210218046,179.61049033210097,1739335841223
123.7218531706351,-460.17314748986763,303.3355913174179,179.92415679631745,0.31571494280339774,179.61051077188506,1739335841231
123.72185137357063,-460.17320419822954,303.3355203650864,179.9241430540417,0.3157152575465822,179.610483533636,1739335841238
123.72189526680116,-460.1731434187642,303.3353633548374,179.92412251096727,0.31570906334221394,179.61050380623033,1739335841246
123.72190890636485,-460.1731068354085,303.33547194652135,179.92413633473248,0.31571552550847304,179.61050388514138,1739335841254
123.72193144382948,-460.1731770094868,303.3354149753079,179.9241299984007,0.3157292389314574,179.61050384798838,1739335841262
123.72196176930392,-460.17313774683913,303.33562886104727,179.92415675951008,0.31571495215819007,179.6105176051984,1739335841270
123.72193263522986,-460.1731399187384,303.33552347126533,179.9241436664106,0.31572892454372575,179.6105175240457,1739335841278
123.7219469383475,-460.1732114209817,303.335411773383,179.92412930519998,0.31570881338203594,179.61051064880024,1739335841286
123.72185134963253,-460.1732092203958,303.3353605358532,179.92412285288043,0.31571584302478234,179.61051740577545,1739335841294
123.72196406037021,-460.1730807763403,303.33554994847367,179.92413637465742,0.3157156131009395,179.61051754973943,1739335841306
123.72190654750204,-460.1731759947261,303.33541478383535,179.92412949957472,0.31571564081789566,179.61049704943474,1739335841314
123.72188221298018,-460.1731625289905,303.33540080272525,179.92412231839978,0.31570229614399764,179.61051063974605,1739335841322
123.72192195022883,-460.17308879741097,303.33552629022853,179.92414339941874,0.3157221628701779,179.61051072316303,1739335841330
123.72189582860685,-460.1731309677877,303.3353495651954,179.9241157162345,0.31570928977366014,179.61050379939147,1739335841338
123.72191899566576,-460.17317650210646,303.33541487957086,179.92412980518122,0.3157224533783312,179.61051064656297,1739335841346
123.72191902956034,-460.17317040770723,303.3354829171972,179.92414335899298,0.31572205174980045,179.610503894296,1739335841354
123.72187803306664,-460.17315459904665,303.33552347126533,179.92414355402047,0.3157288975413563,179.61049032987242,1739335841362
123.7219332069922,-460.1731263955405,303.3354178900199,179.9241299995551,0.31572928081422397,179.61050384566795,1739335841370
123.72189470499549,-460.1731558697391,303.3353771444811,179.92412930570006,0.31570883691076584,179.6105038130692,1739335841378
123.72190833460289,-460.17312035859385,303.3355775277683,179.92414996412296,0.31571516023642787,179.61051076494823,1739335841386
123.72190601959116,-460.17318235129676,303.3354966111097,179.92414992304364,0.31571503076280727,179.610503901141,1739335841394
123.721917862098,-460.1732024762747,303.33553425046995,179.92415019184264,0.31572185267238906,179.61051073464424,1739335841402
123.7219617453658,-460.1731427690434,303.3354690318151,179.92413637103988,0.3157154926273576,179.6105174844998,1739335841410
123.72190657144023,-460.17317097254085,303.335574613068,179.92414992550678,0.3157151093536238,179.61050396870104,1739335841418
123.72196346467206,-460.17309932172094,303.3354957005011,179.92412954065406,0.315715770293948,179.61051071171235,1739335841426
123.72192135452856,-460.1731073427888,303.33547204225687,179.92413656541459,0.31572232006401674,179.61050388513516,1739335841434
123.72185197922984,-460.173184580632,303.3354828214617,179.92414312831087,0.31571525719425686,179.61049709583105,1739335841442
123.72190653754528,-460.1731770669528,303.33550657543987,179.92413629677063,0.3157154929780782,179.6104971238344,1739335841450
123.72191899566576,-460.17317650210646,303.33541487957086,179.92412969279337,0.31572242637102765,179.6104902508601,1739335841458
123.72196349856615,-460.173093227312,303.33556373812024,179.92414316939022,0.31571538666868365,179.610517556579,1739335841466
123.72185370850329,-460.1731400610852,303.3354176985474,179.92412953819093,0.3157156917031241,179.61049704721157,1739335841474
123.72192075882849,-460.1731258881602,303.335417794283,179.92412980633563,0.31572249526109747,179.61051064424254,1739335841482
123.72185194533462,-460.1731906750314,303.33541478383535,179.92412949957472,0.3157156408178956,179.6104902509644,1739335841490
123.7219629467184,-460.17310460606814,303.3354857361679,179.92414316692702,0.315715308077868,179.610517489019,1739335841502
123.72184962035891,-460.17325373995016,303.3354256587621,179.92413629315308,0.3157153725044878,179.61049026012446,1739335841510
123.72189642430669,-460.17311242242465,303.3354038131698,179.92412251277605,0.3157091235790149,179.61050383885012,1739335841518
123.72190771496489,-460.1731439261446,303.33536345057144,179.9241227041875,0.31571584889450194,179.61049700765486,1739335841526
123.72185194533462,-460.1731906750314,303.33541478383535,179.92412949957472,0.3157156408178956,179.6104902509644,1739335841534
123.72186558490299,-460.17315409166486,303.33552337552834,179.92414339826433,0.3157221209874115,179.61050392701307,1739335841542
123.72196177925987,-460.17313667463594,303.3355370694409,179.92414992485246,0.31571509099960016,179.61051073223118,1739335841550
123.72189588643914,-460.1731198512135,303.3355774320342,179.92414973344006,0.31570836568089883,179.61051076495283,1739335841558
123.72194812974341,-460.17317433023385,303.33552026935234,179.92414286082214,0.31570847199185215,179.61050392914981,1739335841566
123.72190714320215,-460.17315744935524,303.3354690318151,179.92413640850162,0.3157155016290041,179.61051748459704,1739335841574
123.72186495530539,-460.1731787314384,303.33540108992736,179.92412301044848,0.3157226798105845,179.61050384125215,1739335841582
123.72189405548693,-460.1731826539729,303.3354384420801,179.924122549737,0.3157091090535712,179.6105106746784,1739335841590
123.72196114966792,-460.1731613144145,303.33541478383535,179.92412957449832,0.31571565882281494,179.61051744504036,1739335841598
123.72196234106387,-460.1731242236659,303.3355232797928,179.92414320504318,0.31571533543273533,179.61052432252686,1739335841606
123.72191959136586,-460.17315795673557,303.3354691275506,179.92413656426018,0.31572227818125015,179.6105038874556,1739335841614
123.72191959136586,-460.17315795673557,303.3354691275506,179.92413652679758,0.31572226917962204,179.61049708888797,1739335841622
123.72190887247044,-460.17311292980503,303.33540390890386,179.92412278092,0.3157159271378348,179.6105106374099,1739335841630
123.7219106356332,-460.1730623158583,303.33540682361024,179.9241227446126,0.31571596001733687,179.61050383652187,1739335841638
123.72191963521736,-460.17315079010496,303.3354453735746,179.9241433583386,0.3157220333957704,179.6105038593558,1739335841646
123.7219753609884,-460.1731112078467,303.335417794283,179.92412969394778,0.31572246825379435,179.61049704701003,1739335841654
123.72189642430669,-460.17311242242465,303.3354038131698,179.92412247531502,0.3157091145757196,179.61049704028252,1739335841662
123.72189585254424,-460.1731259456258,303.33550939441216,179.9241361047048,0.31570874930694304,179.61050392008784,1739335841670
123.72188927986859,-460.17319326940344,303.33550686265085,179.92413702627874,0.3157358856463899,179.61049712391312,1739335841678
123.72189413323288,-460.17316939294653,303.3354827257276,179.92414293508975,0.3157084716395728,179.61051069287447,1739335841690
123.72186791983569,-460.17308995452055,303.3354207089894,179.9241297325648,0.31572251913899896,179.61049024631652,1739335841698
123.72190538003946,-460.1732080633014,303.3354661171029,179.92413629496187,0.3157154327412852,179.6104970912146,1739335841706
123.7219469722413,-460.1732053265828,303.33547981101543,179.92414285901341,0.31570841175505815,179.61050389653002,1739335841714
123.72189413323288,-460.17316939294653,303.3354827257276,179.9241428976288,0.31570846263870056,179.61050389430685,1739335841722
123.72194870150412,-460.1731608070356,303.3354146881013,179.92412930635444,0.31570885526480125,179.6105106464798,1739335841730
123.72185429424897,-460.1731225879295,303.33556373812024,179.92414309446667,0.3157153686669906,179.61049036250304,1739335841738
123.72190833460289,-460.17312035859385,303.3355775277683,179.92414992666122,0.31571515123638977,179.6105039663806,1739335841746
123.72189239400915,-460.17321498468436,303.3356396402639,179.9241633224055,0.3157078892876365,179.610510815891,1739335841754
123.72190715315922,-460.1731563771195,303.3353772402151,179.92412946145856,0.31571561346139365,179.6104902159269,1739335841762
123.7219071671409,-460.1731524271509,303.33562886104727,179.92415675951008,0.31571495215819007,179.610510806728,1739335841770
123.7218496442978,-460.17324871776077,303.3355854880112,179.92415668162346,0.31571483204016987,179.610490380823,1739335841778
123.72195942040508,-460.1732058339617,303.33547990674947,179.9241430896947,0.3157152063106419,179.6105038965246,1739335841786
123.721929704605,-460.17322260124826,303.33557188983417,179.92415034825322,0.31572864758196945,179.61049717244464,1739335841794
123.72189525684401,-460.17314449100166,303.33545514643595,179.9241293081632,0.3157089155015981,179.6105038806292,1739335841802
123.72194926330828,-460.1731483560607,303.3354008984578,179.92412251162165,0.3157090816962483,179.61051063964095,1739335841810
123.72192079272303,-460.17311979376046,303.33548583190344,179.92414339760995,0.3157221026333843,179.6105106905432,1739335841818
123.72179734316518,-460.1732053553301,303.33541478383535,179.92412949957472,0.3157156408178956,179.610483452494,1739335841826
123.72185250714173,-460.1731782240566,303.33540099419184,179.9241227048419,0.31571586724853645,179.61049024412472,1739335841834
123.72196054401324,-460.17318093201663,303.33545232745786,179.92412957515268,0.315715677176846,179.6105174799806,1739335841842
123.7219362872341,-460.1731542052574,303.3354826299951,179.9241426294865,0.3157016590822276,179.61050389421507,1739335841850
123.72185137357063,-460.17320419822954,303.3355203650864,179.9241431289652,0.3157152755482849,179.61049713077128,1739335841858
123.72186670851708,-460.1731291897202,303.33549579623667,179.92412973387354,0.31572255584705755,179.61049031619694,1739335841866
123.72196170151537,-460.17314993566777,303.33549278579477,179.92412953949963,0.3157157284111824,179.61051071403278,1739335841878
123.72194812974341,-460.17317433023385,303.33552026935234,179.92414293574407,0.31570848999360057,179.61051752628507,1739335841886
123.72190773890243,-460.1731389039777,303.3355232797928,179.92414313011966,0.3157153174310506,179.6105039269212,1739335841894
123.7219753609884,-460.1731112078467,303.335417794283,179.924129768873,0.3157224862586676,179.6105106441453,1739335841902
123.72187568415272,-460.1732226861343,303.3353745169694,179.92412999659192,0.315729178694656,179.61049701689822,1739335841910
123.72185141742288,-460.17319703160194,303.3354966111097,179.92414992304364,0.3157150307628074,179.61049710267062,1739335841918
123.72190890636485,-460.1731068354085,303.33547194652135,179.9241362972707,0.3157155165068176,179.61049708657376,1739335841926
123.72184068857565,-460.17315307690126,303.3355231840588,179.92414286197658,0.31570851387461796,179.61049032988865,1739335841934
123.72189469503842,-460.1731569419749,303.33546893608104,179.92413610289597,0.31570868907015015,179.61050388746804,1739335841942
123.72192132063414,-460.17311343718535,303.3354040046394,179.92412293667758,0.31572270368687416,179.6104970402668,1739335841950
123.72190541393428,-460.1732019688944,303.3355341547345,179.92414996115974,0.3157150581168729,179.61051073464884,1739335841958
123.72196234106387,-460.1731242236659,303.3355232797928,179.92414313011966,0.3157153174310506,179.61051072539158,1739335841966
123.72190657144023,-460.17317097254085,303.335574613068,179.92414992550678,0.3157151093536238,179.61050396870104,1739335841974
123.72182527588167,-460.17324134644036,303.3355034692611,179.92413587171382,0.31570187098584185,179.6104971262646,1739335841982
123.72186731417631,-460.1731095721226,303.3354582526117,179.92412984560704,0.3157225645003195,179.61051067695962,1739335841990
123.72190831066477,-460.1731253807798,303.3354176985474,179.9241295007291,0.31571568270066225,179.61049704711434,1739335841998
123.72194933109607,-460.1731361672571,303.33553697370684,179.9241496567094,0.31570828744397367,179.61050393366816,1739335842006
123.72192192629132,-460.1730938195788,303.3353664610193,179.92412293602322,0.31572268533283865,179.6104970053266,1739335842014
123.72190654750204,-460.1731759947261,303.33541478383535,179.92412953703652,0.31571564982035755,179.61050384800237,1739335842022
123.72197303602758,-460.1731742727667,303.335428669216,179.92413652498885,0.31572220894282416,179.61050385473854,1739335842030
123.72190714320215,-460.17315744935524,303.3354690318151,179.92413633357808,0.31571548362570656,179.61050388746182,1739335842038
123.72192019702288,-460.1731383391334,303.33543158392814,179.9241366759936,0.31572228683207665,179.61052424821827,1739335842046
123.72197186856887,-460.1732063413405,303.335480002485,179.92414339530112,0.3157220188678522,179.61051749365447,1739335842054
123.72190890636485,-460.1731068354085,303.33547194652135,179.92413637219428,0.3157155345101239,179.610510683709,1739335842066
123.72189409933831,-460.1731754873457,303.3354146881013,179.92412934381542,0.315708864267286,179.61051064657704,1739335842074
123.72179564778287,-460.17324378046635,303.335547944384,179.9241566435074,0.31571480468690644,179.61047674884475,1739335842082
123.72189468508196,-460.17315801419056,303.33556072768584,179.9241429750138,0.3157085592312563,179.61051755900212,1739335842090
123.72190771496489,-460.1731439261446,303.33536345057144,179.9241226667257,0.31571583989122937,179.61049020908726,1739335842098
123.72190594184504,-460.1731956123282,303.33545232745786,179.92412957515268,0.31571567717684595,179.61051068151022,1739335842106
123.72190601959116,-460.17318235129676,303.3354966111097,179.92414992304364,0.31571503076280727,179.610503901141,1739335842114
123.72185314669622,-460.1731525120584,303.33543148819257,179.92413629546192,0.31571545627001985,179.61049025548357,1739335842122
123.72190773890243,-460.1731389039777,303.3355232797928,179.92414320504318,0.3157153354327353,179.61051752405646,1739335842130
123.72192019702288,-460.1731383391334,303.33543158392814,179.92413652614323,0.31572225082559074,179.61049705394774,1739335842138
123.72193262125013,-460.1731438686485,303.3352718504503,179.92411636835416,0.3157295858454472,179.61049693323795,1739335842146
123.72192135452856,-460.1731073427888,303.33547204225687,179.92413656541459,0.31572232006401674,179.61050388513516,1739335842154
123.72190534614505,-460.1732141576972,303.3353980794734,179.9241227036875,0.3157158253657711,179.61049704491552,1739335842162
123.72192015317145,-460.17314550576236,303.3354553379055,179.92412976952738,0.315722504612698,179.61050388061514,1739335842170
123.72178542291466,-460.17319849135674,303.33533286083644,179.92410888288623,0.3157094653174321,179.61048339936463,1739335842178
123.72190657144023,-460.17317097254085,303.335574613068,179.92415000043027,0.31571512735369583,179.6105175658363,1739335842186
123.72190770500774,-460.17314499838204,303.33545524217,179.92412950138348,0.3157157010546928,179.61049708205454,1739335842194
123.72189589639557,-460.1731187789998,303.3354856404339,179.92414293624412,0.31570851352233914,179.61051069055404,1739335842202
123.72185311280124,-460.17315860645004,303.33536345057144,179.92412274164934,0.3157158578977702,179.61049700775214,1739335842210
123.72190658139664,-460.1731699003269,303.3354828214617,179.9241430908491,0.3157152481934077,179.6104970957338,1739335842219
123.72196291282462,-460.1731107004679,303.3354176985474,179.92412961311453,0.3157157097080342,179.61052424128758,1739335842227
123.72194812974341,-460.17317433023385,303.33552026935234,179.92414286082214,0.31570847199185215,179.61050392914981,1739335842235
123.72192018706615,-460.173139411358,303.33552337552834,179.92414336080174,0.31572211198659433,179.61050392691578,1739335842243
123.72190770500774,-460.17314499838204,303.33545524217,179.9241295388453,0.31571571005715443,179.61050388062216,1739335842251
123.72189586250104,-460.1731248733995,303.3354176028134,179.9241292700478,0.3157088881450786,179.61049704712138,1739335842263
123.721972992177,-460.17318143939553,303.3354524231934,179.92412980583558,0.31572247173236223,179.6105174799736,1739335842270
123.72183662437155,-460.17326173353723,303.3356909735483,179.92417008033175,0.31570767221174517,179.61049726063192,1739335842278
123.72186619056222,-460.1731344740673,303.33548583190344,179.92414336014738,0.31572209363256704,179.61049709350522,1739335842286
123.72191902956034,-460.17317040770723,303.3354829171972,179.9241433215304,0.31572204274897864,179.61049709572836,1739335842294
123.72189585254424,-460.1731259456258,303.33550939441216,179.9241361047048,0.31570874930694304,179.61050392008784,1739335842302
123.7218389692592,-460.17319652422015,303.3354965153756,179.92414969236154,0.31570823620725114,179.61049710267525,1739335842310
123.7219617453658,-460.1731427690434,303.3354690318151,179.92413637103988,0.3157154926273576,179.6105174844998,1739335842318
123.72197303602758,-460.1731742727667,303.335428669216,179.92413656245142,0.3157222179444525,179.61051065330616,1739335842326
123.72183953106615,-460.1731840732502,303.3354827257276,179.92414297255067,0.31570848064044044,179.61051069297173,1739335842334
123.72191960132294,-460.17315688449986,303.3353773359506,179.92412976706424,0.3157224260218657,179.61050381305515,1739335842342
123.72191898570898,-460.1731775743332,303.3355066711754,179.92413656491453,0.31572229653527717,179.61050392239582,1739335842350
123.7218952907387,-460.1731383965974,303.3355231840588,179.92414297435946,0.3157085408772337,179.6105175240619,1739335842358
123.7219082668134,-460.1731325474071,303.33544145252637,179.92412270665068,0.31571592748533445,179.61049707521488,1739335842366
123.72190657144023,-460.17317097254085,303.335574613068,179.92414988804504,0.315715100353581,179.61049717013339,1739335842374
123.72189463720782,-460.1731680584949,303.3352410692396,179.92410216061245,0.3157096311686474,179.61051051904167,1739335842382
123.72191959136586,-460.17315795673557,303.3354691275506,179.92413660172278,0.3157222871828738,179.61051068602325,1739335842390
123.72190890636485,-460.1731068354085,303.33547194652135,179.92413633473248,0.31571552550847304,179.61050388514138,1739335842398
123.72194696228505,-460.17320639879716,303.33557160262757,179.92414965620932,0.31570826391523105,179.61050397092882,1739335842406
123.72184129423489,-460.17313345930364,303.3354856404339,179.9241429737051,0.3157085225232066,179.6105106906513,1739335842414
123.7219106256763,-460.17306338808584,303.33549861520135,179.9241295792703,0.3157158211791716,179.61051070948915,1739335842422
123.72183839749592,-460.17321004739915,303.33560209663443,179.92416328429022,0.3157078619351652,179.61049718391274,1739335842430
123.72191959136586,-460.17315795673557,303.3354691275506,179.92413656426018,0.31572227818125015,179.6105038874556,1739335842442
123.7219332069922,-460.1731263955405,303.3354178900199,179.9241299995551,0.31572928081422397,179.61050384566795,1739335842450
123.72189408938154,-460.17317655957254,303.33550647970577,179.92413606608935,0.31570869842249466,179.61049712384064,1739335842458
123.72196291282462,-460.1731107004679,303.3354176985474,179.92412953819093,0.315715691703124,179.61051064415233,1739335842466
123.72192131067729,-460.1731145094132,303.33549579623667,179.9241298087988,0.3157225738519213,179.61051071180256,1739335842474
123.72185370850329,-460.1731400610852,303.3354176985474,179.92412953819093,0.3157156917031241,179.61049704721157,1739335842482
123.7218929757272,-460.17320038929057,303.3354422673931,179.92414293328093,0.31570841140277595,179.61051066025468,1739335842490
123.72190770500774,-460.17314499838204,303.33545524217,179.92412950138348,0.3157157010546928,179.61049708205454,1739335842498
123.72192136448567,-460.1731062705537,303.335380250663,179.92412976821865,0.3157224679046315,179.6105038107347,1739335842506
123.72190717709697,-460.17315135494766,303.3355370694409,179.92414996231417,0.3157150999996385,179.6105107323284,1739335842514
123.72191959136586,-460.17315795673557,303.3354691275506,179.92413652679758,0.31572226917962204,179.61049708888797,1739335842522
123.72192076878592,-460.173124815914,303.33532600268927,179.92412304660238,0.31572265210574174,179.61051736840972,1739335842530
123.72192015317145,-460.17314550576236,303.3354553379055,179.92412973206478,0.3157224956102638,179.61049708204752,1739335842538
123.7219499367506,-460.1731165496593,303.3354994300818,179.9241497309769,0.3157082870900833,179.61051749586318,1739335842546
123.72191842390347,-460.17319002530473,303.3355204608219,179.92414332218473,0.3157220611030067,179.6104971306686,1739335842554
123.72184126033962,-460.1731395537034,303.3354176028134,179.92412930750882,0.3157088971475677,179.61049704721862,1739335842562
123.72190718705366,-460.17315028272463,303.3354452778391,179.92414316511824,0.3157152478410716,179.6105106579288,1739335842570
123.72196177925987,-460.17313667463594,303.3355370694409,179.92414992485246,0.31571509099960016,179.61051073223118,1739335842578
123.72192073489218,-460.1731309102899,303.3352579650727,179.92410934294006,0.3157230177205036,179.610496926406,1739335842586
123.72190594184504,-460.1731956123282,303.33545232745786,179.92412957515268,0.31571567717684595,179.61051068151022,1739335842594
123.72196290286793,-460.17311177269426,303.3355094901462,179.92413633538686,0.31571554386249934,179.61051071855198,1739335842602
123.72191959136586,-460.17315795673557,303.3354691275506,179.92413656426018,0.31572227818125015,179.6105038874556,1739335842610
123.72190947812761,-460.1730933121985,303.3353663652838,179.92412270534194,0.3157158907772677,179.61049700533442,1739335842618
123.72191843386018,-460.17318895307966,303.335428669216,179.92413652498885,0.31572220894282416,179.61049705626817,1739335842626
123.72190771496489,-460.1731439261446,303.33536345057144,179.92412277911117,0.31571586690103387,179.6105106047901,1739335842638
123.7219071093077,-460.17316354375123,303.33540099419184,179.9241226673801,0.3157158582452638,179.61049024402746,1739335842646
123.72196234106387,-460.1731242236659,303.3355232797928,179.92414320504318,0.31571533543273533,179.61052432252686,1739335842654
123.72193620948977,-460.173167466284,303.3354383463476,179.92412228159392,0.3157023054947112,179.61051067458905,1739335842662
123.72193798260352,-460.17311578009856,303.33534946946276,179.92411548555242,0.3157024952180911,179.61051059787053,1739335842670
123.7219753510317,-460.1731122800731,303.3355095858817,179.92413660353157,0.3157223474196663,179.61051751711338,1739335842678
123.72190597573976,-460.17318951792436,303.3355203650864,179.92414316642697,0.3157152845491295,179.61051072780927,1739335842686
123.72190773890243,-460.1731389039777,303.3355232797928,179.9241431675814,0.31571532643189515,179.61051072548884,1739335842694
123.72190775881657,-460.1731367595085,303.3353396965974,179.92412942334238,0.3157155861048832,179.61048338241906,1739335842702
123.72189413323288,-460.17316939294653,303.3354827257276,179.9241429725507,0.31570848064044044,179.6105174914421,1739335842710
123.72190594184504,-460.1731956123282,303.33545232745786,179.92412953769087,0.31571566817438856,179.6105038829426,1739335842718
123.72190717709697,-460.17315135494766,303.3355370694409,179.92414992485246,0.31571509099960016,179.61050393376078,1739335842726
123.72191901960394,-460.17317147992117,303.3355747088035,179.92415019365143,0.31572191290917817,179.61051076726406,1739335842734
123.72196293676214,-460.17310567828207,303.3355775277683,179.92414996412296,0.31571516023642787,179.6105175634186,1739335842742
123.72196408028367,-460.17307863188626,303.3353663652838,179.92412274280377,0.3157158997805357,179.61051060237244,1739335842750
123.72184128427833,-460.1731345315176,303.3355774320342,179.92414973344006,0.3157083656808989,179.61050396648247,1739335842758
123.72190653754528,-460.1731770669528,303.33550657543987,179.92413622184708,0.31571547497475416,179.61048352669914,1739335842766
123.72187747125969,-460.1731670500166,303.33553726091344,179.9241503487533,0.315728671110712,179.6104903367136,1739335842774
123.7219207249343,-460.17313198254845,303.33534975666487,179.92411617759865,0.31572287888476014,179.6105037993742,1739335842782
123.72185370850329,-460.1731400610852,303.3354176985474,179.9241294632673,0.3157156736981961,179.61048345007632,1739335842790
123.72196001610321,-460.1731872885828,303.3355341547345,179.92414996115974,0.3157150581168729,179.6105175331192,1739335842798
123.72185374239857,-460.17313396668544,303.3354857361679,179.92414312946528,0.3157152990770233,179.61049709351062,1739335842806
123.72202882958479,-460.1731225016951,303.33553716517645,179.9241501929971,0.31572189455515476,179.61052432926456,1739335842814
123.72194869154745,-460.17316187926224,303.33550647970577,179.92413606608935,0.31570869842249466,179.610503922311,1739335842826
123.7219195574714,-460.17316405113155,303.33540108992736,179.92412297298583,0.31572267080734817,179.6105038411549,1739335842834
123.72197359783169,-460.17316182179337,303.33541487957086,179.92412976771863,0.3157224443759012,179.61051064646574,1739335842842
123.72191843386018,-460.17318895307966,303.335428669216,179.92413652498885,0.31572220894282416,179.61049705626817,1739335842850
123.72190653754528,-460.1731770669528,303.33550657543987,179.92413633423243,0.3157155019797336,179.61050392240202,1739335842858
123.72190706545638,-460.1731707103768,303.33542474817204,179.92411598568717,0.3157161300413528,179.61051066783088,1739335842866
123.72195942040508,-460.1732058339617,303.33547990674947,179.92414305223295,0.31571519730978814,179.61049709795697,1739335842874
123.72190890636485,-460.1731068354085,303.33547194652135,179.92413633473248,0.31571552550847304,179.61050388514138,1739335842882
123.7218911926519,-460.17325314766447,303.3356229359066,179.92415652651832,0.31570807383712834,179.61051081137268,1739335842890
123.72190598569648,-460.17318844569934,303.3354285734805,179.9241363692311,0.31571543239055994,179.61051065340965,1739335842898
123.72186502309604,-460.1731665426348,303.33553716517645,179.9241501929971,0.31572189455515476,179.61050393385347,1739335842906
123.72191783816028,-460.173207498446,303.3353744212324,179.92412972844724,0.3157223751366649,179.61049701680793,1739335842914
123.72197651849037,-460.1730802115021,303.3354582526117,179.92412977068182,0.3157225464954645,179.6105106767651,1739335842922
123.72183953106615,-460.1731840732502,303.3354827257276,179.92414282270687,0.315708444636943,179.61048349870123,1739335842930
123.72191002997613,-460.1730819334604,303.3354443672326,179.9241228201906,0.31571599637789094,179.61051746859732,1739335842938
123.72186446128914,-460.1731789936031,303.3355509548259,179.92415691280482,0.31572165012448433,179.61049034355855,1739335842946
123.72189469503842,-460.1731569419749,303.33546893608104,179.92413610289597,0.31570868907015015,179.61050388746804,1739335842954
123.72191962526068,-460.17315186232804,303.33553716517645,179.92415019299708,0.31572189455515476,179.61051073232383,1739335842962
123.72190773890243,-460.1731389039777,303.3355232797928,179.92414309265789,0.3157153084302017,179.6104971283536,1739335842970
123.72185197922984,-460.173184580632,303.3354828214617,179.92414312831087,0.31571525719425686,179.61049709583105,1739335842978
123.72194986896312,-460.173128738454,303.3353633548374,179.92412251096727,0.3157090633422139,179.61051060470072,1739335842986
123.72192132063414,-460.17311343718535,303.3354040046394,179.92412297414023,0.31572271269011487,179.61050383883446,1739335842994
123.72189471897717,-460.1731519197706,303.3356287653132,179.92415652882713,0.31570815760266113,179.6105108067318,1739335843002
123.72192074887168,-460.17312696038647,303.3355095858817,179.92413652860634,0.31572232941641504,179.61049712150776,1739335843014
123.72189586250104,-460.1731248733995,303.3354176028134,179.92412938243083,0.31570891515253263,179.61051744282423,1739335843022
123.72190715315922,-460.1731563771195,303.3353772402151,179.92412949892037,0.31571562246386004,179.61049701449454,1739335843030
123.72190657144023,-460.17317097254085,303.335574613068,179.92414992550678,0.3157151093536238,179.61050396870104,1739335843038
123.7219071093077,-460.17316354375123,303.33540099419184,179.92412277976555,0.3157158852550683,179.61051063973034,1739335843046
123.72189412327648,-460.1731704651605,303.3355745173339,179.92414973228563,0.315708323798133,179.61051076727327,1739335843054
123.72196410422058,-460.1730736097186,303.335526194493,179.92414313127406,0.3157153593138172,179.61051072307117,1739335843062
123.72190598569648,-460.17318844569934,303.3354285734805,179.92413633176932,0.31571542338890873,179.61050385484202,1739335843070
123.7218834482318,-460.17311827161944,303.33548554470127,179.92414266810107,0.3157017099658981,179.61050389199187,1739335843078
123.72185024000072,-460.17323017236953,303.335639735998,179.92416355308842,0.3157146838431654,179.6105040174176,1739335843086
123.72190594184504,-460.1731956123282,303.33545232745786,179.9241296126145,0.31571568617929885,179.61051748007785,1739335843094
123.72190717709697,-460.17315135494766,303.3355370694409,179.9241498873907,0.31571508199955745,179.61049713519316,1739335843102
123.72183775794099,-460.1732357594107,303.33557160262757,179.92414969367024,0.31570827291530124,179.6104971725557,1739335843110
123.72190598569648,-460.17318844569934,303.3354285734805,179.9241363692311,0.31571543239055994,179.61051065340965,1739335843118
123.72183953106615,-460.1731840732502,303.3354827257276,179.92414293508972,0.3157084716395727,179.6105038944041,1739335843126
123.7218934936813,-460.1731951049478,303.3354522317238,179.9241293444698,0.3157088826213171,179.61051068151727,1739335843134
123.72189409933831,-460.1731754873457,303.3354146881013,179.92412930635444,0.31570885526480125,179.61050384800942,1739335843142
123.72192074887168,-460.17312696038647,303.3355095858817,179.92413664099416,0.3157223564212854,179.61051751721067,1739335843150
123.72191839000875,-460.1731961197085,303.3354524231934,179.92412973091038,0.3157224537274978,179.61049708436795,1739335843158
123.72194873539793,-460.17315471263623,303.3354827257276,179.9241429725507,0.31570848064044044,179.6105242899125,1739335843166
123.72184129423489,-460.17313345930364,303.3354856404339,179.92414286132222,0.31570849552059055,179.61049029494845,1739335843174
123.72184006893568,-460.17317664442646,303.3353091068593,179.9241157144257,0.3157092295368553,179.61049696830133,1739335843182
123.72188108936895,-460.17318743093864,303.33542838201396,179.9241359078653,0.3157018432794894,179.61051065342215,1739335843194
123.72192015317145,-460.17314550576236,303.3354553379055,179.92412973206478,0.3157224956102638,179.61049708204752,1739335843202
123.72196113971125,-460.1731623866411,303.33550657543987,179.92413637169423,0.31571551098138456,179.61051751944004,1739335843210
123.72191901960394,-460.17317147992117,303.3355747088035,179.9241501561889,0.3157219039091673,179.61050396869643,1739335843218
123.721933173098,-460.17313248992883,303.33534985240186,179.92411644574423,0.31572968244433147,179.61051059793323,1739335843227
123.72198724734805,-460.1731241661989,303.3354316796651,179.92413671936112,0.31572903637956923,179.61049705384428,1739335843235
123.72188051760676,-460.17320095413373,303.3355339632678,179.9241494623338,0.31570146000570914,179.6105039360905,1739335843243
123.72189586250104,-460.1731248733995,303.3354176028134,179.92412930750882,0.31570889714756767,179.61050384568898,1739335843251
123.72189586250104,-460.1731248733995,303.3354176028134,179.9241292700478,0.3157088881450786,179.61049704712138,1739335843259
123.72190834455932,-460.1731192863801,303.3354857361679,179.92414316692702,0.315715308077868,179.6105106905486,1739335843267
123.72185081176369,-460.17321664919945,303.3355341547345,179.92414988623628,0.3157150401167917,179.61049033904322,1739335843275
123.72192075882849,-460.1731258881602,303.335417794283,179.9241297314104,0.31572247725623326,179.6104970471073,1739335843283
123.72196287893115,-460.17311679485636,303.33534966092935,179.9241159094547,0.315716075325142,179.61050379928557,1739335843290
123.72189525684401,-460.17314449100166,303.33545514643595,179.9241293456242,0.31570892450408267,179.61051067919684,1739335843298
123.72191962526068,-460.17315186232804,303.33553716517645,179.92415019299708,0.31572189455515476,179.61051073232383,1739335843306
123.72192019702288,-460.1731383391334,303.33543158392814,179.92413652614323,0.31572225082559074,179.61049705394774,1739335843314
123.72185546171507,-460.17309051936485,303.3355124048464,179.9241362990795,0.31571557674361084,179.6104903207232,1739335843322
123.72190594184504,-460.1731956123282,303.33545232745786,179.92412953769087,0.31571566817438856,179.6105038829426,1739335843330
123.7219617453658,-460.1731427690434,303.3354690318151,179.92413637103988,0.3157154926273576,179.6105174844998,1739335843338
123.7219077488592,-460.17313783175314,303.33543148819257,179.92413629546192,0.31571545627001985,179.61049705395394,1739335843346
123.7218952907387,-460.1731383965974,303.3355231840588,179.92414289943753,0.3157085228754943,179.61050392692664,1739335843354
123.72179737706115,-460.1731992609308,303.3354828214617,179.9241430908491,0.3157152481934077,179.61048349879303,1739335843362
123.72196230716992,-460.17313031807004,303.33545524217,179.9241295388453,0.31571571005715443,179.61051067909256,1739335843370
123.72185374239857,-460.17313396668544,303.3354857361679,179.92414312946528,0.3157152990770233,179.61049709351062,1739335843378
123.72189589639557,-460.1731187789998,303.3354856404339,179.92414286132222,0.3157084955205906,179.6104970934188,1739335843390
123.72190715315922,-460.1731563771195,303.3353772402151,179.92412953638214,0.3157156314663221,179.61050381306217,1739335843398
123.72191901960394,-460.17317147992117,303.3355747088035,179.9241501561889,0.3157219039091673,179.61050396869643,1739335843406
123.72184066463757,-460.1731580990682,303.3353633548374,179.92412243604522,0.3157090453356182,179.61048341062474,1739335843414
123.72185196927332,-460.173185652846,303.335574613068,179.92414996296853,0.3157151183536619,179.61050396879827,1739335843422
123.72195043076735,-460.17311628747746,303.3353495651954,179.92411567877343,0.3157092807695583,179.6105037992942,1739335843430
123.72182764470945,-460.17317111489683,303.3354688403484,179.9241358722139,0.3157018945145812,179.61049708900393,1739335843438
123.72192079272303,-460.17311979376046,303.33548583190344,179.92414336014738,0.31572209363256704,179.61050389197558,1739335843446
123.72194816363772,-460.1731682358187,303.3355883069835,179.92415652701837,0.31570809736587563,179.61051757258238,1739335843454
123.72185197922984,-460.173184580632,303.3354828214617,179.92414316577262,0.31571526619510176,179.61050389439868,1739335843462
123.72190538003946,-460.1732080633014,303.3354661171029,179.92413636988542,0.31571545074459184,179.61051068834988,1739335843470
123.72190827677058,-460.1731314751681,303.33534966092935,179.92411598437843,0.3157160933332864,179.61051059795042,1739335843478
123.72190773890243,-460.1731389039777,303.3355232797928,179.9241431675814,0.31571532643189515,179.61051072548884,1739335843486
123.72193565764265,-460.1731788450213,303.3353603443867,179.92412231659097,0.31570223590719726,179.61051740559665,1739335843494
123.72194933109607,-460.1731361672571,303.33553697370684,179.9241496567094,0.31570828744397367,179.61050393366816,1739335843502
123.72192079272303,-460.17311979376046,303.33548583190344,179.92414339760995,0.3157221026333843,179.6105106905432,1739335843510
123.72197303602758,-460.1731742727667,303.335428669216,179.92413659991402,0.31572222694607627,179.6105174518738,1739335843518
123.72190541393428,-460.1732019688944,303.3355341547345,179.92414988623628,0.3157150401167916,179.6104971375136,1739335843526
123.72194933109607,-460.1731361672571,303.33553697370684,179.92414973163127,0.3157083054441096,179.6105175308034,1739335843534
123.72186674241262,-460.1731230953113,303.3355638338558,179.92414340007312,0.31572218122419987,179.6105039596329,1739335843542
123.72192968066685,-460.1732276234327,303.3354120605895,179.92412999724624,0.3157291970486922,179.61050385030882,1739335843550
123.72192191633415,-460.17309489181565,303.3354582526117,179.92412973321916,0.3157225374930304,179.61049707972708,1739335843558
123.72190946817045,-460.1730943844353,303.3354581568762,179.92412950253788,0.31571574293745935,179.61049707973413,1739335843566
123.72184241784899,-460.173108557359,303.33545806114216,179.9241292718566,0.31570894838187563,179.6104902812708,1739335843574
123.72190714320215,-460.17315744935524,303.3354690318151,179.92413633357808,0.31571548362570656,179.61050388746182,1739335843586
123.72194983506995,-460.1731348328342,303.3352953172186,179.92410888223188,0.3157094469633926,179.61050375983552,1739335843594
123.72189353753272,-460.173187938319,303.33542847774646,179.9241361385482,0.31570863783503106,179.61051065341587,1739335843602
123.72196407032659,-460.1730797041232,303.3354581568762,179.92412957746154,0.3157157609423779,179.61051747533972,1739335843610
123.7218228112587,-460.17319284687375,303.33530939406575,179.92411640647197,0.31572961320351145,179.61049016980502,1739335843618
123.72185313673934,-460.17315358428306,303.3355232797928,179.9241431675814,0.3157153264318951,179.61050392701847,1739335843626
123.72190658139664,-460.1731699003269,303.3354828214617,179.92414312831087,0.31571525719425686,179.61050389430142,1739335843634
123.72185314669622,-460.1731525120584,303.33543148819257,179.92413633292372,0.3157154652716753,179.61049705405122,1739335843642
123.72194929720202,-460.1731422616645,303.33546893608104,179.924136065435,0.31570868006846736,179.61050388737078,1739335843650
123.72196288888891,-460.1731157225977,303.3352578693372,179.92410914972064,0.3157162321698135,179.61051052345346,1739335843658
123.72197418357324,-460.17314434863795,303.33556091915545,179.92414332399355,0.3157221213397952,179.61050396175878,1739335843666
123.72194873539793,-460.17315471263623,303.3354827257276,179.92414293508975,0.3157084716395727,179.61051749134484,1739335843674
123.72189413323288,-460.17316939294653,303.3354827257276,179.9241428976288,0.31570846263870056,179.61050389430685,1739335843682
123.72189472893324,-460.1731508475674,303.33553697370684,179.9241496567094,0.3157082874439738,179.6104971351978,1739335843690
123.72194812974341,-460.17317433023385,303.33552026935234,179.92414289828312,0.3157084809927286,179.61051072771747,1739335843698
123.72196118356175,-460.17315522001513,303.3354828214617,179.92414316577265,0.3157152661951017,179.6105174913394,1739335843706
123.72190772894632,-460.17313997618254,303.33561507139774,179.92414992731557,0.3157151695904086,179.61050400132083,1739335843714
123.72190538003946,-460.1732080633014,303.3354661171029,179.92413633242367,0.31571544174294075,179.61050388978222,1739335843722
123.72188228076945,-460.173150340187,303.3355368779743,179.92414938856797,0.3157014838882754,179.61049033663485,1739335843730
123.72197246426697,-460.17318779596167,303.33553425046995,179.9241501543801,0.31572184367237816,179.610510734547,1739335843738
123.72190718705366,-460.17315028272463,303.3354452778391,179.92414312765646,0.3157152388402267,179.6105038593612,1739335843746
123.72190945821393,-460.1730954566523,303.33554994847367,179.92413637465742,0.31571561310093943,179.61051075126903,1739335843754
123.72180985912108,-460.17319367390337,303.3355509548259,179.92415691280482,0.31572165012448444,179.61048354508816,1739335843762
123.72189409933831,-460.1731754873457,303.3354146881013,179.92412926889344,0.315708846262312,179.6104970494418,1739335843770
123.72183949717095,-460.1731901676495,303.3354146881013,179.92412930635444,0.31570885526480125,179.61049704953905,1739335843782
123.7219189617716,-460.17318259649466,303.33534684194666,179.92411613898162,0.31572282799794654,179.61049700312697,1739335843790
123.72190717709697,-460.17315135494766,303.3355370694409,179.92414996231417,0.3157150999996385,179.6105107323284,1739335843798
123.72190654750204,-460.1731759947261,303.33541478383535,179.92412953703652,0.31571564982035755,179.61050384800237,1739335843806
123.7218952907387,-460.1731383965974,303.3355231840588,179.92414289943753,0.3157085228754943,179.61050392692664,1739335843814
123.72193030030567,-460.1732040558586,303.33562613781953,179.92415729464815,0.31572851738480984,179.61052440617615,1739335843822
123.72191009776559,-460.17306974464645,303.33558044246246,179.92414989035387,0.3157151841191145,179.61049716549255,1739335843830
123.72185255099411,-460.17317105742484,303.3353772402151,179.92412949892037,0.3157156224638601,179.61049021602417,1739335843838
123.72185140746643,-460.1731981038143,303.3355884027176,179.92415675770127,0.3157148919214047,179.61050397563784,1739335843846
123.72190715315922,-460.1731563771195,303.3353772402151,179.92412953638214,0.3157156314663221,179.61050381306217,1739335843854
123.72197415963585,-460.17314937081846,303.33540108992736,179.92412297298583,0.31572267080734817,179.6105106396253,1739335843862
123.72190652356575,-460.17318101685504,303.33525495461276,179.92410911110434,0.3157161812821678,179.6104969287359,1739335843870
123.7219082668134,-460.1731325474071,303.33544145252637,179.92412266918882,0.3157159184820621,179.61049027664725,1739335843878
123.72190714320215,-460.17315744935524,303.3354690318151,179.92413637103988,0.31571549262735754,179.61051068602944,1739335843886
123.72189293187573,-460.17320755592107,303.33546602136886,179.92413613920252,0.31570865618906285,179.6105106883561,1739335843894
123.72190831066477,-460.1731253807798,303.3354176985474,179.92412953819093,0.315715691703124,179.61050384568193,1739335843902
123.72196058786382,-460.1731737653878,303.3354285734805,179.9241363692311,0.3157154323905599,179.61051745188,1739335843910
123.72195046466082,-460.1731101930889,303.3354176028134,179.92412938243083,0.3157089151525327,179.6105242412946,1739335843918
123.72192018706615,-460.173139411358,303.33552337552834,179.9241432858766,0.31572209398494666,179.61049032978056,1739335843926
123.72189582860685,-460.1731309677877,303.3353495651954,179.9241157162345,0.31570928977366014,179.61050379939147,1739335843934
123.72196113971125,-460.1731623866411,303.33550657543987,179.92413629677063,0.3157154929780782,179.6105039223048,1739335843942
123.72194929720202,-460.1731422616645,303.33546893608104,179.92413617781793,0.3157087070735025,179.6105242830737,1739335843950
123.72185197922984,-460.173184580632,303.3354828214617,179.92414312831087,0.31571525719425686,179.61049709583105,1739335843958
123.72196175532275,-460.1731416968078,303.3353772402151,179.92412949892037,0.3157156224638601,179.61050381296488,1739335843966
123.72190654750204,-460.1731759947261,303.33541478383535,179.92412946211292,0.3157156318154292,179.61049025086712,1739335843978
123.72190770500774,-460.17314499838204,303.33545524217,179.92412950138348,0.3157157010546928,179.61049708205454,1739335843986
123.7218383636,-460.17321614181765,303.3355340590004,179.9241496930159,0.3157082545612782,179.61049713761548,1739335843994
123.72190834455932,-460.1731192863801,303.3354857361679,179.92414309200353,0.3157152900761742,179.61049709341336,1739335844002
123.72196230716992,-460.17313031807004,303.33545524217,179.9241295388453,0.31571571005715443,179.61051067909256,1739335844010
123.72186502309604,-460.1731665426348,303.33553716517645,179.92415011807202,0.31572187655512834,179.61049033671821,1739335844018
123.72195943036203,-460.1732047617272,303.335388115142,179.9241363674223,0.31571537215375955,179.61051741926025,1739335844026
123.72193031026171,-460.173202983655,303.33553434620694,179.92415038506223,0.31572863822793434,179.61050393607206,1739335844034
123.72192136448567,-460.1731062705537,303.335380250663,179.92412976821865,0.3157224679046315,179.6105038107347,1739335844042
123.72195103642238,-460.17309666986625,303.3353120215776,179.92411571558014,0.3157092714196205,179.61051056292163,1739335844050
123.72190657144023,-460.17317097254085,303.335574613068,179.92414996296853,0.315715118353662,179.61051076726864,1739335844058
123.72196177925987,-460.17313667463594,303.3355370694409,179.92414992485246,0.31571509099960016,179.61051073223118,1739335844066
123.72190534614505,-460.1732141576972,303.3353980794734,179.9241227036875,0.3157158253657711,179.61049704491552,1739335844074
123.72194985900612,-460.1731298106912,303.33545514643595,179.9241292707022,0.3157089064991091,179.61050388053195,1739335844082
123.72190714320215,-460.17315744935524,303.3354690318151,179.92413633357808,0.31571548362570656,179.61050388746182,1739335844090
123.72192132063414,-460.17311343718535,303.3354040046394,179.92412297414023,0.31572271269011487,179.61050383883446,1739335844098
123.72196118356175,-460.17315522001513,303.3354828214617,179.9241432032344,0.315715275195942,179.61052428990703,1739335844106
123.72186441743698,-460.1731861602278,303.3355747088035,179.92415011872635,0.31572189490915203,179.61049037165841,1739335844114
123.72189525684401,-460.17314449100166,303.33545514643595,179.9241292707022,0.31570890649910915,179.61049708206158,1739335844122
123.72196001610321,-460.1731872885828,303.3355341547345,179.92414992369802,0.31571504911683457,179.6105107345516,1739335844130
123.7218952907387,-460.1731383965974,303.3355231840588,179.92414289943753,0.3157085228754943,179.61050392692664,1739335844138
123.72190657144023,-460.17317097254085,303.335574613068,179.92414992550678,0.3157151093536238,179.61050396870104,1739335844146
123.72190770500774,-460.17314499838204,303.33545524217,179.92412961376894,0.3157157280620645,179.6105174777574,1739335844154
123.72191963521736,-460.17315079010496,303.3354453735746,179.92414339580114,0.31572204239658774,179.6105106579234,1739335844166
123.72190773890243,-460.1731389039777,303.3355232797928,179.92414313011966,0.3157153174310506,179.6105039269212,1739335844174
123.72200565255822,-460.1730780396163,303.33556364238615,179.92414297616827,0.31570860111402194,179.61053115362242,1739335844182
123.72190541393428,-460.1732019688944,303.3355341547345,179.92414992369802,0.3157150491168345,179.61050393608122,1739335844190
123.72185369854635,-460.1731411333116,303.3355094901462,179.92413637284866,0.31571555286415004,179.61050392017887,1739335844198
123.72196291282462,-460.1731107004679,303.3354176985474,179.9241295007291,0.31571568270066225,179.61050384558467,1739335844206
123.72190714320215,-460.17315744935524,303.3354690318151,179.92413633357808,0.31571548362570656,179.61050388746182,1739335844214
123.72201750502606,-460.17309709237594,303.3355094901462,179.92413637284866,0.31571555286415004,179.61052431558997,1739335844222
123.72191726639765,-460.1732210216534,303.335480002485,179.924143320376,0.3157220008662128,179.6104970980488,1739335844230
123.72190597573976,-460.17318951792436,303.3355203650864,179.9241431289652,0.3157152755482848,179.61050392924164,1739335844238
123.72195102646498,-460.17309774211407,303.3354038131698,179.92412243785398,0.31570910557241977,179.61049704018527,1739335844246
123.72195045470413,-460.17311126531547,303.33550939441216,179.92413617962674,0.31570876731029485,179.61052431569348,1739335844255
123.72190832062222,-460.17312430853366,303.33532590695376,179.9241227035332,0.3157158305404614,179.61049697271463,1739335844263
123.72197478922764,-460.17312473104477,303.33552337552834,179.92414336080174,0.31572211198659433,179.61051072538618,1739335844270
123.72192016312859,-460.1731444335249,303.33536354630695,179.92412297233145,0.31572265245331377,179.61050380621467,1739335844282
123.72195942040508,-460.1732058339617,303.33547990674947,179.92414316461821,0.3157152243123362,179.61051749365984,1739335844290
123.72187623600257,-460.173211307397,303.33545251893037,179.92412996159163,0.31572924828308147,179.6104902858906,1739335844298
123.72191782820317,-460.1732085706817,303.3354662128384,179.92413660056835,0.315722245300108,179.61051068834365,1739335844306
123.72196118356175,-460.17315522001513,303.3354828214617,179.9241430908491,0.31571524819340774,179.61050389420416,1739335844314
123.72190947812761,-460.1730933121985,303.3353663652838,179.92412270534194,0.3157158907772677,179.61049700533442,1739335844322
123.72191901960394,-460.17317147992117,303.3355747088035,179.92415019365143,0.31572191290917817,179.61051076726406,1739335844330
123.72185254103684,-460.17317212966043,303.3354690318151,179.92413633357808,0.31571548362570656,179.61049708899145,1739335844338
123.72191902956034,-460.17317040770723,303.3354829171972,179.92414343391812,0.31572206975143086,179.61051749143127,1739335844346
123.72185073401612,-460.1732299102308,303.3354898710826,179.9241294259598,0.3157156595210173,179.61047672370958,1739335844354
123.72191782820317,-460.1732085706817,303.3354662128384,179.92413660056835,0.315722245300108,179.61051068834365,1739335844362
123.72192132063414,-460.17311343718535,303.3354040046394,179.92412293667758,0.31572270368687416,179.6104970402668,1739335844370
123.72189405548693,-460.1731826539729,303.3354384420801,179.92412247481494,0.31570909104698475,179.6104970775432,1739335844378
123.72189645820112,-460.17310632802815,303.33547185078726,179.92413606658943,0.315708721951234,179.61049708657998,1739335844386
123.72197651849037,-460.1730802115021,303.3354582526117,179.92412980814441,0.31572255549789424,179.61051747533273,1739335844394
123.72191902956034,-460.17317040770723,303.3354829171972,179.92414335899298,0.31572205174980045,179.610503894296,1739335844402
123.72191845779852,-460.17318393088954,303.3355884984531,179.9241569883842,0.3157216864769208,179.61051077410443,1739335844410
123.72182940787819,-460.17312050095035,303.33547175505464,179.92413591082845,0.3157019453990534,179.61050388525115,1739335844418
123.72190894025965,-460.17310074100067,303.33553998414106,179.92414985108334,0.31571511488227705,179.6104903343051,1739335844426
123.72190950206513,-460.17308829003065,303.335526194493,179.92414316873584,0.3157153683146616,179.61051072316843,1739335844434
123.7219736317255,-460.173155727394,303.3354829171972,179.92414339645555,0.3157220607506179,179.61051749133404,1739335844442
123.72190653754528,-460.1731770669528,303.33550657543987,179.92413637169423,0.31571551098138456,179.61051072096967,1739335844450
123.7219730599653,-460.1731692505764,303.3355884984531,179.92415695092168,0.31572167747771623,179.61051077400717,1739335844458
123.72184182214673,-460.17312710272864,303.3354038131698,179.92412255023706,0.3157091325823058,179.61050383894738,1739335844470
123.72196287893115,-460.17311679485636,303.33534966092935,179.9241159469166,0.31571608432921644,179.61051059785316,1739335844478
123.72197478922764,-460.17312473104477,303.33552337552834,179.9241433233392,0.31572210298577263,179.61050392681855,1739335844486
123.72190831066477,-460.1731253807798,303.3354176985474,179.92412953819093,0.315715691703124,179.61050384568193,1739335844494
123.72191959136586,-460.17315795673557,303.3354691275506,179.92413660172278,0.3157222871828738,179.61051068602325,1739335844502
123.72189107693296,-460.1731365610448,303.3355778149794,179.92415061870753,0.31573553490304596,179.6104971678965,1739335844510
123.7219077488592,-460.17313783175314,303.33543148819257,179.92413633292372,0.31571546527167527,179.6105038525216,1739335844518
123.72190481823395,-460.173220514273,303.33547990674947,179.9241430896947,0.31571520631064187,179.61049709805422,1739335844526
123.72190654750204,-460.1731759947261,303.33541478383535,179.92412953703652,0.31571564982035755,179.61050384800237,1739335844534
123.72184965425429,-460.17324764554786,303.3354936963976,179.9241499218892,0.31571498888004174,179.61049710499105,1739335844542
123.72190771496489,-460.1731439261446,303.33536345057144,179.92412277911117,0.31571586690103387,179.6105106047901,1739335844550
123.72189356147108,-460.1731829161289,303.3355883069835,179.92415648955748,0.3157080883666163,179.6105039755444,1739335844558
123.72189407540202,-460.1731805094747,303.3352548588788,179.92410899280625,0.3157094137412961,179.61051732444824,1739335844566
123.7219077488592,-460.17313783175314,303.33543148819257,179.92413629546192,0.31571545627001985,179.61049705395394,1739335844574
123.72183949717095,-460.1731901676495,303.3354146881013,179.92412930635444,0.31570885526480125,179.61049704953905,1739335844582
123.72188165117454,-460.1731749799653,303.3354145923688,179.92412907567234,0.3157020607092322,179.6105038480165,1739335844590
123.7219195574714,-460.17316405113155,303.33540108992736,179.92412301044848,0.3157226798105845,179.61051063972252,1739335844598
123.7219071671409,-460.1731524271509,303.33562886104727,179.92415672204834,0.31571494315895837,179.6105040081604,1739335844606
123.72190715315922,-460.1731563771195,303.3353772402151,179.92412953638214,0.3157156314663221,179.61050381306217,1739335844614
123.72190598569648,-460.17318844569934,303.3354285734805,179.92413633176932,0.31571542338890873,179.61050385484202,1739335844622
123.72183773400228,-460.17324078159515,303.335411773383,179.92412930519998,0.315708813382036,179.61049705185948,1739335844630
123.7218934936813,-460.1731951049478,303.3354522317238,179.9241293819308,0.3157088916237974,179.6105174800849,1739335844638
123.72197362176925,-460.17315679960797,303.3355747088035,179.924150231114,0.3157219219091847,179.61052436430205,1739335844646
123.72190770500774,-460.17314499838204,303.33545524217,179.9241295388453,0.31571571005715443,179.61050388062216,1739335844658
123.72190714320215,-460.17315744935524,303.3354690318151,179.92413633357808,0.31571548362570656,179.61050388746182,1739335844666
123.72194873539793,-460.17315471263623,303.3354827257276,179.9241428976288,0.3157084626387006,179.61051069277724,1739335844674
123.72189586250104,-460.1731248733995,303.3354176028134,179.9241292700478,0.3157088881450786,179.61049704712138,1739335844682
123.72190657144023,-460.17317097254085,303.335574613068,179.92414992550678,0.3157151093536238,179.61050396870104,1739335844690
123.72186614671,-460.1731416406934,303.3355095858817,179.92413660353157,0.3157223474196663,179.61050392017268,1739335844698
123.7219753510317,-460.1731122800731,303.3355095858817,179.92413660353157,0.3157223474196663,179.61051751711338,1739335844706
123.72184062078523,-460.17316526569823,303.33538710881555,179.92411571688885,0.31570930812769543,179.61049703586133,1739335844714
123.7218519114397,-460.1731967694194,303.3353467462112,179.92411598322403,0.3157160514505204,179.61050380180052,1739335844722
123.72185370850329,-460.1731400610852,303.3354176985474,179.9241295007291,0.3157156827006623,179.61049024864397,1739335844730
123.72190717709697,-460.17315135494766,303.3355370694409,179.92414992485246,0.31571509099960016,179.61050393376078,1739335844738
123.72195049855459,-460.1731040986893,303.3354856404339,179.92414282386127,0.3157084865197096,179.61049709332156,1739335844746
123.72197479918427,-460.17312365882003,303.33543158392814,179.9241365636058,0.31572225982721885,179.61051065098573,1739335844754
123.72190541393428,-460.1732019688944,303.3355341547345,179.92414992369802,0.3157150491168345,179.61050393608122,1739335844762
123.72190542389096,-460.1732008966709,303.3354423631271,179.9241431265021,0.31571519695745986,179.61050386168162,1739335844770
123.72185370850329,-460.1731400610852,303.3354176985474,179.9241295007291,0.3157156827006623,179.61049024864397,1739335844778
123.72197247422352,-460.17318672373824,303.3354424588626,179.92414335718416,0.31572199151300356,179.6105106601466,1739335844786
123.72190542389096,-460.1732008966709,303.3354423631271,179.92414316396386,0.31571520595830493,179.61051066024925,1739335844794
123.7218952907387,-460.1731383965974,303.3355231840588,179.92414282451563,0.3157085048737371,179.6104903297914,1739335844802
123.72197303602758,-460.1731742727667,303.335428669216,179.92413656245142,0.3157222179444525,179.61051065330616,1739335844810
123.72190834455932,-460.1731192863801,303.3354857361679,179.92414312946528,0.31571529907702334,179.61050389198098,1739335844818
123.72185430420558,-460.17312151571394,303.33547194652135,179.92413637219428,0.3157155345101239,179.61050388523864,1739335844826
123.72190537008305,-460.17320913551765,303.33555790871355,179.9241430921578,0.3157152849014582,179.61049716561425,1739335844834
123.7219736317255,-460.173155727394,303.3354829171972,179.92414335899298,0.31572205174980045,179.61051069276638,1739335844846
123.7219207149771,-460.17313305478746,303.335441548262,179.92412297479459,0.315722731044146,179.6105038737747,1739335844854
123.72185367460841,-460.1731461554736,303.33534966092935,179.9241159094547,0.315716075325142,179.6104902023448,1739335844862
123.72185366465104,-460.1731472277125,303.33544145252637,179.92412270665068,0.31571592748533445,179.6104902767445,1739335844870
123.72190709935087,-460.17316461597954,303.33549278579477,179.92412961442326,0.3157157464160922,179.61051751269764,1739335844878
123.72191902956034,-460.17317040770723,303.3354829171972,179.92414335899298,0.31572205174980045,179.610503894296,1739335844886
123.72182704900722,-460.1731896602677,303.3354145923688,179.92412907567234,0.3157020607092322,179.61049704954613,1739335844894
123.7217985345743,-460.17316826458205,303.3355232797928,179.9241431675814,0.3157153264318952,179.61049712854808,1739335844902
123.72194872544168,-460.1731557848502,303.3355745173339,179.92414969482465,0.31570831479806744,179.61051076717604,1739335844910
123.72190768107097,-460.17315002052493,303.33529541295263,179.92410915037502,0.31571625052385727,179.6105037599233,1739335844918
123.72196118356175,-460.17315522001513,303.3354828214617,179.9241430908491,0.31571524819340774,179.61050389420416,1739335844926
123.72197532709492,-460.17311730223526,303.33534975666487,179.92411617759865,0.3157228788847601,179.61051059784455,1739335844934
123.72190830070798,-460.17312645300615,303.3355094901462,179.92413629792506,0.3157155348608441,179.610497121514,1739335844942
123.72184356137882,-460.17308151090754,303.33524689868227,179.9241021254602,0.31570970592846753,179.6104969173628,1739335844950
123.72191846775486,-460.1731828586771,303.3354967068452,179.9241500788007,0.31572180731831534,179.61049030400113,1739335844958
123.72190714320215,-460.17315744935524,303.3354690318151,179.92413629611627,0.31571547462405103,179.61049708889416,1739335844966
123.72192191633415,-460.17309489181565,303.3354582526117,179.92412973321916,0.3157225374930304,179.61049707972708,1739335844974
123.72184068857565,-460.17315307690126,303.3355231840588,179.92414289943753,0.3157085228754943,179.61049712845627,1739335844982
123.72195222781757,-460.1730595791421,303.3354205175198,179.92412938358527,0.31570895703529794,179.6105242389742,1739335844990
123.72183949717095,-460.1731901676495,303.3354146881013,179.92412930635444,0.31570885526480125,179.61049704953905,1739335844998
123.72196178921645,-460.1731356024128,303.3354452778391,179.92414316511824,0.3157152478410716,179.6105174563992,1739335845006
123.72191726639765,-460.1732210216534,303.335480002485,179.92414339530112,0.3157220188678522,179.61051069518408,1739335845014
123.72190835451636,-460.1731182141466,303.3353939445725,179.92413629480757,0.3157154379159844,179.61049701901374,1739335845022
123.72191842390347,-460.17319002530473,303.3355204608219,179.9241433596473,0.31572207010382847,179.61050392923622,1739335845030
123.72189409933831,-460.1731754873457,303.3354146881013,179.92412930635444,0.31570885526480125,179.61050384800942,1739335845042
123.72190771496489,-460.1731439261446,303.33536345057144,179.92412274164934,0.3157158578977702,179.6105038062225,1739335845050
123.72186442739348,-460.17318508801384,303.3354829171972,179.9241433215304,0.31572204274897875,179.610490297258,1739335845058
123.7218496442978,-460.17324871776077,303.3355854880112,179.92415668162346,0.31571483204016987,179.610490380823,1739335845066
123.72189293187573,-460.17320755592107,303.33546602136886,179.92413613920252,0.31570865618906285,179.6105106883561,1739335845074
123.72189408938154,-460.17317655957254,303.33550647970577,179.92413610355032,0.31570870742417734,179.61050392240827,1739335845082
123.72196118356175,-460.17315522001513,303.3354828214617,179.92414316577265,0.3157152661951017,179.6105174913394,1739335845090
123.72190654750204,-460.1731759947261,303.33541478383535,179.92412961196013,0.3157156678252679,179.61051744513762,1739335845098
123.72190771496489,-460.1731439261446,303.33536345057144,179.9241227041875,0.31571584889450194,179.61049700765486,1739335845106
123.7219617453658,-460.1731427690434,303.3354690318151,179.92413633357808,0.31571548362570656,179.61051068593216,1739335845114
123.72185369854635,-460.1731411333116,303.3355094901462,179.92413633538686,0.31571554386249934,179.61049712161125,1739335845122
123.72190657144023,-460.17317097254085,303.335574613068,179.92414992550678,0.3157151093536238,179.61050396870104,1739335845130
123.72192309375441,-460.1730617509913,303.3353151277594,179.92411614063604,0.31572289340943965,179.6104969635459,1739335845138
123.72188222293771,-460.1731614567423,303.33530901112675,179.9241154837436,0.3157024349812863,179.61050376678037,1739335845146
123.72196170151537,-460.17314993566777,303.33549278579477,179.92412953949963,0.3157157284111824,179.61051071403278,1739335845154
123.72189416712781,-460.1731632985357,303.33555076335625,179.9241565638249,0.31570808801110806,179.6105175377394,1739335845162
123.72190831066477,-460.1731253807798,303.3354176985474,179.92412957565273,0.3157157007055813,179.6105106442496,1739335845170
123.72189352757601,-460.17318901054404,303.33552026935234,179.92414286082214,0.3157084719918521,179.61049713067945,1739335845178
123.72195166601344,-460.17307203011546,303.335434307165,179.92413614085703,0.31570872160056296,179.61051744724537,1739335845186
123.7218490146996,-460.1732733575522,303.3354632023846,179.92413629380746,0.31571539085851924,179.6104902950647,1739335845194
123.72185140746643,-460.1731981038143,303.3355884027176,179.924156795163,0.3157149009206322,179.6105107742055,1739335845202
123.72190541393428,-460.1732019688944,303.3355341547345,179.92414992369802,0.3157150491168345,179.61050393608122,1739335845210
123.72190659135366,-460.1731688280926,303.3353910298602,179.92413636857668,0.3157154140365255,179.61051061846942,1739335845218
123.72186559485985,-460.17315301944024,303.33543158392814,179.9241365636058,0.31572225982721885,179.610497054045,1739335845226
123.72190537008305,-460.17320913551765,303.33555790871355,179.9241430921578,0.3157152849014582,179.61049716561425,1739335845234
123.72178491894088,-460.1731998257616,303.3355745173339,179.92414965736373,0.31570830579799747,179.61048357319729,1739335845246
123.72196054401324,-460.17318093201663,303.33545232745786,179.92412953769087,0.3157156681743886,179.610510681413,1739335845254
123.72190714320215,-460.17315744935524,303.3354690318151,179.9241362586545,0.3157154656223911,179.61049029032657,1739335845262
123.72185313673934,-460.17315358428306,303.3355232797928,179.92414313011966,0.3157153174310506,179.61049712845085,1739335845270
123.72190887247044,-460.17311292980503,303.33540390890386,179.92412274345813,0.3157159181345713,179.6105038388423,1739335845279
123.72196054401324,-460.17318093201663,303.33545232745786,179.92412950022907,0.3157156591719268,179.61050388284534,1739335845287
123.72189702000672,-460.1730938770549,303.33545806114216,179.92412938423965,0.31570897538932907,179.61051747544403,1739335845295
123.72192847930988,-460.1732657864035,303.33539535622157,179.92412316389564,0.31572937259416045,179.61049704722032,1739335845303
123.72188516754318,-460.1730748242984,303.33551221337973,179.9241358377169,0.3157019876324308,179.6104971192061,1739335845311
123.72185430420558,-460.17312151571394,303.33547194652135,179.92413633473248,0.315715525508473,179.61049708667102,1739335845319
123.72194696228505,-460.17320639879716,303.33557160262757,179.92414965620932,0.31570826391523105,179.61050397092882,1739335845327
123.72200389936374,-460.17312758134784,303.33546893608104,179.924136065435,0.3157086800684674,179.61051068584115,1739335845334
123.72186090105626,-460.1732863159056,303.33547708776666,179.9241433566841,0.3157219679842692,179.6104971004665,1739335845342
123.7219071093077,-460.17316354375123,303.33540099419184,179.92412277976555,0.3157158852550683,179.61051063973034,1739335845350
123.72185484207535,-460.17311408688454,303.33529832767096,179.92410915152942,0.31571629240662225,179.6104969591325,1739335845358
123.72196001610321,-460.1731872885828,303.3355341547345,179.92414988623628,0.31571504011679163,179.61050393598396,1739335845366
123.72189353753272,-460.173187938319,303.33542847774646,179.92413617600917,0.31570864683670524,179.6105174519835,1739335845374
123.72185194533462,-460.1731906750314,303.33541478383535,179.92412949957472,0.3157156408178956,179.6104902509644,1739335845382
123.72194872544168,-460.1731557848502,303.3355745173339,179.92414965736373,0.3157083057979974,179.61050396860838,1739335845390
123.72196347462878,-460.1730982494929,303.33540390890386,179.9241227059963,0.31571590913130326,179.61050383874502,1739335845398
123.72192017711004,-460.17314048356286,303.33561516713326,179.92415015799767,0.31572196414595227,179.61050400131623,1739335845406
123.72190598569648,-460.17318844569934,303.3354285734805,179.92413633176932,0.31571542338890873,179.61050385484202,1739335845414
123.72184242780628,-460.173107485122,303.33536626954975,179.9241225121217,0.31570910522497947,179.61049700543956,1739335845422
123.72190711926521,-460.1731624715031,303.33530920259335,179.9241159451078,0.3157160240924116,179.610503766763,1739335845434
123.72186502309604,-460.1731665426348,303.33553716517645,179.9241501929971,0.31572189455515476,179.61050393385347,1739335845442
123.72190653754528,-460.1731770669528,303.33550657543987,179.92413633423243,0.3157155019797336,179.61050392240202,1739335845450
123.72189350363848,-460.17319403271034,303.3353604401192,179.9241225472739,0.31570903046273896,179.6105106071184,1739335845458
123.72182651113904,-460.17319708905075,303.3355882112509,179.92415629633547,0.315701302810334,179.6105039756455,1739335845466
123.72185253108027,-460.1731732018762,303.33556082341994,179.92414316823576,0.3157153447859177,179.61050396195873,1739335845474
123.72189232621889,-460.1732271735188,303.33550356499364,179.92413610239595,0.3157086655414109,179.6105039247287,1739335845482
123.72185194533462,-460.1731906750314,303.33541478383535,179.92412961196013,0.31571566782526794,179.61051064666728,1739335845490
123.72196467598137,-460.17306008652105,303.33542061325386,179.92412953934533,0.31571573358588956,179.6105106418319,1739335845498
123.72190714320215,-460.17315744935524,303.3354690318151,179.9241362586545,0.3157154656223911,179.61049029032657,1739335845506
123.72190594184504,-460.1731956123282,303.33545232745786,179.92412953769087,0.31571566817438856,179.6105038829426,1739335845514
123.72190895021639,-460.173099668778,303.3354481925455,179.92414312881093,0.3157152807229924,179.61050385704075,1739335845522
123.72190657144023,-460.17317097254085,303.335574613068,179.92414992550678,0.3157151093536238,179.61050396870104,1739335845530
123.72197359783169,-460.17316182179337,303.33541487957086,179.924129730256,0.31572243537346667,179.6105038478981,1739335845538
123.72189585254424,-460.1731259456258,303.33550939441216,179.9241361047048,0.31570874930694304,179.61050392008784,1739335845546
123.72185369854635,-460.1731411333116,303.3355094901462,179.92413626046329,0.31571552585918433,179.610483524476,1739335845554
123.72185077786823,-460.17322274360646,303.3354661171029,179.92413636988542,0.3157154507445918,179.6105038898795,1739335845562
123.72191003993332,-460.173080861222,303.33535257564165,179.924115948071,0.31571612621198214,179.61050379706236,1739335845570
123.72191899566576,-460.17317650210646,303.33541487957086,179.92412976771863,0.3157224443759012,179.61050384799537,1739335845578
123.72192132063414,-460.17311343718535,303.3354040046394,179.92412297414023,0.31572271269011487,179.61050383883446,1739335845586
123.72196054401324,-460.17318093201663,303.33545232745786,179.9241296126145,0.31571568617929885,179.61052427854824,1739335845594
123.72190538003946,-460.1732080633014,303.3354661171029,179.92413633242367,0.31571544174294075,179.61050388978222,1739335845602
123.72185138352756,-460.1732031260045,303.3354285734805,179.92413633176932,0.31571542338890873,179.61049705637166,1739335845610
123.72189408938154,-460.17317655957254,303.33550647970577,179.92413610355032,0.31570870742417734,179.61050392240827,1739335845622
123.72195045470413,-460.17311126531547,303.33550939441216,179.9241361047048,0.31570874930694304,179.61051071855823,1739335845630
123.72185257493238,-460.17316603525296,303.3355370694409,179.92414999977592,0.3157151089996723,179.6105107324257,1739335845638
123.72196234106387,-460.1731242236659,303.3355232797928,179.92414313011966,0.3157153174310506,179.61051072539158,1739335845646
123.72192016312859,-460.1731444335249,303.33536354630695,179.92412300979407,0.31572266145655015,179.6105106047823,1739335845654
123.72191782820317,-460.1732085706817,303.3354662128384,179.92413656310575,0.31572223629848434,179.61050388977603,1739335845662
123.72196178921645,-460.1731356024128,303.3354452778391,179.92414312765646,0.31571523884022673,179.61051065783155,1739335845670
123.7219629467184,-460.17310460606814,303.3354857361679,179.92414312946528,0.31571529907702334,179.61051069045135,1739335845678
123.72185429424897,-460.1731225879295,303.33556373812024,179.92414313192845,0.3157153776678394,179.61049716107064,1739335845686
123.72196230716992,-460.17313031807004,303.33545524217,179.9241295388453,0.31571571005715443,179.61051067909256,1739335845694
123.72185197922984,-460.173184580632,303.3354828214617,179.92414316577262,0.31571526619510176,179.61050389439868,1739335845702
123.72190831066477,-460.1731253807798,303.3354176985474,179.92412957565273,0.3157157007055813,179.6105106442496,1739335845710
123.72190657144023,-460.17317097254085,303.335574613068,179.92414992550678,0.3157151093536238,179.61050396870104,1739335845718
123.72189761570695,-460.1730753316788,303.3355123091124,179.92413614332017,0.31570880019138775,179.61051071633503,1739335845726
123.72186502309604,-460.1731665426348,303.33553716517645,179.92415015553453,0.31572188555514374,179.61049713528584,1739335845734
123.72190542389096,-460.1732008966709,303.3354423631271,179.92414308904034,0.3157151879566105,179.610497063114,1739335845742
123.72189586250104,-460.1731248733995,303.3354176028134,179.92412934496983,0.3157089061500523,179.61051064425664,1739335845750
123.72190600963481,-460.1731834235092,303.3355884027176,179.92415672023958,0.3157148829221727,179.61050397554058,1739335845758
123.72189585254424,-460.1731259456258,303.33550939441216,179.92413606724378,0.31570874030526047,179.6104971215202,1739335845766
123.72187684166192,-460.17319168979503,303.3354149753079,179.92413007332755,0.31572925693625836,179.6105106466533,1739335845774
123.72190658139664,-460.1731699003269,303.3354828214617,179.92414316577265,0.31571526619510165,179.61051069286904,1739335845782
123.72190717709697,-460.17315135494766,303.3355370694409,179.92414996231417,0.3157150999996385,179.6105107323284,1739335845790
123.72189293187573,-460.17320755592107,303.33546602136886,179.92413610174157,0.3157086471873844,179.61050388978848,1739335845798
123.72193031026171,-460.173202983655,303.33553434620694,179.92415042252557,0.31572864722791805,179.6105107346397,1739335845806
123.72189702996387,-460.1730928048181,303.33536626954975,179.9241225121217,0.3157091052249794,179.6105038039099,1739335845814
123.72186494534834,-460.1731798036667,303.3354928815303,179.9241297701817,0.315722522966726,179.610497117085,1739335845826
123.72196230716992,-460.17313031807004,303.33545524217,179.9241295013835,0.3157157010546928,179.6105038805249,1739335845834
123.72194752408902,-460.1731939478272,303.3355578129796,179.92414286147653,0.3157084903458744,179.61050396409004,1739335845842
123.72185369854635,-460.1731411333116,303.3355094901462,179.92413629792506,0.3157155348608441,179.61049032304362,1739335845850
123.72190713324571,-460.17315852157094,303.33556082341994,179.924143130774,0.31571533578507327,179.61050396186144,1739335845858
123.72190830070798,-460.17312645300615,303.3355094901462,179.92413637284866,0.3157155528641501,179.61051071864924,1739335845866
123.7220163136346,-460.17313418312125,303.33540099419184,179.9241227048419,0.31571586724853634,179.61051063953582,1739335845874
123.7219065136079,-460.1731820891142,303.3353467462112,179.92411598322403,0.3157160514505204,179.61051060027089,1739335845882
123.72190717709697,-460.17315135494766,303.3355370694409,179.92414992485246,0.31571509099960016,179.61050393376078,1739335845890
123.72185254103684,-460.17317212966043,303.3354690318151,179.92413629611627,0.31571547462405114,179.6104902904238,1739335845898
123.721893459787,-460.1732011993403,303.33538419409723,179.92411571573442,0.31570926624493023,179.6105038366521,1739335845906
123.7219207249343,-460.17313198254845,303.33534975666487,179.92411617759865,0.31572287888476014,179.6105037993742,1739335845914
123.7218952907387,-460.1731383965974,303.3355231840588,179.9241429368985,0.3157085318763662,179.61051072549427,1739335845922
123.72191723250313,-460.1732271160524,303.3354119648525,179.92412972910157,0.3157223934907012,179.61049705174815,1739335845930
123.72186618060566,-460.1731355462812,303.3355776235038,179.92415015734332,0.31572194579193336,179.61049716790563,1739335845938
123.72197300213404,-460.17318036715795,303.33536063158874,179.924122971177,0.3157226105705476,179.6105106070055,1739335845946
123.7219741157854,-460.1731565374441,303.33542484390756,179.92411621637004,0.31572292459686885,179.61051746629263,1739335845954
123.72196173540948,-460.1731438412591,303.33556082341994,179.92414320569753,0.3157153537867578,179.61052435746709,1739335845962
123.72186325992733,-460.17321715658125,303.33553425046995,179.92415011691756,0.31572183467236264,179.61049033903862,1739335845970
123.72196349856615,-460.173093227312,303.33556373812024,179.92414313192845,0.3157153776678394,179.6105107580114,1739335845978
123.72190831066477,-460.1731253807798,303.3354176985474,179.9241295007291,0.31571568270066225,179.61049704711434,1739335845986
123.72195998220913,-460.1731933829899,303.3354661171029,179.92413636988542,0.3157154507445919,179.61051748682024,1739335845994
123.72185254103684,-460.17317212966043,303.3354690318151,179.92413629611627,0.31571547462405114,179.6104902904238,1739335846002
123.72190830070798,-460.17312645300615,303.3355094901462,179.92413637284866,0.3157155528641501,179.61051071864924,1739335846014
123.72192132063414,-460.17311343718535,303.3354040046394,179.92412301160286,0.31572272169335097,179.6105106374021,1739335846022
123.72191906345526,-460.17316431329635,303.3355509548259,179.92415691280482,0.3157216501244844,179.61049714202892,1739335846030
123.72190598569648,-460.17318844569934,303.3354285734805,179.9241363692311,0.31571543239055994,179.61051065340965,1739335846038
123.7219308820239,-460.17318946046004,303.335428764953,179.92413679313353,0.31572901250000873,179.61050385482963,1739335846046
123.72189470499549,-460.1731558697391,303.3353771444811,179.92412926823908,0.31570882790827637,179.6104970145016,1739335846054
123.72190834455932,-460.1731192863801,303.3354857361679,179.92414316692702,0.315715308077868,179.6105106905486,1739335846062
123.72190831066477,-460.1731253807798,303.3354176985474,179.92412953819093,0.315715691703124,179.61050384568193,1739335846070
123.72185083570382,-460.1732116269721,303.33569398398254,179.92417034962995,0.3157145176476876,179.61050405687692,1739335846078
123.72190771496489,-460.1731439261446,303.33536345057144,179.9241227041875,0.31571584889450194,179.61049700765486,1739335846086
123.72190484217289,-460.1732154920647,303.335639735998,179.92416355308842,0.3157146838431654,179.61051081588798,1739335846094
123.72185257493238,-460.17316603525296,303.3355370694409,179.9241498873907,0.3157150819995573,179.61049033672282,1739335846102
123.72198969800603,-460.1731766156812,303.33537413403036,179.92412914878392,0.31570201847745105,179.61053100947268,1739335846110
123.7219201192771,-460.17315160015505,303.33538730028516,179.92411621571569,0.31572290624283783,179.610510632882,1739335846118
123.72190713324571,-460.17315852157094,303.33556082341994,179.92414320569753,0.31571535378675775,179.6105175589967,1739335846126
123.72190891632195,-460.17310576317334,303.33538015492746,179.92412957499837,0.31571568235154523,179.61051060930936,1739335846134
123.72191839000875,-460.1731961197085,303.3354524231934,179.92412976837298,0.3157224627299322,179.61050388293557,1739335846142
123.72196407032659,-460.1730797041232,303.3354581568762,179.92412950253788,0.3157157429374593,179.61050387820447,1739335846150
123.72186619056222,-460.1731344740673,303.33548583190344,179.92414336014738,0.31572209363256704,179.61049709350522,1739335846158
123.7218952907387,-460.1731383965974,303.3355231840588,179.9241429368985,0.3157085318763662,179.61051072549427,1739335846166
123.721853732442,-460.1731350388994,303.3355775277683,179.92414988919947,0.3157151422363471,179.6104903693426,1739335846174
123.72194872544168,-460.1731557848502,303.3355745173339,179.92414969482465,0.31570831479806744,179.61051076717604,1739335846182
123.72192015317145,-460.17314550576236,303.3354553379055,179.92412976952738,0.315722504612698,179.61050388061514,1739335846190
123.72183829580938,-460.17322833062036,303.3353979837394,179.9241225104672,0.31570903981348303,179.61049704502062,1739335846198
123.72190659135366,-460.1731688280926,303.3353910298602,179.92413629365316,0.31571539603321847,179.61049702133417,1739335846206
123.72196290286793,-460.17311177269426,303.3355094901462,179.92413633538686,0.31571554386249934,179.61051071855198,1739335846218
123.72194812974341,-460.17317433023385,303.33552026935234,179.92414293574407,0.31570848999360057,179.61051752628507,1739335846226
123.7218542703104,-460.17312761011044,303.33540390890386,179.92412278092,0.3157159271378348,179.61050383893954,1739335846234
123.72187631375019,-460.17319804636554,303.3354968025822,179.92415038440785,0.3157286198739074,179.61049710266147,1739335846242
123.72190714320215,-460.17315744935524,303.3354690318151,179.92413633357808,0.31571548362570656,179.61050388746182,1739335846250
123.72199258476215,-460.17310109978297,303.33534946946276,179.9241154855524,0.3157024952180911,179.6105173963409,1739335846258
123.7218912026079,-460.1732520754603,303.33553114428827,179.92414969186152,0.3157082126785118,179.61050393840628,1739335846266
123.72193492630353,-460.1730829482211,303.3354445587051,179.9241232066311,0.3157295674824688,179.61050387144647,1739335846274
123.72189356147108,-460.1731829161289,303.3355883069835,179.92415652701837,0.3157080973658757,179.61051077411202,1739335846283
123.72185137357063,-460.17320419822954,303.3355203650864,179.9241431289652,0.3157152755482849,179.61049713077128,1739335846291
123.72190718705366,-460.17315028272463,303.3354452778391,179.92414312765646,0.3157152388402267,179.6105038593612,1739335846299
123.72196178921645,-460.1731356024128,303.3354452778391,179.92414305273297,0.31571522083852377,179.6104970606963,1739335846307
123.72191959136586,-460.17315795673557,303.3354691275506,179.92413652679758,0.31572226917962204,179.61049708888797,1739335846315
123.72179854453134,-460.1731671923573,303.33543148819257,179.92413633292372,0.3157154652716753,179.61049025558083,1739335846323
123.7219071093077,-460.17316354375123,303.33540099419184,179.92412274230375,0.3157158762518046,179.6105038411627,1739335846331
123.72194929720202,-460.1731422616645,303.33546893608104,179.92413614035695,0.3157086980718286,179.61051748450603,1739335846339
123.72191899566576,-460.17317650210646,303.33541487957086,179.92412976771863,0.3157224443759012,179.61050384799537,1739335846346
123.72185603347918,-460.173076996164,303.33540682361024,179.9241227820744,0.31571596902060023,179.6105038366191,1739335846354
123.72190653754528,-460.1731770669528,303.33550657543987,179.924136409156,0.315715519983031,179.61051751953727,1739335846362
123.72195103642238,-460.17309666986625,303.3353120215776,179.92411567811908,0.3157092624155188,179.61050376435398,1739335846370
123.72184125038267,-460.17314062592976,303.33550939441216,179.92413614216576,0.31570875830862116,179.6105039201851,1739335846378
123.72190768107097,-460.17315002052493,303.33529541295263,179.92410915037502,0.31571625052385727,179.6105037599233,1739335846386
123.72189526680116,-460.1731434187642,303.3353633548374,179.92412247350623,0.31570905433891827,179.61049700766273,1739335846398
123.72192195022883,-460.17308879741097,303.33552629022853,179.92414336195617,0.3157221538693608,179.61050392459538,1739335846406
123.72190709935087,-460.17316461597954,303.33549278579477,179.92412953949963,0.31571572841118234,179.6105039155624,1739335846414
123.7218520131255,-460.1731784862213,303.33555085909035,179.9241567195852,0.3157148645681499,179.61049714213,1739335846422
123.7219065136079,-460.1731820891142,303.3353467462112,179.92411598322403,0.3157160514505204,179.61051060027089,1739335846430
123.72190661529154,-460.17316380591603,303.33555085909035,179.9241567195852,0.3157148645681499,179.61050394060035,1739335846438
123.72185020610468,-460.1732362667925,303.33557169836166,179.92414992435238,0.3157150674708576,179.61049717255108,1739335846446
123.7219071093077,-460.17316354375123,303.33540099419184,179.9241227048419,0.3157158672485364,179.61049704259509,1739335846454
123.72191956742893,-460.17316297888345,303.3353092983288,179.9241161383272,0.3157228096439079,179.61049696818677,1739335846462
123.72184188993738,-460.17311491392445,303.335539888407,179.92414969532476,0.3157083383268105,179.61049713297464,1739335846470
123.72189293187573,-460.17320755592107,303.33546602136886,179.92413610174157,0.3157086471873844,179.61050388978848,1739335846478
123.72197418357324,-460.17314434863795,303.33556091915545,179.9241433614561,0.31572213034061686,179.6105107603264,1739335846486
123.72190661529154,-460.17316380591603,303.33555085909035,179.92415675704692,0.31571487356738187,179.61051073916798,1739335846494
123.72182400266708,-460.17315575615083,303.3354178900199,179.92412996209168,0.3157292718118169,179.61048345015956,1739335846502
123.72194926330828,-460.1731483560607,303.3354008984578,179.9241224741606,0.3157090726929528,179.61050384107332,1739335846510
123.72186325992733,-460.17321715658125,303.33553425046995,179.92415019184267,0.3157218526723892,179.61050393617387,1739335846518
123.72192131067729,-460.1731145094132,303.33549579623667,179.9241297338735,0.31572255584705755,179.6104971146673,1739335846526
123.72190658139664,-460.1731699003269,303.3354828214617,179.92414312831087,0.31571525719425686,179.61050389430142,1739335846534
123.72189293187573,-460.17320755592107,303.33546602136886,179.9241360642806,0.31570863818570144,179.61049709122085,1739335846542
123.72183893536389,-460.1732026186227,303.33542847774646,179.92413606362626,0.3157086198316695,179.61049025781026,1739335846550
123.72194930715895,-460.1731411894289,303.3353771444811,179.92412930570006,0.31570883691076584,179.61051061153958,1739335846558
123.72186555100754,-460.1731601860692,303.3354553379055,179.92412976952738,0.315722504612698,179.61049708214478,1739335846566
123.72185662918142,-460.173058450794,303.3354610715766,179.92412957861598,0.31571580282514383,179.61050387607858,1739335846574
123.72190653754528,-460.1731770669528,303.33550657543987,179.92413629677063,0.3157154929780782,179.6104971238344,1739335846582
123.72191959136586,-460.17315795673557,303.3354691275506,179.92413660172278,0.3157222871828738,179.61051068602325,1739335846594
123.72192191633415,-460.17309489181565,303.3354582526117,179.92412977068182,0.3157225464954645,179.61050387829474,1739335846602
123.72194809584944,-460.1731804246378,303.3354522317238,179.9241293444698,0.3157088826213171,179.61051747998764,1739335846610
123.72190831066477,-460.1731253807798,303.3354176985474,179.92412957565273,0.3157157007055813,179.6105106442496,1739335846618
123.72185313673934,-460.17315358428306,303.3355232797928,179.9241431675814,0.3157153264318951,179.61050392701847,1739335846626
123.72191841394738,-460.17319109750997,303.335612252433,179.92415015684327,0.3157219222631858,179.61050400363666,1739335846634
123.7219036946231,-460.1732454162113,303.3355074860471,179.92415667916032,0.3157147534493536,179.61049711173334,1739335846642
123.7219225120344,-460.1730763464395,303.335512500582,179.92413656722337,0.3157223803008095,179.61050391775495,1739335846650
123.72190714320215,-460.17315744935524,303.3354690318151,179.92413633357808,0.31571548362570656,179.61050388746182,1739335846658
123.72194986896312,-460.173128738454,303.3353633548374,179.92412251096727,0.3157090633422139,179.61051060470072,1739335846666
123.72194985900612,-460.1731298106912,303.33545514643595,179.9241293081632,0.3157089155015981,179.6105106790996,1739335846674
123.72186555100754,-460.1731601860692,303.3354553379055,179.92412980699,0.3157225136151279,179.6105038807124,1739335846682
123.72182941783541,-460.17311942871504,303.3353799634608,179.924129001252,0.315702066232925,179.61048341515024,1739335846690
123.72185134963253,-460.1732092203958,303.3353605358532,179.92412270303313,0.3157158070117357,179.61049021150492,1739335846698
123.72190770500774,-460.17314499838204,303.33545524217,179.92412950138348,0.3157157010546928,179.61049708205454,1739335846706
123.72187686560062,-460.17318666760957,303.33557480454056,179.92415034940763,0.31572868946473576,179.61049037165384,1739335846714
123.72189412327648,-460.1731704651605,303.3355745173339,179.92414973228563,0.315708323798133,179.61051076727327,1739335846722
123.72187863872587,-460.17313498144915,303.3354859276405,179.92414362829285,0.3157288971889131,179.61050389206747,1739335846730
123.72189469503842,-460.1731569419749,303.33546893608104,179.92413610289597,0.31570868907015015,179.61050388746804,1739335846738
123.72193681514445,-460.1731478486819,303.33540080272525,179.92412235586002,0.3157023051473116,179.61052423678407,1739335846746
123.72191902956034,-460.17317040770723,303.3354829171972,179.9241433215304,0.31572204274897864,179.61049709572836,1739335846754
123.72191845779852,-460.17318393088954,303.3355884984531,179.92415695092168,0.31572167747771623,179.61050397553677,1739335846762
123.72194929720202,-460.1731422616645,303.33546893608104,179.92413610289597,0.3157086890701502,179.61051068593844,1739335846770
123.72191959136586,-460.17315795673557,303.3354691275506,179.92413660172278,0.3157222871828738,179.61051068602325,1739335846778
123.72190714320215,-460.17315744935524,303.3354690318151,179.92413637103988,0.31571549262735754,179.61051068602944,1739335846790
123.72197186856887,-460.1732063413405,303.335480002485,179.92414335783855,0.31572200986703475,179.61051069508682,1739335846798
123.72185318059162,-460.17314641765535,303.3354995258159,179.92414988673633,0.31571506364553104,179.6104903017826,1739335846806
123.72190890636485,-460.1731068354085,303.33547194652135,179.92413633473248,0.31571552550847304,179.61050388514138,1739335846814
123.72191959136586,-460.17315795673557,303.3354691275506,179.92413652679758,0.31572226917962204,179.61049708888797,1739335846822
123.72185254103684,-460.17317212966043,303.3354690318151,179.92413633357808,0.31571548362570656,179.61049708899145,1739335846830
123.72183949717095,-460.1731901676495,303.3354146881013,179.92412930635444,0.31570885526480125,179.61049704953905,1739335846838
123.72185490986497,-460.1731018981119,303.335434402899,179.92413629661633,0.3157154981527855,179.61049025316316,1739335846846
123.7219036168769,-460.1732586772474,303.3354632023846,179.9241364061928,0.315715417863473,179.6105174892379,1739335846854
123.7219106356332,-460.1730623158583,303.33540682361024,179.9241227446126,0.31571596001733687,179.61050383652187,1739335846862
123.72192076878592,-460.173124815914,303.33532600268927,179.9241229716771,0.31572263409927326,179.61050377127444,1739335846870
123.72191899566576,-460.17317650210646,303.33541487957086,179.92412980518122,0.3157224533783312,179.61051064656297,1739335846878
123.72185254103684,-460.17317212966043,303.3354690318151,179.92413633357808,0.31571548362570656,179.61049708899145,1739335846886
123.72190480827757,-460.1732215864876,303.33557169836166,179.92414992435238,0.3157150674708576,179.61050397102144,1739335846894
123.72194989290007,-460.173123716287,303.3355231840588,179.9241429368985,0.3157085318763662,179.61051752396463,1739335846902
123.72189582860685,-460.1731309677877,303.3353495651954,179.9241157162345,0.31570928977366014,179.61050379939147,1739335846910
123.72189237007021,-460.1732200068927,303.33547981101543,179.9241428590134,0.3157084117550581,179.61049709805965,1739335846918
123.72190773890243,-460.1731389039777,303.3355232797928,179.9241431675814,0.31571532643189515,179.61051072548884,1739335846926
123.72190658139664,-460.1731699003269,303.3354828214617,179.92414316577265,0.31571526619510165,179.61051069286904,1739335846934
123.7219611058174,-460.1731684810417,303.3354385378142,179.92412274295808,0.31571589460583654,179.6105106745733,1739335846942
123.72185369854635,-460.1731411333116,303.3355094901462,179.92413629792506,0.3157155348608441,179.61049032304362,1739335846950
123.72189296577055,-460.173201461514,303.3355340590004,179.9241496930159,0.3157082545612782,179.61050393608585,1739335846958
123.72193263522986,-460.1731399187384,303.33552347126533,179.92414359148384,0.3157289065421505,179.61050392691044,1739335846966
123.72194872544168,-460.1731557848502,303.3355745173339,179.92414969482465,0.31570831479806744,179.61051076717604,1739335846974
123.72194812974341,-460.17317433023385,303.33552026935234,179.92414289828312,0.3157084809927286,179.61051072771747,1739335846986
123.7219362872341,-460.1731542052574,303.3354826299951,179.92414266694666,0.31570166808313166,179.61051069278267,1739335846994
123.72191902956034,-460.17317040770723,303.3354829171972,179.92414339645552,0.3157220607506179,179.61051069286364,1739335847002
123.7219082668134,-460.1731325474071,303.33544145252637,179.9241227441125,0.31571593648860236,179.6105038737825,1739335847010
123.72191002997613,-460.1730819334604,303.3354443672326,179.9241227452669,0.3157159783713688,179.6105038714621,1739335847018
123.72194989290007,-460.173123716287,303.3355231840588,179.92414289943756,0.31570852287549434,179.61051072539703,1739335847026
123.72190713324571,-460.17315852157094,303.33556082341994,179.924143130774,0.31571533578507327,179.61050396186144,1739335847034
123.72190771496489,-460.1731439261446,303.33536345057144,179.92412274164934,0.3157158578977702,179.6105038062225,1739335847042
123.72190654750204,-460.1731759947261,303.33541478383535,179.92412957449832,0.31571565882281494,179.61051064657,1739335847050
123.7219320734244,-460.17315236970836,303.33553726091344,179.9241503487533,0.315728671110712,179.61049713518398,1739335847058
123.72189645820112,-460.17310632802815,303.33547185078726,179.92413614151138,0.315708739954595,179.61051068371523,1739335847066
123.72196171147208,-460.17314886343956,303.33540099419184,179.92412274230375,0.3157158762518046,179.61051063963308,1739335847074
123.72183892540694,-460.1732036908477,303.33552026935234,179.92414293574407,0.3157084899936006,179.61050392934433,1739335847082
123.7218952907387,-460.1731383965974,303.3355231840588,179.92414286197658,0.31570851387461796,179.61049712835901,1739335847090
123.72183779183705,-460.1732296649878,303.3356396402639,179.9241632849446,0.31570788028918334,179.61049721885297,1739335847098
123.72190887247044,-460.17311292980503,303.33540390890386,179.9241227059963,0.31571590913130326,179.61049704027465,1739335847106
123.72190715315922,-460.1731563771195,303.3353772402151,179.92412953638214,0.3157156314663221,179.61050381306217,1739335847114
123.72185134963253,-460.1732092203958,303.3353605358532,179.92412270303313,0.3157158070117357,179.61049021150492,1739335847122
123.72189758181237,-460.17308142608005,303.33544427149855,179.92412251458484,0.3157091838158126,179.61050387146992,1739335847130
123.72187803306664,-460.17315459904665,303.33552347126533,179.92414359148384,0.3157289065421505,179.61049712844007,1739335847138
123.72189357142742,-460.17318184391644,303.3354965153756,179.92414972982246,0.315708245207317,179.61051069971325,1739335847146
123.72189409933831,-460.1731754873457,303.3354146881013,179.92412926889344,0.315708846262312,179.6104970494418,1739335847154
123.72190654750204,-460.1731759947261,303.33541478383535,179.92412949957472,0.31571564081789566,179.61049704943474,1739335847162
123.72201810072208,-460.1730785469937,303.33556373812024,179.92414320685197,0.31571539566952356,179.61053115361702,1739335847170
123.72190481823395,-460.173220514273,303.33547990674947,179.92414312715644,0.3157152153114912,179.61050389662185,1739335847182
123.72190655745952,-460.17317492247963,303.33532299223543,179.92412270237875,0.31571578865769606,179.6104969750351,1739335847190
123.72202822393271,-460.1731421192884,303.3355747088035,179.92415019365143,0.3157219129091781,179.6105243642048,1739335847198
123.72192136448567,-460.1731062705537,303.335380250663,179.92412976821865,0.3157224679046315,179.6105038107347,1739335847206
123.72190717709697,-460.17315135494766,303.3355370694409,179.9241498873907,0.31571508199955745,179.61049713519316,1739335847214
123.72190657144023,-460.17317097254085,303.335574613068,179.92414996296853,0.315715118353662,179.61051076726864,1739335847222
123.7219611257322,-460.1731663365434,303.33525495461276,179.92410914856623,0.31571619028704884,179.61051052577392,1739335847230
123.72189176441337,-460.1732396244903,303.3355173546402,179.92414285966774,0.3157084301090855,179.61049713299988,1739335847238
123.72191906345526,-460.17316431329635,303.3355509548259,179.92415695026733,0.3157216591236936,179.61050394059654,1739335847246
123.72186434964604,-460.1731983490403,303.33543863354964,179.92412297364018,0.3157226891613801,179.61049707762476,1739335847254
123.72189412327648,-460.1731704651605,303.3355745173339,179.92414969482465,0.31570831479806744,179.61050396870564,1739335847262
123.72195102646498,-460.17309774211407,303.3354038131698,179.92412251277605,0.31570912357901487,179.61051063732052,1739335847270
123.72191898570898,-460.1731775743332,303.3355066711754,179.92413660237713,0.3157223055369007,179.61051072096345,1739335847278
123.72189408938154,-460.17317655957254,303.33550647970577,179.92413606608935,0.31570869842249466,179.61049712384064,1739335847286
123.72188165117454,-460.1731749799653,303.3354145923688,179.92412907567234,0.3157020607092322,179.6105038480165,1739335847295
123.72195102646498,-460.17309774211407,303.3354038131698,179.92412251277605,0.31570912357901487,179.61051063732052,1739335847303
123.72190658139664,-460.1731699003269,303.3354828214617,179.92414312831087,0.31571525719425686,179.61050389430142,1739335847310
123.72188224687464,-460.17315643459455,303.3354688403484,179.92413590967405,0.3157019035162869,179.61051068604195,1739335847318
123.72185428026809,-460.1731265378626,303.3353121173116,179.92411594626222,0.3157160659751768,179.6104969659722,1739335847326
123.72193146776766,-460.1731719873015,303.33557480454056,179.92415034940763,0.3157286894647358,179.6104971701242,1739335847334
123.72196061180153,-460.17316874319755,303.3355884027176,179.92415672023958,0.3157148829221727,179.61051077401098,1739335847342
123.72190477438264,-460.1732276808991,303.3355036607277,179.92413633307805,0.31571546009696716,179.61050392472245,1739335847354
123.72197709025168,-460.17306668828866,303.33535267137717,179.9241161412904,0.31572291176347883,179.61050379695646,1739335847362
123.72190594184504,-460.1731956123282,303.33545232745786,179.92412957515268,0.31571567717684595,179.61051068151022,1739335847370
123.7218934936813,-460.1731951049478,303.3354522317238,179.9241293070088,0.31570887361883226,179.61050388294964,1739335847378
123.7219499168388,-460.17311869406393,303.3356830132901,179.9241632504469,0.3157079734102743,179.6105040475255,1739335847386
123.72191958140942,-460.1731590289512,303.33556091915545,179.9241433614561,0.3157221303406169,179.61050396185604,1739335847394
123.72195998220913,-460.1731933829899,303.3354661171029,179.92413629496187,0.31571543274128516,179.610503889685,1739335847402
123.72188457184293,-460.1730933696745,303.33545796540955,179.92412911609574,0.31570217183130755,179.61051067688345,1739335847410
123.72189582860685,-460.1731309677877,303.3353495651954,179.92411567877343,0.3157092807695583,179.61049700082384,1739335847418
123.72190770500774,-460.17314499838204,303.33545524217,179.9241295388453,0.31571571005715443,179.61050388062216,1739335847426
123.72201811067829,-460.173077474778,303.33547194652135,179.92413637219425,0.31571553451012385,179.61052428064974,1739335847434
123.72186439349827,-460.1731911824132,303.33541487957086,179.924129730256,0.31572243537346667,179.61049025095735,1739335847442
123.72185140746643,-460.1731981038143,303.3355884027176,179.92415675770127,0.3157148919214047,179.61050397563784,1739335847450
123.72190658139664,-460.1731699003269,303.3354828214617,179.9241430908491,0.3157152481934077,179.6104970957338,1739335847458
123.72190481823395,-460.173220514273,303.33547990674947,179.92414316461821,0.3157152243123361,179.61051069518948,1739335847466
123.72197300213404,-460.17318036715795,303.33536063158874,179.92412293371441,0.31572260156730664,179.61050380843784,1739335847474
123.7219077488592,-460.17313783175314,303.33543148819257,179.92413633292372,0.31571546527167527,179.6105038525216,1739335847482
123.72190831066477,-460.1731253807798,303.3354176985474,179.92412957565273,0.3157157007055813,179.6105106442496,1739335847490
123.72195103642238,-460.17309666986625,303.3353120215776,179.92411575304118,0.31570928042371804,179.61051736148923,1739335847498
123.72190654750204,-460.1731759947261,303.33541478383535,179.92412957449832,0.31571565882281494,179.61051064657,1739335847506
123.72189526680116,-460.1731434187642,303.3353633548374,179.92412247350623,0.31570905433891827,179.61049700766273,1739335847514
123.72194812974341,-460.17317433023385,303.33552026935234,179.92414286082214,0.31570847199185215,179.61050392914981,1739335847522
123.72191898570898,-460.1731775743332,303.3355066711754,179.92413660237713,0.3157223055369007,179.61051072096345,1739335847530
123.72197595668625,-460.1730926624753,303.33547204225687,179.92413660287716,0.31572232906564013,179.61051748217315,1739335847538
123.72186851553798,-460.173071409149,303.3354749569573,179.924136566569,0.31572236194678255,179.61049708434436,1739335847550
123.72186382173427,-460.17320470561134,303.3355204608219,179.92414332218473,0.31572206110300677,179.61049033219822,1739335847558
123.72190485212887,-460.1732144198627,303.335547944384,179.92415671843077,0.31571482268538414,179.6105039429208,1739335847566
123.7219617453658,-460.1731427690434,303.3354690318151,179.92413637103988,0.3157154926273576,179.6105174844998,1739335847574
123.72197246426697,-460.17318779596167,303.33553425046995,179.92415007945505,0.3157218256723426,179.61049713741173,1739335847582
123.72189357142742,-460.17318184391644,303.3354965153756,179.92414969236154,0.315708236207251,179.61050390114562,1739335847590
123.72190600963481,-460.1731834235092,303.3355884027176,179.92415668277786,0.3157148739229362,179.61049717697293,1739335847598
123.72190714320215,-460.17315744935524,303.3354690318151,179.92413633357808,0.31571548362570656,179.61050388746182,1739335847606
123.72184004902101,-460.173178788903,303.33549269006073,179.92412930881756,0.31570893385562604,179.61049711709907,1739335847614
123.72196061180153,-460.17316874319755,303.3355884027176,179.92415672023958,0.3157148829221727,179.61051077401098,1739335847622
123.72195998220913,-460.1731933829899,303.3354661171029,179.9241362575001,0.3157154237396252,179.61049709111734,1739335847630
123.72189469503842,-460.1731569419749,303.33546893608104,179.924136065435,0.31570868006846736,179.61049708890042,1739335847638
123.72184122644475,-460.17314564809175,303.3353495651954,179.9241157162345,0.31570928977366014,179.6104970009211,1739335847646
123.72184126033962,-460.1731395537034,303.3354176028134,179.9241292700478,0.3157088881450786,179.61049024865102,1739335847654
123.72196235102051,-460.17312315144113,303.33543148819257,179.92413625800015,0.3157154472683598,179.6104970538567,1739335847662
123.72192079272303,-460.17311979376046,303.33548583190344,179.9241434725351,0.31572212063500543,179.6105242876785,1739335847670
123.72190943427614,-460.1731004788285,303.3353901192617,179.9241158738016,0.3157161265578655,179.61049023486734,1739335847678
123.72189586250104,-460.1731248733995,303.3354176028134,179.92412934496983,0.3157089061500523,179.61051064425664,1739335847686
123.7218952907387,-460.1731383965974,303.3355231840588,179.92414289943753,0.3157085228754943,179.61050392692664,1739335847694
123.72185254103684,-460.17317212966043,303.3354690318151,179.92413637103988,0.31571549262735765,179.61050388755908,1739335847702
123.7219499367506,-460.1731165496593,303.3354994300818,179.9241497309769,0.3157082870900833,179.61051749586318,1739335847710
123.72185314669622,-460.1731525120584,303.33543148819257,179.92413640784727,0.31571548327497306,179.61051065118647,1739335847718
123.72190831066477,-460.1731253807798,303.3354176985474,179.92412965057636,0.31571571871048265,179.6105242413848,1739335847726
123.72183895930274,-460.17319759643254,303.3355883069835,179.92415645209655,0.31570807936735246,179.61049037850643,1739335847734
123.72190831066477,-460.1731253807798,303.3354176985474,179.92412957565273,0.3157157007055813,179.6105106442496,1739335847746
123.72191838005229,-460.17319719192636,303.3355442148025,179.9241365281063,0.3157223058876724,179.6104971587684,1739335847754
123.72190713324571,-460.17315852157094,303.33556082341994,179.92414316823576,0.31571534478591773,179.61051076042907,1739335847762
123.72189236011384,-460.1732210791073,303.33557160262757,179.92414965620932,0.3157082639152311,179.61049717245845,1739335847770
123.72190770500774,-460.17314499838204,303.33545524217,179.9241295388453,0.31571571005715443,179.61050388062216,1739335847778
123.72191839000875,-460.1731961197085,303.3354524231934,179.92412973091038,0.3157224537274978,179.61049708436795,1739335847786
123.72196290286793,-460.17311177269426,303.3355094901462,179.92413633538686,0.31571554386249934,179.61051071855198,1739335847794
123.72192135452856,-460.1731073427888,303.33547204225687,179.92413664033978,0.3157223380672592,179.61051748227044,1739335847802
123.72190830070798,-460.17312645300615,303.3355094901462,179.92413629792506,0.3157155348608441,179.610497121514,1739335847810
123.72190654750204,-460.1731759947261,303.33541478383535,179.92412949957472,0.31571564081789566,179.61049704943474,1739335847818
123.7218952907387,-460.1731383965974,303.3355231840588,179.92414286197658,0.31570851387461796,179.61049712835901,1739335847826
123.72194929720202,-460.1731422616645,303.33546893608104,179.92413610289597,0.3157086890701502,179.61051068593844,1739335847834
123.72197478922764,-460.17312473104477,303.33552337552834,179.9241433233392,0.31572210298577263,179.61050392681855,1739335847842
123.72186615666693,-460.17314056846703,303.335417794283,179.92412973141037,0.3157224772562332,179.61049024863695,1739335847850
123.7219195574714,-460.17316405113155,303.33540108992736,179.9241230479111,0.3157226888138163,179.61051743829017,1739335847858
123.72191902956034,-460.17317040770723,303.3354829171972,179.92414339645552,0.3157220607506179,179.61051069286364,1739335847866
123.72186555100754,-460.1731601860692,303.3354553379055,179.92412980699,0.3157225136151279,179.6105038807124,1739335847874
123.72192191633415,-460.17309489181565,303.3354582526117,179.92412977068182,0.3157225464954645,179.61050387829474,1739335847882
123.72189405548693,-460.1731826539729,303.3354384420801,179.92412251227597,0.3157091000502802,179.61050387611078,1739335847890
123.7217996781063,-460.1731412181617,303.3353121173116,179.92411598372408,0.315716074979247,179.61049696606946,1739335847898
123.7219617453658,-460.1731427690434,303.3354690318151,179.92413633357808,0.31571548362570656,179.61051068593216,1739335847906
123.72190770500774,-460.17314499838204,303.33545524217,179.9241295388453,0.31571571005715443,179.61050388062216,1739335847914
123.72191958140942,-460.1731590289512,303.33556091915545,179.9241433989187,0.315722139341434,179.61051076042367,1739335847922
123.72191959136586,-460.17315795673557,303.3354691275506,179.92413663918535,0.315722296184493,179.61051748459084,1739335847934
123.72190773890243,-460.1731389039777,303.3355232797928,179.92414313011966,0.3157153174310506,179.6105039269212,1739335847942
123.72191902956034,-460.17317040770723,303.3354829171972,179.92414335899298,0.31572205174980045,179.610503894296,1739335847950
123.72185254103684,-460.17317212966043,303.3354690318151,179.92413637103988,0.31571549262735765,179.61050388755908,1739335847958
123.72192188243984,-460.17310098620885,303.33539021499723,179.92411617940743,0.3157229391215619,179.61050383199398,1739335847966
123.72192017711004,-460.17314048356286,303.33561516713326,179.92415019546021,0.3157219731459629,179.61051079988385,1739335847974
123.72192016312859,-460.1731444335249,303.33536354630695,179.92412297233145,0.31572265245331377,179.61050380621467,1739335847982
123.72197477927165,-460.1731258032496,303.33561516713326,179.92415015799767,0.31572196414595227,179.61051079978662,1739335847990
123.72189469503842,-460.1731569419749,303.33546893608104,179.9241362152789,0.315708716075172,179.6105242831709,1739335847998
123.72193801649699,-460.1731096857101,303.3354175070808,179.92412903936653,0.31570209358948215,179.6105038455988,1739335848006
123.72184238395393,-460.17311465175214,303.3353900235277,179.92411579296538,0.3157093680186518,179.61051063067615,1739335848014
123.72191725644129,-460.17322209386793,303.3355717940972,179.92415015503445,0.3157218620264011,179.61050397101687,1739335848022
123.72196523778554,-460.1730476355461,303.33540682361024,179.92412278207442,0.31571596902060023,179.61051743355986,1739335848030
123.72190654750204,-460.1731759947261,303.33541478383535,179.92412953703652,0.31571564982035755,179.61050384800237,1739335848038
123.72193202957313,-460.1731595363315,303.33556101489245,179.9241435921382,0.31572892489617327,179.61050396185064,1739335848046
123.72194565515592,-460.1731269029209,303.33541798575845,179.92413019277296,0.3157360663674006,179.61049704709333,1739335848054
123.72196058786382,-460.1731737653878,303.3354285734805,179.92413629430754,0.31571541438725303,179.61050385474476,1739335848062
123.7219106356332,-460.1730623158583,303.33540682361024,179.92412281953625,0.31571597802385915,179.61051743365712,1739335848070
123.7218519114397,-460.1731967694194,303.3353467462112,179.92411594576217,0.31571604244645024,179.61049700323287,1739335848078
123.72190717709697,-460.17315135494766,303.3355370694409,179.92414996231417,0.3157150999996385,179.6105107323284,1739335848086
123.72192138842337,-460.17310124838093,303.33554007987664,179.9241501192264,0.3157219184378952,179.61049713286815,1739335848094
123.72191843386018,-460.17318895307966,303.335428669216,179.92413652498885,0.31572220894282416,179.61049705626817,1739335848102
123.72189416712781,-460.1731632985357,303.33555076335625,179.92415652636402,0.315708079011853,179.61051073917181,1739335848114
123.7219071093077,-460.17316354375123,303.33540099419184,179.9241227048419,0.3157158672485364,179.61049704259509,1739335848122
123.72185018216595,-460.17324128897695,303.335411869117,179.9241295358821,0.3157156079375923,179.61049705185246,1739335848130
123.72190597573976,-460.17318951792436,303.3355203650864,179.9241431289652,0.3157152755482848,179.61050392924164,1739335848138
123.72185257493238,-460.17316603525296,303.3355370694409,179.92414992485246,0.31571509099960016,179.61049713529042,1739335848146
123.72189525684401,-460.17314449100166,303.33545514643595,179.9241293081632,0.3157089155015981,179.6105038806292,1739335848154
123.72186557494673,-460.1731551638698,303.33561516713326,179.9241501205351,0.31572195514593715,179.6104904042782,1739335848162
123.72190827677058,-460.1731314751681,303.33534966092935,179.9241159469166,0.31571608432921644,179.6105037993828,1739335848170
123.72190714320215,-460.17315744935524,303.3354690318151,179.92413629611627,0.31571547462405103,179.61049708889416,1739335848178
123.72185194533462,-460.1731906750314,303.33541478383535,179.92412953703652,0.31571564982035755,179.610497049532,1739335848186
123.72190831066477,-460.1731253807798,303.3354176985474,179.92412953819093,0.315715691703124,179.61050384568193,1739335848194
123.72197365566382,-460.1731507051847,303.33564274643385,179.92416371000076,0.3157215022846473,179.61050401489965,1739335848202
123.72190773890243,-460.1731389039777,303.3355232797928,179.9241431675814,0.31571532643189515,179.61051072548884,1739335848210
123.72191959136586,-460.17315795673557,303.3354691275506,179.92413656426018,0.31572227818125015,179.6105038874556,1739335848218
123.72194816363772,-460.1731682358187,303.3355883069835,179.92415656447926,0.3157081063651306,179.61052437115003,1739335848226
123.7219195574714,-460.17316405113155,303.33540108992736,179.92412297298583,0.31572267080734817,179.6105038411549,1739335848234
123.72184129423489,-460.17313345930364,303.3354856404339,179.92414293624412,0.31570851352233903,179.61050389208367,1739335848242
123.72194756793941,-460.1731867812039,303.3355340590004,179.9241496930159,0.3157082545612782,179.61051073455624,1739335848250
123.72196057790721,-460.1731748376127,303.3355203650864,179.9241431289652,0.3157152755482849,179.610510727712,1739335848258
123.72194922941497,-460.1731544504454,303.33533286083644,179.92410895780836,0.315709483327244,179.61051739191097,1739335848266
123.72186439349827,-460.1731911824132,303.33541487957086,179.92412965533077,0.3157224173685843,179.6104766538221,1739335848274
123.72191899566576,-460.17317650210646,303.33541487957086,179.924129730256,0.3157224353734667,179.61049704942772,1739335848282
123.72194926330828,-460.1731483560607,303.3354008984578,179.92412251162165,0.3157090816962483,179.61051063964095,1739335848290
123.72192132063414,-460.17311343718535,303.3354040046394,179.92412297414023,0.31572271269011487,179.61050383883446,1739335848299
123.72197475533368,-460.17313082544894,303.3354553379055,179.92412973206478,0.3157224956102637,179.61050388051788,1739335848307
123.72189639041261,-460.1731185168096,303.3353357755546,179.92410899642385,0.31570953421490905,179.61051738968777,1739335848314
123.72195827688554,-460.1732328803028,303.33569106928235,179.92417023609056,0.31571444877204946,179.61049726043518,1739335848323
123.72184069853253,-460.1731520046766,303.33543139245853,179.92413610224162,0.3157086707161189,179.61049705405745,1739335848331
123.72189409933831,-460.1731754873457,303.3354146881013,179.92412930635444,0.31570885526480125,179.61050384800942,1739335848343
123.72190770500774,-460.17314499838204,303.33545524217,179.9241295388453,0.31571571005715443,179.61050388062216,1739335848351
123.72182648720016,-460.17320211124087,303.33542838201396,179.9241358704051,0.3157018342777834,179.61049705638416,1739335848359
123.72192022096117,-460.17313331694254,303.3355914131534,179.92415698953866,0.31572172835968665,179.610510771784,1739335848366
123.7218383636,-460.17321614181765,303.3355340590004,179.92414965555497,0.315708245561208,179.61049033904786,1739335848374
123.72190661529154,-460.17316380591603,303.33555085909035,179.9241567195852,0.3157148645681499,179.61050394060035,1739335848382
123.72191843386018,-460.17318895307966,303.335428669216,179.92413656245142,0.3157222179444525,179.6105038548358,1739335848390
123.72189646815822,-460.17310525579296,303.3353800591934,179.92412930685447,0.3157088787935315,179.61050381074875,1739335848398
123.72186501313983,-460.17316761483806,303.3356289567828,179.92415699019298,0.31572174671370634,179.61050400825386,1739335848406
123.72192079272303,-460.17311979376046,303.33548583190344,179.9241433226848,0.31572208463174534,179.61049709340796,1739335848414
123.72192968066685,-460.1732276234327,303.3354120605895,179.92412999724624,0.3157291970486922,179.61050385030882,1739335848422
123.72195106035869,-460.17309164771757,303.33547185078726,179.92413614151138,0.315708739954595,179.6105174821856,1739335848430
123.72197539488216,-460.173105113447,303.33548583190344,179.92414336014738,0.31572209363256704,179.61051069044595,1739335848438
123.72185251709934,-460.1731771518083,303.33530920259335,179.92411598256965,0.3157160330964818,179.6105037668603,1739335848446
123.72194933109607,-460.1731361672571,303.33553697370684,179.9241497690922,0.3157083144441708,179.61052432937106,1739335848454
123.72190598569648,-460.17318844569934,303.3354285734805,179.92413633176932,0.31571542338890873,179.61050385484202,1739335848462
123.72190767111341,-460.1731510927747,303.33538720454965,179.9241159101091,0.31571609367917736,179.6104970357554,1739335848470
123.72190658139664,-460.1731699003269,303.3354828214617,179.92414312831087,0.31571525719425686,179.61050389430142,1739335848478
123.72189470499549,-460.1731558697391,303.3353771444811,179.92412938062208,0.3157088549157312,179.61051741020444,1739335848486
123.72196290286793,-460.17311177269426,303.3355094901462,179.92413637284866,0.3157155528641501,179.6105175171196,1739335848494
123.72183716223839,-460.1732543047937,303.3355173546402,179.92414285966774,0.31570843010908545,179.61049033452952,1739335848506
123.72190890636485,-460.1731068354085,303.33547194652135,179.92413637219428,0.3157155345101239,179.610510683709,1739335848514
123.72190654750204,-460.1731759947261,303.33541478383535,179.92412953703652,0.31571564982035755,179.61050384800237,1739335848522
123.72185253108027,-460.1731732018762,303.33556082341994,179.924143130774,0.31571533578507316,179.61049716339107,1739335848530
123.72189586250104,-460.1731248733995,303.3354176028134,179.9241292325868,0.315708879142585,179.61049024855373,1739335848538
123.72191842390347,-460.17319002530473,303.3355204608219,179.9241433596473,0.31572207010382847,179.61050392923622,1739335848546
123.72185486601268,-460.1731090647408,303.3354581568762,179.9241295399997,0.3157157519399209,179.61049707983136,1739335848554
123.72195042081029,-460.1731173597163,303.33544135679233,179.92412251343043,0.315709141933046,179.61051067226074,1739335848562
123.72191954751457,-460.1731651233599,303.3354928815303,179.92412980764436,0.3157225319691558,179.610510714123,1739335848570
123.72196350852248,-460.17309215509647,303.33547194652135,179.9241362598089,0.3157155075051579,179.6104970864765,1739335848578
123.72194926330828,-460.1731483560607,303.3354008984578,179.92412258654372,0.3157090997028259,179.61052423677617,1739335848586
123.72189765955832,-460.17306816505277,303.33548855513425,179.92414286247663,0.3157085374033568,179.61049709109838,1739335848594
123.72190600963481,-460.1731834235092,303.3355884027176,179.92415664531615,0.3157148649236953,179.61049037840533,1739335848602
123.72190653754528,-460.1731770669528,303.33550657543987,179.92413637169423,0.31571551098138456,179.61051072096967,1739335848610
123.72189240396514,-460.17321391248237,303.3355478486499,179.92415648774866,0.3157080281298279,179.6105039429246,1739335848618
123.72189646815822,-460.17310525579296,303.3353800591934,179.92412930685447,0.3157088787935315,179.61050381074875,1739335848626
123.72190707541365,-460.173169638136,303.3353329565704,179.92410918849126,0.31571627788277307,179.61051059343114,1739335848634
123.72190833460289,-460.17312035859385,303.3355775277683,179.92414996412296,0.31571516023642787,179.61051076494823,1739335848642
123.72197306992152,-460.17316817836394,303.3354967068452,179.92415015372575,0.31572182531835097,179.61051069960678,1739335848650
123.72189352757601,-460.17318901054404,303.33552026935234,179.92414289828312,0.31570848099272847,179.61050392924707,1739335848658
123.72186386558653,-460.17319753898374,303.3354967068452,179.9241501162632,0.3157218163183354,179.61049030409842,1739335848666
123.72190831066477,-460.1731253807798,303.3354176985474,179.92412957565273,0.3157157007055813,179.6105106442496,1739335848674
123.72192079272303,-460.17311979376046,303.33548583190344,179.92414336014738,0.31572209363256704,179.61050389197558,1739335848682
123.7218519014824,-460.1731978416585,303.3354385378142,179.92412270549622,0.3157158856025685,179.61049027906495,1739335848690
123.72182877828102,-460.1731451407099,303.33534946946276,179.9241154855524,0.31570249521809113,179.61049700092977,1739335848702
123.72186558490299,-460.17315409166486,303.33552337552834,179.92414343572688,0.31572212998822413,179.6105107255807,1739335848710
123.72196114966792,-460.1731613144145,303.33541478383535,179.92412957449832,0.31571565882281494,179.61051744504036,1739335848718
123.72190654750204,-460.1731759947261,303.33541478383535,179.92412949957472,0.31571564081789566,179.61049704943474,1739335848726
123.72190654750204,-460.1731759947261,303.33541478383535,179.92412957449832,0.31571565882281494,179.61051064657,1739335848734
123.72196291282462,-460.1731107004679,303.3354176985474,179.9241294632673,0.31571567369819603,179.61049704701708,1739335848742
123.72189471897717,-460.1731519197706,303.3356287653132,179.9241564539053,0.3157081396041384,179.61049720959656,1739335848750
123.72196234106387,-460.1731242236659,303.3355232797928,179.92414309265789,0.3157153084302017,179.61050392682398,1739335848758
123.72189468508196,-460.17315801419056,303.33556072768584,179.92414286263093,0.31570853222864065,179.61049716329924,1739335848766
123.72189350363848,-460.17319403271034,303.3353604401192,179.92412247235185,0.3157090124561519,179.61049700998316,1739335848774
123.72182880221897,-460.17314011854796,303.3355092986796,179.9241358365625,0.315701945749664,179.61049032305613,1739335848782
123.72191002997613,-460.1730819334604,303.3354443672326,179.9241227452669,0.3157159783713688,179.6105038714621,1739335848790
123.72191723250313,-460.1732271160524,303.3354119648525,179.92412980402676,0.31572241149556607,179.61051064888343,1739335848798
123.72184239391167,-460.1731135795027,303.3352982319369,179.92410892084737,0.31570949785106606,179.61049695914195,1739335848806
123.72196170151537,-460.17314993566777,303.33549278579477,179.92412957696143,0.31571573741363945,179.61051751260038,1739335848814
123.72194985900612,-460.1731298106912,303.33545514643595,179.9241293081632,0.3157089155015981,179.6105106790996,1739335848822
123.72190830070798,-460.17312645300615,303.3355094901462,179.92413641031047,0.31571556186579647,179.61051751721683,1739335848830
123.72187683170495,-460.1731927620216,303.3355067669123,179.92413675813322,0.31572908208923295,179.61049032535163,1739335848838
123.72190775881657,-460.1731367595085,303.3353396965974,179.92412946080418,0.3157155951073542,179.6104901809867,1739335848846
123.72191959136586,-460.17315795673557,303.3354691275506,179.92413656426018,0.31572227818125015,179.6105038874556,1739335848854
123.72194933109607,-460.1731361672571,303.33553697370684,179.9241496567094,0.31570828744397367,179.61050393366816,1739335848862
123.7218952907387,-460.1731383965974,303.3355231840588,179.9241429368985,0.3157085318763662,179.61051072549427,1739335848870
123.72189645820112,-460.17310632802815,303.33547185078726,179.9241361040504,0.31570873095291674,179.6105038851476,1739335848878
123.72184005897806,-460.17317771667473,303.3354008984578,179.92412254908268,0.3157090906995393,179.6105038412678,1739335848886
123.72186438354129,-460.1731922546398,303.3355066711754,179.92413656491453,0.3157222965352773,179.61049712392546,1739335848898
123.72196234106387,-460.1731242236659,303.3355232797928,179.9241431675814,0.3157153264318952,179.6105175239592,1739335848906
123.72190478433942,-460.173226608672,303.335411869117,179.9241295358821,0.31571560793759224,179.61050385032283,1739335848914
123.72185369854635,-460.1731411333116,303.3355094901462,179.92413637284866,0.31571555286415004,179.61050392017887,1739335848922
123.72196173540948,-460.1731438412591,303.33556082341994,179.92414309331224,0.31571532678422437,179.61050396176418,1739335848930
123.72194986896312,-460.173128738454,303.3353633548374,179.92412254842827,0.315709072345505,179.61051740326835,1739335848938
123.72190481823395,-460.173220514273,303.33547990674947,179.92414312715644,0.3157152153114912,179.61050389662185,1739335848946
123.72185429424897,-460.1731225879295,303.33556373812024,179.92414316939022,0.31571538666868365,179.6105039596383,1739335848954
123.72190713324571,-460.17315852157094,303.33556082341994,179.92414309331224,0.3157153267842243,179.61049716329381,1739335848962
123.72190595180221,-460.1731945400907,303.3353605358532,179.92412274049497,0.315715816015004,179.61050380854292,1739335848970
123.7219077488592,-460.17313783175314,303.33543148819257,179.92413629546192,0.31571545627001985,179.61049705395394,1739335848978
123.72190654750204,-460.1731759947261,303.33541478383535,179.92412953703652,0.31571564982035755,179.61050384800237,1739335848986
123.72195102646498,-460.17309774211407,303.3354038131698,179.92412251277605,0.31570912357901487,179.61051063732052,1739335848994
123.72189296577055,-460.173201461514,303.3355340590004,179.92414965555497,0.3157082455612079,179.61049713751822,1739335849002
123.72191007382752,-460.17307476683317,303.33542061325386,179.92412957680716,0.3157157425883468,179.61051064192915,1739335849010
123.72189293187573,-460.17320755592107,303.33546602136886,179.92413610174157,0.3157086471873844,179.61050388978848,1739335849018
123.72190715315922,-460.1731563771195,303.3353772402151,179.92412946145856,0.31571561346139365,179.6104902159269,1739335849026
123.72190945821393,-460.1730954566523,303.33554994847367,179.92413641211925,0.3157156221025856,179.61051754983666,1739335849034
123.72190831066477,-460.1731253807798,303.3354176985474,179.92412953819093,0.315715691703124,179.61050384568193,1739335849042
123.72192192629132,-460.1730938195788,303.3353664610193,179.92412293602322,0.31572268533283865,179.6104970053266,1739335849050
123.72196113971125,-460.1731623866411,303.33550657543987,179.92413633423243,0.3157155019797337,179.6105107208724,1739335849058
123.72196463213078,-460.1730672531482,303.3354443672326,179.9241227452669,0.3157159783713688,179.61051066993244,1739335849066
123.7219469722413,-460.1732053265828,303.33547981101543,179.92414285901341,0.31570841175505815,179.61050389653002,1739335849074
123.72192135452856,-460.1731073427888,303.33547204225687,179.92413664033978,0.3157223380672592,179.61051748227044,1739335849082
123.72189406544416,-460.17318158173384,303.33534665047716,179.9241157150801,0.315709247890894,179.6105038017119,1739335849094
123.72184005897806,-460.17317771667473,303.3354008984578,179.9241224741606,0.31570907269295273,179.6104902441326,1739335849102
123.72194873539793,-460.17315471263623,303.3354827257276,179.92414293508975,0.3157084716395727,179.61051749134484,1739335849110
123.72184066463757,-460.1731580990682,303.3353633548374,179.92412247350623,0.31570905433891827,179.61049020919236,1739335849118
123.72197186856887,-460.1732063413405,303.335480002485,179.92414335783855,0.31572200986703475,179.61051069508682,1739335849126
123.72198774136562,-460.1731239039911,303.33528181478584,179.92410277954284,0.3157300570607703,179.61050375296585,1739335849134
123.72183949717095,-460.1731901676495,303.3354146881013,179.92412926889344,0.315708846262312,179.61049025097145,1739335849142
123.7218845818001,-460.17309229743773,303.3353661738172,179.9241222814396,0.3157023106694105,179.6105038039178,1739335849150
123.72189236011384,-460.1732210791073,303.33557160262757,179.92414969367024,0.3157082729153012,179.61050397102608,1739335849158
123.72190827677058,-460.1731314751681,303.33534966092935,179.9241159469166,0.31571608432921644,179.6105037993828,1739335849166
123.72189412327648,-460.1731704651605,303.3355745173339,179.92414973228563,0.315708323798133,179.61051076727327,1739335849174
123.72179797276587,-460.1731807155519,303.3355370694409,179.92414984992897,0.3157150729995103,179.61047673968477,1739335849182
123.72190887247044,-460.17311292980503,303.33540390890386,179.9241228183818,0.3157159361410939,179.61051743597756,1739335849190
123.72190887247044,-460.17311292980503,303.33540390890386,179.9241227059963,0.31571590913130326,179.61049704027465,1739335849198
123.72189525684401,-460.17314449100166,303.33545514643595,179.9241293081632,0.3157089155015981,179.6105038806292,1739335849206
123.72188221298018,-460.1731625289905,303.33540080272525,179.92412228093957,0.31570228714067927,179.61050384117846,1739335849214
123.7219617453658,-460.1731427690434,303.3354690318151,179.92413637103988,0.3157154926273576,179.6105174844998,1739335849222
123.72190657144023,-460.17317097254085,303.335574613068,179.92414992550678,0.3157151093536238,179.61050396870104,1739335849230
123.7218389692592,-460.17319652422015,303.3354965153756,179.92414972982246,0.315708245207317,179.61050390124288,1739335849238
123.72196001610321,-460.1731872885828,303.3355341547345,179.92414988623628,0.31571504011679163,179.61050393598396,1739335849246
123.72190542389096,-460.1732008966709,303.3354423631271,179.9241432014256,0.3157152149591455,179.61051745881687,1739335849254
123.72190714320215,-460.17315744935524,303.3354690318151,179.92413629611627,0.31571547462405103,179.61049708889416,1739335849262
123.72190714320215,-460.17315744935524,303.3354690318151,179.92413633357808,0.31571548362570656,179.61050388746182,1739335849274
123.72191902956034,-460.17317040770723,303.3354829171972,179.92414339645552,0.3157220607506179,179.61051069286364,1739335849282
123.72190946817045,-460.1730943844353,303.3354581568762,179.92412957746154,0.31571576094237797,179.61051067686938,1739335849290
123.72191842390347,-460.17319002530473,303.3355204608219,179.92414339710987,0.31572207910464567,179.61051072780387,1739335849298
123.72189585254424,-460.1731259456258,303.33550939441216,179.9241361047048,0.31570874930694304,179.61050392008784,1739335849306
123.72189352757601,-460.17318901054404,303.33552026935234,179.92414297320502,0.31570849899446823,179.61051752638232,1739335849314
123.72190658139664,-460.1731699003269,303.3354828214617,179.9241432032344,0.315715275195942,179.61051749143667,1739335849322
123.72189296577055,-460.173201461514,303.3355340590004,179.9241497304768,0.315708263561344,179.61051073465347,1739335849331
123.72185370850329,-460.1731400610852,303.3354176985474,179.92412961311453,0.3157157097080342,179.61051064434682,1739335849339
123.72192191633415,-460.17309489181565,303.3354582526117,179.92412980814441,0.31572255549789424,179.61051067686233,1739335849347
123.72190653754528,-460.1731770669528,303.33550657543987,179.92413629677063,0.3157154929780782,179.6104971238344,1739335849355
123.72191959136586,-460.17315795673557,303.3354691275506,179.92413660172278,0.3157222871828738,179.61051068602325,1739335849363
123.72188343827537,-460.1731193438332,303.33557733630164,179.92414950275713,0.31570157112535724,179.6105107649575,1739335849371
123.72186325992733,-460.17321715658125,303.33553425046995,179.92415011691756,0.31572183467236264,179.61049033903862,1739335849378
123.72191960132294,-460.17315688449986,303.3353773359506,179.92412976706424,0.3157224260218657,179.61050381305515,1739335849386
123.72190597573976,-460.17318951792436,303.3355203650864,179.92414309150342,0.3157152665474357,179.61049713067402,1739335849394
123.72190946817045,-460.1730943844353,303.3354581568762,179.9241295399997,0.3157157519399209,179.61050387830173,1739335849402
123.72194817359394,-460.17316716360625,303.3354965153756,179.92414969236154,0.3157082362072511,179.61051069961601,1739335849410
123.72197419352958,-460.1731432764223,303.3354691275506,179.92413656426018,0.31572227818125015,179.61051068592596,1739335849418
123.72186734807168,-460.1731034777181,303.33552629022853,179.9241434368813,0.31572217187099044,179.6105107232603,1739335849426
123.72189645820112,-460.17310632802815,303.33547185078726,179.92413606658943,0.315708721951234,179.61049708657998,1739335849434
123.72191954751457,-460.1731651233599,303.3354928815303,179.92412980764436,0.3157225319691558,179.610510714123,1739335849442
123.72196291282462,-460.1731107004679,303.3354176985474,179.9241295007291,0.31571568270066225,179.61050384558467,1739335849454
123.72201519002928,-460.1731590850696,303.3354285734805,179.92413633176932,0.31571542338890873,179.61051745178275,1739335849462
123.7219486576536,-460.1731679736629,303.3354384420801,179.92412251227597,0.3157091000502802,179.61051067458118,1739335849470
123.72197529320185,-460.1731233966122,303.3352817190489,179.92410262378698,0.3157232805165016,179.6105173501113,1739335849478
123.72190481823395,-460.173220514273,303.33547990674947,179.9241430896947,0.31571520631064187,179.61049709805422,1739335849486
123.72194813970002,-460.17317325800894,303.33542847774646,179.92413606362626,0.3157086198316694,179.610503854751,1739335849494
123.72186502309604,-460.1731665426348,303.33553716517645,179.92415008060945,0.31572186755510856,179.61048353815056,1739335849502
123.7219201192771,-460.17315160015505,303.33538730028516,179.92411617825303,0.3157228972387954,179.61050383431441,1739335849510
123.72190597573976,-460.17318951792436,303.3355203650864,179.9241430540417,0.3157152575465822,179.61049033210637,1739335849518
123.72192075882849,-460.1731258881602,303.335417794283,179.92412980633563,0.31572249526109747,179.61051064424254,1739335849526
123.72190715315922,-460.1731563771195,303.3353772402151,179.92412957384397,0.31571564046877965,179.6105106116298,1739335849534
123.72190540397824,-460.17320304109796,303.335625946347,179.92415679581734,0.3157149192746511,179.61051760761606,1739335849542
123.7218383636,-460.17321614181765,303.3355340590004,179.92414976793776,0.3157082725614054,179.61051073475073,1739335849550
123.72190715315922,-460.1731563771195,303.3353772402151,179.92412949892037,0.31571562246386004,179.61049701449454,1739335849558
123.72189293187573,-460.17320755592107,303.33546602136886,179.92413613920252,0.31570865618906285,179.6105106883561,1739335849566
123.72190770500774,-460.17314499838204,303.33545524217,179.9241295388453,0.31571571005715443,179.61050388062216,1739335849574
123.72189585254424,-460.1731259456258,303.33550939441216,179.92413614216576,0.3157087583086212,179.61051071865546,1739335849582
123.72196057790721,-460.1731748376127,303.3355203650864,179.9241431289652,0.3157152755482849,179.610510727712,1739335849590
123.72196177925987,-460.17313667463594,303.3355370694409,179.92414992485246,0.31571509099960016,179.61051073223118,1739335849598
123.72184069853253,-460.1731520046766,303.33543139245853,179.92413606478064,0.3157086617144362,179.61049025548985,1739335849606
123.72190538003946,-460.1732080633014,303.3354661171029,179.92413629496187,0.3157154327412852,179.6104970912146,1739335849614
123.72191901960394,-460.17317147992117,303.3355747088035,179.9241501561889,0.3157219039091673,179.61050396869643,1739335849626
123.72190595180221,-460.1731945400907,303.3353605358532,179.92412270303313,0.3157158070117356,179.6104970099753,1739335849634
123.72190770500774,-460.17314499838204,303.33545524217,179.9241295388453,0.31571571005715443,179.61050388062216,1739335849642
123.72185313673934,-460.17315358428306,303.3355232797928,179.92414320504318,0.3157153354327353,179.6105107255861,1739335849650
123.72189525684401,-460.17314449100166,303.33545514643595,179.9241293456242,0.31570892450408267,179.61051067919684,1739335849658
123.72193436449788,-460.1730953991959,303.33545834834877,179.92413003882731,0.3157293500534232,179.61051067685537,1739335849666
123.72190946817045,-460.1730943844353,303.3354581568762,179.92412950253788,0.31571574293745935,179.61049707973413,1739335849674
123.72197479918427,-460.17312365882003,303.33543158392814,179.92413652614323,0.31572225082559074,179.61050385241813,1739335849682
123.72192075882849,-460.1731258881602,303.335417794283,179.9241297314104,0.31572247725623326,179.6104970471073,1739335849690
123.72191785214196,-460.1732035484783,303.33562604208254,179.92415698903858,0.31572170483094,179.61051080904465,1739335849698
123.72190715315922,-460.1731563771195,303.3353772402151,179.92412949892037,0.31571562246386004,179.61049701449454,1739335849706
123.72190827677058,-460.1731314751681,303.33534966092935,179.9241159094547,0.315716075325142,179.61049700081517,1739335849714
123.72191845779852,-460.17318393088954,303.3355884984531,179.92415691345917,0.3157216684785071,179.61049717696915,1739335849722
123.72193031026171,-460.173202983655,303.33553434620694,179.92415034759887,0.31572862922794614,179.6104971375044,1739335849730
123.72192132063414,-460.17311343718535,303.3354040046394,179.92412301160286,0.31572272169335097,179.6105106374021,1739335849738
123.72190713324571,-460.17315852157094,303.33556082341994,179.924143130774,0.31571533578507327,179.61050396186144,1739335849746
123.72190653754528,-460.1731770669528,303.33550657543987,179.924136409156,0.315715519983031,179.61051751953727,1739335849754
123.72191843386018,-460.17318895307966,303.335428669216,179.92413652498885,0.31572220894282416,179.61049705626817,1739335849762
123.72193862215185,-460.17309006810353,303.3353799634608,179.9241290761724,0.31570208423796253,179.61051060922622,1739335849770
123.72190771496489,-460.1731439261446,303.33536345057144,179.92412274164934,0.3157158578977702,179.6105038062225,1739335849778
123.72191842390347,-460.17319002530473,303.3355204608219,179.92414339710987,0.31572207910464567,179.61051072780387,1739335849786
123.72190887247044,-460.17311292980503,303.33540390890386,179.9241227059963,0.31571590913130326,179.61049704027465,1739335849794
123.72196231712692,-460.17312924583285,303.33536345057144,179.92412277911117,0.3157158669010339,179.6105174032605,1739335849802
123.72193437445503,-460.1730943269592,303.3353665567563,179.9241231667045,0.3157294798884224,179.61049700531882,1739335849814
123.72190717709697,-460.17315135494766,303.3355370694409,179.9241498873907,0.31571508199955745,179.61049713519316,1739335849822
123.72190594184504,-460.1731956123282,303.33545232745786,179.92412950022907,0.31571565917192673,179.61049708437497,1739335849830
123.72190770500774,-460.17314499838204,303.33545524217,179.9241295388453,0.31571571005715443,179.61050388062216,1739335849838
123.72186614671,-460.1731416406934,303.3355095858817,179.92413664099416,0.3157223564212853,179.6105107187403,1739335849846
123.72190770500774,-460.17314499838204,303.33545524217,179.9241295388453,0.31571571005715443,179.61050388062216,1739335849854
123.72185021606121,-460.17323519457796,303.33547990674947,179.9241430896947,0.31571520631064187,179.61049029958386,1739335849862
123.72184179821,-460.17313212485334,303.33524398396406,179.92410216176688,0.315709673051412,179.61050371825087,1739335849870
123.72197419352958,-460.1731432764223,303.3354691275506,179.924136489335,0.3157222601779895,179.6104970887907,1739335849878
123.72196347462878,-460.1730982494929,303.33540390890386,179.92412274345813,0.3157159181345713,179.61051063731264,1739335849886
123.72190834455932,-460.1731192863801,303.3354857361679,179.92414305454176,0.31571528107532076,179.61049029484573,1739335849894
123.72185257493238,-460.17316603525296,303.3355370694409,179.9241498873907,0.3157150819995573,179.61049033672282,1739335849902
123.72191007382752,-460.17307476683317,303.33542061325386,179.92412953934533,0.3157157335858896,179.6105038433615,1739335849910
123.72189344983009,-460.1732022715707,303.335475985705,179.92412251293035,0.31570911840430665,179.610503911051,1739335849918
123.72196057790721,-460.1731748376127,303.3355203650864,179.92414309150342,0.31571526654743576,179.6105039291444,1739335849926
123.72196291282462,-460.1731107004679,303.3354176985474,179.92412953819093,0.315715691703124,179.61051064415233,1739335849934
123.72187859487366,-460.1731421480752,303.33550968161876,179.92413683421447,0.3157291419751952,179.61050392016648,1739335849942
123.7218970539014,-460.1730877826503,303.3355260987589,179.92414282567003,0.315708546756504,179.61049032747098,1739335849950
123.72191898570898,-460.1731775743332,303.3355066711754,179.92413656491453,0.31572229653527717,179.61050392239582,1739335849958
123.72190773890243,-460.1731389039777,303.3355232797928,179.9241431675814,0.31571532643189515,179.61051072548884,1739335849966
123.72190946817045,-460.1730943844353,303.3354581568762,179.92412950253788,0.31571574293745935,179.61049707973413,1739335849974
123.72194216272509,-460.173222036414,303.33548019396045,179.9241437817386,0.3157355899773801,179.61049709803805,1739335849982
123.72198668554398,-460.17313661717054,303.33544546931165,179.92414358902067,0.3157288279513267,179.61051065782078,1739335849990
123.72190717709697,-460.17315135494766,303.3355370694409,179.92414992485246,0.31571509099960016,179.61050393376078,1739335849998
123.72190598569648,-460.17318844569934,303.3354285734805,179.92413640669287,0.3157154413922067,179.61051745197724,1739335850010
123.72193146776766,-460.1731719873015,303.33557480454056,179.9241503119443,0.3157286804647433,179.61049037155658,1739335850018
123.72190714320215,-460.17315744935524,303.3354690318151,179.92413637103988,0.31571549262735754,179.61051068602944,1739335850026
123.72197065726002,-460.1732455765316,303.3355550897371,179.92414339660985,0.31572205557590166,179.6105175635349,1739335850034
123.72183950712848,-460.1731890954031,303.3353228965014,179.92412254661951,0.3157090121086995,179.61050377370782,1739335850042
123.7218952907387,-460.1731383965974,303.3355231840588,179.92414282451563,0.3157085048737371,179.6104903297914,1739335850050
123.72189524688751,-460.17314556321895,303.33554693803933,179.9241361053591,0.3157087676609666,179.61050395502807,1739335850058
123.72193260133517,-460.17314601314274,303.3354554336425,179.9241300376729,0.31572930817065675,179.6105106791758,1739335850066
123.72190717709697,-460.17315135494766,303.3355370694409,179.9241498873907,0.31571508199955745,179.61049713519316,1739335850074
123.72189409933831,-460.1731754873457,303.3354146881013,179.92412938127643,0.3157088732697664,179.61051744514467,1739335850082
123.72194700613548,-460.1731992321723,303.3355478486499,179.92415648774866,0.31570802812982784,179.610510741395,1739335850090
123.72189413323288,-460.17316939294653,303.3354827257276,179.9241428976288,0.31570846263870056,179.61050389430685,1739335850098
123.72186671847406,-460.1731281174923,303.3354040046394,179.92412301160286,0.31572272169335097,179.61050383893172,1739335850106
123.72196231712692,-460.17312924583285,303.33536345057144,179.92412274164934,0.3157158578977702,179.61051060469285,1739335850114
123.72195102646498,-460.17309774211407,303.3354038131698,179.92412251277605,0.31570912357901487,179.61051063732052,1739335850122
123.7217985345743,-460.17316826458205,303.3355232797928,179.9241431675814,0.3157153264318952,179.61049712854808,1739335850130
123.72196055397028,-460.17317985977905,303.3353605358532,179.92412274049497,0.315715816015004,179.61051060701328,1739335850138
123.72196349856615,-460.173093227312,303.33556373812024,179.92414316939022,0.31571538666868365,179.610517556579,1739335850146
123.72192018706615,-460.173139411358,303.33552337552834,179.92414332333917,0.3157221029857727,179.6104971283482,1739335850154
123.72196057790721,-460.1731748376127,303.3355203650864,179.92414316642697,0.3157152845491295,179.61051752627964,1739335850162
123.72186558490299,-460.17315409166486,303.33552337552834,179.9241432858766,0.31572209398494655,179.6104835313102,1739335850170
123.7218952907387,-460.1731383965974,303.3355231840588,179.92414286197658,0.31570851387461796,179.61049712835901,1739335850178
123.72196350852248,-460.17309215509647,303.33547194652135,179.9241362972707,0.3157155165068176,179.61050388504412,1739335850186
123.7219629467184,-460.17310460606814,303.3354857361679,179.92414312946528,0.31571529907702334,179.61051069045135,1739335850194
123.72192016312859,-460.1731444335249,303.33536354630695,179.92412300979407,0.31572266145655015,179.6105106047823,1739335850206
123.72191782820317,-460.1732085706817,303.3354662128384,179.92413652564318,0.3157222272968562,179.6104970912084,1739335850214
123.72185314669622,-460.1731525120584,303.33543148819257,179.9241363703855,0.3157154742733264,179.61050385261885,1739335850222
123.72189357142742,-460.17318184391644,303.3354965153756,179.92414965490062,0.3157082272071807,179.610497102578,1739335850230
123.72189589639557,-460.1731187789998,303.3354856404339,179.92414289878317,0.3157085045214671,179.6105038919864,1739335850238
123.72185254103684,-460.17317212966043,303.3354690318151,179.92413629611627,0.31571547462405114,179.6104902904238,1739335850246
123.7219195574714,-460.17316405113155,303.33540108992736,179.9241230479111,0.3157226888138163,179.61051743829017,1739335850254
123.72190773890243,-460.1731389039777,303.3355232797928,179.92414309265789,0.3157153084302017,179.6104971283536,1739335850262
123.72197539488216,-460.173105113447,303.33548583190344,179.92414336014738,0.31572209363256704,179.61051069044595,1739335850270
123.72186445133299,-460.17318006580473,303.33564274643385,179.92416374746324,0.31572151128304987,179.61049721652657,1739335850278
123.72196234106387,-460.1731242236659,303.3355232797928,179.9241431675814,0.3157153264318952,179.6105175239592,1739335850286
123.72196058786382,-460.1731737653878,303.3354285734805,179.92413629430754,0.31571541438725303,179.61050385474476,1739335850294
123.72194696228505,-460.17320639879716,303.33557160262757,179.92414976859212,0.31570829091542835,179.6105243666317,1739335850302
123.72190714320215,-460.17315744935524,303.3354690318151,179.92413629611627,0.31571547462405103,179.61049708889416,1739335850310
123.7219071093077,-460.17316354375123,303.33540099419184,179.9241227048419,0.3157158672485364,179.61049704259509,1739335850318
123.7219230837969,-460.17306282323864,303.3354069193458,179.924122937832,0.31572274556964,179.6104970379464,1739335850326
123.72190485212887,-460.1732144198627,303.335547944384,179.92415671843077,0.31571482268538414,179.6105039429208,1739335850335
123.72190657144023,-460.17317097254085,303.335574613068,179.92415000043027,0.31571512735369583,179.6105175658363,1739335850343
123.72193801649699,-460.1731096857101,303.3354175070808,179.92412903936653,0.31570209358948215,179.6105038455988,1739335850351
123.7218620246703,-460.17326141396086,303.335449508475,179.92412980468117,0.31572242984959664,179.61050388535327,1739335850359
123.72190890636485,-460.1731068354085,303.33547194652135,179.9241362972707,0.3157155165068176,179.61049708657376,1739335850367
123.72190654750204,-460.1731759947261,303.33541478383535,179.92412957449832,0.31571565882281494,179.61051064657,1739335850375
123.72200213621309,-460.1731781952944,303.33546602136886,179.9241360642806,0.31570863818570144,179.61051068816158,1739335850382
123.72186495530539,-460.1731787314384,303.33540108992736,179.92412293552317,0.31572266180410746,179.61049024411687,1739335850394
123.72197190246305,-460.17320024693004,303.3355480401195,179.9241569491129,0.3157216172409278,179.61051074138734,1739335850402
123.72189472893324,-460.1731508475674,303.33553697370684,179.92414961924848,0.31570827844389915,179.61049033663016,1739335850410
123.72189357142742,-460.17318184391644,303.3354965153756,179.92414969236154,0.315708236207251,179.61050390114562,1739335850418
123.72185310284391,-460.17315967868734,303.33545524217,179.9241295763071,0.3157157190596117,179.61050388071945,1739335850426
123.72190768107097,-460.17315002052493,303.33529541295263,179.92410911291313,0.31571624151897637,179.6104969613557,1739335850434
123.72190831066477,-460.1731253807798,303.3354176985474,179.92412957565273,0.3157157007055813,179.6105106442496,1739335850442
123.72186497924392,-460.173173709258,303.33556091915545,179.9241433614561,0.3157221303406169,179.61049716338567,1739335850450
123.72196291282462,-460.1731107004679,303.3354176985474,179.92412953819093,0.315715691703124,179.61051064415233,1739335850458
123.72197422742363,-460.1731371820148,303.33553716517645,179.92415011807202,0.31572187655512834,179.61050393365892,1739335850466
123.72190658139664,-460.1731699003269,303.3354828214617,179.9241430908491,0.3157152481934077,179.6104970957338,1739335850474
123.72191959136586,-460.17315795673557,303.3354691275506,179.92413660172278,0.3157222871828738,179.61051068602325,1739335850482
123.72190658139664,-460.1731699003269,303.3354828214617,179.92414312831087,0.31571525719425686,179.61050389430142,1739335850490
123.72190481823395,-460.173220514273,303.33547990674947,179.9241430896947,0.31571520631064187,179.61049709805422,1739335850498
123.72189588643914,-460.1731198512135,303.3355774320342,179.9241496959791,0.31570835668083336,179.61050396638524,1739335850506
123.72191839000875,-460.1731961197085,303.3354524231934,179.92412973091038,0.3157224537274978,179.61049708436795,1739335850514
123.72189409933831,-460.1731754873457,303.3354146881013,179.92412934381542,0.315708864267286,179.61051064657704,1739335850522
123.72192015317145,-460.17314550576236,303.3354553379055,179.92412969460216,0.3157224866078249,179.6104902834799,1739335850530
123.72189413323288,-460.17316939294653,303.3354827257276,179.9241428976288,0.31570846263870056,179.61050389430685,1739335850538
123.72193140993532,-460.17318310387503,303.3353469376836,179.92411633219942,0.3157296135495061,179.61049020455073,1739335850546
123.72186322603186,-460.17322325098826,303.3354662128384,179.92413660056835,0.31572224530010806,179.6105038898733,1739335850554
123.72195222781757,-460.1730595791421,303.3354205175198,179.92412930866325,0.3157089390303333,179.61051064183894,1739335850562
123.72193263522986,-460.1731399187384,303.33552347126533,179.92414359148384,0.3157289065421505,179.61050392691044,1739335850574
123.72190827677058,-460.1731314751681,303.33534966092935,179.9241159469166,0.31571608432921644,179.6105037993828,1739335850582
123.72189586250104,-460.1731248733995,303.3354176028134,179.92412930750882,0.31570889714756767,179.61050384568898,1739335850590
123.72190425642849,-460.17323296524296,303.3354936963976,179.9241498844275,0.3157149798799986,179.6104971048938,1739335850598
123.72189585254424,-460.1731259456258,303.33550939441216,179.92413614216576,0.3157087583086212,179.61051071865546,1739335850606
123.72186383169121,-460.1732036333863,303.335428669216,179.9241365624514,0.3157222179444525,179.61049705636543,1739335850614
123.72195158826923,-460.17308529113745,303.3353900235277,179.92411575550432,0.3157093590145591,179.61051742904925,1739335850622
123.72190537008305,-460.17320913551765,303.33555790871355,179.92414305469606,0.3157152759006047,179.6104903670466,1739335850630
123.72188401003734,-460.1731058206478,303.33547175505464,179.92413579844794,0.31570191839392314,179.61049028801864,1739335850638
123.72185021606121,-460.17323519457796,303.33547990674947,179.92414312715644,0.31571521531149127,179.61049709815148,1739335850646
123.721853732442,-460.1731350388994,303.3355775277683,179.92414992666122,0.31571515123638977,179.61049716791024,1739335850654
123.72196175532275,-460.1731416968078,303.3353772402151,179.92412949892037,0.3157156224638601,179.61050381296488,1739335850662
123.72190653754528,-460.1731770669528,303.33550657543987,179.92413637169423,0.31571551098138456,179.61051072096967,1739335850670
123.7219736317255,-460.173155727394,303.3354829171972,179.9241432466053,0.31572202474732164,179.61049029706348,1739335850678
123.72196291282462,-460.1731107004679,303.3354176985474,179.92412953819093,0.315715691703124,179.61051064415233,1739335850686
123.72186383169121,-460.1732036333863,303.335428669216,179.92413652498882,0.3157222089428242,179.6104902577978,1739335850694
123.72190597573976,-460.17318951792436,303.3355203650864,179.92414309150342,0.3157152665474357,179.61049713067402,1739335850702
123.72183720609058,-460.17324713816606,303.3354936006635,179.92414969120713,0.3157081943244854,179.6104971049957,1739335850710
123.72197423738021,-460.17313610979164,303.3354453735746,179.9241433583386,0.3157220333957704,179.61051065782615,1739335850718
123.72191958140942,-460.1731590289512,303.33556091915545,179.9241433989187,0.315722139341434,179.61051076042367,1739335850726
123.72194812974341,-460.17317433023385,303.33552026935234,179.92414289828312,0.3157084809927286,179.61051072771747,1739335850734
123.72193146776766,-460.1731719873015,303.33557480454056,179.92415034940763,0.3157286894647358,179.6104971701242,1739335850742
123.72196114966792,-460.1731613144145,303.33541478383535,179.92412953703652,0.3157156498203575,179.61051064647276,1739335850750
123.72184239391167,-460.1731135795027,303.3352982319369,179.92410895830844,0.3157095068559697,179.61050375770958,1739335850758
123.72194870150412,-460.1731608070356,303.3354146881013,179.92412926889344,0.31570884626231194,179.61050384791216,1739335850770
123.72192012923468,-460.17315052790536,303.3352955086881,179.9241093810571,0.3157230450794008,179.61050375991388,1739335850778
123.72189466114396,-460.17316303637085,303.3354008984578,179.92412251162165,0.31570908169624834,179.61050384117056,1739335850786
123.7219617453658,-460.1731427690434,303.3354690318151,179.92413637103988,0.3157154926273576,179.6105174844998,1739335850794
123.72185547167206,-460.17308944713875,303.33542061325386,179.92412953934533,0.31571573358588956,179.61049704489116,1739335850802
123.72196178921645,-460.1731356024128,303.3354452778391,179.92414312765646,0.31571523884022673,179.61051065783155,1739335850810
123.7218418560419,-460.17312100833215,303.33547185078726,179.92413614151138,0.3157087399545949,179.61050388524487,1739335850818
123.7219082668134,-460.1731325474071,303.33544145252637,179.9241227441125,0.31571593648860236,179.6105038737825,1739335850826
123.72192018706615,-460.173139411358,303.33552337552834,179.92414336080174,0.31572211198659433,179.61050392691578,1739335850834
123.72185140746643,-460.1731981038143,303.3355884027176,179.92415672023958,0.3157148829221726,179.61049717707022,1739335850842
123.7219617453658,-460.1731427690434,303.3354690318151,179.92413629611627,0.31571547462405114,179.61050388736456,1739335850850
123.72190715315922,-460.1731563771195,303.3353772402151,179.92412953638214,0.3157156314663221,179.61050381306217,1739335850858
123.72196114966792,-460.1731613144145,303.33541478383535,179.92412957449832,0.31571565882281494,179.61051744504036,1739335850866
123.72194446375634,-460.1731639936442,303.3353094898042,179.9241165622255,0.3157363897510783,179.61049016960195,1739335850874
123.72191961530461,-460.17315293453123,303.3356289567828,179.92415699019298,0.3157217467137063,179.61051080672422,1739335850882
123.72190890636485,-460.1731068354085,303.33547194652135,179.92413633473248,0.31571552550847304,179.61050388514138,1739335850890
123.72195162216279,-460.1730791967443,303.33545806114216,179.9241293093176,0.31570895738436455,179.61051067677917,1739335850898
123.72190597573976,-460.17318951792436,303.3355203650864,179.9241431289652,0.3157152755482848,179.61050392924164,1739335850906
123.72179680529614,-460.1732127841131,303.3355884027176,179.92415675770127,0.31571489192140473,179.61049717716745,1739335850914
123.72184009287315,-460.17317162227863,303.33546893608104,179.92413610289597,0.31570868907015026,179.61049708899768,1739335850922
123.72194985900612,-460.1731298106912,303.33545514643595,179.92412934562424,0.31570892450408267,179.6105174776672,1739335850930
123.7219617453658,-460.1731427690434,303.3354690318151,179.92413633357808,0.31571548362570656,179.61051068593216,1739335850938
123.72188160732317,-460.1731821465925,303.3354383463476,179.92412224413368,0.3157022964913884,179.61049707755103,1739335850946
123.7219106356332,-460.1730623158583,303.33540682361024,179.9241227446126,0.31571596001733687,179.61050383652187,1739335850954
123.72190365077164,-460.17325258284063,303.3355312400223,179.92414999746705,0.3157150252341409,179.61051753553693,1739335850966
123.72188107941223,-460.1731885031637,303.3355201736197,179.924142667601,0.3157016864371594,179.61050392925253,1739335850974
123.721917862098,-460.1732024762747,303.33553425046995,179.92415011691756,0.31572183467236264,179.610497137509,1739335850982
123.72185077786823,-460.17322274360646,303.3354661171029,179.92413629496187,0.3157154327412852,179.61049029274423,1739335850990
123.72196118356175,-460.17315522001513,303.3354828214617,179.92414316577265,0.3157152661951017,179.6105174913394,1739335850998
123.7217985345743,-460.17316826458205,303.3355232797928,179.9241431675814,0.3157153264318952,179.61049712854808,1739335851006
123.72190771496489,-460.1731439261446,303.33536345057144,179.92412274164934,0.3157158578977702,179.6105038062225,1739335851014
123.72186555100754,-460.1731601860692,303.3354553379055,179.92412976952738,0.315722504612698,179.61049708214478,1739335851022
123.72190600963481,-460.1731834235092,303.3355884027176,179.92415672023958,0.3157148829221727,179.61050397554058,1739335851030
123.72186614671,-460.1731416406934,303.3355095858817,179.92413656606897,0.31572233841804287,179.61049712160502,1739335851038
123.72197478922764,-460.17312473104477,303.33552337552834,179.9241433233392,0.31572210298577263,179.61050392681855,1739335851046
123.72185370850329,-460.1731400610852,303.3354176985474,179.9241295756527,0.3157157007055813,179.61050384577922,1739335851054
123.72196054401324,-460.17318093201663,303.33545232745786,179.92412957515268,0.315715677176846,179.6105174799806,1739335851062
123.72190831066477,-460.1731253807798,303.3354176985474,179.9241295007291,0.31571568270066225,179.61049704711434,1739335851070
123.72185250714173,-460.1731782240566,303.33540099419184,179.92412274230375,0.31571587625180464,179.61049704269237,1739335851078
123.72193147772406,-460.17317091508755,303.3354830129342,179.92414355221172,0.31572883730456236,179.610497095723,1739335851086
123.7219077488592,-460.17313783175314,303.33543148819257,179.92413633292372,0.31571546527167527,179.6105038525216,1739335851094
123.72190658139664,-460.1731699003269,303.3354828214617,179.92414312831087,0.31571525719425686,179.61050389430142,1739335851102
123.72189762566379,-460.1730742594528,303.3354205175198,179.92412930866325,0.31570893903033337,179.61050384336855,1739335851110
123.72196001610321,-460.1731872885828,303.3355341547345,179.92414992369802,0.31571504911683457,179.6105107345516,1739335851118
123.72194876929213,-460.1731486182255,303.33555076335625,179.9241564514422,0.31570806101332965,179.61050394050693,1739335851126
123.72200389936374,-460.17312758134784,303.33546893608104,179.92413610289597,0.31570868907015026,179.6105174844088,1739335851134
123.72189353753272,-460.173187938319,303.33542847774646,179.92413606362626,0.3157086198316694,179.61049705628062,1739335851142
123.72192074887168,-460.17312696038647,303.3355095858817,179.92413660353157,0.3157223474196663,179.610510718643,1739335851154
123.72190951202191,-460.17308721780637,303.335434402899,179.92413633407813,0.31571550715444097,179.61050385020116,1739335851162
123.72186266422486,-460.17323570195975,303.335480002485,179.92414339530112,0.31572201886785234,179.6105038967137,1739335851170
123.72191843386018,-460.17318895307966,303.335428669216,179.9241366373766,0.31572223594769566,179.61051745197108,1739335851178
123.72197419352958,-460.1731432764223,303.3354691275506,179.92413652679758,0.31572226917962204,179.61050388735833,1739335851186
123.72191958140942,-460.1731590289512,303.33556091915545,179.92414332399355,0.3157221213397952,179.61049716328841,1739335851194
123.72189293187573,-460.17320755592107,303.33546602136886,179.92413613920252,0.31570865618906285,179.6105106883561,1739335851202
123.72186497924392,-460.173173709258,303.33556091915545,179.92414332399355,0.31572212133979527,179.61049036481805,1739335851210
123.7219071093077,-460.17316354375123,303.33540099419184,179.9241226673801,0.3157158582452638,179.61049024402746,1739335851218
123.72189176441337,-460.1732396244903,303.3355173546402,179.9241428971287,0.3157084391099621,179.6105039315675,1739335851226
123.72196291282462,-460.1731107004679,303.3354176985474,179.92412957565273,0.3157157007055813,179.61051744271992,1739335851234
123.72190598569648,-460.17318844569934,303.3354285734805,179.9241363692311,0.31571543239055994,179.61051065340965,1739335851242
123.72185254103684,-460.17317212966043,303.3354690318151,179.92413637103988,0.31571549262735765,179.61050388755908,1739335851250
123.72185314669622,-460.1731525120584,303.33543148819257,179.9241363703855,0.3157154742733264,179.61050385261885,1739335851258
123.72197358787503,-460.1731628940199,303.3355066711754,179.92413656491453,0.3157222965352772,179.6105107208662,1739335851266
123.72195045470413,-460.17311126531547,303.33550939441216,179.92413617962674,0.31570876731029485,179.61052431569348,1739335851274
123.7219208365746,-460.17311262712826,303.33546207792915,179.9241501167633,0.31572183984707003,179.61049706530812,1739335851282
123.72185369854635,-460.1731411333116,303.3355094901462,179.92413633538686,0.31571554386249934,179.61049712161125,1739335851290
123.72187799917121,-460.173160693451,303.3354554336425,179.9241300376729,0.3157293081706568,179.61050388070544,1739335851298
123.72192015317145,-460.17314550576236,303.3354553379055,179.92412980699,0.3157225136151278,179.61051067918277,1739335851306
123.72196231712692,-460.17312924583285,303.33536345057144,179.92412274164934,0.3157158578977702,179.61051060469285,1739335851314
123.72184008291659,-460.1731726944944,303.33556072768584,179.9241429750138,0.31570855923125624,179.61051076053175,1739335851322
123.72190658139664,-460.1731699003269,303.3354828214617,179.9241430908491,0.3157152481934077,179.6104970957338,1739335851330
123.72178549070601,-460.173186302576,303.33546893608104,179.92413610289597,0.3157086890701502,179.61049029052728,1739335851338
123.72188160732317,-460.1731821465925,303.3354383463476,179.92412224413368,0.3157022964913884,179.61049707755103,1739335851347
123.72194869154745,-460.17316187926224,303.33550647970577,179.9241361410113,0.31570871642585563,179.61051751944626,1739335851355
123.7219195574714,-460.17316405113155,303.33540108992736,179.92412289806055,0.31572265280086226,179.61049024401964,1739335851363
123.72196113971125,-460.1731623866411,303.33550657543987,179.92413633423243,0.3157155019797337,179.6105107208724,1739335851374
123.72189526680116,-460.1731434187642,303.3353633548374,179.92412254842827,0.31570907234550505,179.61051060479798,1739335851382
123.72190484217289,-460.1732154920647,303.335639735998,179.9241635905501,0.31571469284158665,179.6105176144556,1739335851390
123.7218678859408,-460.1730960489093,303.33535267137717,179.92411610382774,0.31572290275942755,179.6104834014481,1739335851398
123.72190658139664,-460.1731699003269,303.3354828214617,179.92414316577265,0.31571526619510165,179.61051069286904,1739335851406
123.72189530069544,-460.17313732437276,303.33543139245853,179.92413602731966,0.3157086527127488,179.61049025539256,1739335851414
123.72190597573976,-460.17318951792436,303.3355203650864,179.9241431289652,0.3157152755482848,179.61050392924164,1739335851422
123.72195945429928,-460.1731997395512,303.335547944384,179.92415671843077,0.3157148226853842,179.61051074139115,1739335851430
123.72186438354129,-460.1731922546398,303.3355066711754,179.92413648998937,0.31572227853201684,179.61048352679018,1739335851438
123.72185254103684,-460.17317212966043,303.3354690318151,179.9241362586545,0.3157154656223913,179.6104834918562,1739335851446
123.72194926330828,-460.1731483560607,303.3354008984578,179.92412251162165,0.3157090816962483,179.61051063964095,1739335851454
123.72190890636485,-460.1731068354085,303.33547194652135,179.9241362972707,0.3157155165068176,179.61049708657376,1739335851462
123.72201577576888,-460.17314161191103,303.335574613068,179.92414992550678,0.31571510935362374,179.61051756564177,1739335851470
123.72190887247044,-460.17311292980503,303.33540390890386,179.92412274345813,0.3157159181345713,179.6105038388423,1739335851478
123.72189641434983,-460.17311349465257,303.33549560476706,179.92412927251095,0.31570896673590293,179.61049711468138,1739335851486
123.72185193537764,-460.17319174725793,303.33550657543987,179.924136409156,0.3157155199830311,179.6105107210669,1739335851494
123.721918366072,-460.1732011418509,303.3352925939639,179.92410937990266,0.3157230031966352,179.61050376223432,1739335851502
123.72189642430669,-460.17311242242465,303.3354038131698,179.92412251277605,0.3157091235790149,179.61050383885012,1739335851510
123.72190597573976,-460.17318951792436,303.3355203650864,179.92414309150342,0.3157152665474357,179.61049713067402,1739335851518
123.72197303602758,-460.1731742727667,303.335428669216,179.9241366373766,0.31572223594769566,179.61052425044144,1739335851526
123.72191846775486,-460.1731828586771,303.3354967068452,179.9241501162632,0.31572181631833535,179.61049710256876,1739335851534
123.72190650365069,-460.1731831613532,303.3354385378142,179.92412270549625,0.3157158856025685,179.6104970775353,1739335851542
123.72186498920048,-460.1731726370423,303.3354691275506,179.92413656426018,0.31572227818125015,179.61049708898523,1739335851550
123.7219747652907,-460.1731297532118,303.33536354630695,179.92412297233145,0.31572265245331377,179.61051060468506,1739335851562
123.72189469503842,-460.1731569419749,303.33546893608104,179.92413610289597,0.31570868907015015,179.61050388746804,1739335851570
123.7218525848892,-460.1731649630299,303.3354452778391,179.92414309019472,0.3157152298393775,179.6104902623232,1739335851578
123.72190769505124,-460.17314607059933,303.33554703377337,179.9241363360412,0.31571556221652286,179.6105039550218,1739335851586
123.72190538003946,-460.1732080633014,303.3354661171029,179.92413633242367,0.31571544174294075,179.61050388978222,1739335851594
123.7219071671409,-460.1731524271509,303.33562886104727,179.92415672204834,0.31571494315895837,179.6105040081604,1739335851602
123.72196118356175,-460.17315522001513,303.3354828214617,179.92414312831087,0.31571525719425686,179.61051069277178,1739335851610
123.72190831066477,-460.1731253807798,303.3354176985474,179.92412957565273,0.3157157007055813,179.6105106442496,1739335851618
123.7218684716858,-460.17307857577345,303.3354987109369,179.92412977249057,0.3157226067322583,179.61049711244416,1739335851626
123.72191899566576,-460.17317650210646,303.33541487957086,179.92412980518122,0.3157224533783312,179.61051064656297,1739335851634
123.72189472893324,-460.1731508475674,303.33553697370684,179.92414969417032,0.3157082964440439,179.61050393376541,1739335851642
123.72191842390347,-460.17319002530473,303.3355204608219,179.92414332218473,0.3157220611030067,179.6104971306686,1739335851650
123.72190950206513,-460.17308829003065,303.335526194493,179.92414316873584,0.3157153683146616,179.61051072316843,1739335851658
123.72185020610468,-460.1732362667925,303.33557169836166,179.92414992435238,0.3157150674708576,179.61049717255108,1739335851666
123.72190768107097,-460.17315002052493,303.33529541295263,179.92410911291313,0.31571624151897637,179.6104969613557,1739335851674
123.72196000614731,-460.1731883607864,303.335625946347,179.92415672089393,0.3157149012761918,179.61051080895118,1739335851682
123.72191960132294,-460.17315688449986,303.3353773359506,179.92412976706424,0.3157224260218657,179.61050381305515,1739335851690
123.72194929720202,-460.1731422616645,303.33546893608104,179.92413610289597,0.3157086890701502,179.61051068593844,1739335851698
123.72190597573976,-460.17318951792436,303.3355203650864,179.92414316642697,0.3157152845491295,179.61051072780927,1739335851706
123.72197356393825,-460.1731679161814,303.33534684194666,179.92411617644427,0.3157228370019938,179.610510600165,1739335851714
123.72191843386018,-460.17318895307966,303.335428669216,179.92413659991402,0.31572222694607627,179.61051065340345,1739335851722
123.72185370850329,-460.1731400610852,303.3354176985474,179.92412953819093,0.3157156917031241,179.61049704721157,1739335851730
123.72194985900612,-460.1731298106912,303.33545514643595,179.9241293081632,0.3157089155015981,179.6105106790996,1739335851738
123.72190891632195,-460.17310576317334,303.33538015492746,179.92412957499837,0.31571568235154523,179.61051060930936,1739335851746
123.72190598569648,-460.17318844569934,303.3354285734805,179.92413633176932,0.31571542338890873,179.61050385484202,1739335851754
123.72190714320215,-460.17315744935524,303.3354690318151,179.92413640850162,0.3157155016290041,179.61051748459704,1739335851762
123.72184128427833,-460.1731345315176,303.3355774320342,179.9241496959791,0.3157083566808334,179.61049716791487,1739335851770
123.72190770500774,-460.17314499838204,303.33545524217,179.9241295388453,0.31571571005715443,179.61050388062216,1739335851778
123.72179851063561,-460.1731732867489,303.33536345057144,179.92412274164937,0.3157158578977702,179.61049020928175,1739335851786
123.72183953106615,-460.1731840732502,303.3354827257276,179.92414286016782,0.31570845363782407,179.61049029726885,1739335851798
123.72190653754528,-460.1731770669528,303.33550657543987,179.92413629677063,0.3157154929780782,179.6104971238344,1739335851806
123.72191963521736,-460.17315079010496,303.3354453735746,179.92414339580114,0.31572204239658774,179.6105106579234,1739335851814
123.72186378783891,-460.17321080001517,303.3354524231934,179.92412976837298,0.3157224627299322,179.6104970844652,1739335851822
123.7218934936813,-460.1731951049478,303.3354522317238,179.9241293070088,0.31570887361883226,179.61050388294964,1739335851830
123.72191958140942,-460.1731590289512,303.33556091915545,179.9241433989187,0.315722139341434,179.61051076042367,1739335851838
123.72196055397028,-460.17317985977905,303.3353605358532,179.92412274049497,0.315715816015004,179.61051060701328,1739335851846
123.72196406037021,-460.1730807763403,303.33554994847367,179.92413633719565,0.3157156040992889,179.61051075117177,1739335851854
123.72190654750204,-460.1731759947261,303.33541478383535,179.92412957449832,0.31571565882281494,179.61051064657,1739335851862
123.72190770500774,-460.17314499838204,303.33545524217,179.92412950138348,0.3157157010546928,179.61049708205454,1739335851870
123.72190890636485,-460.1731068354085,303.33547194652135,179.92413633473248,0.31571552550847304,179.61050388514138,1739335851878
123.72186263032961,-460.1732417963588,303.3354119648525,179.92412972910157,0.3157223934907012,179.6104902532778,1739335851886
123.72186612277207,-460.17314666285546,303.33534975666487,179.924116140136,0.315722869880713,179.61049020233617,1739335851894
123.72190601959116,-460.17318235129676,303.3354966111097,179.92414988558193,0.3157150217627644,179.61049710257336,1739335851902
123.72187506853638,-460.1732433759677,303.3355038522002,179.92413679444223,0.3157290492080671,179.6104971262397,1739335851910
123.72194389199319,-460.17317751686716,303.3354150710463,179.92413022908278,0.3157360334870137,179.6105038479814,1739335851918
123.72190714320215,-460.17315744935524,303.3354690318151,179.92413633357808,0.31571548362570656,179.61050388746182,1739335851926
123.72190709935087,-460.17316461597954,303.33549278579477,179.92412957696143,0.31571573741363945,179.61051071413002,1739335851934
123.72189525684401,-460.17314449100166,303.33545514643595,179.9241293081632,0.3157089155015981,179.6105038806292,1739335851942
123.72185547167206,-460.17308944713875,303.33542061325386,179.92412953934533,0.31571573358588956,179.61049704489116,1739335851950
123.72190484217289,-460.1732154920647,303.335639735998,179.924163478165,0.31571466584630953,179.6104972187527,1739335851958
123.72192015317145,-460.17314550576236,303.3354553379055,179.92412976952738,0.315722504612698,179.61050388061514,1739335851966
123.72194869154745,-460.17316187926224,303.33550647970577,179.92413617847228,0.31570872542752954,179.6105243180139,1739335851974
123.72200562862146,-460.1730830617971,303.3354038131698,179.92412251277605,0.3157091235790149,179.61051743579088,1739335851982
123.72196062175775,-460.1731676709851,303.3354966111097,179.92414992304364,0.3157150307628074,179.61051069961138,1739335851990
123.72190830070798,-460.17312645300615,303.3355094901462,179.92413633538686,0.31571554386249934,179.6105039200816,1739335851998
123.72190654750204,-460.1731759947261,303.33541478383535,179.92412953703652,0.31571564982035755,179.61050384800237,1739335852006
123.72196231712692,-460.17312924583285,303.33536345057144,179.92412274164934,0.3157158578977702,179.61051060469285,1739335852018
123.72179736710451,-460.17320033314485,303.335574613068,179.92414992550678,0.3157151093536238,179.61049037176028,1739335852026
123.72190482819101,-460.1732194420388,303.335388115142,179.92413636742228,0.3157153721537596,179.61051062078985,1739335852034
123.7219077488592,-460.17313783175314,303.33543148819257,179.9241363703855,0.3157154742733264,179.6105106510892,1739335852042
123.72190658139664,-460.1731699003269,303.3354828214617,179.92414312831087,0.31571525719425686,179.61050389430142,1739335852050
123.72189706385818,-460.173086710426,303.335434307165,179.92413606593504,0.3157087035972018,179.61049705163978,1739335852058
123.72190654750204,-460.1731759947261,303.33541478383535,179.92412949957472,0.31571564081789566,179.61049704943474,1739335852066
123.72191905349925,-460.1731653854979,303.33564274643385,179.92416378492575,0.31572152028144806,179.61051081356456,1739335852074
123.7219617453658,-460.1731427690434,303.3354690318151,179.92413629611627,0.31571547462405114,179.61050388736456,1739335852082
123.72180743244986,-460.17327502202295,303.33535771686445,179.9241230074852,0.31572257769101963,179.61049701248243,1739335852090
123.72189702000672,-460.1730938770549,303.33545806114216,179.9241292718566,0.3157089483818757,179.61049707974118,1739335852098
123.72196057790721,-460.1731748376127,303.3355203650864,179.9241431289652,0.3157152755482849,179.610510727712,1739335852106
123.7218952907387,-460.1731383965974,303.3355231840588,179.92414286197658,0.31570851387461796,179.61049712835901,1739335852114
123.72184006893568,-460.17317664442646,303.3353091068593,179.9241157144257,0.3157092295368553,179.61049696830133,1739335852122
123.72186322603186,-460.17322325098826,303.3354662128384,179.92413656310575,0.3157222362984844,179.61049709130566,1739335852130
123.72202879569144,-460.1731285961026,303.3354691275506,179.92413652679758,0.315722269179622,179.6105106858287,1739335852138
123.7219071093077,-460.17316354375123,303.33540099419184,179.92412274230375,0.3157158762518046,179.6105038411627,1739335852146
123.72191959136586,-460.17315795673557,303.3354691275506,179.92413652679758,0.31572226917962204,179.61049708888797,1739335852154
123.72192135452856,-460.1731073427888,303.33547204225687,179.92413656541459,0.31572232006401674,179.61050388513516,1739335852162
123.72192791750426,-460.1732782373783,303.3354091458652,179.92412995862844,0.31572914616351944,179.61049705406163,1739335852170
123.72191846775486,-460.1731828586771,303.3354967068452,179.92415015372575,0.31572182531835097,179.61050390113638,1739335852178
123.72191959136586,-460.17315795673557,303.3354691275506,179.92413660172278,0.3157222871828738,179.61051068602325,1739335852186
123.72190486208548,-460.1732133476409,303.3354561527751,179.92414992123489,0.3157149705260098,179.6105038685212,1739335852194
123.7219920807893,-460.1731024341775,303.3355911259512,179.92415626002978,0.31570133569381315,179.61051757016855,1739335852202
123.72193625334029,-460.17316029965673,303.3354145923688,179.92412911313252,0.31570206971174436,179.61051744505448,1739335852210
123.72185137357063,-460.17320419822954,303.3355203650864,179.9241431289652,0.3157152755482849,179.61049713077128,1739335852218
123.72194754400232,-460.1731918033751,303.33537422976286,179.92412930454566,0.31570879502799964,179.61051061386001,1739335852230
123.72189641434983,-460.17311349465257,303.33549560476706,179.92412930997196,0.31570897573839174,179.610503913249,1739335852238
123.72190713324571,-460.17315852157094,303.33556082341994,179.924143130774,0.31571533578507327,179.61050396186144,1739335852246
123.72189702000672,-460.1730938770549,303.33545806114216,179.9241293467786,0.3157089663868491,179.6105106768764,1739335852254
123.72189408938154,-460.17317655957254,303.33550647970577,179.92413617847228,0.3157087254275295,179.61051751954352,1739335852262
123.72189237007021,-460.1732200068927,303.33547981101543,179.92414289647434,0.3157084207559349,179.61050389662728,1739335852270
123.72194872544168,-460.1731557848502,303.3355745173339,179.92414969482465,0.31570831479806744,179.61051076717604,1739335852278
123.72190538003946,-460.1732080633014,303.3354661171029,179.92413633242367,0.31571544174294075,179.61050388978222,1739335852286
123.72185138352756,-460.1732031260045,303.3354285734805,179.9241363692311,0.31571543239056,179.61050385493928,1739335852294
123.72190773890243,-460.1731389039777,303.3355232797928,179.92414313011966,0.3157153174310506,179.6105039269212,1739335852302
123.72184127029723,-460.1731384814572,303.3353258112198,179.92412254777395,0.31570905399146454,179.61050377138739,1739335852310
123.72187800912856,-460.1731596212137,303.3353636420439,179.92412320301352,0.31572944700887007,179.6104970077365,1739335852318
123.72190771496489,-460.1731439261446,303.33536345057144,179.92412274164934,0.3157158578977702,179.6105038062225,1739335852326
123.72190658139664,-460.1731699003269,303.3354828214617,179.92414312831087,0.31571525719425686,179.61050389430142,1739335852334
123.72195997225283,-460.17319445520604,303.33555790871355,179.92414312961958,0.3157152939023072,179.61051076265224,1739335852342
123.7218952907387,-460.1731383965974,303.3355231840588,179.92414289943753,0.3157085228754943,179.61050392692664,1739335852350
123.72190538003946,-460.1732080633014,303.3354661171029,179.92413636988542,0.31571545074459184,179.61051068834988,1739335852358
123.7219077488592,-460.17313783175314,303.33543148819257,179.92413629546192,0.31571545627001985,179.61049705395394,1739335852366
123.72190714320215,-460.17315744935524,303.3354690318151,179.92413637103988,0.31571549262735754,179.61051068602944,1739335852374
123.72189586250104,-460.1731248733995,303.3354176028134,179.92412930750882,0.31570889714756767,179.61050384568898,1739335852382
123.7219077488592,-460.17313783175314,303.33543148819257,179.92413625800015,0.3157154472683598,179.61049025538634,1739335852390
123.72190714320215,-460.17315744935524,303.3354690318151,179.92413640850162,0.3157155016290041,179.61051748459704,1739335852398
123.72191059178184,-460.1730694824839,303.33543057759044,179.9241160254579,0.3157162228109497,179.61051746175764,1739335852406
123.7219071093077,-460.17316354375123,303.33540099419184,179.9241227048419,0.3157158672485364,179.61049704259509,1739335852414
123.72185081176369,-460.17321664919945,303.3355341547345,179.92414992369802,0.31571504911683457,179.61049713761085,1739335852422
123.72194751010898,-460.17319789775837,303.33530619213514,179.92411567581024,0.31570917864998754,179.61050376899487,1739335852430
123.72194870150412,-460.1731608070356,303.3354146881013,179.92412926889344,0.31570884626231194,179.61050384791216,1739335852438
123.72192022096117,-460.17313331694254,303.3355914131534,179.92415695207612,0.315721719360482,179.61050397321634,1739335852446
123.72189350363848,-460.17319403271034,303.3353604401192,179.92412250981286,0.3157090214594477,179.61050380855076,1739335852454
123.72196114966792,-460.1731613144145,303.33541478383535,179.92412949957472,0.3157156408178956,179.6105038479051,1739335852466
123.72191730029259,-460.173214927243,303.3355480401195,179.92415691165039,0.3157216082417185,179.61049714434935,1739335852474
123.72196167757878,-460.1731549578243,303.3353329565704,179.9241091135675,0.3157162598730158,179.61050379476626,1739335852482
123.72190949210896,-460.1730893622354,303.33561798609196,179.92414992847,0.3157152114731749,179.61050399900043,1739335852490
123.72186558490299,-460.17315409166486,303.33552337552834,179.92414332333917,0.31572210298577263,179.61049032987782,1739335852498
123.72182937398301,-460.1731265953468,303.3354037174372,179.92412228209398,0.3157023290234459,179.61049704038766,1739335852506
123.72198896665414,-460.17308071888095,303.33545834834877,179.9241300013639,0.31572934105102074,179.6105106767581,1739335852514
123.72190717709697,-460.17315135494766,303.3355370694409,179.92414999977592,0.3157151089996723,179.61051753089606,1739335852522
123.72195998220913,-460.1731933829899,303.3354661171029,179.92413629496187,0.31571543274128516,179.610503889685,1739335852530
123.72196293676214,-460.17310567828207,303.3355775277683,179.92414996412296,0.31571516023642787,179.6105175634186,1739335852538
123.72178372753137,-460.17323691652183,303.33546602136886,179.9241360642806,0.31570863818570144,179.61048349428012,1739335852546
123.72190482819101,-460.1732194420388,303.335388115142,179.92413629249873,0.3157153541504523,179.6104970236546,1739335852554
123.72190657144023,-460.17317097254085,303.335574613068,179.92414988804504,0.315715100353581,179.61049717013339,1739335852562
123.72196171147208,-460.17314886343956,303.33540099419184,179.92412277976555,0.3157158852550682,179.61051743820073,1739335852570
123.72191959136586,-460.17315795673557,303.3354691275506,179.92413660172278,0.3157222871828738,179.61051068602325,1739335852578
123.72191843386018,-460.17318895307966,303.335428669216,179.92413656245142,0.3157222179444525,179.6105038548358,1739335852586
123.72191842390347,-460.17319002530473,303.3355204608219,179.92414332218473,0.3157220611030067,179.6104971306686,1739335852594
123.72186435960333,-460.17319727680126,303.33534684194666,179.92411617644427,0.31572283700199383,179.61049700322425,1739335852602
123.7219195574714,-460.17316405113155,303.33540108992736,179.92412297298583,0.31572267080734817,179.6105038411549,1739335852610
123.72191900562322,-460.17317542985995,303.3353230879709,179.92412293306003,0.31572258321326707,179.61049697502725,1739335852618
123.72190365077164,-460.17325258284063,303.3355312400223,179.9241499225436,0.31571500723406815,179.61050393840165,1739335852626
123.72190834455932,-460.1731192863801,303.3354857361679,179.92414312946528,0.31571529907702334,179.61050389198098,1739335852634
123.72195829679718,-460.17323073590006,303.3355074860471,179.924156716622,0.31571476244859065,179.61051070877136,1739335852642
123.72188108936895,-460.17318743093864,303.33542838201396,179.9241358704051,0.3157018342777834,179.61050385485453,1739335852650
123.72190830070798,-460.17312645300615,303.3355094901462,179.92413629792506,0.3157155348608441,179.610497121514,1739335852658
123.72196113971125,-460.1731623866411,303.33550657543987,179.92413633423243,0.3157155019797337,179.6105107208724,1739335852666
123.7219077488592,-460.17313783175314,303.33543148819257,179.92413640784727,0.315715483274973,179.61051744965684,1739335852674
123.72185375235576,-460.1731328944518,303.3353939445725,179.92413633226934,0.31571544691764003,179.610497019111,1739335852682
123.72191958140942,-460.1731590289512,303.33556091915545,179.9241433989187,0.315722139341434,179.61051076042367,1739335852690
123.72189356147108,-460.1731829161289,303.3355883069835,179.92415648955748,0.3157080883666163,179.6105039755444,1739335852698
123.72195103642238,-460.17309666986625,303.3353120215776,179.92411575304118,0.31570928042371804,179.61051736148923,1739335852706
123.72183892540694,-460.1732036908477,303.33552026935234,179.92414289828312,0.3157084809927285,179.6104971307767,1739335852718
123.72184012676871,-460.17316552787116,303.33553697370684,179.9241496567094,0.31570828744397367,179.61049033672745,1739335852722
123.72189413323288,-460.17316939294653,303.3354827257276,179.9241428976288,0.31570846263870056,179.61050389430685,1739335852734
123.7219464004811,-460.1732188497656,303.3355853922771,179.92415652586396,0.3157080554831097,179.61051757490281,1739335852742
123.72186675236924,-460.17312202309574,303.33547204225687,179.92413656541459,0.3157223200640166,179.6104970866648,1739335852750
123.72196057790721,-460.1731748376127,303.3355203650864,179.92414316642697,0.3157152845491295,179.61051752627964,1739335852758
123.72190653754528,-460.1731770669528,303.33550657543987,179.92413633423243,0.3157155019797336,179.61050392240202,1739335852766
123.72190713324571,-460.17315852157094,303.33556082341994,179.924143130774,0.31571533578507327,179.61050396186144,1739335852774
123.72189236011384,-460.1732210791073,303.33557160262757,179.92414969367024,0.3157082729153012,179.61050397102608,1739335852782
123.72190834455932,-460.1731192863801,303.3354857361679,179.92414324185057,0.31571532607954395,179.6105242876839,1739335852790
123.72197532709492,-460.17311730223526,303.33534975666487,179.92411617759865,0.3157228788847601,179.61051059784455,1739335852798
123.72190597573976,-460.17318951792436,303.3355203650864,179.9241431289652,0.3157152755482848,179.61050392924164,1739335852806
123.72190831066477,-460.1731253807798,303.3354176985474,179.92412953819093,0.315715691703124,179.61050384568193,1739335852814
123.72196234106387,-460.1731242236659,303.3355232797928,179.92414313011966,0.3157153174310506,179.61051072539158,1739335852822
123.72189469503842,-460.1731569419749,303.33546893608104,179.92413614035695,0.3157086980718286,179.61051068603567,1739335852830
123.72195045470413,-460.17311126531547,303.33550939441216,179.9241361047048,0.31570874930694304,179.61051071855823,1739335852838
123.72192019702288,-460.1731383391334,303.33543158392814,179.92413652614323,0.31572225082559074,179.61049705394774,1739335852846
123.72185137357063,-460.17320419822954,303.3355203650864,179.92414316642697,0.3157152845491296,179.6105039293389,1739335852854
123.72190594184504,-460.1731956123282,303.33545232745786,179.92412950022907,0.31571565917192673,179.61049708437497,1739335852862
123.72190767111341,-460.1731510927747,303.33538720454965,179.9241159850328,0.31571611168732167,179.61051063289065,1739335852870
123.72185136361445,-460.1732052704347,303.3356121566975,179.92414992616116,0.31571512770764215,179.6104972051709,1739335852878
123.72190771496489,-460.1731439261446,303.33536345057144,179.92412274164934,0.3157158578977702,179.6105038062225,1739335852886
123.72186732413361,-460.1731084998857,303.3353664610193,179.92412297348585,0.31572269433607936,179.61049700542387,1739335852894
123.72197478922764,-460.17312473104477,303.33552337552834,179.92414336080174,0.31572211198659433,179.61051072538618,1739335852902
123.72196235102051,-460.17312315144113,303.33543148819257,179.92413633292372,0.3157154652716753,179.61051065099196,1739335852910
123.72185429424897,-460.1731225879295,303.33556373812024,179.92414313192845,0.3157153776678394,179.61049716107064,1739335852918
123.7218548321176,-460.17311515913394,303.3353901192617,179.92411594872533,0.3157161445660184,179.61049703353223,1739335852926
123.72197655238435,-460.1730741170975,303.33552629022853,179.9241434368813,0.31572217187099044,179.61052432020102,1739335852934
123.72191722254632,-460.17322818827944,303.33550375646325,179.92413656376013,0.31572225465251075,179.61050392471626,1739335852942
123.72186560884289,-460.1731490694417,303.3356832047598,179.92416382419702,0.31572158951662294,179.61051084628164,1739335852950
123.72190597573976,-460.17318951792436,303.3355203650864,179.92414316642697,0.3157152845491295,179.61051072780927,1739335852958
123.72190541393428,-460.1732019688944,303.3355341547345,179.92414988623628,0.3157150401167916,179.6104971375136,1739335852970
123.72191003993332,-460.173080861222,303.33535257564165,179.92411591060912,0.31571611720790793,179.61049699849474,1739335852978
123.72185254103684,-460.17317212966043,303.3354690318151,179.92413629611627,0.31571547462405114,179.6104902904238,1739335852986
123.72193741084229,-460.17312930331235,303.3354550507034,179.92412907748113,0.3157021209460291,179.61051067910668,1739335852994
123.72189582860685,-460.1731309677877,303.3353495651954,179.9241157162345,0.31570928977366014,179.61050379939147,1739335853002
123.72185194533462,-460.1731906750314,303.33541478383535,179.92412953703652,0.31571564982035755,179.610497049532,1739335853010
123.7219100638707,-460.1730758390591,303.3355124048464,179.9241363365413,0.315715585745266,179.61050391776118,1739335853018
123.72189409933831,-460.1731754873457,303.3354146881013,179.92412930635444,0.31570885526480125,179.61050384800942,1739335853026
123.72190832062222,-460.17312430853366,303.33532590695376,179.92412277845682,0.31571584854699347,179.6105105698499,1739335853034
123.72196118356175,-460.17315522001513,303.3354828214617,179.92414312831087,0.31571525719425686,179.61051069277178,1739335853042
123.7219218923974,-460.1730999139594,303.3352984234065,179.92410938221153,0.3157230869621659,179.61050375759342,1739335853050
123.7219082668134,-460.1731325474071,303.33544145252637,179.9241227441125,0.31571593648860236,179.6105038737825,1739335853058
123.72195045470413,-460.17311126531547,303.33550939441216,179.92413614216576,0.31570875830862116,179.61051751712583,1739335853066
123.72186498920048,-460.1731726370423,303.3354691275506,179.92413656426018,0.31572227818125015,179.61049708898523,1739335853074
123.72188396618606,-460.1731129872722,303.3354955090345,179.92412907928988,0.3157021811828228,179.61050391325608,1739335853082
123.7219201192771,-460.17315160015505,303.33538730028516,179.92411625317837,0.31572291524687596,179.61051743144967,1739335853090
123.72194869154745,-460.17316187926224,303.33550647970577,179.92413610355032,0.31570870742417734,179.61051072087866,1739335853098
123.72186498920048,-460.1731726370423,303.3354691275506,179.92413660172275,0.3157222871828739,179.61050388755288,1739335853106
123.72183948721397,-460.17319123987613,303.33550647970577,179.9241361410113,0.31570871642585574,179.61050392250553,1739335853114
123.72192075882849,-460.1731258881602,303.335417794283,179.924129768873,0.31572248625866767,179.61050384567494,1739335853122
123.72195045470413,-460.17311126531547,303.33550939441216,179.92413617962674,0.31570876731029485,179.61052431569348,1739335853130
123.7219071093077,-460.17316354375123,303.33540099419184,179.9241226673801,0.3157158582452638,179.61049024402746,1739335853138
123.72189526680116,-460.1731434187642,303.3353633548374,179.9241225858893,0.31570908134879166,179.61051740336558,1739335853146
123.72190658139664,-460.1731699003269,303.3354828214617,179.92414316577265,0.31571526619510165,179.61051069286904,1739335853154
123.72191842390347,-460.17319002530473,303.3355204608219,179.92414332218473,0.3157220611030067,179.6104971306686,1739335853162
123.72196058786382,-460.1731737653878,303.3354285734805,179.92413629430754,0.31571541438725303,179.61050385474476,1739335853170
123.72196404639045,-460.173084726267,303.33529832767096,179.92410911406756,0.31571628340174157,179.61050375750563,1739335853178
123.72190478433942,-460.173226608672,303.335411869117,179.9241295733439,0.31571561694004985,179.61051064889043,1739335853186
123.72190541393428,-460.1732019688944,303.3355341547345,179.92414996115974,0.3157150581168729,179.61051073464884,1739335853194
123.72196114966792,-460.1731613144145,303.33541478383535,179.92412946211292,0.3157156318154293,179.6104970493375,1739335853202
123.7219849223873,-460.1731872311171,303.3354425545996,179.9241435878663,0.3157287860685598,179.61051066014122,1739335853214
123.72197595668625,-460.1730926624753,303.33547204225687,179.92413656541459,0.3157223200640167,179.61051068360555,1739335853222
123.72189471897717,-460.1731519197706,303.3356287653132,179.92415649136623,0.315708148603402,179.6105040081642,1739335853230
123.72190657144023,-460.17317097254085,303.335574613068,179.92414992550678,0.3157151093536238,179.61050396870104,1739335853238
123.72196291282462,-460.1731107004679,303.3354176985474,179.92412953819093,0.315715691703124,179.61051064415233,1739335853246
123.72186495530539,-460.1731787314384,303.33540108992736,179.92412297298583,0.31572267080734817,179.61049704268453,1739335853254
123.72184009287315,-460.17317162227863,303.33546893608104,179.924136065435,0.3157086800684674,179.61049029043005,1739335853262
123.72190597573976,-460.17318951792436,303.3355203650864,179.9241431289652,0.3157152755482848,179.61050392924164,1739335853270
123.72189409933831,-460.1731754873457,303.3354146881013,179.92412938127643,0.3157088732697664,179.61051744514467,1739335853278
123.72194753404534,-460.17319287561105,303.33546602136886,179.9241360268196,0.3157086291840141,179.61049709112362,1739335853286
123.72190950206513,-460.17308829003065,303.335526194493,179.92414316873584,0.3157153683146616,179.61051072316843,1739335853294
123.72189466114396,-460.17316303637085,303.3354008984578,179.9241224741606,0.31570907269295273,179.61049704260296,1739335853302
123.72190827677058,-460.1731314751681,303.33534966092935,179.92411598437843,0.3157160933332864,179.61051059795042,1739335853310
123.72194753404534,-460.17319287561105,303.33546602136886,179.92413610174157,0.3157086471873844,179.61051068825887,1739335853318
123.72190714320215,-460.17315744935524,303.3354690318151,179.92413629611627,0.31571547462405103,179.61049708889416,1739335853326
123.72190658139664,-460.1731699003269,303.3354828214617,179.9241430908491,0.3157152481934077,179.6104970957338,1739335853334
123.72195046466082,-460.1731101930889,303.3354176028134,179.92412930750882,0.31570889714756767,179.61051064415938,1739335853342
123.72191846775486,-460.1731828586771,303.3354967068452,179.9241501162632,0.31572181631833535,179.61049710256876,1739335853350
123.72196114966792,-460.1731613144145,303.33541478383535,179.92412953703652,0.3157156498203575,179.61051064647276,1739335853359
123.72190887247044,-460.17311292980503,303.33540390890386,179.92412278092,0.3157159271378348,179.6105106374099,1739335853367
123.72196234106387,-460.1731242236659,303.3355232797928,179.92414309265789,0.3157153084302017,179.61050392682398,1739335853375
123.72190770500774,-460.17314499838204,303.33545524217,179.92412961376894,0.3157157280620645,179.6105174777574,1739335853383
123.72179797276587,-460.1731807155519,303.3355370694409,179.9241498873907,0.31571508199955745,179.61048353825242,1739335853391
123.72186555100754,-460.1731601860692,303.3354553379055,179.92412973206478,0.3157224956102638,179.61049028357715,1739335853398
123.72189528078258,-460.1731394688022,303.33561497566365,179.92414977155534,0.3157083930349786,179.61051759846072,1739335853406
123.72190657144023,-460.17317097254085,303.335574613068,179.92414992550678,0.3157151093536238,179.61050396870104,1739335853414
123.72194989290007,-460.173123716287,303.3355231840588,179.9241429368985,0.3157085318763662,179.61051752396463,1739335853422
123.72190604353023,-460.17317732908265,303.3356564403507,179.92417027405224,0.3157144812984305,179.61049722327178,1739335853430
123.72189353753272,-460.173187938319,303.33542847774646,179.9241361010872,0.31570862883335254,179.61050385484825,1739335853438
123.72186555100754,-460.1731601860692,303.3354553379055,179.92412980699,0.3157225136151279,179.6105038807124,1739335853446
123.72185370850329,-460.1731400610852,303.3354176985474,179.92412953819093,0.3157156917031241,179.61049704721157,1739335853458
123.72196118356175,-460.17315522001513,303.3354828214617,179.9241430908491,0.31571524819340774,179.61050389420416,1739335853466
123.72191839996592,-460.17319504747104,303.33536063158874,179.9241230461023,0.31572262857701616,179.61051740567038,1739335853474
123.7219166946359,-460.1732345448362,303.33558558374676,179.92415698722976,0.3157216445941548,179.61051077642486,1739335853482
123.72196235102051,-460.17312315144113,303.33543148819257,179.92413633292372,0.3157154652716753,179.61051065099196,1739335853490
123.72190538003946,-460.1732080633014,303.3354661171029,179.92413633242367,0.31571544174294075,179.61050388978222,1739335853498
123.72190597573976,-460.17318951792436,303.3355203650864,179.92414309150342,0.3157152665474357,179.61049713067402,1739335853506
123.72189525684401,-460.17314449100166,303.33545514643595,179.9241292707022,0.31570890649910915,179.61049708206158,1739335853514
123.72195046466082,-460.1731101930889,303.3354176028134,179.9241292325868,0.315708879142585,179.61049704702413,1739335853522
123.72189527675896,-460.1731423465073,303.33527156324385,179.9241158261545,0.3157092381950906,179.61052412753432,1739335853530
123.7219071671409,-460.1731524271509,303.33562886104727,179.92415668458662,0.31571493415972207,179.61049720959275,1739335853538
123.72182647724324,-460.1732031834659,303.3355201736197,179.92414266760102,0.31570168643715946,179.61049713078216,1739335853546
123.72190598569648,-460.17318844569934,303.3354285734805,179.92413633176932,0.31571542338890873,179.61050385484202,1739335853554
123.72185257493238,-460.17316603525296,303.3355370694409,179.9241498873907,0.3157150819995573,179.61049033672282,1739335853562
123.72191725644129,-460.17322209386793,303.3355717940972,179.92415015503445,0.3157218620264011,179.61050397101687,1739335853570
123.72190714320215,-460.17315744935524,303.3354690318151,179.92413633357808,0.31571548362570656,179.61050388746182,1739335853578
123.7218941431899,-460.17316832071225,303.33539093412617,179.92413613789378,0.31570861948099666,179.61051061847564,1739335853586
123.7219617453658,-460.1731427690434,303.3354690318151,179.92413637103988,0.3157154926273576,179.6105174844998,1739335853594
123.72197359783169,-460.17316182179337,303.33541487957086,179.9241296927934,0.3157224263710276,179.6104970493305,1739335853602
123.72192018706615,-460.173139411358,303.33552337552834,179.92414339826433,0.3157221209874115,179.61051072548344,1739335853610
123.72185255099411,-460.17317105742484,303.3353772402151,179.92412957384397,0.31571564046877965,179.61050381315943,1739335853618
123.72190777279745,-460.1731328095622,303.3355913174179,179.92415672139398,0.3157149248049384,179.61050397322015,1739335853626
123.72190542389096,-460.1732008966709,303.3354423631271,179.92414308904034,0.3157151879566105,179.610497063114,1739335853634
123.72197422742363,-460.1731371820148,303.33553716517645,179.92415015553453,0.3157218855551438,179.61051073222657,1739335853642
123.72190831066477,-460.1731253807798,303.3354176985474,179.9241295007291,0.31571568270066225,179.61049704711434,1739335853650
123.72185020610468,-460.1732362667925,303.33557169836166,179.92414992435238,0.3157150674708576,179.61049717255108,1739335853658
123.7218524971847,-460.17317929628484,303.33549278579477,179.92412953949966,0.3157157284111824,179.61049711709202,1739335853666
123.72192018706615,-460.173139411358,303.33552337552834,179.92414339826433,0.3157221209874115,179.61051072548344,1739335853674
123.72189472893324,-460.1731508475674,303.33553697370684,179.92414969417032,0.3157082964440439,179.61050393376541,1739335853682
123.72201694322348,-460.17310954334766,303.3355232797928,179.9241430551961,0.31571529942934823,179.6105039267267,1739335853726
123.72190714320215,-460.17315744935524,303.3354690318151,179.92413629611627,0.31571547462405103,179.61049708889416,1739335853734
123.72173207995128,-460.1731638921061,303.3355774320342,179.92414973344006,0.31570836568089883,179.61049036954174,1739335853742
123.72190773890243,-460.1731389039777,303.3355232797928,179.9241430551961,0.31571529942934823,179.61049032978596,1739335853750
123.72190887247044,-460.17311292980503,303.33540390890386,179.92412274345813,0.3157159181345713,179.6105038388423,1739335853758
123.72185251709934,-460.1731771518083,303.33530920259335,179.9241159451078,0.3157160240924116,179.61049696829264,1739335853766
123.721917862098,-460.1732024762747,303.33553425046995,179.92415019184264,0.31572185267238906,179.61051073464424,1739335853774
123.72200270797259,-460.1731646720836,303.3353604401192,179.92412250981286,0.3157090214594476,179.61051740549152,1739335853782
123.72190714320215,-460.17315744935524,303.3354690318151,179.92413633357808,0.31571548362570656,179.61050388746182,1739335853790
123.72196114966792,-460.1731613144145,303.33541478383535,179.92412953703652,0.3157156498203575,179.61051064647276,1739335853798
123.72190889640837,-460.1731079076239,303.33556373812024,179.92414309446667,0.31571536866699057,179.6104971609734,1739335853806
123.72192015317145,-460.17314550576236,303.3354553379055,179.92412980699,0.3157225136151278,179.61051067918277,1739335853814
123.72196410422058,-460.1730736097186,303.335526194493,179.92414316873584,0.3157153683146616,179.6105175216388,1739335853822
123.72190537008305,-460.17320913551765,303.33555790871355,179.92414312961958,0.3157152939023072,179.61050396418187,1739335853830
123.72185194533462,-460.1731906750314,303.33541478383535,179.92412949957472,0.3157156408178956,179.6104902509644,1739335853838
123.72190598569648,-460.17318844569934,303.3354285734805,179.9241363692311,0.31571543239055994,179.61051065340965,1739335853846
123.72193684903816,-460.17314175428567,303.3354688403484,179.9241358722139,0.31570189451458125,179.6105106859447,1739335853854
123.72196171147208,-460.17314886343956,303.33540099419184,179.92412274230375,0.3157158762518046,179.61051063963308,1739335853862
123.72192018706615,-460.173139411358,303.33552337552834,179.92414339826433,0.3157221209874115,179.61051072548344,1739335853870
123.72185257493238,-460.17316603525296,303.3355370694409,179.92414992485246,0.31571509099960016,179.61049713529042,1739335853878
123.72196114966792,-460.1731613144145,303.33541478383535,179.92412961196013,0.3157156678252679,179.610524243608,1739335853886
123.72192075882849,-460.1731258881602,303.335417794283,179.924129768873,0.31572248625866767,179.61050384567494,1739335853894
123.7217831657229,-460.1732493674934,303.33547981101543,179.9241429339353,0.3157084297568072,179.61049709825414,1739335853902
123.72186502309604,-460.1731665426348,303.33553716517645,179.92415015553453,0.31572188555514374,179.61049713528584,1739335853910
123.72190891632195,-460.17310576317334,303.33538015492746,179.92412950007477,0.315715664346626,179.6104970121741,1739335853918
123.72183892540694,-460.1732036908477,303.33552026935234,179.92414297320502,0.3157084989944683,179.61051072791196,1739335853926
123.72190537008305,-460.17320913551765,303.33555790871355,179.9241430921578,0.3157152849014582,179.61049716561425,1739335853938
123.72190890636485,-460.1731068354085,303.33547194652135,179.92413633473248,0.31571552550847304,179.61050388514138,1739335853946
123.72190654750204,-460.1731759947261,303.33541478383535,179.92412961196013,0.3157156678252679,179.61051744513762,1739335853954
123.72190831066477,-460.1731253807798,303.3354176985474,179.9241295007291,0.31571568270066225,179.61049704711434,1739335853962
123.72179677139965,-460.17321887852836,303.3355203650864,179.9241431289652,0.3157152755482849,179.61049033230088,1739335853970
123.7218542703104,-460.17312761011044,303.33540390890386,179.92412274345813,0.3157159181345714,179.61049704037194,1739335853978
123.72190657144023,-460.17317097254085,303.335574613068,179.92414992550678,0.3157151093536238,179.61050396870104,1739335853986
123.72192252199123,-460.17307527421355,303.3354207089894,179.92412977002743,0.31572252814143326,179.6105038433545,1739335853994
123.72183780179311,-460.17322859278585,303.3355478486499,179.92415648774866,0.3157080281298279,179.61049714445423,1739335854002
123.72190833460289,-460.17312035859385,303.3355775277683,179.92414996412296,0.31571516023642787,179.61051076494823,1739335854010
123.72195945429928,-460.1731997395512,303.335547944384,179.92415671843077,0.3157148226853842,179.61051074139115,1739335854018
123.72196057790721,-460.1731748376127,303.3355203650864,179.92414309150342,0.31571526654743576,179.6105039291444,1739335854026
123.72190771496489,-460.1731439261446,303.33536345057144,179.92412277911117,0.31571586690103387,179.6105106047901,1739335854034
123.72190950206513,-460.17308829003065,303.335526194493,179.92414313127406,0.3157153593138172,179.61050392460078,1739335854042
123.72192015317145,-460.17314550576236,303.3354553379055,179.92412980699,0.3157225136151278,179.61051067918277,1739335854050
123.72190538003946,-460.1732080633014,303.3354661171029,179.92413629496187,0.3157154327412852,179.6104970912146,1739335854058
123.7218537184609,-460.17313898883907,303.33532590695376,179.9241227035332,0.3157158305404614,179.61049017424426,1739335854066
123.72190540397824,-460.17320304109796,303.335625946347,179.92415668343222,0.3157148922769554,179.61049721191318,1739335854074
123.72190658139664,-460.1731699003269,303.3354828214617,179.92414316577265,0.31571526619510165,179.61051069286904,1739335854082
123.72196114966792,-460.1731613144145,303.33541478383535,179.92412953703652,0.3157156498203575,179.61051064647276,1739335854090
123.72190601959116,-460.17318235129676,303.3354966111097,179.92414992304364,0.31571503076280727,179.610503901141,1739335854098
123.72190714320215,-460.17315744935524,303.3354690318151,179.92413633357808,0.31571548362570656,179.61050388746182,1739335854106
123.72192968066685,-460.1732276234327,303.3354120605895,179.92413003470966,0.315729206051095,179.61051064887644,1739335854114
123.72182765466673,-460.1731700426612,303.33537704874846,179.92412903755778,0.3157020333526801,179.6104902160383,1739335854122
123.72195102646498,-460.17309774211407,303.3354038131698,179.92412255023706,0.31570913258230576,179.61051743588814,1739335854130
123.72189649209591,-460.1731002336203,303.335539888407,179.92414965786378,0.3157083293267404,179.61049713287738,1739335854138
123.72191846775486,-460.1731828586771,303.3354967068452,179.9241501911883,0.31572183431836215,179.610510699704,1739335854146
123.72185194533462,-460.1731906750314,303.33541478383535,179.92412949957472,0.3157156408178956,179.6104902509644,1739335854154
123.72184068857565,-460.17315307690126,303.3355231840588,179.92414286197658,0.31570851387461796,179.61049032988865,1739335854162
123.72191779430875,-460.1732146650775,303.3353981752089,179.9241229718314,0.31572262892458297,179.61050384347533,1739335854170
123.72190714320215,-460.17315744935524,303.3354690318151,179.92413629611627,0.31571547462405103,179.61049708889416,1739335854178
123.72183720609058,-460.17324713816606,303.3354936006635,179.92414969120713,0.3157081943244854,179.6104971049957,1739335854186
123.72193740088588,-460.1731303755297,303.33554684230666,179.92413583721682,0.3157019641036877,179.6105039549371,1739335854198
123.72190542389096,-460.1732008966709,303.3354423631271,179.92414308904034,0.3157151879566105,179.610497063114,1739335854206
123.72188401003734,-460.1731058206478,303.33547175505464,179.92413583590812,0.3157019273956377,179.61049708658626,1739335854214
123.72190537008305,-460.17320913551765,303.33555790871355,179.92414316708135,0.31571530290315186,179.61051076274947,1739335854222
123.7218542703104,-460.17312761011044,303.33540390890386,179.9241227059963,0.3157159091313033,179.61049024180429,1739335854230
123.72190534614505,-460.1732141576972,303.3353980794734,179.92412277861112,0.31571584337230313,179.61051064205077,1739335854238
123.72189645820112,-460.17310632802815,303.33547185078726,179.92413617897236,0.31570874895626877,179.61051748228286,1739335854246
123.7219724303729,-460.1731938903688,303.3354662128384,179.92413656310575,0.3157222362984843,179.6105106882464,1739335854254
123.72190773890243,-460.1731389039777,303.3355232797928,179.9241431675814,0.31571532643189515,179.61051072548884,1739335854262
123.72190949210896,-460.1730893622354,303.33561798609196,179.92414996593175,0.31571522047321277,179.61051079756803,1739335854270
123.72190773890243,-460.1731389039777,303.3355232797928,179.92414313011966,0.3157153174310506,179.6105039269212,1739335854278
123.72184125038267,-460.17314062592976,303.33550939441216,179.9241361047048,0.31570874930694304,179.61049712161747,1739335854286
123.72190714320215,-460.17315744935524,303.3354690318151,179.92413633357808,0.31571548362570656,179.61050388746182,1739335854294
123.72189472893324,-460.1731508475674,303.33553697370684,179.92414973163127,0.3157083054441096,179.61051073233304,1739335854302
123.72190654750204,-460.1731759947261,303.33541478383535,179.92412953703652,0.31571564982035755,179.61050384800237,1739335854310
123.72190773890243,-460.1731389039777,303.3355232797928,179.92414309265789,0.3157153084302017,179.6104971283536,1739335854318
123.72186612277207,-460.17314666285546,303.33534975666487,179.9241162150613,0.31572288788880265,179.61050379947142,1739335854326
123.72186555100754,-460.1731601860692,303.3354553379055,179.92412973206478,0.3157224956102638,179.61049028357715,1739335854334
123.72186615666693,-460.17314056846703,303.335417794283,179.924129768873,0.31572248625866767,179.61049704720457,1739335854342
123.72193260133517,-460.17314601314274,303.3354554336425,179.9241300376729,0.31572930817065675,179.6105106791758,1739335854350
123.72189236011384,-460.1732210791073,303.33557160262757,179.92414976859212,0.31570829091542835,179.61051756816133,1739335854358
123.72186441743698,-460.1731861602278,303.3355747088035,179.9241501561889,0.3157219039091674,179.61049717022607,1739335854367
123.72183835364388,-460.1732172140211,303.3356258506129,179.92415649021183,0.31570810672063543,179.61049721201425,1739335854375
123.72190709935087,-460.17316461597954,303.33549278579477,179.9241295020378,0.31571571940872073,179.61049711699476,1739335854382
123.72183894934693,-460.17319866862533,303.33568009859596,179.92416336167514,0.3157079585228661,179.61051084860804,1739335854391
123.72186502309604,-460.1731665426348,303.33553716517645,179.92415015553453,0.31572188555514374,179.61049713528584,1739335854399
123.7218542703104,-460.17312761011044,303.33540390890386,179.92412274345813,0.3157159181345714,179.61049704037194,1739335854406
123.72188340438046,-460.1731254382455,303.3355092986796,179.9241358365625,0.315701945749664,179.6104971215265,1739335854414
123.72190598569648,-460.17318844569934,303.3354285734805,179.92413633176932,0.31571542338890873,179.61050385484202,1739335854422
123.72189233617569,-460.1732261012917,303.335411773383,179.92412930519998,0.315708813382036,179.61050385032985,1739335854430
123.72190538003946,-460.1732080633014,303.3354661171029,179.92413640734722,0.31571545974623855,179.61051748691747,1739335854442
123.72185257493238,-460.17316603525296,303.3355370694409,179.92414992485246,0.31571509099960016,179.61049713529042,1739335854450
123.72190597573976,-460.17318951792436,303.3355203650864,179.92414316642697,0.3157152845491295,179.61051072780927,1739335854458
123.72194870150412,-460.1731608070356,303.3354146881013,179.92412938127643,0.3157088732697663,179.61052424361506,1739335854466
123.72189702000672,-460.1730938770549,303.33545806114216,179.9241293093176,0.3157089573843646,179.61050387830878,1739335854474
123.72190481823395,-460.173220514273,303.33547990674947,179.92414316461821,0.3157152243123361,179.61051069518948,1739335854482
123.72189408938154,-460.17317655957254,303.33550647970577,179.92413610355032,0.31570870742417734,179.61050392240827,1739335854490
123.72190717709697,-460.17315135494766,303.3355370694409,179.92414992485246,0.31571509099960016,179.61050393376078,1739335854498
123.72190481823395,-460.173220514273,303.33547990674947,179.9241430896947,0.31571520631064187,179.61049709805422,1739335854506
123.72183950712848,-460.1731890954031,303.3353228965014,179.92412254661951,0.3157090121086995,179.61050377370782,1739335854514
123.72190887247044,-460.17311292980503,303.33540390890386,179.92412266853447,0.3157159001280309,179.61049024170703,1739335854522
123.72186495530539,-460.1731787314384,303.33540108992736,179.92412301044848,0.3157226798105845,179.61050384125215,1739335854530
123.72191000603951,-460.1730869555992,303.3352845380317,179.92410231933474,0.315716509832381,179.6104969521955,1739335854538
123.72196523778554,-460.1730476355461,303.33540682361024,179.92412270715073,0.3157159510140689,179.6105038364246,1739335854546
123.72192132063414,-460.17311343718535,303.3354040046394,179.92412297414023,0.31572271269011487,179.61050383883446,1739335854554
123.72191898570898,-460.1731775743332,303.3355066711754,179.92413656491453,0.31572229653527717,179.61050392239582,1739335854562
123.72188112326364,-460.1731813365361,303.3354964196431,179.92414949913956,0.31570145065177535,179.61051069971788,1739335854570
123.72196354241656,-460.17308606068866,303.33553998414106,179.9241498885451,0.3157151238823242,179.61050393134312,1739335854578
123.72197473139752,-460.173135847592,303.3352955086881,179.92410945598246,0.3157230630890945,179.6105241555195,1739335854586
123.72189409933831,-460.1731754873457,303.3354146881013,179.92412934381542,0.315708864267286,179.61051064657704,1739335854594
123.72190835451636,-460.1731182141466,303.3353939445725,179.92413633226934,0.31571544691763986,179.61050381758136,1739335854602
123.7219071093077,-460.17316354375123,303.33540099419184,179.9241227048419,0.3157158672485364,179.61049704259509,1739335854610
123.72190538999658,-460.1732069910656,303.3353743254969,179.92412946030413,0.3157155715786275,179.61049021824735,1739335854618
123.72189760172746,-460.17307928158306,303.33526068832145,179.92410888273193,0.31570947049211473,179.6104969241045,1739335854626
123.7219623749582,-460.17311812925044,303.3355913174179,179.92415664647058,0.31571490680646147,179.6104971745553,1739335854634
123.72185313673934,-460.17315358428306,303.3355232797928,179.9241431675814,0.3157153264318951,179.61050392701847,1739335854642
123.72190885849284,-460.1731168796497,303.335152288112,179.92409555779193,0.3157166064418381,179.61050364374358,1739335854650
123.72189240396514,-460.17321391248237,303.3355478486499,179.92415648774866,0.3157080281298279,179.6105039429246,1739335854658
123.72189409933831,-460.1731754873457,303.3354146881013,179.92412934381542,0.315708864267286,179.61051064657704,1739335854666
123.72183890146884,-460.173208713014,303.3353604401192,179.9241225472739,0.315709030462739,179.61050380864805,1739335854674
123.72185140746643,-460.1731981038143,303.3355884027176,179.92415668277786,0.3157148739229362,179.61049037850256,1739335854682
123.72190654750204,-460.1731759947261,303.33541478383535,179.92412953703652,0.31571564982035755,179.61050384800237,1739335854694
123.7219617453658,-460.1731427690434,303.3354690318151,179.92413629611627,0.31571547462405114,179.61050388736456,1739335854702
123.72190657144023,-460.17317097254085,303.335574613068,179.92414996296853,0.315715118353662,179.61051076726864,1739335854710
123.72185144136255,-460.1731920093879,303.3356564403507,179.9241703115139,0.31571449029605425,179.61049722336907,1739335854718
123.72190889640837,-460.1731079076239,303.33556373812024,179.92414313192845,0.31571537766783936,179.610503959541,1739335854726
123.7218655609649,-460.1731591138319,303.33536354630695,179.92412300979407,0.3157226614565501,179.61050380631193,1739335854734
123.7219207827666,-460.17312086597417,303.3355776235038,179.92415008241824,0.3157219277918985,179.61049036924072,1739335854742
123.7219065136079,-460.1731820891142,303.3353467462112,179.92411590830034,0.3157160334423756,179.61049700313563,1739335854750
123.72190721099209,-460.1731452605289,303.33560510706883,179.92416355358847,0.3157147073719131,179.61051077862732,1739335854758
123.72190714320215,-460.17315744935524,303.3354690318151,179.92413633357808,0.31571548362570656,179.61050388746182,1739335854766
123.72184005897806,-460.17317771667473,303.3354008984578,179.92412251162165,0.31570908169624834,179.6104970427002,1739335854774
123.72194817359394,-460.17316716360625,303.3354965153756,179.92414969236154,0.3157082362072511,179.61051069961601,1739335854782
123.72190597573976,-460.17318951792436,303.3355203650864,179.9241431289652,0.3157152755482848,179.61050392924164,1739335854790
123.7219747652907,-460.1731297532118,303.33536354630695,179.92412297233145,0.31572265245331377,179.61051060468506,1739335854798
123.72197418357324,-460.17314434863795,303.33556091915545,179.9241433989187,0.31572213934143395,179.61051755889406,1739335854806
123.72188032414712,-460.17309762852966,303.3354445587051,179.9241232066311,0.3157295674824687,179.6104970729761,1739335854814
123.72185374239857,-460.17313396668544,303.3354857361679,179.9241432043888,0.31571531707870815,179.61051069064587,1739335854822
123.72186438354129,-460.1731922546398,303.3355066711754,179.92413656491453,0.3157222965352773,179.61049712392546,1739335854830
123.72190595180221,-460.1731945400907,303.3353605358532,179.92412270303313,0.3157158070117356,179.6104970099753,1739335854838
123.72190599565388,-460.1731873734545,303.335336781879,179.92412949711155,0.3157155622270554,179.61049698187475,1739335854846
123.7218496442978,-460.17324871776077,303.3355854880112,179.92415671908515,0.3157148410394065,179.61049717939065,1739335854854
123.72188285253166,-460.1731368169924,303.335431296726,179.92413583409933,0.3157018671588397,179.61049705396647,1739335854862
123.7219617453658,-460.1731427690434,303.3354690318151,179.92413637103988,0.3157154926273576,179.6105174844998,1739335854870
123.72194928724566,-460.17314333388026,303.33556072768584,179.92414286263093,0.31570853222864065,179.6105039617696,1739335854878
123.72191901960394,-460.17317147992117,303.3355747088035,179.9241501561889,0.3157219039091673,179.61050396869643,1739335854886
123.72183892540694,-460.1732036908477,303.33552026935234,179.92414293574407,0.3157084899936006,179.61050392934433,1739335854894
123.72190827677058,-460.1731314751681,303.33534966092935,179.9241159094547,0.315716075325142,179.61049700081517,1739335854902
123.72183832970454,-460.17322223622466,303.33546602136886,179.92413610174154,0.3157086471873844,179.6104970913181,1739335854910
123.72190600963481,-460.1731834235092,303.3355884027176,179.92415672023958,0.3157148829221727,179.61050397554058,1739335854918
123.72190650365069,-460.1731831613532,303.3354385378142,179.9241227804199,0.3157159036091002,179.61051067467056,1739335854930
123.72191787205466,-460.1732014040512,303.3354424588626,179.92414331972162,0.31572198251218153,179.61049706310857,1739335854938
123.72179616573831,-460.17323849612126,303.33555790871355,179.92414312961958,0.3157152939023072,179.6104903672411,1739335854946
123.72196233110787,-460.1731252958707,303.33561507139774,179.92414992731557,0.3157151695904086,179.61051079979123,1739335854954
123.72189352757601,-460.17318901054404,303.33552026935234,179.92414289828312,0.31570848099272847,179.61050392924707,1739335854962
123.72185138352756,-460.1732031260045,303.3354285734805,179.92413640669287,0.3157154413922068,179.6105106535069,1739335854970
123.72201695317999,-460.17310847112293,303.33543148819257,179.92413629546192,0.31571545627001985,179.6105106508947,1739335854978
123.72190714320215,-460.17315744935524,303.3354690318151,179.92413637103988,0.31571549262735754,179.61051068602944,1739335854986
123.72193627727785,-460.17315527747144,303.3355744216013,179.92414946414257,0.3157015202424984,179.61051076718067,1739335854994
123.72185134963253,-460.1732092203958,303.3353605358532,179.92412274049497,0.315715816015004,179.61049701007258,1739335855002
123.72183949717095,-460.1731901676495,303.3354146881013,179.92412930635444,0.31570885526480125,179.61049704953905,1739335855010
123.7219207249343,-460.17313198254845,303.33534975666487,179.924116252524,0.3157228968928409,179.61051739650944,1739335855018
123.72190654750204,-460.1731759947261,303.33541478383535,179.92412949957472,0.31571564081789566,179.61049704943474,1739335855026
123.72189410929577,-460.1731744150992,303.3353228965014,179.9241225091585,0.31570900310540817,179.61050377361056,1739335855034
123.72190598569648,-460.17318844569934,303.3354285734805,179.92413640669287,0.3157154413922067,179.61051745197724,1739335855042
123.72190827677058,-460.1731314751681,303.33534966092935,179.9241159094547,0.315716075325142,179.61049700081517,1739335855050
123.7218496442978,-460.17324871776077,303.3355854880112,179.92415679400858,0.31571485903786634,179.6105107765259,1739335855058
123.72189586250104,-460.1731248733995,303.3354176028134,179.92412930750882,0.31570889714756767,179.61050384568898,1739335855066
123.72190946817045,-460.1730943844353,303.3354581568762,179.92412957746154,0.31571576094237797,179.61051067686938,1739335855074
123.72190834455932,-460.1731192863801,303.3354857361679,179.92414309200353,0.3157152900761742,179.61049709341336,1739335855082
123.72191898570898,-460.1731775743332,303.3355066711754,179.92413660237713,0.3157223055369007,179.61051072096345,1739335855090
123.72186559485985,-460.17315301944024,303.33543158392814,179.9241366010684,0.31572226882884263,179.61050385261265,1739335855098
123.72197472144006,-460.17313691984185,303.33538730028516,179.92411617825303,0.3157228972387954,179.61051063278478,1739335855106
123.72191787205466,-460.1732014040512,303.3354424588626,179.92414331972162,0.31572198251218153,179.61049706310857,1739335855114
123.72190541393428,-460.1732019688944,303.3355341547345,179.92414992369802,0.3157150491168345,179.61050393608122,1739335855122
123.72196001610321,-460.1731872885828,303.3355341547345,179.92414992369802,0.31571504911683457,179.6105107345516,1739335855134
123.72197711418842,-460.1730616661259,303.335512500582,179.924136604686,0.31572238930243274,179.61051751479297,1739335855142
123.72190654750204,-460.1731759947261,303.33541478383535,179.92412957449832,0.31571565882281494,179.61051064657,1739335855150
123.72191782820317,-460.1732085706817,303.3354662128384,179.92413660056835,0.315722245300108,179.61051068834365,1739335855158
123.72199849415922,-460.17316283655106,303.3354150710463,179.92413026654702,0.315736042489389,179.61051744501944,1739335855166
123.72185137357063,-460.17320419822954,303.3355203650864,179.92414320388875,0.31571529354996986,179.61051072790653,1739335855174
123.72184069853253,-460.1731520046766,303.33543139245853,179.92413602731966,0.3157086527127488,179.6104834569222,1739335855182
123.72190777279745,-460.1731328095622,303.3355913174179,179.92415672139398,0.3157149248049384,179.61050397322015,1739335855190
123.72191843386018,-460.17318895307966,303.335428669216,179.92413659991402,0.31572222694607627,179.61051065340345,1739335855198
123.72190715315922,-460.1731563771195,303.3353772402151,179.92412953638214,0.3157156314663221,179.61050381306217,1739335855206
123.72191901960394,-460.17317147992117,303.3355747088035,179.92415008126378,0.3157218859091323,179.61049037156116,1739335855214
123.72190890636485,-460.1731068354085,303.33547194652135,179.92413637219428,0.3157155345101239,179.610510683709,1739335855222
123.72189469503842,-460.1731569419749,303.33546893608104,179.924136065435,0.31570868006846736,179.61049708890042,1739335855230
123.72190714320215,-460.17315744935524,303.3354690318151,179.92413637103988,0.31571549262735754,179.61051068602944,1739335855238
123.72185254103684,-460.17317212966043,303.3354690318151,179.9241362586545,0.3157154656223913,179.6104834918562,1739335855246
123.72190771496489,-460.1731439261446,303.33536345057144,179.92412277911117,0.31571586690103387,179.6105106047901,1739335855254
123.72189412327648,-460.1731704651605,303.3355745173339,179.92414969482465,0.31570831479806744,179.61050396870564,1739335855262
123.72196228323376,-460.1731353402131,303.33529541295263,179.92410915037502,0.3157162505238572,179.61051055839368,1739335855270
123.72190541393428,-460.1732019688944,303.3355341547345,179.92414992369802,0.3157150491168345,179.61050393608122,1739335855278
123.72185311280124,-460.17315860645004,303.33536345057144,179.92412274164934,0.3157158578977702,179.61049700775214,1739335855286
123.72190658139664,-460.1731699003269,303.3354828214617,179.92414316577265,0.31571526619510165,179.61051069286904,1739335855294
123.72192079272303,-460.17311979376046,303.33548583190344,179.92414339760995,0.3157221026333843,179.6105106905432,1739335855302
123.72186206852257,-460.173254247332,303.33542575449763,179.9241365238344,0.31572216706005873,179.61049026011824,1739335855310
123.72193200563513,-460.1731645585119,303.3354011856643,179.92412324113135,0.31572947436611337,179.61051063971473,1739335855318
123.72196350852248,-460.17309215509647,303.33547194652135,179.92413637219425,0.3157155345101238,179.61051748217938,1739335855330
123.72190714320215,-460.17315744935524,303.3354690318151,179.92413629611627,0.31571547462405103,179.61049708889416,1739335855338
123.72185318059162,-460.17314641765535,303.3354995258159,179.92414988673633,0.31571506364553104,179.6104903017826,1739335855346
123.72189413323288,-460.17316939294653,303.3354827257276,179.9241428976288,0.31570846263870056,179.61050389430685,1739335855354
123.72196291282462,-460.1731107004679,303.3354176985474,179.92412953819093,0.315715691703124,179.61051064415233,1739335855362
123.72189526680116,-460.1731434187642,303.3353633548374,179.92412251096727,0.31570906334221394,179.61050380623033,1739335855370
123.72196057790721,-460.1731748376127,303.3355203650864,179.9241431289652,0.3157152755482849,179.610510727712,1739335855378
123.72190714320215,-460.17315744935524,303.3354690318151,179.92413629611627,0.31571547462405103,179.61049708889416,1739335855386
123.72196348458617,-460.17309717724515,303.3353121173116,179.92411590880036,0.31571605697110233,179.61050376434534,1739335855394
123.72191902956034,-460.17317040770723,303.3354829171972,179.9241433215304,0.31572204274897864,179.61049709572836,1739335855402
123.72195221786085,-460.17306065136813,303.3355123091124,179.92413614332017,0.31570880019138764,179.61051751480542,1739335855410
123.72190541393428,-460.1732019688944,303.3355341547345,179.92414996115974,0.3157150581168729,179.61051073464884,1739335855418
123.72185194533462,-460.1731906750314,303.33541478383535,179.92412953703652,0.31571564982035755,179.610497049532,1739335855426
123.721917862098,-460.1732024762747,303.33553425046995,179.9241501543801,0.31572184367237816,179.6105039360766,1739335855434
123.72190541393428,-460.1732019688944,303.3355341547345,179.92414992369802,0.3157150491168345,179.61050393608122,1739335855442
123.72196291282462,-460.1731107004679,303.3354176985474,179.9241295007291,0.31571568270066225,179.61050384558467,1739335855450
123.72190596578366,-460.17319059012965,303.3356121566975,179.9241499636229,0.31571513670768037,179.61051080220886,1739335855458
123.72192074887168,-460.17312696038647,303.3355095858817,179.92413664099416,0.3157223564212854,179.61051751721067,1739335855466
123.72194929720202,-460.1731422616645,303.33546893608104,179.92413602797401,0.31570867106678013,179.61049708880319,1739335855474
123.72186612277207,-460.17314666285546,303.33534975666487,179.92411617759865,0.3157228788847601,179.61049700090382,1739335855482
123.72191842390347,-460.17319002530473,303.3355204608219,179.92414332218473,0.3157220611030067,179.6104971306686,1739335855490
123.72189526680116,-460.1731434187642,303.3353633548374,179.92412243604522,0.3157090453356182,179.6104902090951,1739335855498
123.72190597573976,-460.17318951792436,303.3355203650864,179.92414316642697,0.3157152845491295,179.61051072780927,1739335855506
123.7218952907387,-460.1731383965974,303.3355231840588,179.92414282451563,0.3157085048737371,179.6104903297914,1739335855514
123.721972992177,-460.17318143939553,303.3354524231934,179.92412976837298,0.31572246272993215,179.61051068140597,1739335855522
123.72190538003946,-460.1732080633014,303.3354661171029,179.92413629496187,0.3157154327412852,179.6104970912146,1739335855530
123.72189470499549,-460.1731558697391,303.3353771444811,179.92412930570006,0.31570883691076584,179.6105038130692,1739335855538
123.72196114966792,-460.1731613144145,303.33541478383535,179.92412957449832,0.31571565882281494,179.61051744504036,1739335855546
123.7219155032351,-460.1732716355994,303.33547708776666,179.92414335668414,0.3157219679842692,179.61050389893686,1739335855554
123.7219629467184,-460.17310460606814,303.3354857361679,179.92414309200353,0.3157152900761742,179.61050389188375,1739335855562
123.7219077488592,-460.17313783175314,303.33543148819257,179.9241363703855,0.3157154742733264,179.6105106510892,1739335855574
123.72190831066477,-460.1731253807798,303.3354176985474,179.9241295007291,0.31571568270066225,179.61049704711434,1739335855582
123.72192255588577,-460.1730691798134,303.33548874660386,179.92414328637665,0.31572211751368545,179.6104902925199,1739335855590
123.72191839000875,-460.1731961197085,303.3354524231934,179.9241298432982,0.3157224807347878,179.61051748007085,1739335855598
123.72190773890243,-460.1731389039777,303.3355232797928,179.92414313011966,0.3157153174310506,179.6105039269212,1739335855606
123.72185257493238,-460.17316603525296,303.3355370694409,179.92414992485246,0.31571509099960016,179.61049713529042,1739335855614
123.72185430420558,-460.17312151571394,303.33547194652135,179.9241362972707,0.3157155165068176,179.6104902881034,1739335855622
123.72194872544168,-460.1731557848502,303.3355745173339,179.92414976974655,0.3157083327981942,179.6105243643113,1739335855630
123.72185254103684,-460.17317212966043,303.3354690318151,179.92413633357808,0.31571548362570656,179.61049708899145,1739335855638
123.72186614671,-460.1731416406934,303.3355095858817,179.92413660353157,0.3157223474196663,179.61050392017268,1739335855646
123.72189412327648,-460.1731704651605,303.3355745173339,179.9241496199028,0.3157082967979229,179.6104903715704,1739335855654
123.72197594672991,-460.17309373469084,303.3355638338558,179.92414328768538,0.3157221542217356,179.61049716087072,1739335855662
123.72190890636485,-460.1731068354085,303.33547194652135,179.92413637219428,0.3157155345101239,179.610510683709,1739335855670
123.72184125038267,-460.17314062592976,303.33550939441216,179.92413606724378,0.3157087403052604,179.61049032304985,1739335855678
123.72194869154745,-460.17316187926224,303.33550647970577,179.92413610355032,0.31570870742417734,179.61051072087866,1739335855686
123.72190595180221,-460.1731945400907,303.3353605358532,179.92412277795677,0.3157158250182679,179.61051060711054,1739335855694
123.72196409426459,-460.1730746819233,303.33561798609196,179.92414989100826,0.3157152024731325,179.61050399890317,1739335855702
123.72190657144023,-460.17317097254085,303.335574613068,179.92414992550678,0.3157151093536238,179.61050396870104,1739335855710
123.72186674241262,-460.1731230953113,303.3355638338558,179.92414340007312,0.31572218122419987,179.6105039596329,1739335855718
123.72189293187573,-460.17320755592107,303.33546602136886,179.92413610174157,0.3157086471873844,179.61050388978848,1739335855726
123.7219617453658,-460.1731427690434,303.3354690318151,179.92413633357808,0.31571548362570656,179.61051068593216,1739335855734
123.72190658139664,-460.1731699003269,303.3354828214617,179.92414305338735,0.315715239192554,179.61049029716614,1739335855742
123.72197183467506,-460.17321243573946,303.3354119648525,179.92412969163897,0.3157223844882621,179.61049705165092,1739335855750
123.72189585254424,-460.1731259456258,303.33550939441216,179.92413606724378,0.31570874030526047,179.6104971215202,1739335855758
123.7219308820239,-460.17318946046004,303.335428764953,179.92413675567013,0.31572900349840777,179.61049705626198,1739335855766
123.72190831066477,-460.1731253807798,303.3354176985474,179.9241295007291,0.31571568270066225,179.61049704711434,1739335855774
123.72194870150412,-460.1731608070356,303.3354146881013,179.92412938127643,0.3157088732697663,179.61052424361506,1739335855782
123.72186612277207,-460.17314666285546,303.33534975666487,179.9241162150613,0.31572288788880265,179.61050379947142,1739335855794
123.72197538492591,-460.17310618566086,303.3355776235038,179.92415019480586,0.315721954791944,179.610517563414,1739335855802
123.72189585254424,-460.1731259456258,303.33550939441216,179.9241360297828,0.3157087313035734,179.6104903229526,1739335855810
123.72191954751457,-460.1731651233599,303.3354928815303,179.92412980764436,0.3157225319691558,179.610510714123,1739335855818
123.72189525684401,-460.17314449100166,303.33545514643595,179.9241292332412,0.3157088974966156,179.61049028349396,1739335855826
123.72185369854635,-460.1731411333116,303.3355094901462,179.92413633538686,0.31571554386249934,179.61049712161125,1739335855834
123.72193625334029,-460.17316029965673,303.3354145923688,179.92412907567234,0.3157020607092322,179.6105106464869,1739335855842
123.72189586250104,-460.1731248733995,303.3354176028134,179.9241292700478,0.3157088881450786,179.61049704712138,1739335855850
123.72184177829453,-460.1731342693543,303.3354275671502,179.9241157561587,0.31570937736858934,179.61050386704872,1739335855858
123.7219207249343,-460.17313198254845,303.33534975666487,179.92411617759865,0.31572287888476014,179.6105037993742,1739335855866
123.72183776789754,-460.17323468719616,303.33547981101543,179.92414289647434,0.3157084207559349,179.6104970981569,1739335855874
123.72201688539465,-460.1731206598948,303.33529541295263,179.92410915037502,0.3157162505238572,179.61051735686405,1739335855882
123.72191899566576,-460.17317650210646,303.33541487957086,179.924129730256,0.3157224353734667,179.61049704942772,1739335855890
123.7218952907387,-460.1731383965974,303.3355231840588,179.92414282451563,0.3157085048737371,179.6104903297914,1739335855898
123.72187684166192,-460.17319168979503,303.3354149753079,179.92413003586412,0.31572924793386004,179.61050384808564,1739335855906
123.72196001610321,-460.1731872885828,303.3355341547345,179.92414988623628,0.31571504011679163,179.61050393598396,1739335855914
123.72185310284391,-460.17315967868734,303.33545524217,179.9241295013835,0.3157157010546928,179.6104902835842,1739335855922
123.72189408938154,-460.17317655957254,303.33550647970577,179.9241361410113,0.31570871642585563,179.6105107209759,1739335855930
123.7219082668134,-460.1731325474071,303.33544145252637,179.9241227441125,0.31571593648860236,179.6105038737825,1739335855938
123.72190653754528,-460.1731770669528,303.33550657543987,179.92413629677063,0.3157154929780782,179.6104971238344,1739335855946
123.72196350852248,-460.17309215509647,303.33547194652135,179.92413633473248,0.3157155255084729,179.61051068361175,1739335855954
123.72191959136586,-460.17315795673557,303.3354691275506,179.92413656426018,0.31572227818125015,179.6105038874556,1739335855962
123.7217730086465,-460.17319188958874,303.33540080272525,179.92412228093957,0.3157022871406792,179.6104902442377,1739335855970
123.72187976233998,-460.17311007950445,303.33545834834877,179.9241300013639,0.31572934105102074,179.61049707981738,1739335855978
123.72189702000672,-460.1730938770549,303.33545806114216,179.9241293093176,0.3157089573843646,179.61050387830878,1739335855986
123.72193688293223,-460.17313565987826,303.3355368779743,179.92414938856797,0.3157014838882754,179.61049713510522,1739335855998
123.72190481823395,-460.173220514273,303.33547990674947,179.92414312715644,0.3157152153114912,179.61050389662185,1739335856006
123.72192015317145,-460.17314550576236,303.3354553379055,179.92412980699,0.3157225136151278,179.61051067918277,1739335856014
123.72189818746945,-460.17306180847794,303.3354067278762,179.92412251393048,0.3157091654617805,179.6105038365297,1739335856022
123.72196287893115,-460.17311679485636,303.33534966092935,179.9241159469166,0.31571608432921644,179.61051059785316,1739335856030
123.72185254103684,-460.17317212966043,303.3354690318151,179.92413633357808,0.31571548362570656,179.61049708899145,1739335856038
123.72191963521736,-460.17315079010496,303.3354453735746,179.92414332087603,0.31572202439494845,179.61049706078813,1739335856046
123.72189240396514,-460.17321391248237,303.3355478486499,179.92415652520958,0.3157080371290874,179.61051074149222,1739335856054
123.72189354749015,-460.1731868660741,303.335336686145,179.92412930389125,0.31570877667396124,179.61050378044942,1739335856062
123.72190773890243,-460.1731389039777,303.3355232797928,179.92414313011966,0.3157153174310506,179.6105039269212,1739335856070
123.7218383636,-460.17321614181765,303.3355340590004,179.9241496930159,0.3157082545612782,179.61049713761548,1739335856078
123.72189702000672,-460.1730938770549,303.33545806114216,179.9241292718566,0.3157089483818757,179.61049707974118,1739335856086
123.72190600963481,-460.1731834235092,303.3355884027176,179.92415668277786,0.3157148739229362,179.61049717697293,1739335856094
123.72183953106615,-460.1731840732502,303.3354827257276,179.92414286016782,0.31570845363782407,179.61049029726885,1739335856102
123.72183952110964,-460.1731851454642,303.3355745173339,179.92414973228563,0.315708323798133,179.6105039688029,1739335856110
123.72194926330828,-460.1731483560607,303.3354008984578,179.9241224741606,0.3157090726929528,179.61050384107332,1739335856118
123.72196117360548,-460.1731562922291,303.335574613068,179.92414992550678,0.3157151093536238,179.6105107671714,1739335856126
123.72189240396514,-460.17321391248237,303.3355478486499,179.92415648774866,0.3157080281298279,179.6105039429246,1739335856134
123.72190714320215,-460.17315744935524,303.3354690318151,179.92413633357808,0.31571548362570656,179.61050388746182,1739335856142
123.72190658139664,-460.1731699003269,303.3354828214617,179.9241430908491,0.3157152481934077,179.6104970957338,1739335856150
123.72189472893324,-460.1731508475674,303.33553697370684,179.9241496567094,0.3157082874439738,179.6104971351978,1739335856158
123.72185489990802,-460.1731029703363,303.335526194493,179.92414316873584,0.3157153683146616,179.61050392469807,1739335856166
123.72190655745952,-460.17317492247963,303.33532299223543,179.92412270237875,0.31571578865769606,179.6104969750351,1739335856174
123.72186442739348,-460.17318508801384,303.3354829171972,179.9241433215304,0.31572204274897875,179.610490297258,1739335856186
123.72196290286793,-460.17311177269426,303.3355094901462,179.92413641031047,0.3157155618657964,179.61052431568723,1739335856194
123.72194926330828,-460.1731483560607,303.3354008984578,179.9241224741606,0.3157090726929528,179.61050384107332,1739335856202
123.7219646859387,-460.17305901427517,303.33532882166594,179.92412274214942,0.3157158814264961,179.61051056743221,1739335856210
123.72190538003946,-460.1732080633014,303.3354661171029,179.92413636988542,0.31571545074459184,179.61051068834988,1739335856218
123.72184126033962,-460.1731395537034,303.3354176028134,179.9241292700478,0.3157088881450786,179.61049024865102,1739335856226
123.72186552707022,-460.17316520821214,303.3352955086881,179.9241093810571,0.31572304507940085,179.61049696144352,1739335856234
123.7219753510317,-460.1731122800731,303.3355095858817,179.92413652860634,0.31572232941641515,179.61050391997813,1739335856242
123.72184069853253,-460.1731520046766,303.33543139245853,179.92413610224162,0.3157086707161189,179.61049705405745,1739335856250
123.72189353753272,-460.173187938319,303.33542847774646,179.9241361385482,0.31570863783503106,179.61051065341587,1739335856258
123.72189526680116,-460.1731434187642,303.3353633548374,179.92412254842827,0.31570907234550505,179.61051060479798,1739335856266
123.72196173540948,-460.1731438412591,303.33556082341994,179.92414309331224,0.31571532678422437,179.61050396176418,1739335856274
123.7218418560419,-460.17312100833215,303.33547185078726,179.92413614151138,0.3157087399545949,179.61050388524487,1739335856282
123.72185254103684,-460.17317212966043,303.3354690318151,179.92413633357808,0.31571548362570656,179.61049708899145,1739335856290
123.72191725644129,-460.17322209386793,303.3355717940972,179.92415015503445,0.3157218620264011,179.61050397101687,1739335856298
123.72184068857565,-460.17315307690126,303.3355231840588,179.92414286197658,0.31570851387461796,179.61049032988865,1739335856306
123.72190713324571,-460.17315852157094,303.33556082341994,179.92414316823576,0.31571534478591773,179.61051076042907,1739335856314
123.72190770500774,-460.17314499838204,303.33545524217,179.9241295388453,0.31571571005715443,179.61050388062216,1739335856322
123.72186385563008,-460.1731986111961,303.3355884984531,179.92415695092168,0.31572167747771623,179.6104971770664,1739335856330
123.72194816363772,-460.1731682358187,303.3355883069835,179.92415645209655,0.31570807936735246,179.61050397544713,1739335856338
123.72191959136586,-460.17315795673557,303.3354691275506,179.92413663918535,0.315722296184493,179.61051748459084,1739335856346
123.72190770500774,-460.17314499838204,303.33545524217,179.92412950138348,0.3157157010546928,179.61049708205454,1739335856354
123.72190714320215,-460.17315744935524,303.3354690318151,179.92413637103988,0.31571549262735754,179.61051068602944,1739335856362
123.72190718705366,-460.17315028272463,303.3354452778391,179.92414305273297,0.31571522083852377,179.6104902622259,1739335856374
123.72189533459007,-460.17313122996967,303.3354994300818,179.92414969351594,0.31570827809001767,179.6105038988252,1739335856382
123.72190943427614,-460.1731004788285,303.3353901192617,179.92411594872533,0.31571614456601826,179.6105038320026,1739335856390
123.72191903951735,-460.17316933547295,303.33539112559566,179.9241365992596,0.31572220859204175,179.61051061846322,1739335856398
123.72192134457208,-460.17310841500426,303.3355638338558,179.92414336261052,0.3157221722233829,179.6105039595356,1739335856407
123.7218786048306,-460.17314107584883,303.3354178900199,179.92413003701853,0.3157292898166265,179.6105038457652,1739335856415
123.72195942040508,-460.1732058339617,303.33547990674947,179.92414316461821,0.3157152243123362,179.61051749365984,1739335856422
123.72191959136586,-460.17315795673557,303.3354691275506,179.92413656426018,0.31572227818125015,179.6105038874556,1739335856430
123.72190653754528,-460.1731770669528,303.33550657543987,179.92413637169423,0.31571551098138456,179.61051072096967,1739335856438
123.72190717709697,-460.17315135494766,303.3355370694409,179.9241498873907,0.31571508199955745,179.61049713519316,1739335856446
123.72182881217589,-460.1731390463215,303.3354175070808,179.92412911428693,0.3157021115945107,179.61050384579332,1739335856454
123.7219195574714,-460.17316405113155,303.33540108992736,179.92412297298583,0.31572267080734817,179.6105038411549,1739335856462
123.72189412327648,-460.1731704651605,303.3355745173339,179.92414965736373,0.31570830579799736,179.61049717013802,1739335856470
123.72185194533462,-460.1731906750314,303.33541478383535,179.92412953703652,0.31571564982035755,179.610497049532,1739335856478
123.72190714320215,-460.17315744935524,303.3354690318151,179.92413637103988,0.31571549262735754,179.61051068602944,1739335856486
123.72196287893115,-460.17311679485636,303.33534966092935,179.9241159094547,0.315716075325142,179.61050379928557,1739335856494
123.72190654750204,-460.1731759947261,303.33541478383535,179.92412957449832,0.31571565882281494,179.61051064657,1739335856502
123.7219617453658,-460.1731427690434,303.3354690318151,179.92413637103988,0.3157154926273576,179.6105174844998,1739335856510
123.72196408028367,-460.17307863188626,303.3353663652838,179.92412266788008,0.31571588177399523,179.6104970052372,1739335856518
123.72191898570898,-460.1731775743332,303.3355066711754,179.9241366398397,0.31572231453851984,179.61051751953107,1739335856526
123.72190658139664,-460.1731699003269,303.3354828214617,179.92414305338735,0.315715239192554,179.61049029716614,1739335856538
123.72189586250104,-460.1731248733995,303.3354176028134,179.92412930750882,0.31570889714756767,179.61050384568898,1739335856546
123.72186383169121,-460.1732036333863,303.335428669216,179.92413652498882,0.3157222089428242,179.6104902577978,1739335856554
123.72197650853397,-460.17308128371917,303.33555004420924,179.92413656787772,0.3157223986548324,179.61051075116558,1739335856562
123.72185370850329,-460.1731400610852,303.3354176985474,179.92412953819093,0.3157156917031241,179.61049704721157,1739335856570
123.72185077786823,-460.17322274360646,303.3354661171029,179.92413633242364,0.31571544174294075,179.61049709131188,1739335856578
123.7219196591558,-460.1731457679092,303.3356052028044,179.9241637468089,0.315721492929031,179.6105039800567,1739335856586
