4,3,5
18.5159,2.1881,3.1725
15.8344,2.9713,4.4943
14.1007,4.0769,3.8334
13.0605,4.2842,1.9828
12.5751,4.3072,0.7931
11.9741,3.8005,0.7931
11.4424,2.6488,0.1321
10.4253,2.6488,-0.3965
9.5238,2.9022,-0.3965
9.3619,2.2112,-0.5287
9.8474,0.3915,-1.5862
10.7258,-1.9117,-2.9081
11.0494,-3.2246,-2.5115
11.0957,-4.1229,-2.115
10.3328,-4.4224,-1.9828
8.969,-3.6623,-2.3793
8.2755,-2.9713,-2.5115
8.368,-3.2707,-2.3793
8.7378,-3.9156,-2.3793
9.1308,-4.3994,-2.6437
8.9459,-4.3303,-2.6437
8.3217,-3.7544,-2.9081
7.9519,-3.2477,-3.0403
7.4202,-3.3398,-3.7012
7.0735,-3.5471,-3.8334
6.7267,-3.5701,-3.9656
6.6574,-3.6162,-4.23
6.4956,-3.5241,-4.3621
6.3106,-3.2016,-4.0978
5.8252,-2.9022,-3.9656
5.2704,-2.8561,-3.8334
4.5769,-2.8331,-3.569
4.0453,-2.3033,-3.7012
3.7447,-1.9117,-3.569
3.5829,-1.9348,-3.7012
3.5367,-2.0499,-3.7012
3.3287,-2.1881,-3.7012
3.0975,-2.2342,-3.569
2.7276,-2.2112,-3.3046
2.3347,-2.073,-2.9081
1.8955,-1.8887,-2.6437
1.6412,-1.7275,-2.5115
1.41,-1.7044,-2.3793
1.2482,-1.8196,-2.115
1.1095,-1.9117,-1.9828
0.9939,-2.0039,-1.9828
0.7859,-1.8657,-2.115
0.5547,-1.7044,-1.9828
0.3236,-1.405,-1.9828
0.208,-1.1747,-1.8506
0.1386,-1.1516,-1.7184
0.0462,-1.1056,-1.7184
0.0693,-1.0825,-1.5862
0.0231,-1.0595,-1.1896
-0.0462,-0.9674,-1.3218
-0.1155,-0.8292,-1.0575
-0.208,-0.6449,-1.0575
-0.3005,-0.5067,-0.6609
-0.3005,-0.4376,-0.6609
-0.3467,-0.3915,-0.7931
-0.416,-0.3455,-0.7931
-0.4392,-0.3224,-0.7931
-0.5316,-0.3685,-0.7931
-0.601,-0.3685,-0.7931
-0.6703,-0.3685,-0.7931
-0.7397,-0.3224,-0.6609
-0.7165,-0.3224,-0.6609
-0.6934,-0.2764,-0.5287
-0.7165,-0.2303,-0.5287
-0.6472,-0.2303,-0.2643
-0.6472,-0.2303,-0.2643
-0.6241,-0.2073,-0.1321
-0.6241,-0.0921,-0.2643
-0.5779,-0.0691,-0.3965
-0.5085,0.023,-0.3965
-0.4392,0.0691,-0.3965
-0.3236,0.0921,-0.3965
-0.3236,0.1151,-0.2643
-0.2542,0.1382,-0.2643
-0.2311,0.2533,-0.2643
-0.208,0.2764,-0.1321
-0.1618,0.3455,-0.2643
-0.1155,0.3455,-0.2643
-0.0693,0.3224,-0.2643
-0.0693,0.2764,-0.2643
-0.0693,0.2764,-0.2643
-0.0693,0.2303,-0.2643
0.0,0.2073,-0.2643
0.0,0.2303,-0.5287
0.0,0.2994,-0.5287
0.0231,0.2994,-0.6609
0.0231,0.2994,-0.5287
0.0,0.2533,-0.5287
0.0231,0.2533,-0.2643
0.0693,0.2073,-0.2643
0.1618,0.2073,-0.3965
0.1618,0.2073,-0.3965
0.1618,0.1612,-0.3965
0.208,0.1382,-0.5287
0.2542,0.0691,-0.5287
0.3236,0.0691,-0.3965
0.416,0.0691,-0.3965
0.4854,0.046,-0.3965
0.601,-0.023,-0.5287
0.6472,-0.0921,-0.3965
0.7165,-0.1842,-0.3965
0.7397,-0.2073,-0.6609
0.8321,-0.2764,-0.7931
0.9708,-0.3224,-0.9253
1.1789,-0.4146,-0.9253
1.3869,-0.4606,-1.1896
1.595,-0.5528,-1.3218
1.7105,-0.6679,-1.3218
1.8723,-0.8061,-1.454
2.0342,-0.8983,-1.5862
2.196,-1.0134,-1.454
2.4271,-1.1286,-1.454
2.7045,-1.1977,-1.454
2.9357,-1.2668,-1.454
3.19,-1.382,-1.3218
3.398,-1.405,-1.3218
3.6061,-1.405,-1.3218
3.6754,-1.428,-1.3218
3.6985,-1.4971,-1.1896
3.6985,-1.4741,-1.3218
3.7679,-1.5432,-1.3218
3.8834,-1.6123,-1.5862
4.0684,-1.7966,-1.454
4.2071,-1.9348,-1.5862
4.3226,-2.096,-1.5862
4.392,-2.1421,-1.7184
4.4151,-2.1651,-1.8506
4.4613,-2.1881,-1.7184
4.5076,-2.2803,-1.5862
4.5538,-2.3033,-1.7184
4.6,-2.3494,-1.5862
4.5769,-2.3263,-1.5862
4.5076,-2.3033,-1.454
4.4151,-2.2803,-1.5862
4.2995,-2.2572,-1.5862
4.2302,-2.3263,-1.7184
4.2071,-2.4876,-1.7184
4.1608,-2.6949,-1.7184
4.0684,-2.9713,-1.5862
3.8834,-3.1325,-1.7184
3.8141,-3.1555,-1.8506
3.7447,-3.1786,-1.8506
3.7216,-3.1555,-1.8506
3.7447,-3.2016,-1.9828
3.8141,-3.3628,-1.9828
3.9066,-3.5932,-1.9828
4.0453,-3.8005,-1.9828
4.2302,-3.9387,-1.9828
4.4845,-3.9617,-1.9828
4.7387,-3.9387,-1.8506
5.0624,-3.9156,-1.7184
5.3629,-3.7774,-1.7184
5.6865,-3.6623,-1.5862
6.0795,-3.5701,-1.5862
6.5187,-3.3859,-1.1896
6.8654,-3.0634,-0.9253
7.0272,-2.9252,-0.7931
7.189,-2.8331,-0.7931
7.3971,-2.764,-0.7931
7.7438,-2.6949,-0.7931
8.0906,-2.6258,-0.6609
8.4604,-2.6027,-0.6609
8.784,-2.5567,-0.2643
9.0846,-2.4645,0.0
9.3851,-2.4185,0.1321
9.6625,-2.3494,0.2643
9.8936,-2.4185,0.5287
10.1248,-2.4645,0.6609
10.3559,-2.5567,0.7931
10.4946,-2.5797,0.7931
10.7489,-2.5567,0.9253
10.957,-2.6258,1.0575
11.2575,-2.6949,1.0575
11.558,-2.787,1.1896
11.7198,-2.81,1.3218
11.8585,-2.81,1.3218
11.9047,-2.787,1.3218
12.0665,-2.7409,1.1896
12.3901,-2.764,1.3218
12.8062,-2.8791,1.3218
13.3148,-2.9943,1.3218
13.6153,-3.0634,1.454
13.7771,-2.9482,1.454
13.6846,-2.6258,1.454
13.3379,-2.073,1.454
13.0143,-1.7275,1.3218
12.9218,-1.7505,1.3218
13.0374,-2.119,1.0575
13.3148,-2.5567,1.1896
13.6153,-2.8561,1.3218
13.8465,-2.9482,1.3218
13.8927,-2.8331,1.5862
13.6384,-2.2572,1.5862
13.2223,-1.5893,1.7184
12.8525,-1.2207,1.7184
12.6444,-1.3129,1.5862
12.4595,-1.6814,1.3218
12.2052,-1.9348,1.1896
11.9972,-2.0499,0.9253
11.766,-1.9348,1.0575
11.558,-1.7044,1.1896
11.3268,-1.4971,1.0575
11.1188,-1.5202,0.9253
11.0263,-1.7275,0.6609
10.957,-1.9348,0.2643
10.8414,-2.0499,0.2643
10.6796,-2.0499,0.3965
10.5177,-1.8657,0.3965
10.3559,-1.6814,0.5287
10.2635,-1.6814,0.3965
10.1941,-1.8657,0.0
10.1941,-2.073,-0.1321
10.171,-2.2112,-0.1321
10.0554,-2.1421,-0.2643
10.0323,-1.9348,-0.1321
10.1017,-1.7505,-0.1321
10.2172,-1.7044,-0.2643
10.4022,-1.8426,-0.2643
10.5177,-2.0499,-0.5287
10.5871,-2.119,-0.3965
10.564,-2.096,-0.3965
10.4715,-2.0269,-0.3965
10.4484,-1.9348,-0.3965
10.5409,-1.9578,-0.3965
10.6333,-1.9578,-0.3965
10.7027,-2.0269,-0.2643
10.7258,-2.0499,-0.3965
10.7489,-2.0499,-0.2643
10.7489,-1.9808,-0.1321
10.7489,-1.8887,0.0
10.7489,-1.8196,0.1321
10.8414,-1.7966,0.0
10.9338,-1.8196,0.0
11.0032,-1.7966,0.0
10.9801,-1.6353,0.0
10.9801,-1.3589,0.2643
11.0263,-1.0595,0.3965
11.0725,-0.8522,0.3965
11.1419,-0.737,0.5287
11.165,-0.6449,0.5287
11.2112,-0.5067,0.6609
11.1881,-0.3224,0.7931
11.2806,-0.1842,0.7931
11.3499,0.0,1.0575
11.4655,0.2533,1.1896
11.5811,0.5067,1.3218
11.6504,0.714,1.454
11.6273,0.8983,1.454
11.558,0.9674,1.454
11.5117,1.0134,1.454
11.4424,1.0134,1.454
11.4655,0.9904,1.3218
11.6042,0.9674,1.454
11.6736,0.9674,1.3218
11.7891,1.0595,1.454
11.8354,1.1056,1.454
11.7429,1.1977,1.454
11.6273,1.3129,1.454
11.6042,1.3359,1.5862
11.6504,1.2668,1.454
11.7891,1.1516,1.5862
11.9278,1.0595,1.454
11.9972,1.0134,1.7184
12.0203,1.0595,1.454
11.9509,1.0595,1.5862
11.8585,1.1977,1.5862
11.766,1.2668,1.5862
11.6967,1.2898,1.5862
11.7429,1.2207,1.5862
11.766,1.1516,1.454
11.7429,1.1056,1.7184
11.6504,1.1056,1.5862
11.6042,1.0595,1.5862
11.558,1.0595,1.454
11.6042,0.9904,1.3218
11.6273,0.8983,1.1896
11.6504,0.9213,1.3218
11.6504,0.9674,1.3218
11.6504,1.0825,1.454
11.6736,1.0825,1.3218
11.6967,1.0134,1.3218
11.6967,0.9213,1.3218
11.6736,0.8983,1.1896
11.5811,0.8983,1.3218
11.5117,0.9674,1.1896
11.4886,1.0134,1.1896
11.4886,1.0365,1.1896
11.5349,0.9674,1.1896
11.558,0.8292,1.1896
11.6273,0.691,1.1896
11.6736,0.5758,1.1896
11.7198,0.6449,1.0575
11.7891,0.6679,1.1896
11.8585,0.691,1.1896
11.9509,0.5758,1.1896
11.9741,0.5067,1.1896
11.9972,0.4376,1.3218
11.9972,0.4837,1.0575
11.9741,0.5067,1.1896
11.9972,0.5067,1.3218
12.0203,0.4837,1.3218
11.9741,0.5528,1.3218
11.9972,0.5758,1.454
12.0665,0.5758,1.3218
12.1821,0.4606,1.3218
12.2515,0.4146,1.0575
12.2977,0.3685,1.1896
12.2977,0.4376,1.3218
12.2515,0.5067,1.454
12.2977,0.5758,1.454
12.4133,0.4837,1.3218
12.6213,0.4146,1.1896
12.7369,0.3224,1.3218
12.8525,0.3224,1.3218
12.9218,0.4606,1.5862
12.8756,0.5758,1.5862
12.8062,0.714,1.5862
12.7831,0.714,1.5862
12.8987,0.5988,1.5862
13.0836,0.3915,1.454
13.2454,0.2533,1.454
13.3148,0.2073,1.454
13.2917,0.3224,1.5862
13.1761,0.4837,1.5862
13.0143,0.5988,1.7184
12.8525,0.6449,1.5862
12.7138,0.6449,1.5862
12.6907,0.6219,1.454
12.7138,0.5758,1.454
12.6907,0.5297,1.454
12.6444,0.5067,1.5862
12.552,0.5067,1.3218
12.4826,0.4606,1.3218
12.3901,0.5067,1.3218
12.3208,0.6219,1.454
12.1821,0.8061,1.454
12.0896,0.8752,1.454
12.0665,0.737,1.454
12.0434,0.5758,1.3218
11.9741,0.4837,1.3218
11.9741,0.5067,1.454
11.9278,0.6449,1.5862
11.8354,0.8061,1.5862
11.766,0.8522,1.454
11.7891,0.714,1.454
11.8354,0.5067,1.454
11.8816,0.3685,1.3218
11.8585,0.3915,1.3218
11.8122,0.5297,1.5862
11.6967,0.737,1.5862
11.6273,0.8292,1.5862
11.6736,0.714,1.454
11.7891,0.4837,1.454
11.9278,0.3455,1.3218
11.9972,0.3455,1.454
11.9972,0.4606,1.5862
11.9278,0.5988,1.5862
11.8585,0.714,1.5862
11.8122,0.691,1.5862
11.8585,0.5528,1.5862
11.8816,0.4606,1.454
11.9278,0.4146,1.454
11.9278,0.5067,1.5862
11.9047,0.5988,1.5862
11.9509,0.5988,1.5862
12.0665,0.5067,1.454
12.1821,0.2994,1.3218
12.2283,0.2073,1.3218
12.2283,0.2303,1.3218
12.159,0.4146,1.454
12.0203,0.5988,1.5862
11.9741,0.6679,1.5862
11.9972,0.6219,1.454
12.0434,0.4606,1.3218
12.1128,0.3224,1.3218
12.159,0.3224,1.1896
12.1359,0.4606,1.454
12.0896,0.5758,1.3218
12.0665,0.5758,1.3218
12.0896,0.4606,1.454
12.2052,0.2994,1.1896
12.2746,0.2533,1.0575
12.2746,0.3224,1.1896
12.2052,0.5067,1.454
12.1359,0.691,1.5862
12.0434,0.7601,1.5862
11.9972,0.6679,1.5862
12.0665,0.5528,1.3218
12.1821,0.4837,1.3218
12.2283,0.5758,1.3218
12.2283,0.6219,1.5862
12.1821,0.714,1.454
12.1128,0.714,1.454
12.0896,0.737,1.454
12.1359,0.5758,1.454
12.1821,0.4376,1.3218
12.2052,0.4376,1.1896
12.2052,0.5528,1.454
12.159,0.6679,1.5862
12.1359,0.7601,1.454
12.159,0.737,1.3218
12.2283,0.5758,1.454
12.2515,0.4606,1.454
12.3439,0.4606,1.454
12.3439,0.5297,1.5862
12.3208,0.5988,1.7184
12.2977,0.5758,1.7184
12.3208,0.4837,1.454
12.3208,0.3455,1.454
12.3901,0.2994,1.3218
12.3901,0.3685,1.3218
12.3439,0.5067,1.7184
12.2977,0.6219,1.5862
12.2746,0.5988,1.5862
12.2283,0.5297,1.3218
12.2052,0.4376,1.1896
12.1359,0.3455,1.1896
12.1359,0.3685,1.1896
12.1359,0.4376,1.454
12.159,0.4606,1.3218
12.2052,0.4146,1.1896
12.2283,0.2764,1.3218
12.2052,0.2764,1.3218
12.1821,0.3224,1.454
12.1359,0.3915,1.454
12.159,0.3455,1.3218
12.2052,0.2764,1.3218
12.2052,0.1612,1.1896
12.2052,0.1382,1.3218
12.1359,0.2533,1.3218
12.0203,0.3685,1.3218
11.9047,0.5297,1.454
11.8585,0.5528,1.3218
11.9047,0.4376,1.1896
11.9509,0.2533,1.0575
11.9278,0.1612,0.9253
11.8122,0.2073,1.0575
11.7198,0.3224,0.9253
11.6736,0.3685,0.9253
11.6042,0.2994,0.9253
11.6273,0.2533,1.0575
11.558,0.2764,1.0575
11.4655,0.3685,1.0575
11.3037,0.4606,1.1896
11.2112,0.4837,1.3218
11.2806,0.4146,1.0575
11.3499,0.2764,1.1896
11.3962,0.1382,1.0575
11.3962,0.0921,1.0575
11.3037,0.1151,1.0575
11.2343,0.1612,1.0575
11.2112,0.1842,0.7931
11.3037,0.0921,0.7931
11.4655,-0.0921,1.0575
11.5117,-0.2994,0.9253
11.558,-0.3915,0.7931
11.4655,-0.3685,0.7931
11.2806,-0.2073,0.9253
11.1188,0.023,1.0575
11.0032,0.1382,0.9253
11.0494,0.1612,1.0575
11.1419,0.046,0.7931
11.1881,-0.0921,0.7931
11.1881,-0.1842,0.9253
11.1881,-0.1612,0.9253
11.1188,-0.0921,0.9253
11.0957,0.046,1.0575
11.1419,0.046,0.9253
11.1881,0.0,1.0575
11.2575,-0.1382,0.9253
11.2806,-0.1842,0.7931
11.2806,-0.1842,0.9253
11.2343,-0.0921,1.0575
11.2112,-0.023,1.0575
11.2112,0.0,1.0575
11.1881,0.023,1.0575
11.165,-0.023,1.0575
11.165,-0.0921,0.9253
11.1881,-0.1612,0.9253
11.1881,-0.2073,0.9253
11.2806,-0.2303,0.9253
11.3037,-0.2073,0.9253
11.3037,-0.1382,1.0575
11.2575,-0.0921,0.9253
11.2343,-0.0921,0.9253
11.2343,-0.0921,0.7931
11.2343,-0.1151,0.9253
11.2806,-0.1151,1.0575
11.2112,-0.023,1.0575
11.2343,0.023,1.1896
11.2343,-0.023,1.0575
11.2343,-0.1612,0.7931
11.2806,-0.2533,0.6609
11.3037,-0.3224,0.6609
11.3268,-0.2073,0.7931
11.3499,-0.0921,1.0575
11.3499,0.0,1.1896
11.3268,0.0,1.0575
11.3037,-0.0691,0.9253
11.2806,-0.0921,0.7931
11.2806,-0.1151,0.7931
11.2575,-0.0691,0.7931
11.2343,0.046,0.9253
11.2575,0.023,0.9253
11.2806,-0.046,1.0575
11.3499,-0.1382,0.9253
11.3499,-0.1842,0.9253
11.373,-0.1382,0.9253
11.3268,-0.023,0.9253
11.3499,0.023,0.7931
11.3499,0.0,0.9253
11.373,-0.0691,0.7931
11.3962,-0.1382,0.7931
11.373,-0.1842,0.6609
11.3037,-0.1382,0.9253
11.2575,-0.046,0.7931
11.3037,-0.046,0.7931
11.3499,-0.1382,0.9253
11.4193,-0.2303,0.9253
11.4655,-0.2994,0.9253
11.5117,-0.3224,0.9253
11.4655,-0.2994,0.9253
11.4424,-0.2073,0.9253
11.3962,-0.1382,0.7931
11.373,-0.0921,0.9253
11.4193,-0.1842,0.9253
11.4193,-0.2533,0.7931
11.4193,-0.2303,0.7931
11.3962,-0.2303,0.9253
11.3268,-0.1612,0.9253
11.3268,-0.0921,0.9253
11.2806,0.0,0.7931
11.3499,0.0,0.7931
11.3499,-0.046,0.7931
11.3499,-0.0921,0.7931
11.3037,-0.1151,0.6609
11.2343,-0.046,0.7931
11.165,0.046,0.7931
11.2112,0.046,0.7931
11.2806,0.0,0.7931
11.3499,-0.046,0.7931
11.3499,-0.0921,0.7931
11.2806,0.023,0.7931
11.2112,0.1151,0.9253
11.1419,0.2073,0.9253
11.1188,0.2303,0.7931
11.165,0.1842,0.9253
11.2343,0.0691,0.7931
11.2806,-0.0921,0.6609
11.3268,-0.1151,0.6609
11.2806,-0.0691,0.6609
11.2112,0.0691,0.7931
11.1419,0.1382,0.7931
11.165,0.1612,0.7931
11.1881,0.1382,0.7931
11.2575,0.046,0.6609
11.2575,-0.023,0.7931
11.2112,0.0,0.7931
11.1419,0.0921,0.7931
11.0494,0.2073,0.7931
11.0263,0.2303,0.9253
11.0032,0.2533,0.9253
11.0263,0.1842,0.7931
11.0494,0.0921,0.7931
11.0032,0.0,0.7931
10.957,0.0,0.7931
10.957,-0.023,0.7931
11.0032,-0.023,0.7931
11.0494,0.0,0.7931
11.0494,0.0,0.7931
11.0494,0.0,0.6609
10.957,0.0921,0.7931
10.9107,0.0921,0.7931
10.7951,0.0691,0.7931
10.772,-0.023,0.6609
10.7489,-0.046,0.6609
10.772,0.0,0.7931
10.7489,0.023,0.6609
10.772,0.046,0.6609
10.7489,-0.023,0.6609
10.7027,-0.046,0.7931
10.6564,-0.0691,0.7931
10.6564,-0.0691,0.7931
10.6102,-0.046,0.7931
10.5409,0.023,0.6609
10.5177,-0.023,0.6609
10.4946,-0.1382,0.6609
10.4715,-0.2533,0.5287
10.3791,-0.2303,0.5287
10.3328,-0.1382,0.6609
10.1941,0.0691,0.6609
10.0323,0.2073,0.6609
9.8012,0.2764,0.6609
9.5469,0.2994,0.5287
9.2695,0.2303,0.5287
9.0383,0.1612,0.2643
8.8534,0.0691,0.3965
8.6222,0.023,0.3965
8.4142,0.046,0.2643
8.0906,0.1612,0.3965
7.7901,0.1842,0.2643
7.3277,0.1842,0.2643
6.8423,0.1842,0.0
6.38,0.1612,0.0
5.987,0.1151,-0.2643
5.779,0.0,-0.5287
5.5478,-0.023,-0.6609
5.3398,-0.1151,-0.6609
5.1317,-0.1842,-0.6609
4.785,-0.1151,-0.9253
4.392,0.1382,-0.7931
3.8834,0.3455,-0.9253
3.3749,0.4606,-0.7931
2.8663,0.691,-0.6609
2.3578,1.0134,-0.7931
1.9879,1.2207,-0.6609
1.5718,1.3589,-0.5287
1.1789,1.405,-0.7931
0.809,1.4511,-0.6609
0.4623,1.5662,-0.6609
0.1155,1.5893,-0.7931
-0.1618,1.6353,-0.7931
-0.4854,1.6584,-0.7931
-0.7628,1.6123,-0.6609
-1.0171,1.5893,-0.6609
-1.3638,1.5202,-0.6609
-1.6412,1.4971,-0.6609
-1.8955,1.4971,-0.3965
-2.196,1.4971,-0.3965
-2.4734,1.4741,-0.2643
-2.8201,1.4511,-0.2643
-3.0975,1.405,-0.1321
-3.3055,1.382,-0.2643
-3.4211,1.3359,-0.2643
-3.5367,1.405,-0.2643
-3.6985,1.4741,-0.2643
-3.8834,1.5662,-0.2643
-4.0453,1.6123,-0.2643
-4.2302,1.6353,-0.1321
-4.392,1.6814,-0.2643
-4.5076,1.6814,-0.1321
-4.6463,1.6584,0.0
-4.785,1.6814,0.0
-4.8543,1.6584,-0.1321
-4.993,1.7275,0.1321
-5.0624,1.8196,0.1321
-5.1317,1.8887,0.0
-5.1317,1.9117,0.1321
-5.1317,1.8887,0.1321
-5.0624,1.7966,0.0
-5.0392,1.7735,0.0
-5.0624,1.8196,0.0
-5.1317,1.8196,-0.1321
-5.2242,1.8196,-0.1321
-5.2242,1.7735,-0.1321
-5.2011,1.7505,-0.1321
-5.2011,1.6584,-0.1321
-5.2242,1.5662,-0.1321
-5.2242,1.428,-0.1321
-5.2242,1.3129,-0.1321
-5.2935,1.2898,-0.2643
-5.4091,1.3129,-0.1321
-5.5709,1.382,-0.1321
-5.7558,1.4741,0.0
-5.8945,1.5202,0.0
-5.987,1.5202,0.0
-6.1026,1.4971,0.0
-6.1257,1.4741,0.0
-6.1719,1.4741,0.0
-6.3337,1.5662,0.0
-6.4724,1.6353,0.2643
-6.7036,1.6814,0.1321
-6.9348,1.7275,0.2643
-7.0503,1.7275,0.3965
-7.1197,1.6353,0.3965
-7.1428,1.5893,0.3965
-7.189,1.4971,0.3965
-7.3046,1.4741,0.3965
-7.3971,1.4511,0.5287
-7.4895,1.382,0.2643
-7.6051,1.3129,0.3965
-7.6514,1.2898,0.2643
-7.6745,1.2438,0.3965
-7.7438,1.2668,0.3965
-7.8132,1.2898,0.3965
-7.9056,1.3359,0.5287
-8.0212,1.3589,0.6609
-8.1137,1.3359,0.6609
-8.183,1.2898,0.6609
-8.2986,1.2438,0.5287
-8.3911,1.1747,0.5287
-8.4604,1.1286,0.5287
-8.576,1.1286,0.5287
-8.6685,1.1747,0.3965
-8.7609,1.1286,0.5287
-8.8072,1.1286,0.6609
-8.8534,1.1286,0.6609
-8.9227,1.1286,0.6609
-8.9459,1.1516,0.7931
-9.0152,1.1977,0.7931
-9.0614,1.2668,0.9253
-9.0846,1.3589,0.7931
-9.1308,1.405,0.7931
-9.1308,1.4741,0.7931
-9.2001,1.4741,0.9253
-9.2233,1.4511,0.7931
-9.3157,1.428,0.7931
-9.3388,1.428,0.7931
-9.3619,1.405,0.9253
-9.4082,1.382,0.9253
-9.4313,1.382,0.9253
-9.4775,1.405,0.9253
-9.4775,1.405,0.9253
-9.4775,1.405,0.9253
-9.5238,1.428,0.9253
-9.5469,1.4511,0.9253
-9.5931,1.4741,0.9253
-9.6393,1.4741,0.9253
-9.5931,1.4511,0.9253
-9.6162,1.405,0.9253
-9.6393,1.428,0.9253
-9.6856,1.405,0.7931
-9.778,1.405,0.7931
-9.8243,1.4741,0.9253
-9.8474,1.4971,0.9253
-9.8705,1.5432,0.9253
-9.8705,1.5432,0.9253
-9.8705,1.5432,0.7931
-9.8705,1.5432,0.9253
-9.8705,1.5662,0.9253
-9.8936,1.6353,0.9253
-9.9167,1.6814,0.9253
-9.9398,1.6814,0.9253
-10.0323,1.6814,0.9253
-9.9861,1.7044,1.0575
-10.0092,1.7044,1.0575
-10.0554,1.7505,1.0575
-10.0785,1.7735,1.0575
-10.0785,1.7735,1.0575
-10.0785,1.7505,1.0575
-10.0785,1.7735,1.0575
-10.0785,1.7966,1.0575
-10.1479,1.8426,1.0575
-10.1248,1.8426,1.1896
-10.1248,1.8657,1.1896
-10.1941,1.8426,1.1896
-10.2172,1.8657,1.1896
-10.2635,1.8426,1.1896
-10.2866,1.8426,1.0575
-10.3328,1.8887,1.1896
-10.4022,1.8887,1.0575
-10.5177,1.8887,1.0575
-10.7027,1.9578,1.0575
-10.8645,1.9578,1.1896
-11.0263,1.9117,1.3218
-11.165,1.8887,1.1896
-11.2575,1.8196,1.1896
-11.3037,1.7505,1.1896
-11.2575,1.7044,1.0575
-11.165,1.6353,1.0575
-11.165,1.6353,1.1896
-11.2112,1.7044,1.1896
-11.2343,1.7275,1.3218
-11.2806,1.7966,1.3218
-11.2575,1.8196,1.3218
-11.2112,1.8196,1.3218
-11.0957,1.7735,1.1896
-11.0494,1.7505,1.1896
-10.9801,1.7044,1.0575
-11.0263,1.7275,1.0575
-10.9801,1.7275,1.0575
-10.9338,1.7505,1.0575
-10.8876,1.7505,1.0575
-10.8183,1.7275,1.0575
-10.7489,1.7044,0.9253
-10.6333,1.6123,0.9253
-10.5871,1.6123,1.0575
-10.5409,1.6123,1.0575
-10.5177,1.6353,1.0575
-10.4946,1.6123,1.0575
-10.564,1.5893,1.0575
-10.564,1.5202,1.0575
-10.5177,1.428,0.9253
-10.4484,1.3589,1.0575
-10.4022,1.2668,0.9253
-10.4022,1.2438,0.9253
-10.4253,1.2668,0.9253
-10.3791,1.2438,0.9253
-10.4022,1.2438,0.9253
-10.4253,1.1747,0.9253
-10.4946,1.1516,0.9253
-10.4715,1.1286,0.9253
-10.4484,1.0825,0.9253
-10.4253,1.0825,1.0575
-10.4022,1.1056,0.9253
-10.4022,1.1286,0.9253
-10.4253,1.1747,1.0575
-10.4715,1.2207,1.0575
-10.4946,1.2207,1.0575
-10.5409,1.2668,1.1896
-10.5409,1.2668,1.0575
-10.5177,1.2207,1.0575
-10.4253,1.1977,1.0575
-10.4253,1.1516,1.1896
-10.3791,1.1516,1.1896
-10.3559,1.1977,1.0575
-10.3097,1.2438,1.1896
-10.4253,1.2668,1.0575
-10.4253,1.2668,1.0575
-10.4715,1.2438,1.1896
-10.4715,1.2438,1.1896
-10.4484,1.2207,1.0575
-10.4484,1.2207,1.0575
-10.4253,1.2668,1.0575
-10.4022,1.2668,1.0575
-10.3559,1.2668,1.0575
-10.3328,1.2438,1.1896
-10.3328,1.2668,1.0575
-10.3559,1.2207,1.0575
-10.4253,1.2207,1.0575
-10.4253,1.2438,0.9253
-10.4253,1.2438,1.0575
-10.4022,1.2668,1.0575
-10.3559,1.2668,1.0575
-10.3559,1.2898,1.0575
-10.3559,1.2668,1.0575
-10.4253,1.2668,1.0575
-10.4484,1.2668,0.9253
-10.4484,1.2438,0.9253
-10.4253,1.2207,0.9253
-10.4022,1.2207,0.9253
-10.3791,1.2668,0.9253
-10.3791,1.2898,0.9253
-10.4022,1.3359,0.9253
-10.3791,1.3589,1.0575
-10.4484,1.3589,1.0575
-10.4484,1.3589,1.0575
-10.4715,1.3589,1.0575
-10.4253,1.3129,1.0575
-10.3791,1.3129,0.9253
-10.3559,1.2898,0.9253
-10.3328,1.2898,0.7931
-10.3328,1.2898,0.9253
-10.3328,1.2898,0.9253
-10.3791,1.2898,0.7931
-10.3559,1.2898,0.9253
-10.3328,1.3359,0.9253
-10.3559,1.3589,0.9253
-10.3328,1.3589,0.9253
-10.2866,1.3589,1.0575
-10.3328,1.382,1.0575
-10.3559,1.3589,1.0575
-10.3791,1.3359,0.9253
-10.4253,1.3129,0.9253
-10.4022,1.3359,0.9253
-10.3559,1.3359,0.9253
-10.3791,1.3359,0.9253
-10.4022,1.3359,0.9253
-10.4253,1.3359,1.0575
-10.4022,1.3589,1.0575
-10.3328,1.3359,1.0575
-10.3097,1.3359,1.0575
-10.3097,1.3129,0.9253
-10.2866,1.3589,1.0575
-10.3097,1.405,1.0575
-10.3559,1.4511,1.0575
-10.4253,1.4971,1.0575
-10.4253,1.5202,1.0575
-10.4022,1.5202,1.0575
-10.3791,1.4741,1.0575
-10.3559,1.428,1.0575
-10.3791,1.428,0.9253
-10.4022,1.405,0.9253
-10.3559,1.405,0.9253
-10.3559,1.382,0.9253
-10.2866,1.382,0.9253
-10.2866,1.3589,0.9253
-10.2404,1.3589,0.9253
-10.2404,1.382,0.9253
-10.2404,1.3589,0.7931
-10.3097,1.428,0.9253
-10.3328,1.4741,0.9253
-10.3791,1.4741,0.9253
-10.4022,1.4511,0.9253
-10.3791,1.428,0.7931
-10.3097,1.428,0.7931
-10.2866,1.405,0.7931
-10.2635,1.382,0.6609
-10.2866,1.382,0.6609
-10.3097,1.405,0.6609
-10.3097,1.428,0.7931
-10.3097,1.4511,0.7931
-10.3328,1.4511,0.6609
-10.2866,1.405,0.6609
-10.2635,1.382,0.6609
-10.3559,1.405,0.6609
-10.3097,1.428,0.5287
-10.3097,1.405,0.6609
-10.3097,1.405,0.6609
-10.3097,1.3589,0.6609
-10.3097,1.3359,0.6609
-10.3097,1.3589,0.6609
-10.3097,1.382,0.5287
-10.3328,1.382,0.6609
-10.3791,1.4511,0.6609
-10.3559,1.405,0.6609
-10.3559,1.4511,0.6609
-10.3328,1.405,0.6609
-10.3097,1.3359,0.6609
-10.3097,1.3359,0.6609
-10.2866,1.3359,0.6609
-10.2635,1.2898,0.6609
-10.2404,1.3129,0.6609
-10.2172,1.3359,0.5287
-10.1941,1.3359,0.5287
-10.2172,1.3589,0.5287
-10.2172,1.382,0.5287
-10.2866,1.3589,0.6609
-10.3097,1.382,0.6609
-10.3097,1.382,0.6609
-10.2866,1.3589,0.6609
-10.2635,1.405,0.5287
-10.2404,1.382,0.5287
-10.2404,1.3589,0.3965
-10.2404,1.3589,0.3965
-10.2404,1.3359,0.3965
-10.2866,1.3589,0.5287
-10.3097,1.382,0.5287
-10.3097,1.382,0.5287
-10.3328,1.3589,0.6609
-10.3097,1.3359,0.5287
-10.2635,1.3129,0.3965
-10.2635,1.3129,0.3965
-10.2635,1.3129,0.3965
-10.3097,1.3129,0.5287
-10.3097,1.3359,0.5287
-10.2866,1.3589,0.5287
-10.2866,1.3589,0.5287
-10.2866,1.3359,0.3965
-10.3097,1.3589,0.5287
-10.3559,1.405,0.5287
-10.3791,1.428,0.5287
-10.3328,1.4511,0.5287
-10.3328,1.428,0.5287
-10.3097,1.428,0.5287
-10.2866,1.405,0.5287
-10.2866,1.3589,0.5287
-10.3328,1.382,0.5287
-10.3097,1.3589,0.5287
-10.3097,1.382,0.5287
-10.3328,1.405,0.5287
-10.3559,1.428,0.5287
-10.3328,1.4511,0.3965
-10.3328,1.4511,0.3965
-10.3328,1.4511,0.3965
-10.3328,1.4511,0.3965
-10.3097,1.4511,0.5287
-10.3097,1.4511,0.5287
-10.3328,1.4511,0.3965
-10.3328,1.4511,0.5287
-10.3328,1.405,0.5287
-10.3097,1.428,0.3965
-10.3328,1.428,0.5287
-10.3328,1.428,0.5287
-10.3559,1.4741,0.5287
-10.3559,1.4971,0.5287
-10.3559,1.4971,0.3965
-10.3559,1.4741,0.3965
-10.3328,1.428,0.2643
-10.3328,1.405,0.2643
-10.3328,1.405,0.3965
-10.2866,1.428,0.2643
-10.3097,1.428,0.3965
-10.3097,1.4511,0.2643
-10.3097,1.4741,0.2643
-10.2866,1.4511,0.3965
-10.2635,1.4511,0.3965
-10.2635,1.428,0.3965
-10.2635,1.428,0.3965
-10.2404,1.4511,0.3965
-10.2404,1.4511,0.5287
-10.2635,1.4511,0.3965
-10.2635,1.428,0.3965
-10.2172,1.382,0.3965
-10.171,1.3359,0.2643
-10.1941,1.3589,0.2643
-10.2404,1.382,0.2643
-10.2635,1.405,0.2643
-10.2404,1.382,0.2643
-10.2172,1.382,0.2643
-10.1941,1.405,0.2643
-10.171,1.405,0.2643
-10.171,1.405,0.3965
-10.1941,1.428,0.2643
-10.1941,1.4511,0.3965
-10.2404,1.4511,0.3965
-10.2404,1.428,0.3965
-10.2172,1.3589,0.2643
-10.2172,1.3589,0.3965
-10.2172,1.382,0.1321
-10.2404,1.382,0.3965
-10.2635,1.4511,0.3965
-10.2172,1.4741,0.3965
-10.171,1.4741,0.2643
-10.1248,1.428,0.2643
-10.1017,1.428,0.2643
-10.1017,1.428,0.2643
-10.1479,1.4741,0.2643
-10.1479,1.4971,0.2643
-10.1479,1.5202,0.2643
-10.1479,1.5432,0.3965
-10.1479,1.5432,0.3965
-10.1248,1.4971,0.2643
-10.1248,1.4741,0.2643
-10.1248,1.428,0.2643
-10.1479,1.428,0.2643
-10.1479,1.4971,0.2643
-10.1479,1.4971,0.1321
-10.1479,1.4741,0.2643
-10.1941,1.4511,0.3965
-10.1941,1.4971,0.3965
-10.1941,1.4741,0.3965
-10.1941,1.4511,0.3965
-10.1941,1.4741,0.3965
-10.1941,1.4511,0.3965
-10.1941,1.4511,0.2643
-10.1941,1.4511,0.2643
-10.1479,1.405,0.1321
-10.171,1.382,0.1321
-10.1941,1.405,0.1321
-10.2172,1.405,0.2643
-10.2172,1.428,0.3965
-10.1941,1.4741,0.3965
-10.1941,1.4971,0.3965
-10.1941,1.4971,0.5287
-10.171,1.4511,0.2643
-10.1941,1.4511,0.3965
-10.2172,1.405,0.3965
-10.1941,1.428,0.2643
-10.1941,1.428,0.1321
-10.1479,1.428,0.1321
-10.1017,1.428,0.2643
-10.1248,1.428,0.2643
-10.1248,1.382,0.2643
-10.1479,1.405,0.1321
-10.1941,1.405,0.1321
-10.2172,1.405,0.3965
-10.171,1.3589,0.1321
-10.1248,1.3129,0.2643
-10.1017,1.2898,0.2643
-10.0785,1.2668,0.2643
-10.1248,1.2898,0.2643
-10.1479,1.3129,0.2643
-10.171,1.3589,0.2643
-10.171,1.3589,0.2643
-10.1941,1.3359,0.2643
-10.171,1.3589,0.2643
-10.171,1.2668,0.2643
-10.171,1.2898,0.2643
-10.171,1.3129,0.1321
-10.171,1.2438,0.2643
-10.1941,1.2438,0.1321
-10.171,1.2438,0.2643
-10.1479,1.1977,0.1321
-10.1017,1.1747,0.2643
-10.1248,1.1747,0.1321
-10.171,1.2438,0.1321
-10.2172,1.2668,0.1321
-10.2172,1.2898,0.2643
-10.2404,1.2898,0.1321
-10.2404,1.3589,0.1321
-10.2172,1.3589,0.1321
-10.2404,1.3359,0.2643
-10.2404,1.2668,0.2643
-10.2172,1.2438,0.2643
-10.2404,1.2668,0.2643
-10.1941,1.2668,0.1321
-10.171,1.2668,0.2643
-10.1479,1.2898,0.2643
-10.1248,1.2898,0.2643
-10.1479,1.2898,0.2643
-10.171,1.2898,0.2643
-10.1941,1.3359,0.2643
-10.1941,1.3589,0.2643
-10.1941,1.3589,0.2643
-10.1941,1.405,0.1321
-10.1941,1.3589,0.2643
-10.1479,1.3129,0.1321
-10.171,1.3359,0.1321
-10.1479,1.3359,0.2643
-10.1479,1.3129,0.1321
-10.171,1.3129,0.1321
-10.171,1.3359,0.1321
-10.1248,1.2898,0.1321
-10.171,1.3359,0.1321
-10.171,1.3129,0.1321
-10.171,1.3359,0.1321
-10.171,1.3359,0.2643
-10.1479,1.3589,0.1321
-10.171,1.3359,0.1321
-10.171,1.3359,0.2643
-10.1479,1.3129,0.1321
-10.1479,1.3129,0.1321
-10.171,1.3359,0.1321
-10.171,1.3129,0.1321
-10.171,1.3589,0.2643
-10.1941,1.3129,0.2643
-10.1248,1.3129,0.1321
-10.1017,1.2898,0.2643
-10.1017,1.3129,0.1321
-10.1017,1.3129,0.0
-10.1248,1.3589,0.0
-10.1479,1.405,0.0
-10.171,1.405,0.0
-10.171,1.405,0.1321
-10.1479,1.405,0.1321
-10.1248,1.382,0.0
-10.1017,1.3359,0.1321
-10.1017,1.3359,0.1321
-10.0785,1.3359,0.1321
-10.0785,1.3589,0.1321
-10.0785,1.3589,0.0
-10.0785,1.382,0.0
-10.0785,1.3589,0.1321
-10.1017,1.3359,0.1321
-10.1017,1.3359,0.1321
-10.0785,1.2898,0.2643
-10.0785,1.2898,0.1321
-10.0554,1.3129,0.1321
-10.0785,1.3589,0.1321
-10.0554,1.3589,0.1321
-10.0323,1.3359,0.1321
-10.0323,1.2898,0.1321
-10.0554,1.2438,0.1321
-10.1017,1.3129,0.1321
-10.0785,1.3129,0.1321
-10.0554,1.3359,0.1321
-9.9861,1.3359,0.2643
-9.963,1.3359,0.1321
-9.963,1.2898,0.1321
-9.9861,1.2898,0.1321
-10.0092,1.3129,0.1321
-10.0554,1.3359,0.2643
-10.0554,1.3589,0.1321
-10.0323,1.2898,0.1321
-10.0092,1.2438,0.1321
-10.0092,1.2438,0.1321
-10.0092,1.2438,0.1321
-10.0323,1.2668,0.1321
-10.0092,1.2668,0.1321
-10.0092,1.3129,0.1321
-10.0092,1.3129,0.1321
-9.9861,1.3129,0.1321
-9.963,1.3359,0.1321
-9.963,1.2898,0.1321
-9.9398,1.3589,0.1321
-9.9398,1.382,0.1321
-9.9398,1.405,0.0
-9.9398,1.382,0.1321
-9.963,1.405,0.1321
-9.963,1.382,0.1321
-10.0092,1.3589,0.1321
-9.9861,1.3359,0.1321
-9.963,1.3359,0.1321
-9.9398,1.3359,0.1321
-9.9398,1.3359,0.1321
-9.9398,1.3359,0.0
-9.963,1.3589,0.0
-9.963,1.3359,0.1321
-9.9861,1.382,0.1321
-9.9861,1.405,0.1321
-9.9861,1.382,0.0
-9.9861,1.3589,0.0
-9.9861,1.405,0.0
-9.963,1.405,0.1321
-10.0092,1.405,0.1321
-10.0092,1.428,0.0
-9.963,1.382,0.0
-9.963,1.3589,0.1321
-9.963,1.382,0.1321
-9.9861,1.405,0.1321
-10.0785,1.4511,0.0
-10.0554,1.4971,0.0
-10.0554,1.4971,0.0
-10.0092,1.4971,0.0
-9.963,1.5202,0.0
-9.9167,1.4741,0.0
-9.9398,1.4511,0.1321
-9.9167,1.4511,0.1321
-9.9398,1.4741,0.1321
-9.963,1.4971,0.0
-9.9861,1.5202,0.1321
-9.963,1.4511,0.1321
-9.963,1.4741,0.1321
-9.9861,1.4971,0.1321
-9.963,1.4511,0.1321
-9.963,1.4741,0.1321
-9.963,1.4971,0.0
-9.9398,1.4971,0.0
-9.9398,1.5202,-0.1321
-9.963,1.5432,0.0
-9.963,1.5202,0.0
-9.963,1.5432,0.0
-9.963,1.5202,-0.1321
-9.9861,1.4971,0.0
-10.0092,1.4971,0.1321
-10.0092,1.4741,0.1321
-10.0092,1.428,0.1321
-10.0323,1.4741,0.2643
-10.0092,1.4511,0.1321
-10.0554,1.4741,0.1321
-10.0785,1.4971,0.0
-10.1017,1.4971,0.0
-10.0785,1.5202,0.1321
-10.0554,1.5432,0.1321
-10.0323,1.5432,0.1321
-10.0323,1.5893,0.1321
-10.0554,1.5893,0.1321
-10.0554,1.5662,0.1321
-10.1017,1.5662,0.1321
-10.171,1.5662,0.2643
-10.2172,1.5432,0.2643
-10.2404,1.5202,0.2643
-10.2404,1.5662,0.2643
-10.2635,1.5432,0.2643
-10.3097,1.5432,0.2643
-10.3097,1.5662,0.2643
-10.2866,1.5662,0.2643
-10.2635,1.5662,0.2643
-10.2404,1.5432,0.2643
-10.2404,1.5662,0.2643
-10.2172,1.5662,0.2643
-10.2404,1.5893,0.3965
-10.2404,1.5662,0.3965
-10.2635,1.5662,0.2643
-10.2866,1.5432,0.2643
-10.2866,1.4971,0.2643
-10.2635,1.4741,0.2643
-10.2404,1.428,0.1321
-10.2635,1.428,0.1321
-10.2635,1.4741,0.2643
-10.2866,1.4971,0.3965
-10.2866,1.5432,0.2643
-10.2404,1.5432,0.2643
-10.2404,1.5432,0.2643
-10.2404,1.5662,0.3965
-10.2404,1.5893,0.3965
-10.2866,1.6353,0.3965
-10.2404,1.6814,0.3965
-10.3097,1.7044,0.3965
-10.3097,1.7044,0.3965
-10.3097,1.7044,0.3965
-10.3328,1.6814,0.3965
-10.3097,1.6584,0.3965
-10.3097,1.6584,0.2643
-10.2866,1.6123,0.3965
-10.3328,1.6584,0.3965
-10.3097,1.6584,0.3965
-10.3328,1.6584,0.5287
-10.3328,1.6814,0.5287
-10.3328,1.6814,0.3965
-10.2866,1.6353,0.3965
-10.2866,1.6353,0.3965
-10.2635,1.6123,0.3965
-10.2866,1.5662,0.3965
-10.3097,1.5893,0.3965
-10.3097,1.6123,0.2643
-10.3328,1.5893,0.3965
-10.3328,1.5662,0.3965
-10.3328,1.5432,0.2643
-10.3328,1.5202,0.3965
-10.3328,1.4971,0.3965
-10.3328,1.4971,0.2643
-10.3328,1.4971,0.2643
-10.2866,1.4741,0.2643
-10.3097,1.4511,0.2643
-10.3097,1.4971,0.2643
-10.3328,1.5202,0.3965
-10.3097,1.5202,0.3965
-10.2866,1.4971,0.2643
-10.2635,1.5202,0.3965
-10.2635,1.4741,0.2643
-10.3097,1.4511,0.3965
-10.3559,1.4741,0.2643
-10.3559,1.4511,0.2643
-10.3328,1.4511,0.2643
-10.3559,1.4971,0.2643
-10.3328,1.4971,0.3965
-10.3097,1.4741,0.2643
-10.2404,1.428,0.3965
-10.2404,1.382,0.3965
-10.2866,1.428,0.5287
-10.3328,1.4511,0.3965
-10.3328,1.405,0.5287
-10.4022,1.405,0.3965
-10.3559,1.405,0.3965
-10.3328,1.3589,0.3965
-10.3328,1.3359,0.3965
-10.3097,1.3359,0.3965
-10.2866,1.2898,0.3965
-10.2866,1.2898,0.2643
-10.1941,1.3129,0.1321
-10.1941,1.2668,0.1321
-10.2172,1.2438,0.1321
-10.1941,1.2438,0.1321
-10.1941,1.2668,0.1321
-10.1941,1.2898,0.1321
-10.171,1.2898,0.1321
-10.1479,1.3129,0.1321
-10.1248,1.3129,0.2643
-10.0785,1.2898,0.1321
-10.1017,1.2668,0.1321
-10.0554,1.2898,0.1321
-10.0092,1.2668,0.0
-9.9861,1.2668,0.1321
-9.9398,1.2438,0.1321
-9.8936,1.2438,0.1321
-9.8705,1.2207,0.1321
-9.8936,1.2207,0.0
-9.8474,1.1977,0.0
-9.778,1.1516,0.0
-9.7318,1.1516,0.1321
-9.6625,1.1516,0.1321
-9.6162,1.1286,0.1321
-9.57,1.1747,0.0
-9.5238,1.1516,0.0
-9.5006,1.1977,-0.1321
-9.4544,1.2207,0.0
-9.3851,1.2207,-0.2643
-9.3157,1.2207,-0.2643
-9.2233,1.2207,-0.2643
-9.1539,1.1747,-0.1321
-9.0614,1.1516,-0.1321
-8.9227,1.1056,-0.1321
-8.784,1.0595,-0.2643
-8.5991,1.0134,-0.3965
-8.3911,0.9904,-0.5287
-8.2061,0.9674,-0.5287
-7.975,0.9213,-0.6609
-7.7669,0.8983,-0.6609
-7.4895,0.9213,-0.5287
-7.1659,0.8983,-0.7931
-6.8423,0.8752,-0.7931
-6.4956,0.8061,-0.9253
-6.1488,0.714,-0.7931
-5.779,0.6679,-0.9253
-5.5016,0.6449,-0.7931
-5.2242,0.5988,-0.9253
-4.9237,0.5528,-1.0575
-4.6,0.5297,-1.1896
-4.2302,0.4606,-1.1896
-3.9066,0.4146,-1.3218
-3.5598,0.3455,-1.454
-3.1437,0.2533,-1.454
-2.6814,0.0921,-1.7184
-2.1266,-0.1382,-1.8506
-1.5256,-0.3685,-1.9828
-1.0171,-0.6219,-1.9828
-0.3467,-0.737,-2.2471
0.0231,-0.9213,-2.2471
0.3236,-1.0134,-2.3793
0.6472,-1.0825,-2.3793
1.3869,-1.1286,-2.2471
2.0342,-1.2668,-2.115
2.7045,-1.2438,-2.115
3.3287,-1.2668,-1.9828
3.8372,-1.2207,-1.7184
4.3226,-1.2898,-1.7184
4.7387,-1.3589,-1.8506
5.0161,-1.382,-1.7184
5.2935,-1.4511,-1.7184
5.6865,-1.428,-1.5862
6.1026,-1.382,-1.454
6.4493,-1.3359,-1.3218
6.7267,-1.2898,-1.3218
6.9348,-1.3359,-1.3218
7.1197,-1.428,-1.3218
7.374,-1.5202,-1.3218
7.7438,-1.6584,-1.1896
8.2061,-1.8196,-1.1896
8.5991,-1.8657,-1.1896
8.9459,-1.8657,-1.1896
9.177,-1.8657,-1.0575
9.2695,-1.8196,-1.0575
9.4082,-1.8657,-1.1896
9.5469,-1.9808,-1.1896
9.7549,-2.0039,-1.0575
9.9398,-2.0039,-1.0575
10.1941,-2.0039,-0.9253
10.3559,-2.0039,-0.9253
10.4946,-1.9578,-1.0575
10.5177,-2.0039,-0.9253
10.5409,-2.119,-0.9253
10.6102,-2.3033,-0.9253
10.772,-2.4415,-0.9253
11.0725,-2.5336,-0.9253
11.373,-2.6949,-0.6609
11.5349,-2.7409,-0.7931
11.6273,-2.6718,-0.6609
11.6504,-2.5797,-0.7931
11.6736,-2.5567,-0.9253
11.7429,-2.5336,-0.9253
11.8585,-2.5106,-1.0575
12.0203,-2.4645,-0.9253
12.159,-2.3724,-0.7931
12.2746,-2.2803,-0.7931
12.2977,-2.2112,-0.7931
12.3208,-2.2342,-0.9253
12.4595,-2.4185,-0.9253
12.6907,-2.6949,-0.7931
12.9218,-2.787,-0.7931
13.1067,-2.7409,-0.7931
13.1067,-2.5336,-0.7931
13.0605,-2.3494,-0.9253
13.0836,-2.3263,-0.9253
13.1992,-2.4415,-0.9253
13.5228,-2.6949,-0.7931
13.8465,-2.9943,-0.7931
14.1239,-3.1555,-0.7931
14.2625,-3.1095,-0.7931
14.2625,-2.8791,-0.7931
14.1701,-2.6258,-0.7931
14.0083,-2.4645,-0.6609
13.8927,-2.3954,-0.9253
13.8233,-2.4645,-0.7931
13.8927,-2.5797,-0.9253
14.0314,-2.764,-0.6609
14.1239,-2.8561,-0.6609
14.1932,-2.9482,-0.6609
14.1007,-2.9022,-0.6609
14.0083,-2.8561,-0.7931
13.9158,-2.81,-0.7931
13.8696,-2.9252,-0.9253
13.9389,-3.1095,-0.7931
14.0545,-3.2937,-0.7931
14.1932,-3.3628,-0.6609
14.3319,-3.3628,-0.6609
14.4244,-3.4089,-0.5287
14.5631,-3.5471,-0.6609
14.6786,-3.6392,-0.6609
14.8636,-3.6392,-0.6609
15.0485,-3.501,-0.5287
15.1641,-3.2707,-0.6609
15.2103,-3.0173,-0.5287
15.1178,-2.8791,-0.3965
14.956,-2.787,-0.3965
14.7249,-2.81,-0.5287
14.6786,-2.9482,-0.3965
14.7942,-3.1095,-0.6609
14.8867,-3.3628,-0.6609
15.0023,-3.5241,-0.5287
15.1641,-3.6162,-0.5287
15.141,-3.5701,-0.3965
15.0023,-3.3859,-0.3965
14.7942,-3.2477,-0.5287
14.7018,-3.2707,-0.6609
14.7249,-3.4319,-0.5287
14.8173,-3.6623,-0.3965
14.956,-3.8235,-0.5287
15.1641,-3.8696,-0.3965
15.3721,-3.9156,-0.3965
15.5108,-3.9387,-0.5287
15.557,-3.9387,-0.5287
15.4877,-3.8465,-0.5287
15.4184,-3.7083,-0.3965
15.4877,-3.6853,-0.3965
15.7651,-3.9617,-0.5287
16.2274,-4.3994,-0.3965
16.8284,-4.9752,-0.1321
17.4063,-5.3668,-0.1321
17.7068,-5.551,0.0
17.7068,-5.2516,-0.1321
17.4294,-4.6067,-0.1321
17.1058,-3.8465,-0.2643
16.8747,-3.3628,-0.3965
16.9209,-3.3628,-0.5287
17.0596,-3.6853,-0.2643
17.2445,-4.0999,-0.2643
17.3601,-4.4224,-0.1321
17.4526,-4.4685,-0.1321
17.3601,-4.2612,-0.1321
17.2214,-3.9847,-0.2643
17.1289,-3.7544,-0.1321
17.1752,-3.7083,-0.2643
17.3601,-3.8926,-0.3965
17.545,-4.1229,-0.3965
17.7068,-4.2612,-0.2643
17.7762,-4.2612,-0.3965
17.73,-4.0769,-0.3965
17.4988,-3.8235,-0.2643
17.2214,-3.6162,-0.2643
17.0827,-3.5932,-0.3965
16.9902,-3.7083,-0.5287
17.0365,-3.8696,-0.6609
17.1521,-4.0078,-0.6609
17.2214,-4.0078,-0.6609
17.3139,-3.9617,-0.6609
17.2907,-3.9156,-0.6609
17.2214,-3.8926,-0.5287
17.1521,-3.8926,-0.5287
17.1983,-3.8696,-0.3965
17.3832,-3.9617,-0.3965
17.5913,-4.0769,-0.3965
17.7068,-4.169,-0.3965
17.6837,-4.192,-0.2643
17.6375,-4.0999,-0.2643
17.6144,-4.0769,-0.2643
17.6837,-4.0769,-0.2643
17.7993,-4.2151,-0.2643
17.9611,-4.4454,-0.1321
18.0536,-4.5836,-0.1321
18.0536,-4.5606,-0.1321
18.0305,-4.4454,0.0
18.0998,-4.3533,-0.1321
18.1923,-4.3994,-0.1321
18.331,-4.5145,-0.1321
18.4928,-4.6067,-0.1321
18.6315,-4.6527,0.0
18.7702,-4.5836,0.1321
18.8395,-4.5376,0.1321
18.932,-4.4454,0.0
19.0476,-4.4685,0.1321
19.2325,-4.5836,0.2643
19.4637,-4.7679,0.2643
19.5099,-4.9061,0.1321
19.4868,-4.7449,0.2643
19.3712,-4.4454,0.0
19.3943,-4.3303,0.0
19.5099,-4.4685,0.0
19.6255,-4.7449,0.1321
19.7411,-4.9291,0.0
19.8566,-4.9291,0.1321
19.9029,-4.9061,0.1321
20.0184,-4.8831,0.1321
19.9953,-4.7909,0.2643
19.926,-4.6758,0.2643
19.8566,-4.5836,0.1321
19.8335,-4.5606,0.1321
19.8566,-4.6067,0.0
19.8566,-4.7218,0.0
19.926,-4.837,0.0
19.9029,-4.86,0.0
19.926,-4.837,0.0
19.9491,-4.7218,-0.1321
19.9722,-4.6527,-0.2643
20.0416,-4.6988,-0.1321
20.1109,-4.7679,-0.1321
20.1571,-4.7449,0.0
20.2496,-4.7449,0.0
20.319,-4.7679,0.0
20.3883,-4.7679,0.0
20.5501,-4.7909,0.0
20.6426,-4.8831,-0.1321
20.7582,-4.9061,-0.1321
20.8275,-4.6988,-0.2643
20.8044,-4.3533,-0.1321
20.7119,-4.0308,-0.2643
20.6657,-3.8926,-0.2643
20.6195,-4.0308,-0.2643
20.527,-4.2381,-0.2643
20.4114,-4.2151,-0.3965
20.3421,-4.0538,-0.3965
20.319,-4.0538,-0.3965
20.3883,-4.192,-0.2643
20.4576,-4.3533,-0.3965
20.5039,-4.4224,-0.2643
20.5501,-4.4685,-0.2643
20.527,-4.4915,-0.2643
20.4345,-4.4454,-0.2643
20.3883,-4.4454,-0.3965
20.319,-4.3994,-0.3965
20.2727,-4.3303,-0.3965
20.2265,-4.3072,-0.5287
20.134,-4.2842,-0.3965
20.0647,-4.2612,-0.3965
19.9953,-4.2612,-0.3965
19.9953,-4.2612,-0.5287
19.926,-4.3072,-0.3965
19.8335,-4.3303,-0.5287
19.7179,-4.3303,-0.5287
19.6717,-4.3303,-0.5287
19.6717,-4.3303,-0.5287
19.6717,-4.3303,-0.3965
19.6486,-4.2842,-0.2643
19.6024,-4.169,-0.2643
19.533,-4.0308,-0.3965
19.5099,-4.0538,-0.2643
19.4868,-4.2842,-0.5287
19.4868,-4.4224,-0.3965
19.4637,-4.3533,-0.3965
19.4868,-4.192,-0.2643
19.5561,-4.0999,-0.2643
19.6255,-4.192,-0.3965
19.6486,-4.3533,-0.5287
19.6486,-4.4454,-0.5287
19.6024,-4.3763,-0.5287
19.4868,-4.146,-0.3965
19.4868,-4.0538,-0.3965
19.5099,-4.0999,-0.3965
19.533,-4.169,-0.3965
19.5792,-4.2842,-0.5287
19.5561,-4.3072,-0.6609
19.4868,-4.192,-0.5287
19.4405,-4.0999,-0.5287
19.4637,-4.2151,-0.6609
19.533,-4.5145,-0.5287
19.6024,-4.7449,-0.5287
19.6255,-4.7679,-0.5287
19.533,-4.5376,-0.3965
19.4637,-4.2842,-0.5287
19.4405,-4.2151,-0.6609
19.4405,-4.3533,-0.6609
19.4174,-4.5145,-0.6609
19.3481,-4.6297,-0.5287
19.3018,-4.5606,-0.6609
19.2787,-4.3533,-0.7931
19.3481,-4.2381,-0.6609
19.3943,-4.2612,-0.5287
19.4405,-4.3994,-0.6609
19.4637,-4.4224,-0.5287
19.3481,-4.2381,-0.5287
19.2787,-3.9387,-0.5287
19.325,-3.8465,-0.5287
19.4174,-3.9617,-0.5287
19.533,-4.1229,-0.2643
19.5792,-4.1229,-0.3965
19.5792,-4.0999,-0.3965
19.5561,-4.0999,-0.5287
19.5792,-4.169,-0.5287
19.6486,-4.146,-0.3965
19.6717,-4.0538,-0.2643
19.6486,-3.9617,-0.5287
19.6255,-3.9847,-0.5287
19.533,-3.9847,-0.5287
19.4405,-3.9156,-0.6609
19.4637,-3.8696,-0.5287
19.5561,-3.9156,-0.5287
19.6255,-4.0078,-0.5287
19.6024,-4.0078,-0.3965
19.533,-3.8235,-0.3965
19.4405,-3.6392,-0.3965
19.3481,-3.5932,-0.3965
19.2787,-3.6392,-0.3965
19.3481,-3.8005,-0.5287
19.4405,-3.9387,-0.2643
19.4868,-3.9847,-0.2643
19.533,-4.0078,-0.2643
19.4405,-4.0308,-0.2643
19.4174,-4.0308,-0.3965
19.4637,-4.0308,-0.2643
19.4637,-4.0308,-0.2643
19.4405,-3.9387,-0.2643
19.3943,-3.7314,-0.2643
19.3712,-3.6162,-0.2643
19.325,-3.6392,-0.2643
19.2787,-3.7544,-0.1321
19.2556,-3.8235,-0.1321
19.3712,-3.8465,-0.2643
19.4405,-3.8235,-0.2643
19.4637,-3.8005,-0.2643
19.4637,-3.8235,-0.2643
19.4405,-3.8235,-0.2643
19.3712,-3.7083,-0.3965
19.3481,-3.6162,-0.2643
19.3712,-3.6623,-0.2643
19.5099,-3.9387,-0.1321
19.6486,-4.2151,-0.2643
19.6717,-4.2842,-0.2643
19.6255,-4.1229,-0.2643
19.5561,-3.7774,-0.2643
19.4868,-3.5241,-0.3965
19.4174,-3.478,-0.2643
19.3481,-3.5241,-0.3965
19.3481,-3.7314,-0.3965
19.325,-3.8926,-0.3965
19.325,-3.9617,-0.3965
19.3481,-3.9617,-0.3965
19.4868,-4.0308,-0.3965
19.5561,-4.2151,-0.3965
19.6024,-4.3303,-0.3965
19.533,-4.3072,-0.3965
19.3712,-4.169,-0.3965
19.3481,-4.0078,-0.3965
19.4405,-4.0769,-0.3965
19.533,-4.2842,-0.3965
19.6486,-4.3994,-0.3965
19.6717,-4.3763,-0.3965
19.6024,-4.2381,-0.3965
19.533,-4.192,-0.3965
19.4637,-4.192,-0.3965
19.4405,-4.1229,-0.3965
19.4405,-4.1229,-0.3965
19.5099,-4.1229,-0.5287
19.6486,-4.2842,-0.6609
19.7642,-4.4915,-0.6609
19.7411,-4.5145,-0.5287
19.6486,-4.3533,-0.5287
19.4868,-4.1229,-0.5287
19.4174,-3.9387,-0.5287
19.4405,-4.0078,-0.5287
19.5099,-4.2151,-0.5287
19.5561,-4.3533,-0.5287
19.5561,-4.3763,-0.3965
19.4405,-4.2151,-0.5287
19.3943,-4.146,-0.5287
19.3481,-4.2381,-0.5287
19.3712,-4.3994,-0.6609
19.4405,-4.5606,-0.3965
19.5561,-4.6297,-0.3965
19.5561,-4.5836,-0.2643
19.5561,-4.4685,-0.2643
19.533,-4.3763,-0.3965
19.5561,-4.3533,-0.3965
19.5792,-4.4454,-0.3965
19.6024,-4.5145,-0.5287
19.6255,-4.5606,-0.5287
19.5792,-4.5376,-0.5287
19.533,-4.4685,-0.5287
19.4405,-4.3763,-0.6609
19.4174,-4.4224,-0.5287
19.4405,-4.5606,-0.5287
19.533,-4.6527,-0.5287
19.6024,-4.6527,-0.5287
19.6948,-4.5376,-0.3965
19.7179,-4.3994,-0.3965
19.6717,-4.3303,-0.3965
19.6255,-4.2842,-0.5287
19.5792,-4.3072,-0.5287
19.5099,-4.2381,-0.5287
19.4637,-4.192,-0.5287
19.4174,-4.192,-0.5287
19.4637,-4.2612,-0.6609
19.5561,-4.3763,-0.6609
19.6486,-4.4915,-0.6609
19.7179,-4.5376,-0.6609
19.7411,-4.4454,-0.6609
19.7411,-4.2612,-0.5287
19.7642,-4.192,-0.5287
19.7179,-4.2612,-0.5287
19.7411,-4.3533,-0.5287
19.7642,-4.4224,-0.5287
19.7642,-4.3533,-0.5287
19.7873,-4.2612,-0.5287
19.8104,-4.2381,-0.5287
19.8104,-4.2151,-0.5287
19.7873,-4.2612,-0.5287
19.6948,-4.2381,-0.5287
19.6255,-4.1229,-0.5287
19.5561,-4.0769,-0.3965
19.5561,-4.146,-0.5287
19.6255,-4.2612,-0.6609
19.7179,-4.4685,-0.6609
19.6948,-4.5606,-0.6609
19.6024,-4.4915,-0.6609
19.5561,-4.3303,-0.5287
19.5792,-4.192,-0.3965
19.6948,-4.3072,-0.3965
19.8104,-4.5606,-0.5287
19.8566,-4.6527,-0.5287
19.8797,-4.5606,-0.3965
19.8566,-4.3533,-0.3965
19.926,-4.2842,-0.3965
20.0184,-4.3994,-0.3965
20.0416,-4.4685,-0.2643
20.0647,-4.3994,-0.3965
19.9722,-4.2151,-0.3965
19.8104,-4.0078,-0.3965
19.7411,-3.8696,-0.5287
19.6717,-3.8926,-0.3965
19.6024,-3.9387,-0.5287
19.6024,-3.9617,-0.2643
19.6948,-4.0999,-0.3965
19.8104,-4.2612,-0.3965
19.8797,-4.3533,-0.5287
19.9029,-4.3072,-0.3965
19.8104,-4.192,-0.3965
19.7179,-3.9847,-0.2643
19.6948,-3.8235,-0.5287
19.6948,-3.8926,-0.3965
19.7642,-4.0769,-0.3965
19.8797,-4.2612,-0.2643
19.9491,-4.2612,-0.3965
19.9491,-4.2151,-0.3965
19.9029,-4.1229,-0.3965
19.926,-4.0999,-0.3965
19.8566,-4.0999,-0.2643
19.7642,-4.0078,-0.3965
19.6486,-3.8696,-0.3965
19.6024,-3.8235,-0.3965
19.6255,-3.8696,-0.3965
19.7411,-4.0538,-0.2643
19.8566,-4.2612,-0.3965
19.8797,-4.2842,-0.3965
19.8797,-4.169,-0.2643
19.8104,-3.9847,-0.3965
19.6948,-3.8696,-0.3965
19.6255,-3.8696,-0.3965
19.6486,-3.9387,-0.3965
19.6717,-4.0538,-0.3965
19.6948,-4.169,-0.3965
19.7179,-4.2151,-0.2643
19.7179,-4.2151,-0.3965
19.6486,-4.2151,-0.2643
19.6948,-4.2612,-0.3965
19.7179,-4.3763,-0.2643
19.7642,-4.4685,-0.2643
19.7642,-4.3994,-0.3965
19.7411,-4.3072,-0.3965
19.7873,-4.3303,-0.3965
19.7179,-4.4224,-0.5287
19.6255,-4.4224,-0.3965
19.5561,-4.3303,-0.3965
19.5099,-4.2612,-0.3965
19.5099,-4.2381,-0.3965
19.5561,-4.3533,-0.3965
19.6486,-4.5606,-0.5287
19.6486,-4.6527,-0.2643
19.6717,-4.5836,-0.2643
19.6024,-4.4685,-0.3965
19.5561,-4.3763,-0.3965
19.533,-4.3533,-0.3965
19.533,-4.3303,-0.2643
19.4405,-4.3072,-0.2643
19.4174,-4.2842,-0.3965
19.3712,-4.2381,-0.3965
19.2556,-4.192,-0.3965
19.1631,-4.2612,-0.3965
19.0476,-4.3072,-0.5287
19.0707,-4.3303,-0.6609
19.0938,-4.3533,-0.3965
19.1863,-4.3533,-0.3965
19.2325,-4.4685,-0.3965
19.2325,-4.6067,-0.2643
19.2556,-4.6527,-0.2643
19.2787,-4.6988,-0.3965
19.4174,-4.7909,-0.3965
19.533,-4.86,-0.2643
19.6255,-4.837,-0.1321
19.6717,-4.6758,0.0
19.533,-4.4224,-0.2643
19.4405,-4.2151,-0.2643
19.4174,-4.192,-0.3965
19.4174,-4.2842,-0.3965
19.4868,-4.4224,-0.3965
19.6255,-4.5145,-0.3965
19.7179,-4.4915,-0.3965
19.7411,-4.3763,-0.2643
19.6948,-4.146,-0.3965
19.6717,-3.9617,-0.3965
19.6486,-3.8696,-0.2643
19.6255,-3.8005,-0.3965
19.5792,-3.7544,-0.3965
19.5792,-3.7314,-0.3965
19.5792,-3.7544,-0.5287
19.5792,-3.8235,-0.5287
19.533,-3.8235,-0.5287
19.5099,-3.8005,-0.6609
19.5099,-3.8005,-0.6609
19.5561,-3.8005,-0.6609
19.6024,-3.8005,-0.7931
19.6948,-3.8235,-0.6609
19.7411,-3.8465,-0.6609
19.7179,-3.7544,-0.5287
19.6255,-3.6162,-0.5287
19.5561,-3.478,-0.5287
19.5792,-3.501,-0.5287
19.6255,-3.5471,-0.6609
19.6486,-3.6853,-0.7931
19.6255,-3.8465,-0.6609
19.533,-3.8465,-0.6609
19.4868,-3.7774,-0.6609
19.4174,-3.6623,-0.6609
19.533,-3.6392,-0.6609
19.6255,-3.7774,-0.6609
19.7179,-3.9387,-0.6609
19.6717,-4.0078,-0.3965
19.5099,-3.8465,-0.5287
19.325,-3.5932,-0.6609
19.2787,-3.5471,-0.5287
19.325,-3.8005,-0.5287
19.3943,-4.0999,-0.5287
19.3481,-4.169,-0.3965
19.2094,-3.9156,-0.5287
19.0938,-3.5932,-0.6609
19.0707,-3.455,-0.6609
19.1169,-3.5701,-0.6609
19.1169,-3.8005,-0.6609
19.1169,-3.8926,-0.5287
19.1631,-3.8005,-0.6609
19.1631,-3.7083,-0.5287
19.14,-3.6853,-0.5287
19.0476,-3.7083,-0.6609
18.9782,-3.7314,-0.6609
19.0013,-3.8005,-0.7931
19.0476,-3.8465,-0.6609
19.0707,-3.8696,-0.6609
19.0476,-3.8696,-0.6609
19.0707,-3.9617,-0.6609
19.0476,-4.0078,-0.6609
19.0245,-4.0538,-0.5287
18.932,-4.0538,-0.5287
18.9089,-4.0078,-0.5287
18.9089,-4.0308,-0.5287
18.932,-4.0769,-0.5287
18.9782,-4.192,-0.6609
18.9551,-4.2612,-0.6609
18.932,-4.2842,-0.6609
18.9089,-4.2612,-0.6609
18.8395,-4.2151,-0.5287
18.7933,-4.2151,-0.6609
18.8164,-4.2842,-0.6609
18.8626,-4.2842,-0.6609
18.7933,-4.1229,-0.6609
18.7239,-3.9387,-0.5287
18.6777,-3.9156,-0.6609
18.6546,-4.0308,-0.6609
18.7008,-4.169,-0.6609
18.7239,-4.2151,-0.6609
18.7239,-4.192,-0.5287
18.7239,-4.146,-0.5287
18.7933,-4.2381,-0.5287
18.8395,-4.3763,-0.5287
18.8626,-4.3994,-0.5287
18.8858,-4.3072,-0.3965
18.8858,-4.146,-0.3965
18.8626,-4.0308,-0.3965
18.8164,-4.0308,-0.2643
18.7702,-4.0999,-0.5287
18.7471,-4.169,-0.5287
18.7471,-4.192,-0.5287
18.7702,-4.192,-0.5287
18.8395,-4.3072,-0.6609
18.9089,-4.3994,-0.6609
18.9551,-4.4454,-0.3965
18.8858,-4.3533,-0.5287
18.8858,-4.2842,-0.3965
18.8395,-4.2612,-0.3965
18.9089,-4.3303,-0.5287
18.9551,-4.3763,-0.5287
18.9782,-4.3533,-0.3965
18.9089,-4.1229,-0.3965
18.8164,-3.8696,-0.3965
18.7702,-3.7314,-0.3965
18.7471,-3.7774,-0.3965
18.6546,-3.9156,-0.5287
18.6315,-4.0078,-0.5287
18.6315,-4.0538,-0.3965
18.6084,-3.9617,-0.3965
18.6084,-3.9156,-0.5287
18.7008,-4.0999,-0.5287
18.7471,-4.2151,-0.5287
18.7933,-4.2842,-0.3965
18.8626,-4.146,-0.6609
18.8858,-4.0538,-0.5287
18.8858,-4.0078,-0.3965
18.7933,-3.9617,-0.5287
18.7239,-3.8005,-0.3965
18.6315,-3.6392,-0.6609
18.5621,-3.501,-0.5287
18.5852,-3.5241,-0.6609
18.6546,-3.6623,-0.6609
18.7702,-3.8465,-0.5287
18.7933,-3.9617,-0.5287
18.7471,-3.8696,-0.5287
18.6315,-3.6623,-0.5287
18.5159,-3.478,-0.6609
18.539,-3.4319,-0.6609
18.5852,-3.5471,-0.6609
18.6777,-3.6623,-0.6609
18.7471,-3.7544,-0.5287
18.7239,-3.7544,-0.5287
18.6777,-3.7314,-0.6609
18.6777,-3.7083,-0.6609
18.7933,-3.7774,-0.6609
18.8858,-3.8696,-0.5287
18.9089,-3.8696,-0.3965
18.8858,-3.7544,-0.5287
18.8395,-3.5241,-0.5287
18.7933,-3.3628,-0.5287
18.7933,-3.3859,-0.5287
18.8395,-3.5701,-0.6609
18.8626,-3.6392,-0.5287
18.8626,-3.5701,-0.5287
18.8395,-3.4319,-0.5287
18.8164,-3.2707,-0.5287
18.7702,-3.1786,-0.5287
18.7702,-3.1325,-0.6609
18.7933,-3.2246,-0.3965
18.8164,-3.2937,-0.5287
18.8164,-3.2707,-0.5287
18.7933,-3.1325,-0.5287
18.7239,-2.9252,-0.3965
18.7239,-2.81,-0.5287
18.7008,-2.787,-0.5287
18.6777,-2.764,-0.3965
18.6084,-2.7409,-0.3965
18.5159,-2.6027,-0.3965
18.5852,-2.4876,-0.5287
18.6546,-2.4645,-0.5287
18.6315,-2.5797,-0.3965
18.6546,-2.6488,-0.3965
18.6084,-2.6258,-0.2643
18.539,-2.5106,-0.3965
18.4928,-2.3494,-0.3965
18.539,-2.3724,-0.3965
18.5159,-2.4645,-0.3965
18.5852,-2.5797,-0.1321
18.6084,-2.7179,-0.2643
18.5852,-2.764,-0.2643
18.5852,-2.7179,-0.1321
18.5852,-2.7409,-0.1321
18.5852,-2.764,-0.1321
18.6084,-2.8331,-0.1321
18.5852,-2.8561,-0.1321
18.539,-2.8791,-0.2643
18.5159,-2.8791,-0.3965
18.4234,-2.8561,-0.3965
18.3772,-2.8331,-0.2643
18.3079,-2.8791,-0.3965
18.3079,-2.9252,-0.5287
18.3541,-2.9943,-0.6609
18.4003,-3.1325,-0.5287
18.4234,-3.2016,-0.6609
18.3079,-3.1095,-0.6609
18.1692,-3.0404,-0.7931
18.1923,-3.0634,-0.7931
18.2616,-3.1325,-0.6609
18.331,-3.2477,-0.5287
18.3772,-3.3628,-0.5287
18.3541,-3.2707,-0.5287
18.3079,-3.1325,-0.5287
18.3079,-3.0634,-0.5287
18.4003,-3.1555,-0.5287
18.539,-3.2707,-0.5287
18.5621,-3.2477,-0.3965
18.539,-3.0864,-0.3965
18.4003,-2.9022,-0.2643
18.2847,-2.764,-0.3965
18.2385,-2.8331,-0.5287
18.2847,-2.9713,-0.3965
18.3541,-3.1095,-0.3965
18.331,-3.1325,-0.3965
18.3079,-3.0864,-0.5287
18.2154,-3.0864,-0.6609
18.1923,-3.0864,-0.3965
18.2616,-3.2016,-0.5287
18.331,-3.3628,-0.5287
18.3772,-3.4089,-0.6609
18.3541,-3.2707,-0.5287
18.2847,-3.0404,-0.6609
18.1923,-2.8791,-0.5287
18.146,-2.81,-0.6609
18.1692,-2.9252,-0.6609
18.2154,-3.0634,-0.5287
18.331,-3.1325,-0.5287
18.3772,-3.1786,-0.5287
18.3772,-3.1325,-0.5287
18.3541,-3.0404,-0.6609
18.3079,-3.0173,-0.7931
18.2847,-3.0173,-0.7931
18.3079,-3.1325,-0.5287
18.3541,-3.2477,-0.5287
18.4466,-3.2246,-0.5287
18.539,-3.1786,-0.5287
18.5621,-3.0404,-0.5287
18.5621,-2.9252,-0.3965
18.4697,-2.787,-0.3965
18.5159,-2.787,-0.5287
18.5159,-2.8331,-0.6609
18.4697,-2.9252,-0.6609
18.4466,-2.8791,-0.5287
18.4234,-2.787,-0.5287
18.4466,-2.764,-0.5287
18.4928,-2.9022,-0.5287
18.539,-3.0404,-0.6609
18.5852,-3.0404,-0.6609
18.6315,-2.9943,-0.6609
18.7239,-3.0173,-0.5287
18.6777,-3.0173,-0.3965
18.6315,-2.9482,-0.3965
18.6084,-2.8331,-0.3965
18.539,-2.7409,-0.5287
18.5621,-2.787,-0.5287
18.6315,-3.0173,-0.5287
18.6777,-3.1555,-0.6609
18.7008,-3.1325,-0.6609
18.7008,-2.9943,-0.6609
18.6084,-2.8791,-0.6609
18.6315,-2.9022,-0.6609
18.6546,-3.0404,-0.6609
18.7471,-3.0864,-0.5287
18.8395,-3.0864,-0.3965
18.9089,-3.0173,-0.3965
18.932,-2.9713,-0.3965
18.9551,-2.9713,-0.3965
18.9782,-3.0173,-0.2643
18.9089,-2.9252,-0.2643
18.8858,-2.81,-0.3965
18.8858,-2.7179,-0.2643
18.9551,-2.787,-0.3965
19.0245,-2.9482,-0.3965
19.0476,-3.0634,-0.3965
19.0938,-3.0404,-0.3965
19.1863,-3.0173,-0.3965
19.3018,-3.0634,-0.3965
19.3943,-3.0864,-0.2643
19.4868,-3.1555,-0.2643
19.5561,-3.1555,-0.2643
19.5099,-3.0404,-0.1321
19.4637,-2.81,-0.2643
19.4174,-2.764,-0.2643
19.4405,-2.8791,-0.2643
19.4405,-2.9713,-0.3965
19.4637,-2.9713,-0.3965
19.5561,-3.0173,-0.3965
19.6255,-3.1095,-0.3965
19.6948,-3.2246,-0.3965
19.7873,-3.2707,-0.3965
19.8797,-3.2477,-0.3965
19.9722,-3.1786,-0.3965
19.9953,-3.1555,-0.2643
20.0184,-3.2016,-0.2643
20.0184,-3.1786,-0.2643
20.0647,-3.1325,-0.2643
20.0416,-3.0634,-0.1321
19.9491,-2.9713,-0.2643
19.9029,-2.8561,-0.2643
19.8335,-2.8331,-0.2643
19.7179,-2.9022,-0.3965
19.6486,-2.9943,-0.2643
19.6717,-3.1786,-0.3965
19.7642,-3.3398,-0.5287
19.8797,-3.4089,-0.3965
19.9722,-3.478,-0.5287
20.0878,-3.5241,-0.3965
20.134,-3.5471,-0.3965
20.0878,-3.455,-0.2643
19.9722,-3.2937,-0.3965
19.926,-3.2016,-0.5287
19.926,-3.2937,-0.5287
19.9491,-3.4089,-0.3965
20.0184,-3.4319,-0.2643
20.0878,-3.4089,-0.1321
20.134,-3.4089,-0.5287
20.1571,-3.4089,-0.5287
20.134,-3.3859,-0.3965
20.1109,-3.4089,-0.3965
20.0184,-3.4089,-0.2643
19.9029,-3.4089,-0.2643
19.8104,-3.3859,-0.2643
19.8104,-3.478,-0.3965
19.8566,-3.5241,-0.3965
19.8797,-3.6162,-0.3965
19.8335,-3.6623,-0.2643
19.7873,-3.6623,-0.3965
19.7873,-3.6162,-0.3965
19.6948,-3.5241,-0.3965
19.6717,-3.6162,-0.3965
19.6948,-3.8235,-0.5287
19.8335,-3.9847,-0.3965
19.9722,-3.9847,-0.3965
20.0647,-3.9156,-0.2643
20.134,-3.8696,-0.2643
20.0878,-3.8235,-0.1321
20.0184,-3.7544,-0.1321
19.926,-3.6392,-0.2643
19.8335,-3.501,-0.2643
19.9029,-3.5701,-0.2643
19.9491,-3.7544,-0.3965
19.9491,-3.8465,-0.2643
19.9029,-3.7314,-0.1321
19.7873,-3.5241,-0.2643
19.8104,-3.478,-0.1321
19.8797,-3.5471,-0.1321
19.926,-3.5932,-0.2643
19.926,-3.5471,-0.2643
19.8797,-3.478,-0.2643
19.8335,-3.4319,-0.2643
19.7411,-3.4089,-0.2643
19.6486,-3.4319,-0.2643
19.6717,-3.501,-0.3965
19.7411,-3.6392,-0.3965
19.8104,-3.7083,-0.3965
19.8566,-3.6853,-0.2643
19.926,-3.6623,-0.3965
20.0184,-3.7314,-0.3965
20.0647,-3.8465,-0.3965
20.0878,-3.9617,-0.3965
20.0416,-3.9387,-0.3965
19.9491,-3.8005,-0.5287
19.9029,-3.6392,-0.5287
19.9029,-3.7314,-0.5287
19.8797,-3.8696,-0.3965
19.8566,-3.8696,-0.3965
19.9029,-3.7774,-0.3965
19.8566,-3.6853,-0.3965
19.8566,-3.6853,-0.3965
19.926,-3.7774,-0.3965
19.9029,-3.8235,-0.5287
19.8566,-3.6853,-0.5287
19.7642,-3.5471,-0.3965
19.6948,-3.4319,-0.2643
19.7179,-3.478,-0.3965
19.6948,-3.5471,-0.5287
19.7873,-3.5932,-0.3965
19.8104,-3.5471,-0.2643
19.7642,-3.501,-0.3965
19.7179,-3.4319,-0.2643
19.6948,-3.4089,-0.2643
19.6717,-3.4089,-0.3965
19.7411,-3.478,-0.2643
19.6948,-3.5241,-0.3965
19.6948,-3.5471,-0.3965
19.6024,-3.455,-0.2643
19.5099,-3.3398,-0.2643
19.4174,-3.2477,-0.3965
19.4405,-3.3859,-0.2643
19.4405,-3.5701,-0.3965
19.533,-3.7314,-0.5287
19.5561,-3.7544,-0.5287
19.5561,-3.7083,-0.3965
19.5792,-3.6853,-0.3965
19.4868,-3.6623,-0.3965
19.4174,-3.5932,-0.3965
19.4174,-3.6162,-0.3965
19.4637,-3.7544,-0.3965
19.4405,-3.8926,-0.5287
19.4637,-3.9156,-0.3965
19.3943,-3.7774,-0.5287
19.3712,-3.5701,-0.3965
19.3943,-3.501,-0.2643
19.4174,-3.5932,-0.2643
19.4405,-3.7083,-0.3965
19.4637,-3.7544,-0.3965
19.3943,-3.6392,-0.2643
19.2787,-3.478,-0.2643
19.1631,-3.2937,-0.2643
19.1169,-3.2016,-0.3965
19.1631,-3.1786,-0.3965
19.2325,-3.3168,-0.2643
19.2325,-3.455,-0.3965
19.1863,-3.478,-0.2643
19.0938,-3.3859,-0.3965
19.0245,-3.2477,-0.3965
19.0245,-3.2016,-0.5287
19.1169,-3.3628,-0.5287
19.2094,-3.5471,-0.3965
19.2787,-3.6392,-0.3965
19.3018,-3.5471,-0.2643
19.3481,-3.4089,-0.2643
19.3481,-3.3398,-0.2643
19.2787,-3.2707,-0.2643
19.1863,-3.1786,-0.2643
19.1169,-3.1095,-0.2643
19.14,-3.1095,-0.3965
19.1863,-3.2707,-0.3965
19.2556,-3.455,-0.3965
19.3018,-3.5932,-0.3965
19.3943,-3.6623,-0.3965
19.4405,-3.6392,-0.3965
19.4637,-3.5471,-0.3965
19.4174,-3.4319,-0.3965
19.325,-3.3168,-0.3965
19.3018,-3.2707,-0.3965
19.3018,-3.3168,-0.3965
19.325,-3.4319,-0.3965
19.3481,-3.5701,-0.3965
19.325,-3.501,-0.2643
19.2325,-3.2707,-0.3965
19.14,-3.0404,-0.5287
19.14,-3.0634,-0.5287
19.2325,-3.2016,-0.5287
19.2556,-3.3168,-0.3965
19.2787,-3.3398,-0.3965
19.2556,-3.2016,-0.5287
19.2094,-3.0864,-0.5287
19.2094,-3.0864,-0.5287
19.2094,-3.2016,-0.5287
19.2325,-3.2477,-0.6609
19.2787,-3.1325,-0.5287
19.2325,-3.0404,-0.3965
19.1631,-2.9252,-0.3965
19.0707,-2.8561,-0.3965
19.0476,-2.8791,-0.5287
19.0707,-3.0634,-0.5287
19.0938,-3.2246,-0.3965
19.0707,-3.2937,-0.3965
19.0245,-3.2246,-0.5287
19.0013,-3.1555,-0.5287
19.0245,-3.1325,-0.6609
19.0476,-3.1325,-0.3965
19.0245,-3.1555,-0.3965
19.0013,-3.2246,-0.3965
18.9782,-3.2477,-0.3965
18.9782,-3.2246,-0.3965
18.9782,-3.1786,-0.5287
18.9782,-3.2016,-0.5287
18.9782,-3.2707,-0.3965
18.9782,-3.2016,-0.2643
18.932,-3.1325,-0.3965
18.8858,-3.0864,-0.3965
18.8858,-3.1095,-0.5287
18.8626,-3.2016,-0.5287
18.8164,-3.1325,-0.5287
18.8395,-3.0634,-0.5287
18.8164,-3.0173,-0.6609
18.7933,-3.0404,-0.6609
18.7008,-3.0634,-0.7931
18.6546,-3.0634,-0.7931
18.6777,-3.0864,-0.7931
18.7008,-3.1325,-0.7931
18.6777,-3.1786,-0.7931
18.6546,-3.2016,-0.6609
18.5852,-3.1095,-0.7931
18.4697,-3.0173,-0.9253
18.4234,-3.0634,-0.9253
18.4466,-3.1786,-0.7931
18.4697,-3.3398,-0.9253
18.5159,-3.3859,-0.9253
18.4234,-3.2707,-0.9253
18.2385,-3.1095,-0.9253
18.0767,-3.0173,-1.0575
17.9842,-3.1555,-1.0575
17.8687,-3.4319,-1.3218
17.7993,-3.6623,-1.0575
17.73,-3.7314,-1.0575
17.6837,-3.7083,-1.1896
17.6375,-3.5471,-1.3218
17.6144,-3.5241,-1.3218
17.4526,-3.5241,-1.454
17.2907,-3.5471,-1.454
17.1752,-3.5932,-1.454
17.1058,-3.7544,-1.454
16.9902,-3.8926,-1.454
16.9209,-3.9156,-1.3218
16.8515,-3.8235,-1.3218
16.7822,-3.7774,-1.3218
16.8978,-3.8926,-1.5862
17.1289,-4.169,-1.5862
17.2445,-4.2612,-1.5862
17.2214,-4.146,-1.5862
17.0596,-3.8465,-1.5862
16.7822,-3.501,-1.7184
16.4817,-3.3168,-1.7184
16.3199,-3.3398,-1.8506
16.2968,-3.478,-1.8506
16.4123,-3.6162,-1.9828
16.4355,-3.7083,-1.8506
16.2736,-3.6392,-1.7184
16.0194,-3.5241,-1.8506
15.6957,-3.3859,-1.9828
15.4415,-3.3859,-1.9828
15.2565,-3.5241,-2.2471
15.1178,-3.7083,-2.3793
15.0485,-3.6623,-2.3793
14.8636,-3.5241,-2.3793
14.5862,-3.2937,-2.5115
14.3088,-3.0173,-2.5115
13.9158,-2.764,-2.5115
13.6153,-2.6488,-2.5115
13.5228,-2.6949,-2.2471
13.4535,-2.8791,-2.2471
13.3379,-2.9713,-2.2471
13.1067,-2.9252,-2.2471
12.6907,-2.7179,-2.3793
12.2746,-2.5106,-2.5115
11.9278,-2.4415,-2.6437
11.6967,-2.5336,-2.7759
11.5811,-2.6027,-2.7759
11.5349,-2.6258,-2.5115
11.3037,-2.5336,-2.5115
11.0032,-2.3263,-2.3793
10.4715,-2.0499,-2.3793
9.9167,-1.8887,-2.5115
9.4082,-1.9117,-2.5115
9.0152,-2.0269,-2.7759
8.7147,-2.119,-2.9081
8.4142,-2.1881,-3.0403
8.0443,-2.1421,-3.1725
7.6051,-2.119,-3.1725
7.0735,-2.0039,-3.1725
6.5418,-1.8196,-3.1725
6.0332,-1.6584,-3.3046
5.6865,-1.4971,-3.3046
5.3629,-1.3589,-3.1725
5.1086,-1.2438,-3.1725
4.7619,-1.1516,-3.3046
4.392,-1.0825,-3.1725
4.0221,-1.1056,-3.3046
3.6523,-1.2668,-3.4368
3.3287,-1.3589,-3.569
3.005,-1.4741,-3.8334
2.6583,-1.4971,-3.9656
2.3116,-1.428,-4.0978
2.0573,-1.2438,-4.0978
1.8492,-1.0825,-3.9656
1.595,-0.9443,-3.9656
1.4331,-0.8752,-3.8334
0.8552,-0.8522,-3.8334
0.3698,-0.8522,-3.7012
-0.0462,-0.737,-3.7012
-0.4623,-0.6219,-3.3046
-0.8321,-0.5528,-3.3046
-1.2251,-0.4606,-3.0403
-1.7105,-0.6679,-2.9081
-2.1497,-0.8061,-2.9081
-2.4965,-0.8522,-2.7759
-2.8663,-0.7601,-2.7759
-3.3518,-0.6219,-2.5115
-3.7679,-0.2533,-2.3793
-4.4151,-0.0921,-2.3793
-4.993,0.0,-2.2471
-5.5709,0.046,-1.9828
-6.1257,0.0691,-1.9828
-6.6574,0.0921,-1.8506
-7.0966,0.1382,-1.7184
-7.5358,0.2073,-1.7184
-7.9288,0.2764,-1.3218
-8.3448,0.3224,-1.3218
-8.8765,0.3915,-1.1896
-9.4313,0.4837,-0.9253
-10.0092,0.6449,-0.5287
-10.5177,0.8752,-0.3965
-10.957,1.1516,0.0
-11.3268,1.3589,0.2643
-11.7429,1.4741,0.3965
-12.1128,1.4971,0.5287
-12.4133,1.5202,0.5287
-12.6675,1.5432,0.3965
-12.8294,1.5202,0.6609
-12.968,1.6353,0.7931
-13.1067,1.6814,0.9253
-13.2686,1.7505,1.0575
-13.4766,1.8196,1.1896
-13.6615,1.8887,1.3218
-13.8233,1.9578,1.454
-13.9158,2.0039,1.5862
-14.0083,2.096,1.7184
-14.1007,2.1651,1.7184
-14.1932,2.1881,1.8506
-14.3319,2.1421,1.8506
-14.4475,2.096,1.8506
-14.5399,2.0269,1.7184
-14.6324,1.9578,1.7184
-14.6555,1.8657,1.7184
-14.6555,1.7735,1.7184
-14.6555,1.7505,1.7184
-14.7942,1.8426,1.7184
-14.9329,1.9117,1.7184
-15.0254,1.9808,1.7184
-15.0023,2.0039,1.5862
-15.0023,1.9117,1.5862
-15.0023,1.8196,1.5862
-15.0254,1.7505,1.5862
-15.141,1.7735,1.454
-15.2334,1.8426,1.5862
-15.3259,1.8887,1.5862
-15.3259,1.9117,1.454
-15.349,1.8426,1.454
-15.349,1.7735,1.454
-15.3721,1.6584,1.454
-15.4646,1.6123,1.454
-15.742,1.6814,1.454
-15.9038,1.6584,1.454
-15.9731,1.6353,1.454
-15.9269,1.5432,1.454
-15.9269,1.4971,1.454
-15.9038,1.428,1.454
-15.8807,1.3589,1.454
-15.9269,1.2438,1.454
-16.0425,1.2438,1.454
-16.1581,1.2438,1.454
-16.2274,1.3359,1.454
-16.2736,1.405,1.454
-16.2043,1.4511,1.454
-16.1812,1.382,1.454
-16.1118,1.2438,1.454
-16.0887,1.1286,1.454
-16.1349,1.0595,1.3218
-16.2274,1.0825,1.1896
-16.2505,1.1056,1.1896
-16.2736,1.1286,1.3218
-16.1812,1.1286,1.3218
-16.1118,1.1056,1.3218
-16.0887,1.0825,1.3218
-16.0656,1.0365,1.3218
-16.0194,0.9904,1.1896
-16.1118,0.9904,1.1896
-16.2043,1.0134,1.0575
-16.2736,0.9904,1.0575
-16.4123,0.9674,0.9253
-16.5048,0.9904,0.9253
-16.551,0.9443,1.0575
-16.6897,0.8983,0.9253
-16.736,0.8292,0.9253
-16.8515,0.8061,0.9253
-17.1289,0.8061,0.9253
-17.3601,0.8983,0.9253
-17.5681,1.0134,1.0575
-17.6606,1.0365,1.1896
-17.7993,0.9443,1.1896
-18.0305,0.8292,1.1896
-18.1923,0.691,1.0575
-18.2847,0.6219,1.1896
-18.5159,0.7601,1.1896
-18.6777,0.9904,1.1896
-18.8164,1.1747,1.5862
-19.0707,1.3129,1.5862
-19.1863,1.3589,1.454
-19.2094,1.428,1.5862
-19.2094,1.5202,1.5862
-19.2094,1.6584,1.7184
-19.3712,1.7275,1.7184
-19.6255,1.7735,1.8506
-19.7642,1.7966,1.8506
-19.8104,1.8887,1.7184
-19.7873,1.8887,1.8506
-19.7179,1.7966,1.8506
-19.6948,1.7044,1.8506
-19.5792,1.6123,1.7184
-19.6948,1.6814,1.8506
-19.7873,1.7735,1.7184
-19.7411,1.7966,1.7184
-19.7179,1.7735,1.8506
-19.6717,1.8196,1.8506
-19.6255,1.8196,1.8506
-19.6717,1.7735,1.9828
-19.6717,1.7044,1.8506
-19.6948,1.7275,1.8506
-19.7179,1.7735,1.8506
-19.7179,1.8426,1.9828
-19.6486,1.7966,1.9828
-19.6255,1.7966,1.9828
-19.6486,1.7966,1.9828
-19.6948,1.7966,1.9828
-19.7642,1.8196,1.7184
-19.8797,1.8657,1.7184
-19.926,1.8657,1.7184
-19.8566,1.8426,1.8506
-19.8335,1.7735,1.8506
-19.7873,1.7505,1.9828
-19.926,1.7044,1.9828
-20.1571,1.6814,1.9828
-20.2727,1.6584,1.8506
-20.2034,1.6353,1.8506
-20.1109,1.6584,1.8506
-20.0416,1.6123,1.8506
-20.0878,1.5893,1.9828
-20.1571,1.5432,1.9828
-20.2265,1.5432,1.8506
-20.2496,1.5662,1.9828
-20.2958,1.6584,1.9828
-20.3652,1.6814,1.9828
-20.4345,1.6584,2.115
-20.4345,1.6353,2.115
-20.4114,1.5432,1.9828
-20.4576,1.428,1.9828
-20.4808,1.405,1.9828
-20.4808,1.405,2.115
-20.4808,1.4741,2.115
-20.4576,1.5432,2.115
-20.4576,1.6123,2.2471
-20.4576,1.6353,2.115
-20.6195,1.5893,2.2471
-20.7582,1.5893,2.2471
-20.9662,1.5662,2.2471
-21.0587,1.5432,2.2471
-21.1511,1.4741,2.115
-21.1974,1.428,2.2471
-21.2667,1.4511,2.2471
-21.2436,1.4741,2.3793
-21.3129,1.4511,2.3793
-21.4054,1.4511,2.2471
-21.3823,1.405,2.115
-21.3592,1.405,2.115
-21.1974,1.405,2.115
-21.1049,1.4511,2.115
-21.128,1.4971,2.115
-21.1511,1.6353,2.2471
-21.2436,1.7275,2.2471
-21.3361,1.7735,2.2471
-21.3361,1.7044,2.115
-21.2436,1.6353,2.115
-21.1974,1.6123,2.2471
-21.2436,1.6353,2.3793
-21.2205,1.5893,2.2471
-21.1742,1.5893,2.2471
-21.1742,1.5662,2.2471
-21.0587,1.4971,2.2471
-21.0124,1.4971,2.115
-21.1511,1.5893,2.115
-21.1742,1.6353,2.115
-21.1974,1.6353,1.9828
-21.128,1.6353,2.115
-21.0355,1.5432,2.115
-20.9662,1.5202,1.9828
-20.92,1.428,1.9828
-20.92,1.3589,2.115
-20.9662,1.405,2.115
-20.9893,1.4741,2.115
-20.9662,1.4971,2.115
-20.8275,1.5202,2.115
-20.6888,1.4971,1.9828
-20.6426,1.4971,1.9828
-20.735,1.5662,2.115
-20.8506,1.6814,2.115
-20.8737,1.6814,2.115
-20.8506,1.6814,2.115
-20.6657,1.6123,2.115
-20.5732,1.5662,1.9828
-20.6195,1.5202,1.9828
-20.5732,1.4741,1.8506
-20.6195,1.4511,1.7184
-20.6195,1.4741,1.8506
-20.5732,1.5432,1.8506
-20.4576,1.5432,1.7184
-20.319,1.5662,1.7184
-20.319,1.5432,1.7184
-20.3652,1.5202,1.7184
-20.4808,1.5432,1.7184
-20.5501,1.5432,1.8506
-20.4576,1.4741,1.7184
-20.2958,1.405,1.8506
-20.0416,1.3589,1.7184
-19.9953,1.3129,1.8506
-19.9722,1.2438,1.7184
-19.9491,1.1977,1.7184
-19.9029,1.1747,1.7184
-19.8335,1.1977,1.5862
-19.7179,1.1747,1.5862
-19.6024,1.1977,1.5862
-19.5792,1.1977,1.454
-19.6717,1.1747,1.454
-19.8335,1.1516,1.5862
-19.9491,1.1516,1.454
-19.926,1.1286,1.454
-19.8335,1.0595,1.5862
-19.7642,0.9904,1.454
-19.6717,0.9443,1.454
-19.6486,0.8292,1.454
-19.6948,0.7831,1.454
-19.7411,0.8061,1.3218
-19.7873,0.8522,1.454
-19.8104,0.9213,1.3218
-19.7179,0.9674,1.454
-19.6024,0.9674,1.3218
-19.5561,0.9213,1.5862
-19.6486,0.9213,1.3218
-19.7873,0.9674,1.454
-19.8566,1.0365,1.5862
-19.8104,1.1056,1.7184
-19.7411,1.1747,1.5862
-19.7179,1.1747,1.7184
-19.7179,1.1056,1.5862
-19.7179,1.0134,1.454
-19.7873,1.0134,1.454
-19.8797,1.0365,1.7184
-19.9491,1.1056,1.7184
-19.8797,1.1516,1.7184
-19.7873,1.1516,1.7184
-19.7411,1.1056,1.5862
-19.8104,1.0825,1.7184
-19.9029,1.0134,1.7184
-19.9029,0.9904,1.7184
-19.8566,1.0134,1.7184
-19.7411,1.0365,1.5862
-19.6717,1.1286,1.5862
-19.6486,1.1977,1.7184
-19.6717,1.2438,1.8506
-19.8104,1.2668,1.8506
-19.8104,1.2668,1.8506
-19.7873,1.2438,1.8506
-19.7179,1.1747,1.8506
-19.7411,1.1977,1.8506
-19.7179,1.2207,1.8506
-19.7411,1.3129,1.7184
-19.7642,1.3589,1.7184
-19.7873,1.382,1.7184
-19.7642,1.382,1.8506
-19.6948,1.2668,1.8506
-19.5561,1.1747,1.7184
-19.4868,1.1516,1.5862
-19.533,1.1977,1.5862
-19.5792,1.2898,1.5862
-19.6024,1.3589,1.7184
-19.5561,1.405,1.7184
-19.4637,1.3589,1.5862
-19.3943,1.3129,1.5862
-19.3712,1.3129,1.7184
-19.3481,1.3589,1.5862
-19.4174,1.4741,1.7184
-19.4637,1.4971,1.7184
-19.4405,1.4971,1.5862
-19.4637,1.4741,1.5862
-19.4405,1.428,1.7184
-19.4174,1.382,1.7184
-19.3481,1.3359,1.7184
-19.3018,1.3129,1.7184
-19.325,1.2668,1.5862
-19.325,1.2898,1.5862
-19.3018,1.2668,1.5862
-19.2094,1.2668,1.7184
-19.1169,1.3129,1.7184
-19.1631,1.382,1.7184
-19.1631,1.405,1.7184
-19.2094,1.428,1.7184
-19.325,1.4511,1.5862
-19.325,1.405,1.5862
-19.2556,1.3359,1.5862
-19.14,1.2438,1.454
-19.0013,1.2207,1.5862
-19.0013,1.2207,1.5862
-19.0938,1.1977,1.454
-19.14,1.2207,1.5862
-19.1631,1.2207,1.5862
-19.1169,1.1977,1.5862
-19.0245,1.1516,1.5862
-18.9782,1.1286,1.5862
-19.0013,1.1747,1.5862
-19.0476,1.1747,1.5862
-19.0938,1.1977,1.5862
-19.14,1.1977,1.5862
-19.0938,1.2207,1.5862
-19.0245,1.1747,1.5862
-19.0245,1.1056,1.5862
-19.1169,1.0595,1.5862
-19.2094,0.9904,1.454
-19.1863,0.9213,1.454
-19.1169,0.9213,1.454
-18.9782,0.9443,1.5862
-18.8858,0.9904,1.454
-18.7933,1.0134,1.454
-18.7933,1.0365,1.5862
-18.932,1.0825,1.5862
-19.0245,1.1056,1.5862
-19.1169,1.0595,1.454
-19.0707,1.0825,1.454
-19.0245,1.0825,1.3218
-18.9551,1.1056,1.454
-18.9782,1.1516,1.454
-19.0476,1.1977,1.454
-19.0938,1.2207,1.3218
-19.0707,1.1747,1.454
-19.0245,1.1056,1.3218
-19.0013,1.0825,1.454
-18.9551,1.1056,1.454
-18.9782,1.1516,1.3218
-19.0013,1.1977,1.3218
-19.1169,1.2898,1.3218
-19.0938,1.3129,1.3218
-19.0707,1.3589,1.3218
-19.0013,1.3129,1.454
-18.9551,1.2438,1.454
-18.9551,1.1977,1.454
-19.0476,1.1977,1.454
-19.1169,1.2668,1.3218
-19.1631,1.2898,1.454
-19.14,1.3129,1.454
-19.0013,1.2898,1.454
-18.9551,1.2668,1.3218
-19.0013,1.2668,1.3218
-19.0476,1.3129,1.3218
-19.1169,1.3589,1.454
-19.1631,1.405,1.3218
-19.1863,1.405,1.1896
-19.1631,1.428,1.3218
-19.0938,1.382,1.454
-19.0707,1.3359,1.454
-19.1863,1.2668,1.454
-19.2094,1.2668,1.3218
-19.2325,1.2668,1.3218
-19.1863,1.2668,1.3218
-19.0938,1.2898,1.3218
-19.0476,1.3129,1.454
-19.0938,1.3129,1.454
-19.1169,1.3129,1.454
-19.1631,1.2898,1.454
-19.1631,1.2898,1.454
-19.1863,1.2668,1.3218
-19.14,1.2898,1.3218
-19.1863,1.3129,1.454
-19.2325,1.3359,1.454
-19.2556,1.3589,1.454
-19.3018,1.428,1.454
-19.2787,1.428,1.454
-19.1863,1.3589,1.454
-19.1169,1.3129,1.454
-19.0707,1.2898,1.454
-19.0707,1.2668,1.454
-19.1169,1.2898,1.454
-19.1863,1.3589,1.454
-19.2325,1.3359,1.3218
-19.1863,1.3359,1.454
-19.1631,1.2668,1.3218
-19.14,1.2438,1.454
-19.14,1.2207,1.454
-19.1863,1.2438,1.454
-19.2325,1.2207,1.454
-19.2556,1.2438,1.454
-19.1631,1.2207,1.5862
-19.0707,1.2438,1.7184
-19.0245,1.2207,1.5862
-18.9782,1.2207,1.5862
-19.0476,1.1977,1.454
-19.14,1.2668,1.454
-19.1631,1.2898,1.454
-19.2325,1.3129,1.454
-19.2325,1.2898,1.454
-19.1863,1.2898,1.454
-19.2094,1.2438,1.454
-19.1863,1.1747,1.454
-19.2094,1.1516,1.454
-19.2556,1.1286,1.454
-19.2787,1.1516,1.454
-19.2556,1.1747,1.454
-19.2325,1.2207,1.454
-19.2325,1.2438,1.5862
-19.3018,1.3129,1.454
-19.3018,1.2668,1.454
-19.3018,1.2438,1.3218
-19.3018,1.2668,1.3218
-19.3018,1.2668,1.3218
-19.325,1.3359,1.3218
-19.325,1.3589,1.3218
-19.3481,1.405,1.454
-19.3481,1.3359,1.454
-19.3712,1.2668,1.3218
-19.2787,1.1747,1.3218
-19.325,1.1977,1.3218
-19.3481,1.2668,1.3218
-19.3481,1.2898,1.454
-19.325,1.3359,1.454
-19.325,1.3589,1.5862
-19.3018,1.3359,1.454
-19.2787,1.3129,1.5862
-19.2556,1.3129,1.454
-19.2787,1.382,1.5862
-19.325,1.4511,1.454
-19.3481,1.4971,1.454
-19.3712,1.5202,1.5862
-19.3712,1.5202,1.5862
-19.3481,1.4741,1.5862
-19.3712,1.4971,1.5862
-19.3481,1.4741,1.454
-19.3481,1.5432,1.454
-19.2787,1.5432,1.454
-19.2787,1.5662,1.5862
-19.3481,1.6123,1.5862
-19.325,1.6123,1.5862
-19.325,1.5662,1.454
-19.325,1.5662,1.454
-19.3712,1.5893,1.454
-19.3481,1.5432,1.5862
-19.325,1.5662,1.454
-19.3018,1.5893,1.454
-19.2325,1.5432,1.454
-19.2556,1.5662,1.454
-19.2325,1.5662,1.454
-19.2094,1.5202,1.454
-19.2556,1.5202,1.3218
-19.2556,1.5432,1.1896
-19.3018,1.5662,1.1896
-19.3018,1.5893,1.0575
-19.2556,1.5202,1.0575
-19.2556,1.5202,0.9253
-19.2325,1.5432,1.0575
-19.1863,1.5432,0.9253
-19.1863,1.5202,0.9253
-19.1863,1.4971,0.9253
-19.1631,1.5202,0.7931
-19.14,1.4741,0.9253
-19.1631,1.4511,0.7931
-19.1863,1.428,0.7931
-19.2094,1.382,0.7931
-19.3018,1.3589,0.9253
-19.325,1.2898,0.7931
-19.3712,1.2668,0.7931
-19.3943,1.2207,0.7931
-19.3943,1.2207,0.9253
-19.4174,1.1747,1.0575
-19.3943,1.1516,1.0575
-19.3018,1.1286,1.0575
-19.325,1.1056,1.0575
-19.325,1.1747,0.9253
-19.3712,1.2438,1.0575
-19.4405,1.2898,1.0575
-19.4868,1.2898,1.0575
-19.5561,1.2438,1.0575
-19.533,1.2207,1.0575
-19.533,1.1516,0.9253
-19.5099,1.0825,1.1896
-19.533,1.0365,1.0575
-19.5561,1.0134,1.1896
-19.5561,0.9904,1.1896
-19.5561,0.9904,1.3218
-19.5561,1.0134,1.3218
-19.6486,0.9904,1.3218
-19.7411,0.9904,1.3218
-19.7179,0.9674,1.3218
-19.7873,0.9904,1.3218
-19.7873,0.9904,1.3218
-19.7411,0.9674,1.3218
-19.7642,0.9443,1.3218
-19.7411,0.8983,1.3218
-19.6948,0.8752,1.454
-19.7642,0.8983,1.454
-19.8335,0.9443,1.454
-19.8797,0.9674,1.454
-19.8566,0.9904,1.454
-19.8566,1.0134,1.454
-19.7873,1.0134,1.454
-19.8104,0.9674,1.454
-19.8566,0.9904,1.454
-19.8797,1.0365,1.454
-19.9953,1.0134,1.454
-20.1109,1.0134,1.454
-20.0878,0.9213,1.454
-20.0416,0.7831,1.1896
-19.9722,0.714,1.1896
-19.9953,0.6679,1.1896
-19.9491,0.7601,1.3218
-19.9722,0.8292,1.1896
-19.9953,0.9213,1.3218
-19.9722,0.9443,1.3218
-19.9953,0.9674,1.3218
-20.0416,0.9674,1.1896
-20.0878,0.9674,1.1896
-20.1109,0.9904,1.1896
-19.9953,1.0825,1.0575
-19.926,1.1977,1.0575
-19.8566,1.2438,0.9253
-19.8335,1.2898,0.9253
-19.8104,1.2207,1.0575
-19.7179,1.2438,1.0575
-19.7411,1.2438,1.0575
-19.7642,1.2207,1.0575
-19.7411,1.2438,1.0575
-19.7179,1.2438,1.0575
-19.6948,1.2207,0.9253
-19.7642,1.1977,0.9253
-19.7179,1.1977,0.9253
-19.7642,1.2207,0.9253
-19.7179,1.1747,0.9253
-19.7179,1.1516,0.9253
-19.7179,1.1056,1.0575
-19.6717,1.1056,1.1896
-19.6024,1.1516,1.0575
-19.6255,1.1516,1.0575
-19.6024,1.1286,1.0575
-19.6486,1.1516,1.0575
-19.6486,1.1747,1.0575
-19.6255,1.1516,1.0575
-19.5561,1.1056,1.1896
-19.4868,1.1056,1.1896
-19.533,1.0825,1.1896
-19.6255,1.0365,1.1896
-19.7179,0.9674,1.1896
-19.7411,0.9213,1.0575
-19.6717,0.8752,1.0575
-19.5792,0.8752,1.0575
-19.533,0.8292,1.0575
-19.5792,0.8522,1.0575
-19.6948,0.8983,1.0575
-19.7873,0.9213,1.1896
-19.8104,0.9213,1.1896
-19.8104,0.8752,1.0575
-19.7873,0.8292,1.0575
-19.7179,0.8061,1.0575
-19.6717,0.7831,1.1896
-19.6486,0.7601,1.1896
-19.6486,0.7831,1.1896
-19.6948,0.7831,1.1896
-19.6717,0.7831,1.1896
-19.6717,0.8061,1.0575
-19.6717,0.8292,1.1896
-19.7179,0.8522,1.0575
-19.7411,0.8522,1.1896
-19.8566,0.8292,1.1896
-19.9029,0.8752,1.1896
-19.9029,0.9213,1.1896
-19.8104,0.9213,1.1896
-19.7411,0.9213,1.1896
-19.7411,0.9213,1.1896
-19.8104,0.9213,1.1896
-19.8104,0.9213,1.1896
-19.8104,0.8983,1.1896
-19.8104,0.8983,1.1896
-19.8335,0.8522,1.0575
-19.8335,0.8061,1.0575
-19.8104,0.7601,1.0575
-19.7642,0.7601,1.0575
-19.7642,0.737,0.9253
-19.8104,0.714,1.0575
-19.7873,0.714,0.9253
-19.6948,0.737,1.0575
-19.6717,0.737,1.0575
-19.6255,0.7831,1.0575
-19.6486,0.8522,1.0575
-19.7179,0.9443,1.1896
-19.8104,1.0134,1.0575
-19.7873,1.0825,1.1896
-19.6948,1.0595,1.1896
-19.6255,1.0595,1.1896
-19.6255,1.0134,1.1896
-19.6717,1.0365,1.1896
-19.7179,1.0595,1.0575
-19.7411,1.1056,1.1896
-19.7411,1.1286,1.0575
-19.7179,1.1747,1.1896
-19.6717,1.1516,1.1896
-19.6486,1.1747,1.1896
-19.6948,1.1286,1.1896
-19.6717,1.1516,1.3218
-19.6948,1.1747,1.1896
-19.7179,1.2207,1.3218
-19.7642,1.2898,1.3218
-19.7411,1.3359,1.454
-19.6948,1.3359,1.454
-19.6948,1.3589,1.454
-19.7642,1.428,1.454
-19.7873,1.405,1.454
-19.7873,1.428,1.3218
-19.7642,1.4511,1.454
-19.6717,1.4741,1.3218
-19.5561,1.4971,1.454
-19.5561,1.5202,1.454
-19.6486,1.5432,1.454
-19.7179,1.5432,1.3218
-19.7642,1.5432,1.454
-19.8566,1.5202,1.3218
-19.7411,1.5662,1.3218
-19.6717,1.5432,1.3218
-19.6486,1.5202,1.454
-19.6486,1.4741,1.3218
-19.6948,1.4971,1.3218
-19.6717,1.5432,1.3218
-19.6486,1.5662,1.454
-19.6255,1.5662,1.3218
-19.6717,1.5432,1.1896
-19.6948,1.5202,1.3218
-19.7179,1.5202,1.3218
-19.6948,1.4741,1.3218
-19.6486,1.405,1.1896
-19.6024,1.405,1.1896
-19.533,1.382,1.0575
-19.533,1.3589,1.1896
-19.6024,1.3589,1.3218
-19.6255,1.382,1.1896
-19.6024,1.3359,1.1896
-19.6024,1.2898,1.1896
-19.5561,1.2668,1.1896
-19.5792,1.2438,1.1896
-19.6255,1.2207,1.1896
-19.6486,1.1747,1.1896
-19.6255,1.1286,1.1896
-19.6255,1.0595,1.1896
-19.5792,1.0134,1.1896
-19.533,0.9443,1.1896
-19.5099,0.9443,1.1896
-19.5792,0.9674,1.0575
-19.6255,1.0365,1.0575
-19.6486,1.0595,1.1896
-19.6717,1.0825,1.1896
-19.6255,1.0825,1.0575
-19.5792,1.0595,1.3218
-19.5792,1.0595,1.1896
-19.5792,1.0365,1.1896
-19.6024,1.0365,1.1896
-19.5561,1.0134,1.3218
-19.5561,0.9674,1.3218
-19.5099,0.9674,1.3218
-19.5099,0.9213,1.1896
-19.533,0.8752,1.1896
-19.5099,0.8522,1.0575
-19.533,0.8522,1.1896
-19.5561,0.8292,1.1896
-19.5561,0.8983,1.1896
-19.5561,0.8983,1.1896
-19.533,0.9674,1.1896
-19.5561,0.9674,1.3218
-19.5792,1.0134,1.1896
-19.6255,1.0365,1.3218
-19.6255,1.0365,1.1896
-19.533,1.0134,1.1896
-19.4405,1.0134,1.1896
-19.3943,1.0365,1.3218
-19.4174,1.1286,1.1896
-19.4637,1.1747,1.1896
-19.4637,1.2668,1.1896
-19.5099,1.3129,1.3218
-19.4637,1.2668,1.3218
-19.4405,1.2207,1.1896
-19.325,1.1977,1.1896
-19.2556,1.1286,1.0575
-19.3712,1.1747,1.1896
-19.3943,1.1747,1.1896
-19.4637,1.1747,1.1896
-19.4174,1.1747,1.0575
-19.3481,1.1516,1.0575
-19.325,1.0825,1.0575
-19.2787,1.0825,1.0575
-19.3712,1.0595,1.0575
-19.4405,1.1286,1.0575
-19.3943,1.1516,1.0575
-19.3712,1.1977,1.1896
-19.3018,1.2438,1.1896
-19.325,1.2438,1.1896
-19.3481,1.2438,1.1896
-19.325,1.2207,1.1896
-19.3018,1.2207,1.0575
-19.2094,1.1977,1.0575
-19.1631,1.1286,0.9253
-19.1631,1.1516,0.9253
-19.1631,1.1286,0.9253
-19.2325,1.1056,0.9253
-19.2787,1.0825,0.9253
-19.3481,1.1056,0.9253
-19.3481,1.1056,0.9253
-19.325,1.1286,1.0575
-19.3481,1.1286,0.9253
-19.2787,1.0595,0.9253
-19.2787,1.0365,1.0575
-19.2325,1.0595,1.0575
-19.2325,1.1286,0.9253
-19.2325,1.1977,0.9253
-19.2325,1.2207,0.9253
-19.2556,1.1747,0.9253
-19.2556,1.1286,1.0575
-19.2787,1.1286,0.9253
-19.3018,1.0825,1.0575
-19.2787,1.1286,1.1896
-19.2787,1.0825,1.0575
-19.2787,1.0825,1.0575
-19.2556,1.0134,0.9253
-19.2325,0.9443,1.0575
-19.2787,0.9213,0.9253
-19.2787,0.9443,0.9253
-19.3018,0.9443,0.9253
-19.2787,0.9674,1.0575
-19.2556,0.9904,1.0575
-19.2325,0.9904,1.0575
-19.2325,1.0134,1.0575
-19.2325,1.0595,1.0575
-19.2556,1.0595,1.0575
-19.325,1.1056,1.0575
-19.4174,1.1516,1.0575
-19.4405,1.1056,1.1896
-19.4174,1.1056,1.0575
-19.3481,1.0825,1.0575
-19.3712,1.0134,1.0575
-19.3943,1.0134,1.1896
-19.3943,1.0134,1.0575
-19.3481,0.9904,1.1896
-19.3712,1.0134,1.1896
-19.3481,1.0134,1.0575
-19.3481,1.0365,1.0575
-19.3712,1.1056,1.0575
-19.3943,1.1286,1.0575
-19.4174,1.1516,1.0575
-19.4405,1.1747,1.1896
-19.4868,1.1977,1.1896
-19.4868,1.1516,1.1896
-19.5099,1.1516,1.3218
-19.4637,1.1286,1.3218
-19.4868,1.0825,1.3218
-19.4868,1.0825,1.1896
-19.4405,1.0825,1.1896
-19.4174,1.0825,1.1896
-19.4405,1.1516,1.3218
-19.4174,1.1747,1.1896
-19.4174,1.1977,1.3218
-19.3943,1.1747,1.1896
-19.3712,1.1516,1.1896
-19.4174,1.1747,1.1896
-19.4405,1.1747,1.1896
-19.4405,1.2207,1.1896
-19.4174,1.2438,1.3218
-19.3943,1.3359,1.3218
-19.3943,1.3129,1.3218
-19.4637,1.2438,1.3218
-19.4405,1.2438,1.3218
-19.4405,1.1747,1.3218
-19.4174,1.1286,1.3218
-19.4174,1.1286,1.3218
-19.3943,1.1056,1.3218
-19.325,1.1286,1.3218
-19.3018,1.1747,1.3218
-19.2556,1.1747,1.1896
-19.3018,1.2207,1.3218
-19.3943,1.2438,1.1896
-19.3943,1.1977,1.1896
-19.4174,1.1747,1.3218
-19.4405,1.1747,1.3218
-19.3481,1.1747,1.3218
-19.2787,1.1286,1.3218
-19.2556,1.1516,1.3218
-19.3018,1.1516,1.3218
-19.3018,1.1056,1.1896
-19.2325,1.0825,1.454
-19.1631,1.0365,1.454
-19.14,1.0134,1.454
-19.14,1.0134,1.454
-19.0707,0.9213,1.454
-19.0476,0.8983,1.454
-19.0013,0.9213,1.454
-19.0245,0.9904,1.5862
-19.0707,1.0825,1.5862
-19.0938,1.1747,1.454
-19.0707,1.1977,1.454
-19.14,1.1747,1.454
-19.14,1.1516,1.5862
-19.2325,1.0825,1.454
-19.3018,0.9674,1.5862
-19.3018,0.9674,1.454
-19.325,0.9443,1.454
-19.3018,0.8752,1.454
-19.325,0.8522,1.454
-19.3018,0.8061,1.454
-19.3018,0.7831,1.454
-19.2787,0.7831,1.3218
-19.1863,0.7601,1.3218
-19.1631,0.8292,1.3218
-19.1169,0.9443,1.1896
-19.1169,0.9904,1.3218
-19.14,1.0825,1.3218
-19.14,1.1747,1.454
-19.1169,1.2668,1.454
-19.0707,1.2668,1.454
-18.9782,1.2898,1.3218
-18.9551,1.3129,1.3218
-18.9551,1.3359,1.3218
-19.0245,1.405,1.3218
-19.0707,1.4741,1.454
-19.0938,1.5202,1.5862
-19.1169,1.5432,1.454
-19.0707,1.4971,1.5862
-19.0938,1.5432,1.5862
-19.1631,1.5662,1.5862
-19.2094,1.5662,1.7184
-19.2556,1.5432,1.7184
-19.2556,1.4971,1.5862
-19.2094,1.4971,1.5862
-19.1631,1.4741,1.5862
-19.14,1.5432,1.5862
-19.1863,1.6353,1.7184
-19.2556,1.6584,1.8506
-19.3018,1.6584,1.7184
-19.325,1.5893,1.7184
-19.3481,1.4971,1.7184
-19.325,1.405,1.5862
-19.2556,1.382,1.5862
-19.1631,1.3359,1.5862
-19.0707,1.3129,1.7184
-19.0707,1.2438,1.7184
-19.0476,1.1977,1.5862
-19.0476,1.2207,1.454
-19.0245,1.2668,1.454
-19.0707,1.3129,1.454
-19.0707,1.3129,1.454
-19.0245,1.2438,1.454
-19.0707,1.2438,1.454
-19.1863,1.2207,1.3218
-19.2325,1.1977,1.3218
-19.2325,1.2207,1.454
-19.1863,1.2207,1.3218
-19.1863,1.1977,1.3218
-19.1863,1.2207,1.454
-19.1863,1.2207,1.454
-19.2325,1.1747,1.454
-19.3018,1.1516,1.454
-19.2556,1.1977,1.454
-19.2787,1.2438,1.454
-19.2787,1.2898,1.454
-19.3018,1.3359,1.5862
-19.325,1.3359,1.5862
-19.4174,1.3359,1.454
-19.4405,1.3359,1.5862
-19.4637,1.3129,1.5862
-19.3943,1.2898,1.5862
-19.3481,1.3129,1.5862
-19.4174,1.2898,1.5862
-19.4868,1.2207,1.454
-19.4405,1.1747,1.454
-19.4868,1.1747,1.454
-19.4174,1.1977,1.454
-19.3712,1.2668,1.454
-19.3712,1.3359,1.5862
-19.4405,1.405,1.5862
-19.4868,1.405,1.454
-19.5561,1.382,1.5862
-19.533,1.3589,1.454
-19.3712,1.3359,1.454
-19.325,1.2668,1.454
-19.325,1.3129,1.454
-19.2787,1.3359,1.454
-19.2787,1.3589,1.454
-19.2787,1.3589,1.454
-19.3481,1.3359,1.454
-19.3712,1.3589,1.454
-19.3943,1.405,1.3218
-19.4174,1.428,1.3218
-19.4174,1.4511,1.1896
-19.4637,1.4971,1.1896
-19.5099,1.4741,1.3218
-19.5792,1.4971,1.454
-19.6024,1.4511,1.454
-19.5099,1.3589,1.454
-19.4637,1.3359,1.3218
-19.4405,1.382,1.1896
-19.4637,1.405,1.3218
-19.4868,1.5202,1.454
-19.533,1.5432,1.3218
-19.5792,1.5662,1.454
-19.4868,1.5662,1.3218
-19.4405,1.5893,1.454
-19.3943,1.6353,1.454
-19.4405,1.6584,1.3218
-19.5561,1.7505,1.454
-19.6024,1.7966,1.5862
-19.5561,1.8196,1.5862
-19.533,1.7966,1.454
-19.5099,1.7275,1.454
-19.4637,1.6584,1.5862
-19.4405,1.5893,1.5862
-19.4637,1.5893,1.5862
-19.5099,1.5893,1.5862
-19.5561,1.6123,1.454
-19.533,1.6353,1.454
-19.4868,1.5893,1.454
-19.4868,1.5893,1.454
-19.4868,1.5893,1.454
-19.6024,1.6353,1.3218
-19.6717,1.7044,1.3218
-19.6255,1.6584,1.3218
-19.5792,1.6584,1.3218
-19.4637,1.6123,1.454
-19.3712,1.6123,1.3218
-19.325,1.6123,1.3218
-19.3712,1.6123,1.454
-19.4174,1.6814,1.3218
-19.533,1.7044,1.3218
-19.5792,1.7735,1.454
-19.533,1.7735,1.454
-19.4637,1.7275,1.3218
-19.3712,1.6584,1.3218
-19.3712,1.6814,1.454
-19.4637,1.6814,1.3218
-19.5561,1.6814,1.3218
-19.6255,1.6814,1.1896
-19.6024,1.6584,1.3218
-19.4868,1.5893,1.454
-19.3712,1.5893,1.3218
-19.4868,1.5893,1.454
-19.6255,1.6353,1.5862
-19.7179,1.6353,1.454
-19.6948,1.5893,1.454
-19.5792,1.5432,1.454
-19.3943,1.4511,1.3218
-19.2556,1.3589,1.1896
-19.2325,1.3359,1.1896
-19.3943,1.382,1.0575
-19.5792,1.428,1.3218
-19.6948,1.4511,1.3218
-19.6948,1.405,1.1896
-19.6024,1.3129,1.0575
-19.4637,1.2438,1.1896
-19.3712,1.2207,1.1896
-19.4174,1.2207,1.0575
-19.5561,1.2668,1.1896
-19.6255,1.3129,1.3218
-19.6024,1.3359,1.1896
-19.4637,1.3359,1.1896
-19.3481,1.3129,1.1896
-19.3481,1.2898,1.1896
-19.325,1.2668,1.1896
-19.3943,1.2438,1.1896
-19.4637,1.1977,1.1896
-19.533,1.1977,1.1896
-19.5561,1.1516,1.3218
-19.533,1.1056,1.454
-19.533,1.0825,1.454
-19.533,1.0595,1.454
-19.6024,1.0595,1.454
-19.6486,1.0825,1.454
-19.6255,1.0134,1.3218
-19.6024,0.9443,1.3218
-19.5099,0.9213,1.3218
-19.3943,0.8983,1.3218
-19.3712,0.8752,1.3218
-19.3481,0.9443,1.3218
-19.3712,0.9904,1.3218
-19.4405,1.0365,1.3218
-19.4637,1.1056,1.1896
-19.3943,1.1056,1.3218
-19.3018,1.0825,1.3218
-19.1863,1.0825,1.3218
-19.2325,1.0825,1.1896
-19.2787,1.1286,1.1896
-19.3481,1.1977,1.3218
-19.3481,1.2207,1.1896
-19.2787,1.2207,1.1896
-19.1169,1.1747,1.1896
-19.0245,1.1516,1.3218
-18.9782,1.1516,1.3218
-19.0938,1.1977,1.1896
-19.1863,1.2438,1.3218
-19.1863,1.2207,1.1896
-19.0938,1.1977,1.3218
-19.0476,1.1516,1.3218
-18.9782,1.1286,1.3218
-18.8858,1.1286,1.3218
-18.932,1.1516,1.3218
-19.14,1.1977,1.3218
-19.2094,1.1977,1.3218
-19.2556,1.1977,1.3218
-19.1631,1.1516,1.3218
-19.0245,1.1056,1.454
-18.8626,1.0365,1.454
-18.8626,1.0365,1.454
-18.8858,1.0365,1.454
-18.9089,1.1056,1.454
-18.9089,1.1286,1.5862
-18.932,1.1747,1.3218
-18.8858,1.2207,1.454
-18.9089,1.2898,1.454
-18.932,1.3589,1.454
-18.9089,1.3359,1.454
-18.9089,1.3359,1.3218
-18.8395,1.3129,1.454
-18.7471,1.2898,1.454
-18.7702,1.3359,1.454
-18.7702,1.3359,1.454
-18.7933,1.3359,1.454
-18.7933,1.428,1.454
-18.7933,1.4741,1.454
-18.7933,1.4741,1.454
-18.7702,1.4511,1.454
-18.6777,1.405,1.454
-18.6777,1.405,1.454
-18.7933,1.4511,1.454
-18.932,1.4511,1.3218
-18.932,1.428,1.454
-18.8395,1.3589,1.454
-18.7239,1.2898,1.5862
-18.5852,1.2668,1.5862
-18.5852,1.2668,1.454
-18.6546,1.3359,1.454
-18.7239,1.405,1.3218
-18.7933,1.405,1.454
-18.7933,1.382,1.454
-18.7933,1.3359,1.454
-18.7471,1.3359,1.454
-18.7008,1.2898,1.454
-18.7471,1.3359,1.3218
-18.8626,1.382,1.3218
-18.8858,1.405,1.3218
-18.8164,1.405,1.3218
-18.7933,1.405,1.454
-18.7471,1.3589,1.5862
-18.7239,1.3129,1.454
-18.7008,1.3359,1.3218
-18.7239,1.3589,1.3218
-18.7239,1.4511,1.454
-18.7471,1.5202,1.3218
-18.7933,1.5202,1.454
-18.8164,1.5202,1.3218
-18.7702,1.4971,1.1896
-18.7239,1.405,1.1896
-18.7239,1.3359,1.3218
-18.7239,1.2668,1.3218
-18.7239,1.2438,1.3218
-18.7239,1.2438,1.3218
-18.7471,1.2438,1.3218
-18.7239,1.2207,1.454
-18.7008,1.1977,1.454
-18.7008,1.1977,1.454
-18.7008,1.2207,1.454
-18.7471,1.2668,1.454
-18.7008,1.2668,1.454
-18.5852,1.1977,1.3218
-18.5852,1.1516,1.1896
-18.6315,1.1286,1.1896
-18.6546,1.0825,1.3218
-18.6084,1.0595,1.1896
-18.6084,1.0595,1.3218
-18.5621,0.9904,1.3218
-18.5621,0.9443,1.454
-18.5852,0.8983,1.3218
-18.5621,0.8522,1.3218
-18.5621,0.8752,1.3218
-18.5159,0.8983,1.3218
-18.4003,0.8983,1.3218
-18.3079,0.8983,1.3218
-18.2385,0.8983,1.3218
-18.1923,0.8752,1.3218
-18.2847,0.8522,1.1896
-18.2847,0.8061,1.3218
-18.2154,0.737,1.3218
-18.0305,0.6449,1.3218
-17.73,0.5528,1.0575
-17.5219,0.5297,1.0575
-17.3139,0.4146,0.9253
-17.0134,0.3455,0.6609
-16.736,0.1842,0.5287
-16.4123,0.0,0.3965
-15.9038,-0.2303,0.0
-15.2797,-0.4837,0.0
-14.5399,-0.6219,-0.2643
-13.5922,-0.714,-0.3965
-12.6444,-0.6679,-0.7931
-11.9741,-0.5988,-0.9253
-11.4193,-0.5988,-1.3218
-10.8645,-0.6219,-1.3218
-10.2172,-0.8061,-1.454
-9.4313,-0.9904,-1.5862
-8.5298,-1.1747,-1.8506
-7.7207,-1.3359,-1.8506
-6.981,-1.405,-1.8506
-6.3106,-1.4971,-1.8506
-5.7558,-1.5202,-1.9828
-5.1548,-1.6123,-2.115
-4.5076,-1.6814,-2.2471
-3.8141,-1.7275,-2.3793
-3.1668,-1.7275,-2.5115
-2.5889,-1.7735,-2.5115
-1.9648,-1.8196,-2.5115
-1.2713,-1.6584,-2.6437
-0.7859,-1.5202,-2.7759
-0.4854,-1.5432,-2.7759
-0.1618,-1.6584,-3.3046
0.208,-1.7735,-3.3046
0.6472,-1.9348,-3.3046
1.3638,-2.0039,-3.1725
2.1035,-2.073,-3.0403
2.6352,-2.1421,-2.9081
3.19,-2.1651,-2.7759
3.7447,-2.1651,-2.6437
4.1608,-2.1421,-2.6437
4.6,-2.1881,-2.3793
5.1317,-2.2572,-2.3793
5.5709,-2.4185,-2.115
6.0564,-2.5567,-1.9828
6.4956,-2.7179,-1.9828
6.8885,-2.81,-1.8506
7.189,-2.8561,-1.7184
7.4895,-2.8791,-1.5862
7.8132,-2.9943,-1.454
8.2524,-3.1786,-1.454
8.8072,-3.4319,-1.0575
9.2926,-3.6392,-1.0575
9.7318,-3.5932,-0.7931
10.1941,-3.455,-0.7931
10.5409,-3.2937,-0.5287
10.8876,-3.2246,-0.5287
11.165,-3.1786,-0.3965
11.4424,-3.1786,-0.1321
11.7429,-3.1325,-0.1321
11.9972,-3.0864,-0.1321
12.2977,-3.0864,-0.1321
12.5982,-3.2016,-0.1321
12.8062,-3.3398,0.0
13.0374,-3.455,0.1321
13.2454,-3.455,0.1321
13.4304,-3.3859,0.2643
13.6153,-3.3168,0.3965
13.754,-3.3168,0.5287
13.962,-3.3859,0.6609
14.1239,-3.5241,0.6609
14.3088,-3.6623,0.6609
14.5631,-3.7774,0.7931
14.7249,-3.7774,0.9253
14.8636,-3.7314,1.0575
15.0485,-3.6853,1.1896
15.2334,-3.7544,1.1896
15.4646,-3.9847,1.0575
15.7189,-4.2842,1.3218
15.8807,-4.4224,1.3218
16.0656,-4.3763,1.454
16.2736,-4.2151,1.7184
16.4123,-4.1229,1.5862
16.4817,-4.1229,1.5862
16.5279,-4.169,1.7184
16.4586,-4.2381,1.5862
16.5742,-4.2842,1.8506
16.7591,-4.4224,1.7184
17.0134,-4.6758,1.8506
17.3139,-4.9291,1.8506
17.5219,-5.0904,1.9828
17.5681,-4.9752,1.9828
17.5681,-4.6988,1.8506
17.545,-4.5145,1.8506
17.545,-4.4685,1.8506
17.6375,-4.5376,1.9828
17.8455,-4.7449,1.9828
18.0536,-4.9522,2.2471
18.2154,-5.1364,2.2471
18.331,-5.2286,2.3793
18.4003,-5.3207,2.3793
18.4234,-5.4589,2.115
18.5852,-5.6201,2.115
18.7702,-5.7583,2.2471
18.8858,-5.7814,2.5115
19.0245,-5.7123,2.3793
19.1631,-5.6662,2.5115
19.2094,-5.6432,2.5115
19.2787,-5.7353,2.6437
19.3712,-5.8965,2.6437
19.4637,-5.9887,2.7759
19.5099,-5.8965,2.5115
19.5792,-5.7123,2.6437
19.6717,-5.6662,2.6437
19.7179,-5.7583,2.6437
19.7642,-5.9196,2.6437
19.7642,-6.0347,2.6437
19.9029,-6.0808,2.6437
20.0416,-6.1269,2.6437
20.1803,-6.2651,2.7759
20.319,-6.4263,2.7759
20.3883,-6.5184,2.7759
20.3883,-6.4493,2.9081
20.2727,-6.242,2.7759
20.2265,-5.9196,2.6437
20.1803,-5.7583,2.7759
20.0878,-5.7123,2.6437
20.1109,-5.9426,2.7759
20.319,-6.4263,2.6437
20.4345,-6.7257,2.7759
20.5039,-6.7488,2.7759
20.4345,-6.4493,2.9081
20.3652,-6.1038,2.7759
20.3652,-5.9887,2.7759
20.4576,-6.1038,2.7759
20.5963,-6.2881,2.9081
20.7119,-6.4033,2.9081
20.8275,-6.4263,2.9081
20.9431,-6.4263,3.0403
21.0124,-6.4954,3.0403
21.0818,-6.5184,3.0403
21.1049,-6.4263,3.0403
21.1511,-6.2651,3.0403
21.1974,-6.242,3.1725
21.1742,-6.2651,3.1725
21.1974,-6.2881,3.1725
21.128,-6.242,3.1725
21.0818,-6.2651,3.1725
21.1742,-6.4493,3.3046
21.2898,-6.8179,3.0403
21.3823,-7.0712,3.3046
21.4285,-7.0712,3.1725
21.4054,-6.8179,3.1725
21.4285,-6.6336,3.0403
21.4516,-6.6106,3.1725
21.4516,-6.7718,3.1725
21.4285,-6.933,3.1725
21.3129,-6.933,3.1725
21.2898,-6.887,3.1725
21.4285,-6.933,3.3046
21.5903,-7.0943,3.1725
21.7521,-7.2555,3.569
21.8677,-7.1864,3.569
21.8908,-7.0482,3.3046
21.8677,-6.8639,3.4368
21.8908,-6.7948,3.4368
22.0989,-7.0021,3.569
22.4225,-7.1864,3.7012
22.8386,-7.2785,3.8334
23.0235,-7.0712,3.9656
23.0698,-6.6797,3.9656
23.0466,-6.4033,4.0978
23.0929,-6.2881,4.0978
23.2547,-6.3111,4.23
23.4396,-6.3572,4.23
23.6939,-6.3802,4.3621
23.8788,-6.3802,4.4943
23.9944,-6.3572,4.4943
24.0638,-6.3572,4.6265
24.11,-6.3342,4.6265
24.2718,-6.2881,4.6265
24.5723,-6.4493,4.7587
24.8728,-6.6106,4.8909
25.2427,-6.8179,5.0231
25.4969,-6.8409,5.1553
25.5894,-6.7027,5.4196
25.5432,-6.4263,5.4196
25.4738,-6.1729,5.2875
25.5201,-6.0347,5.4196
25.6588,-6.0808,5.4196
25.913,-6.242,5.4196
26.1442,-6.4263,5.4196
26.4447,-6.5184,5.4196
26.699,-6.5415,5.2875
26.8146,-6.5184,5.5518
26.8608,-6.3802,5.5518
26.9764,-6.1729,5.4196
27.3,-6.1729,5.5518
27.5543,-6.3342,5.4196
27.693,-6.4724,5.684
27.7392,-6.4954,5.684
27.8317,-6.4493,5.8162
28.0166,-6.5415,5.8162
28.2015,-6.6566,5.9484
28.3865,-6.6106,6.0806
28.5714,-6.4724,6.2128
28.7101,-6.3111,6.2128
28.7332,-6.3111,6.345
28.7332,-6.3802,6.345
28.7794,-6.3802,6.345
28.7794,-6.3802,6.345
28.8488,-6.5645,6.345
28.8257,-6.7488,6.345
28.895,-6.8179,6.345
29.0337,-6.8409,6.345
29.1493,-6.8639,6.4771
29.1262,-6.9561,6.345
29.0799,-6.933,6.345
29.0337,-6.8639,6.4771
29.0568,-6.7718,6.4771
29.2186,-6.9561,6.6093
29.4036,-7.2785,6.4771
29.4498,-7.4858,6.7415
29.4729,-7.3707,6.7415
29.4267,-7.1864,6.7415
29.4498,-7.1173,6.4771
29.496,-7.2094,6.6093
29.6116,-7.3476,6.345
29.7272,-7.3937,6.4771
29.7272,-7.3016,6.4771
29.6578,-7.1634,6.6093
29.6116,-6.9561,6.7415
29.5423,-6.8639,6.8737
29.6116,-7.0482,6.7415
29.9121,-7.5089,6.6093
30.0508,-7.8774,6.7415
30.097,-7.8544,6.8737
30.0508,-7.4167,6.8737
29.889,-6.91,6.6093
29.8196,-6.7488,6.7415
29.9352,-6.9561,6.6093
30.0277,-7.3246,6.7415
30.1202,-7.578,6.8737
30.0508,-7.5549,6.8737
29.9121,-7.3016,6.8737
29.7503,-7.0482,6.7415
29.5885,-6.933,6.7415
29.6116,-7.0482,6.7415
29.7272,-7.2785,6.6093
29.9121,-7.4398,6.7415
29.9815,-7.5319,6.7415
29.9815,-7.624,6.7415
29.889,-7.578,6.7415
29.7041,-7.4167,6.6093
29.6116,-7.2325,6.6093
29.5423,-7.2555,6.345
29.5654,-7.5319,6.345
29.5654,-7.6931,6.4771
29.4036,-7.4858,6.4771
29.288,-7.1173,6.345
29.103,-6.7718,6.2128
28.9181,-6.7718,6.2128
28.7794,-7.0252,6.0806
28.6638,-7.2785,5.9484
28.687,-7.3937,6.0806
28.6638,-7.3476,5.8162
28.502,-7.1634,5.8162
28.4789,-7.2094,5.684
28.4096,-7.3707,5.684
28.3633,-7.3476,5.684
28.2709,-7.1173,5.5518
28.2246,-7.0021,5.684
28.2478,-7.0712,5.684
28.2478,-7.2555,5.684
28.2015,-7.2094,5.8162
28.1553,-6.9561,5.8162
28.2015,-6.7257,5.8162
28.2478,-6.8409,5.684
28.2246,-7.2325,5.684
28.1784,-7.5549,5.5518
28.1553,-7.4167,5.4196
28.0397,-6.8409,5.5518
27.9935,-6.4724,5.1553
28.0166,-6.6336,5.0231
28.1091,-7.0021,5.1553
28.0628,-7.1173,5.1553
28.1091,-7.0482,5.1553
28.2246,-7.0712,5.4196
28.2478,-7.3246,5.2875
28.2246,-7.578,5.4196
28.2246,-7.601,5.4196
28.3171,-7.578,5.1553
28.4096,-7.624,5.4196
28.4789,-7.6701,5.5518
28.5251,-7.5549,5.5518
28.687,-7.5549,5.5518
28.9181,-7.8544,5.684
29.0106,-8.1768,5.5518
28.9644,-8.1538,5.684
28.8488,-7.601,5.684
28.6638,-6.91,5.4196
28.6407,-6.7488,5.4196
28.7563,-7.1403,5.4196
28.8719,-7.4628,5.4196
29.0337,-7.4858,5.4196
29.1724,-7.4167,5.4196
29.2649,-7.4167,5.5518
29.3111,-7.4628,5.5518
29.1955,-7.3937,5.5518
29.0106,-7.1864,5.1553
28.9181,-7.2094,5.2875
29.0337,-7.4398,5.4196
29.103,-7.7162,5.2875
29.1955,-7.7162,5.4196
29.3804,-7.601,5.4196
29.5423,-7.601,5.2875
29.6809,-7.6701,5.4196
29.5885,-7.5549,5.4196
29.4036,-7.3016,5.2875
29.288,-6.9791,5.2875
29.3804,-6.91,5.2875
29.4267,-7.0943,5.4196
29.5423,-7.2785,5.2875
29.5654,-7.4398,5.2875
29.6347,-7.4858,5.2875
29.7041,-7.4858,5.2875
29.6809,-7.4858,5.1553
29.6116,-7.3937,5.2875
29.5654,-7.1634,5.4196
29.5423,-7.0252,5.2875
29.5654,-7.0482,5.2875
29.6116,-7.1403,5.2875
29.5885,-7.2555,5.5518
29.5885,-7.2555,5.4196
29.6347,-7.3476,5.2875
29.6116,-7.3476,5.2875
29.6116,-7.2325,5.2875
29.6809,-7.0943,5.2875
29.7503,-7.0943,5.2875
29.8659,-7.2325,5.1553
29.889,-7.2785,5.2875
29.8659,-7.1864,5.2875
29.889,-6.9791,5.4196
29.889,-6.91,5.2875
29.8428,-7.0021,5.2875
29.8428,-7.1173,5.2875
29.889,-7.1864,5.2875
30.0277,-7.2785,5.2875
30.1664,-7.4398,5.1553
30.1895,-7.578,5.1553
30.2357,-7.3937,5.4196
30.2126,-7.1403,5.4196
30.2588,-7.1864,5.4196
30.3513,-7.5319,5.2875
30.3282,-7.8774,5.2875
30.3051,-7.9235,5.2875
30.282,-7.7622,5.1553
30.2126,-7.3246,5.2875
30.1202,-6.91,5.2875
30.0508,-6.8179,5.2875
29.9815,-7.0943,5.2875
30.0277,-7.578,5.1553
30.1433,-7.9926,5.2875
30.1895,-8.0156,5.4196
30.1433,-7.7162,5.2875
30.1895,-7.4628,5.4196
30.1895,-7.5089,5.2875
30.1664,-7.7162,5.1553
30.0739,-7.8313,5.1553
30.097,-7.8313,5.4196
30.0739,-7.8313,5.5518
30.0508,-7.7162,5.5518
30.0739,-7.601,5.2875
30.1433,-7.6931,5.2875
30.2126,-7.9926,5.2875
30.2126,-8.1077,5.2875
30.1895,-7.9465,5.4196
30.1433,-7.6471,5.4196
30.1895,-7.5089,5.4196
30.2126,-7.5549,5.4196
30.1433,-7.624,5.5518
30.097,-7.5319,5.4196
29.9815,-7.3246,5.2875
30.0508,-7.3246,5.2875
30.1433,-7.3937,5.2875
30.2357,-7.601,5.4196
30.2588,-7.5549,5.4196
30.1433,-7.3016,5.4196
29.9352,-7.0712,5.4196
29.7272,-7.0021,5.2875
29.6578,-7.0943,5.1553
29.6809,-7.2555,5.1553
29.8428,-7.4628,5.1553
29.9815,-7.7162,5.4196
30.1433,-7.7853,5.4196
30.1202,-7.6701,5.2875
30.0277,-7.4167,5.1553
29.8428,-7.1173,5.1553
29.7503,-6.9791,5.1553
29.6578,-6.9561,5.0231
29.5191,-6.9561,5.1553
29.4036,-6.9791,5.1553
29.3111,-7.0021,5.0231
29.1955,-7.0252,5.0231
29.2186,-7.2785,5.1553
29.2417,-7.601,5.0231
29.3111,-7.7392,5.0231
29.1955,-7.5319,5.1553
29.1262,-7.2094,5.1553
29.0799,-7.1403,5.0231
29.1262,-7.3937,5.2875
29.1493,-7.8083,5.1553
29.1493,-7.9926,5.4196
29.1262,-7.8083,5.2875
29.0799,-7.5549,5.2875
28.9875,-7.4628,5.1553
28.8719,-7.6931,5.2875
28.7332,-7.8083,5.2875
28.7101,-7.7162,5.4196
28.7101,-7.601,5.2875
28.8488,-7.6701,5.1553
28.9412,-7.7622,5.2875
28.9875,-7.7392,5.2875
28.9644,-7.578,5.2875
28.8488,-7.2555,5.2875
28.6407,-6.887,5.2875
28.502,-6.6797,5.0231
28.5714,-6.6797,5.0231
28.5251,-6.7027,5.0231
28.4327,-6.7027,5.0231
28.3633,-6.6566,4.8909
28.294,-6.5875,4.8909
28.3171,-6.6106,4.7587
28.4327,-6.7488,4.7587
28.4558,-6.91,4.7587
28.3633,-6.887,4.8909
28.3171,-6.6797,4.8909
28.1553,-6.4033,4.8909
28.1091,-6.3802,4.8909
28.0859,-6.4954,4.8909
28.1091,-6.6566,4.8909
28.0859,-6.6566,4.7587
28.1091,-6.6797,4.7587
28.1784,-6.7488,4.7587
28.2709,-6.7257,4.8909
28.2709,-6.5184,4.7587
28.1553,-6.1499,4.6265
28.0397,-5.9196,4.6265
27.9241,-5.9196,4.4943
27.9241,-6.1269,4.4943
27.901,-6.2651,4.6265
27.8317,-6.1729,4.6265
27.8548,-6.0808,4.6265
27.8779,-6.219,4.7587
27.9472,-6.4724,4.6265
27.9472,-6.6106,4.3621
27.9241,-6.4954,4.3621
27.8085,-6.1729,4.4943
27.7623,-6.1038,4.3621
27.7392,-6.4263,4.3621
27.8317,-6.7948,4.3621
27.8317,-6.9561,4.6265
27.7854,-6.887,4.6265
27.8085,-6.8639,4.6265
27.8548,-6.9791,4.6265
27.8779,-7.0943,4.7587
27.9241,-7.0482,4.6265
27.901,-6.8409,4.7587
27.9241,-6.7718,4.7587
28.0166,-6.887,4.8909
28.0166,-6.9561,4.8909
27.901,-6.8409,4.8909
27.8085,-6.6566,5.0231
27.7623,-6.6336,4.8909
27.7161,-6.7257,4.8909
27.7392,-6.8179,4.8909
27.7392,-6.8179,4.8909
27.7392,-6.8179,4.8909
27.6005,-6.6797,4.7587
27.4849,-6.6336,4.7587
27.508,-6.7257,4.7587
27.5543,-7.0021,4.7587
27.5543,-7.2325,4.8909
27.6467,-7.3246,4.8909
27.7854,-7.3707,4.8909
27.901,-7.3707,5.0231
27.9704,-7.2555,4.8909
27.9472,-7.2094,5.0231
27.901,-7.0482,4.8909
27.9704,-6.933,4.8909
28.0859,-7.0482,5.0231
28.2478,-7.3016,5.0231
28.4096,-7.4858,5.1553
28.502,-7.5089,5.0231
28.4327,-7.2325,4.8909
28.2709,-6.8409,5.0231
28.2478,-6.5415,5.0231
28.2478,-6.4724,5.1553
28.2246,-6.4263,5.1553
28.2015,-6.3802,5.1553
28.0628,-6.4033,5.1553
27.9241,-6.4724,5.0231
27.9241,-6.5415,4.8909
28.0166,-6.6797,4.7587
28.2709,-6.887,4.7587
28.4327,-7.0021,4.7587
28.5251,-6.9561,4.8909
28.502,-6.7718,4.7587
28.4789,-6.6336,4.8909
28.502,-6.6566,4.8909
28.5251,-6.8639,4.7587
28.5714,-6.9791,5.0231
28.6638,-6.9791,5.4196
28.7563,-6.887,5.2875
28.8257,-6.887,5.2875
28.7101,-6.7718,5.1553
28.5714,-6.5415,5.2875
28.3865,-6.3572,5.1553
28.3402,-6.3342,5.1553
28.4096,-6.6106,5.0231
28.4096,-6.91,5.1553
28.4096,-7.0021,5.1553
28.3865,-6.887,5.1553
28.4789,-6.91,5.0231
28.502,-7.0712,4.8909
28.5251,-7.2094,5.1553
28.5251,-7.2325,5.1553
28.5251,-6.9791,5.2875
28.5483,-6.8179,5.0231
28.5945,-6.9791,5.2875
28.5483,-7.1634,5.1553
28.4789,-7.2555,5.0231
28.3865,-7.2325,5.0231
28.3171,-7.1864,5.1553
28.3633,-7.2094,5.1553
28.4327,-7.3016,5.1553
28.5251,-7.4398,5.1553
28.5945,-7.5319,4.8909
28.5714,-7.4858,4.8909
28.4789,-7.2785,4.8909
28.4558,-7.0712,5.0231
28.4327,-7.1173,5.0231
28.502,-7.3016,5.0231
28.6638,-7.5089,5.1553
28.7563,-7.5319,5.1553
28.7101,-7.3246,5.1553
28.502,-7.0021,5.2875
28.3633,-6.8179,5.1553
28.3171,-6.933,5.1553
28.3633,-7.2555,5.2875
28.4789,-7.5549,5.1553
28.5483,-7.7162,5.4196
28.502,-7.6471,5.4196
28.5483,-7.578,5.1553
28.5714,-7.5319,5.1553
28.6176,-7.578,5.1553
28.6176,-7.601,5.1553
28.5945,-7.5549,5.1553
28.5714,-7.3246,5.1553
28.5251,-7.1173,5.0231
28.5714,-7.0252,5.1553
28.687,-7.2325,5.1553
28.8488,-7.4858,5.1553
28.895,-7.4398,5.2875
28.8719,-7.1634,5.4196
28.7794,-6.7488,5.4196
28.6407,-6.5184,5.4196
28.502,-6.3802,5.2875
28.4558,-6.3572,5.1553
28.4327,-6.4724,4.8909
28.4327,-6.6797,4.8909
28.3865,-6.8639,4.8909
28.3633,-6.8179,4.8909
28.294,-6.6106,4.8909
28.3402,-6.5415,5.0231
28.3402,-6.6566,4.8909
28.3171,-6.7718,4.8909
28.3402,-6.7027,4.8909
28.2478,-6.4493,5.2875
28.1553,-6.219,5.2875
28.1322,-6.242,5.2875
28.1784,-6.5645,5.1553
28.294,-6.8639,5.2875
28.3865,-6.933,5.2875
28.4096,-6.91,5.2875
28.5483,-7.0021,5.2875
28.6638,-7.2094,5.2875
28.7332,-7.3707,5.1553
28.7101,-7.3246,5.1553
28.7101,-7.1173,5.2875
28.7563,-6.8639,5.1553
28.687,-6.7257,5.1553
28.6407,-6.6566,5.2875
28.6407,-6.6336,5.4196
28.5945,-6.7027,5.2875
28.5945,-6.7948,5.2875
28.5483,-6.7948,5.4196
28.502,-6.7948,5.2875
28.6638,-6.8639,5.2875
28.7794,-7.0021,5.2875
28.8488,-7.0712,5.2875
28.9181,-7.0712,5.4196
28.8257,-6.7948,5.4196
28.6407,-6.5184,5.4196
28.5251,-6.4493,5.4196
28.4096,-6.5645,5.2875
28.3865,-6.7718,5.2875
28.4789,-6.8409,5.2875
28.5714,-6.8639,5.2875
28.7794,-7.0021,5.2875
28.9875,-7.2094,5.4196
29.103,-7.3246,5.2875
29.1262,-7.1403,5.4196
29.0106,-6.7948,5.5518
28.9644,-6.6566,5.4196
29.0106,-6.7257,5.4196
28.9875,-6.8409,5.5518
29.0568,-6.8639,5.5518
29.1724,-6.91,5.4196
29.2649,-6.9791,5.2875
29.288,-6.887,5.4196
29.3342,-6.7948,5.4196
29.3342,-6.6797,5.4196
29.3111,-6.5415,5.2875
29.2417,-6.5184,5.2875
29.2417,-6.6106,5.4196
29.288,-6.8409,5.4196
29.3573,-7.0943,5.2875
29.4036,-7.0712,5.4196
29.3573,-6.9561,5.5518
29.3573,-6.8179,5.5518
29.3573,-6.7718,5.5518
29.4729,-6.7948,5.5518
29.6116,-6.8179,5.5518
29.6578,-6.7718,5.4196
29.6809,-6.6336,5.4196
29.6347,-6.4954,5.5518
29.5885,-6.5875,5.4196
29.5654,-6.7027,5.2875
29.5885,-6.887,5.2875
29.7734,-6.887,5.2875
29.7503,-6.7718,5.1553
29.7041,-6.6336,5.1553
29.6347,-6.6106,5.1553
29.6116,-6.8409,5.1553
29.7272,-7.0712,5.1553
29.8428,-7.0482,5.1553
29.8659,-6.8639,5.1553
29.8659,-6.7027,5.2875
29.9121,-6.8409,5.0231
29.9583,-6.9791,5.1553
29.9352,-6.887,5.0231
29.8428,-6.5875,4.8909
29.6116,-6.3111,4.8909
29.5654,-6.2651,4.8909
29.5654,-6.4954,4.7587
29.5885,-6.6336,4.7587
29.5654,-6.6797,4.8909
29.5191,-6.7027,4.8909
29.5654,-6.7027,4.7587
29.496,-6.7027,4.7587
29.3804,-6.6336,4.7587
29.2417,-6.5875,4.7587
29.1493,-6.5875,5.0231
29.1493,-6.5415,4.8909
29.1262,-6.5875,5.0231
29.1262,-6.6566,5.0231
29.0799,-6.6797,4.8909
28.9644,-6.6106,4.8909
28.9875,-6.5415,4.8909
29.0568,-6.6336,4.8909
29.103,-6.8179,4.8909
29.1262,-7.0482,5.0231
28.9875,-7.0943,5.0231
28.9644,-7.0252,5.0231
28.9644,-6.9561,5.0231
28.8719,-7.0021,5.0231
28.8719,-7.1173,5.1553
28.9181,-7.3476,5.1553
28.9181,-7.5319,5.1553
29.0337,-7.578,5.1553
29.2186,-7.578,5.1553
29.3573,-7.7392,5.0231
29.3804,-7.7853,5.1553
29.3111,-7.6471,5.0231
29.2186,-7.4628,5.1553
29.3573,-7.4628,5.1553
29.5885,-7.6471,5.4196
29.7272,-7.8313,5.4196
29.7734,-7.8774,5.2875
29.7965,-7.7392,5.2875
29.7503,-7.624,5.1553
29.6809,-7.6471,5.1553
29.5654,-7.7392,5.0231
29.4729,-7.6471,5.0231
29.5423,-7.5319,5.0231
29.6578,-7.578,5.0231
29.8659,-7.8544,5.0231
30.0277,-8.1077,5.0231
30.097,-8.1308,5.0231
30.0277,-7.8774,5.1553
29.9352,-7.578,5.0231
29.9121,-7.4858,5.0231
29.9121,-7.5549,5.0231
29.9583,-7.601,5.1553
29.9121,-7.4858,5.1553
29.7965,-7.3246,5.0231
29.7734,-7.3937,4.8909
29.7965,-7.7392,5.0231
29.8428,-7.8544,4.8909
29.8659,-7.7853,4.8909
29.7965,-7.601,4.8909
29.7272,-7.4398,4.7587
29.6809,-7.4628,4.8909
29.7272,-7.5549,4.8909
29.7503,-7.6471,4.8909
29.7503,-7.6701,4.8909
29.7503,-7.6471,4.8909
29.7272,-7.601,5.0231
29.7272,-7.4398,4.6265
29.7041,-7.2325,4.6265
29.6809,-7.0482,4.4943
29.5885,-6.9561,4.4943
29.4729,-6.9791,4.3621
29.4498,-7.0482,4.4943
29.496,-7.2325,4.4943
29.5423,-7.3016,4.4943
29.5654,-7.2555,4.4943
29.6809,-7.3016,4.3621
29.7503,-7.4167,4.4943
29.7272,-7.3707,4.4943
29.6347,-7.1864,4.6265
29.4729,-6.91,4.7587
29.4498,-6.7948,4.6265
29.5423,-6.7718,4.6265
29.5654,-6.9791,4.4943
29.5885,-7.0712,4.3621
29.5423,-6.9791,4.6265
29.496,-6.7948,4.6265
29.4498,-6.6566,4.6265
29.3342,-6.5645,4.3621
29.2417,-6.5645,4.3621
29.2417,-6.6336,4.23
29.288,-6.7948,4.23
29.4267,-6.9791,4.23
29.6347,-6.9791,4.0978
29.7503,-7.0021,4.23
29.7503,-6.7718,3.9656
29.6347,-6.4493,3.9656
29.4267,-6.1729,3.8334
29.3111,-6.1499,4.0978
29.2649,-6.1499,4.0978
29.2417,-6.1499,4.0978
29.2186,-6.0578,3.9656
29.2649,-6.1729,3.8334
29.2417,-6.4033,3.569
29.1262,-6.6106,3.7012
29.0799,-6.7948,3.8334
29.0568,-6.887,3.8334
29.1262,-6.6797,3.9656
29.2186,-6.4724,3.8334
29.288,-6.4954,3.8334
29.2649,-6.6566,4.0978
29.288,-6.8179,3.9656
29.2186,-6.6566,3.9656
29.0568,-6.3111,3.9656
28.8719,-5.9656,3.8334
28.6638,-5.9887,3.8334
28.6638,-6.3342,3.9656
28.7332,-6.5645,3.7012
28.7794,-6.6106,3.7012
28.8257,-6.6566,3.7012
28.8025,-6.6797,3.9656
28.7332,-6.8409,3.7012
28.7563,-6.9791,3.7012
28.7332,-7.0943,3.8334
28.7101,-7.0943,3.9656
28.7101,-7.0252,4.0978
28.5945,-7.0252,4.0978
28.4096,-7.0252,4.0978
28.3865,-7.0252,4.0978
28.3633,-7.0943,4.0978
28.4096,-7.2094,4.0978
28.502,-7.4167,3.9656
28.5483,-7.4398,3.9656
28.5945,-7.3476,3.9656
28.7101,-7.2555,3.9656
28.7101,-7.2325,3.8334
28.6638,-7.2785,3.9656
28.6407,-7.1634,4.0978
28.5945,-6.91,3.9656
28.5945,-6.6797,3.9656
28.7332,-6.5875,4.0978
28.7794,-6.7257,4.0978
28.7794,-6.91,4.0978
28.7101,-6.8639,3.9656
28.5483,-6.5875,4.0978
28.4558,-6.4493,3.9656
28.4789,-6.5875,3.9656
28.5251,-6.887,3.8334
28.4789,-6.91,3.8334
28.4096,-6.6106,3.7012
28.3402,-6.1729,3.7012
28.2246,-6.0347,3.4368
28.2709,-6.242,3.7012
28.2709,-6.6106,3.7012
28.294,-6.7027,3.7012
28.3633,-6.5875,3.569
28.4096,-6.5184,3.569
28.4327,-6.6566,3.4368
28.4327,-6.7718,3.4368
28.4096,-6.5875,3.4368
28.3402,-6.3111,3.4368
28.2478,-6.1269,3.4368
28.1784,-6.242,3.4368
28.1784,-6.5645,3.3046
28.294,-6.8409,3.3046
28.3633,-6.933,3.4368
28.4558,-6.8409,3.4368
28.502,-6.8179,3.4368
28.5251,-6.9561,3.4368
28.5714,-7.0482,3.4368
28.5483,-6.933,3.4368
28.5714,-6.91,3.569
28.6176,-6.9791,3.569
28.6407,-7.0482,3.569
28.6407,-6.91,3.569
28.5945,-6.7948,3.4368
28.6407,-6.933,3.4368
28.7101,-7.0943,3.4368
28.7563,-7.1403,3.569
28.7563,-6.887,3.4368
28.7101,-6.4954,3.569
28.7332,-6.4724,3.7012
28.895,-6.7718,3.7012
28.9412,-7.0943,3.8334
28.9412,-7.0943,3.8334
28.8719,-6.887,3.569
28.8488,-6.7948,3.7012
28.9412,-6.933,3.8334
29.1262,-7.0943,3.9656
29.3342,-7.0712,3.9656
29.3342,-6.9561,3.7012
29.2649,-6.8409,3.7012
29.1724,-6.7027,3.7012
29.0106,-6.6336,3.7012
28.9412,-6.6566,3.7012
28.9875,-6.7027,3.7012
28.9644,-6.7257,3.8334
28.895,-6.7257,3.9656
28.8488,-6.7027,4.0978
28.9181,-6.7257,3.9656
29.0568,-6.8639,4.0978
29.1493,-7.0482,3.8334
29.1955,-7.1173,3.8334
29.288,-7.1403,3.9656
29.3342,-7.0021,3.9656
29.4036,-6.91,3.8334
29.4498,-6.933,3.9656
29.496,-6.9791,4.0978
29.4498,-6.91,4.0978
29.3804,-6.7488,4.0978
29.3111,-6.6106,3.9656
29.4267,-6.8179,4.0978
29.5191,-7.1634,3.9656
29.5885,-7.1864,3.9656
29.5191,-6.887,4.0978
29.3342,-6.5184,3.8334
29.2186,-6.4954,3.9656
29.2186,-6.8409,3.9656
29.2649,-7.0482,3.9656
29.3111,-6.9561,3.9656
29.3111,-6.8409,3.9656
29.4036,-6.9561,3.9656
29.496,-7.1864,3.9656
29.5654,-7.1634,4.0978
29.4267,-6.8409,4.23
29.2417,-6.5415,4.23
29.288,-6.6336,4.3621
29.4036,-6.9561,4.23
29.5654,-7.1403,4.3621
29.6578,-7.1634,4.23
29.7503,-7.1864,4.23
29.6809,-7.0943,4.4943
29.496,-6.91,4.3621
29.3573,-6.6336,4.3621
29.2186,-6.4724,4.23
29.1262,-6.5184,4.3621
29.0568,-6.6336,4.3621
29.0337,-6.887,4.23
29.1955,-7.1403,4.0978
29.3342,-7.3246,4.23
29.288,-7.4167,4.23
29.288,-7.4398,4.3621
29.3111,-7.4858,4.3621
29.4729,-7.5089,4.4943
29.6578,-7.5089,4.3621
29.7503,-7.5549,4.4943
29.7503,-7.624,4.6265
29.6809,-7.5089,4.6265
29.6116,-7.3016,4.4943
29.5654,-7.2094,4.3621
29.5885,-7.3707,4.3621
29.6116,-7.578,4.4943
29.6578,-7.624,4.4943
29.6809,-7.3937,4.3621
29.5654,-7.0943,4.3621
29.4729,-7.0252,4.3621
29.4036,-7.2094,4.3621
29.3573,-7.4858,4.23
29.288,-7.6471,4.3621
29.2649,-7.6701,4.3621
29.2649,-7.6471,4.23
29.288,-7.624,4.3621
29.4267,-7.5549,4.3621
29.4267,-7.5089,4.4943
29.3573,-7.4858,4.3621
29.2417,-7.4167,4.23
29.0799,-7.3016,4.0978
29.0568,-7.2325,4.23
29.0568,-7.3016,4.23
29.1493,-7.5319,4.3621
29.1724,-7.6931,4.23
29.288,-7.7853,4.23
29.3573,-7.6701,4.23
29.4036,-7.5319,4.3621
29.4036,-7.5089,4.0978
29.4267,-7.5319,4.23
29.4498,-7.5319,4.23
29.496,-7.4167,4.4943
29.3804,-7.1634,4.3621
29.288,-7.0712,4.23
29.3111,-7.2094,4.3621
29.3573,-7.3937,4.3621
29.4267,-7.3937,4.3621
29.4036,-7.2325,4.3621
29.3111,-7.1173,4.23
29.2186,-7.0252,4.0978
29.1493,-7.0252,4.23
29.1262,-7.1403,4.23
29.103,-7.2555,4.4943
29.0337,-7.3016,4.4943
29.0106,-7.2785,4.4943
28.9644,-7.1864,4.4943
28.9644,-7.1403,4.3621
28.9875,-7.1864,4.3621
29.0106,-7.2555,4.3621
29.0106,-7.3246,4.23
29.0799,-7.3246,4.23
29.1262,-7.3016,4.3621
29.103,-7.2555,4.3621
29.0337,-7.2094,4.23
28.9875,-7.1634,4.23
29.0337,-7.1634,4.23
29.1493,-7.2555,4.3621
29.2186,-7.4398,4.3621
29.1955,-7.4628,4.3621
29.1262,-7.2325,4.23
29.0337,-6.91,4.23
28.9181,-6.8179,4.0978
28.895,-7.0482,4.0978
28.9644,-7.3476,4.23
29.0106,-7.3476,4.23
28.9412,-7.0252,4.0978
28.8719,-6.7718,3.9656
28.8488,-6.8639,3.9656
28.8488,-7.0712,4.0978
28.895,-7.2555,4.0978
28.8719,-7.2094,4.0978
28.8488,-7.1173,4.0978
28.895,-7.1173,4.0978
28.9412,-7.2094,3.9656
29.0337,-7.2325,3.9656
29.0106,-7.0943,3.9656
28.895,-6.8639,3.9656
28.7101,-6.7488,3.9656
28.6638,-6.8409,4.0978
28.8025,-7.0021,4.0978
28.8488,-7.0943,4.23
28.8257,-7.0712,4.23
28.8025,-6.9561,4.0978
28.7794,-6.8639,4.0978
28.7794,-6.7027,3.9656
28.7332,-6.5645,3.9656
28.7332,-6.6106,3.9656
28.7563,-6.8179,3.9656
28.7563,-6.933,3.9656
28.8025,-6.8639,4.0978
28.8719,-6.7257,4.0978
28.9644,-6.6797,4.0978
28.9644,-6.7488,4.23
28.9644,-6.8179,4.0978
28.9181,-6.7948,4.0978
28.8719,-6.6336,4.23
28.7794,-6.4954,4.0978
28.7332,-6.6106,4.0978
28.7101,-6.7257,4.0978
28.6407,-6.7027,4.0978
28.5483,-6.6106,3.9656
28.5483,-6.5875,3.8334
28.502,-6.6336,3.8334
28.5251,-6.6566,3.8334
28.5714,-6.6336,3.8334
28.6176,-6.6336,3.9656
28.7332,-6.933,3.8334
28.895,-7.3707,3.9656
29.0568,-7.5549,3.9656
29.1262,-7.3246,3.8334
29.0337,-6.7948,3.9656
28.9644,-6.4493,3.9656
28.8488,-6.4724,3.9656
28.7563,-6.6336,3.9656
28.5945,-6.7488,3.9656
28.5251,-6.8409,3.8334
28.5251,-7.1173,3.9656
28.4789,-7.2555,3.8334
28.4558,-7.2094,3.9656
28.3865,-7.0252,3.8334
28.4558,-6.9561,3.8334
28.5251,-7.1403,3.7012
28.5251,-7.3707,3.8334
28.502,-7.4398,3.7012
28.5251,-7.3937,3.8334
28.4789,-7.2555,3.8334
28.3865,-7.1173,3.8334
28.294,-7.0943,3.7012
28.2246,-7.1173,3.569
28.2246,-7.0021,3.569
28.1322,-6.7718,3.569
28.0166,-6.5645,3.4368
27.9704,-6.6566,3.8334
28.0166,-7.0252,3.569
28.0628,-7.3476,3.7012
28.0628,-7.3476,3.569
28.0397,-7.2785,3.569
28.0859,-7.2555,3.569
28.1553,-7.3476,3.4368
28.2015,-7.3707,3.4368
28.1553,-7.1864,3.569
28.0397,-6.8179,3.7012
27.8548,-6.5645,3.7012
27.6699,-6.5645,3.7012
27.6699,-6.7027,3.7012
27.6699,-6.8179,3.7012
27.6699,-6.8409,3.8334
27.6467,-6.8179,3.8334
27.6467,-6.7488,3.7012
27.6236,-6.7257,3.8334
27.6236,-6.7488,3.7012
27.6467,-6.933,3.7012
27.6699,-7.1634,3.7012
27.6699,-7.1864,3.7012
27.693,-7.0712,3.7012
27.7392,-6.9561,3.7012
27.8548,-6.9791,3.8334
27.8317,-7.0712,3.9656
27.7623,-7.0712,3.9656
27.6005,-6.9561,3.9656
27.5774,-6.7488,3.8334
27.6467,-6.6336,3.7012
27.6699,-6.8409,3.8334
27.6699,-7.2094,3.8334
27.5774,-7.3246,3.7012
27.3925,-7.1864,3.8334
27.2769,-6.8409,3.8334
27.2075,-6.5645,3.8334
27.3231,-6.6797,3.8334
27.4618,-6.91,3.8334
27.4849,-6.887,3.7012
27.4618,-6.6566,3.8334
27.3,-6.3572,3.8334
27.1844,-6.242,3.8334
27.1844,-6.4493,3.8334
27.2306,-6.7257,3.7012
27.2769,-6.7948,3.7012
27.2075,-6.6797,3.569
27.1151,-6.5645,3.7012
27.2075,-6.7257,3.569
27.4156,-7.0712,3.569
27.6467,-7.3476,3.7012
27.7854,-7.3937,3.8334
27.8085,-7.2785,3.8334
27.9241,-7.1634,3.8334
28.1553,-7.1864,3.9656
28.2246,-7.2555,3.9656
28.1322,-7.0712,3.9656
28.0166,-6.933,3.9656
28.0397,-6.91,3.9656
28.2246,-7.1634,4.0978
28.3865,-7.4628,4.0978
28.4789,-7.624,4.3621
28.4327,-7.5319,4.23
28.4096,-7.3476,4.3621
28.5251,-7.3707,4.23
28.687,-7.5089,4.0978
28.8025,-7.6471,4.3621
28.8025,-7.6471,4.4943
28.8025,-7.578,4.4943
28.895,-7.578,4.4943
28.9644,-7.6471,4.6265
29.0799,-7.7392,4.6265
29.1262,-7.8313,4.6265
29.1724,-7.8544,4.6265
29.1493,-7.601,4.6265
29.0568,-7.3937,4.6265
28.9412,-7.5549,4.4943
28.9875,-7.9004,4.6265
29.1262,-8.1999,4.7587
29.288,-8.3381,4.8909
29.4036,-8.2459,4.8909
29.5191,-8.1768,5.0231
29.6116,-8.1538,4.8909
29.5654,-8.0386,4.7587
29.3111,-7.8313,4.7587
29.0568,-7.5549,4.7587
28.9181,-7.3476,4.7587
28.8488,-7.4398,4.6265
29.0337,-7.7162,4.4943
29.2186,-8.0386,4.7587
29.3804,-8.3381,4.8909
29.4036,-8.4763,4.7587
29.4036,-8.292,4.8909
29.288,-7.9235,4.7587
29.1493,-7.6701,4.7587
29.103,-7.6471,4.8909
29.0799,-7.7392,4.8909
29.1493,-7.7853,4.8909
29.3111,-7.7392,4.8909
29.496,-7.8083,4.8909
29.6116,-7.9926,4.7587
29.5423,-7.9235,4.7587
29.3804,-7.5319,4.7587
29.1262,-6.933,4.6265
28.9875,-6.6106,4.4943
28.9412,-6.7257,4.4943
29.1262,-7.0252,4.3621
29.3342,-7.2555,4.4943
29.4498,-7.4167,4.6265
29.5191,-7.578,4.4943
29.5423,-7.601,4.4943
29.4267,-7.3246,4.4943
29.2417,-6.8639,4.3621
29.1262,-6.4954,4.3621
29.1262,-6.5415,4.23
29.2417,-6.8639,4.3621
29.4036,-7.1864,4.3621
29.4729,-7.2785,4.3621
29.5654,-7.2785,4.3621
29.6116,-7.2785,4.4943
29.6347,-7.2785,4.4943
29.6809,-7.1634,4.6265
29.7503,-7.0943,4.3621
29.6809,-7.0252,4.4943
29.5654,-7.0252,4.4943
29.4036,-6.9561,4.4943
29.2649,-6.91,4.4943
29.2649,-6.933,4.4943
29.4036,-7.2094,4.4943
29.4498,-7.5319,4.4943
29.5423,-7.6701,4.6265
29.6578,-7.5549,4.6265
29.6347,-7.2785,4.6265
29.5423,-7.0252,4.4943
29.4498,-6.9791,4.4943
29.4267,-7.0943,4.4943
29.4729,-7.3016,4.4943
29.496,-7.4628,4.6265
29.4498,-7.5089,4.4943
29.3804,-7.5089,4.4943
29.3573,-7.4858,4.6265
29.4729,-7.4858,4.6265
29.6809,-7.6471,4.4943
29.7965,-7.8313,4.7587
29.6347,-7.6931,4.7587
29.3342,-7.3937,4.7587
29.103,-7.0482,4.6265
28.9181,-6.887,4.6265
28.8488,-6.9561,4.6265
28.8257,-7.2094,4.6265
28.9875,-7.4628,4.6265
29.103,-7.578,4.4943
29.1262,-7.5319,4.6265
29.1724,-7.4858,4.6265
29.103,-7.3937,4.6265
29.103,-7.3016,4.6265
29.0337,-7.1634,4.4943
29.1493,-7.2325,4.4943
29.2186,-7.4398,4.4943
29.2649,-7.6931,4.6265
29.3573,-7.7162,4.7587
29.3573,-7.5549,4.8909
29.2649,-7.3246,4.7587
29.1493,-7.2094,4.7587
29.0337,-7.2325,4.7587
29.0799,-7.3016,4.6265
28.9875,-7.2325,4.7587
28.8719,-7.1864,4.7587
28.8719,-7.3476,4.7587
28.8025,-7.5089,4.6265
28.5945,-7.3937,4.6265
28.4327,-7.2325,4.4943
28.3171,-7.2785,4.3621
28.2246,-7.3707,4.4943
28.0397,-7.3937,4.3621
27.7623,-7.1864,4.4943
27.508,-6.9561,4.3621
27.3925,-6.91,4.3621
27.3231,-7.0712,4.23
27.2075,-7.2785,4.3621
26.9995,-7.3707,4.3621
26.6759,-7.2555,4.3621
26.2367,-7.0021,4.23
25.8437,-6.9561,4.0978
25.5894,-7.1403,4.23
25.4045,-7.3016,4.0978
25.0115,-7.2555,4.0978
24.4798,-6.9561,3.9656
23.6708,-6.5184,3.7012
22.8617,-6.219,3.7012
22.5381,-6.1499,3.7012
22.3763,-6.1269,3.569
22.0989,-6.0117,3.4368
21.5672,-5.7814,3.4368
20.6657,-5.4819,2.7759
19.4637,-5.0904,2.6437
18.0073,-4.6758,2.2471
16.4355,-4.4224,1.7184
15.2797,-4.3533,1.5862
14.6555,-4.4915,1.5862
14.0083,-4.6988,1.454
13.2686,-4.7449,1.3218
12.3439,-4.6297,1.1896
11.2343,-4.3763,0.7931
10.2404,-4.146,0.6609
9.3388,-3.8235,0.3965
8.5067,-3.501,0.2643
7.6976,-3.3168,-0.1321
6.7961,-3.2016,-0.2643
5.8945,-3.0864,-0.3965
5.0392,-2.9713,-0.5287
4.184,-2.9022,-0.6609
3.4442,-2.787,-0.9253
2.8663,-2.6949,-0.9253
2.196,-2.5106,-1.1896
1.4794,-2.3033,-1.0575
0.7859,-2.1421,-1.454
0.1849,-2.0269,-1.1896
-0.4854,-1.9578,-1.1896
-1.0864,-1.8657,-0.9253
-1.6412,-1.8196,-0.7931
-2.1729,-1.8196,-0.6609
-2.6814,-1.7735,-0.7931
-3.2131,-1.6584,-0.5287
-3.8141,-1.4971,-0.5287
-4.4845,-1.405,-0.2643
-5.0855,-1.405,-0.1321
-5.6634,-1.4741,-0.1321
-6.2182,-1.6584,0.2643
-6.7961,-1.7044,0.2643
-7.5127,-1.7275,0.3965
-8.1599,-1.7275,0.3965
-8.8072,-1.6814,0.6609
-9.4082,-1.6584,0.9253
-10.0092,-1.5202,1.0575
-10.4484,-1.405,1.3218
-11.0032,-1.2668,1.454
-11.4193,-1.0825,1.7184
-11.9972,-0.9674,1.8506
-12.6444,-0.6679,2.115
-13.2686,-0.4837,2.5115
-13.9389,-0.4606,2.6437
-14.5399,-0.4606,3.0403
-15.0254,-0.5528,3.3046
-15.4646,-0.6679,3.3046
-15.8807,-0.8061,3.4368
-16.4123,-0.9904,3.569
-16.9902,-1.2438,3.569
-17.6144,-1.405,3.7012
-18.0998,-1.5202,3.9656
-18.539,-1.6123,3.9656
-18.8858,-1.7044,4.0978
-19.2094,-1.7966,4.3621
-19.5792,-1.8196,4.4943
-19.9722,-1.8196,4.4943
-20.3421,-1.8657,4.8909
-20.92,-1.9117,4.8909
-21.4748,-1.8887,5.1553
-21.8677,-1.9117,5.2875
-22.2145,-1.9117,5.5518
-22.5843,-1.8426,5.5518
-22.8155,-1.7735,5.8162
-23.0235,-1.7735,5.9484
-23.2547,-1.7735,6.0806
-23.6245,-1.7735,6.2128
-24.0638,-1.8657,6.4771
-24.5261,-1.9348,6.345
-24.9653,-2.0039,6.4771
-25.312,-1.9808,6.4771
-25.6588,-1.8426,6.6093
-26.0055,-1.7044,6.7415
-26.306,-1.7275,6.8737
-26.6296,-1.7275,6.8737
-26.907,-1.7044,7.1381
-27.1613,-1.6584,7.0059
-27.4849,-1.4511,7.0059
-27.7392,-1.2438,7.1381
-27.8779,-1.1516,7.2703
-28.0166,-1.0825,7.2703
-28.3633,-1.0134,7.2703
-28.7563,-0.8983,7.5346
-29.0337,-0.7831,7.5346
-29.2186,-0.691,7.799
-29.3573,-0.5067,7.9312
-29.5423,-0.2533,7.9312
-29.8196,-0.023,8.1956
-30.097,0.1612,8.1956
-30.4438,0.2533,8.46
-30.8136,0.2764,8.5922
-31.1373,0.3915,8.7243
-31.3684,0.5067,8.8565
-31.5996,0.5758,8.8565
-31.9001,0.5758,8.9887
-32.1081,0.4376,9.2531
-32.2931,0.3224,9.2531
-32.2931,0.2533,9.2531
-32.2006,0.2994,9.2531
-32.2468,0.4146,9.2531
-32.5936,0.5758,9.3853
-32.8016,0.8061,9.2531
-33.079,0.8522,9.5175
-33.2408,0.8522,9.6497
-33.3795,0.8522,9.7818
-33.5182,0.8752,9.7818
-33.68,0.8983,9.7818
-33.9112,0.8752,9.7818
-34.2579,0.9443,9.7818
-34.5584,1.1056,9.914
-34.8589,1.1977,10.0462
-34.9976,1.2438,10.3106
-35.1363,1.2668,10.4428
-35.3906,1.2668,10.575
-35.6218,1.2668,10.7072
-35.8067,1.2207,10.7072
-35.7836,1.1977,10.8393
-35.876,1.1747,10.8393
-36.0147,1.0595,10.8393
-36.1534,0.9904,10.8393
-36.269,0.9213,10.8393
-36.3153,0.8983,10.8393
-36.3615,0.8752,10.8393
-36.3153,0.8061,10.9715
-36.1766,0.7601,10.8393
-36.0379,0.6679,10.9715
-35.9685,0.5297,10.8393
-35.9454,0.3915,10.8393
-35.9916,0.2073,10.8393
-36.0147,0.2073,10.8393
-35.9916,0.2533,10.7072
-35.8298,0.2303,10.7072
-35.7836,0.1842,10.8393
-35.6218,0.1382,10.8393
-35.4831,0.1382,10.9715
-35.2981,0.1612,10.8393
-35.1132,0.2073,10.7072
-34.9283,0.1612,10.7072
-34.9052,0.0921,10.575
-34.9283,0.046,10.7072
-34.9283,0.0,10.7072
-34.9514,0.0,10.7072
-34.9052,0.046,10.575
-34.7202,0.0691,10.575
-34.5353,0.0691,10.4428
-34.4429,0.0921,10.3106
-34.5122,0.023,10.4428
-34.4197,0.0691,10.4428
-34.1192,0.1382,10.3106
-33.9574,0.2533,10.3106
-33.7494,0.3224,10.1784
-33.4026,0.2303,10.1784
-32.8941,0.1151,10.0462
-32.7323,0.046,9.7818
-32.478,-0.023,9.6497
-32.085,-0.046,9.3853
-31.6227,-0.0691,8.9887
-31.1141,-0.1151,8.9887
-31.1141,-0.2533,8.8565
-31.2528,-0.3915,8.7243
-31.2528,-0.4606,8.8565
-31.091,-0.4837,8.7243
-30.6749,-0.4606,8.5922
-30.1895,-0.4376,8.3278
-29.8428,-0.4837,8.1956
-29.889,-0.5988,8.1956
-30.097,-0.7601,8.0634
-30.0739,-0.9904,7.799
-29.889,-1.1747,7.799
-29.6347,-1.382,7.6668
-29.2186,-1.5893,7.5346
-28.8488,-1.7044,7.5346
-28.7101,-1.6353,7.5346
-28.8025,-1.4971,7.6668
-28.9181,-1.4511,7.6668
-28.895,-1.4511,7.799
-28.7563,-1.5432,7.6668
-28.6407,-1.5432,7.6668
-28.6638,-1.5662,7.799
-28.687,-1.6814,7.5346
-28.687,-1.7966,7.5346
-28.7563,-1.9348,7.5346
-28.7332,-2.0499,7.4025
-28.7794,-2.119,7.5346
-28.7332,-2.1651,7.6668
-28.7101,-2.1881,7.6668
-28.7101,-2.3494,7.6668
-28.6407,-2.4415,7.5346
-28.7563,-2.5336,7.5346
-28.9181,-2.5106,7.6668
-28.9644,-2.4876,7.5346
-29.0106,-2.3724,7.5346
-29.0106,-2.2342,7.6668
-28.9181,-2.0499,7.5346
-28.8719,-2.0269,7.5346
-28.8488,-1.9578,7.5346
-28.9181,-1.8657,7.5346
-29.1955,-1.7735,7.799
-29.3111,-1.7275,7.9312
-29.2649,-1.7505,7.9312
-29.1493,-1.7505,8.0634
-29.0799,-1.7044,7.9312
-29.1262,-1.6353,8.0634
-29.1724,-1.5893,8.0634
-29.2649,-1.5662,8.0634
-29.3342,-1.5662,7.9312
-29.288,-1.5662,8.0634
-29.1724,-1.5202,8.0634
-29.0337,-1.382,8.0634
-29.0106,-1.2668,8.1956
-29.0337,-1.1516,8.1956
-29.0337,-1.0365,8.1956
-28.9875,-0.9674,8.0634
-29.0106,-0.9443,8.0634
-29.103,-0.9443,8.0634
-29.1262,-0.9674,8.0634
-29.1955,-0.9213,8.1956
-29.2186,-0.8983,8.1956
-29.1724,-0.8983,8.1956
-29.0799,-0.8983,8.1956
-28.9644,-0.8752,8.0634
-28.8025,-0.8752,8.0634
-28.7101,-0.8522,8.1956
-28.687,-0.7601,8.1956
-28.687,-0.714,8.0634
-28.7332,-0.6449,8.1956
-28.687,-0.5758,8.1956
-28.5483,-0.5758,8.1956
-28.3402,-0.5067,8.1956
-28.3402,-0.4837,8.1956
-28.3865,-0.5758,8.1956
-28.4327,-0.6679,8.0634
-28.4789,-0.714,8.0634
-28.5251,-0.7601,8.0634
-28.4789,-0.8061,8.0634
-28.3865,-0.8752,8.1956
-28.2478,-0.9674,8.0634
-28.2246,-0.9904,8.0634
-28.2709,-0.9674,8.0634
-28.2478,-0.9904,8.1956
-28.2015,-1.0365,8.1956
-28.0628,-1.0825,8.1956
-27.8548,-1.0825,8.1956
-27.6699,-1.0595,8.1956
-27.6236,-0.9904,8.1956
-27.5543,-0.9213,8.3278
-27.693,-0.8522,8.1956
-27.7623,-0.8752,8.1956
-27.693,-0.9443,8.1956
-27.6699,-0.9904,8.1956
-27.6005,-0.9904,8.0634
-27.6467,-0.8983,8.1956
-27.8085,-0.8061,8.1956
-27.8548,-0.7831,8.3278
-27.9241,-0.8292,8.3278
-28.0628,-0.8983,8.1956
-28.1553,-0.9674,8.1956
-28.0859,-1.1056,8.0634
-28.0397,-1.0825,8.1956
-28.0397,-0.9904,8.1956
-28.1091,-0.9213,8.0634
-28.1553,-0.8752,8.1956
-28.2015,-0.9443,8.0634
-28.3171,-1.0134,8.0634
-28.502,-1.0595,8.1956
-28.6176,-0.9904,8.3278
-28.7332,-0.8983,8.46
-28.7563,-0.8752,8.46
-28.7563,-0.9213,8.3278
-28.687,-1.0365,8.1956
-28.6638,-1.1056,8.1956
-28.687,-1.1056,8.1956
-28.7332,-1.0825,8.3278
-28.8025,-1.0595,8.46
-28.8257,-1.0134,8.46
-28.8719,-1.1056,8.46
-28.9412,-1.1977,8.46
-28.9644,-1.2668,8.46
-29.0106,-1.2438,8.46
-28.9644,-1.1516,8.5922
-28.9412,-1.0825,8.7243
-28.9412,-1.1056,8.7243
-28.9875,-1.2438,8.7243
-29.0106,-1.3589,8.7243
-29.0337,-1.4511,8.5922
-29.103,-1.4511,8.5922
-29.2186,-1.428,8.7243
-29.3573,-1.382,8.7243
-29.4498,-1.3359,8.9887
-29.5191,-1.3589,8.9887
-29.496,-1.4511,8.9887
-29.4729,-1.5432,8.9887
-29.5191,-1.5893,8.8565
-29.6578,-1.5432,8.9887
-29.8659,-1.428,9.1209
-29.9583,-1.382,8.9887
-29.889,-1.382,8.9887
-29.7734,-1.428,8.8565
-29.7041,-1.4511,8.9887
-29.6809,-1.428,8.9887
-29.7734,-1.3589,8.8565
-29.889,-1.2207,8.9887
-29.889,-1.1977,9.1209
-29.9121,-1.2438,9.1209
-29.8196,-1.3359,8.9887
-29.7965,-1.382,8.8565
-29.7965,-1.3359,8.9887
-29.8428,-1.1977,9.1209
-29.9121,-1.1516,9.2531
-29.9352,-1.1977,9.1209
-30.0277,-1.2207,9.1209
-29.9815,-1.2668,9.1209
-29.9815,-1.2668,9.1209
-29.9352,-1.2438,9.1209
-29.9121,-1.2207,9.1209
-29.9815,-1.2207,9.1209
-29.9815,-1.1747,9.1209
-29.9583,-1.1977,9.1209
-29.8659,-1.2438,8.9887
-29.8659,-1.3359,8.8565
-29.889,-1.405,8.8565
-29.9352,-1.405,8.8565
-29.9121,-1.405,8.8565
-29.9121,-1.382,8.8565
-30.0046,-1.3129,8.9887
-29.9815,-1.2668,8.9887
-30.0046,-1.2898,9.1209
-30.0508,-1.3129,9.1209
-30.0277,-1.3359,9.2531
-30.0277,-1.3359,9.1209
-30.0277,-1.2898,9.2531
-30.0277,-1.2898,9.1209
-30.0277,-1.3589,9.2531
-30.0046,-1.3129,9.2531
-29.9583,-1.2898,9.3853
-29.9815,-1.1977,9.3853
-30.0508,-1.1747,9.3853
-30.0739,-1.1056,9.3853
-30.0508,-1.1056,9.3853
-30.0508,-1.0825,9.3853
-29.9815,-1.1286,9.3853
-29.9583,-1.1977,9.3853
-29.9815,-1.2438,9.3853
-30.097,-1.1747,9.3853
-30.1664,-1.1747,9.3853
-30.0739,-1.1516,9.3853
-30.0508,-1.1516,9.3853
-30.0508,-1.2438,9.3853
-30.1202,-1.2898,9.3853
-30.1202,-1.2438,9.3853
-30.0739,-1.1977,9.2531
-30.0277,-1.1056,9.2531
-29.9815,-1.0365,9.2531
-29.9352,-1.0134,9.2531
-29.9352,-0.9443,9.2531
-29.9583,-0.9443,9.2531
-29.9815,-1.0365,9.2531
-29.9815,-1.0825,9.1209
-29.9583,-1.1056,9.1209
-29.9352,-1.1516,9.1209
-29.9121,-1.1977,9.1209
-29.9583,-1.1747,9.2531
-29.9583,-1.1516,9.2531
-29.889,-1.0365,9.2531
-29.8196,-0.9674,9.2531
-29.7965,-0.9213,9.1209
-29.8196,-0.8983,9.2531
-29.8659,-0.8522,9.2531
-29.9352,-0.9213,9.1209
-29.9583,-1.0134,9.1209
-29.9121,-1.1516,9.1209
-29.889,-1.1977,9.1209
-29.9121,-1.1056,9.1209
-29.9121,-1.1056,9.1209
-29.9815,-1.0595,9.2531
-30.0277,-1.1056,9.2531
-30.0508,-1.1056,9.1209
-30.0277,-1.0825,9.2531
-30.0046,-0.9904,9.2531
-29.9815,-0.8752,9.2531
-30.0739,-0.8292,9.3853
-30.1895,-0.8061,9.3853
-30.2126,-0.9213,9.3853
-30.1895,-1.0134,9.3853
-30.1433,-1.1286,9.1209
-30.0508,-1.1056,9.2531
-30.0277,-0.9904,9.2531
-30.0046,-0.8061,9.3853
-29.9815,-0.6449,9.5175
-30.0277,-0.5758,9.5175
-30.0277,-0.5758,9.6497
-30.1664,-0.6219,9.6497
-30.282,-0.5988,9.6497
-30.4438,-0.5067,9.5175
-30.5131,-0.5067,9.5175
-30.49,-0.5528,9.5175
-30.4207,-0.6679,9.5175
-30.3051,-0.8522,9.5175
-30.282,-0.9443,9.5175
-30.3513,-0.9443,9.5175
-30.282,-0.8983,9.5175
-30.2588,-0.9213,9.3853
-30.2126,-0.9443,9.5175
-30.2357,-0.9674,9.3853
-30.2357,-1.0595,9.3853
-30.2588,-1.1056,9.5175
-30.3513,-1.2438,9.5175
-30.3744,-1.382,9.3853
-30.3975,-1.5202,9.2531
-30.3282,-1.6584,9.2531
-30.2126,-1.7044,9.2531
-30.1664,-1.7044,9.1209
-30.1895,-1.5893,9.1209
-30.2588,-1.5202,9.3853
-30.2588,-1.5432,9.2531
-30.2357,-1.5893,9.1209
-30.282,-1.5893,8.9887
-30.3513,-1.4971,9.2531
-30.4438,-1.382,9.3853
-30.5131,-1.3359,9.2531
-30.4207,-1.3129,9.1209
-30.2588,-1.428,9.2531
-30.1895,-1.5202,8.9887
-30.1664,-1.5432,8.8565
-30.1664,-1.4511,8.9887
-30.1664,-1.2668,9.1209
-30.2126,-1.1056,9.1209
-30.3513,-1.0825,9.1209
-30.4207,-1.1056,9.1209
-30.3282,-1.1747,8.9887
-30.1433,-1.2207,8.9887
-30.0508,-1.1747,8.9887
-30.0739,-1.0595,8.9887
-30.1433,-0.9904,9.1209
-30.1433,-1.0825,8.9887
-30.097,-1.2207,8.8565
-30.0277,-1.382,8.9887
-29.9815,-1.405,8.7243
-30.0046,-1.382,8.8565
-29.9583,-1.2898,8.7243
-30.0046,-1.1747,8.8565
-30.0508,-1.1747,8.8565
-30.0277,-1.2668,8.7243
-30.0508,-1.3589,8.8565
-30.0508,-1.405,8.7243
-30.0508,-1.405,8.8565
-30.097,-1.405,8.8565
-30.0046,-1.405,8.5922
-29.889,-1.428,8.5922
-29.8428,-1.382,8.46
-29.8428,-1.2668,8.7243
-29.9583,-1.1977,8.7243
-30.097,-1.1516,8.8565
-30.1433,-1.1056,8.9887
-30.1202,-1.1286,8.9887
-30.0739,-1.0825,8.9887
-30.0508,-1.0365,9.1209
-30.097,-0.9443,8.9887
-30.0739,-0.8983,9.1209
-30.1433,-0.8522,9.1209
-30.1895,-0.8983,9.1209
-30.1895,-0.9443,8.9887
-30.1664,-0.9674,8.9887
-30.2126,-0.9674,8.9887
-30.3744,-0.9674,9.1209
-30.4669,-1.0134,8.9887
-30.3282,-1.0825,9.2531
-30.2126,-1.2438,9.1209
-30.097,-1.2898,9.1209
-30.1664,-1.2668,9.1209
-30.2588,-1.2438,9.1209
-30.282,-1.1747,9.1209
-30.282,-1.2207,9.1209
-30.3051,-1.2668,8.9887
-30.2357,-1.3359,8.9887
-30.282,-1.382,8.9887
-30.3051,-1.3129,8.9887
-30.2357,-1.2438,8.9887
-30.2357,-1.1747,9.1209
-30.2588,-1.1286,8.9887
-30.2588,-1.1286,8.9887
-30.1664,-1.1977,8.8565
-30.0508,-1.1977,8.8565
-30.1202,-1.1056,8.8565
-30.1664,-1.0365,8.8565
-30.2357,-1.0134,8.7243
-30.3282,-1.0134,8.7243
-30.3051,-1.0595,8.7243
-30.2588,-1.0365,8.7243
-30.1433,-1.0825,8.7243
-30.1433,-1.1056,8.7243
-30.2126,-1.1056,8.7243
-30.1895,-1.1056,8.7243
-30.1202,-1.0825,8.7243
-30.0739,-1.0134,8.7243
-30.0508,-0.9213,8.8565
-30.0508,-0.8752,8.8565
-30.0508,-0.9213,8.8565
-30.1202,-0.9443,8.7243
-30.1433,-0.9674,8.7243
-30.1433,-1.0134,8.7243
-30.097,-1.0365,8.5922
-30.0508,-1.1056,8.5922
-30.0508,-1.1516,8.5922
-30.0739,-1.1286,8.5922
-30.097,-1.1286,8.7243
-30.1433,-1.0825,8.7243
-30.2357,-1.0595,8.5922
-30.2357,-1.0134,8.46
-30.1664,-0.9443,8.46
-30.097,-0.9443,8.5922
-30.097,-0.9213,8.7243
-30.0739,-0.8983,8.7243
-30.097,-0.8522,8.5922
-30.1895,-0.8752,8.7243
-30.3051,-0.8983,8.5922
-30.3282,-0.8752,8.7243
-30.282,-0.9213,8.7243
-30.1895,-1.0134,8.5922
-30.1664,-1.0134,8.7243
-30.097,-0.8983,8.7243
-30.097,-0.7601,8.5922
-30.1895,-0.5988,8.7243
-30.2126,-0.5758,8.7243
-30.2357,-0.5528,8.7243
-30.2588,-0.5758,8.8565
-30.3513,-0.6679,8.7243
-30.4207,-0.7601,8.7243
-30.3975,-0.8522,8.5922
-30.3051,-0.9213,8.5922
-30.2588,-0.9213,8.7243
-30.2588,-0.8522,8.7243
-30.3051,-0.7831,8.7243
-30.3513,-0.7831,8.7243
-30.4207,-0.8522,8.5922
-30.3513,-1.0134,8.7243
-30.2357,-1.1286,8.7243
-30.1895,-1.1286,8.7243
-30.2126,-1.0595,8.7243
-30.2357,-0.9674,8.8565
-30.282,-0.9443,8.8565
-30.2357,-0.9674,8.8565
-30.1664,-1.0825,8.7243
-30.1202,-1.1286,8.5922
-30.2126,-1.1977,8.7243
-30.3744,-1.1516,8.7243
-30.5362,-1.1056,8.8565
-30.5825,-1.0825,8.8565
-30.5362,-1.1516,8.8565
-30.4438,-1.2438,8.7243
-30.3513,-1.3359,8.5922
-30.3513,-1.3359,8.5922
-30.3975,-1.3359,8.7243
-30.3975,-1.3129,8.7243
-30.3975,-1.3589,8.7243
-30.3513,-1.405,8.5922
-30.2588,-1.5202,8.46
-30.2126,-1.5662,8.46
-30.2588,-1.5432,8.46
-30.282,-1.5432,8.46
-30.3051,-1.5202,8.46
-30.3282,-1.5662,8.46
-30.3744,-1.5662,8.46
-30.3513,-1.5432,8.5922
-30.3051,-1.5432,8.46
-30.2126,-1.6353,8.46
-30.2126,-1.6814,8.46
-30.2126,-1.7275,8.46
-30.282,-1.5893,8.46
-30.282,-1.4741,8.7243
-30.1895,-1.4741,8.5922
-30.1895,-1.5202,8.5922
-30.2126,-1.6353,8.5922
-30.3051,-1.7044,8.46
-30.3051,-1.7735,8.5922
-30.2588,-1.7505,8.5922
-30.2126,-1.7044,8.5922
-30.2126,-1.7044,8.5922
-30.1664,-1.7044,8.5922
-30.1202,-1.6584,8.5922
-30.097,-1.6584,8.5922
-30.1202,-1.6584,8.5922
-30.1202,-1.6353,8.46
-30.097,-1.6123,8.46
-30.0739,-1.5893,8.46
-29.9352,-1.6123,8.46
-29.8659,-1.6123,8.3278
-29.8428,-1.6353,8.46
-29.9815,-1.6814,8.5922
-30.0508,-1.6584,8.46
-30.1433,-1.6353,8.46
-30.1664,-1.6353,8.46
-30.0046,-1.6814,8.46
-29.8659,-1.6353,8.46
-29.7965,-1.5893,8.5922
-30.0277,-1.5202,8.46
-30.1664,-1.5202,8.46
-30.2126,-1.5202,8.46
-30.0739,-1.5662,8.46
-29.889,-1.6584,8.46
-29.8196,-1.5893,8.46
-29.7965,-1.5202,8.5922
-29.9121,-1.3359,8.5922
-29.9815,-1.2207,8.7243
-30.0508,-1.1977,8.7243
-30.097,-1.2207,8.5922
-30.0508,-1.2668,8.5922
-30.0508,-1.2438,8.5922
-30.0046,-1.3129,8.5922
-29.9583,-1.3589,8.46
-29.8428,-1.428,8.46
-29.9121,-1.428,8.3278
-29.9352,-1.3359,8.3278
-29.9583,-1.3359,8.3278
-29.9352,-1.3359,8.46
-29.889,-1.428,8.46
-29.9121,-1.6123,8.46
-29.9815,-1.6814,8.46
-30.0277,-1.6584,8.46
-30.0046,-1.5662,8.46
-29.9121,-1.4741,8.46
-29.7965,-1.4971,8.46
-29.7272,-1.5893,8.46
-29.7734,-1.6584,8.46
-29.8196,-1.6584,8.46
-29.8659,-1.6123,8.46
-29.8428,-1.5893,8.46
-29.8196,-1.5432,8.46
-29.8196,-1.5202,8.46
-29.8659,-1.5432,8.46
-29.8659,-1.5893,8.46
-29.9121,-1.7044,8.5922
-29.9121,-1.7966,8.46
-29.8428,-1.8196,8.5922
-29.7041,-1.7505,8.46
-29.6347,-1.5432,8.46
-29.7734,-1.3359,8.7243
-29.9815,-1.2438,8.8565
-30.0508,-1.2668,8.8565
-29.9583,-1.3359,8.5922
-29.7734,-1.4971,8.5922
-29.5423,-1.5893,8.46
-29.4729,-1.5893,8.46
-29.6347,-1.5202,8.5922
-29.7503,-1.4971,8.5922
-29.7965,-1.4741,8.5922
-29.8428,-1.4741,8.5922
-29.8196,-1.5432,8.46
-29.889,-1.4971,8.5922
-29.9815,-1.405,8.5922
-30.097,-1.2898,8.7243
-30.1202,-1.2207,8.7243
-30.0739,-1.2668,8.5922
-29.9352,-1.405,8.3278
-29.7965,-1.4741,8.5922
-29.7272,-1.5432,8.46
-29.7503,-1.4741,8.5922
-29.7965,-1.4971,8.5922
-29.7965,-1.5202,8.46
-29.7503,-1.5202,8.3278
-29.7503,-1.5202,8.46
-29.7965,-1.4971,8.46
-29.7965,-1.4741,8.46
-29.7734,-1.4511,8.3278
-29.8196,-1.428,8.46
-29.9352,-1.3589,8.46
-30.0508,-1.2898,8.46
-30.0277,-1.2438,8.5922
-29.9121,-1.3359,8.3278
-29.8659,-1.4511,8.3278
-29.8659,-1.5662,8.3278
-29.9121,-1.5893,8.46
-29.9583,-1.5893,8.5922
-29.9815,-1.6584,8.46
-29.9583,-1.6353,8.46
-29.9583,-1.6814,8.3278
-30.0046,-1.6584,8.3278
-29.9352,-1.6353,8.3278
-29.889,-1.5662,8.3278
-29.7965,-1.5432,8.3278
-29.7965,-1.4971,8.3278
-29.8659,-1.5202,8.3278
-29.8428,-1.5893,8.3278
-29.889,-1.5662,8.3278
-29.9352,-1.5202,8.3278
-29.9352,-1.4741,8.3278
-29.9352,-1.4511,8.3278
-29.889,-1.428,8.1956
-29.7734,-1.4511,8.3278
-29.6809,-1.4971,8.1956
-29.6116,-1.5202,8.46
-29.7272,-1.4741,8.3278
-29.9583,-1.4511,8.1956
-30.0739,-1.428,8.1956
-30.0739,-1.428,8.1956
-29.9352,-1.4741,8.3278
-29.7503,-1.5432,8.46
-29.6578,-1.5432,8.3278
-29.6578,-1.4741,8.3278
-29.7041,-1.405,8.3278
-29.7272,-1.382,8.46
-29.7965,-1.405,8.3278
-29.8196,-1.4741,8.1956
-29.7734,-1.4971,8.1956
-29.7734,-1.4741,8.1956
-29.7734,-1.428,8.1956
-29.7272,-1.3129,8.0634
-29.7041,-1.2898,8.1956
-29.7272,-1.2898,8.3278
-29.7272,-1.2898,8.3278
-29.7272,-1.2898,8.46
-29.7272,-1.2898,8.3278
-29.7503,-1.3359,8.3278
-29.7965,-1.382,8.3278
-29.8196,-1.4511,8.3278
-29.8196,-1.4511,8.3278
-29.7272,-1.4511,8.1956
-29.5885,-1.5202,8.1956
-29.496,-1.5662,8.1956
-29.5191,-1.5432,8.1956
-29.5654,-1.4511,8.3278
-29.5654,-1.382,8.3278
-29.5191,-1.3359,8.3278
-29.5885,-1.3129,8.1956
-29.5885,-1.2438,8.3278
-29.5191,-1.1977,8.3278
-29.3573,-1.2438,8.3278
-29.3804,-1.2668,8.3278
-29.4267,-1.2898,8.3278
-29.3342,-1.3129,8.1956
-29.3342,-1.2898,8.3278
-29.3111,-1.2898,8.46
-29.3573,-1.3129,8.3278
-29.4267,-1.3589,8.3278
-29.4267,-1.405,8.46
-29.496,-1.4741,8.46
-29.496,-1.4971,8.46
-29.5423,-1.5432,8.3278
-29.496,-1.6123,8.3278
-29.3573,-1.7044,8.1956
-29.2186,-1.7735,8.46
-29.1724,-1.7735,8.46
-29.1724,-1.7275,8.1956
-29.2417,-1.6353,8.1956
-29.1955,-1.5432,8.3278
-29.1262,-1.4741,8.3278
-29.0337,-1.382,8.3278
-29.0568,-1.4741,8.1956
-29.103,-1.5432,8.3278
-29.1262,-1.5432,8.3278
-29.1262,-1.4741,8.3278
-29.0568,-1.3589,8.46
-28.9875,-1.3129,8.3278
-28.8719,-1.2898,8.3278
-28.8488,-1.2438,8.3278
-28.9644,-1.1977,8.3278
-29.0799,-1.1747,8.3278
-29.1955,-1.1286,8.3278
-29.1724,-1.1056,8.46
-29.0568,-1.0595,8.46
-28.9181,-0.9674,8.46
-28.8257,-0.8983,8.46
-28.8488,-0.8983,8.46
-28.9875,-0.8522,8.5922
-29.1262,-0.8752,8.5922
-29.2186,-0.9443,8.46
-29.1493,-0.9904,8.5922
-29.0337,-1.0134,8.46
-28.9181,-1.0134,8.46
-28.895,-1.0134,8.46
-29.0106,-1.0134,8.5922
-29.1262,-1.0365,8.5922
-29.2186,-1.0365,8.5922
-29.288,-1.0595,8.46
-29.288,-1.1056,8.46
-29.288,-1.1286,8.46
-29.2186,-1.1516,8.3278
-29.103,-1.1977,8.3278
-28.9875,-1.2898,8.46
-28.8719,-1.3129,8.3278
-28.8257,-1.3129,8.3278
-28.895,-1.2668,8.3278
-28.895,-1.1747,8.3278
-28.8488,-1.1056,8.1956
-28.7563,-1.1747,8.1956
-28.7101,-1.2668,8.1956
-28.7794,-1.3359,8.3278
-28.9412,-1.3589,8.3278
-29.1955,-1.3129,8.3278
-29.3804,-1.3359,8.46
-29.4729,-1.3359,8.3278
-29.496,-1.4511,8.3278
-29.4498,-1.6584,8.3278
-29.5423,-1.8426,8.3278
-29.5191,-1.9808,8.3278
-29.4498,-2.0039,8.3278
-29.3573,-1.9808,8.46
-29.288,-1.9808,8.46
-29.3111,-2.0269,8.46
-29.3804,-2.073,8.46
-29.3804,-2.1421,8.46
-29.496,-2.2112,8.46
-29.5654,-2.2572,8.46
-29.5191,-2.2803,8.3278
-29.3804,-2.3033,8.3278
-29.2186,-2.3033,8.1956
-29.1955,-2.2572,8.3278
-29.3342,-2.1651,8.3278
-29.4729,-2.073,8.46
-29.5191,-2.073,8.46
-29.4036,-2.119,8.3278
-29.2417,-2.1881,8.1956
-29.1493,-2.2112,8.0634
-29.1724,-2.1651,8.1956
-29.288,-2.073,8.3278
-29.4267,-2.0269,8.3278
-29.5191,-2.0269,8.3278
-29.5654,-2.0499,8.1956
-29.5191,-2.119,8.1956
-29.5423,-2.1881,8.1956
-29.5191,-2.1881,8.1956
-29.4729,-2.1651,8.1956
-29.4498,-2.1881,8.3278
-29.3573,-2.2342,8.0634
-29.2186,-2.3263,8.0634
-29.0799,-2.3724,8.0634
-29.0568,-2.2342,8.1956
-29.103,-2.096,8.1956
-29.2186,-2.0269,8.1956
-29.2649,-2.0269,8.0634
-29.288,-2.0499,8.0634
-29.1955,-2.073,8.0634
-29.1262,-2.0039,7.9312
-29.103,-1.8196,8.0634
-29.2186,-1.6814,8.0634
-29.2649,-1.5893,8.1956
-29.3111,-1.6353,8.1956
-29.3111,-1.6584,8.0634
-29.2649,-1.6584,8.0634
-29.2186,-1.5432,8.0634
-29.1262,-1.4511,8.1956
-29.0106,-1.3129,8.0634
-28.9875,-1.2668,8.1956
-29.0106,-1.3359,8.0634
-29.0337,-1.382,8.0634
-29.1493,-1.405,8.0634
-29.2649,-1.3359,8.1956
-29.288,-1.2438,8.1956
-29.3804,-1.2438,8.0634
-29.2649,-1.382,8.1956
-29.1493,-1.5202,8.3278
-29.0799,-1.5662,8.1956
-29.0799,-1.4971,8.1956
-29.0106,-1.428,8.1956
-29.0799,-1.2898,8.3278
-29.1955,-1.1977,8.3278
-29.3342,-1.1977,8.3278
-29.3342,-1.2668,8.3278
-29.288,-1.3589,8.46
-29.1955,-1.5432,8.46
-29.1493,-1.6584,8.3278
-29.103,-1.6584,8.3278
-29.0106,-1.6814,8.3278
-28.9644,-1.6123,8.3278
-28.9875,-1.5893,8.46
-29.103,-1.5432,8.46
-29.1724,-1.6353,8.46
-29.1955,-1.7966,8.3278
-29.1493,-1.9348,8.46
-29.0337,-2.0039,8.1956
-28.9644,-1.9808,8.1956
-29.0337,-1.8426,8.46
-29.1724,-1.7505,8.5922
-29.2186,-1.7735,8.5922
-29.103,-1.9348,8.46
-29.0799,-2.0499,8.3278
-29.0799,-2.0499,8.3278
-29.0799,-1.9808,8.3278
-29.103,-1.8426,8.5922
-29.0106,-1.7735,8.46
-28.9875,-1.7966,8.5922
-28.9644,-1.8426,8.46
-28.9644,-1.8657,8.46
-29.1493,-1.7966,8.46
-29.2186,-1.6584,8.5922
-29.2417,-1.5432,8.5922
-29.1724,-1.5662,8.5922
-29.0568,-1.6353,8.5922
-28.9875,-1.6814,8.46
-28.9644,-1.7044,8.5922
-29.0568,-1.5893,8.5922
-29.1493,-1.4741,8.5922
-29.1262,-1.428,8.5922
-29.0799,-1.4741,8.46
-29.1493,-1.4971,8.46
-29.2649,-1.4741,8.3278
-29.3804,-1.4511,8.46
-29.4036,-1.5202,8.5922
-29.3342,-1.5432,8.46
-29.2186,-1.5893,8.46
-29.1955,-1.6123,8.5922
-29.2186,-1.5893,8.46
-29.2186,-1.5662,8.5922
-29.1955,-1.5893,8.46
-29.1724,-1.5662,8.46
-29.1955,-1.5893,8.46
-29.1493,-1.5662,8.3278
-29.1262,-1.5893,8.3278
-29.103,-1.5432,8.46
-29.0799,-1.4971,8.46
-29.0106,-1.4971,8.46
-28.9875,-1.4741,8.46
-28.9644,-1.4971,8.46
-29.0106,-1.4741,8.46
-29.0568,-1.4741,8.5922
-29.1262,-1.4511,8.5922
-29.1262,-1.4971,8.5922
-29.1262,-1.5662,8.5922
-29.103,-1.6123,8.46
-29.0568,-1.6584,8.3278
-29.0568,-1.6584,8.46
-29.1493,-1.6353,8.46
-29.1724,-1.6123,8.46
-29.1493,-1.6584,8.46
-29.0799,-1.7505,8.46
-28.9644,-1.8426,8.46
-28.9644,-1.8887,8.46
-28.9181,-1.8426,8.46
-29.0799,-1.7275,8.46
-29.1493,-1.6584,8.5922
-29.2417,-1.6584,8.46
-29.2186,-1.6584,8.3278
-29.103,-1.7044,8.3278
-29.1262,-1.7275,8.46
-29.1262,-1.7735,8.46
-29.1724,-1.7735,8.46
-29.1724,-1.8196,8.46
-29.0799,-1.7966,8.46
-29.0106,-1.7275,8.46
-28.9412,-1.6123,8.46
-28.9644,-1.5202,8.46
-28.9875,-1.4971,8.46
-29.1493,-1.5202,8.5922
-29.2649,-1.5202,8.5922
-29.288,-1.4741,8.5922
-29.3342,-1.428,8.5922
-29.4036,-1.405,8.5922
-29.3342,-1.382,8.46
-29.2186,-1.428,8.46
-29.1262,-1.5202,8.46
-29.103,-1.5662,8.46
-29.1724,-1.5662,8.46
-29.2186,-1.5662,8.46
-29.1493,-1.4971,8.3278
-29.1262,-1.4971,8.3278
-29.1493,-1.4511,8.46
-29.1493,-1.405,8.46
-29.1955,-1.3589,8.5922
-29.288,-1.3359,8.5922
-29.288,-1.3359,8.5922
-29.1955,-1.3589,8.5922
-29.1724,-1.4511,8.5922
-29.1724,-1.4741,8.46
-29.0799,-1.4511,8.46
-28.9875,-1.428,8.46
-28.9875,-1.405,8.46
-29.0568,-1.3359,8.5922
-29.0799,-1.2438,8.5922
-29.103,-1.1747,8.5922
-29.1955,-1.2207,8.7243
-29.2417,-1.3129,8.7243
-29.1955,-1.405,8.5922
-29.0799,-1.428,8.5922
-29.1493,-1.405,8.5922
-29.2649,-1.382,8.7243
-29.288,-1.405,8.5922
-29.3342,-1.382,8.7243
-29.3804,-1.4511,8.5922
-29.4036,-1.4741,8.5922
-29.4498,-1.428,8.5922
-29.4267,-1.428,8.5922
-29.3342,-1.4511,8.5922
-29.3111,-1.4511,8.5922
-29.3111,-1.4511,8.5922
-29.3573,-1.405,8.5922
-29.4498,-1.2668,8.5922
-29.496,-1.1977,8.5922
-29.4498,-1.0825,8.7243
-29.4036,-1.0825,8.7243
-29.2649,-1.1747,8.5922
-29.1955,-1.2438,8.5922
-29.2649,-1.2438,8.7243
-29.3342,-1.1977,8.7243
-29.3804,-1.1516,8.7243
-29.3573,-1.1747,8.7243
-29.2649,-1.2668,8.5922
-29.2186,-1.3589,8.5922
-29.1493,-1.382,8.5922
-29.1262,-1.382,8.5922
-29.1493,-1.3359,8.46
-29.1955,-1.2898,8.5922
-29.2186,-1.2438,8.5922
-29.2186,-1.1977,8.5922
-29.1955,-1.1747,8.5922
-29.0568,-1.1286,8.5922
-29.1262,-1.0825,8.7243
-29.3342,-1.0365,8.5922
-29.4267,-0.9904,8.7243
-29.4267,-0.9674,8.8565
-29.4267,-0.9674,8.7243
-29.3342,-0.9674,8.7243
-29.2649,-0.9904,8.5922
-29.2186,-1.0134,8.5922
-29.1724,-0.9904,8.5922
-29.2417,-0.9213,8.7243
-29.2186,-0.8983,8.8565
-29.2417,-0.8983,8.8565
-29.2649,-0.9674,8.5922
-29.2649,-0.9674,8.7243
-29.4729,-0.9213,8.8565
-29.5423,-0.8752,8.9887
-29.5885,-0.8292,8.9887
-29.6347,-0.8522,8.8565
-29.6578,-0.9213,8.9887
-29.6578,-1.0134,8.9887
-29.6116,-1.0365,8.9887
-29.6347,-1.0134,8.9887
-29.6809,-1.0134,8.9887
-29.6809,-1.0825,8.9887
-29.7041,-1.2438,8.8565
-29.6347,-1.3359,8.7243
-29.5191,-1.382,8.7243
-29.4729,-1.2898,8.7243
-29.5423,-1.2207,8.8565
-29.6116,-1.1747,8.8565
-29.6809,-1.2207,8.8565
-29.8659,-1.2898,8.9887
-29.9121,-1.382,8.7243
-29.9352,-1.4741,8.8565
-29.889,-1.5202,8.9887
-29.7965,-1.4971,9.1209
-29.7965,-1.4741,9.1209
-29.8196,-1.5202,8.9887
-29.8196,-1.6584,8.8565
-29.7734,-1.7505,8.8565
-29.7503,-1.7505,8.8565
-29.7734,-1.7044,8.9887
-29.8659,-1.6814,9.1209
-29.9121,-1.6584,9.1209
-29.9583,-1.7044,8.9887
-29.9583,-1.7966,8.9887
-29.9121,-1.8426,8.8565
-29.7965,-1.8657,8.8565
-29.7272,-1.7966,8.8565
-29.7965,-1.6814,8.9887
-29.9121,-1.6123,8.9887
-30.0508,-1.6584,8.9887
-30.1433,-1.7044,8.8565
-30.1664,-1.8196,8.8565
-30.1664,-1.8657,8.7243
-30.097,-1.8887,8.8565
-30.0277,-1.8657,8.9887
-29.9815,-1.8657,8.8565
-30.0046,-1.9348,8.8565
-30.097,-2.0039,8.7243
-30.2357,-2.0499,8.8565
-30.2126,-2.0499,8.8565
-30.1433,-2.0039,8.7243
-30.097,-1.8887,8.7243
-30.097,-1.7966,8.7243
-30.0046,-1.7966,8.8565
-29.9583,-1.8657,8.7243
-29.9121,-1.8887,8.7243
-29.9815,-1.8887,8.7243
-30.0739,-1.8196,8.7243
-30.097,-1.7044,8.8565
-30.1433,-1.6584,8.8565
-30.1202,-1.6123,8.8565
-30.0739,-1.6123,8.8565
-30.0508,-1.6353,8.8565
-30.0277,-1.6123,8.8565
-30.0739,-1.5202,8.8565
-30.1433,-1.405,8.9887
-30.1664,-1.3129,8.9887
-30.1895,-1.2668,8.9887
-30.1202,-1.3129,8.9887
-30.097,-1.3589,8.9887
-30.097,-1.4741,8.8565
-30.1202,-1.6123,8.8565
-30.1433,-1.6584,8.8565
-30.097,-1.6584,8.7243
-30.0739,-1.6814,8.7243
-30.097,-1.6584,8.7243
-30.1895,-1.6123,8.5922
-30.2126,-1.5432,8.7243
-30.2357,-1.5432,8.7243
-30.282,-1.5432,8.7243
-30.3051,-1.5202,8.8565
-30.3513,-1.4511,8.8565
-30.2588,-1.3359,8.8565
-30.1895,-1.1977,8.8565
-30.097,-1.1056,8.9887
-30.0046,-1.1286,8.9887
-29.9815,-1.1977,8.8565
-30.0739,-1.2438,8.8565
-30.1202,-1.1977,9.1209
-30.0277,-1.1516,8.9887
-29.9121,-1.1516,8.9887
-29.7734,-1.0595,8.9887
-29.7272,-1.0595,8.8565
-29.7272,-1.0365,8.9887
-29.7503,-0.9904,8.9887
-29.7272,-0.9904,9.1209
-29.6116,-1.0134,8.9887
-29.4267,-1.1286,8.8565
-29.3804,-1.1286,8.8565
-29.4729,-1.1056,8.9887
-29.5423,-0.9904,9.1209
-29.5885,-0.9443,9.1209
-29.6578,-1.0134,9.1209
-29.7965,-1.1516,8.9887
-29.8659,-1.3359,8.8565
-29.9121,-1.428,8.9887
-29.9583,-1.5202,8.9887
-30.0046,-1.5432,8.9887
-30.0046,-1.5662,8.8565
-29.9121,-1.6123,8.8565
-29.7272,-1.5893,8.8565
-29.496,-1.5893,8.8565
-29.496,-1.5432,8.7243
-29.6347,-1.5202,8.8565
-29.8196,-1.4971,8.8565
-30.0277,-1.428,8.8565
-30.097,-1.428,8.8565
-29.9583,-1.4971,8.7243
-29.7503,-1.5662,8.7243
-29.5654,-1.6584,8.5922
-29.5423,-1.6123,8.5922
-29.6578,-1.5432,8.7243
-29.7272,-1.5202,8.7243
-29.8196,-1.4971,8.7243
-29.8659,-1.4971,8.7243
-29.7965,-1.4741,8.7243
-29.7272,-1.4511,8.8565
-29.7272,-1.4741,8.8565
-29.6578,-1.4741,8.7243
-29.5885,-1.4741,8.7243
-29.4729,-1.4511,8.7243
-29.4036,-1.4971,8.7243
-29.4036,-1.428,8.7243
-29.4498,-1.3129,8.7243
-29.496,-1.2438,8.7243
-29.6116,-1.1977,8.7243
-29.6347,-1.2207,8.7243
-29.6116,-1.3589,8.8565
-29.5423,-1.4511,8.5922
-29.5191,-1.3589,8.7243
-29.4729,-1.3359,8.8565
-29.4036,-1.3129,8.7243
-29.4036,-1.2898,8.5922
-29.3573,-1.3129,8.5922
-29.3111,-1.3589,8.46
-29.2417,-1.428,8.5922
-29.2417,-1.4741,8.5922
-29.3342,-1.428,8.5922
-29.3804,-1.3589,8.5922
-29.3342,-1.2898,8.5922
-29.3804,-1.2668,8.5922
-29.3804,-1.2207,8.5922
-29.288,-1.2438,8.46
-29.1724,-1.2898,8.46
-29.1493,-1.2207,8.46
-29.1724,-1.2438,8.46
-29.2186,-1.3129,8.46
-29.2417,-1.382,8.5922
-29.2649,-1.428,8.46
-29.2417,-1.405,8.46
-29.1493,-1.3359,8.46
-29.1262,-1.2207,8.46
-29.0568,-1.1516,8.46
-28.9412,-1.0825,8.5922
-28.8719,-1.0825,8.5922
-28.8257,-1.1056,8.46
-28.8488,-1.0825,8.46
-29.0106,-1.0595,8.46
-29.1262,-1.1516,8.5922
-29.2417,-1.2898,8.46
-29.3342,-1.4511,8.5922
-29.3804,-1.6584,8.46
-29.2649,-1.8196,8.46
-29.103,-1.8426,8.5922
-28.9181,-1.7275,8.46
-28.7101,-1.6123,8.5922
-28.7563,-1.4741,8.5922
-28.895,-1.405,8.5922
-28.895,-1.4741,8.46
-28.8488,-1.4741,8.5922
-28.7101,-1.4741,8.5922
-28.5714,-1.4511,8.5922
-28.6176,-1.4511,8.5922
-28.6407,-1.4511,8.46
-28.6638,-1.5432,8.46
-28.7563,-1.5893,8.5922
-28.8025,-1.6814,8.46
-28.7101,-1.7735,8.3278
-28.5714,-1.7966,8.3278
-28.502,-1.6814,8.46
-28.4789,-1.5662,8.7243
-28.4096,-1.5432,8.7243
-28.294,-1.4971,8.7243
-28.2015,-1.4511,8.46
-28.0859,-1.382,8.3278
-27.9241,-1.2438,8.46
-27.8317,-1.0365,8.46
-27.8085,-0.8983,8.5922
-27.7854,-0.8522,8.5922
-27.8317,-0.9904,8.5922
-27.8085,-1.2207,8.3278
-27.7854,-1.2898,8.46
-27.6467,-1.2438,8.3278
-27.4156,-1.1056,8.46
-27.2306,-0.8983,8.5922
-27.2306,-0.7831,8.7243
-27.2538,-0.8292,8.7243
-27.2769,-0.9674,8.46
-27.2769,-1.0595,8.46
-27.3,-1.1516,8.46
-27.2075,-1.1516,8.46
-27.1382,-1.1977,8.3278
-27.0226,-1.2438,8.3278
-26.8146,-1.2898,8.1956
-26.5141,-1.405,8.1956
-26.306,-1.428,8.0634
-26.1442,-1.4971,7.9312
-25.913,-1.4971,8.0634
-25.8899,-1.3589,7.9312
-25.8668,-1.1977,8.0634
-25.7512,-1.1516,7.9312
-25.705,-1.1747,7.9312
-25.5663,-1.2898,7.799
-25.312,-1.428,7.9312
-25.1502,-1.4511,7.799
-24.919,-1.4511,7.5346
-24.711,-1.405,7.4025
-24.4798,-1.405,7.2703
-24.0638,-1.4741,7.1381
-23.6245,-1.5432,7.1381
-23.1853,-1.6353,6.8737
-22.7924,-1.6584,6.8737
-22.4687,-1.6353,6.7415
-22.1451,-1.5432,6.6093
-21.729,-1.428,6.6093
-21.3129,-1.3589,6.4771
-20.8969,-1.382,6.345
-20.4576,-1.4511,6.0806
-20.0878,-1.5893,6.0806
-19.6486,-1.7735,5.684
-19.2556,-1.8426,5.5518
-18.9089,-1.9808,5.2875
-18.5621,-2.119,5.1553
-18.1923,-2.4185,5.0231
-17.8455,-2.764,4.8909
-17.4757,-3.0864,4.8909
-17.0827,-3.2937,4.7587
-16.7128,-3.3859,4.3621
-16.343,-3.501,4.23
-15.9038,-3.5701,4.0978
-15.4877,-3.5471,3.8334
-15.1178,-3.5701,3.9656
-14.8173,-3.5701,3.7012
-14.4937,-3.5932,3.4368
-14.147,-3.6392,3.3046
-13.754,-3.7083,3.4368
-13.3379,-3.8235,3.0403
-12.8525,-3.8926,3.1725
-12.4364,-3.9387,3.0403
-12.0665,-4.0078,2.7759
-11.766,-3.9617,2.6437
-11.5117,-3.8696,2.5115
-11.2112,-3.7774,2.6437
-10.9107,-3.6392,2.3793
-10.4946,-3.6853,2.3793
-10.1248,-3.7314,2.3793
-9.6393,-3.8005,2.3793
-9.2001,-3.8696,2.2471
-8.8303,-3.8465,2.2471
-8.576,-3.8926,2.3793
-8.3217,-3.9847,2.3793
-8.0906,-4.0769,2.115
-7.8363,-4.2381,2.115
-7.582,-4.3994,1.9828
-7.2353,-4.5376,1.9828
-6.9116,-4.6067,1.8506
-6.5418,-4.5606,1.7184
-6.2875,-4.4454,1.7184
-6.0332,-4.3533,1.7184
-5.8483,-4.2612,1.7184
-5.6403,-4.2842,1.454
-5.3629,-4.3763,1.454
-5.0624,-4.5145,1.454
-4.6925,-4.6297,1.3218
-4.3226,-4.6988,1.3218
-3.8834,-4.6758,1.3218
-3.4211,-4.5836,1.3218
-3.005,-4.4685,1.454
-2.6352,-4.3533,1.454
-2.3347,-4.3303,1.454
-2.0573,-4.3763,1.3218
-1.803,-4.4454,1.3218
-1.5718,-4.4685,1.3218
-1.3407,-4.4915,1.1896
-1.1095,-4.4915,1.3218
-0.8552,-4.5606,1.1896
-0.601,-4.6297,0.7931
-0.2773,-4.814,0.9253
0.0231,-5.0213,0.7931
0.2773,-5.1825,0.7931
0.5779,-5.2746,0.6609
0.809,-5.2516,0.9253
1.0633,-5.2286,0.9253
1.3176,-5.2055,1.0575
1.5487,-5.1134,0.9253
1.8261,-5.1134,1.0575
2.1035,-5.1134,1.1896
2.404,-4.9982,1.0575
2.6121,-4.86,1.0575
2.7508,-4.6758,1.0575
2.8895,-4.4915,1.0575
3.0513,-4.4454,1.0575
3.2131,-4.5376,1.0575
3.398,-4.6758,0.9253
3.6061,-4.837,1.0575
3.7679,-4.9291,1.1896
3.9759,-4.9752,1.1896
4.184,-4.9522,1.1896
4.3458,-4.9982,1.1896
4.5076,-5.0904,1.0575
4.7619,-5.1825,1.0575
4.9699,-5.2746,1.0575
5.2011,-5.3207,1.0575
5.4553,-5.2977,1.1896
5.6171,-5.2286,1.1896
5.8021,-5.1134,1.0575
5.9177,-4.9752,0.9253
6.0564,-4.837,1.0575
6.1026,-4.6527,1.0575
6.1257,-4.5836,0.9253
6.1719,-4.4915,1.0575
6.2875,-4.4685,1.0575
6.38,-4.4685,1.0575
6.5187,-4.4685,1.1896
6.6343,-4.5376,1.1896
6.8423,-4.5836,1.0575
7.0041,-4.5606,1.1896
7.0735,-4.5376,1.0575
7.1659,-4.5145,1.0575
7.2815,-4.4915,0.9253
7.3971,-4.3994,1.0575
7.4895,-4.3763,1.0575
7.5358,-4.3072,1.0575
7.6282,-4.2381,1.0575
7.7207,-4.169,1.0575
7.8363,-4.1229,1.0575
7.9288,-4.0769,1.0575
7.975,-4.0308,0.9253
8.0212,-3.8926,1.0575
8.0906,-3.8926,1.0575
8.1368,-3.8696,1.0575
8.2524,-3.9156,1.0575
8.3217,-3.9387,0.9253
8.4373,-3.9387,0.9253
8.5991,-3.9847,1.0575
8.6685,-3.9387,1.0575
8.7147,-3.8465,1.0575
8.7609,-3.7774,1.1896
8.7609,-3.7544,1.1896
8.784,-3.8005,1.1896
8.784,-3.8926,1.3218
8.8072,-4.0078,1.1896
8.8765,-4.0769,1.3218
8.9227,-4.0769,1.3218
8.9921,-4.146,1.3218
9.0614,-4.192,1.3218
9.1308,-4.2612,1.3218
9.1539,-4.3072,1.454
9.2464,-4.3994,1.454
9.3388,-4.4915,1.454
9.3851,-4.5145,1.454
9.4082,-4.6067,1.454
9.4775,-4.7218,1.5862
9.57,-4.814,1.5862
9.6393,-4.9291,1.7184
9.6625,-4.9982,1.7184
9.6856,-4.9752,1.7184
9.7549,-4.9752,1.7184
9.8012,-4.9522,1.7184
9.8474,-5.0213,1.5862
9.9398,-5.1134,1.5862
10.0092,-5.2516,1.8506
10.171,-5.4359,1.7184
10.3328,-5.5741,1.7184
10.4715,-5.6201,1.5862
10.6564,-5.7123,1.7184
10.772,-5.7583,1.7184
10.9338,-5.8505,1.9828
11.0494,-6.0117,2.115
11.1419,-6.242,1.9828
11.2575,-6.3111,2.115
11.3037,-6.3111,2.115
11.3268,-6.2651,2.2471
11.3499,-6.219,2.2471
11.4193,-6.219,2.115
11.4655,-6.242,2.2471
11.5117,-6.2651,2.2471
11.6042,-6.2881,2.2471
11.6736,-6.2651,2.2471
11.766,-6.2881,2.2471
11.8354,-6.219,2.2471
11.8122,-6.1269,2.115
11.8122,-6.1499,2.2471
11.8122,-6.1499,2.2471
11.8354,-6.219,2.2471
11.9741,-6.3572,2.2471
12.0896,-6.4263,2.115
12.2283,-6.3802,2.3793
12.3208,-6.242,2.5115
12.2977,-6.1269,2.3793
12.2283,-6.0117,2.3793
12.1128,-6.0117,2.3793
12.0434,-6.0117,2.3793
12.0434,-5.9887,2.3793
12.0665,-5.9887,2.2471
12.1128,-5.9426,2.3793
12.1359,-5.9426,2.3793
12.0896,-5.9426,2.5115
11.9972,-5.9426,2.5115
11.9047,-5.9196,2.3793
11.8354,-5.8965,2.3793
11.8122,-5.9196,2.2471
11.8122,-5.9656,2.2471
11.8122,-5.9887,2.3793
11.7429,-6.0117,2.3793
11.6273,-5.9196,2.3793
11.4655,-5.7583,2.2471
11.373,-5.5971,2.2471
11.3037,-5.505,2.2471
11.3268,-5.551,2.3793
11.4193,-5.6892,2.3793
11.4424,-5.8044,2.2471
11.4193,-5.8965,2.2471
11.3962,-5.9196,2.2471
11.3499,-5.8965,2.2471
11.3268,-5.8505,2.2471
11.2806,-5.8274,2.115
11.3037,-5.8505,2.2471
11.2806,-5.9196,2.2471
11.3037,-5.9887,2.2471
11.3037,-5.9887,2.2471
11.3037,-5.9196,2.2471
11.2806,-5.7583,2.2471
11.2343,-5.7353,2.2471
11.165,-5.8274,2.115
11.0957,-5.9887,2.2471
10.9801,-6.0808,2.115
10.8876,-6.1038,2.115
10.8645,-6.0578,2.115
10.8876,-6.0347,1.9828
10.9107,-6.0117,2.115
10.8876,-6.0347,1.9828
10.8876,-6.1038,1.9828
10.9338,-6.1729,1.9828
10.9338,-6.196,2.115
10.957,-6.1729,2.115
10.9338,-6.1269,2.115
11.0032,-6.0578,2.2471
10.9801,-6.0808,2.115
10.957,-6.1269,2.115
11.0032,-6.196,2.115
11.0725,-6.2651,2.2471
11.1188,-6.2651,2.2471
11.1881,-6.242,2.2471
11.165,-6.1729,2.2471
11.0957,-6.1038,2.2471
11.0263,-6.0347,2.2471
10.9801,-6.0578,2.115
11.0032,-6.0808,2.2471
11.0725,-6.1729,2.115
11.0957,-6.219,2.2471
11.1419,-6.2881,2.2471
11.1881,-6.2881,2.2471
11.1881,-6.242,2.2471
11.1881,-6.219,2.115
11.165,-6.242,2.115
11.1419,-6.2651,2.115
11.1419,-6.2881,2.115
11.165,-6.3111,2.115
11.165,-6.2651,2.2471
11.1419,-6.1729,2.2471
11.0957,-6.1269,2.115
11.0725,-6.1269,2.2471
11.0725,-6.1269,2.115
11.0725,-6.1729,2.115
11.0725,-6.2651,2.115
11.0957,-6.219,2.115
11.0725,-6.1729,2.2471
11.0494,-6.1269,2.115
10.957,-6.0808,2.2471
10.8876,-6.0347,2.2471
10.8645,-6.0578,2.115
10.8645,-6.1038,2.3793
10.9107,-6.1729,2.2471
10.957,-6.196,2.2471
10.9801,-6.242,2.115
10.9801,-6.2881,2.115
10.9107,-6.219,2.115
10.8645,-6.0578,2.115
10.8183,-5.9656,2.2471
10.772,-5.8505,2.115
10.7489,-5.9196,2.115
10.772,-6.0347,2.115
10.7489,-6.1729,2.115
10.7258,-6.219,2.115
10.7027,-6.242,1.9828
10.7027,-6.196,1.9828
10.7027,-6.1729,1.9828
10.7489,-6.196,2.115
10.7489,-6.2651,2.115
10.7489,-6.2881,2.115
10.7027,-6.2651,2.115
10.7027,-6.1729,2.115
10.7258,-6.1499,2.2471
10.7027,-6.196,2.2471
10.7027,-6.242,1.9828
10.772,-6.2651,2.115
10.7489,-6.196,1.9828
10.7258,-6.0808,1.9828
10.7027,-5.9887,2.115
10.6564,-5.8965,1.9828
10.7027,-5.8735,2.115
10.7027,-5.8965,1.9828
10.7951,-5.9196,1.9828
10.8876,-5.9196,1.9828
10.8645,-5.9196,2.115
10.8645,-5.9196,2.115
10.7951,-5.8965,2.115
10.7951,-5.8735,2.115
10.8414,-5.8505,1.9828
10.8876,-5.8735,1.9828
10.9107,-6.0117,1.9828
10.9338,-6.1499,1.9828
10.957,-6.2651,1.9828
10.8876,-6.219,1.9828
10.8414,-6.1269,2.115
10.8183,-6.0578,2.115
10.8414,-6.1038,2.115
10.8876,-6.2651,2.115
10.9801,-6.4263,1.9828
10.9801,-6.4493,1.9828
10.9338,-6.3802,2.115
10.8645,-6.2651,1.9828
10.7951,-6.1499,2.115
10.772,-6.1499,2.115
10.8414,-6.2881,2.115
10.9338,-6.4493,2.115
11.0032,-6.4954,2.115
11.0725,-6.4493,2.115
11.0494,-6.3572,2.115
10.957,-6.2651,1.9828
10.9107,-6.2651,1.9828
10.9338,-6.3342,1.8506
10.9801,-6.3802,1.8506
11.0263,-6.4263,1.8506
10.9801,-6.3802,1.8506
11.0032,-6.3111,1.9828
10.9801,-6.242,1.9828
10.957,-6.2651,1.9828
10.9338,-6.242,1.9828
10.9107,-6.196,1.9828
10.8414,-6.1499,1.9828
10.8876,-6.1729,1.8506
10.9107,-6.219,1.8506
10.957,-6.2881,1.8506
10.957,-6.2881,1.8506
10.957,-6.2651,1.8506
10.957,-6.3342,1.8506
10.9801,-6.4033,1.7184
11.0032,-6.4724,1.7184
11.0725,-6.4954,1.8506
11.0957,-6.4033,1.8506
11.0957,-6.2881,1.9828
11.0725,-6.196,2.115
11.0263,-6.1729,1.8506
11.0494,-6.3111,1.8506
11.0494,-6.4263,1.8506
11.0263,-6.4493,1.8506
11.0725,-6.4493,1.9828
11.0725,-6.3572,1.8506
11.0494,-6.2651,1.8506
11.0032,-6.196,1.9828
10.9338,-6.1729,1.8506
10.9801,-6.219,1.8506
10.957,-6.2881,1.8506
10.957,-6.2651,1.9828
10.9801,-6.196,1.9828
10.8876,-6.0578,2.115
10.8876,-5.9887,1.9828
10.9107,-5.9656,1.9828
10.9338,-6.0578,2.115
10.9801,-6.196,1.9828
11.0032,-6.2881,1.9828
10.9801,-6.2881,1.9828
10.957,-6.1729,1.9828
10.9801,-6.0347,2.115
10.9801,-5.9887,2.2471
10.9801,-6.0578,2.115
11.0263,-6.1269,2.115
11.0263,-6.1499,2.115
11.0263,-6.0117,2.2471
11.0263,-5.8965,2.2471
11.0263,-5.7123,2.2471
11.0957,-5.5971,2.2471
11.165,-5.7123,2.2471
11.1188,-5.7583,2.2471
11.0725,-5.7123,2.2471
11.0263,-5.528,1.9828
10.9338,-5.3437,2.2471
10.8876,-5.1825,2.115
10.8645,-5.1825,2.115
10.9338,-5.3668,2.115
11.0032,-5.528,2.115
11.0494,-5.6201,2.2471
11.0263,-5.5971,2.115
10.9338,-5.4819,2.2471
10.9107,-5.3668,2.2471
10.9338,-5.2977,2.3793
10.9801,-5.2746,2.3793
10.957,-5.3207,2.3793
10.957,-5.4589,2.3793
10.9338,-5.5971,2.2471
10.9338,-5.6201,2.115
10.8876,-5.5741,2.115
10.8414,-5.4589,2.115
10.8414,-5.4359,2.2471
10.8645,-5.505,2.2471
10.8876,-5.5971,2.115
10.9338,-5.6892,2.115
10.8876,-5.6662,2.115
10.8876,-5.528,2.2471
10.8414,-5.4819,2.2471
10.8183,-5.4589,2.2471
10.8876,-5.528,2.2471
10.8876,-5.5971,2.115
10.8876,-5.6432,2.115
10.8645,-5.6432,2.115
10.8414,-5.5971,2.115
10.8876,-5.5741,2.2471
10.9338,-5.6662,2.2471
10.957,-5.7123,2.2471
10.957,-5.7583,2.2471
10.957,-5.7583,2.2471
10.9107,-5.7353,2.2471
10.9107,-5.7583,2.2471
10.957,-5.7814,2.3793
11.0263,-5.8505,2.3793
11.0725,-5.8735,2.5115
11.1419,-5.8965,2.3793
11.0957,-5.8274,2.2471
11.0725,-5.6892,2.5115
11.0494,-5.6432,2.3793
11.0032,-5.6201,2.3793
11.0494,-5.6892,2.3793
11.1188,-5.7583,2.3793
11.165,-5.8505,2.3793
11.165,-5.8044,2.3793
11.1419,-5.7353,2.5115
11.0957,-5.6432,2.5115
11.0494,-5.5971,2.3793
11.0032,-5.5971,2.5115
11.0263,-5.7353,2.5115
11.0494,-5.7814,2.3793
11.0725,-5.7814,2.3793
11.0725,-5.7123,2.3793
11.0494,-5.6432,2.3793
11.0494,-5.6201,2.3793
11.0494,-5.6892,2.3793
11.0494,-5.7123,2.3793
11.0957,-5.7583,2.3793
11.0957,-5.7353,2.2471
11.0957,-5.7583,2.5115
11.0957,-5.7814,2.5115
11.0725,-5.7814,2.5115
11.0957,-5.8274,2.5115
11.0957,-5.8965,2.6437
11.1188,-5.8505,2.5115
11.1881,-5.8044,2.3793
11.1881,-5.7583,2.3793
11.1881,-5.6662,2.3793
11.1419,-5.5741,2.5115
11.1419,-5.528,2.5115
11.0957,-5.528,2.5115
11.0957,-5.5971,2.5115
11.0957,-5.6662,2.5115
11.0957,-5.7353,2.3793
11.0957,-5.6892,2.5115
11.0725,-5.5741,2.5115
11.0263,-5.4589,2.6437
11.0032,-5.4128,2.6437
10.957,-5.3898,2.6437
10.9338,-5.3898,2.6437
10.9107,-5.4128,2.6437
10.8876,-5.4359,2.5115
10.8876,-5.4819,2.5115
10.8645,-5.505,2.5115
10.8876,-5.528,2.5115
10.9107,-5.551,2.3793
10.957,-5.5741,2.5115
10.9801,-5.551,2.5115
10.9801,-5.505,2.5115
10.9338,-5.505,2.5115
10.8645,-5.4589,2.5115
10.8876,-5.4359,2.5115
10.9801,-5.4819,2.5115
11.0494,-5.5741,2.5115
11.1188,-5.6432,2.5115
11.1188,-5.6201,2.5115
11.0725,-5.551,2.6437
11.0263,-5.3668,2.5115
10.9338,-5.2746,2.6437
10.9338,-5.2286,2.5115
11.0032,-5.2746,2.3793
11.0263,-5.3668,2.6437
11.0494,-5.3668,2.5115
11.0032,-5.3207,2.5115
10.957,-5.2516,2.5115
10.8645,-5.1364,2.3793
10.772,-5.1134,2.3793
10.7258,-5.1134,2.3793
10.7951,-5.2055,2.3793
10.8645,-5.3898,2.3793
10.9338,-5.505,2.6437
10.9338,-5.4819,2.6437
10.8645,-5.3898,2.6437
10.7951,-5.3207,2.5115
10.7951,-5.2746,2.5115
10.8183,-5.2977,2.5115
10.8183,-5.3668,2.5115
10.8645,-5.3437,2.5115
10.7951,-5.3437,2.6437
10.7951,-5.3437,2.6437
10.7489,-5.3207,2.6437
10.772,-5.3437,2.5115
10.8183,-5.4359,2.6437
10.8414,-5.505,2.5115
10.8876,-5.505,2.5115
10.8876,-5.4819,2.5115
10.8414,-5.3668,2.5115
10.772,-5.3207,2.5115
10.7027,-5.3437,2.6437
10.7258,-5.4359,2.7759
10.7489,-5.551,2.7759
10.8183,-5.7123,2.6437
10.8876,-5.8735,2.7759
10.9107,-5.9656,2.7759
10.8876,-5.9426,2.6437
10.8645,-5.8965,2.7759
10.8645,-5.8735,2.6437
10.8414,-5.8505,2.5115
10.8414,-5.8274,2.5115
10.8414,-5.7814,2.5115
10.8414,-5.7583,2.5115
10.7951,-5.6892,2.5115
10.7258,-5.6201,2.5115
10.6796,-5.6432,2.5115
10.6564,-5.6662,2.5115
10.6333,-5.7123,2.5115
10.6102,-5.6662,2.3793
10.6564,-5.6892,2.5115
10.6564,-5.6892,2.3793
10.7027,-5.7123,2.3793
10.7258,-5.7353,2.3793
10.7027,-5.7583,2.2471
10.7489,-5.7583,2.2471
10.7258,-5.6892,2.2471
10.7258,-5.6432,2.3793
10.772,-5.6201,2.2471
10.7258,-5.5971,2.3793
10.7258,-5.6201,2.2471
10.7027,-5.6201,2.2471
10.6796,-5.6432,2.115
10.6333,-5.6432,2.115
10.6102,-5.7123,2.115
10.6102,-5.7353,2.2471
10.6564,-5.7583,2.2471
10.6333,-5.7123,2.3793
10.6333,-5.7123,2.2471
10.6333,-5.7123,2.2471
10.6102,-5.7353,2.2471
10.6102,-5.7814,2.2471
10.6333,-5.8044,2.2471
10.6564,-5.8044,2.2471
10.6333,-5.8044,2.2471
10.6564,-5.7583,2.3793
10.5871,-5.6892,2.3793
10.5409,-5.6662,2.2471
10.4715,-5.6201,2.2471
10.4484,-5.6662,2.2471
10.4253,-5.7353,2.2471
10.4253,-5.7353,2.3793
10.4484,-5.6892,2.3793
10.4484,-5.6432,2.3793
10.4253,-5.5971,2.3793
10.3791,-5.551,2.3793
10.3328,-5.6201,2.2471
10.3328,-5.7353,2.3793
10.3328,-5.7583,2.3793
10.3559,-5.7353,2.3793
10.4022,-5.7583,2.3793
10.4022,-5.7814,2.5115
10.4253,-5.8274,2.3793
10.4253,-5.8505,2.3793
10.4253,-5.8735,2.2471
10.4022,-5.7814,2.2471
10.4022,-5.7123,2.3793
10.3791,-5.7123,2.3793
10.3328,-5.7353,2.2471
10.3328,-5.8044,2.3793
10.3559,-5.8044,2.2471
10.3791,-5.8044,2.115
10.4022,-5.7583,2.2471
10.4484,-5.7123,2.3793
10.4484,-5.6201,2.3793
10.4715,-5.6432,2.3793
10.4715,-5.6201,2.3793
10.4946,-5.6432,2.2471
10.4946,-5.6662,2.2471
10.5409,-5.5971,2.3793
10.564,-5.4819,2.3793
10.5177,-5.3437,2.3793
10.5177,-5.2516,2.3793
10.5177,-5.3207,2.3793
10.5177,-5.4589,2.2471
10.5409,-5.5741,2.2471
10.5871,-5.551,2.2471
10.5871,-5.4819,2.2471
10.5871,-5.3898,2.2471
10.564,-5.3437,2.2471
10.5409,-5.3437,2.2471
10.5409,-5.3668,2.2471
10.564,-5.4128,2.2471
10.564,-5.4359,2.2471
10.564,-5.3668,2.2471
10.5409,-5.2977,2.115
10.5177,-5.2286,2.115
10.5409,-5.2746,2.115
10.564,-5.3668,2.2471
10.564,-5.505,2.2471
10.6102,-5.6201,2.115
10.5871,-5.5971,2.115
10.5871,-5.528,2.2471
10.5871,-5.4128,2.2471
10.564,-5.3898,2.115
10.564,-5.4359,2.2471
10.5871,-5.4819,2.2471
10.564,-5.551,2.115
10.5409,-5.5741,2.115
10.564,-5.5971,2.2471
10.5409,-5.6201,2.2471
10.5409,-5.6201,2.2471
10.5871,-5.6201,2.2471
10.6102,-5.6432,2.2471
10.5871,-5.6432,2.115
10.6102,-5.5971,2.115
10.5871,-5.5971,2.115
10.5409,-5.551,2.115
10.5177,-5.528,2.115
10.4946,-5.528,2.115
10.5177,-5.5741,2.115
10.564,-5.6662,2.2471
10.5871,-5.6892,2.2471
10.5871,-5.7353,2.2471
10.6102,-5.8044,2.2471
10.6102,-5.7814,2.2471
10.6102,-5.7353,2.2471
10.5871,-5.6432,2.2471
10.5871,-5.6201,2.2471
10.564,-5.5741,2.2471
10.564,-5.5971,2.2471
10.564,-5.551,2.2471
10.564,-5.528,2.2471
10.5177,-5.4359,2.2471
10.4946,-5.3437,2.2471
10.4715,-5.2977,2.2471
10.4946,-5.3437,2.2471
10.5177,-5.3668,2.2471
10.564,-5.4819,2.115
10.5871,-5.528,2.115
10.6102,-5.505,2.115
10.5871,-5.4359,2.2471
10.5409,-5.3668,2.2471
10.5177,-5.2746,2.2471
10.4715,-5.2055,1.9828
10.4484,-5.2055,1.9828
10.4715,-5.2516,2.115
10.4946,-5.2516,2.2471
10.5177,-5.2746,2.3793
10.4946,-5.2516,2.2471
10.4715,-5.2746,2.2471
10.4484,-5.2977,2.3793
10.5177,-5.3207,2.2471
10.5177,-5.2286,2.2471
10.5177,-5.1595,2.115
10.5177,-5.0673,2.2471
10.5871,-5.0904,2.2471
10.5871,-5.1364,2.2471
10.6102,-5.2055,2.2471
10.6333,-5.2286,2.3793
10.6102,-5.1825,2.2471
10.6102,-5.1134,2.2471
10.6333,-5.0904,2.2471
10.6333,-5.1364,2.2471
10.6796,-5.1825,2.2471
10.6564,-5.1825,2.2471
10.6333,-5.1364,2.3793
10.6102,-5.0443,2.2471
10.564,-4.9982,2.2471
10.5409,-5.0213,2.2471
10.5871,-5.0673,2.2471
10.5409,-5.1134,2.3793
10.5409,-5.0904,2.3793
10.5409,-5.0904,2.3793
10.5177,-5.0904,2.2471
10.4946,-5.1134,2.2471
10.4946,-5.1364,2.2471
10.4946,-5.1595,2.2471
10.5177,-5.1595,2.2471
10.5409,-5.2055,2.5115
10.5409,-5.2977,2.5115
10.5177,-5.3207,2.5115
10.4715,-5.2746,2.5115
10.4253,-5.1825,2.2471
10.3791,-5.0904,2.2471
10.4253,-5.0904,2.3793
10.4484,-5.1364,2.3793
10.4484,-5.1825,2.3793
10.4253,-5.2055,2.2471
10.3097,-5.1825,2.2471
10.2404,-5.0904,2.2471
10.2404,-5.0673,2.3793
10.2866,-5.0673,2.3793
10.3559,-5.0673,2.3793
10.3559,-5.0673,2.3793
10.3559,-5.1134,2.3793
10.3328,-5.1825,2.5115
10.3559,-5.1825,2.5115
10.3328,-5.1364,2.3793
10.3559,-5.1595,2.5115
10.3791,-5.1825,2.5115
10.4022,-5.1364,2.2471
10.4484,-5.1595,2.3793
10.4715,-5.2286,2.5115
10.4715,-5.2746,2.5115
10.4946,-5.2746,2.6437
10.5409,-5.2055,2.3793
10.5871,-5.2055,2.3793
10.7027,-5.2516,2.6437
10.772,-5.2977,2.6437
10.7489,-5.2746,2.5115
10.7027,-5.2516,2.5115
10.6333,-5.1825,2.3793
10.6102,-5.1364,2.2471
10.6102,-5.1134,2.3793
10.6796,-5.0904,2.3793
10.7027,-5.0904,2.3793
10.7027,-5.0673,2.2471
10.7027,-5.0904,2.2471
10.7027,-5.1134,2.2471
10.6796,-5.1364,2.3793
10.6564,-5.1364,2.3793
10.6796,-5.1825,2.2471
10.7489,-5.2055,2.2471
10.7951,-5.2516,2.3793
10.8183,-5.2977,2.3793
10.8183,-5.3437,2.3793
10.8183,-5.3437,2.3793
10.7951,-5.2516,2.3793
10.772,-5.2055,2.3793
10.772,-5.2055,2.3793
10.7489,-5.2746,2.5115
10.7951,-5.2977,2.3793
10.8645,-5.3207,2.3793
10.8414,-5.2977,2.3793
10.8414,-5.2516,2.3793
10.8414,-5.2055,2.2471
10.7951,-5.1825,2.2471
10.7951,-5.3207,2.6437
10.8183,-5.4128,2.5115
10.8645,-5.528,2.5115
10.8645,-5.551,2.5115
10.8414,-5.5741,2.5115
10.8183,-5.551,2.5115
10.7951,-5.551,2.5115
10.7951,-5.5741,2.5115
10.7951,-5.6201,2.5115
10.8183,-5.6432,2.3793
10.8414,-5.6892,2.3793
10.8414,-5.7123,2.3793
10.8645,-5.7353,2.5115
10.8183,-5.7123,2.5115
10.7951,-5.6662,2.5115
10.7951,-5.6892,2.5115
10.8183,-5.7353,2.3793
10.7951,-5.7814,2.5115
10.7951,-5.7814,2.5115
10.7951,-5.7583,2.5115
10.7258,-5.7353,2.5115
10.7489,-5.7123,2.6437
10.7258,-5.7123,2.5115
10.7027,-5.6892,2.5115
10.7489,-5.7583,2.5115
10.7489,-5.7814,2.5115
10.7489,-5.8044,2.3793
10.7027,-5.7814,2.3793
10.6564,-5.6662,2.3793
10.6333,-5.6201,2.3793
10.6333,-5.5741,2.3793
10.6564,-5.6432,2.3793
10.6796,-5.6662,2.2471
10.6796,-5.7353,2.2471
10.6333,-5.7353,2.2471
10.6102,-5.7123,2.2471
10.5871,-5.6662,2.2471
10.5409,-5.5741,2.2471
10.5177,-5.551,2.2471
10.5177,-5.505,2.3793
10.5177,-5.4819,2.3793
10.4946,-5.4819,2.3793
10.4484,-5.4128,2.3793
10.4022,-5.3898,2.5115
10.3791,-5.4128,2.5115
10.3559,-5.4359,2.3793
10.3328,-5.4359,2.3793
10.3328,-5.4589,2.2471
10.3097,-5.4359,2.3793
10.3328,-5.4359,2.2471
10.3328,-5.3898,2.2471
10.2866,-5.3898,2.2471
10.2172,-5.3437,2.2471
10.1941,-5.3437,2.3793
10.171,-5.3437,2.2471
10.1941,-5.3437,2.3793
10.1479,-5.3207,2.2471
10.1479,-5.2746,2.3793
10.1248,-5.2286,2.115
10.1017,-5.1825,2.115
10.0785,-5.1364,2.115
10.0554,-5.1134,2.115
10.0554,-5.1595,2.115
9.9861,-5.2055,2.115
9.9167,-5.1364,2.115
9.8936,-5.0904,2.2471
9.8705,-5.0213,2.2471
9.8705,-5.0213,2.2471
9.8474,-5.1134,2.2471
9.8705,-5.2746,2.2471
9.8705,-5.3898,2.2471
9.8474,-5.3898,2.2471
9.8243,-5.3437,2.2471
9.778,-5.1825,2.115
9.7318,-5.0673,2.2471
9.6625,-5.0673,2.2471
9.5931,-5.0904,2.2471
9.5006,-5.1595,2.115
9.3619,-5.1825,1.9828
9.2695,-5.2055,1.9828
9.2233,-5.1595,1.9828
9.177,-5.0443,1.9828
9.1077,-4.9291,1.9828
8.9921,-4.86,1.9828
8.8765,-4.837,1.8506
8.8072,-4.8831,1.9828
8.7147,-4.837,1.7184
8.5991,-4.837,1.8506
8.5298,-4.7909,1.8506
8.5067,-4.7679,1.8506
8.4373,-4.7909,1.8506
8.2986,-4.837,1.8506
8.1137,-4.8831,1.8506
7.9056,-4.9982,1.7184
7.6976,-5.0673,1.5862
7.582,-5.1134,1.7184
7.5358,-5.1364,1.5862
7.4664,-5.1825,1.5862
7.4202,-5.2055,1.5862
7.2584,-5.1134,1.5862
6.981,-4.9982,1.5862
6.6805,-4.837,1.3218
6.3569,-4.6758,1.1896
6.1026,-4.6297,1.1896
5.8945,-4.6067,1.0575
5.7327,-4.6067,1.0575
5.5709,-4.5836,0.9253
5.2704,-4.4454,0.6609
4.8312,-4.3763,0.5287
4.392,-4.2612,0.5287
3.9759,-4.0999,0.2643
3.5598,-3.8926,0.2643
3.2131,-3.7544,0.2643
2.8895,-3.5241,0.3965
2.5427,-3.3398,0.3965
2.1497,-3.1095,0.3965
1.7568,-2.8791,0.2643
1.3869,-2.764,0.2643
0.9939,-2.6949,0.2643
0.601,-2.6949,0.3965
0.2542,-2.6949,0.5287
0.0231,-2.7179,0.5287
-0.2542,-2.7409,0.6609
-0.5085,-2.6718,0.6609
-0.7397,-2.5567,0.6609
-0.9939,-2.5336,0.7931
-1.2713,-2.4415,0.7931
-1.6181,-2.3033,0.9253
-2.011,-2.2572,1.0575
-2.3809,-2.2342,1.0575
-2.7045,-2.2342,1.1896
-2.9588,-2.3033,1.3218
-3.2362,-2.3033,1.454
-3.4905,-2.3263,1.7184
-3.6985,-2.3263,1.7184
-3.8372,-2.3494,1.8506
-3.999,-2.3494,1.8506
-4.184,-2.3033,1.8506
-4.4151,-2.2342,1.9828
-4.6463,-2.1421,2.115
-4.8774,-2.0499,2.2471
-5.1779,-2.0039,2.2471
-5.4553,-1.9808,2.3793
-5.7558,-1.9348,2.5115
-6.0101,-1.9348,2.5115
-6.2644,-1.8426,2.7759
-6.4262,-1.7735,2.9081
-6.6574,-1.6584,2.9081
-6.9348,-1.5432,3.0403
-7.2122,-1.428,2.9081
-7.5127,-1.3589,3.1725
-7.7669,-1.3129,3.1725
-7.9519,-1.3129,3.4368
-8.1137,-1.3359,3.569
-8.2755,-1.405,3.7012
-8.3448,-1.4971,3.569
-8.4835,-1.5662,3.569
-8.6453,-1.5662,3.7012
-8.784,-1.6123,3.569
-8.9227,-1.6353,3.8334
-9.1077,-1.6123,3.8334
-9.2464,-1.6123,3.9656
-9.3851,-1.6353,3.9656
-9.57,-1.5893,4.0978
-9.778,-1.5893,4.23
-9.9398,-1.5662,4.4943
-10.1479,-1.5662,4.3621
-10.3559,-1.5662,4.3621
-10.4946,-1.6584,4.4943
-10.6796,-1.7044,4.4943
-10.8183,-1.7275,4.4943
-11.0032,-1.7966,4.6265
-11.2343,-1.7735,4.4943
-11.3962,-1.7966,4.7587
-11.4886,-1.7966,4.7587
-11.558,-1.8196,4.8909
-11.6504,-1.8426,4.8909
-11.766,-1.7966,4.7587
-11.8816,-1.7275,4.7587
-12.0434,-1.6814,4.7587
-12.1359,-1.6353,4.8909
-12.2052,-1.6584,5.0231
-12.367,-1.6353,5.0231
-12.4826,-1.6353,5.0231
-12.5982,-1.6353,5.1553
-12.7138,-1.6353,5.0231
-12.8294,-1.6584,5.1553
-12.9218,-1.6814,5.1553
-12.9912,-1.7044,5.1553
-13.0605,-1.7275,5.2875
-13.0605,-1.6584,5.4196
-13.153,-1.6123,5.2875
-13.2223,-1.5662,5.4196
-13.3148,-1.5662,5.4196
-13.4073,-1.5662,5.4196
-13.4535,-1.5662,5.5518
-13.4997,-1.5202,5.5518
-13.5228,-1.4511,5.684
-13.5691,-1.3589,5.8162
-13.6384,-1.3359,5.8162
-13.7771,-1.2668,5.684
-13.8465,-1.1977,5.684
-13.9158,-1.1516,5.684
-13.9852,-1.1747,5.684
-13.9852,-1.1516,5.8162
-13.9389,-1.1286,5.8162
-13.9389,-1.1286,5.8162
-13.9389,-1.1516,5.8162
-13.9389,-1.1747,5.8162
-14.0083,-1.1977,5.8162
-14.0083,-1.2438,5.9484
-14.0083,-1.2898,5.9484
-14.0083,-1.3359,5.9484
-13.9158,-1.405,5.9484
-13.9158,-1.405,5.8162
-13.9389,-1.428,5.8162
-13.9389,-1.428,5.8162
-13.962,-1.405,5.8162
-13.962,-1.405,5.8162
-13.9158,-1.4511,5.8162
-13.8465,-1.4741,5.8162
-13.7309,-1.4971,5.8162
-13.7309,-1.5202,5.5518
-13.7078,-1.4971,5.684
-13.7309,-1.4741,5.5518
-13.7309,-1.4511,5.684
-13.7078,-1.428,5.5518
-13.6615,-1.428,5.4196
-13.5922,-1.4511,5.4196
-13.4997,-1.4971,5.5518
-13.4073,-1.5893,5.4196
-13.2686,-1.6814,5.4196
-13.2454,-1.7966,5.2875
-13.1992,-1.8657,5.2875
-13.153,-1.9348,5.1553
-13.1067,-1.9808,5.0231
-13.0374,-2.0269,5.0231
-12.9912,-2.0039,5.0231
-12.9449,-1.9578,5.0231
-12.8294,-1.9578,5.0231
-12.7369,-1.9117,5.0231
-12.6675,-1.8657,5.1553
-12.6444,-1.8426,5.0231
-12.6444,-1.7966,5.0231
-12.7138,-1.7966,4.8909
-12.8062,-1.8426,4.8909
-12.8294,-1.9117,5.0231
-12.8062,-1.9808,5.0231
-12.7831,-2.0039,5.0231
-12.8062,-1.9808,5.0231
-12.8062,-1.9808,5.1553
-12.8525,-1.9578,5.0231
-12.9218,-1.9117,5.0231
-12.968,-1.8426,5.0231
-13.0374,-1.8657,5.0231
-13.0836,-1.7966,5.1553
-13.1067,-1.7735,5.2875
-13.1067,-1.7735,5.2875
-13.1299,-1.7275,5.2875
-13.1299,-1.7275,5.2875
-13.1992,-1.7044,5.2875
-13.2454,-1.6353,5.2875
-13.2917,-1.5662,5.1553
-13.2917,-1.4971,5.1553
-13.2686,-1.405,5.2875
-13.2223,-1.382,5.2875
-13.2454,-1.3589,5.2875
-13.2223,-1.382,5.1553
-13.2454,-1.382,5.2875
-13.2917,-1.382,5.2875
-13.3148,-1.3589,5.1553
-13.3148,-1.3359,5.1553
-13.2686,-1.3129,5.1553
-13.2223,-1.3359,5.1553
-13.2223,-1.3359,5.1553
-13.1992,-1.3589,5.1553
-13.153,-1.3589,5.0231
-13.1067,-1.382,5.0231
-13.0605,-1.405,5.0231
-12.968,-1.382,5.0231
-12.8525,-1.4511,5.0231
-12.7369,-1.4971,5.0231
-12.5751,-1.6353,4.7587
-12.4826,-1.7735,4.6265
-12.367,-1.8657,4.4943
-12.2052,-1.9348,4.23
-12.1128,-2.0039,4.0978
-12.0665,-2.0499,4.23
-12.0434,-2.0499,4.0978
-12.1128,-2.0499,4.23
-12.159,-2.0269,4.23
-12.2052,-2.0269,4.23
-12.2515,-2.0499,4.3621
-12.3208,-2.0499,4.3621
-12.4133,-2.096,4.6265
-12.552,-2.119,4.6265
-12.5982,-2.1421,4.6265
-12.5982,-2.1651,4.6265
-12.6444,-2.1421,4.6265
-12.6444,-2.096,4.7587
-12.7138,-2.073,4.8909
-12.7369,-2.0499,4.8909
-12.7369,-2.0499,4.8909
-12.7369,-2.0499,5.0231
-12.76,-2.096,5.0231
-12.76,-2.096,5.0231
-12.7369,-2.1421,5.0231
-12.7831,-2.096,4.8909
-12.8294,-2.0499,4.7587
-12.8987,-2.0499,4.8909
-12.9912,-2.0499,4.8909
-12.9912,-2.0269,4.8909
-12.9912,-2.0269,4.7587
-13.0143,-2.0269,4.8909
-12.968,-2.0039,4.8909
-12.9912,-1.9578,5.0231
-13.0374,-1.8887,5.1553
-13.0374,-1.8657,5.0231
-12.9912,-1.8426,5.0231
-12.9912,-1.7966,5.0231
-12.9912,-1.6814,5.0231
-12.9912,-1.6814,5.0231
-13.0143,-1.6123,5.1553
-13.0374,-1.5202,5.2875
-13.0374,-1.5202,5.1553
-13.0143,-1.6123,5.1553
-12.9449,-1.6584,4.8909
-12.9449,-1.7735,4.8909
-12.9449,-1.8426,4.8909
-12.8756,-1.9348,4.8909
-12.8525,-1.9578,4.7587
-12.7831,-2.0039,4.7587
-12.7831,-1.9808,4.6265
-12.76,-1.9808,4.7587
-12.7369,-2.0039,4.7587
-12.76,-1.9578,4.7587
-12.7138,-1.8887,4.8909
-12.7138,-1.8657,4.8909
-12.7138,-1.7966,4.8909
-12.6907,-1.7966,4.8909
-12.6444,-1.8426,4.7587
-12.5288,-1.8887,4.8909
-12.4595,-1.9578,4.7587
-12.4133,-1.9808,4.8909
-12.3208,-2.0499,4.6265
-12.2515,-2.0499,4.6265
-12.159,-2.119,4.7587
-12.0896,-2.1881,4.6265
-12.0665,-2.2342,4.4943
-12.0434,-2.2803,4.4943
-11.9972,-2.3033,4.3621
-11.9509,-2.2803,4.4943
-11.9278,-2.3033,4.4943
-11.9509,-2.2572,4.4943
-11.9278,-2.2342,4.4943
-11.9741,-2.2112,4.4943
-11.9741,-2.1651,4.6265
-11.9741,-2.1881,4.6265
-12.0434,-2.1421,4.6265
-12.0896,-2.096,4.6265
-12.159,-2.0499,4.6265
-12.159,-2.0269,4.6265
-12.159,-2.0039,4.6265
-12.1359,-1.9348,4.7587
-12.159,-1.9348,4.6265
-12.1821,-1.9348,4.7587
-12.2052,-2.0039,4.6265
-12.2283,-2.0039,4.6265
-12.2283,-1.9578,4.6265
-12.2283,-1.9578,4.7587
-12.2283,-1.9348,4.7587
-12.159,-1.9578,4.6265
-12.1128,-2.0499,4.6265
-12.1128,-2.0499,4.6265
-12.1128,-2.0499,4.6265
-12.1128,-2.0499,4.4943
-12.1128,-2.073,4.4943
-12.1359,-2.096,4.7587
-12.1821,-2.119,4.6265
-12.2052,-2.096,4.7587
-12.2052,-2.096,4.7587
-12.2283,-2.073,4.8909
-12.2515,-2.0499,4.7587
-12.2746,-2.0039,4.7587
-12.2515,-1.9348,4.7587
-12.2515,-1.8887,4.7587
-12.2746,-1.7966,4.8909
-12.2977,-1.7966,4.8909
-12.367,-1.7966,4.8909
-12.3901,-1.8196,4.8909
-12.4133,-1.8196,4.8909
-12.4364,-1.8196,4.8909
-12.4595,-1.8196,4.8909
-12.4364,-1.8657,4.8909
-12.4133,-1.9117,4.8909
-12.4133,-1.9578,5.0231
-12.4133,-2.0039,5.0231
-12.4826,-2.0039,5.0231
-12.4826,-2.0039,4.8909
-12.5288,-1.9348,5.0231
-12.552,-1.8887,4.8909
-12.5751,-1.8657,4.8909
-12.5982,-1.7966,4.8909
-12.5751,-1.7505,5.0231
-12.5751,-1.7735,5.0231
-12.6213,-1.7735,5.0231
-12.6213,-1.7966,5.1553
-12.6213,-1.8657,5.1553
-12.6213,-1.8887,5.0231
-12.5982,-1.8887,5.0231
-12.5982,-1.9117,5.0231
-12.6213,-1.8657,5.1553
-12.6444,-1.8657,5.1553
-12.5982,-1.7966,5.1553
-12.6213,-1.7966,5.0231
-12.5982,-1.7966,4.8909
-12.6213,-1.7505,5.0231
-12.6213,-1.7275,5.0231
-12.6213,-1.7275,5.0231
-12.6213,-1.7275,5.0231
-12.6444,-1.7735,5.1553
-12.6213,-1.8196,5.1553
-12.6444,-1.8657,5.1553
-12.5982,-1.9117,5.1553
-12.5751,-1.8887,5.1553
-12.5751,-1.8887,5.0231
-12.5982,-1.8887,5.0231
-12.5751,-1.9117,5.1553
-12.6213,-1.8887,5.1553
-12.6213,-1.9117,5.1553
-12.6213,-1.9348,5.1553
-12.5982,-1.9578,5.1553
-12.5982,-1.9348,5.1553
-12.5982,-1.8657,5.1553
-12.5982,-1.8657,5.1553
-12.5982,-1.8426,5.1553
-12.5982,-1.7966,5.1553
-12.5751,-1.8657,5.1553
-12.5982,-1.8887,5.1553
-12.6213,-1.9117,5.0231
-12.6213,-1.8887,5.1553
-12.5982,-1.9117,5.0231
-12.5751,-1.9117,5.1553
-12.552,-1.9348,5.1553
-12.552,-1.9578,5.0231
-12.552,-2.0039,5.0231
-12.5288,-2.0499,5.1553
-12.5751,-2.0269,5.0231
-12.552,-2.0039,5.0231
-12.552,-1.9578,5.1553
-12.5751,-1.9117,5.1553
-12.5751,-1.8657,5.1553
-12.5751,-1.8657,5.1553
-12.5751,-1.8657,5.1553
-12.5751,-1.8657,5.1553
-12.5751,-1.9117,5.1553
-12.5751,-1.9578,5.1553
-12.552,-1.9348,5.1553
-12.552,-1.9578,5.1553
-12.5057,-1.9808,5.1553
-12.4826,-2.0269,5.1553
-12.4826,-2.0269,5.1553
-12.5057,-1.9808,5.1553
-12.5057,-1.9578,5.1553
-12.552,-1.9348,5.2875
-12.5982,-1.8887,5.2875
-12.5982,-1.8196,5.2875
-12.6213,-1.7966,5.2875
-12.6444,-1.7735,5.2875
-12.6213,-1.7735,5.2875
-12.6213,-1.8196,5.2875
-12.5751,-1.8196,5.2875
-12.5751,-1.8426,5.2875
-12.5751,-1.8887,5.2875
-12.552,-1.8426,5.2875
-12.5288,-1.8196,5.1553
-12.5057,-1.8196,5.1553
-12.5288,-1.7966,5.1553
-12.552,-1.7966,5.2875
-12.5982,-1.7735,5.2875
-12.6213,-1.7735,5.2875
-12.5982,-1.7505,5.2875
-12.5751,-1.7505,5.1553
-12.5982,-1.7044,5.1553
-12.5982,-1.7044,5.1553
-12.6213,-1.6814,5.1553
-12.5982,-1.6814,5.1553
-12.5751,-1.6584,5.1553
-12.5982,-1.6584,5.2875
-12.5982,-1.6584,5.1553
-12.5982,-1.6584,5.0231
-12.6213,-1.6584,5.0231
-12.6444,-1.6814,5.0231
-12.6907,-1.7505,5.0231
-12.7369,-1.7735,5.1553
-12.7369,-1.7966,5.1553
-12.7138,-1.8657,5.1553
-12.7369,-1.8657,5.0231
-12.7138,-1.8657,4.8909
-12.6907,-1.8657,5.0231
-12.7138,-1.8426,5.1553
-12.7138,-1.8196,5.1553
-12.7369,-1.7735,5.1553
-12.76,-1.7275,5.2875
-12.7369,-1.7505,5.1553
-12.7369,-1.7505,5.1553
-12.7138,-1.7735,5.1553
-12.7369,-1.7505,5.0231
-12.7831,-1.7505,5.0231
-12.8294,-1.7735,5.1553
-12.8294,-1.8196,5.1553
-12.8525,-1.8196,5.1553
-12.8525,-1.8196,5.1553
-12.8525,-1.7966,5.1553
-12.8525,-1.7735,5.1553
-12.8294,-1.7735,5.1553
-12.8525,-1.7044,5.1553
-12.8294,-1.6814,5.2875
-12.8294,-1.6584,5.2875
-12.8756,-1.6353,5.2875
-12.8756,-1.6584,5.1553
-12.8756,-1.6584,5.0231
-12.8756,-1.7044,5.0231
-12.8756,-1.7044,5.0231
-12.8756,-1.6814,5.0231
-12.8987,-1.6814,5.1553
-12.9218,-1.7275,5.1553
-12.968,-1.7044,5.1553
-12.9449,-1.7275,5.1553
-12.9449,-1.7505,5.1553
-12.968,-1.7044,5.1553
-12.968,-1.6814,5.1553
-12.968,-1.6584,5.0231
-12.9912,-1.6814,5.1553
-12.9912,-1.7044,5.0231
-13.0143,-1.7275,5.1553
-13.0374,-1.7275,5.1553
-13.0605,-1.7275,5.2875
-13.0836,-1.7735,5.2875
-13.0836,-1.7735,5.1553
-13.0605,-1.8196,5.0231
-13.1299,-1.8426,5.0231
-13.1067,-1.8426,5.1553
-13.0836,-1.7966,5.1553
-13.0836,-1.7966,5.1553
-13.0836,-1.7735,5.2875
-13.0836,-1.7505,5.2875
-13.0605,-1.7735,5.1553
-13.0605,-1.7735,5.1553
-13.0374,-1.7735,5.1553
-13.0143,-1.8196,5.1553
-13.0374,-1.8426,5.1553
-13.0374,-1.8426,5.1553
-13.0143,-1.8887,5.0231
-13.0374,-1.9117,5.0231
-13.0605,-1.9578,5.1553
-13.0605,-2.0039,5.1553
-13.1067,-1.9808,5.0231
-13.0836,-2.0039,5.1553
-13.1067,-1.9578,5.1553
-13.1067,-1.9117,5.1553
-13.0836,-1.9808,5.1553
-13.0374,-2.0499,5.2875
-13.0836,-2.0499,5.1553
-13.0836,-1.9808,5.1553
-13.0605,-1.9808,5.1553
-13.0836,-1.9117,5.2875
-13.0374,-1.9117,5.4196
-13.0143,-1.8887,5.4196
-13.0143,-1.8657,5.4196
-12.9449,-1.9348,5.2875
-12.9449,-1.9578,5.2875
-12.9218,-1.9117,5.2875
-12.9449,-1.8657,5.2875
-12.9449,-1.7966,5.4196
-12.9449,-1.7044,5.4196
-12.9218,-1.7044,5.4196
-12.9218,-1.7275,5.4196
-12.9218,-1.7505,5.2875
-12.9218,-1.7735,5.2875
-12.9218,-1.7966,5.2875
-12.9218,-1.8426,5.2875
-12.8987,-1.8426,5.2875
-12.8987,-1.8657,5.2875
-12.8987,-1.8657,5.2875
-12.8987,-1.8887,5.2875
-12.9449,-1.8657,5.2875
-12.968,-1.8196,5.2875
-12.9912,-1.7966,5.2875
-13.0374,-1.7966,5.2875
-13.0374,-1.7735,5.4196
-13.0143,-1.7966,5.4196
-13.0374,-1.8426,5.4196
-13.0143,-1.9117,5.2875
-13.0143,-1.8887,5.2875
-13.0836,-1.8196,5.1553
-13.0605,-1.7966,5.2875
-13.0605,-1.7275,5.4196
-13.1067,-1.6814,5.5518
-13.1067,-1.6584,5.5518
-13.1299,-1.6353,5.684
-13.153,-1.6584,5.5518
-13.1761,-1.6123,5.5518
-13.1761,-1.6353,5.5518
-13.2223,-1.6123,5.5518
-13.2223,-1.6353,5.5518
-13.2223,-1.6584,5.5518
-13.2223,-1.6814,5.5518
-13.2223,-1.6814,5.5518
-13.2686,-1.6814,5.5518
-13.2686,-1.6584,5.5518
-13.2686,-1.5662,5.684
-13.2686,-1.5202,5.684
-13.2454,-1.5202,5.5518
-13.2686,-1.4741,5.4196
-13.3148,-1.4741,5.4196
-13.3148,-1.4741,5.4196
-13.2917,-1.4741,5.4196
-13.2917,-1.4741,5.5518
-13.2454,-1.4971,5.4196
-13.1992,-1.4741,5.4196
-13.1992,-1.4741,5.4196
-13.1992,-1.5202,5.4196
-13.1992,-1.5432,5.4196
-13.2223,-1.5662,5.2875
-13.2223,-1.5893,5.4196
-13.2223,-1.5893,5.2875
-13.1761,-1.5893,5.2875
-13.153,-1.6123,5.4196
-13.1761,-1.6123,5.4196
-13.1299,-1.6353,5.4196
-13.153,-1.6814,5.4196
-13.1992,-1.6353,5.4196
-13.1761,-1.6814,5.4196
-13.153,-1.6584,5.4196
-13.1067,-1.6353,5.4196
-13.1067,-1.6353,5.2875
-13.0605,-1.6353,5.2875
-13.0374,-1.6584,5.4196
-13.0374,-1.6353,5.2875
-13.0836,-1.6123,5.2875
-13.1067,-1.6353,5.4196
-13.1299,-1.6584,5.4196
-13.1067,-1.6584,5.4196
-13.0605,-1.6814,5.4196
-13.0374,-1.7044,5.4196
-13.0143,-1.7275,5.2875
-12.9912,-1.6814,5.4196
-12.968,-1.6353,5.4196
-13.0143,-1.5662,5.5518
-13.1067,-1.5893,5.4196
-13.0836,-1.5662,5.4196
-13.0836,-1.5893,5.4196
-13.0143,-1.6353,5.5518
-13.0143,-1.6123,5.5518
-12.9912,-1.6123,5.5518
-12.9912,-1.5662,5.5518
-12.9912,-1.5662,5.5518
-13.0143,-1.6123,5.5518
-13.0605,-1.5893,5.4196
-13.0143,-1.5662,5.4196
-13.0605,-1.5432,5.4196
-13.0374,-1.5202,5.4196
-13.0374,-1.4741,5.4196
-13.0143,-1.4971,5.4196
-13.0143,-1.4741,5.5518
-12.9912,-1.4511,5.5518
-13.0374,-1.428,5.5518
-13.0374,-1.405,5.5518
-13.0374,-1.405,5.5518
-13.0143,-1.428,5.5518
-12.9912,-1.4511,5.5518
-12.968,-1.4511,5.5518
-12.968,-1.428,5.5518
-12.968,-1.405,5.5518
-12.968,-1.428,5.5518
-12.9912,-1.382,5.5518
-12.9912,-1.3589,5.5518
-12.9912,-1.3589,5.5518
-13.0143,-1.3359,5.5518
-13.0143,-1.2898,5.5518
-12.9912,-1.3359,5.5518
-12.968,-1.3589,5.5518
-12.968,-1.3359,5.5518
-12.968,-1.3589,5.5518
-12.968,-1.3359,5.5518
-12.968,-1.2898,5.5518
-12.9912,-1.3359,5.5518
-13.0143,-1.3359,5.684
-12.9912,-1.3589,5.684
-12.968,-1.382,5.684
-12.9912,-1.382,5.684
-12.9912,-1.3589,5.684
-12.968,-1.382,5.684
-12.9912,-1.3589,5.5518
-13.0143,-1.3589,5.684
-13.0374,-1.382,5.684
-13.1067,-1.3589,5.684
-13.1067,-1.3589,5.5518
-13.0605,-1.3359,5.5518
-13.0836,-1.2898,5.5518
-13.0605,-1.3129,5.5518
-13.0605,-1.3359,5.684
-13.1067,-1.382,5.684
-13.0836,-1.405,5.5518
-13.0605,-1.428,5.684
-13.0605,-1.382,5.5518
-13.0836,-1.3589,5.5518
-13.0605,-1.3359,5.5518
-13.0374,-1.3359,5.5518
-13.0143,-1.3359,5.684
-12.9912,-1.3589,5.684
-12.9912,-1.3589,5.5518
-13.0143,-1.3589,5.5518
-13.0605,-1.405,5.5518
-13.0836,-1.405,5.5518
-13.0605,-1.4511,5.684
-13.0374,-1.4511,5.5518
-13.0605,-1.4741,5.5518
-13.0143,-1.5202,5.5518
-13.0143,-1.5202,5.5518
-13.0143,-1.5432,5.5518
-12.9912,-1.5432,5.5518
-13.0143,-1.5662,5.5518
-12.9912,-1.5202,5.684
-12.968,-1.5202,5.5518
-12.9912,-1.4741,5.5518
-12.968,-1.428,5.684
-12.9912,-1.382,5.684
-12.9912,-1.3359,5.684
-12.9449,-1.3589,5.684
-12.9218,-1.382,5.8162
-12.8987,-1.382,5.684
-12.8987,-1.382,5.684
-12.8756,-1.382,5.684
-12.8756,-1.3589,5.684
-12.8525,-1.3359,5.684
-12.8987,-1.2668,5.8162
-12.968,-1.1977,5.684
-12.968,-1.1977,5.684
-12.968,-1.2207,5.684
-12.9912,-1.1977,5.5518
-12.9449,-1.1977,5.5518
-12.9449,-1.1747,5.684
-12.9449,-1.1056,5.684
-12.968,-1.0595,5.5518
-12.9912,-1.0365,5.684
-12.9912,-1.0365,5.684
-13.0143,-1.0595,5.684
-13.0143,-1.0595,5.684
-12.9912,-1.1056,5.684
-12.9912,-1.1056,5.684
-13.0143,-1.1056,5.684
-13.0143,-1.1286,5.684
-13.0374,-1.1516,5.5518
-13.0374,-1.1747,5.684
-13.0374,-1.1516,5.684
-13.0143,-1.1977,5.5518
-12.9912,-1.2438,5.684
-12.9912,-1.2668,5.684
-12.968,-1.3129,5.5518
-12.968,-1.3359,5.5518
-12.9218,-1.382,5.5518
-12.9218,-1.428,5.4196
-12.8756,-1.4511,5.5518
-12.8756,-1.4971,5.5518
-12.8525,-1.5662,5.2875
-12.8525,-1.6123,5.2875
-12.8525,-1.6814,5.2875
-12.8062,-1.7275,5.2875
-12.76,-1.7735,5.2875
-12.8062,-1.8196,5.2875
-12.7831,-1.8657,5.4196
-12.8062,-1.9348,5.4196
-12.7369,-1.9348,5.2875
-12.76,-1.9578,5.2875
-12.76,-1.9578,5.2875
-12.7831,-1.9117,5.4196
-12.8294,-1.8657,5.2875
-12.8756,-1.8426,5.2875
-12.968,-1.8887,5.2875
-13.0374,-1.8657,5.2875
-13.0605,-1.8887,5.4196
-13.1299,-1.8887,5.2875
-13.1299,-1.8426,5.4196
-13.153,-1.8426,5.4196
-13.1761,-1.8196,5.5518
-13.153,-1.7966,5.4196
-13.1067,-1.8426,5.2875
-13.1299,-1.8657,5.2875
-13.1299,-1.8657,5.2875
-13.153,-1.8887,5.4196
-13.153,-1.9117,5.2875
-13.153,-1.8657,5.5518
-13.153,-1.8657,5.5518
-13.153,-1.8887,5.2875
-13.1299,-1.9808,5.4196
-13.1299,-1.9808,5.4196
-13.0836,-2.0039,5.4196
-13.1067,-1.9578,5.4196
-13.1067,-1.9117,5.4196
-13.1067,-1.8426,5.4196
-13.1067,-1.7966,5.5518
-13.0836,-1.7966,5.4196
-13.0836,-1.7966,5.4196
-13.0374,-1.7735,5.4196
-13.0836,-1.7275,5.684
-13.0374,-1.7275,5.5518
-13.0374,-1.7275,5.5518
-13.0143,-1.7275,5.5518
-12.9912,-1.7505,5.5518
-12.968,-1.7505,5.5518
-12.968,-1.7505,5.5518
-12.9449,-1.7505,5.5518
-12.9218,-1.7275,5.5518
-12.968,-1.6814,5.4196
-12.968,-1.6814,5.5518
-12.9449,-1.7275,5.5518
-12.8987,-1.7735,5.5518
-12.8525,-1.7966,5.5518
-12.8987,-1.7505,5.5518
-12.8987,-1.7044,5.684
-12.8756,-1.6814,5.684
-12.8525,-1.6353,5.684
-12.8756,-1.6123,5.684
-12.8756,-1.6353,5.684
-12.8987,-1.7044,5.684
-12.9218,-1.6584,5.5518
-12.9218,-1.6353,5.5518
-12.9449,-1.6123,5.5518
-12.968,-1.6353,5.5518
-12.9449,-1.6353,5.5518
-12.8987,-1.6814,5.5518
-12.9449,-1.7044,5.5518
-12.9218,-1.7735,5.5518
-12.9449,-1.8196,5.4196
-12.9218,-1.8657,5.4196
-12.8987,-1.8657,5.4196
-12.8987,-1.8196,5.4196
-12.8987,-1.7735,5.5518
-12.8987,-1.7505,5.5518
-12.9449,-1.7275,5.5518
-12.9449,-1.7505,5.5518
-12.9912,-1.7505,5.4196
-13.0143,-1.7275,5.5518
-13.0143,-1.7505,5.5518
-13.0143,-1.7505,5.4196
-12.968,-1.7505,5.5518
-12.9449,-1.7505,5.5518
-12.968,-1.7044,5.4196
-12.9449,-1.6814,5.5518
-12.9449,-1.6123,5.684
-12.9449,-1.5893,5.684
-12.968,-1.5662,5.684
-12.9912,-1.5432,5.684
-13.0143,-1.5432,5.5518
-13.0374,-1.5893,5.5518
-13.0374,-1.5893,5.684
-13.0143,-1.5893,5.684
-12.9912,-1.5893,5.5518
-13.0143,-1.5893,5.684
-12.9912,-1.6123,5.5518
-12.968,-1.6584,5.4196
-12.968,-1.6814,5.5518
-12.968,-1.6814,5.5518
-12.9912,-1.6814,5.5518
-12.9912,-1.6814,5.684
-13.0143,-1.7044,5.5518
-12.9912,-1.7275,5.5518
-13.0143,-1.7275,5.684
-13.0374,-1.7735,5.5518
-13.0605,-1.7505,5.684
-13.0374,-1.7735,5.684
-13.0374,-1.7735,5.684
-13.0605,-1.7505,5.684
-13.0143,-1.7505,5.5518
-13.0143,-1.7275,5.5518
-12.9912,-1.6814,5.5518
-12.968,-1.6814,5.684
-12.968,-1.6584,5.684
-12.8987,-1.6814,5.8162
-12.9218,-1.6584,5.684
-12.9449,-1.6814,5.684
-12.9449,-1.7044,5.684
-12.9449,-1.6584,5.8162
-12.9449,-1.6584,5.684
-12.9449,-1.6353,5.684
-12.9449,-1.6353,5.684
-12.968,-1.6353,5.8162
-12.9449,-1.6584,5.684
-12.9218,-1.7044,5.684
-12.8756,-1.7275,5.684
-12.8756,-1.7044,5.8162
-12.9449,-1.7044,5.8162
-12.968,-1.6814,5.684
-12.9912,-1.7044,5.684
-12.968,-1.7275,5.8162
-12.9912,-1.7275,5.684
-12.9449,-1.7044,5.684
-12.9218,-1.7275,5.8162
-12.9218,-1.6814,5.8162
-12.8987,-1.6584,5.684
-12.8756,-1.6814,5.684
-12.8987,-1.6584,5.684
-12.9218,-1.6353,5.5518
-12.9218,-1.6353,5.684
-12.9449,-1.6353,5.684
-12.9218,-1.6584,5.684
-12.9218,-1.6814,5.684
-12.8987,-1.7044,5.5518
-12.8987,-1.7275,5.5518
-12.9449,-1.7044,5.5518
-12.9218,-1.6814,5.5518
-12.9218,-1.6814,5.5518
-12.9449,-1.6353,5.684
-12.9218,-1.6814,5.684
-12.9218,-1.6584,5.684
-12.9218,-1.6123,5.5518
-12.9449,-1.6123,5.684
-12.9449,-1.5893,5.8162
-12.9218,-1.5893,5.8162
-12.9449,-1.5202,5.8162
-12.9449,-1.5202,5.8162
-12.9449,-1.5202,5.8162
-12.8987,-1.4741,5.8162
-12.8756,-1.4741,5.8162
-12.9449,-1.4511,5.8162
-12.9218,-1.428,5.8162
-12.9449,-1.405,5.9484
-12.9912,-1.405,5.8162
-12.9912,-1.405,5.8162
-12.968,-1.382,5.8162
-12.968,-1.405,5.8162
-12.9218,-1.428,5.8162
-12.8756,-1.382,5.9484
-12.8294,-1.405,5.8162
-12.8294,-1.428,5.8162
-12.8062,-1.428,5.8162
-12.76,-1.4971,5.684
-12.76,-1.4741,5.5518
-12.7138,-1.4741,5.5518
-12.6907,-1.4511,5.5518
-12.6675,-1.4511,5.5518
-12.6444,-1.5202,5.5518
-12.5751,-1.5662,5.684
-12.552,-1.5893,5.684
-12.5751,-1.6123,5.684
-12.5288,-1.6353,5.684
-12.5288,-1.5893,5.684
-12.552,-1.5893,5.5518
-12.5982,-1.6353,5.684
-12.6213,-1.6353,5.684
-12.5982,-1.6123,5.5518
-12.5751,-1.6123,5.684
-12.5982,-1.6353,5.684
-12.5982,-1.6584,5.684
-12.6213,-1.6584,5.684
-12.6675,-1.6814,5.684
-12.6675,-1.7044,5.684
-12.6907,-1.7275,5.684
-12.6907,-1.7275,5.684
-12.6675,-1.7505,5.5518
-12.6444,-1.7735,5.5518
-12.6213,-1.7505,5.684
-12.5982,-1.8196,5.5518
-12.5751,-1.8426,5.684
-12.5982,-1.8657,5.5518
-12.5751,-1.8887,5.5518
-12.5751,-1.8887,5.5518
-12.5751,-1.8657,5.684
-12.552,-1.8887,5.684
-12.552,-1.9117,5.5518
-12.5057,-1.9348,5.5518
-12.5288,-1.9578,5.5518
-12.5057,-1.9808,5.4196
-12.552,-1.9808,5.4196
-12.5288,-1.9348,5.5518
-12.5288,-1.9117,5.5518
-12.5057,-1.8657,5.5518
-12.5057,-1.8657,5.5518
-12.4826,-1.8196,5.4196
-12.4826,-1.8196,5.5518
-12.4595,-1.8196,5.5518
-12.4364,-1.7735,5.5518
-12.4133,-1.7505,5.5518
-12.3901,-1.7275,5.4196
-12.3439,-1.7275,5.5518
-12.3439,-1.7275,5.4196
-12.3208,-1.7275,5.4196
-12.3208,-1.7044,5.4196
-12.2746,-1.7275,5.4196
-12.2283,-1.6353,5.4196
-12.1821,-1.6353,5.4196
-12.1128,-1.5893,5.2875
-12.0665,-1.5893,5.2875
-12.0203,-1.6123,5.2875
-11.9509,-1.5893,5.1553
-11.8354,-1.5432,5.1553
-11.7891,-1.5202,5.1553
-11.7198,-1.5432,5.1553
-11.6042,-1.5432,5.1553
-11.4655,-1.5893,5.0231
-11.3037,-1.6123,4.8909
-11.1881,-1.6123,4.6265
-11.0032,-1.6123,4.7587
-10.8414,-1.5662,4.6265
-10.6796,-1.5893,4.7587
-10.4946,-1.6353,4.7587
-10.2635,-1.7044,4.4943
-9.963,-1.7505,4.3621
-9.6393,-1.8196,4.23
-9.2926,-1.8426,4.0978
-8.8765,-1.8196,3.9656
-8.4835,-1.8196,3.9656
-8.1599,-1.8657,3.8334
-7.7669,-1.9117,3.7012
-7.4202,-1.9117,3.569
-6.981,-2.0039,3.569
-6.5418,-2.073,3.3046
-6.0795,-2.119,3.0403
-5.6171,-2.1421,3.0403
-5.1779,-2.119,2.7759
-4.7619,-2.0499,2.6437
-4.392,-2.0269,2.6437
-4.1146,-1.9578,2.5115
-3.7447,-2.0269,2.5115
-3.3287,-2.1651,2.2471
-2.7739,-2.4415,1.9828
-2.196,-2.6949,1.9828
-1.595,-2.9022,1.8506
-1.1095,-2.9482,1.7184
-0.7165,-2.8791,1.5862
-0.3698,-2.8331,1.5862
-0.0693,-2.8561,1.454
0.208,-2.9252,1.5862
0.5085,-3.1095,1.454
0.9246,-3.2477,1.5862
1.3638,-3.4319,1.5862
1.8492,-3.5471,1.8506
2.2884,-3.6392,1.8506
2.7045,-3.6853,1.9828
3.0513,-3.6853,1.8506
3.3518,-3.7774,1.9828
3.6292,-3.9156,2.115
3.9528,-4.0769,1.9828
4.2995,-4.146,1.9828
4.6694,-4.169,2.115
5.0161,-4.146,2.115
5.3398,-4.0538,2.2471
5.594,-4.0308,2.3793
5.8252,-4.0538,2.3793
6.0101,-4.192,2.3793
6.195,-4.3303,2.3793
6.4031,-4.5606,2.7759
6.6343,-4.6988,2.6437
6.981,-4.86,2.7759
7.2584,-4.8831,2.9081
7.4202,-4.86,2.9081
7.6282,-4.86,3.1725
7.7669,-4.814,3.1725
7.9288,-4.7449,3.1725
8.0212,-4.6758,3.1725
8.1599,-4.7218,3.1725
8.2986,-4.7449,3.1725
8.4604,-4.7909,3.4368
8.6685,-4.9061,3.4368
8.8534,-4.9291,3.4368
9.0383,-4.9982,3.3046
9.2001,-5.1134,3.3046
9.4082,-5.2286,3.3046
9.6162,-5.3437,3.569
9.8012,-5.505,3.4368
9.963,-5.5971,3.4368
10.1479,-5.6892,3.4368
10.3097,-5.7814,3.4368
10.5177,-5.8965,3.569
10.772,-5.9656,3.8334
10.9801,-6.0117,3.8334
11.165,-5.9656,3.9656
11.3037,-5.8735,3.8334
11.4424,-5.8965,4.0978
11.5811,-5.8965,4.0978
11.6736,-5.9196,3.9656
11.8585,-5.9426,3.9656
12.0434,-6.0578,4.0978
12.2515,-6.0578,4.0978
12.4364,-6.0578,4.23
12.5751,-6.0117,4.23
12.6907,-6.0578,4.23
12.7831,-6.1499,4.3621
12.9912,-6.3342,4.23
13.153,-6.4263,4.23
13.361,-6.4724,4.3621
13.546,-6.4954,4.4943
13.7078,-6.4954,4.4943
13.8465,-6.4493,4.6265
13.9158,-6.4033,4.7587
13.962,-6.2651,4.8909
13.962,-6.1038,4.7587
13.9852,-5.9887,4.7587
14.0545,-6.0117,4.7587
14.1239,-6.1729,4.8909
14.2625,-6.3802,4.8909
14.3781,-6.4493,4.8909
14.5399,-6.4724,4.8909
14.7018,-6.4724,5.0231
14.8636,-6.4493,5.0231
15.0485,-6.4724,5.0231
15.1872,-6.4724,5.1553
15.3028,-6.4724,5.1553
15.3259,-6.5184,5.1553
15.349,-6.4493,5.2875
15.349,-6.2881,5.1553
15.3952,-6.1038,5.1553
15.4877,-5.9656,5.1553
15.5802,-5.9196,5.0231
15.6726,-5.8735,5.1553
15.7189,-5.8965,5.0231
15.7189,-5.9887,5.0231
15.7651,-6.0347,5.1553
15.8344,-6.0347,5.1553
15.9963,-6.1038,5.2875
16.0887,-6.1269,5.4196
16.2043,-6.1269,5.4196
16.2505,-6.1038,5.4196
16.3199,-6.0578,5.4196
16.3661,-6.0808,5.4196
16.3661,-6.1038,5.4196
16.3892,-6.0808,5.5518
16.4123,-6.0808,5.5518
16.3892,-5.9887,5.5518
16.4123,-5.8965,5.4196
16.4355,-5.8735,5.4196
16.5279,-6.0117,5.4196
16.5742,-6.196,5.684
16.5742,-6.3342,5.5518
16.5973,-6.4724,5.684
16.5973,-6.5415,5.684
16.6204,-6.6336,5.5518
16.6435,-6.7718,5.684
16.7128,-6.91,5.8162
16.8284,-7.0482,5.9484
16.9209,-7.1173,6.0806
16.9902,-7.1173,6.2128
17.0596,-7.2094,6.345
17.1289,-7.3707,6.2128
17.2214,-7.5089,6.2128
17.2676,-7.578,6.345
17.2907,-7.5319,6.345
17.2445,-7.3707,6.4771
17.1983,-7.1864,6.4771
17.1983,-7.1173,6.4771
17.2445,-7.1403,6.6093
17.2907,-7.2555,6.6093
17.2907,-7.3476,6.6093
17.3601,-7.4398,6.6093
17.4063,-7.5089,6.7415
17.4294,-7.5319,6.7415
17.5219,-7.5549,6.7415
17.5219,-7.5319,6.7415
17.5913,-7.5089,6.8737
17.6837,-7.578,6.8737
17.7531,-7.7162,7.0059
17.8687,-7.8313,7.0059
17.9611,-7.8313,7.0059
18.0536,-7.7853,7.0059
18.146,-7.7162,7.0059
18.2154,-7.7162,6.8737
18.2385,-7.6931,6.8737
18.2616,-7.6701,7.0059
18.2847,-7.6701,6.8737
18.331,-7.6701,6.8737
18.331,-7.7162,7.1381
18.4234,-7.7853,7.1381
18.4697,-7.8083,7.1381
18.5621,-7.7853,7.1381
18.6084,-7.7853,7.0059
18.7008,-7.8083,6.8737
18.7702,-7.8083,7.0059
18.7933,-7.7853,6.8737
18.7933,-7.6931,7.0059
18.8395,-7.578,7.0059
18.8858,-7.5319,7.0059
18.932,-7.601,7.0059
19.0476,-7.7162,6.8737
19.14,-7.8544,6.8737
19.1863,-7.8544,6.8737
19.1863,-7.7162,7.0059
19.1631,-7.601,7.0059
19.0707,-7.4858,6.8737
19.0476,-7.4398,6.8737
19.0476,-7.4628,6.8737
19.0013,-7.4628,6.8737
18.9782,-7.4858,6.8737
19.0476,-7.5089,6.7415
19.0938,-7.601,6.8737
19.2094,-7.7853,6.8737
19.3018,-7.9695,6.7415
19.3481,-8.0847,7.0059
19.4174,-8.1308,6.8737
19.4637,-8.1538,6.8737
19.533,-8.1538,6.8737
19.5792,-8.1077,7.0059
19.5561,-8.0386,6.8737
19.4174,-7.9235,7.1381
19.3712,-7.8313,6.8737
19.3943,-7.9004,7.0059
19.4868,-8.0156,7.0059
19.6255,-8.1999,7.1381
19.7642,-8.3611,7.1381
19.9953,-8.4302,7.1381
20.1571,-8.5224,7.2703
20.2727,-8.6606,7.2703
20.3421,-8.7297,7.1381
20.319,-8.6145,7.1381
20.2496,-8.4072,7.1381
20.2958,-8.315,7.1381
20.3652,-8.3611,7.2703
20.4576,-8.5224,7.2703
20.5732,-8.6606,7.2703
20.6888,-8.8218,7.4025
20.8044,-8.9139,7.4025
20.8737,-8.9139,7.4025
20.8506,-8.8909,7.4025
20.8044,-8.8448,7.4025
20.7813,-8.8448,7.4025
20.7813,-8.8448,7.5346
20.7813,-8.7988,7.5346
20.8044,-8.7527,7.4025
20.735,-8.6375,7.5346
20.6888,-8.5684,7.5346
20.6426,-8.6145,7.4025
20.4576,-8.7066,7.5346
20.319,-8.7988,7.4025
20.2958,-8.8448,7.4025
20.319,-9.0061,7.5346
20.4345,-9.1903,7.4025
20.4808,-9.3055,7.4025
20.527,-9.3746,7.4025
20.6195,-9.3976,7.2703
20.6657,-9.4667,7.4025
20.6195,-9.4667,7.5346
20.6195,-9.4437,7.5346
20.6195,-9.3976,7.2703
20.8044,-9.4667,7.5346
20.9431,-9.628,7.5346
21.0124,-9.651,7.5346
20.9893,-9.4898,7.6668
20.8506,-9.2134,7.5346
20.6657,-9.0752,7.4025
20.527,-9.0752,7.2703
20.5039,-9.1673,7.4025
20.4808,-9.2364,7.5346
20.4114,-9.1673,7.4025
20.319,-9.0521,7.4025
20.2265,-8.937,7.4025
20.134,-8.96,7.1381
20.1571,-9.1673,7.1381
20.134,-9.3746,7.2703
20.0878,-9.4667,7.0059
20.1109,-9.4667,7.1381
20.1571,-9.4898,7.1381
20.1571,-9.5589,7.0059
20.1803,-9.628,7.1381
20.134,-9.6049,7.0059
20.1571,-9.4667,7.0059
20.1803,-9.3285,7.0059
20.2496,-9.3055,7.1381
20.2727,-9.2134,7.1381
20.2034,-9.0752,7.0059
20.0878,-8.8218,7.0059
19.9722,-8.6836,7.0059
19.9491,-8.6836,7.0059
19.926,-8.7527,6.8737
19.8566,-8.8679,7.1381
19.8104,-8.7757,7.0059
19.7179,-8.5684,7.0059
19.533,-8.4072,7.0059
19.4405,-8.4532,6.8737
19.3943,-8.7297,6.7415
19.4637,-9.0521,6.8737
19.5561,-9.2825,6.7415
19.6255,-9.3055,6.8737
19.7642,-9.2825,7.0059
19.8797,-9.2594,7.1381
19.9491,-9.1903,7.1381
19.9953,-9.1673,7.2703
19.9722,-9.1212,7.2703
19.9029,-9.0521,7.2703
19.8797,-8.937,7.1381
19.7873,-8.8218,7.1381
19.6717,-8.7297,7.1381
19.5792,-8.6606,7.0059
19.533,-8.5684,6.8737
19.5099,-8.5684,6.8737
19.4405,-8.6145,6.8737
19.3943,-8.6145,6.8737
19.325,-8.5454,6.7415
19.3481,-8.4532,6.7415
19.4174,-8.5224,6.8737
19.4174,-8.6375,7.0059
19.4637,-8.7757,7.0059
19.4174,-8.7527,7.1381
19.4405,-8.6606,7.0059
19.5099,-8.5915,7.0059
19.5561,-8.5915,7.1381
19.5792,-8.6836,7.0059
19.5561,-8.7527,7.0059
19.4637,-8.6836,7.0059
19.3943,-8.4993,7.0059
19.325,-8.315,7.0059
19.3481,-8.292,7.0059
19.4174,-8.4302,7.0059
19.4405,-8.5224,6.8737
19.3943,-8.4993,7.0059
19.3481,-8.315,7.0059
19.2325,-8.0156,6.8737
19.1863,-7.9004,6.8737
19.1631,-7.9695,6.7415
19.1863,-8.1077,6.7415
19.1631,-8.1999,6.8737
19.1631,-8.1768,6.8737
19.1631,-8.1538,6.8737
19.2094,-8.1538,6.8737
19.3481,-8.292,6.8737
19.4174,-8.4072,7.0059
19.4637,-8.3841,6.8737
19.4637,-8.1768,7.1381
19.3943,-8.0156,7.0059
19.325,-7.9004,7.0059
19.3481,-7.8544,7.1381
19.3481,-7.8313,7.1381
19.3481,-7.8083,7.2703
19.3943,-7.7853,7.2703
19.4405,-7.7853,7.4025
19.4868,-7.8774,7.2703
19.533,-7.9695,7.1381
19.4868,-8.0156,7.1381
19.4868,-8.0156,7.0059
19.4174,-7.9465,7.0059
19.4868,-7.9465,7.0059
19.6024,-8.1538,7.1381
19.6948,-8.3611,7.2703
19.7873,-8.4763,7.2703
19.7873,-8.3841,7.2703
19.7873,-8.269,7.2703
19.7411,-8.1538,7.2703
19.6948,-8.1077,7.2703
19.6255,-8.0156,7.2703
19.5561,-7.9465,7.2703
19.4405,-7.8083,7.1381
19.4174,-7.7853,7.1381
19.3943,-7.8774,7.1381
19.4637,-8.1077,7.0059
19.4405,-8.292,7.1381
19.4637,-8.315,7.2703
19.533,-8.269,7.0059
19.6024,-8.3381,7.1381
19.6486,-8.5684,7.1381
19.7642,-8.6836,7.1381
19.8335,-8.7297,7.2703
19.8566,-8.7066,7.2703
19.8335,-8.6145,7.4025
19.9029,-8.6145,7.4025
19.926,-8.6836,7.4025
20.0647,-8.7757,7.4025
20.1571,-8.8448,7.4025
20.2265,-8.9139,7.4025
20.2265,-8.8218,7.2703
20.0878,-8.5684,7.4025
20.0184,-8.3841,7.4025
19.9953,-8.4072,7.4025
20.0184,-8.5224,7.5346
20.0878,-8.7527,7.5346
20.1571,-8.9139,7.6668
20.2034,-8.8909,7.6668
20.2265,-8.8218,7.6668
20.2034,-8.7066,7.5346
20.1803,-8.7297,7.6668
20.2265,-8.7988,7.5346
20.2958,-8.7988,7.6668
20.3421,-8.7527,7.6668
20.3652,-8.7066,7.6668
20.3883,-8.7757,7.5346
20.4345,-8.8679,7.6668
20.527,-8.8909,7.6668
20.5732,-8.7988,7.6668
20.5501,-8.5454,7.799
20.5963,-8.315,7.799
20.5501,-8.1538,7.6668
20.5039,-8.0847,7.6668
20.4345,-7.9695,7.6668
20.319,-7.8313,7.6668
20.2265,-7.6701,7.6668
20.2265,-7.6931,7.799
20.2265,-7.7853,7.799
20.2496,-7.8313,7.6668
20.2727,-7.8313,7.6668
20.2727,-7.8083,7.6668
20.2727,-7.8544,7.6668
20.2496,-7.9235,7.6668
20.2265,-7.9465,7.799
20.2265,-7.9695,7.9312
20.2265,-8.0386,7.799
20.319,-8.1538,7.799
20.2958,-8.1768,7.6668
20.2496,-8.0617,7.799
20.1571,-7.9465,7.799
20.134,-7.9235,7.6668
20.134,-7.9465,7.6668
20.1109,-7.9695,7.5346
20.0416,-7.9695,7.6668
19.9491,-7.9004,7.5346
19.8797,-7.7853,7.5346
19.8566,-7.8083,7.6668
19.9029,-7.8544,7.6668
19.9491,-7.9695,7.799
19.9491,-8.1077,7.6668
19.9722,-8.0847,7.6668
20.0184,-8.0617,7.6668
20.0184,-8.0156,7.799
20.0416,-8.0156,7.799
20.0647,-8.0386,7.799
20.0416,-7.9465,7.9312
19.926,-7.7853,7.9312
19.8566,-7.624,7.799
19.8566,-7.624,7.9312
